INFO:     Started server process [5684]
INFO:     Waiting for application startup.
INFO:     app.services.ml.inference — loaded ML artifact model_id=s1_xgb_v2_c430d22dd1ab.NOT_PROMOTED schema_v=2 promoted=False features=19
INFO:     app.main — startup check OK — ML artifact loaded: model_id=s1_xgb_v2_c430d22dd1ab.NOT_PROMOTED promoted=False
INFO:     apscheduler.scheduler — Adding job tentatively -- it will be properly scheduled when the scheduler starts
INFO:     apscheduler.scheduler — Adding job tentatively -- it will be properly scheduled when the scheduler starts
INFO:     apscheduler.scheduler — Adding job tentatively -- it will be properly scheduled when the scheduler starts
INFO:     apscheduler.scheduler — Adding job tentatively -- it will be properly scheduled when the scheduler starts
INFO:     apscheduler.scheduler — Adding job tentatively -- it will be properly scheduled when the scheduler starts
INFO:     apscheduler.scheduler — Adding job tentatively -- it will be properly scheduled when the scheduler starts
INFO:     apscheduler.scheduler — Adding job tentatively -- it will be properly scheduled when the scheduler starts
INFO:     apscheduler.scheduler — Adding job tentatively -- it will be properly scheduled when the scheduler starts
INFO:     apscheduler.scheduler — Added job "_weekly_chain" to job store "default"
INFO:     apscheduler.scheduler — Added job "_daily_circuit_breaker" to job store "default"
INFO:     apscheduler.scheduler — Added job "_make_trailing_window_job.<locals>._job" to job store "default"
INFO:     apscheduler.scheduler — Added job "_make_candle_close_job.<locals>._job" to job store "default"
INFO:     apscheduler.scheduler — Added job "_make_candle_refresh_job.<locals>._job" to job store "default"
INFO:     apscheduler.scheduler — Added job "_shadow_resolver" to job store "default"
INFO:     apscheduler.scheduler — Added job "_weekly_fundamentals" to job store "default"
INFO:     apscheduler.scheduler — Added job "_intraday_fundamentals" to job store "default"
INFO:     apscheduler.scheduler — Scheduler started
INFO:     app.services.scheduler — scheduler started; jobs: weekly_chain (Sun 00:00), daily_circuit_breaker (00:00), weekly_fundamentals (Sun 22:00), intraday_fundamentals (*/4h), shadow_outcome_resolver (*/1h at :35), candle jobs: M1@*:20 (trailing 6h B/A), H4@1,5,9,13,17,21:01, D@23:05 (refresh-only)
INFO:     app.services.price_stream — price stream starting for 10 instruments
INFO:     app.main — price stream started for 10 instruments
INFO:     Application startup complete.
INFO:     Uvicorn running on http://127.0.0.1:8000 (Press CTRL+C to quit)
INFO:     httpx — HTTP Request: GET https://stream-fxpractice.oanda.com/v3/accounts/101-003-39159710-001/pricing/stream?instruments=EUR_USD%2CUSD_CHF%2CEUR_JPY%2CUSD_JPY%2CGBP_JPY%2CAUD_USD%2CGBP_USD%2CUSD_CAD%2CEUR_GBP%2CNZD_USD&snapshot=true "HTTP/1.1 307 Temporary Redirect"
INFO:     httpx — HTTP Request: GET https://stream-fxpractice.oanda.com/v3/accounts/101-003-39159710-001/pricing/stream?instruments=EUR_USD%2CUSD_CHF%2CEUR_JPY%2CUSD_JPY%2CGBP_JPY%2CAUD_USD%2CGBP_USD%2CUSD_CAD%2CEUR_GBP%2CNZD_USD&snapshot=true "HTTP/1.1 200 OK"
INFO:     apscheduler.executors.default — Running job "_shadow_resolver (trigger: cron[hour='*/1', minute='35'], next run at: 2026-08-25 20:35:00 UTC)" (scheduled at 2026-08-25 19:35:00+00:00)
INFO:     app.services.shadow.resolver — shadow resolved: trade id=21096 BUY decision=take rr=-0.692 outcome=loss reason=time_exit (FORCED past closure cap)
INFO:     app.services.shadow.resolver — shadow resolved: trade id=21097 SELL decision=skip rr=-0.707 outcome=loss reason=time_exit (FORCED past closure cap)
INFO:     app.services.shadow.resolver — shadow resolved: trade id=21098 BUY decision=take rr=-1.000 outcome=loss reason=sl_hit (FORCED past closure cap)
INFO:     app.services.shadow.resolver — shadow resolved: trade id=21099 BUY decision=take rr=-0.350 outcome=loss reason=time_exit (FORCED past closure cap)
INFO:     app.services.shadow.resolver — shadow resolved: trade id=21100 SELL decision=skip rr=0.508 outcome=win reason=time_exit (FORCED past closure cap)
INFO:     app.services.shadow.resolver — shadow resolver: {'checked': 5, 'resolved': 5, 'not_yet': 0, 'forced': 5, 'no_atr': 0, 'failed': 0, 'still_pending': 0, 'by_outcome': {'win': 1, 'loss': 4, 'breakeven': 0}, 'by_decision': {'take': 3, 'skip': 2, 'unscored': 0}}
INFO:     app.services.scheduler — scheduled shadow resolver: {'checked': 5, 'resolved': 5, 'not_yet': 0, 'forced': 5, 'no_atr': 0, 'failed': 0, 'still_pending': 0, 'by_outcome': {'win': 1, 'loss': 4, 'breakeven': 0}, 'by_decision': {'take': 3, 'skip': 2, 'unscored': 0}}
INFO:     apscheduler.executors.default — Job "_shadow_resolver (trigger: cron[hour='*/1', minute='35'], next run at: 2026-08-25 20:35:00 UTC)" executed successfully
WARNING:     app.services.price_stream — price stream disconnected (failure 1/10 before escalation): no data (price or heartbeat) from the OANDA pricing stream for 30s (STREAM_HEARTBEAT_TIMEOUT_SECONDS) — treating the connection as dead and forcing a reconnect — retrying in 5s
INFO:     httpx — HTTP Request: GET https://stream-fxpractice.oanda.com/v3/accounts/101-003-39159710-001/pricing/stream?instruments=EUR_USD%2CUSD_CHF%2CEUR_JPY%2CUSD_JPY%2CGBP_JPY%2CAUD_USD%2CGBP_USD%2CUSD_CAD%2CEUR_GBP%2CNZD_USD&snapshot=true "HTTP/1.1 200 OK"
INFO:     app.services.price_stream — price stream RECOVERED after 1 consecutive failure(s) (down 0.1 min)
WARNING:     apscheduler.executors.default — Run time of job "_intraday_fundamentals (trigger: cron[hour='*/4', minute='15'], next run at: 2026-08-26 04:15:00 UTC)" was missed by 2:08:00.076667
INFO:     apscheduler.executors.default — Running job "_make_trailing_window_job.<locals>._job (trigger: cron[hour='*', minute='20'], next run at: 2026-08-25 20:20:00 UTC)" (scheduled at 2026-08-26 02:20:00+00:00)
WARNING:     apscheduler.executors.default — Run time of job "_shadow_resolver (trigger: cron[hour='*/1', minute='35'], next run at: 2026-08-26 02:35:00 UTC)" was missed by 0:48:00.126318
WARNING:     apscheduler.executors.default — Run time of job "_make_candle_close_job.<locals>._job (trigger: cron[hour='1,5,9,13,17,21', minute='1'], next run at: 2026-08-25 21:01:00 UTC)" was missed by 1:22:00.138432
WARNING:     apscheduler.executors.default — Run time of job "_make_candle_refresh_job.<locals>._job (trigger: cron[hour='23', minute='5'], next run at: 2026-08-26 23:05:00 UTC)" was missed by 3:18:00.205158
WARNING:     apscheduler.executors.default — Run time of job "_daily_circuit_breaker (trigger: cron[hour='0', minute='0'], next run at: 2026-08-27 00:00:00 UTC)" was missed by 2:23:00.205537
INFO:     httpx — HTTP Request: GET https://api-fxpractice.oanda.com/v3/instruments/EUR_USD/candles?granularity=M1&from=2026-08-25T20%3A23%3A00Z&to=2026-08-26T02%3A23%3A00Z&price=B "HTTP/1.1 200 OK"
INFO:     httpx — HTTP Request: GET https://api-fxpractice.oanda.com/v3/instruments/EUR_USD/candles?granularity=M1&from=2026-08-25T20%3A23%3A00Z&to=2026-08-26T02%3A23%3A00Z&price=A "HTTP/1.1 200 OK"
INFO:     httpx — HTTP Request: GET https://api-fxpractice.oanda.com/v3/instruments/USD_CHF/candles?granularity=M1&from=2026-08-25T20%3A23%3A00Z&to=2026-08-26T02%3A23%3A00Z&price=B "HTTP/1.1 200 OK"
INFO:     httpx — HTTP Request: GET https://api-fxpractice.oanda.com/v3/instruments/USD_CHF/candles?granularity=M1&from=2026-08-25T20%3A23%3A00Z&to=2026-08-26T02%3A23%3A00Z&price=A "HTTP/1.1 200 OK"
INFO:     httpx — HTTP Request: GET https://api-fxpractice.oanda.com/v3/instruments/EUR_JPY/candles?granularity=M1&from=2026-08-25T20%3A23%3A00Z&to=2026-08-26T02%3A23%3A00Z&price=B "HTTP/1.1 200 OK"
INFO:     httpx — HTTP Request: GET https://api-fxpractice.oanda.com/v3/instruments/EUR_JPY/candles?granularity=M1&from=2026-08-25T20%3A23%3A00Z&to=2026-08-26T02%3A23%3A00Z&price=A "HTTP/1.1 200 OK"
INFO:     httpx — HTTP Request: GET https://api-fxpractice.oanda.com/v3/instruments/USD_JPY/candles?granularity=M1&from=2026-08-25T20%3A23%3A00Z&to=2026-08-26T02%3A23%3A00Z&price=B "HTTP/1.1 200 OK"
INFO:     httpx — HTTP Request: GET https://api-fxpractice.oanda.com/v3/instruments/USD_JPY/candles?granularity=M1&from=2026-08-25T20%3A23%3A00Z&to=2026-08-26T02%3A23%3A00Z&price=A "HTTP/1.1 200 OK"
INFO:     httpx — HTTP Request: GET https://api-fxpractice.oanda.com/v3/instruments/GBP_JPY/candles?granularity=M1&from=2026-08-25T20%3A23%3A00Z&to=2026-08-26T02%3A23%3A00Z&price=B "HTTP/1.1 200 OK"
INFO:     httpx — HTTP Request: GET https://api-fxpractice.oanda.com/v3/instruments/GBP_JPY/candles?granularity=M1&from=2026-08-25T20%3A23%3A00Z&to=2026-08-26T02%3A23%3A00Z&price=A "HTTP/1.1 200 OK"
INFO:     httpx — HTTP Request: GET https://api-fxpractice.oanda.com/v3/instruments/AUD_USD/candles?granularity=M1&from=2026-08-25T20%3A23%3A00Z&to=2026-08-26T02%3A23%3A00Z&price=B "HTTP/1.1 200 OK"
INFO:     httpx — HTTP Request: GET https://api-fxpractice.oanda.com/v3/instruments/AUD_USD/candles?granularity=M1&from=2026-08-25T20%3A23%3A00Z&to=2026-08-26T02%3A23%3A00Z&price=A "HTTP/1.1 200 OK"
INFO:     httpx — HTTP Request: GET https://api-fxpractice.oanda.com/v3/instruments/GBP_USD/candles?granularity=M1&from=2026-08-25T20%3A23%3A00Z&to=2026-08-26T02%3A23%3A00Z&price=B "HTTP/1.1 200 OK"
INFO:     httpx — HTTP Request: GET https://api-fxpractice.oanda.com/v3/instruments/GBP_USD/candles?granularity=M1&from=2026-08-25T20%3A23%3A00Z&to=2026-08-26T02%3A23%3A00Z&price=A "HTTP/1.1 200 OK"
INFO:     httpx — HTTP Request: GET https://api-fxpractice.oanda.com/v3/instruments/USD_CAD/candles?granularity=M1&from=2026-08-25T20%3A23%3A00Z&to=2026-08-26T02%3A23%3A00Z&price=B "HTTP/1.1 200 OK"
INFO:     httpx — HTTP Request: GET https://api-fxpractice.oanda.com/v3/instruments/USD_CAD/candles?granularity=M1&from=2026-08-25T20%3A23%3A00Z&to=2026-08-26T02%3A23%3A00Z&price=A "HTTP/1.1 200 OK"
INFO:     httpx — HTTP Request: GET https://api-fxpractice.oanda.com/v3/instruments/EUR_GBP/candles?granularity=M1&from=2026-08-25T20%3A23%3A00Z&to=2026-08-26T02%3A23%3A00Z&price=B "HTTP/1.1 200 OK"
INFO:     httpx — HTTP Request: GET https://api-fxpractice.oanda.com/v3/instruments/EUR_GBP/candles?granularity=M1&from=2026-08-25T20%3A23%3A00Z&to=2026-08-26T02%3A23%3A00Z&price=A "HTTP/1.1 200 OK"
INFO:     httpx — HTTP Request: GET https://api-fxpractice.oanda.com/v3/instruments/NZD_USD/candles?granularity=M1&from=2026-08-25T20%3A23%3A00Z&to=2026-08-26T02%3A23%3A00Z&price=B "HTTP/1.1 200 OK"
INFO:     httpx — HTTP Request: GET https://api-fxpractice.oanda.com/v3/instruments/NZD_USD/candles?granularity=M1&from=2026-08-25T20%3A23%3A00Z&to=2026-08-26T02%3A23%3A00Z&price=A "HTTP/1.1 200 OK"
INFO:     app.services.pipeline — trailing window refresh complete: {'granularity': 'M1', 'price_types': ['B', 'A'], 'window_start': '2026-08-25T20:23:00.106152+00:00', 'window_end': '2026-08-26T02:23:00.106152+00:00', 'lookback_hours': 6, 'fetched': 7026, 'instruments': 10, 'errors': 0}
INFO:     apscheduler.executors.default — Job "_make_trailing_window_job.<locals>._job (trigger: cron[hour='*', minute='20'], next run at: 2026-08-26 03:20:00 UTC)" executed successfully
INFO:     apscheduler.executors.default — Running job "_shadow_resolver (trigger: cron[hour='*/1', minute='35'], next run at: 2026-08-26 03:35:00 UTC)" (scheduled at 2026-08-26 02:35:00+00:00)
INFO:     app.services.shadow.resolver — shadow resolver: {'checked': 0, 'resolved': 0, 'not_yet': 0, 'forced': 0, 'no_atr': 0, 'failed': 0, 'still_pending': 0, 'by_outcome': {'win': 0, 'loss': 0, 'breakeven': 0}, 'by_decision': {'take': 0, 'skip': 0, 'unscored': 0}}
INFO:     app.services.scheduler — scheduled shadow resolver: {'checked': 0, 'resolved': 0, 'not_yet': 0, 'forced': 0, 'no_atr': 0, 'failed': 0, 'still_pending': 0, 'by_outcome': {'win': 0, 'loss': 0, 'breakeven': 0}, 'by_decision': {'take': 0, 'skip': 0, 'unscored': 0}}
INFO:     apscheduler.executors.default — Job "_shadow_resolver (trigger: cron[hour='*/1', minute='35'], next run at: 2026-08-26 03:35:00 UTC)" executed successfully
INFO:     apscheduler.executors.default — Running job "_make_trailing_window_job.<locals>._job (trigger: cron[hour='*', minute='20'], next run at: 2026-08-26 04:20:00 UTC)" (scheduled at 2026-08-26 03:20:00+00:00)
INFO:     httpx — HTTP Request: GET https://api-fxpractice.oanda.com/v3/instruments/EUR_USD/candles?granularity=M1&from=2026-08-25T21%3A20%3A00Z&to=2026-08-26T03%3A20%3A00Z&price=B "HTTP/1.1 200 OK"
INFO:     httpx — HTTP Request: GET https://api-fxpractice.oanda.com/v3/instruments/EUR_USD/candles?granularity=M1&from=2026-08-25T21%3A20%3A00Z&to=2026-08-26T03%3A20%3A00Z&price=A "HTTP/1.1 200 OK"
INFO:     httpx — HTTP Request: GET https://api-fxpractice.oanda.com/v3/instruments/USD_CHF/candles?granularity=M1&from=2026-08-25T21%3A20%3A00Z&to=2026-08-26T03%3A20%3A00Z&price=B "HTTP/1.1 200 OK"
INFO:     httpx — HTTP Request: GET https://api-fxpractice.oanda.com/v3/instruments/USD_CHF/candles?granularity=M1&from=2026-08-25T21%3A20%3A00Z&to=2026-08-26T03%3A20%3A00Z&price=A "HTTP/1.1 200 OK"
INFO:     httpx — HTTP Request: GET https://api-fxpractice.oanda.com/v3/instruments/EUR_JPY/candles?granularity=M1&from=2026-08-25T21%3A20%3A00Z&to=2026-08-26T03%3A20%3A00Z&price=B "HTTP/1.1 200 OK"
INFO:     httpx — HTTP Request: GET https://api-fxpractice.oanda.com/v3/instruments/EUR_JPY/candles?granularity=M1&from=2026-08-25T21%3A20%3A00Z&to=2026-08-26T03%3A20%3A00Z&price=A "HTTP/1.1 200 OK"
INFO:     httpx — HTTP Request: GET https://api-fxpractice.oanda.com/v3/instruments/USD_JPY/candles?granularity=M1&from=2026-08-25T21%3A20%3A00Z&to=2026-08-26T03%3A20%3A00Z&price=B "HTTP/1.1 200 OK"
INFO:     httpx — HTTP Request: GET https://api-fxpractice.oanda.com/v3/instruments/USD_JPY/candles?granularity=M1&from=2026-08-25T21%3A20%3A00Z&to=2026-08-26T03%3A20%3A00Z&price=A "HTTP/1.1 200 OK"
INFO:     httpx — HTTP Request: GET https://api-fxpractice.oanda.com/v3/instruments/GBP_JPY/candles?granularity=M1&from=2026-08-25T21%3A20%3A00Z&to=2026-08-26T03%3A20%3A00Z&price=B "HTTP/1.1 200 OK"
INFO:     httpx — HTTP Request: GET https://api-fxpractice.oanda.com/v3/instruments/GBP_JPY/candles?granularity=M1&from=2026-08-25T21%3A20%3A00Z&to=2026-08-26T03%3A20%3A00Z&price=A "HTTP/1.1 200 OK"
INFO:     httpx — HTTP Request: GET https://api-fxpractice.oanda.com/v3/instruments/AUD_USD/candles?granularity=M1&from=2026-08-25T21%3A20%3A00Z&to=2026-08-26T03%3A20%3A00Z&price=B "HTTP/1.1 200 OK"
INFO:     httpx — HTTP Request: GET https://api-fxpractice.oanda.com/v3/instruments/AUD_USD/candles?granularity=M1&from=2026-08-25T21%3A20%3A00Z&to=2026-08-26T03%3A20%3A00Z&price=A "HTTP/1.1 200 OK"
INFO:     httpx — HTTP Request: GET https://api-fxpractice.oanda.com/v3/instruments/GBP_USD/candles?granularity=M1&from=2026-08-25T21%3A20%3A00Z&to=2026-08-26T03%3A20%3A00Z&price=B "HTTP/1.1 200 OK"
INFO:     httpx — HTTP Request: GET https://api-fxpractice.oanda.com/v3/instruments/GBP_USD/candles?granularity=M1&from=2026-08-25T21%3A20%3A00Z&to=2026-08-26T03%3A20%3A00Z&price=A "HTTP/1.1 200 OK"
INFO:     httpx — HTTP Request: GET https://api-fxpractice.oanda.com/v3/instruments/USD_CAD/candles?granularity=M1&from=2026-08-25T21%3A20%3A00Z&to=2026-08-26T03%3A20%3A00Z&price=B "HTTP/1.1 200 OK"
INFO:     httpx — HTTP Request: GET https://api-fxpractice.oanda.com/v3/instruments/USD_CAD/candles?granularity=M1&from=2026-08-25T21%3A20%3A00Z&to=2026-08-26T03%3A20%3A00Z&price=A "HTTP/1.1 200 OK"
INFO:     httpx — HTTP Request: GET https://api-fxpractice.oanda.com/v3/instruments/EUR_GBP/candles?granularity=M1&from=2026-08-25T21%3A20%3A00Z&to=2026-08-26T03%3A20%3A00Z&price=B "HTTP/1.1 200 OK"
INFO:     httpx — HTTP Request: GET https://api-fxpractice.oanda.com/v3/instruments/EUR_GBP/candles?granularity=M1&from=2026-08-25T21%3A20%3A00Z&to=2026-08-26T03%3A20%3A00Z&price=A "HTTP/1.1 200 OK"
INFO:     httpx — HTTP Request: GET https://api-fxpractice.oanda.com/v3/instruments/NZD_USD/candles?granularity=M1&from=2026-08-25T21%3A20%3A00Z&to=2026-08-26T03%3A20%3A00Z&price=B "HTTP/1.1 200 OK"
INFO:     httpx — HTTP Request: GET https://api-fxpractice.oanda.com/v3/instruments/NZD_USD/candles?granularity=M1&from=2026-08-25T21%3A20%3A00Z&to=2026-08-26T03%3A20%3A00Z&price=A "HTTP/1.1 200 OK"
INFO:     app.services.pipeline — trailing window refresh complete: {'granularity': 'M1', 'price_types': ['B', 'A'], 'window_start': '2026-08-25T21:20:00.148830+00:00', 'window_end': '2026-08-26T03:20:00.148830+00:00', 'lookback_hours': 6, 'fetched': 1136, 'instruments': 10, 'errors': 0}
INFO:     apscheduler.executors.default — Job "_make_trailing_window_job.<locals>._job (trigger: cron[hour='*', minute='20'], next run at: 2026-08-26 04:20:00 UTC)" executed successfully
INFO:     apscheduler.executors.default — Running job "_shadow_resolver (trigger: cron[hour='*/1', minute='35'], next run at: 2026-08-26 04:35:00 UTC)" (scheduled at 2026-08-26 03:35:00+00:00)
INFO:     app.services.shadow.resolver — shadow resolver: {'checked': 0, 'resolved': 0, 'not_yet': 0, 'forced': 0, 'no_atr': 0, 'failed': 0, 'still_pending': 0, 'by_outcome': {'win': 0, 'loss': 0, 'breakeven': 0}, 'by_decision': {'take': 0, 'skip': 0, 'unscored': 0}}
INFO:     app.services.scheduler — scheduled shadow resolver: {'checked': 0, 'resolved': 0, 'not_yet': 0, 'forced': 0, 'no_atr': 0, 'failed': 0, 'still_pending': 0, 'by_outcome': {'win': 0, 'loss': 0, 'breakeven': 0}, 'by_decision': {'take': 0, 'skip': 0, 'unscored': 0}}
INFO:     apscheduler.executors.default — Job "_shadow_resolver (trigger: cron[hour='*/1', minute='35'], next run at: 2026-08-26 04:35:00 UTC)" executed successfully
WARNING:     app.services.price_stream — price stream disconnected (failure 1/10 before escalation): no data (price or heartbeat) from the OANDA pricing stream for 30s (STREAM_HEARTBEAT_TIMEOUT_SECONDS) — treating the connection as dead and forcing a reconnect — retrying in 5s
INFO:     httpx — HTTP Request: GET https://stream-fxpractice.oanda.com/v3/accounts/101-003-39159710-001/pricing/stream?instruments=EUR_USD%2CUSD_CHF%2CEUR_JPY%2CUSD_JPY%2CGBP_JPY%2CAUD_USD%2CGBP_USD%2CUSD_CAD%2CEUR_GBP%2CNZD_USD&snapshot=true "HTTP/1.1 200 OK"
INFO:     app.services.price_stream — price stream RECOVERED after 1 consecutive failure(s) (down 0.3 min)
WARNING:     apscheduler.executors.default — Run time of job "_intraday_fundamentals (trigger: cron[hour='*/4', minute='15'], next run at: 2026-08-26 08:15:00 UTC)" was missed by 0:43:30.658548
WARNING:     apscheduler.executors.default — Run time of job "_make_trailing_window_job.<locals>._job (trigger: cron[hour='*', minute='20'], next run at: 2026-08-26 05:20:00 UTC)" was missed by 0:38:30.671374
WARNING:     apscheduler.executors.default — Run time of job "_shadow_resolver (trigger: cron[hour='*/1', minute='35'], next run at: 2026-08-26 05:35:00 UTC)" was missed by 0:23:30.673316
INFO:     apscheduler.executors.default — Running job "_make_candle_close_job.<locals>._job (trigger: cron[hour='1,5,9,13,17,21', minute='1'], next run at: 2026-08-26 09:01:00 UTC)" (scheduled at 2026-08-26 05:01:00+00:00)
INFO:     httpx — HTTP Request: GET https://api-fxpractice.oanda.com/v3/instruments/EUR_USD/candles?granularity=H4&from=2026-08-05T13%3A00%3A00Z&to=2026-08-26T05%3A01%3A00Z&price=M "HTTP/1.1 200 OK"
INFO:     httpx — HTTP Request: GET https://api-fxpractice.oanda.com/v3/accounts/101-003-39159710-001/pricing?instruments=EUR_USD&includeHomeConversions=true "HTTP/1.1 200 OK"
INFO:     app.services.pipeline — signal approved: EUR_USD H4 BUY score=3 units=704
WARNING:     app.services.shadow.recorder — shadow: EUR_USD @ 2026-08-26 05:00:01 has 6/19 NaN model-core features (max 0) — row is RECORDED but is NOT comparable to the training corpus; check macro feed freshness. NaN keys: us_2s10s, vix, vix_change_5d, us_real_10y, wti, wti_change_20d
INFO:     app.services.shadow.recorder — shadow recorded: EUR_USD H4 BUY p=0.1144 decision=skip risk=pass model=s1_xgb_v2_c430d22dd1ab.NOT_PROMOTED nan_model_features=6
INFO:     httpx — HTTP Request: GET https://api-fxpractice.oanda.com/v3/instruments/USD_CHF/candles?granularity=H4&from=2026-08-05T13%3A00%3A00Z&to=2026-08-26T05%3A01%3A07Z&price=M "HTTP/1.1 200 OK"
INFO:     httpx — HTTP Request: GET https://api-fxpractice.oanda.com/v3/accounts/101-003-39159710-001/pricing?instruments=USD_CHF&includeHomeConversions=true "HTTP/1.1 200 OK"
INFO:     app.services.pipeline — signal approved: USD_CHF H4 BUY score=3 units=485
WARNING:     app.services.shadow.recorder — shadow: USD_CHF @ 2026-08-26 05:00:01 has 7/19 NaN model-core features (max 0) — row is RECORDED but is NOT comparable to the training corpus; check macro feed freshness. NaN keys: us_2s10s, policy_rate_differential, vix, vix_change_5d, us_real_10y, wti, wti_change_20d
INFO:     app.services.shadow.recorder — shadow recorded: USD_CHF H4 BUY p=0.1874 decision=skip risk=pass model=s1_xgb_v2_c430d22dd1ab.NOT_PROMOTED nan_model_features=7
INFO:     httpx — HTTP Request: GET https://api-fxpractice.oanda.com/v3/instruments/EUR_JPY/candles?granularity=H4&from=2026-08-05T13%3A00%3A00Z&to=2026-08-26T05%3A01%3A10Z&price=M "HTTP/1.1 200 OK"
INFO:     app.services.pipeline — signal rejected: EUR_JPY reason=INSUFFICIENT_RR
WARNING:     app.services.shadow.recorder — shadow: EUR_JPY @ 2026-08-26 05:00:01 has 6/19 NaN model-core features (max 0) — row is RECORDED but is NOT comparable to the training corpus; check macro feed freshness. NaN keys: us_2s10s, vix, vix_change_5d, us_real_10y, wti, wti_change_20d
INFO:     app.services.shadow.recorder — shadow recorded: EUR_JPY H4 SELL p=0.2262 decision=skip risk=reject:INSUFFICIENT_RR model=s1_xgb_v2_c430d22dd1ab.NOT_PROMOTED nan_model_features=6
INFO:     httpx — HTTP Request: GET https://api-fxpractice.oanda.com/v3/instruments/USD_JPY/candles?granularity=H4&from=2026-08-05T13%3A00%3A00Z&to=2026-08-26T05%3A01%3A12Z&price=M "HTTP/1.1 200 OK"
INFO:     httpx — HTTP Request: GET https://api-fxpractice.oanda.com/v3/accounts/101-003-39159710-001/pricing?instruments=USD_JPY&includeHomeConversions=true "HTTP/1.1 200 OK"
INFO:     app.services.pipeline — signal approved: USD_JPY H4 SELL score=3 units=586
WARNING:     app.services.shadow.recorder — shadow: USD_JPY @ 2026-08-26 05:00:01 has 6/19 NaN model-core features (max 0) — row is RECORDED but is NOT comparable to the training corpus; check macro feed freshness. NaN keys: us_2s10s, vix, vix_change_5d, us_real_10y, wti, wti_change_20d
INFO:     app.services.shadow.recorder — shadow recorded: USD_JPY H4 SELL p=0.1279 decision=skip risk=pass model=s1_xgb_v2_c430d22dd1ab.NOT_PROMOTED nan_model_features=6
INFO:     httpx — HTTP Request: GET https://api-fxpractice.oanda.com/v3/instruments/GBP_JPY/candles?granularity=H4&from=2026-08-05T13%3A00%3A00Z&to=2026-08-26T05%3A01%3A16Z&price=M "HTTP/1.1 200 OK"
INFO:     httpx — HTTP Request: GET https://api-fxpractice.oanda.com/v3/instruments/AUD_USD/candles?granularity=H4&from=2026-08-05T13%3A00%3A00Z&to=2026-08-26T05%3A01%3A18Z&price=M "HTTP/1.1 200 OK"
INFO:     httpx — HTTP Request: GET https://api-fxpractice.oanda.com/v3/instruments/GBP_USD/candles?granularity=H4&from=2026-08-05T13%3A00%3A00Z&to=2026-08-26T05%3A01%3A20Z&price=M "HTTP/1.1 200 OK"
INFO:     httpx — HTTP Request: GET https://api-fxpractice.oanda.com/v3/accounts/101-003-39159710-001/pricing?instruments=GBP_USD&includeHomeConversions=true "HTTP/1.1 200 OK"
INFO:     app.services.pipeline — signal rejected: GBP_USD reason=CORRELATED_POSITION_EXISTS
WARNING:     app.services.shadow.recorder — shadow: GBP_USD @ 2026-08-26 05:00:01 has 6/19 NaN model-core features (max 0) — row is RECORDED but is NOT comparable to the training corpus; check macro feed freshness. NaN keys: us_2s10s, vix, vix_change_5d, us_real_10y, wti, wti_change_20d
INFO:     app.services.shadow.recorder — shadow recorded: GBP_USD H4 BUY p=0.1502 decision=skip risk=reject:CORRELATED_POSITION_EXISTS model=s1_xgb_v2_c430d22dd1ab.NOT_PROMOTED nan_model_features=6
INFO:     httpx — HTTP Request: GET https://api-fxpractice.oanda.com/v3/instruments/USD_CAD/candles?granularity=H4&from=2026-08-05T13%3A00%3A00Z&to=2026-08-26T05%3A01%3A24Z&price=M "HTTP/1.1 200 OK"
INFO:     httpx — HTTP Request: GET https://api-fxpractice.oanda.com/v3/instruments/EUR_GBP/candles?granularity=H4&from=2026-08-05T13%3A00%3A00Z&to=2026-08-26T05%3A01%3A26Z&price=M "HTTP/1.1 200 OK"
INFO:     app.services.pipeline — signal rejected: EUR_GBP reason=INSUFFICIENT_RR
WARNING:     app.services.shadow.recorder — shadow: EUR_GBP @ 2026-08-26 05:00:01 has 6/19 NaN model-core features (max 0) — row is RECORDED but is NOT comparable to the training corpus; check macro feed freshness. NaN keys: us_2s10s, vix, vix_change_5d, us_real_10y, wti, wti_change_20d
INFO:     app.services.shadow.recorder — shadow recorded: EUR_GBP H4 SELL p=0.1510 decision=skip risk=reject:INSUFFICIENT_RR model=s1_xgb_v2_c430d22dd1ab.NOT_PROMOTED nan_model_features=6
INFO:     httpx — HTTP Request: GET https://api-fxpractice.oanda.com/v3/instruments/NZD_USD/candles?granularity=H4&from=2026-08-05T13%3A00%3A00Z&to=2026-08-26T05%3A01%3A28Z&price=M "HTTP/1.1 200 OK"
INFO:     app.services.pipeline — signal rejected: NZD_USD reason=INSUFFICIENT_RR
WARNING:     app.services.shadow.recorder — shadow: NZD_USD @ 2026-08-26 05:00:01 has 7/19 NaN model-core features (max 0) — row is RECORDED but is NOT comparable to the training corpus; check macro feed freshness. NaN keys: us_2s10s, policy_rate_differential, vix, vix_change_5d, us_real_10y, wti, wti_change_20d
INFO:     app.services.shadow.recorder — shadow recorded: NZD_USD H4 BUY p=0.1184 decision=skip risk=reject:INSUFFICIENT_RR model=s1_xgb_v2_c430d22dd1ab.NOT_PROMOTED nan_model_features=7
INFO:     app.services.pipeline — pipeline complete: {'granularity': 'H4', 'fetched': 880, 'computed': 880, 'signals': 3, 'rejected': 4, 'errors': 0, 'evaluated': 10, 'shadow_recorded': 7, 'shadow_errors': 0, 'expired': 0, 'shadow_enabled': True}
INFO:     apscheduler.executors.default — Job "_make_candle_close_job.<locals>._job (trigger: cron[hour='1,5,9,13,17,21', minute='1'], next run at: 2026-08-26 09:01:00 UTC)" executed successfully
INFO:     apscheduler.executors.default — Running job "_make_trailing_window_job.<locals>._job (trigger: cron[hour='*', minute='20'], next run at: 2026-08-26 06:20:00 UTC)" (scheduled at 2026-08-26 05:20:00+00:00)
INFO:     httpx — HTTP Request: GET https://api-fxpractice.oanda.com/v3/instruments/EUR_USD/candles?granularity=M1&from=2026-08-25T23%3A20%3A00Z&to=2026-08-26T05%3A20%3A00Z&price=B "HTTP/1.1 200 OK"
INFO:     httpx — HTTP Request: GET https://api-fxpractice.oanda.com/v3/instruments/EUR_USD/candles?granularity=M1&from=2026-08-25T23%3A20%3A00Z&to=2026-08-26T05%3A20%3A00Z&price=A "HTTP/1.1 200 OK"
INFO:     httpx — HTTP Request: GET https://api-fxpractice.oanda.com/v3/instruments/USD_CHF/candles?granularity=M1&from=2026-08-25T23%3A20%3A00Z&to=2026-08-26T05%3A20%3A00Z&price=B "HTTP/1.1 200 OK"
INFO:     httpx — HTTP Request: GET https://api-fxpractice.oanda.com/v3/instruments/USD_CHF/candles?granularity=M1&from=2026-08-25T23%3A20%3A00Z&to=2026-08-26T05%3A20%3A00Z&price=A "HTTP/1.1 200 OK"
INFO:     httpx — HTTP Request: GET https://api-fxpractice.oanda.com/v3/instruments/EUR_JPY/candles?granularity=M1&from=2026-08-25T23%3A20%3A00Z&to=2026-08-26T05%3A20%3A00Z&price=B "HTTP/1.1 200 OK"
INFO:     httpx — HTTP Request: GET https://api-fxpractice.oanda.com/v3/instruments/EUR_JPY/candles?granularity=M1&from=2026-08-25T23%3A20%3A00Z&to=2026-08-26T05%3A20%3A00Z&price=A "HTTP/1.1 200 OK"
INFO:     httpx — HTTP Request: GET https://api-fxpractice.oanda.com/v3/instruments/USD_JPY/candles?granularity=M1&from=2026-08-25T23%3A20%3A00Z&to=2026-08-26T05%3A20%3A00Z&price=B "HTTP/1.1 200 OK"
INFO:     httpx — HTTP Request: GET https://api-fxpractice.oanda.com/v3/instruments/USD_JPY/candles?granularity=M1&from=2026-08-25T23%3A20%3A00Z&to=2026-08-26T05%3A20%3A00Z&price=A "HTTP/1.1 200 OK"
INFO:     httpx — HTTP Request: GET https://api-fxpractice.oanda.com/v3/instruments/GBP_JPY/candles?granularity=M1&from=2026-08-25T23%3A20%3A00Z&to=2026-08-26T05%3A20%3A00Z&price=B "HTTP/1.1 200 OK"
INFO:     httpx — HTTP Request: GET https://api-fxpractice.oanda.com/v3/instruments/GBP_JPY/candles?granularity=M1&from=2026-08-25T23%3A20%3A00Z&to=2026-08-26T05%3A20%3A00Z&price=A "HTTP/1.1 200 OK"
INFO:     httpx — HTTP Request: GET https://api-fxpractice.oanda.com/v3/instruments/AUD_USD/candles?granularity=M1&from=2026-08-25T23%3A20%3A00Z&to=2026-08-26T05%3A20%3A00Z&price=B "HTTP/1.1 200 OK"
INFO:     httpx — HTTP Request: GET https://api-fxpractice.oanda.com/v3/instruments/AUD_USD/candles?granularity=M1&from=2026-08-25T23%3A20%3A00Z&to=2026-08-26T05%3A20%3A00Z&price=A "HTTP/1.1 200 OK"
INFO:     httpx — HTTP Request: GET https://api-fxpractice.oanda.com/v3/instruments/GBP_USD/candles?granularity=M1&from=2026-08-25T23%3A20%3A00Z&to=2026-08-26T05%3A20%3A00Z&price=B "HTTP/1.1 200 OK"
INFO:     httpx — HTTP Request: GET https://api-fxpractice.oanda.com/v3/instruments/GBP_USD/candles?granularity=M1&from=2026-08-25T23%3A20%3A00Z&to=2026-08-26T05%3A20%3A00Z&price=A "HTTP/1.1 200 OK"
INFO:     httpx — HTTP Request: GET https://api-fxpractice.oanda.com/v3/instruments/USD_CAD/candles?granularity=M1&from=2026-08-25T23%3A20%3A00Z&to=2026-08-26T05%3A20%3A00Z&price=B "HTTP/1.1 200 OK"
INFO:     httpx — HTTP Request: GET https://api-fxpractice.oanda.com/v3/instruments/USD_CAD/candles?granularity=M1&from=2026-08-25T23%3A20%3A00Z&to=2026-08-26T05%3A20%3A00Z&price=A "HTTP/1.1 200 OK"
INFO:     httpx — HTTP Request: GET https://api-fxpractice.oanda.com/v3/instruments/EUR_GBP/candles?granularity=M1&from=2026-08-25T23%3A20%3A00Z&to=2026-08-26T05%3A20%3A00Z&price=B "HTTP/1.1 200 OK"
INFO:     httpx — HTTP Request: GET https://api-fxpractice.oanda.com/v3/instruments/EUR_GBP/candles?granularity=M1&from=2026-08-25T23%3A20%3A00Z&to=2026-08-26T05%3A20%3A00Z&price=A "HTTP/1.1 200 OK"
INFO:     httpx — HTTP Request: GET https://api-fxpractice.oanda.com/v3/instruments/NZD_USD/candles?granularity=M1&from=2026-08-25T23%3A20%3A00Z&to=2026-08-26T05%3A20%3A00Z&price=B "HTTP/1.1 200 OK"
INFO:     httpx — HTTP Request: GET https://api-fxpractice.oanda.com/v3/instruments/NZD_USD/candles?granularity=M1&from=2026-08-25T23%3A20%3A00Z&to=2026-08-26T05%3A20%3A00Z&price=A "HTTP/1.1 200 OK"
INFO:     app.services.pipeline — trailing window refresh complete: {'granularity': 'M1', 'price_types': ['B', 'A'], 'window_start': '2026-08-25T23:20:00.059843+00:00', 'window_end': '2026-08-26T05:20:00.059843+00:00', 'lookback_hours': 6, 'fetched': 2381, 'instruments': 10, 'errors': 0}
INFO:     apscheduler.executors.default — Job "_make_trailing_window_job.<locals>._job (trigger: cron[hour='*', minute='20'], next run at: 2026-08-26 06:20:00 UTC)" executed successfully
INFO:     apscheduler.executors.default — Running job "_shadow_resolver (trigger: cron[hour='*/1', minute='35'], next run at: 2026-08-26 06:35:00 UTC)" (scheduled at 2026-08-26 05:35:00+00:00)
INFO:     app.services.shadow.resolver — shadow resolver: {'checked': 7, 'resolved': 0, 'not_yet': 7, 'forced': 0, 'no_atr': 0, 'failed': 0, 'still_pending': 7, 'by_outcome': {'win': 0, 'loss': 0, 'breakeven': 0}, 'by_decision': {'take': 0, 'skip': 0, 'unscored': 0}}
INFO:     app.services.scheduler — scheduled shadow resolver: {'checked': 7, 'resolved': 0, 'not_yet': 7, 'forced': 0, 'no_atr': 0, 'failed': 0, 'still_pending': 7, 'by_outcome': {'win': 0, 'loss': 0, 'breakeven': 0}, 'by_decision': {'take': 0, 'skip': 0, 'unscored': 0}}
INFO:     apscheduler.executors.default — Job "_shadow_resolver (trigger: cron[hour='*/1', minute='35'], next run at: 2026-08-26 06:35:00 UTC)" executed successfully
INFO:     app.brokers.oanda — OANDA pricing stream closed by server
INFO:     httpx — HTTP Request: GET https://stream-fxpractice.oanda.com/v3/accounts/101-003-39159710-001/pricing/stream?instruments=EUR_USD%2CUSD_CHF%2CEUR_JPY%2CUSD_JPY%2CGBP_JPY%2CAUD_USD%2CGBP_USD%2CUSD_CAD%2CEUR_GBP%2CNZD_USD&snapshot=true "HTTP/1.1 307 Temporary Redirect"
INFO:     httpx — HTTP Request: GET https://stream-fxpractice.oanda.com/v3/accounts/101-003-39159710-001/pricing/stream?instruments=EUR_USD%2CUSD_CHF%2CEUR_JPY%2CUSD_JPY%2CGBP_JPY%2CAUD_USD%2CGBP_USD%2CUSD_CAD%2CEUR_GBP%2CNZD_USD&snapshot=true "HTTP/1.1 200 OK"
INFO:     apscheduler.executors.default — Running job "_make_trailing_window_job.<locals>._job (trigger: cron[hour='*', minute='20'], next run at: 2026-08-26 07:20:00 UTC)" (scheduled at 2026-08-26 06:20:00+00:00)
INFO:     httpx — HTTP Request: GET https://api-fxpractice.oanda.com/v3/instruments/EUR_USD/candles?granularity=M1&from=2026-08-26T00%3A20%3A00Z&to=2026-08-26T06%3A20%3A00Z&price=B "HTTP/1.1 200 OK"
INFO:     httpx — HTTP Request: GET https://api-fxpractice.oanda.com/v3/instruments/EUR_USD/candles?granularity=M1&from=2026-08-26T00%3A20%3A00Z&to=2026-08-26T06%3A20%3A00Z&price=A "HTTP/1.1 200 OK"
INFO:     httpx — HTTP Request: GET https://api-fxpractice.oanda.com/v3/instruments/USD_CHF/candles?granularity=M1&from=2026-08-26T00%3A20%3A00Z&to=2026-08-26T06%3A20%3A00Z&price=B "HTTP/1.1 200 OK"
INFO:     httpx — HTTP Request: GET https://api-fxpractice.oanda.com/v3/instruments/USD_CHF/candles?granularity=M1&from=2026-08-26T00%3A20%3A00Z&to=2026-08-26T06%3A20%3A00Z&price=A "HTTP/1.1 200 OK"
INFO:     httpx — HTTP Request: GET https://api-fxpractice.oanda.com/v3/instruments/EUR_JPY/candles?granularity=M1&from=2026-08-26T00%3A20%3A00Z&to=2026-08-26T06%3A20%3A00Z&price=B "HTTP/1.1 200 OK"
INFO:     httpx — HTTP Request: GET https://api-fxpractice.oanda.com/v3/instruments/EUR_JPY/candles?granularity=M1&from=2026-08-26T00%3A20%3A00Z&to=2026-08-26T06%3A20%3A00Z&price=A "HTTP/1.1 200 OK"
INFO:     httpx — HTTP Request: GET https://api-fxpractice.oanda.com/v3/instruments/USD_JPY/candles?granularity=M1&from=2026-08-26T00%3A20%3A00Z&to=2026-08-26T06%3A20%3A00Z&price=B "HTTP/1.1 200 OK"
INFO:     httpx — HTTP Request: GET https://api-fxpractice.oanda.com/v3/instruments/USD_JPY/candles?granularity=M1&from=2026-08-26T00%3A20%3A00Z&to=2026-08-26T06%3A20%3A00Z&price=A "HTTP/1.1 200 OK"
INFO:     httpx — HTTP Request: GET https://api-fxpractice.oanda.com/v3/instruments/GBP_JPY/candles?granularity=M1&from=2026-08-26T00%3A20%3A00Z&to=2026-08-26T06%3A20%3A00Z&price=B "HTTP/1.1 200 OK"
INFO:     httpx — HTTP Request: GET https://api-fxpractice.oanda.com/v3/instruments/GBP_JPY/candles?granularity=M1&from=2026-08-26T00%3A20%3A00Z&to=2026-08-26T06%3A20%3A00Z&price=A "HTTP/1.1 200 OK"
INFO:     httpx — HTTP Request: GET https://api-fxpractice.oanda.com/v3/instruments/AUD_USD/candles?granularity=M1&from=2026-08-26T00%3A20%3A00Z&to=2026-08-26T06%3A20%3A00Z&price=B "HTTP/1.1 200 OK"
INFO:     httpx — HTTP Request: GET https://api-fxpractice.oanda.com/v3/instruments/AUD_USD/candles?granularity=M1&from=2026-08-26T00%3A20%3A00Z&to=2026-08-26T06%3A20%3A00Z&price=A "HTTP/1.1 200 OK"
INFO:     httpx — HTTP Request: GET https://api-fxpractice.oanda.com/v3/instruments/GBP_USD/candles?granularity=M1&from=2026-08-26T00%3A20%3A00Z&to=2026-08-26T06%3A20%3A00Z&price=B "HTTP/1.1 200 OK"
INFO:     httpx — HTTP Request: GET https://api-fxpractice.oanda.com/v3/instruments/GBP_USD/candles?granularity=M1&from=2026-08-26T00%3A20%3A00Z&to=2026-08-26T06%3A20%3A00Z&price=A "HTTP/1.1 200 OK"
INFO:     httpx — HTTP Request: GET https://api-fxpractice.oanda.com/v3/instruments/USD_CAD/candles?granularity=M1&from=2026-08-26T00%3A20%3A00Z&to=2026-08-26T06%3A20%3A00Z&price=B "HTTP/1.1 200 OK"
INFO:     httpx — HTTP Request: GET https://api-fxpractice.oanda.com/v3/instruments/USD_CAD/candles?granularity=M1&from=2026-08-26T00%3A20%3A00Z&to=2026-08-26T06%3A20%3A00Z&price=A "HTTP/1.1 200 OK"
INFO:     httpx — HTTP Request: GET https://api-fxpractice.oanda.com/v3/instruments/EUR_GBP/candles?granularity=M1&from=2026-08-26T00%3A20%3A00Z&to=2026-08-26T06%3A20%3A00Z&price=B "HTTP/1.1 200 OK"
INFO:     httpx — HTTP Request: GET https://api-fxpractice.oanda.com/v3/instruments/EUR_GBP/candles?granularity=M1&from=2026-08-26T00%3A20%3A00Z&to=2026-08-26T06%3A20%3A00Z&price=A "HTTP/1.1 200 OK"
INFO:     httpx — HTTP Request: GET https://api-fxpractice.oanda.com/v3/instruments/NZD_USD/candles?granularity=M1&from=2026-08-26T00%3A20%3A00Z&to=2026-08-26T06%3A20%3A00Z&price=B "HTTP/1.1 200 OK"
INFO:     httpx — HTTP Request: GET https://api-fxpractice.oanda.com/v3/instruments/NZD_USD/candles?granularity=M1&from=2026-08-26T00%3A20%3A00Z&to=2026-08-26T06%3A20%3A00Z&price=A "HTTP/1.1 200 OK"
INFO:     app.services.pipeline — trailing window refresh complete: {'granularity': 'M1', 'price_types': ['B', 'A'], 'window_start': '2026-08-26T00:20:00.096287+00:00', 'window_end': '2026-08-26T06:20:00.096287+00:00', 'lookback_hours': 6, 'fetched': 1201, 'instruments': 10, 'errors': 0}
INFO:     apscheduler.executors.default — Job "_make_trailing_window_job.<locals>._job (trigger: cron[hour='*', minute='20'], next run at: 2026-08-26 07:20:00 UTC)" executed successfully
INFO:     apscheduler.executors.default — Running job "_shadow_resolver (trigger: cron[hour='*/1', minute='35'], next run at: 2026-08-26 07:35:00 UTC)" (scheduled at 2026-08-26 06:35:00+00:00)
INFO:     app.services.shadow.resolver — shadow resolver: {'checked': 7, 'resolved': 0, 'not_yet': 7, 'forced': 0, 'no_atr': 0, 'failed': 0, 'still_pending': 7, 'by_outcome': {'win': 0, 'loss': 0, 'breakeven': 0}, 'by_decision': {'take': 0, 'skip': 0, 'unscored': 0}}
INFO:     app.services.scheduler — scheduled shadow resolver: {'checked': 7, 'resolved': 0, 'not_yet': 7, 'forced': 0, 'no_atr': 0, 'failed': 0, 'still_pending': 7, 'by_outcome': {'win': 0, 'loss': 0, 'breakeven': 0}, 'by_decision': {'take': 0, 'skip': 0, 'unscored': 0}}
INFO:     apscheduler.executors.default — Job "_shadow_resolver (trigger: cron[hour='*/1', minute='35'], next run at: 2026-08-26 07:35:00 UTC)" executed successfully
INFO:     apscheduler.executors.default — Running job "_make_trailing_window_job.<locals>._job (trigger: cron[hour='*', minute='20'], next run at: 2026-08-26 08:20:00 UTC)" (scheduled at 2026-08-26 07:20:00+00:00)
INFO:     httpx — HTTP Request: GET https://api-fxpractice.oanda.com/v3/instruments/EUR_USD/candles?granularity=M1&from=2026-08-26T01%3A20%3A00Z&to=2026-08-26T07%3A20%3A00Z&price=B "HTTP/1.1 200 OK"
INFO:     httpx — HTTP Request: GET https://api-fxpractice.oanda.com/v3/instruments/EUR_USD/candles?granularity=M1&from=2026-08-26T01%3A20%3A00Z&to=2026-08-26T07%3A20%3A00Z&price=A "HTTP/1.1 200 OK"
INFO:     httpx — HTTP Request: GET https://api-fxpractice.oanda.com/v3/instruments/USD_CHF/candles?granularity=M1&from=2026-08-26T01%3A20%3A00Z&to=2026-08-26T07%3A20%3A00Z&price=B "HTTP/1.1 200 OK"
INFO:     httpx — HTTP Request: GET https://api-fxpractice.oanda.com/v3/instruments/USD_CHF/candles?granularity=M1&from=2026-08-26T01%3A20%3A00Z&to=2026-08-26T07%3A20%3A00Z&price=A "HTTP/1.1 200 OK"
INFO:     httpx — HTTP Request: GET https://api-fxpractice.oanda.com/v3/instruments/EUR_JPY/candles?granularity=M1&from=2026-08-26T01%3A20%3A00Z&to=2026-08-26T07%3A20%3A00Z&price=B "HTTP/1.1 200 OK"
INFO:     httpx — HTTP Request: GET https://api-fxpractice.oanda.com/v3/instruments/EUR_JPY/candles?granularity=M1&from=2026-08-26T01%3A20%3A00Z&to=2026-08-26T07%3A20%3A00Z&price=A "HTTP/1.1 200 OK"
INFO:     httpx — HTTP Request: GET https://api-fxpractice.oanda.com/v3/instruments/USD_JPY/candles?granularity=M1&from=2026-08-26T01%3A20%3A00Z&to=2026-08-26T07%3A20%3A00Z&price=B "HTTP/1.1 200 OK"
INFO:     httpx — HTTP Request: GET https://api-fxpractice.oanda.com/v3/instruments/USD_JPY/candles?granularity=M1&from=2026-08-26T01%3A20%3A00Z&to=2026-08-26T07%3A20%3A00Z&price=A "HTTP/1.1 200 OK"
INFO:     httpx — HTTP Request: GET https://api-fxpractice.oanda.com/v3/instruments/GBP_JPY/candles?granularity=M1&from=2026-08-26T01%3A20%3A00Z&to=2026-08-26T07%3A20%3A00Z&price=B "HTTP/1.1 200 OK"
INFO:     httpx — HTTP Request: GET https://api-fxpractice.oanda.com/v3/instruments/GBP_JPY/candles?granularity=M1&from=2026-08-26T01%3A20%3A00Z&to=2026-08-26T07%3A20%3A00Z&price=A "HTTP/1.1 200 OK"
INFO:     httpx — HTTP Request: GET https://api-fxpractice.oanda.com/v3/instruments/AUD_USD/candles?granularity=M1&from=2026-08-26T01%3A20%3A00Z&to=2026-08-26T07%3A20%3A00Z&price=B "HTTP/1.1 200 OK"
INFO:     httpx — HTTP Request: GET https://api-fxpractice.oanda.com/v3/instruments/AUD_USD/candles?granularity=M1&from=2026-08-26T01%3A20%3A00Z&to=2026-08-26T07%3A20%3A00Z&price=A "HTTP/1.1 200 OK"
INFO:     httpx — HTTP Request: GET https://api-fxpractice.oanda.com/v3/instruments/GBP_USD/candles?granularity=M1&from=2026-08-26T01%3A20%3A00Z&to=2026-08-26T07%3A20%3A00Z&price=B "HTTP/1.1 200 OK"
INFO:     httpx — HTTP Request: GET https://api-fxpractice.oanda.com/v3/instruments/GBP_USD/candles?granularity=M1&from=2026-08-26T01%3A20%3A00Z&to=2026-08-26T07%3A20%3A00Z&price=A "HTTP/1.1 200 OK"
INFO:     httpx — HTTP Request: GET https://api-fxpractice.oanda.com/v3/instruments/USD_CAD/candles?granularity=M1&from=2026-08-26T01%3A20%3A00Z&to=2026-08-26T07%3A20%3A00Z&price=B "HTTP/1.1 200 OK"
INFO:     httpx — HTTP Request: GET https://api-fxpractice.oanda.com/v3/instruments/USD_CAD/candles?granularity=M1&from=2026-08-26T01%3A20%3A00Z&to=2026-08-26T07%3A20%3A00Z&price=A "HTTP/1.1 200 OK"
INFO:     httpx — HTTP Request: GET https://api-fxpractice.oanda.com/v3/instruments/EUR_GBP/candles?granularity=M1&from=2026-08-26T01%3A20%3A00Z&to=2026-08-26T07%3A20%3A00Z&price=B "HTTP/1.1 200 OK"
INFO:     httpx — HTTP Request: GET https://api-fxpractice.oanda.com/v3/instruments/EUR_GBP/candles?granularity=M1&from=2026-08-26T01%3A20%3A00Z&to=2026-08-26T07%3A20%3A00Z&price=A "HTTP/1.1 200 OK"
INFO:     httpx — HTTP Request: GET https://api-fxpractice.oanda.com/v3/instruments/NZD_USD/candles?granularity=M1&from=2026-08-26T01%3A20%3A00Z&to=2026-08-26T07%3A20%3A00Z&price=B "HTTP/1.1 200 OK"
INFO:     httpx — HTTP Request: GET https://api-fxpractice.oanda.com/v3/instruments/NZD_USD/candles?granularity=M1&from=2026-08-26T01%3A20%3A00Z&to=2026-08-26T07%3A20%3A00Z&price=A "HTTP/1.1 200 OK"
INFO:     app.services.pipeline — trailing window refresh complete: {'granularity': 'M1', 'price_types': ['B', 'A'], 'window_start': '2026-08-26T01:20:00.121028+00:00', 'window_end': '2026-08-26T07:20:00.121028+00:00', 'lookback_hours': 6, 'fetched': 1200, 'instruments': 10, 'errors': 0}
INFO:     apscheduler.executors.default — Job "_make_trailing_window_job.<locals>._job (trigger: cron[hour='*', minute='20'], next run at: 2026-08-26 08:20:00 UTC)" executed successfully
INFO:     apscheduler.executors.default — Running job "_shadow_resolver (trigger: cron[hour='*/1', minute='35'], next run at: 2026-08-26 08:35:00 UTC)" (scheduled at 2026-08-26 07:35:00+00:00)
INFO:     app.services.shadow.resolver — shadow resolver: {'checked': 7, 'resolved': 0, 'not_yet': 7, 'forced': 0, 'no_atr': 0, 'failed': 0, 'still_pending': 7, 'by_outcome': {'win': 0, 'loss': 0, 'breakeven': 0}, 'by_decision': {'take': 0, 'skip': 0, 'unscored': 0}}
INFO:     app.services.scheduler — scheduled shadow resolver: {'checked': 7, 'resolved': 0, 'not_yet': 7, 'forced': 0, 'no_atr': 0, 'failed': 0, 'still_pending': 7, 'by_outcome': {'win': 0, 'loss': 0, 'breakeven': 0}, 'by_decision': {'take': 0, 'skip': 0, 'unscored': 0}}
INFO:     apscheduler.executors.default — Job "_shadow_resolver (trigger: cron[hour='*/1', minute='35'], next run at: 2026-08-26 08:35:00 UTC)" executed successfully
INFO:     apscheduler.executors.default — Running job "_intraday_fundamentals (trigger: cron[hour='*/4', minute='15'], next run at: 2026-08-26 12:15:00 UTC)" (scheduled at 2026-08-26 08:15:00+00:00)
INFO:     httpx — HTTP Request: GET https://api.stlouisfed.org/fred/release/dates?release_id=10&api_key=6adaba04b7efae646871c3e925da4184&file_type=json&include_release_dates_with_no_data=true&sort_order=asc&limit=10000 "HTTP/1.1 200 OK"
INFO:     httpx — HTTP Request: GET https://api.stlouisfed.org/fred/release/dates?release_id=50&api_key=6adaba04b7efae646871c3e925da4184&file_type=json&include_release_dates_with_no_data=true&sort_order=asc&limit=10000 "HTTP/1.1 200 OK"
INFO:     httpx — HTTP Request: GET https://api.stlouisfed.org/fred/series/observations?series_id=IRLTLT01USM156N&api_key=6adaba04b7efae646871c3e925da4184&file_type=json&observation_start=2026-06-27 "HTTP/1.1 200 OK"
INFO:     httpx — HTTP Request: GET https://api.stlouisfed.org/fred/series/observations?series_id=IRLTLT01DEM156N&api_key=6adaba04b7efae646871c3e925da4184&file_type=json&observation_start=2026-06-27 "HTTP/1.1 200 OK"
INFO:     httpx — HTTP Request: GET https://api.stlouisfed.org/fred/series/observations?series_id=IRLTLT01GBM156N&api_key=6adaba04b7efae646871c3e925da4184&file_type=json&observation_start=2026-06-27 "HTTP/1.1 200 OK"
INFO:     httpx — HTTP Request: GET https://api.stlouisfed.org/fred/series/observations?series_id=IRLTLT01JPM156N&api_key=6adaba04b7efae646871c3e925da4184&file_type=json&observation_start=2026-06-27 "HTTP/1.1 200 OK"
INFO:     httpx — HTTP Request: GET https://api.stlouisfed.org/fred/series/observations?series_id=IRLTLT01AUM156N&api_key=6adaba04b7efae646871c3e925da4184&file_type=json&observation_start=2026-06-27 "HTTP/1.1 200 OK"
INFO:     httpx — HTTP Request: GET https://api.stlouisfed.org/fred/series/observations?series_id=IRLTLT01NZM156N&api_key=6adaba04b7efae646871c3e925da4184&file_type=json&observation_start=2026-06-27 "HTTP/1.1 200 OK"
INFO:     httpx — HTTP Request: GET https://api.stlouisfed.org/fred/series/observations?series_id=IRLTLT01CAM156N&api_key=6adaba04b7efae646871c3e925da4184&file_type=json&observation_start=2026-06-27 "HTTP/1.1 200 OK"
INFO:     httpx — HTTP Request: GET https://api.stlouisfed.org/fred/series/observations?series_id=IRLTLT01CHM156N&api_key=6adaba04b7efae646871c3e925da4184&file_type=json&observation_start=2026-06-27 "HTTP/1.1 200 OK"
INFO:     httpx — HTTP Request: GET https://api.stlouisfed.org/fred/series/observations?series_id=IRSTCI01USM156N&api_key=6adaba04b7efae646871c3e925da4184&file_type=json&observation_start=2026-06-27 "HTTP/1.1 200 OK"
INFO:     httpx — HTTP Request: GET https://api.stlouisfed.org/fred/series/observations?series_id=IRSTCI01DEM156N&api_key=6adaba04b7efae646871c3e925da4184&file_type=json&observation_start=2026-06-27 "HTTP/1.1 200 OK"
INFO:     httpx — HTTP Request: GET https://api.stlouisfed.org/fred/series/observations?series_id=IRSTCI01GBM156N&api_key=6adaba04b7efae646871c3e925da4184&file_type=json&observation_start=2026-06-27 "HTTP/1.1 200 OK"
INFO:     httpx — HTTP Request: GET https://api.stlouisfed.org/fred/series/observations?series_id=IRSTCI01JPM156N&api_key=6adaba04b7efae646871c3e925da4184&file_type=json&observation_start=2026-06-27 "HTTP/1.1 200 OK"
INFO:     httpx — HTTP Request: GET https://api.stlouisfed.org/fred/series/observations?series_id=IRSTCI01AUM156N&api_key=6adaba04b7efae646871c3e925da4184&file_type=json&observation_start=2026-06-27 "HTTP/1.1 200 OK"
INFO:     httpx — HTTP Request: GET https://api.stlouisfed.org/fred/series/observations?series_id=IRSTCI01NZM156N&api_key=6adaba04b7efae646871c3e925da4184&file_type=json&observation_start=2026-06-27 "HTTP/1.1 200 OK"
INFO:     httpx — HTTP Request: GET https://api.stlouisfed.org/fred/series/observations?series_id=IRSTCI01CAM156N&api_key=6adaba04b7efae646871c3e925da4184&file_type=json&observation_start=2026-06-27 "HTTP/1.1 200 OK"
INFO:     httpx — HTTP Request: GET https://api.stlouisfed.org/fred/series/observations?series_id=IRSTCI01CHM156N&api_key=6adaba04b7efae646871c3e925da4184&file_type=json&observation_start=2026-06-27 "HTTP/1.1 200 OK"
INFO:     httpx — HTTP Request: GET https://api.stlouisfed.org/fred/series/observations?series_id=DGS10&api_key=6adaba04b7efae646871c3e925da4184&file_type=json&observation_start=2026-06-27 "HTTP/1.1 200 OK"
INFO:     httpx — HTTP Request: GET https://api.stlouisfed.org/fred/series/observations?series_id=DGS2&api_key=6adaba04b7efae646871c3e925da4184&file_type=json&observation_start=2026-06-27 "HTTP/1.1 200 OK"
INFO:     httpx — HTTP Request: GET https://api.stlouisfed.org/fred/series/observations?series_id=VIXCLS&api_key=6adaba04b7efae646871c3e925da4184&file_type=json&observation_start=2026-06-27 "HTTP/1.1 200 OK"
INFO:     httpx — HTTP Request: GET https://api.stlouisfed.org/fred/series/observations?series_id=DCOILWTICO&api_key=6adaba04b7efae646871c3e925da4184&file_type=json&observation_start=2026-06-27 "HTTP/1.1 200 OK"
INFO:     httpx — HTTP Request: GET https://api.stlouisfed.org/fred/series/observations?series_id=CPIAUCSL&api_key=6adaba04b7efae646871c3e925da4184&file_type=json&output_type=1&realtime_start=1776-07-04&realtime_end=9999-12-31&observation_start=2020-01-01 "HTTP/1.1 200 OK"
INFO:     httpx — HTTP Request: GET https://api.stlouisfed.org/fred/series/observations?series_id=CPILFESL&api_key=6adaba04b7efae646871c3e925da4184&file_type=json&output_type=1&realtime_start=1776-07-04&realtime_end=9999-12-31&observation_start=2020-01-01 "HTTP/1.1 200 OK"
INFO:     httpx — HTTP Request: GET https://api.stlouisfed.org/fred/series/observations?series_id=UNRATE&api_key=6adaba04b7efae646871c3e925da4184&file_type=json&output_type=1&realtime_start=1776-07-04&realtime_end=9999-12-31&observation_start=2020-01-01 "HTTP/1.1 200 OK"
INFO:     httpx — HTTP Request: GET https://api.stlouisfed.org/fred/series/observations?series_id=RSAFS&api_key=6adaba04b7efae646871c3e925da4184&file_type=json&output_type=1&realtime_start=1776-07-04&realtime_end=9999-12-31&observation_start=2020-01-01 "HTTP/1.1 200 OK"
INFO:     httpx — HTTP Request: GET https://api.stlouisfed.org/fred/series/observations?series_id=CP0000EZ19M086NEST&api_key=6adaba04b7efae646871c3e925da4184&file_type=json&output_type=1&realtime_start=1776-07-04&realtime_end=9999-12-31&observation_start=2020-01-01 "HTTP/1.1 200 OK"
INFO:     httpx — HTTP Request: GET https://api.stlouisfed.org/fred/series/observations?series_id=GBRCPIALLMINMEI&api_key=6adaba04b7efae646871c3e925da4184&file_type=json&output_type=1&realtime_start=1776-07-04&realtime_end=9999-12-31&observation_start=2020-01-01 "HTTP/1.1 200 OK"
INFO:     app.services.scheduler — fundamentals refresh: spine={'US CPI': 0, 'US Non-Farm Payrolls': 1, 'FOMC Rate Decision': 0, 'ECB Rate Decision': 0, 'BoE Rate Decision': 0, 'BoJ Rate Decision': 0, 'RBA Rate Decision': 0, 'RBNZ Rate Decision': 0, 'BoC Rate Decision': 0, 'SNB Rate Decision': 0} macro={'US_10Y_YIELD': 0, 'DE_10Y_YIELD': 0, 'GB_10Y_YIELD': 0, 'JP_10Y_YIELD': 0, 'AU_10Y_YIELD': 0, 'NZ_10Y_YIELD': 0, 'CA_10Y_YIELD': 0, 'CH_10Y_YIELD': 0, 'US_POLICY_RATE': 0, 'DE_POLICY_RATE': 0, 'GB_POLICY_RATE': 0, 'JP_POLICY_RATE': 0, 'AU_POLICY_RATE': 0, 'NZ_POLICY_RATE': 0, 'CA_POLICY_RATE': 0, 'CH_POLICY_RATE': 0, 'US_10Y_DAILY': 17, 'US_2Y_DAILY': 17, 'VIX': 17, 'WTI': 16, 'US_CPI': 1, 'US_CORE_CPI': 1, 'US_UNEMPLOYMENT': 1, 'US_RETAIL_SALES': 5, 'EU_CPI': 1, 'UK_CPI': 0}
WARNING:     app.services.scheduler — macro series STALE (3/26) — every feature derived from these is NaN on live signals: NZ_POLICY_RATE(monthly, 588d > 75d), CH_POLICY_RATE(monthly, 863d > 75d), UK_CPI(monthly, 468d > 75d)
INFO:     apscheduler.executors.default — Job "_intraday_fundamentals (trigger: cron[hour='*/4', minute='15'], next run at: 2026-08-26 12:15:00 UTC)" executed successfully
INFO:     apscheduler.executors.default — Running job "_make_trailing_window_job.<locals>._job (trigger: cron[hour='*', minute='20'], next run at: 2026-08-26 09:20:00 UTC)" (scheduled at 2026-08-26 08:20:00+00:00)
INFO:     httpx — HTTP Request: GET https://api-fxpractice.oanda.com/v3/instruments/EUR_USD/candles?granularity=M1&from=2026-08-26T02%3A20%3A00Z&to=2026-08-26T08%3A20%3A00Z&price=B "HTTP/1.1 200 OK"
INFO:     httpx — HTTP Request: GET https://api-fxpractice.oanda.com/v3/instruments/EUR_USD/candles?granularity=M1&from=2026-08-26T02%3A20%3A00Z&to=2026-08-26T08%3A20%3A00Z&price=A "HTTP/1.1 200 OK"
INFO:     httpx — HTTP Request: GET https://api-fxpractice.oanda.com/v3/instruments/USD_CHF/candles?granularity=M1&from=2026-08-26T02%3A20%3A00Z&to=2026-08-26T08%3A20%3A00Z&price=B "HTTP/1.1 200 OK"
INFO:     httpx — HTTP Request: GET https://api-fxpractice.oanda.com/v3/instruments/USD_CHF/candles?granularity=M1&from=2026-08-26T02%3A20%3A00Z&to=2026-08-26T08%3A20%3A00Z&price=A "HTTP/1.1 200 OK"
INFO:     httpx — HTTP Request: GET https://api-fxpractice.oanda.com/v3/instruments/EUR_JPY/candles?granularity=M1&from=2026-08-26T02%3A20%3A00Z&to=2026-08-26T08%3A20%3A00Z&price=B "HTTP/1.1 200 OK"
INFO:     httpx — HTTP Request: GET https://api-fxpractice.oanda.com/v3/instruments/EUR_JPY/candles?granularity=M1&from=2026-08-26T02%3A20%3A00Z&to=2026-08-26T08%3A20%3A00Z&price=A "HTTP/1.1 200 OK"
INFO:     httpx — HTTP Request: GET https://api-fxpractice.oanda.com/v3/instruments/USD_JPY/candles?granularity=M1&from=2026-08-26T02%3A20%3A00Z&to=2026-08-26T08%3A20%3A00Z&price=B "HTTP/1.1 200 OK"
INFO:     httpx — HTTP Request: GET https://api-fxpractice.oanda.com/v3/instruments/USD_JPY/candles?granularity=M1&from=2026-08-26T02%3A20%3A00Z&to=2026-08-26T08%3A20%3A00Z&price=A "HTTP/1.1 200 OK"
INFO:     httpx — HTTP Request: GET https://api-fxpractice.oanda.com/v3/instruments/GBP_JPY/candles?granularity=M1&from=2026-08-26T02%3A20%3A00Z&to=2026-08-26T08%3A20%3A00Z&price=B "HTTP/1.1 200 OK"
INFO:     httpx — HTTP Request: GET https://api-fxpractice.oanda.com/v3/instruments/GBP_JPY/candles?granularity=M1&from=2026-08-26T02%3A20%3A00Z&to=2026-08-26T08%3A20%3A00Z&price=A "HTTP/1.1 200 OK"
INFO:     httpx — HTTP Request: GET https://api-fxpractice.oanda.com/v3/instruments/AUD_USD/candles?granularity=M1&from=2026-08-26T02%3A20%3A00Z&to=2026-08-26T08%3A20%3A00Z&price=B "HTTP/1.1 200 OK"
INFO:     httpx — HTTP Request: GET https://api-fxpractice.oanda.com/v3/instruments/AUD_USD/candles?granularity=M1&from=2026-08-26T02%3A20%3A00Z&to=2026-08-26T08%3A20%3A00Z&price=A "HTTP/1.1 200 OK"
INFO:     httpx — HTTP Request: GET https://api-fxpractice.oanda.com/v3/instruments/GBP_USD/candles?granularity=M1&from=2026-08-26T02%3A20%3A00Z&to=2026-08-26T08%3A20%3A00Z&price=B "HTTP/1.1 200 OK"
INFO:     httpx — HTTP Request: GET https://api-fxpractice.oanda.com/v3/instruments/GBP_USD/candles?granularity=M1&from=2026-08-26T02%3A20%3A00Z&to=2026-08-26T08%3A20%3A00Z&price=A "HTTP/1.1 200 OK"
INFO:     httpx — HTTP Request: GET https://api-fxpractice.oanda.com/v3/instruments/USD_CAD/candles?granularity=M1&from=2026-08-26T02%3A20%3A00Z&to=2026-08-26T08%3A20%3A00Z&price=B "HTTP/1.1 200 OK"
INFO:     httpx — HTTP Request: GET https://api-fxpractice.oanda.com/v3/instruments/USD_CAD/candles?granularity=M1&from=2026-08-26T02%3A20%3A00Z&to=2026-08-26T08%3A20%3A00Z&price=A "HTTP/1.1 200 OK"
INFO:     httpx — HTTP Request: GET https://api-fxpractice.oanda.com/v3/instruments/EUR_GBP/candles?granularity=M1&from=2026-08-26T02%3A20%3A00Z&to=2026-08-26T08%3A20%3A00Z&price=B "HTTP/1.1 200 OK"
INFO:     httpx — HTTP Request: GET https://api-fxpractice.oanda.com/v3/instruments/EUR_GBP/candles?granularity=M1&from=2026-08-26T02%3A20%3A00Z&to=2026-08-26T08%3A20%3A00Z&price=A "HTTP/1.1 200 OK"
INFO:     httpx — HTTP Request: GET https://api-fxpractice.oanda.com/v3/instruments/NZD_USD/candles?granularity=M1&from=2026-08-26T02%3A20%3A00Z&to=2026-08-26T08%3A20%3A00Z&price=B "HTTP/1.1 200 OK"
INFO:     httpx — HTTP Request: GET https://api-fxpractice.oanda.com/v3/instruments/NZD_USD/candles?granularity=M1&from=2026-08-26T02%3A20%3A00Z&to=2026-08-26T08%3A20%3A00Z&price=A "HTTP/1.1 200 OK"
INFO:     app.services.pipeline — trailing window refresh complete: {'granularity': 'M1', 'price_types': ['B', 'A'], 'window_start': '2026-08-26T02:20:00.057655+00:00', 'window_end': '2026-08-26T08:20:00.057655+00:00', 'lookback_hours': 6, 'fetched': 1200, 'instruments': 10, 'errors': 0}
INFO:     apscheduler.executors.default — Job "_make_trailing_window_job.<locals>._job (trigger: cron[hour='*', minute='20'], next run at: 2026-08-26 09:20:00 UTC)" executed successfully
INFO:     apscheduler.executors.default — Running job "_shadow_resolver (trigger: cron[hour='*/1', minute='35'], next run at: 2026-08-26 09:35:00 UTC)" (scheduled at 2026-08-26 08:35:00+00:00)
INFO:     app.services.shadow.resolver — shadow resolver: {'checked': 7, 'resolved': 0, 'not_yet': 7, 'forced': 0, 'no_atr': 0, 'failed': 0, 'still_pending': 7, 'by_outcome': {'win': 0, 'loss': 0, 'breakeven': 0}, 'by_decision': {'take': 0, 'skip': 0, 'unscored': 0}}
INFO:     app.services.scheduler — scheduled shadow resolver: {'checked': 7, 'resolved': 0, 'not_yet': 7, 'forced': 0, 'no_atr': 0, 'failed': 0, 'still_pending': 7, 'by_outcome': {'win': 0, 'loss': 0, 'breakeven': 0}, 'by_decision': {'take': 0, 'skip': 0, 'unscored': 0}}
INFO:     apscheduler.executors.default — Job "_shadow_resolver (trigger: cron[hour='*/1', minute='35'], next run at: 2026-08-26 09:35:00 UTC)" executed successfully
INFO:     apscheduler.executors.default — Running job "_make_candle_close_job.<locals>._job (trigger: cron[hour='1,5,9,13,17,21', minute='1'], next run at: 2026-08-26 13:01:00 UTC)" (scheduled at 2026-08-26 09:01:00+00:00)
INFO:     httpx — HTTP Request: GET https://api-fxpractice.oanda.com/v3/instruments/EUR_USD/candles?granularity=H4&from=2026-08-26T05%3A00%3A00Z&to=2026-08-26T09%3A01%3A00Z&price=M "HTTP/1.1 200 OK"
INFO:     httpx — HTTP Request: GET https://api-fxpractice.oanda.com/v3/instruments/USD_CHF/candles?granularity=H4&from=2026-08-26T05%3A00%3A00Z&to=2026-08-26T09%3A01%3A02Z&price=M "HTTP/1.1 401 Unauthorized"
WARNING:     app.services.pipeline — pipeline error for USD_CHF: Client error '401 Unauthorized' for url 'https://api-fxpractice.oanda.com/v3/instruments/USD_CHF/candles?granularity=H4&from=2026-08-26T05%3A00%3A00Z&to=2026-08-26T09%3A01%3A02Z&price=M'
For more information check: https://developer.mozilla.org/en-US/docs/Web/HTTP/Status/401
INFO:     httpx — HTTP Request: GET https://api-fxpractice.oanda.com/v3/instruments/EUR_JPY/candles?granularity=H4&from=2026-08-26T05%3A00%3A00Z&to=2026-08-26T09%3A01%3A09Z&price=M "HTTP/1.1 200 OK"
INFO:     httpx — HTTP Request: GET https://api-fxpractice.oanda.com/v3/accounts/101-003-39159710-001/pricing?instruments=EUR_JPY&includeHomeConversions=true "HTTP/1.1 200 OK"
INFO:     app.services.pipeline — signal approved: EUR_JPY H4 SELL score=3 units=605
INFO:     app.services.shadow.recorder — shadow recorded: EUR_JPY H4 SELL p=0.1885 decision=skip risk=pass model=s1_xgb_v2_c430d22dd1ab.NOT_PROMOTED nan_model_features=0
INFO:     httpx — HTTP Request: GET https://api-fxpractice.oanda.com/v3/instruments/USD_JPY/candles?granularity=H4&from=2026-08-26T05%3A00%3A00Z&to=2026-08-26T09%3A01%3A15Z&price=M "HTTP/1.1 200 OK"
INFO:     httpx — HTTP Request: GET https://api-fxpractice.oanda.com/v3/instruments/GBP_JPY/candles?granularity=H4&from=2026-08-26T05%3A00%3A00Z&to=2026-08-26T09%3A01%3A21Z&price=M "HTTP/1.1 200 OK"
INFO:     app.services.pipeline — signal rejected: GBP_JPY reason=INSUFFICIENT_RR
INFO:     app.services.shadow.recorder — shadow recorded: GBP_JPY H4 SELL p=0.1168 decision=skip risk=reject:INSUFFICIENT_RR model=s1_xgb_v2_c430d22dd1ab.NOT_PROMOTED nan_model_features=0
INFO:     httpx — HTTP Request: GET https://api-fxpractice.oanda.com/v3/instruments/AUD_USD/candles?granularity=H4&from=2026-08-26T05%3A00%3A00Z&to=2026-08-26T09%3A01%3A24Z&price=M "HTTP/1.1 200 OK"
INFO:     httpx — HTTP Request: GET https://api-fxpractice.oanda.com/v3/accounts/101-003-39159710-001/pricing?instruments=AUD_USD&includeHomeConversions=true "HTTP/1.1 200 OK"
INFO:     app.services.pipeline — signal approved: AUD_USD H4 BUY score=3 units=669
INFO:     app.services.shadow.recorder — shadow recorded: AUD_USD H4 BUY p=0.1898 decision=skip risk=pass model=s1_xgb_v2_c430d22dd1ab.NOT_PROMOTED nan_model_features=0
INFO:     httpx — HTTP Request: GET https://api-fxpractice.oanda.com/v3/instruments/GBP_USD/candles?granularity=H4&from=2026-08-26T05%3A00%3A00Z&to=2026-08-26T09%3A01%3A29Z&price=M "HTTP/1.1 200 OK"
INFO:     httpx — HTTP Request: GET https://api-fxpractice.oanda.com/v3/instruments/USD_CAD/candles?granularity=H4&from=2026-08-26T05%3A00%3A00Z&to=2026-08-26T09%3A01%3A31Z&price=M "HTTP/1.1 200 OK"
INFO:     httpx — HTTP Request: GET https://api-fxpractice.oanda.com/v3/accounts/101-003-39159710-001/pricing?instruments=USD_CAD&includeHomeConversions=true "HTTP/1.1 200 OK"
INFO:     app.services.pipeline — signal approved: USD_CAD H4 SELL score=3 units=719
INFO:     app.services.shadow.recorder — shadow recorded: USD_CAD H4 SELL p=0.0722 decision=skip risk=pass model=s1_xgb_v2_c430d22dd1ab.NOT_PROMOTED nan_model_features=0
INFO:     httpx — HTTP Request: GET https://api-fxpractice.oanda.com/v3/instruments/EUR_GBP/candles?granularity=H4&from=2026-08-26T05%3A00%3A00Z&to=2026-08-26T09%3A01%3A35Z&price=M "HTTP/1.1 200 OK"
INFO:     httpx — HTTP Request: GET https://api-fxpractice.oanda.com/v3/instruments/NZD_USD/candles?granularity=H4&from=2026-08-26T05%3A00%3A00Z&to=2026-08-26T09%3A01%3A37Z&price=M "HTTP/1.1 200 OK"
INFO:     app.services.pipeline — pipeline complete: {'granularity': 'H4', 'fetched': 9, 'computed': 9, 'signals': 3, 'rejected': 1, 'errors': 1, 'evaluated': 9, 'shadow_recorded': 4, 'shadow_errors': 0, 'expired': 0, 'shadow_enabled': True}
INFO:     apscheduler.executors.default — Job "_make_candle_close_job.<locals>._job (trigger: cron[hour='1,5,9,13,17,21', minute='1'], next run at: 2026-08-26 13:01:00 UTC)" executed successfully
INFO:     apscheduler.executors.default — Running job "_make_trailing_window_job.<locals>._job (trigger: cron[hour='*', minute='20'], next run at: 2026-08-26 10:20:00 UTC)" (scheduled at 2026-08-26 09:20:00+00:00)
INFO:     httpx — HTTP Request: GET https://api-fxpractice.oanda.com/v3/instruments/EUR_USD/candles?granularity=M1&from=2026-08-26T03%3A20%3A00Z&to=2026-08-26T09%3A20%3A00Z&price=B "HTTP/1.1 200 OK"
INFO:     httpx — HTTP Request: GET https://api-fxpractice.oanda.com/v3/instruments/EUR_USD/candles?granularity=M1&from=2026-08-26T03%3A20%3A00Z&to=2026-08-26T09%3A20%3A00Z&price=A "HTTP/1.1 200 OK"
INFO:     httpx — HTTP Request: GET https://api-fxpractice.oanda.com/v3/instruments/USD_CHF/candles?granularity=M1&from=2026-08-26T03%3A20%3A00Z&to=2026-08-26T09%3A20%3A00Z&price=B "HTTP/1.1 200 OK"
INFO:     httpx — HTTP Request: GET https://api-fxpractice.oanda.com/v3/instruments/USD_CHF/candles?granularity=M1&from=2026-08-26T03%3A20%3A00Z&to=2026-08-26T09%3A20%3A00Z&price=A "HTTP/1.1 200 OK"
INFO:     httpx — HTTP Request: GET https://api-fxpractice.oanda.com/v3/instruments/EUR_JPY/candles?granularity=M1&from=2026-08-26T03%3A20%3A00Z&to=2026-08-26T09%3A20%3A00Z&price=B "HTTP/1.1 200 OK"
INFO:     httpx — HTTP Request: GET https://api-fxpractice.oanda.com/v3/instruments/EUR_JPY/candles?granularity=M1&from=2026-08-26T03%3A20%3A00Z&to=2026-08-26T09%3A20%3A00Z&price=A "HTTP/1.1 200 OK"
INFO:     httpx — HTTP Request: GET https://api-fxpractice.oanda.com/v3/instruments/USD_JPY/candles?granularity=M1&from=2026-08-26T03%3A20%3A00Z&to=2026-08-26T09%3A20%3A00Z&price=B "HTTP/1.1 200 OK"
INFO:     httpx — HTTP Request: GET https://api-fxpractice.oanda.com/v3/instruments/USD_JPY/candles?granularity=M1&from=2026-08-26T03%3A20%3A00Z&to=2026-08-26T09%3A20%3A00Z&price=A "HTTP/1.1 200 OK"
INFO:     httpx — HTTP Request: GET https://api-fxpractice.oanda.com/v3/instruments/GBP_JPY/candles?granularity=M1&from=2026-08-26T03%3A20%3A00Z&to=2026-08-26T09%3A20%3A00Z&price=B "HTTP/1.1 200 OK"
INFO:     httpx — HTTP Request: GET https://api-fxpractice.oanda.com/v3/instruments/GBP_JPY/candles?granularity=M1&from=2026-08-26T03%3A20%3A00Z&to=2026-08-26T09%3A20%3A00Z&price=A "HTTP/1.1 200 OK"
INFO:     httpx — HTTP Request: GET https://api-fxpractice.oanda.com/v3/instruments/AUD_USD/candles?granularity=M1&from=2026-08-26T03%3A20%3A00Z&to=2026-08-26T09%3A20%3A00Z&price=B "HTTP/1.1 200 OK"
INFO:     httpx — HTTP Request: GET https://api-fxpractice.oanda.com/v3/instruments/AUD_USD/candles?granularity=M1&from=2026-08-26T03%3A20%3A00Z&to=2026-08-26T09%3A20%3A00Z&price=A "HTTP/1.1 200 OK"
INFO:     httpx — HTTP Request: GET https://api-fxpractice.oanda.com/v3/instruments/GBP_USD/candles?granularity=M1&from=2026-08-26T03%3A20%3A00Z&to=2026-08-26T09%3A20%3A00Z&price=B "HTTP/1.1 200 OK"
INFO:     httpx — HTTP Request: GET https://api-fxpractice.oanda.com/v3/instruments/GBP_USD/candles?granularity=M1&from=2026-08-26T03%3A20%3A00Z&to=2026-08-26T09%3A20%3A00Z&price=A "HTTP/1.1 200 OK"
INFO:     httpx — HTTP Request: GET https://api-fxpractice.oanda.com/v3/instruments/USD_CAD/candles?granularity=M1&from=2026-08-26T03%3A20%3A00Z&to=2026-08-26T09%3A20%3A00Z&price=B "HTTP/1.1 200 OK"
INFO:     httpx — HTTP Request: GET https://api-fxpractice.oanda.com/v3/instruments/USD_CAD/candles?granularity=M1&from=2026-08-26T03%3A20%3A00Z&to=2026-08-26T09%3A20%3A00Z&price=A "HTTP/1.1 200 OK"
INFO:     httpx — HTTP Request: GET https://api-fxpractice.oanda.com/v3/instruments/EUR_GBP/candles?granularity=M1&from=2026-08-26T03%3A20%3A00Z&to=2026-08-26T09%3A20%3A00Z&price=B "HTTP/1.1 200 OK"
INFO:     httpx — HTTP Request: GET https://api-fxpractice.oanda.com/v3/instruments/EUR_GBP/candles?granularity=M1&from=2026-08-26T03%3A20%3A00Z&to=2026-08-26T09%3A20%3A00Z&price=A "HTTP/1.1 200 OK"
INFO:     httpx — HTTP Request: GET https://api-fxpractice.oanda.com/v3/instruments/NZD_USD/candles?granularity=M1&from=2026-08-26T03%3A20%3A00Z&to=2026-08-26T09%3A20%3A00Z&price=B "HTTP/1.1 200 OK"
INFO:     httpx — HTTP Request: GET https://api-fxpractice.oanda.com/v3/instruments/NZD_USD/candles?granularity=M1&from=2026-08-26T03%3A20%3A00Z&to=2026-08-26T09%3A20%3A00Z&price=A "HTTP/1.1 200 OK"
INFO:     app.services.pipeline — trailing window refresh complete: {'granularity': 'M1', 'price_types': ['B', 'A'], 'window_start': '2026-08-26T03:20:00.005562+00:00', 'window_end': '2026-08-26T09:20:00.005562+00:00', 'lookback_hours': 6, 'fetched': 1200, 'instruments': 10, 'errors': 0}
INFO:     apscheduler.executors.default — Job "_make_trailing_window_job.<locals>._job (trigger: cron[hour='*', minute='20'], next run at: 2026-08-26 10:20:00 UTC)" executed successfully
INFO:     apscheduler.executors.default — Running job "_shadow_resolver (trigger: cron[hour='*/1', minute='35'], next run at: 2026-08-26 10:35:00 UTC)" (scheduled at 2026-08-26 09:35:00+00:00)
INFO:     app.services.shadow.resolver — shadow resolver: {'checked': 11, 'resolved': 0, 'not_yet': 11, 'forced': 0, 'no_atr': 0, 'failed': 0, 'still_pending': 11, 'by_outcome': {'win': 0, 'loss': 0, 'breakeven': 0}, 'by_decision': {'take': 0, 'skip': 0, 'unscored': 0}}
INFO:     app.services.scheduler — scheduled shadow resolver: {'checked': 11, 'resolved': 0, 'not_yet': 11, 'forced': 0, 'no_atr': 0, 'failed': 0, 'still_pending': 11, 'by_outcome': {'win': 0, 'loss': 0, 'breakeven': 0}, 'by_decision': {'take': 0, 'skip': 0, 'unscored': 0}}
INFO:     apscheduler.executors.default — Job "_shadow_resolver (trigger: cron[hour='*/1', minute='35'], next run at: 2026-08-26 10:35:00 UTC)" executed successfully
WARNING:     app.services.price_stream — price stream disconnected (failure 1/10 before escalation): no data (price or heartbeat) from the OANDA pricing stream for 30s (STREAM_HEARTBEAT_TIMEOUT_SECONDS) — treating the connection as dead and forcing a reconnect — retrying in 5s
INFO:     httpx — HTTP Request: GET https://stream-fxpractice.oanda.com/v3/accounts/101-003-39159710-001/pricing/stream?instruments=EUR_USD%2CUSD_CHF%2CEUR_JPY%2CUSD_JPY%2CGBP_JPY%2CAUD_USD%2CGBP_USD%2CUSD_CAD%2CEUR_GBP%2CNZD_USD&snapshot=true "HTTP/1.1 200 OK"
INFO:     app.services.price_stream — price stream RECOVERED after 1 consecutive failure(s) (down 1427.1 min)
WARNING:     apscheduler.executors.default — Run time of job "_shadow_resolver (trigger: cron[hour='*/1', minute='35'], next run at: 2026-08-27 10:35:00 UTC)" was missed by 0:46:13.825152
WARNING:     apscheduler.executors.default — Run time of job "_intraday_fundamentals (trigger: cron[hour='*/4', minute='15'], next run at: 2026-08-27 12:15:00 UTC)" was missed by 2:06:13.860436
INFO:     apscheduler.executors.default — Running job "_make_trailing_window_job.<locals>._job (trigger: cron[hour='*', minute='20'], next run at: 2026-08-27 11:20:00 UTC)" (scheduled at 2026-08-27 10:20:00+00:00)
WARNING:     apscheduler.executors.default — Run time of job "_make_candle_close_job.<locals>._job (trigger: cron[hour='1,5,9,13,17,21', minute='1'], next run at: 2026-08-27 13:01:00 UTC)" was missed by 1:20:13.874718
WARNING:     apscheduler.executors.default — Run time of job "_make_candle_refresh_job.<locals>._job (trigger: cron[hour='23', minute='5'], next run at: 2026-08-27 23:05:00 UTC)" was missed by 11:16:13.952105
WARNING:     apscheduler.executors.default — Run time of job "_daily_circuit_breaker (trigger: cron[hour='0', minute='0'], next run at: 2026-08-28 00:00:00 UTC)" was missed by 10:21:13.969414
INFO:     httpx — HTTP Request: GET https://api-fxpractice.oanda.com/v3/instruments/EUR_USD/candles?granularity=M1&from=2026-08-27T04%3A21%3A13Z&to=2026-08-27T10%3A21%3A13Z&price=B "HTTP/1.1 200 OK"
INFO:     httpx — HTTP Request: GET https://api-fxpractice.oanda.com/v3/instruments/EUR_USD/candles?granularity=M1&from=2026-08-27T04%3A21%3A13Z&to=2026-08-27T10%3A21%3A13Z&price=A "HTTP/1.1 200 OK"
INFO:     httpx — HTTP Request: GET https://api-fxpractice.oanda.com/v3/instruments/USD_CHF/candles?granularity=M1&from=2026-08-27T04%3A21%3A13Z&to=2026-08-27T10%3A21%3A13Z&price=B "HTTP/1.1 200 OK"
INFO:     httpx — HTTP Request: GET https://api-fxpractice.oanda.com/v3/instruments/USD_CHF/candles?granularity=M1&from=2026-08-27T04%3A21%3A13Z&to=2026-08-27T10%3A21%3A13Z&price=A "HTTP/1.1 200 OK"
INFO:     httpx — HTTP Request: GET https://api-fxpractice.oanda.com/v3/instruments/EUR_JPY/candles?granularity=M1&from=2026-08-27T04%3A21%3A13Z&to=2026-08-27T10%3A21%3A13Z&price=B "HTTP/1.1 200 OK"
INFO:     httpx — HTTP Request: GET https://api-fxpractice.oanda.com/v3/instruments/EUR_JPY/candles?granularity=M1&from=2026-08-27T04%3A21%3A13Z&to=2026-08-27T10%3A21%3A13Z&price=A "HTTP/1.1 200 OK"
INFO:     httpx — HTTP Request: GET https://api-fxpractice.oanda.com/v3/instruments/USD_JPY/candles?granularity=M1&from=2026-08-27T04%3A21%3A13Z&to=2026-08-27T10%3A21%3A13Z&price=B "HTTP/1.1 200 OK"
INFO:     httpx — HTTP Request: GET https://api-fxpractice.oanda.com/v3/instruments/USD_JPY/candles?granularity=M1&from=2026-08-27T04%3A21%3A13Z&to=2026-08-27T10%3A21%3A13Z&price=A "HTTP/1.1 200 OK"
INFO:     httpx — HTTP Request: GET https://api-fxpractice.oanda.com/v3/instruments/GBP_JPY/candles?granularity=M1&from=2026-08-27T04%3A21%3A13Z&to=2026-08-27T10%3A21%3A13Z&price=B "HTTP/1.1 200 OK"
INFO:     httpx — HTTP Request: GET https://api-fxpractice.oanda.com/v3/instruments/GBP_JPY/candles?granularity=M1&from=2026-08-27T04%3A21%3A13Z&to=2026-08-27T10%3A21%3A13Z&price=A "HTTP/1.1 200 OK"
INFO:     httpx — HTTP Request: GET https://api-fxpractice.oanda.com/v3/instruments/AUD_USD/candles?granularity=M1&from=2026-08-27T04%3A21%3A13Z&to=2026-08-27T10%3A21%3A13Z&price=B "HTTP/1.1 200 OK"
INFO:     httpx — HTTP Request: GET https://api-fxpractice.oanda.com/v3/instruments/AUD_USD/candles?granularity=M1&from=2026-08-27T04%3A21%3A13Z&to=2026-08-27T10%3A21%3A13Z&price=A "HTTP/1.1 200 OK"
INFO:     httpx — HTTP Request: GET https://api-fxpractice.oanda.com/v3/instruments/GBP_USD/candles?granularity=M1&from=2026-08-27T04%3A21%3A13Z&to=2026-08-27T10%3A21%3A13Z&price=B "HTTP/1.1 200 OK"
INFO:     httpx — HTTP Request: GET https://api-fxpractice.oanda.com/v3/instruments/GBP_USD/candles?granularity=M1&from=2026-08-27T04%3A21%3A13Z&to=2026-08-27T10%3A21%3A13Z&price=A "HTTP/1.1 200 OK"
INFO:     httpx — HTTP Request: GET https://api-fxpractice.oanda.com/v3/instruments/USD_CAD/candles?granularity=M1&from=2026-08-27T04%3A21%3A13Z&to=2026-08-27T10%3A21%3A13Z&price=B "HTTP/1.1 200 OK"
INFO:     httpx — HTTP Request: GET https://api-fxpractice.oanda.com/v3/instruments/USD_CAD/candles?granularity=M1&from=2026-08-27T04%3A21%3A13Z&to=2026-08-27T10%3A21%3A13Z&price=A "HTTP/1.1 200 OK"
INFO:     httpx — HTTP Request: GET https://api-fxpractice.oanda.com/v3/instruments/EUR_GBP/candles?granularity=M1&from=2026-08-27T04%3A21%3A13Z&to=2026-08-27T10%3A21%3A13Z&price=B "HTTP/1.1 200 OK"
INFO:     httpx — HTTP Request: GET https://api-fxpractice.oanda.com/v3/instruments/EUR_GBP/candles?granularity=M1&from=2026-08-27T04%3A21%3A13Z&to=2026-08-27T10%3A21%3A13Z&price=A "HTTP/1.1 200 OK"
INFO:     httpx — HTTP Request: GET https://api-fxpractice.oanda.com/v3/instruments/NZD_USD/candles?granularity=M1&from=2026-08-27T04%3A21%3A13Z&to=2026-08-27T10%3A21%3A13Z&price=B "HTTP/1.1 200 OK"
INFO:     httpx — HTTP Request: GET https://api-fxpractice.oanda.com/v3/instruments/NZD_USD/candles?granularity=M1&from=2026-08-27T04%3A21%3A13Z&to=2026-08-27T10%3A21%3A13Z&price=A "HTTP/1.1 200 OK"
INFO:     app.services.pipeline — trailing window refresh complete: {'granularity': 'M1', 'price_types': ['B', 'A'], 'window_start': '2026-08-27T04:21:13.898814+00:00', 'window_end': '2026-08-27T10:21:13.898814+00:00', 'lookback_hours': 6, 'fetched': 7198, 'instruments': 10, 'errors': 0}
INFO:     apscheduler.executors.default — Job "_make_trailing_window_job.<locals>._job (trigger: cron[hour='*', minute='20'], next run at: 2026-08-27 11:20:00 UTC)" executed successfully
WARNING:     apscheduler.executors.default — Run time of job "_shadow_resolver (trigger: cron[hour='*/1', minute='35'], next run at: 2026-08-27 12:35:00 UTC)" was missed by 0:29:03.158100
WARNING:     apscheduler.executors.default — Run time of job "_make_trailing_window_job.<locals>._job (trigger: cron[hour='*', minute='20'], next run at: 2026-08-27 12:20:00 UTC)" was missed by 0:44:03.159952
WARNING:     app.services.price_stream — price stream disconnected (failure 1/10 before escalation): no data (price or heartbeat) from the OANDA pricing stream for 30s (STREAM_HEARTBEAT_TIMEOUT_SECONDS) — treating the connection as dead and forcing a reconnect — retrying in 5s
INFO:     httpx — HTTP Request: GET https://stream-fxpractice.oanda.com/v3/accounts/101-003-39159710-001/pricing/stream?instruments=EUR_USD%2CUSD_CHF%2CEUR_JPY%2CUSD_JPY%2CGBP_JPY%2CAUD_USD%2CGBP_USD%2CUSD_CAD%2CEUR_GBP%2CNZD_USD&snapshot=true "HTTP/1.1 200 OK"
INFO:     app.services.price_stream — price stream RECOVERED after 1 consecutive failure(s) (down 32.6 min)
WARNING:     apscheduler.executors.default — Run time of job "_intraday_fundamentals (trigger: cron[hour='*/4', minute='15'], next run at: 2026-08-27 16:15:00 UTC)" was missed by 0:32:22.054902
WARNING:     apscheduler.executors.default — Run time of job "_make_trailing_window_job.<locals>._job (trigger: cron[hour='*', minute='20'], next run at: 2026-08-27 13:20:00 UTC)" was missed by 0:27:22.057771
WARNING:     apscheduler.executors.default — Run time of job "_shadow_resolver (trigger: cron[hour='*/1', minute='35'], next run at: 2026-08-27 13:35:00 UTC)" was missed by 0:12:22.058305
WARNING:     app.services.price_stream — price stream disconnected (failure 1/10 before escalation): no data (price or heartbeat) from the OANDA pricing stream for 30s (STREAM_HEARTBEAT_TIMEOUT_SECONDS) — treating the connection as dead and forcing a reconnect — retrying in 5s
INFO:     httpx — HTTP Request: GET https://stream-fxpractice.oanda.com/v3/accounts/101-003-39159710-001/pricing/stream?instruments=EUR_USD%2CUSD_CHF%2CEUR_JPY%2CUSD_JPY%2CGBP_JPY%2CAUD_USD%2CGBP_USD%2CUSD_CAD%2CEUR_GBP%2CNZD_USD&snapshot=true "HTTP/1.1 200 OK"
INFO:     app.services.price_stream — price stream RECOVERED after 1 consecutive failure(s) (down 0.2 min)
INFO:     apscheduler.executors.default — Running job "_make_candle_close_job.<locals>._job (trigger: cron[hour='1,5,9,13,17,21', minute='1'], next run at: 2026-08-27 17:01:00 UTC)" (scheduled at 2026-08-27 13:01:00+00:00)
INFO:     httpx — HTTP Request: GET https://api-fxpractice.oanda.com/v3/instruments/EUR_USD/candles?granularity=H4&from=2026-08-26T09%3A00%3A00Z&to=2026-08-27T13%3A05%3A25Z&price=M "HTTP/1.1 200 OK"
INFO:     httpx — HTTP Request: GET https://api-fxpractice.oanda.com/v3/accounts/101-003-39159710-001/pricing?instruments=EUR_USD&includeHomeConversions=true "HTTP/1.1 200 OK"
INFO:     app.services.pipeline — signal approved: EUR_USD H4 BUY score=3 units=781
INFO:     app.services.shadow.recorder — shadow recorded: EUR_USD H4 BUY p=0.1009 decision=skip risk=pass model=s1_xgb_v2_c430d22dd1ab.NOT_PROMOTED nan_model_features=0
INFO:     httpx — HTTP Request: GET https://api-fxpractice.oanda.com/v3/instruments/USD_CHF/candles?granularity=H4&from=2026-08-26T05%3A00%3A00Z&to=2026-08-27T13%3A05%3A31Z&price=M "HTTP/1.1 200 OK"
INFO:     httpx — HTTP Request: GET https://api-fxpractice.oanda.com/v3/accounts/101-003-39159710-001/pricing?instruments=USD_CHF&includeHomeConversions=true "HTTP/1.1 200 OK"
INFO:     app.services.pipeline — signal approved: USD_CHF H4 BUY score=3 units=575
WARNING:     app.services.shadow.recorder — shadow: USD_CHF @ 2026-08-27 13:00:01 has 1/19 NaN model-core features (max 0) — row is RECORDED but is NOT comparable to the training corpus; check macro feed freshness. NaN keys: policy_rate_differential
INFO:     app.services.shadow.recorder — shadow recorded: USD_CHF H4 BUY p=0.1624 decision=skip risk=pass model=s1_xgb_v2_c430d22dd1ab.NOT_PROMOTED nan_model_features=1
INFO:     httpx — HTTP Request: GET https://api-fxpractice.oanda.com/v3/instruments/EUR_JPY/candles?granularity=H4&from=2026-08-26T09%3A00%3A00Z&to=2026-08-27T13%3A05%3A34Z&price=M "HTTP/1.1 200 OK"
INFO:     app.services.pipeline — signal rejected: EUR_JPY reason=INSUFFICIENT_RR
INFO:     app.services.shadow.recorder — shadow recorded: EUR_JPY H4 SELL p=0.1206 decision=skip risk=reject:INSUFFICIENT_RR model=s1_xgb_v2_c430d22dd1ab.NOT_PROMOTED nan_model_features=0
INFO:     httpx — HTTP Request: GET https://api-fxpractice.oanda.com/v3/instruments/USD_JPY/candles?granularity=H4&from=2026-08-26T09%3A00%3A00Z&to=2026-08-27T13%3A05%3A36Z&price=M "HTTP/1.1 200 OK"
INFO:     app.services.pipeline — signal rejected: USD_JPY reason=INSUFFICIENT_RR
INFO:     app.services.shadow.recorder — shadow recorded: USD_JPY H4 SELL p=0.0870 decision=skip risk=reject:INSUFFICIENT_RR model=s1_xgb_v2_c430d22dd1ab.NOT_PROMOTED nan_model_features=0
INFO:     httpx — HTTP Request: GET https://api-fxpractice.oanda.com/v3/instruments/GBP_JPY/candles?granularity=H4&from=2026-08-26T09%3A00%3A00Z&to=2026-08-27T13%3A05%3A38Z&price=M "HTTP/1.1 200 OK"
INFO:     httpx — HTTP Request: GET https://api-fxpractice.oanda.com/v3/accounts/101-003-39159710-001/pricing?instruments=GBP_JPY&includeHomeConversions=true "HTTP/1.1 200 OK"
INFO:     app.services.pipeline — signal rejected: GBP_JPY reason=CORRELATED_POSITION_EXISTS
INFO:     app.services.shadow.recorder — shadow recorded: GBP_JPY H4 SELL p=0.1259 decision=skip risk=reject:CORRELATED_POSITION_EXISTS model=s1_xgb_v2_c430d22dd1ab.NOT_PROMOTED nan_model_features=0
INFO:     httpx — HTTP Request: GET https://api-fxpractice.oanda.com/v3/instruments/AUD_USD/candles?granularity=H4&from=2026-08-26T09%3A00%3A00Z&to=2026-08-27T13%3A05%3A42Z&price=M "HTTP/1.1 200 OK"
INFO:     httpx — HTTP Request: GET https://api-fxpractice.oanda.com/v3/accounts/101-003-39159710-001/pricing?instruments=AUD_USD&includeHomeConversions=true "HTTP/1.1 200 OK"
INFO:     app.services.pipeline — signal approved: AUD_USD H4 BUY score=3 units=735
INFO:     app.services.shadow.recorder — shadow recorded: AUD_USD H4 BUY p=0.1977 decision=skip risk=pass model=s1_xgb_v2_c430d22dd1ab.NOT_PROMOTED nan_model_features=0
INFO:     httpx — HTTP Request: GET https://api-fxpractice.oanda.com/v3/instruments/GBP_USD/candles?granularity=H4&from=2026-08-26T09%3A00%3A00Z&to=2026-08-27T13%3A05%3A45Z&price=M "HTTP/1.1 200 OK"
INFO:     httpx — HTTP Request: GET https://api-fxpractice.oanda.com/v3/accounts/101-003-39159710-001/pricing?instruments=GBP_USD&includeHomeConversions=true "HTTP/1.1 200 OK"
INFO:     app.services.pipeline — signal rejected: GBP_USD reason=CORRELATED_POSITION_EXISTS
INFO:     app.services.shadow.recorder — shadow recorded: GBP_USD H4 BUY p=0.1089 decision=skip risk=reject:CORRELATED_POSITION_EXISTS model=s1_xgb_v2_c430d22dd1ab.NOT_PROMOTED nan_model_features=0
INFO:     httpx — HTTP Request: GET https://api-fxpractice.oanda.com/v3/instruments/USD_CAD/candles?granularity=H4&from=2026-08-26T09%3A00%3A00Z&to=2026-08-27T13%3A05%3A49Z&price=M "HTTP/1.1 200 OK"
INFO:     httpx — HTTP Request: GET https://api-fxpractice.oanda.com/v3/accounts/101-003-39159710-001/pricing?instruments=USD_CAD&includeHomeConversions=true "HTTP/1.1 200 OK"
INFO:     app.services.pipeline — signal approved: USD_CAD H4 SELL score=3 units=786
INFO:     app.services.shadow.recorder — shadow recorded: USD_CAD H4 SELL p=0.0595 decision=skip risk=pass model=s1_xgb_v2_c430d22dd1ab.NOT_PROMOTED nan_model_features=0
INFO:     httpx — HTTP Request: GET https://api-fxpractice.oanda.com/v3/instruments/EUR_GBP/candles?granularity=H4&from=2026-08-26T09%3A00%3A00Z&to=2026-08-27T13%3A05%3A54Z&price=M "HTTP/1.1 200 OK"
INFO:     app.services.pipeline — signal rejected: EUR_GBP reason=INSUFFICIENT_RR
INFO:     app.services.shadow.recorder — shadow recorded: EUR_GBP H4 SELL p=0.0557 decision=skip risk=reject:INSUFFICIENT_RR model=s1_xgb_v2_c430d22dd1ab.NOT_PROMOTED nan_model_features=0
INFO:     httpx — HTTP Request: GET https://api-fxpractice.oanda.com/v3/instruments/NZD_USD/candles?granularity=H4&from=2026-08-26T09%3A00%3A00Z&to=2026-08-27T13%3A05%3A56Z&price=M "HTTP/1.1 200 OK"
INFO:     app.services.pipeline — pipeline complete: {'granularity': 'H4', 'fetched': 71, 'computed': 71, 'signals': 4, 'rejected': 5, 'errors': 0, 'evaluated': 10, 'shadow_recorded': 9, 'shadow_errors': 0, 'expired': 0, 'shadow_enabled': True}
INFO:     apscheduler.executors.default — Job "_make_candle_close_job.<locals>._job (trigger: cron[hour='1,5,9,13,17,21', minute='1'], next run at: 2026-08-27 17:01:00 UTC)" executed successfully
INFO:     apscheduler.executors.default — Running job "_make_trailing_window_job.<locals>._job (trigger: cron[hour='*', minute='20'], next run at: 2026-08-27 14:20:00 UTC)" (scheduled at 2026-08-27 13:20:00+00:00)
INFO:     httpx — HTTP Request: GET https://api-fxpractice.oanda.com/v3/instruments/EUR_USD/candles?granularity=M1&from=2026-08-27T07%3A20%3A00Z&to=2026-08-27T13%3A20%3A00Z&price=B "HTTP/1.1 200 OK"
INFO:     httpx — HTTP Request: GET https://api-fxpractice.oanda.com/v3/instruments/EUR_USD/candles?granularity=M1&from=2026-08-27T07%3A20%3A00Z&to=2026-08-27T13%3A20%3A00Z&price=A "HTTP/1.1 200 OK"
INFO:     httpx — HTTP Request: GET https://api-fxpractice.oanda.com/v3/instruments/USD_CHF/candles?granularity=M1&from=2026-08-27T07%3A20%3A00Z&to=2026-08-27T13%3A20%3A00Z&price=B "HTTP/1.1 200 OK"
INFO:     httpx — HTTP Request: GET https://api-fxpractice.oanda.com/v3/instruments/USD_CHF/candles?granularity=M1&from=2026-08-27T07%3A20%3A00Z&to=2026-08-27T13%3A20%3A00Z&price=A "HTTP/1.1 200 OK"
INFO:     httpx — HTTP Request: GET https://api-fxpractice.oanda.com/v3/instruments/EUR_JPY/candles?granularity=M1&from=2026-08-27T07%3A20%3A00Z&to=2026-08-27T13%3A20%3A00Z&price=B "HTTP/1.1 200 OK"
INFO:     httpx — HTTP Request: GET https://api-fxpractice.oanda.com/v3/instruments/EUR_JPY/candles?granularity=M1&from=2026-08-27T07%3A20%3A00Z&to=2026-08-27T13%3A20%3A00Z&price=A "HTTP/1.1 200 OK"
INFO:     httpx — HTTP Request: GET https://api-fxpractice.oanda.com/v3/instruments/USD_JPY/candles?granularity=M1&from=2026-08-27T07%3A20%3A00Z&to=2026-08-27T13%3A20%3A00Z&price=B "HTTP/1.1 200 OK"
INFO:     httpx — HTTP Request: GET https://api-fxpractice.oanda.com/v3/instruments/USD_JPY/candles?granularity=M1&from=2026-08-27T07%3A20%3A00Z&to=2026-08-27T13%3A20%3A00Z&price=A "HTTP/1.1 200 OK"
INFO:     httpx — HTTP Request: GET https://api-fxpractice.oanda.com/v3/instruments/GBP_JPY/candles?granularity=M1&from=2026-08-27T07%3A20%3A00Z&to=2026-08-27T13%3A20%3A00Z&price=B "HTTP/1.1 200 OK"
INFO:     httpx — HTTP Request: GET https://api-fxpractice.oanda.com/v3/instruments/GBP_JPY/candles?granularity=M1&from=2026-08-27T07%3A20%3A00Z&to=2026-08-27T13%3A20%3A00Z&price=A "HTTP/1.1 200 OK"
INFO:     httpx — HTTP Request: GET https://api-fxpractice.oanda.com/v3/instruments/AUD_USD/candles?granularity=M1&from=2026-08-27T07%3A20%3A00Z&to=2026-08-27T13%3A20%3A00Z&price=B "HTTP/1.1 200 OK"
INFO:     httpx — HTTP Request: GET https://api-fxpractice.oanda.com/v3/instruments/AUD_USD/candles?granularity=M1&from=2026-08-27T07%3A20%3A00Z&to=2026-08-27T13%3A20%3A00Z&price=A "HTTP/1.1 200 OK"
INFO:     httpx — HTTP Request: GET https://api-fxpractice.oanda.com/v3/instruments/GBP_USD/candles?granularity=M1&from=2026-08-27T07%3A20%3A00Z&to=2026-08-27T13%3A20%3A00Z&price=B "HTTP/1.1 200 OK"
INFO:     httpx — HTTP Request: GET https://api-fxpractice.oanda.com/v3/instruments/GBP_USD/candles?granularity=M1&from=2026-08-27T07%3A20%3A00Z&to=2026-08-27T13%3A20%3A00Z&price=A "HTTP/1.1 200 OK"
INFO:     httpx — HTTP Request: GET https://api-fxpractice.oanda.com/v3/instruments/USD_CAD/candles?granularity=M1&from=2026-08-27T07%3A20%3A00Z&to=2026-08-27T13%3A20%3A00Z&price=B "HTTP/1.1 200 OK"
INFO:     httpx — HTTP Request: GET https://api-fxpractice.oanda.com/v3/instruments/USD_CAD/candles?granularity=M1&from=2026-08-27T07%3A20%3A00Z&to=2026-08-27T13%3A20%3A00Z&price=A "HTTP/1.1 200 OK"
INFO:     httpx — HTTP Request: GET https://api-fxpractice.oanda.com/v3/instruments/EUR_GBP/candles?granularity=M1&from=2026-08-27T07%3A20%3A00Z&to=2026-08-27T13%3A20%3A00Z&price=B "HTTP/1.1 200 OK"
INFO:     httpx — HTTP Request: GET https://api-fxpractice.oanda.com/v3/instruments/EUR_GBP/candles?granularity=M1&from=2026-08-27T07%3A20%3A00Z&to=2026-08-27T13%3A20%3A00Z&price=A "HTTP/1.1 200 OK"
INFO:     httpx — HTTP Request: GET https://api-fxpractice.oanda.com/v3/instruments/NZD_USD/candles?granularity=M1&from=2026-08-27T07%3A20%3A00Z&to=2026-08-27T13%3A20%3A00Z&price=B "HTTP/1.1 200 OK"
INFO:     httpx — HTTP Request: GET https://api-fxpractice.oanda.com/v3/instruments/NZD_USD/candles?granularity=M1&from=2026-08-27T07%3A20%3A00Z&to=2026-08-27T13%3A20%3A00Z&price=A "HTTP/1.1 200 OK"
INFO:     app.services.pipeline — trailing window refresh complete: {'granularity': 'M1', 'price_types': ['B', 'A'], 'window_start': '2026-08-27T07:20:00.030455+00:00', 'window_end': '2026-08-27T13:20:00.030455+00:00', 'lookback_hours': 6, 'fetched': 3574, 'instruments': 10, 'errors': 0}
INFO:     apscheduler.executors.default — Job "_make_trailing_window_job.<locals>._job (trigger: cron[hour='*', minute='20'], next run at: 2026-08-27 14:20:00 UTC)" executed successfully
INFO:     apscheduler.executors.default — Running job "_shadow_resolver (trigger: cron[hour='*/1', minute='35'], next run at: 2026-08-27 14:35:00 UTC)" (scheduled at 2026-08-27 13:35:00+00:00)
INFO:     app.services.shadow.resolver — shadow resolver: {'checked': 20, 'resolved': 0, 'not_yet': 20, 'forced': 0, 'no_atr': 0, 'failed': 0, 'still_pending': 20, 'by_outcome': {'win': 0, 'loss': 0, 'breakeven': 0}, 'by_decision': {'take': 0, 'skip': 0, 'unscored': 0}}
INFO:     app.services.scheduler — scheduled shadow resolver: {'checked': 20, 'resolved': 0, 'not_yet': 20, 'forced': 0, 'no_atr': 0, 'failed': 0, 'still_pending': 20, 'by_outcome': {'win': 0, 'loss': 0, 'breakeven': 0}, 'by_decision': {'take': 0, 'skip': 0, 'unscored': 0}}
INFO:     apscheduler.executors.default — Job "_shadow_resolver (trigger: cron[hour='*/1', minute='35'], next run at: 2026-08-27 14:35:00 UTC)" executed successfully
INFO:     apscheduler.executors.default — Running job "_make_trailing_window_job.<locals>._job (trigger: cron[hour='*', minute='20'], next run at: 2026-08-27 15:20:00 UTC)" (scheduled at 2026-08-27 14:20:00+00:00)
INFO:     httpx — HTTP Request: GET https://api-fxpractice.oanda.com/v3/instruments/EUR_USD/candles?granularity=M1&from=2026-08-27T08%3A20%3A00Z&to=2026-08-27T14%3A20%3A00Z&price=B "HTTP/1.1 200 OK"
INFO:     httpx — HTTP Request: GET https://api-fxpractice.oanda.com/v3/instruments/EUR_USD/candles?granularity=M1&from=2026-08-27T08%3A20%3A00Z&to=2026-08-27T14%3A20%3A00Z&price=A "HTTP/1.1 200 OK"
INFO:     httpx — HTTP Request: GET https://api-fxpractice.oanda.com/v3/instruments/USD_CHF/candles?granularity=M1&from=2026-08-27T08%3A20%3A00Z&to=2026-08-27T14%3A20%3A00Z&price=B "HTTP/1.1 200 OK"
INFO:     httpx — HTTP Request: GET https://api-fxpractice.oanda.com/v3/instruments/USD_CHF/candles?granularity=M1&from=2026-08-27T08%3A20%3A00Z&to=2026-08-27T14%3A20%3A00Z&price=A "HTTP/1.1 200 OK"
INFO:     httpx — HTTP Request: GET https://api-fxpractice.oanda.com/v3/instruments/EUR_JPY/candles?granularity=M1&from=2026-08-27T08%3A20%3A00Z&to=2026-08-27T14%3A20%3A00Z&price=B "HTTP/1.1 200 OK"
INFO:     httpx — HTTP Request: GET https://api-fxpractice.oanda.com/v3/instruments/EUR_JPY/candles?granularity=M1&from=2026-08-27T08%3A20%3A00Z&to=2026-08-27T14%3A20%3A00Z&price=A "HTTP/1.1 200 OK"
INFO:     httpx — HTTP Request: GET https://api-fxpractice.oanda.com/v3/instruments/USD_JPY/candles?granularity=M1&from=2026-08-27T08%3A20%3A00Z&to=2026-08-27T14%3A20%3A00Z&price=B "HTTP/1.1 200 OK"
INFO:     httpx — HTTP Request: GET https://api-fxpractice.oanda.com/v3/instruments/USD_JPY/candles?granularity=M1&from=2026-08-27T08%3A20%3A00Z&to=2026-08-27T14%3A20%3A00Z&price=A "HTTP/1.1 200 OK"
INFO:     httpx — HTTP Request: GET https://api-fxpractice.oanda.com/v3/instruments/GBP_JPY/candles?granularity=M1&from=2026-08-27T08%3A20%3A00Z&to=2026-08-27T14%3A20%3A00Z&price=B "HTTP/1.1 200 OK"
INFO:     httpx — HTTP Request: GET https://api-fxpractice.oanda.com/v3/instruments/GBP_JPY/candles?granularity=M1&from=2026-08-27T08%3A20%3A00Z&to=2026-08-27T14%3A20%3A00Z&price=A "HTTP/1.1 200 OK"
INFO:     httpx — HTTP Request: GET https://api-fxpractice.oanda.com/v3/instruments/AUD_USD/candles?granularity=M1&from=2026-08-27T08%3A20%3A00Z&to=2026-08-27T14%3A20%3A00Z&price=B "HTTP/1.1 200 OK"
INFO:     httpx — HTTP Request: GET https://api-fxpractice.oanda.com/v3/instruments/AUD_USD/candles?granularity=M1&from=2026-08-27T08%3A20%3A00Z&to=2026-08-27T14%3A20%3A00Z&price=A "HTTP/1.1 200 OK"
INFO:     httpx — HTTP Request: GET https://api-fxpractice.oanda.com/v3/instruments/GBP_USD/candles?granularity=M1&from=2026-08-27T08%3A20%3A00Z&to=2026-08-27T14%3A20%3A00Z&price=B "HTTP/1.1 200 OK"
INFO:     httpx — HTTP Request: GET https://api-fxpractice.oanda.com/v3/instruments/GBP_USD/candles?granularity=M1&from=2026-08-27T08%3A20%3A00Z&to=2026-08-27T14%3A20%3A00Z&price=A "HTTP/1.1 200 OK"
INFO:     httpx — HTTP Request: GET https://api-fxpractice.oanda.com/v3/instruments/USD_CAD/candles?granularity=M1&from=2026-08-27T08%3A20%3A00Z&to=2026-08-27T14%3A20%3A00Z&price=B "HTTP/1.1 200 OK"
INFO:     httpx — HTTP Request: GET https://api-fxpractice.oanda.com/v3/instruments/USD_CAD/candles?granularity=M1&from=2026-08-27T08%3A20%3A00Z&to=2026-08-27T14%3A20%3A00Z&price=A "HTTP/1.1 200 OK"
INFO:     httpx — HTTP Request: GET https://api-fxpractice.oanda.com/v3/instruments/EUR_GBP/candles?granularity=M1&from=2026-08-27T08%3A20%3A00Z&to=2026-08-27T14%3A20%3A00Z&price=B "HTTP/1.1 200 OK"
INFO:     httpx — HTTP Request: GET https://api-fxpractice.oanda.com/v3/instruments/EUR_GBP/candles?granularity=M1&from=2026-08-27T08%3A20%3A00Z&to=2026-08-27T14%3A20%3A00Z&price=A "HTTP/1.1 200 OK"
INFO:     httpx — HTTP Request: GET https://api-fxpractice.oanda.com/v3/instruments/NZD_USD/candles?granularity=M1&from=2026-08-27T08%3A20%3A00Z&to=2026-08-27T14%3A20%3A00Z&price=B "HTTP/1.1 200 OK"
INFO:     httpx — HTTP Request: GET https://api-fxpractice.oanda.com/v3/instruments/NZD_USD/candles?granularity=M1&from=2026-08-27T08%3A20%3A00Z&to=2026-08-27T14%3A20%3A00Z&price=A "HTTP/1.1 200 OK"
INFO:     app.services.pipeline — trailing window refresh complete: {'granularity': 'M1', 'price_types': ['B', 'A'], 'window_start': '2026-08-27T08:20:00.069692+00:00', 'window_end': '2026-08-27T14:20:00.069692+00:00', 'lookback_hours': 6, 'fetched': 1202, 'instruments': 10, 'errors': 0}
INFO:     apscheduler.executors.default — Job "_make_trailing_window_job.<locals>._job (trigger: cron[hour='*', minute='20'], next run at: 2026-08-27 15:20:00 UTC)" executed successfully
INFO:     apscheduler.executors.default — Running job "_shadow_resolver (trigger: cron[hour='*/1', minute='35'], next run at: 2026-08-27 15:35:00 UTC)" (scheduled at 2026-08-27 14:35:00+00:00)
INFO:     app.services.shadow.resolver — shadow resolver: {'checked': 20, 'resolved': 0, 'not_yet': 20, 'forced': 0, 'no_atr': 0, 'failed': 0, 'still_pending': 20, 'by_outcome': {'win': 0, 'loss': 0, 'breakeven': 0}, 'by_decision': {'take': 0, 'skip': 0, 'unscored': 0}}
INFO:     app.services.scheduler — scheduled shadow resolver: {'checked': 20, 'resolved': 0, 'not_yet': 20, 'forced': 0, 'no_atr': 0, 'failed': 0, 'still_pending': 20, 'by_outcome': {'win': 0, 'loss': 0, 'breakeven': 0}, 'by_decision': {'take': 0, 'skip': 0, 'unscored': 0}}
INFO:     apscheduler.executors.default — Job "_shadow_resolver (trigger: cron[hour='*/1', minute='35'], next run at: 2026-08-27 15:35:00 UTC)" executed successfully
INFO:     apscheduler.executors.default — Running job "_make_trailing_window_job.<locals>._job (trigger: cron[hour='*', minute='20'], next run at: 2026-08-27 16:20:00 UTC)" (scheduled at 2026-08-27 15:20:00+00:00)
INFO:     httpx — HTTP Request: GET https://api-fxpractice.oanda.com/v3/instruments/EUR_USD/candles?granularity=M1&from=2026-08-27T09%3A20%3A00Z&to=2026-08-27T15%3A20%3A00Z&price=B "HTTP/1.1 200 OK"
INFO:     httpx — HTTP Request: GET https://api-fxpractice.oanda.com/v3/instruments/EUR_USD/candles?granularity=M1&from=2026-08-27T09%3A20%3A00Z&to=2026-08-27T15%3A20%3A00Z&price=A "HTTP/1.1 200 OK"
INFO:     httpx — HTTP Request: GET https://api-fxpractice.oanda.com/v3/instruments/USD_CHF/candles?granularity=M1&from=2026-08-27T09%3A20%3A00Z&to=2026-08-27T15%3A20%3A00Z&price=B "HTTP/1.1 200 OK"
INFO:     httpx — HTTP Request: GET https://api-fxpractice.oanda.com/v3/instruments/USD_CHF/candles?granularity=M1&from=2026-08-27T09%3A20%3A00Z&to=2026-08-27T15%3A20%3A00Z&price=A "HTTP/1.1 200 OK"
INFO:     httpx — HTTP Request: GET https://api-fxpractice.oanda.com/v3/instruments/EUR_JPY/candles?granularity=M1&from=2026-08-27T09%3A20%3A00Z&to=2026-08-27T15%3A20%3A00Z&price=B "HTTP/1.1 200 OK"
INFO:     httpx — HTTP Request: GET https://api-fxpractice.oanda.com/v3/instruments/EUR_JPY/candles?granularity=M1&from=2026-08-27T09%3A20%3A00Z&to=2026-08-27T15%3A20%3A00Z&price=A "HTTP/1.1 200 OK"
INFO:     httpx — HTTP Request: GET https://api-fxpractice.oanda.com/v3/instruments/USD_JPY/candles?granularity=M1&from=2026-08-27T09%3A20%3A00Z&to=2026-08-27T15%3A20%3A00Z&price=B "HTTP/1.1 200 OK"
INFO:     httpx — HTTP Request: GET https://api-fxpractice.oanda.com/v3/instruments/USD_JPY/candles?granularity=M1&from=2026-08-27T09%3A20%3A00Z&to=2026-08-27T15%3A20%3A00Z&price=A "HTTP/1.1 200 OK"
INFO:     httpx — HTTP Request: GET https://api-fxpractice.oanda.com/v3/instruments/GBP_JPY/candles?granularity=M1&from=2026-08-27T09%3A20%3A00Z&to=2026-08-27T15%3A20%3A00Z&price=B "HTTP/1.1 200 OK"
INFO:     httpx — HTTP Request: GET https://api-fxpractice.oanda.com/v3/instruments/GBP_JPY/candles?granularity=M1&from=2026-08-27T09%3A20%3A00Z&to=2026-08-27T15%3A20%3A00Z&price=A "HTTP/1.1 200 OK"
INFO:     httpx — HTTP Request: GET https://api-fxpractice.oanda.com/v3/instruments/AUD_USD/candles?granularity=M1&from=2026-08-27T09%3A20%3A00Z&to=2026-08-27T15%3A20%3A00Z&price=B "HTTP/1.1 200 OK"
INFO:     httpx — HTTP Request: GET https://api-fxpractice.oanda.com/v3/instruments/AUD_USD/candles?granularity=M1&from=2026-08-27T09%3A20%3A00Z&to=2026-08-27T15%3A20%3A00Z&price=A "HTTP/1.1 200 OK"
INFO:     httpx — HTTP Request: GET https://api-fxpractice.oanda.com/v3/instruments/GBP_USD/candles?granularity=M1&from=2026-08-27T09%3A20%3A00Z&to=2026-08-27T15%3A20%3A00Z&price=B "HTTP/1.1 200 OK"
INFO:     httpx — HTTP Request: GET https://api-fxpractice.oanda.com/v3/instruments/GBP_USD/candles?granularity=M1&from=2026-08-27T09%3A20%3A00Z&to=2026-08-27T15%3A20%3A00Z&price=A "HTTP/1.1 200 OK"
INFO:     httpx — HTTP Request: GET https://api-fxpractice.oanda.com/v3/instruments/USD_CAD/candles?granularity=M1&from=2026-08-27T09%3A20%3A00Z&to=2026-08-27T15%3A20%3A00Z&price=B "HTTP/1.1 200 OK"
INFO:     httpx — HTTP Request: GET https://api-fxpractice.oanda.com/v3/instruments/USD_CAD/candles?granularity=M1&from=2026-08-27T09%3A20%3A00Z&to=2026-08-27T15%3A20%3A00Z&price=A "HTTP/1.1 200 OK"
INFO:     httpx — HTTP Request: GET https://api-fxpractice.oanda.com/v3/instruments/EUR_GBP/candles?granularity=M1&from=2026-08-27T09%3A20%3A00Z&to=2026-08-27T15%3A20%3A00Z&price=B "HTTP/1.1 200 OK"
INFO:     httpx — HTTP Request: GET https://api-fxpractice.oanda.com/v3/instruments/EUR_GBP/candles?granularity=M1&from=2026-08-27T09%3A20%3A00Z&to=2026-08-27T15%3A20%3A00Z&price=A "HTTP/1.1 200 OK"
INFO:     httpx — HTTP Request: GET https://api-fxpractice.oanda.com/v3/instruments/NZD_USD/candles?granularity=M1&from=2026-08-27T09%3A20%3A00Z&to=2026-08-27T15%3A20%3A00Z&price=B "HTTP/1.1 200 OK"
INFO:     httpx — HTTP Request: GET https://api-fxpractice.oanda.com/v3/instruments/NZD_USD/candles?granularity=M1&from=2026-08-27T09%3A20%3A00Z&to=2026-08-27T15%3A20%3A00Z&price=A "HTTP/1.1 200 OK"
INFO:     app.services.pipeline — trailing window refresh complete: {'granularity': 'M1', 'price_types': ['B', 'A'], 'window_start': '2026-08-27T09:20:00.095110+00:00', 'window_end': '2026-08-27T15:20:00.095110+00:00', 'lookback_hours': 6, 'fetched': 1200, 'instruments': 10, 'errors': 0}
INFO:     apscheduler.executors.default — Job "_make_trailing_window_job.<locals>._job (trigger: cron[hour='*', minute='20'], next run at: 2026-08-27 16:20:00 UTC)" executed successfully
INFO:     apscheduler.executors.default — Running job "_shadow_resolver (trigger: cron[hour='*/1', minute='35'], next run at: 2026-08-27 16:35:00 UTC)" (scheduled at 2026-08-27 15:35:00+00:00)
INFO:     app.services.shadow.resolver — shadow resolver: {'checked': 20, 'resolved': 0, 'not_yet': 20, 'forced': 0, 'no_atr': 0, 'failed': 0, 'still_pending': 20, 'by_outcome': {'win': 0, 'loss': 0, 'breakeven': 0}, 'by_decision': {'take': 0, 'skip': 0, 'unscored': 0}}
INFO:     app.services.scheduler — scheduled shadow resolver: {'checked': 20, 'resolved': 0, 'not_yet': 20, 'forced': 0, 'no_atr': 0, 'failed': 0, 'still_pending': 20, 'by_outcome': {'win': 0, 'loss': 0, 'breakeven': 0}, 'by_decision': {'take': 0, 'skip': 0, 'unscored': 0}}
INFO:     apscheduler.executors.default — Job "_shadow_resolver (trigger: cron[hour='*/1', minute='35'], next run at: 2026-08-27 16:35:00 UTC)" executed successfully
INFO:     apscheduler.executors.default — Running job "_intraday_fundamentals (trigger: cron[hour='*/4', minute='15'], next run at: 2026-08-27 20:15:00 UTC)" (scheduled at 2026-08-27 16:15:00+00:00)
INFO:     httpx — HTTP Request: GET https://api.stlouisfed.org/fred/release/dates?release_id=10&api_key=6adaba04b7efae646871c3e925da4184&file_type=json&include_release_dates_with_no_data=true&sort_order=asc&limit=10000 "HTTP/1.1 200 OK"
INFO:     httpx — HTTP Request: GET https://api.stlouisfed.org/fred/release/dates?release_id=50&api_key=6adaba04b7efae646871c3e925da4184&file_type=json&include_release_dates_with_no_data=true&sort_order=asc&limit=10000 "HTTP/1.1 200 OK"
INFO:     httpx — HTTP Request: GET https://api.stlouisfed.org/fred/series/observations?series_id=IRLTLT01USM156N&api_key=6adaba04b7efae646871c3e925da4184&file_type=json&observation_start=2026-06-28 "HTTP/1.1 200 OK"
INFO:     httpx — HTTP Request: GET https://api.stlouisfed.org/fred/series/observations?series_id=IRLTLT01DEM156N&api_key=6adaba04b7efae646871c3e925da4184&file_type=json&observation_start=2026-06-28 "HTTP/1.1 200 OK"
INFO:     httpx — HTTP Request: GET https://api.stlouisfed.org/fred/series/observations?series_id=IRLTLT01GBM156N&api_key=6adaba04b7efae646871c3e925da4184&file_type=json&observation_start=2026-06-28 "HTTP/1.1 200 OK"
INFO:     httpx — HTTP Request: GET https://api.stlouisfed.org/fred/series/observations?series_id=IRLTLT01JPM156N&api_key=6adaba04b7efae646871c3e925da4184&file_type=json&observation_start=2026-06-28 "HTTP/1.1 200 OK"
INFO:     httpx — HTTP Request: GET https://api.stlouisfed.org/fred/series/observations?series_id=IRLTLT01AUM156N&api_key=6adaba04b7efae646871c3e925da4184&file_type=json&observation_start=2026-06-28 "HTTP/1.1 200 OK"
INFO:     httpx — HTTP Request: GET https://api.stlouisfed.org/fred/series/observations?series_id=IRLTLT01NZM156N&api_key=6adaba04b7efae646871c3e925da4184&file_type=json&observation_start=2026-06-28 "HTTP/1.1 200 OK"
INFO:     httpx — HTTP Request: GET https://api.stlouisfed.org/fred/series/observations?series_id=IRLTLT01CAM156N&api_key=6adaba04b7efae646871c3e925da4184&file_type=json&observation_start=2026-06-28 "HTTP/1.1 200 OK"
INFO:     httpx — HTTP Request: GET https://api.stlouisfed.org/fred/series/observations?series_id=IRLTLT01CHM156N&api_key=6adaba04b7efae646871c3e925da4184&file_type=json&observation_start=2026-06-28 "HTTP/1.1 200 OK"
INFO:     httpx — HTTP Request: GET https://api.stlouisfed.org/fred/series/observations?series_id=IRSTCI01USM156N&api_key=6adaba04b7efae646871c3e925da4184&file_type=json&observation_start=2026-06-28 "HTTP/1.1 200 OK"
INFO:     httpx — HTTP Request: GET https://api.stlouisfed.org/fred/series/observations?series_id=IRSTCI01DEM156N&api_key=6adaba04b7efae646871c3e925da4184&file_type=json&observation_start=2026-06-28 "HTTP/1.1 200 OK"
INFO:     httpx — HTTP Request: GET https://api.stlouisfed.org/fred/series/observations?series_id=IRSTCI01GBM156N&api_key=6adaba04b7efae646871c3e925da4184&file_type=json&observation_start=2026-06-28 "HTTP/1.1 200 OK"
INFO:     httpx — HTTP Request: GET https://api.stlouisfed.org/fred/series/observations?series_id=IRSTCI01JPM156N&api_key=6adaba04b7efae646871c3e925da4184&file_type=json&observation_start=2026-06-28 "HTTP/1.1 200 OK"
INFO:     httpx — HTTP Request: GET https://api.stlouisfed.org/fred/series/observations?series_id=IRSTCI01AUM156N&api_key=6adaba04b7efae646871c3e925da4184&file_type=json&observation_start=2026-06-28 "HTTP/1.1 200 OK"
INFO:     httpx — HTTP Request: GET https://api.stlouisfed.org/fred/series/observations?series_id=IRSTCI01NZM156N&api_key=6adaba04b7efae646871c3e925da4184&file_type=json&observation_start=2026-06-28 "HTTP/1.1 200 OK"
INFO:     httpx — HTTP Request: GET https://api.stlouisfed.org/fred/series/observations?series_id=IRSTCI01CAM156N&api_key=6adaba04b7efae646871c3e925da4184&file_type=json&observation_start=2026-06-28 "HTTP/1.1 200 OK"
INFO:     httpx — HTTP Request: GET https://api.stlouisfed.org/fred/series/observations?series_id=IRSTCI01CHM156N&api_key=6adaba04b7efae646871c3e925da4184&file_type=json&observation_start=2026-06-28 "HTTP/1.1 200 OK"
INFO:     httpx — HTTP Request: GET https://api.stlouisfed.org/fred/series/observations?series_id=DGS10&api_key=6adaba04b7efae646871c3e925da4184&file_type=json&observation_start=2026-06-28 "HTTP/1.1 200 OK"
INFO:     httpx — HTTP Request: GET https://api.stlouisfed.org/fred/series/observations?series_id=DGS2&api_key=6adaba04b7efae646871c3e925da4184&file_type=json&observation_start=2026-06-28 "HTTP/1.1 200 OK"
INFO:     httpx — HTTP Request: GET https://api.stlouisfed.org/fred/series/observations?series_id=VIXCLS&api_key=6adaba04b7efae646871c3e925da4184&file_type=json&observation_start=2026-06-28 "HTTP/1.1 200 OK"
INFO:     httpx — HTTP Request: GET https://api.stlouisfed.org/fred/series/observations?series_id=DCOILWTICO&api_key=6adaba04b7efae646871c3e925da4184&file_type=json&observation_start=2026-06-28 "HTTP/1.1 200 OK"
INFO:     httpx — HTTP Request: GET https://api.stlouisfed.org/fred/series/observations?series_id=CPIAUCSL&api_key=6adaba04b7efae646871c3e925da4184&file_type=json&output_type=1&realtime_start=1776-07-04&realtime_end=9999-12-31&observation_start=2020-01-01 "HTTP/1.1 200 OK"
INFO:     httpx — HTTP Request: GET https://api.stlouisfed.org/fred/series/observations?series_id=CPILFESL&api_key=6adaba04b7efae646871c3e925da4184&file_type=json&output_type=1&realtime_start=1776-07-04&realtime_end=9999-12-31&observation_start=2020-01-01 "HTTP/1.1 200 OK"
INFO:     httpx — HTTP Request: GET https://api.stlouisfed.org/fred/series/observations?series_id=UNRATE&api_key=6adaba04b7efae646871c3e925da4184&file_type=json&output_type=1&realtime_start=1776-07-04&realtime_end=9999-12-31&observation_start=2020-01-01 "HTTP/1.1 200 OK"
INFO:     httpx — HTTP Request: GET https://api.stlouisfed.org/fred/series/observations?series_id=RSAFS&api_key=6adaba04b7efae646871c3e925da4184&file_type=json&output_type=1&realtime_start=1776-07-04&realtime_end=9999-12-31&observation_start=2020-01-01 "HTTP/1.1 200 OK"
INFO:     httpx — HTTP Request: GET https://api.stlouisfed.org/fred/series/observations?series_id=CP0000EZ19M086NEST&api_key=6adaba04b7efae646871c3e925da4184&file_type=json&output_type=1&realtime_start=1776-07-04&realtime_end=9999-12-31&observation_start=2020-01-01 "HTTP/1.1 200 OK"
INFO:     httpx — HTTP Request: GET https://api.stlouisfed.org/fred/series/observations?series_id=GBRCPIALLMINMEI&api_key=6adaba04b7efae646871c3e925da4184&file_type=json&output_type=1&realtime_start=1776-07-04&realtime_end=9999-12-31&observation_start=2020-01-01 "HTTP/1.1 200 OK"
INFO:     app.services.scheduler — fundamentals refresh: spine={'US CPI': 0, 'US Non-Farm Payrolls': 1, 'FOMC Rate Decision': 0, 'ECB Rate Decision': 0, 'BoE Rate Decision': 0, 'BoJ Rate Decision': 0, 'RBA Rate Decision': 0, 'RBNZ Rate Decision': 0, 'BoC Rate Decision': 0, 'SNB Rate Decision': 0} macro={'US_10Y_YIELD': 0, 'DE_10Y_YIELD': 0, 'GB_10Y_YIELD': 0, 'JP_10Y_YIELD': 0, 'AU_10Y_YIELD': 0, 'NZ_10Y_YIELD': 0, 'CA_10Y_YIELD': 0, 'CH_10Y_YIELD': 0, 'US_POLICY_RATE': 0, 'DE_POLICY_RATE': 0, 'GB_POLICY_RATE': 0, 'JP_POLICY_RATE': 0, 'AU_POLICY_RATE': 0, 'NZ_POLICY_RATE': 0, 'CA_POLICY_RATE': 0, 'CH_POLICY_RATE': 0, 'US_10Y_DAILY': 1, 'US_2Y_DAILY': 1, 'VIX': 2, 'WTI': 5, 'US_CPI': 0, 'US_CORE_CPI': 0, 'US_UNEMPLOYMENT': 0, 'US_RETAIL_SALES': 0, 'EU_CPI': 0, 'UK_CPI': 0}
WARNING:     app.services.scheduler — macro series STALE (3/26) — every feature derived from these is NaN on live signals: NZ_POLICY_RATE(monthly, 589d > 75d), CH_POLICY_RATE(monthly, 864d > 75d), UK_CPI(monthly, 469d > 75d)
INFO:     apscheduler.executors.default — Job "_intraday_fundamentals (trigger: cron[hour='*/4', minute='15'], next run at: 2026-08-27 20:15:00 UTC)" executed successfully
INFO:     apscheduler.executors.default — Running job "_make_trailing_window_job.<locals>._job (trigger: cron[hour='*', minute='20'], next run at: 2026-08-27 17:20:00 UTC)" (scheduled at 2026-08-27 16:20:00+00:00)
INFO:     httpx — HTTP Request: GET https://api-fxpractice.oanda.com/v3/instruments/EUR_USD/candles?granularity=M1&from=2026-08-27T10%3A20%3A00Z&to=2026-08-27T16%3A20%3A00Z&price=B "HTTP/1.1 200 OK"
INFO:     httpx — HTTP Request: GET https://api-fxpractice.oanda.com/v3/instruments/EUR_USD/candles?granularity=M1&from=2026-08-27T10%3A20%3A00Z&to=2026-08-27T16%3A20%3A00Z&price=A "HTTP/1.1 200 OK"
INFO:     httpx — HTTP Request: GET https://api-fxpractice.oanda.com/v3/instruments/USD_CHF/candles?granularity=M1&from=2026-08-27T10%3A20%3A00Z&to=2026-08-27T16%3A20%3A00Z&price=B "HTTP/1.1 200 OK"
INFO:     httpx — HTTP Request: GET https://api-fxpractice.oanda.com/v3/instruments/USD_CHF/candles?granularity=M1&from=2026-08-27T10%3A20%3A00Z&to=2026-08-27T16%3A20%3A00Z&price=A "HTTP/1.1 200 OK"
INFO:     httpx — HTTP Request: GET https://api-fxpractice.oanda.com/v3/instruments/EUR_JPY/candles?granularity=M1&from=2026-08-27T10%3A20%3A00Z&to=2026-08-27T16%3A20%3A00Z&price=B "HTTP/1.1 200 OK"
INFO:     httpx — HTTP Request: GET https://api-fxpractice.oanda.com/v3/instruments/EUR_JPY/candles?granularity=M1&from=2026-08-27T10%3A20%3A00Z&to=2026-08-27T16%3A20%3A00Z&price=A "HTTP/1.1 200 OK"
INFO:     httpx — HTTP Request: GET https://api-fxpractice.oanda.com/v3/instruments/USD_JPY/candles?granularity=M1&from=2026-08-27T10%3A20%3A00Z&to=2026-08-27T16%3A20%3A00Z&price=B "HTTP/1.1 200 OK"
INFO:     httpx — HTTP Request: GET https://api-fxpractice.oanda.com/v3/instruments/USD_JPY/candles?granularity=M1&from=2026-08-27T10%3A20%3A00Z&to=2026-08-27T16%3A20%3A00Z&price=A "HTTP/1.1 200 OK"
INFO:     httpx — HTTP Request: GET https://api-fxpractice.oanda.com/v3/instruments/GBP_JPY/candles?granularity=M1&from=2026-08-27T10%3A20%3A00Z&to=2026-08-27T16%3A20%3A00Z&price=B "HTTP/1.1 200 OK"
INFO:     httpx — HTTP Request: GET https://api-fxpractice.oanda.com/v3/instruments/GBP_JPY/candles?granularity=M1&from=2026-08-27T10%3A20%3A00Z&to=2026-08-27T16%3A20%3A00Z&price=A "HTTP/1.1 200 OK"
INFO:     httpx — HTTP Request: GET https://api-fxpractice.oanda.com/v3/instruments/AUD_USD/candles?granularity=M1&from=2026-08-27T10%3A20%3A00Z&to=2026-08-27T16%3A20%3A00Z&price=B "HTTP/1.1 200 OK"
INFO:     httpx — HTTP Request: GET https://api-fxpractice.oanda.com/v3/instruments/AUD_USD/candles?granularity=M1&from=2026-08-27T10%3A20%3A00Z&to=2026-08-27T16%3A20%3A00Z&price=A "HTTP/1.1 200 OK"
INFO:     httpx — HTTP Request: GET https://api-fxpractice.oanda.com/v3/instruments/GBP_USD/candles?granularity=M1&from=2026-08-27T10%3A20%3A00Z&to=2026-08-27T16%3A20%3A00Z&price=B "HTTP/1.1 200 OK"
INFO:     httpx — HTTP Request: GET https://api-fxpractice.oanda.com/v3/instruments/GBP_USD/candles?granularity=M1&from=2026-08-27T10%3A20%3A00Z&to=2026-08-27T16%3A20%3A00Z&price=A "HTTP/1.1 200 OK"
INFO:     httpx — HTTP Request: GET https://api-fxpractice.oanda.com/v3/instruments/USD_CAD/candles?granularity=M1&from=2026-08-27T10%3A20%3A00Z&to=2026-08-27T16%3A20%3A00Z&price=B "HTTP/1.1 200 OK"
INFO:     httpx — HTTP Request: GET https://api-fxpractice.oanda.com/v3/instruments/USD_CAD/candles?granularity=M1&from=2026-08-27T10%3A20%3A00Z&to=2026-08-27T16%3A20%3A00Z&price=A "HTTP/1.1 200 OK"
INFO:     httpx — HTTP Request: GET https://api-fxpractice.oanda.com/v3/instruments/EUR_GBP/candles?granularity=M1&from=2026-08-27T10%3A20%3A00Z&to=2026-08-27T16%3A20%3A00Z&price=B "HTTP/1.1 200 OK"
INFO:     httpx — HTTP Request: GET https://api-fxpractice.oanda.com/v3/instruments/EUR_GBP/candles?granularity=M1&from=2026-08-27T10%3A20%3A00Z&to=2026-08-27T16%3A20%3A00Z&price=A "HTTP/1.1 200 OK"
INFO:     httpx — HTTP Request: GET https://api-fxpractice.oanda.com/v3/instruments/NZD_USD/candles?granularity=M1&from=2026-08-27T10%3A20%3A00Z&to=2026-08-27T16%3A20%3A00Z&price=B "HTTP/1.1 200 OK"
INFO:     httpx — HTTP Request: GET https://api-fxpractice.oanda.com/v3/instruments/NZD_USD/candles?granularity=M1&from=2026-08-27T10%3A20%3A00Z&to=2026-08-27T16%3A20%3A00Z&price=A "HTTP/1.1 200 OK"
INFO:     app.services.pipeline — trailing window refresh complete: {'granularity': 'M1', 'price_types': ['B', 'A'], 'window_start': '2026-08-27T10:20:00.019774+00:00', 'window_end': '2026-08-27T16:20:00.019774+00:00', 'lookback_hours': 6, 'fetched': 1199, 'instruments': 10, 'errors': 0}
INFO:     apscheduler.executors.default — Job "_make_trailing_window_job.<locals>._job (trigger: cron[hour='*', minute='20'], next run at: 2026-08-27 17:20:00 UTC)" executed successfully
INFO:     apscheduler.executors.default — Running job "_shadow_resolver (trigger: cron[hour='*/1', minute='35'], next run at: 2026-08-27 17:35:00 UTC)" (scheduled at 2026-08-27 16:35:00+00:00)
INFO:     app.services.shadow.resolver — shadow resolver: {'checked': 20, 'resolved': 0, 'not_yet': 20, 'forced': 0, 'no_atr': 0, 'failed': 0, 'still_pending': 20, 'by_outcome': {'win': 0, 'loss': 0, 'breakeven': 0}, 'by_decision': {'take': 0, 'skip': 0, 'unscored': 0}}
INFO:     app.services.scheduler — scheduled shadow resolver: {'checked': 20, 'resolved': 0, 'not_yet': 20, 'forced': 0, 'no_atr': 0, 'failed': 0, 'still_pending': 20, 'by_outcome': {'win': 0, 'loss': 0, 'breakeven': 0}, 'by_decision': {'take': 0, 'skip': 0, 'unscored': 0}}
INFO:     apscheduler.executors.default — Job "_shadow_resolver (trigger: cron[hour='*/1', minute='35'], next run at: 2026-08-27 17:35:00 UTC)" executed successfully
INFO:     apscheduler.executors.default — Running job "_make_candle_close_job.<locals>._job (trigger: cron[hour='1,5,9,13,17,21', minute='1'], next run at: 2026-08-27 21:01:00 UTC)" (scheduled at 2026-08-27 17:01:00+00:00)
INFO:     httpx — HTTP Request: GET https://api-fxpractice.oanda.com/v3/instruments/EUR_USD/candles?granularity=H4&from=2026-08-27T13%3A00%3A00Z&to=2026-08-27T17%3A01%3A00Z&price=M "HTTP/1.1 200 OK"
INFO:     httpx — HTTP Request: GET https://api-fxpractice.oanda.com/v3/instruments/USD_CHF/candles?granularity=H4&from=2026-08-27T13%3A00%3A00Z&to=2026-08-27T17%3A01%3A02Z&price=M "HTTP/1.1 200 OK"
INFO:     httpx — HTTP Request: GET https://api-fxpractice.oanda.com/v3/instruments/EUR_JPY/candles?granularity=H4&from=2026-08-27T13%3A00%3A00Z&to=2026-08-27T17%3A01%3A03Z&price=M "HTTP/1.1 200 OK"
INFO:     httpx — HTTP Request: GET https://api-fxpractice.oanda.com/v3/accounts/101-003-39159710-001/pricing?instruments=EUR_JPY&includeHomeConversions=true "HTTP/1.1 200 OK"
INFO:     app.services.pipeline — signal approved: EUR_JPY H4 SELL score=3 units=692
INFO:     app.services.shadow.recorder — shadow recorded: EUR_JPY H4 SELL p=0.0897 decision=skip risk=pass model=s1_xgb_v2_c430d22dd1ab.NOT_PROMOTED nan_model_features=0
INFO:     httpx — HTTP Request: GET https://api-fxpractice.oanda.com/v3/instruments/USD_JPY/candles?granularity=H4&from=2026-08-27T13%3A00%3A00Z&to=2026-08-27T17%3A01%3A07Z&price=M "HTTP/1.1 200 OK"
INFO:     httpx — HTTP Request: GET https://api-fxpractice.oanda.com/v3/instruments/GBP_JPY/candles?granularity=H4&from=2026-08-27T13%3A00%3A00Z&to=2026-08-27T17%3A01%3A08Z&price=M "HTTP/1.1 200 OK"
INFO:     httpx — HTTP Request: GET https://api-fxpractice.oanda.com/v3/instruments/AUD_USD/candles?granularity=H4&from=2026-08-27T13%3A00%3A00Z&to=2026-08-27T17%3A01%3A09Z&price=M "HTTP/1.1 200 OK"
INFO:     httpx — HTTP Request: GET https://api-fxpractice.oanda.com/v3/instruments/GBP_USD/candles?granularity=H4&from=2026-08-27T13%3A00%3A00Z&to=2026-08-27T17%3A01%3A10Z&price=M "HTTP/1.1 200 OK"
INFO:     httpx — HTTP Request: GET https://api-fxpractice.oanda.com/v3/accounts/101-003-39159710-001/pricing?instruments=GBP_USD&includeHomeConversions=true "HTTP/1.1 200 OK"
INFO:     app.services.pipeline — signal rejected: GBP_USD reason=CORRELATED_POSITION_EXISTS
INFO:     app.services.shadow.recorder — shadow recorded: GBP_USD H4 BUY p=0.1295 decision=skip risk=reject:CORRELATED_POSITION_EXISTS model=s1_xgb_v2_c430d22dd1ab.NOT_PROMOTED nan_model_features=0
INFO:     httpx — HTTP Request: GET https://api-fxpractice.oanda.com/v3/instruments/USD_CAD/candles?granularity=H4&from=2026-08-27T13%3A00%3A00Z&to=2026-08-27T17%3A01%3A13Z&price=M "HTTP/1.1 200 OK"
INFO:     httpx — HTTP Request: GET https://api-fxpractice.oanda.com/v3/instruments/EUR_GBP/candles?granularity=H4&from=2026-08-27T13%3A00%3A00Z&to=2026-08-27T17%3A01%3A15Z&price=M "HTTP/1.1 200 OK"
INFO:     app.services.pipeline — signal rejected: EUR_GBP reason=INSUFFICIENT_RR
INFO:     app.services.shadow.recorder — shadow recorded: EUR_GBP H4 SELL p=0.0648 decision=skip risk=reject:INSUFFICIENT_RR model=s1_xgb_v2_c430d22dd1ab.NOT_PROMOTED nan_model_features=0
INFO:     httpx — HTTP Request: GET https://api-fxpractice.oanda.com/v3/instruments/NZD_USD/candles?granularity=H4&from=2026-08-27T13%3A00%3A00Z&to=2026-08-27T17%3A01%3A16Z&price=M "HTTP/1.1 200 OK"
INFO:     app.services.pipeline — pipeline complete: {'granularity': 'H4', 'fetched': 10, 'computed': 10, 'signals': 1, 'rejected': 2, 'errors': 0, 'evaluated': 10, 'shadow_recorded': 3, 'shadow_errors': 0, 'expired': 0, 'shadow_enabled': True}
INFO:     apscheduler.executors.default — Job "_make_candle_close_job.<locals>._job (trigger: cron[hour='1,5,9,13,17,21', minute='1'], next run at: 2026-08-27 21:01:00 UTC)" executed successfully
INFO:     apscheduler.executors.default — Running job "_make_trailing_window_job.<locals>._job (trigger: cron[hour='*', minute='20'], next run at: 2026-08-27 18:20:00 UTC)" (scheduled at 2026-08-27 17:20:00+00:00)
INFO:     httpx — HTTP Request: GET https://api-fxpractice.oanda.com/v3/instruments/EUR_USD/candles?granularity=M1&from=2026-08-27T11%3A20%3A00Z&to=2026-08-27T17%3A20%3A00Z&price=B "HTTP/1.1 200 OK"
INFO:     httpx — HTTP Request: GET https://api-fxpractice.oanda.com/v3/instruments/EUR_USD/candles?granularity=M1&from=2026-08-27T11%3A20%3A00Z&to=2026-08-27T17%3A20%3A00Z&price=A "HTTP/1.1 200 OK"
INFO:     httpx — HTTP Request: GET https://api-fxpractice.oanda.com/v3/instruments/USD_CHF/candles?granularity=M1&from=2026-08-27T11%3A20%3A00Z&to=2026-08-27T17%3A20%3A00Z&price=B "HTTP/1.1 200 OK"
INFO:     httpx — HTTP Request: GET https://api-fxpractice.oanda.com/v3/instruments/USD_CHF/candles?granularity=M1&from=2026-08-27T11%3A20%3A00Z&to=2026-08-27T17%3A20%3A00Z&price=A "HTTP/1.1 200 OK"
INFO:     httpx — HTTP Request: GET https://api-fxpractice.oanda.com/v3/instruments/EUR_JPY/candles?granularity=M1&from=2026-08-27T11%3A20%3A00Z&to=2026-08-27T17%3A20%3A00Z&price=B "HTTP/1.1 200 OK"
INFO:     httpx — HTTP Request: GET https://api-fxpractice.oanda.com/v3/instruments/EUR_JPY/candles?granularity=M1&from=2026-08-27T11%3A20%3A00Z&to=2026-08-27T17%3A20%3A00Z&price=A "HTTP/1.1 200 OK"
INFO:     httpx — HTTP Request: GET https://api-fxpractice.oanda.com/v3/instruments/USD_JPY/candles?granularity=M1&from=2026-08-27T11%3A20%3A00Z&to=2026-08-27T17%3A20%3A00Z&price=B "HTTP/1.1 200 OK"
INFO:     httpx — HTTP Request: GET https://api-fxpractice.oanda.com/v3/instruments/USD_JPY/candles?granularity=M1&from=2026-08-27T11%3A20%3A00Z&to=2026-08-27T17%3A20%3A00Z&price=A "HTTP/1.1 200 OK"
INFO:     httpx — HTTP Request: GET https://api-fxpractice.oanda.com/v3/instruments/GBP_JPY/candles?granularity=M1&from=2026-08-27T11%3A20%3A00Z&to=2026-08-27T17%3A20%3A00Z&price=B "HTTP/1.1 200 OK"
INFO:     httpx — HTTP Request: GET https://api-fxpractice.oanda.com/v3/instruments/GBP_JPY/candles?granularity=M1&from=2026-08-27T11%3A20%3A00Z&to=2026-08-27T17%3A20%3A00Z&price=A "HTTP/1.1 200 OK"
INFO:     httpx — HTTP Request: GET https://api-fxpractice.oanda.com/v3/instruments/AUD_USD/candles?granularity=M1&from=2026-08-27T11%3A20%3A00Z&to=2026-08-27T17%3A20%3A00Z&price=B "HTTP/1.1 200 OK"
INFO:     httpx — HTTP Request: GET https://api-fxpractice.oanda.com/v3/instruments/AUD_USD/candles?granularity=M1&from=2026-08-27T11%3A20%3A00Z&to=2026-08-27T17%3A20%3A00Z&price=A "HTTP/1.1 200 OK"
INFO:     httpx — HTTP Request: GET https://api-fxpractice.oanda.com/v3/instruments/GBP_USD/candles?granularity=M1&from=2026-08-27T11%3A20%3A00Z&to=2026-08-27T17%3A20%3A00Z&price=B "HTTP/1.1 200 OK"
INFO:     httpx — HTTP Request: GET https://api-fxpractice.oanda.com/v3/instruments/GBP_USD/candles?granularity=M1&from=2026-08-27T11%3A20%3A00Z&to=2026-08-27T17%3A20%3A00Z&price=A "HTTP/1.1 200 OK"
INFO:     httpx — HTTP Request: GET https://api-fxpractice.oanda.com/v3/instruments/USD_CAD/candles?granularity=M1&from=2026-08-27T11%3A20%3A00Z&to=2026-08-27T17%3A20%3A00Z&price=B "HTTP/1.1 200 OK"
INFO:     httpx — HTTP Request: GET https://api-fxpractice.oanda.com/v3/instruments/USD_CAD/candles?granularity=M1&from=2026-08-27T11%3A20%3A00Z&to=2026-08-27T17%3A20%3A00Z&price=A "HTTP/1.1 200 OK"
INFO:     httpx — HTTP Request: GET https://api-fxpractice.oanda.com/v3/instruments/EUR_GBP/candles?granularity=M1&from=2026-08-27T11%3A20%3A00Z&to=2026-08-27T17%3A20%3A00Z&price=B "HTTP/1.1 200 OK"
INFO:     httpx — HTTP Request: GET https://api-fxpractice.oanda.com/v3/instruments/EUR_GBP/candles?granularity=M1&from=2026-08-27T11%3A20%3A00Z&to=2026-08-27T17%3A20%3A00Z&price=A "HTTP/1.1 200 OK"
INFO:     httpx — HTTP Request: GET https://api-fxpractice.oanda.com/v3/instruments/NZD_USD/candles?granularity=M1&from=2026-08-27T11%3A20%3A00Z&to=2026-08-27T17%3A20%3A00Z&price=B "HTTP/1.1 200 OK"
INFO:     httpx — HTTP Request: GET https://api-fxpractice.oanda.com/v3/instruments/NZD_USD/candles?granularity=M1&from=2026-08-27T11%3A20%3A00Z&to=2026-08-27T17%3A20%3A00Z&price=A "HTTP/1.1 200 OK"
INFO:     app.services.pipeline — trailing window refresh complete: {'granularity': 'M1', 'price_types': ['B', 'A'], 'window_start': '2026-08-27T11:20:00.064998+00:00', 'window_end': '2026-08-27T17:20:00.064998+00:00', 'lookback_hours': 6, 'fetched': 1201, 'instruments': 10, 'errors': 0}
INFO:     apscheduler.executors.default — Job "_make_trailing_window_job.<locals>._job (trigger: cron[hour='*', minute='20'], next run at: 2026-08-27 18:20:00 UTC)" executed successfully
INFO:     apscheduler.executors.default — Running job "_shadow_resolver (trigger: cron[hour='*/1', minute='35'], next run at: 2026-08-27 18:35:00 UTC)" (scheduled at 2026-08-27 17:35:00+00:00)
INFO:     app.services.shadow.resolver — shadow resolver: {'checked': 23, 'resolved': 0, 'not_yet': 23, 'forced': 0, 'no_atr': 0, 'failed': 0, 'still_pending': 23, 'by_outcome': {'win': 0, 'loss': 0, 'breakeven': 0}, 'by_decision': {'take': 0, 'skip': 0, 'unscored': 0}}
INFO:     app.services.scheduler — scheduled shadow resolver: {'checked': 23, 'resolved': 0, 'not_yet': 23, 'forced': 0, 'no_atr': 0, 'failed': 0, 'still_pending': 23, 'by_outcome': {'win': 0, 'loss': 0, 'breakeven': 0}, 'by_decision': {'take': 0, 'skip': 0, 'unscored': 0}}
INFO:     apscheduler.executors.default — Job "_shadow_resolver (trigger: cron[hour='*/1', minute='35'], next run at: 2026-08-27 18:35:00 UTC)" executed successfully
INFO:     apscheduler.executors.default — Running job "_make_trailing_window_job.<locals>._job (trigger: cron[hour='*', minute='20'], next run at: 2026-08-27 19:20:00 UTC)" (scheduled at 2026-08-27 18:20:00+00:00)
INFO:     httpx — HTTP Request: GET https://api-fxpractice.oanda.com/v3/instruments/EUR_USD/candles?granularity=M1&from=2026-08-27T12%3A20%3A00Z&to=2026-08-27T18%3A20%3A00Z&price=B "HTTP/1.1 200 OK"
INFO:     httpx — HTTP Request: GET https://api-fxpractice.oanda.com/v3/instruments/EUR_USD/candles?granularity=M1&from=2026-08-27T12%3A20%3A00Z&to=2026-08-27T18%3A20%3A00Z&price=A "HTTP/1.1 200 OK"
INFO:     httpx — HTTP Request: GET https://api-fxpractice.oanda.com/v3/instruments/USD_CHF/candles?granularity=M1&from=2026-08-27T12%3A20%3A00Z&to=2026-08-27T18%3A20%3A00Z&price=B "HTTP/1.1 200 OK"
INFO:     httpx — HTTP Request: GET https://api-fxpractice.oanda.com/v3/instruments/USD_CHF/candles?granularity=M1&from=2026-08-27T12%3A20%3A00Z&to=2026-08-27T18%3A20%3A00Z&price=A "HTTP/1.1 200 OK"
INFO:     httpx — HTTP Request: GET https://api-fxpractice.oanda.com/v3/instruments/EUR_JPY/candles?granularity=M1&from=2026-08-27T12%3A20%3A00Z&to=2026-08-27T18%3A20%3A00Z&price=B "HTTP/1.1 200 OK"
INFO:     httpx — HTTP Request: GET https://api-fxpractice.oanda.com/v3/instruments/EUR_JPY/candles?granularity=M1&from=2026-08-27T12%3A20%3A00Z&to=2026-08-27T18%3A20%3A00Z&price=A "HTTP/1.1 200 OK"
INFO:     httpx — HTTP Request: GET https://api-fxpractice.oanda.com/v3/instruments/USD_JPY/candles?granularity=M1&from=2026-08-27T12%3A20%3A00Z&to=2026-08-27T18%3A20%3A00Z&price=B "HTTP/1.1 200 OK"
INFO:     httpx — HTTP Request: GET https://api-fxpractice.oanda.com/v3/instruments/USD_JPY/candles?granularity=M1&from=2026-08-27T12%3A20%3A00Z&to=2026-08-27T18%3A20%3A00Z&price=A "HTTP/1.1 200 OK"
INFO:     httpx — HTTP Request: GET https://api-fxpractice.oanda.com/v3/instruments/GBP_JPY/candles?granularity=M1&from=2026-08-27T12%3A20%3A00Z&to=2026-08-27T18%3A20%3A00Z&price=B "HTTP/1.1 200 OK"
INFO:     httpx — HTTP Request: GET https://api-fxpractice.oanda.com/v3/instruments/GBP_JPY/candles?granularity=M1&from=2026-08-27T12%3A20%3A00Z&to=2026-08-27T18%3A20%3A00Z&price=A "HTTP/1.1 200 OK"
INFO:     httpx — HTTP Request: GET https://api-fxpractice.oanda.com/v3/instruments/AUD_USD/candles?granularity=M1&from=2026-08-27T12%3A20%3A00Z&to=2026-08-27T18%3A20%3A00Z&price=B "HTTP/1.1 200 OK"
INFO:     httpx — HTTP Request: GET https://api-fxpractice.oanda.com/v3/instruments/AUD_USD/candles?granularity=M1&from=2026-08-27T12%3A20%3A00Z&to=2026-08-27T18%3A20%3A00Z&price=A "HTTP/1.1 200 OK"
INFO:     httpx — HTTP Request: GET https://api-fxpractice.oanda.com/v3/instruments/GBP_USD/candles?granularity=M1&from=2026-08-27T12%3A20%3A00Z&to=2026-08-27T18%3A20%3A00Z&price=B "HTTP/1.1 200 OK"
INFO:     httpx — HTTP Request: GET https://api-fxpractice.oanda.com/v3/instruments/GBP_USD/candles?granularity=M1&from=2026-08-27T12%3A20%3A00Z&to=2026-08-27T18%3A20%3A00Z&price=A "HTTP/1.1 200 OK"
INFO:     httpx — HTTP Request: GET https://api-fxpractice.oanda.com/v3/instruments/USD_CAD/candles?granularity=M1&from=2026-08-27T12%3A20%3A00Z&to=2026-08-27T18%3A20%3A00Z&price=B "HTTP/1.1 200 OK"
INFO:     httpx — HTTP Request: GET https://api-fxpractice.oanda.com/v3/instruments/USD_CAD/candles?granularity=M1&from=2026-08-27T12%3A20%3A00Z&to=2026-08-27T18%3A20%3A00Z&price=A "HTTP/1.1 200 OK"
INFO:     httpx — HTTP Request: GET https://api-fxpractice.oanda.com/v3/instruments/EUR_GBP/candles?granularity=M1&from=2026-08-27T12%3A20%3A00Z&to=2026-08-27T18%3A20%3A00Z&price=B "HTTP/1.1 200 OK"
INFO:     httpx — HTTP Request: GET https://api-fxpractice.oanda.com/v3/instruments/EUR_GBP/candles?granularity=M1&from=2026-08-27T12%3A20%3A00Z&to=2026-08-27T18%3A20%3A00Z&price=A "HTTP/1.1 200 OK"
INFO:     httpx — HTTP Request: GET https://api-fxpractice.oanda.com/v3/instruments/NZD_USD/candles?granularity=M1&from=2026-08-27T12%3A20%3A00Z&to=2026-08-27T18%3A20%3A00Z&price=B "HTTP/1.1 200 OK"
INFO:     httpx — HTTP Request: GET https://api-fxpractice.oanda.com/v3/instruments/NZD_USD/candles?granularity=M1&from=2026-08-27T12%3A20%3A00Z&to=2026-08-27T18%3A20%3A00Z&price=A "HTTP/1.1 200 OK"
INFO:     app.services.pipeline — trailing window refresh complete: {'granularity': 'M1', 'price_types': ['B', 'A'], 'window_start': '2026-08-27T12:20:00.415196+00:00', 'window_end': '2026-08-27T18:20:00.415196+00:00', 'lookback_hours': 6, 'fetched': 1200, 'instruments': 10, 'errors': 0}
INFO:     apscheduler.executors.default — Job "_make_trailing_window_job.<locals>._job (trigger: cron[hour='*', minute='20'], next run at: 2026-08-27 19:20:00 UTC)" executed successfully
INFO:     apscheduler.executors.default — Running job "_shadow_resolver (trigger: cron[hour='*/1', minute='35'], next run at: 2026-08-27 19:35:00 UTC)" (scheduled at 2026-08-27 18:35:00+00:00)
INFO:     app.services.shadow.resolver — shadow resolver: {'checked': 23, 'resolved': 0, 'not_yet': 23, 'forced': 0, 'no_atr': 0, 'failed': 0, 'still_pending': 23, 'by_outcome': {'win': 0, 'loss': 0, 'breakeven': 0}, 'by_decision': {'take': 0, 'skip': 0, 'unscored': 0}}
INFO:     app.services.scheduler — scheduled shadow resolver: {'checked': 23, 'resolved': 0, 'not_yet': 23, 'forced': 0, 'no_atr': 0, 'failed': 0, 'still_pending': 23, 'by_outcome': {'win': 0, 'loss': 0, 'breakeven': 0}, 'by_decision': {'take': 0, 'skip': 0, 'unscored': 0}}
INFO:     apscheduler.executors.default — Job "_shadow_resolver (trigger: cron[hour='*/1', minute='35'], next run at: 2026-08-27 19:35:00 UTC)" executed successfully
INFO:     apscheduler.executors.default — Running job "_make_trailing_window_job.<locals>._job (trigger: cron[hour='*', minute='20'], next run at: 2026-08-27 20:20:00 UTC)" (scheduled at 2026-08-27 19:20:00+00:00)
INFO:     httpx — HTTP Request: GET https://api-fxpractice.oanda.com/v3/instruments/EUR_USD/candles?granularity=M1&from=2026-08-27T13%3A20%3A00Z&to=2026-08-27T19%3A20%3A00Z&price=B "HTTP/1.1 200 OK"
INFO:     httpx — HTTP Request: GET https://api-fxpractice.oanda.com/v3/instruments/EUR_USD/candles?granularity=M1&from=2026-08-27T13%3A20%3A00Z&to=2026-08-27T19%3A20%3A00Z&price=A "HTTP/1.1 200 OK"
INFO:     httpx — HTTP Request: GET https://api-fxpractice.oanda.com/v3/instruments/USD_CHF/candles?granularity=M1&from=2026-08-27T13%3A20%3A00Z&to=2026-08-27T19%3A20%3A00Z&price=B "HTTP/1.1 200 OK"
INFO:     httpx — HTTP Request: GET https://api-fxpractice.oanda.com/v3/instruments/USD_CHF/candles?granularity=M1&from=2026-08-27T13%3A20%3A00Z&to=2026-08-27T19%3A20%3A00Z&price=A "HTTP/1.1 200 OK"
INFO:     httpx — HTTP Request: GET https://api-fxpractice.oanda.com/v3/instruments/EUR_JPY/candles?granularity=M1&from=2026-08-27T13%3A20%3A00Z&to=2026-08-27T19%3A20%3A00Z&price=B "HTTP/1.1 200 OK"
INFO:     httpx — HTTP Request: GET https://api-fxpractice.oanda.com/v3/instruments/EUR_JPY/candles?granularity=M1&from=2026-08-27T13%3A20%3A00Z&to=2026-08-27T19%3A20%3A00Z&price=A "HTTP/1.1 200 OK"
INFO:     httpx — HTTP Request: GET https://api-fxpractice.oanda.com/v3/instruments/USD_JPY/candles?granularity=M1&from=2026-08-27T13%3A20%3A00Z&to=2026-08-27T19%3A20%3A00Z&price=B "HTTP/1.1 200 OK"
INFO:     httpx — HTTP Request: GET https://api-fxpractice.oanda.com/v3/instruments/USD_JPY/candles?granularity=M1&from=2026-08-27T13%3A20%3A00Z&to=2026-08-27T19%3A20%3A00Z&price=A "HTTP/1.1 200 OK"
INFO:     httpx — HTTP Request: GET https://api-fxpractice.oanda.com/v3/instruments/GBP_JPY/candles?granularity=M1&from=2026-08-27T13%3A20%3A00Z&to=2026-08-27T19%3A20%3A00Z&price=B "HTTP/1.1 200 OK"
INFO:     httpx — HTTP Request: GET https://api-fxpractice.oanda.com/v3/instruments/GBP_JPY/candles?granularity=M1&from=2026-08-27T13%3A20%3A00Z&to=2026-08-27T19%3A20%3A00Z&price=A "HTTP/1.1 200 OK"
INFO:     httpx — HTTP Request: GET https://api-fxpractice.oanda.com/v3/instruments/AUD_USD/candles?granularity=M1&from=2026-08-27T13%3A20%3A00Z&to=2026-08-27T19%3A20%3A00Z&price=B "HTTP/1.1 200 OK"
INFO:     httpx — HTTP Request: GET https://api-fxpractice.oanda.com/v3/instruments/AUD_USD/candles?granularity=M1&from=2026-08-27T13%3A20%3A00Z&to=2026-08-27T19%3A20%3A00Z&price=A "HTTP/1.1 200 OK"
INFO:     httpx — HTTP Request: GET https://api-fxpractice.oanda.com/v3/instruments/GBP_USD/candles?granularity=M1&from=2026-08-27T13%3A20%3A00Z&to=2026-08-27T19%3A20%3A00Z&price=B "HTTP/1.1 200 OK"
INFO:     httpx — HTTP Request: GET https://api-fxpractice.oanda.com/v3/instruments/GBP_USD/candles?granularity=M1&from=2026-08-27T13%3A20%3A00Z&to=2026-08-27T19%3A20%3A00Z&price=A "HTTP/1.1 200 OK"
INFO:     httpx — HTTP Request: GET https://api-fxpractice.oanda.com/v3/instruments/USD_CAD/candles?granularity=M1&from=2026-08-27T13%3A20%3A00Z&to=2026-08-27T19%3A20%3A00Z&price=B "HTTP/1.1 200 OK"
INFO:     httpx — HTTP Request: GET https://api-fxpractice.oanda.com/v3/instruments/USD_CAD/candles?granularity=M1&from=2026-08-27T13%3A20%3A00Z&to=2026-08-27T19%3A20%3A00Z&price=A "HTTP/1.1 200 OK"
INFO:     httpx — HTTP Request: GET https://api-fxpractice.oanda.com/v3/instruments/EUR_GBP/candles?granularity=M1&from=2026-08-27T13%3A20%3A00Z&to=2026-08-27T19%3A20%3A00Z&price=B "HTTP/1.1 200 OK"
INFO:     httpx — HTTP Request: GET https://api-fxpractice.oanda.com/v3/instruments/EUR_GBP/candles?granularity=M1&from=2026-08-27T13%3A20%3A00Z&to=2026-08-27T19%3A20%3A00Z&price=A "HTTP/1.1 200 OK"
INFO:     httpx — HTTP Request: GET https://api-fxpractice.oanda.com/v3/instruments/NZD_USD/candles?granularity=M1&from=2026-08-27T13%3A20%3A00Z&to=2026-08-27T19%3A20%3A00Z&price=B "HTTP/1.1 200 OK"
INFO:     httpx — HTTP Request: GET https://api-fxpractice.oanda.com/v3/instruments/NZD_USD/candles?granularity=M1&from=2026-08-27T13%3A20%3A00Z&to=2026-08-27T19%3A20%3A00Z&price=A "HTTP/1.1 200 OK"
INFO:     app.services.pipeline — trailing window refresh complete: {'granularity': 'M1', 'price_types': ['B', 'A'], 'window_start': '2026-08-27T13:20:00.167321+00:00', 'window_end': '2026-08-27T19:20:00.167321+00:00', 'lookback_hours': 6, 'fetched': 1188, 'instruments': 10, 'errors': 0}
INFO:     apscheduler.executors.default — Job "_make_trailing_window_job.<locals>._job (trigger: cron[hour='*', minute='20'], next run at: 2026-08-27 20:20:00 UTC)" executed successfully
INFO:     apscheduler.executors.default — Running job "_shadow_resolver (trigger: cron[hour='*/1', minute='35'], next run at: 2026-08-27 20:35:00 UTC)" (scheduled at 2026-08-27 19:35:00+00:00)
INFO:     app.services.shadow.resolver — shadow resolver: {'checked': 23, 'resolved': 0, 'not_yet': 23, 'forced': 0, 'no_atr': 0, 'failed': 0, 'still_pending': 23, 'by_outcome': {'win': 0, 'loss': 0, 'breakeven': 0}, 'by_decision': {'take': 0, 'skip': 0, 'unscored': 0}}
INFO:     app.services.scheduler — scheduled shadow resolver: {'checked': 23, 'resolved': 0, 'not_yet': 23, 'forced': 0, 'no_atr': 0, 'failed': 0, 'still_pending': 23, 'by_outcome': {'win': 0, 'loss': 0, 'breakeven': 0}, 'by_decision': {'take': 0, 'skip': 0, 'unscored': 0}}
INFO:     apscheduler.executors.default — Job "_shadow_resolver (trigger: cron[hour='*/1', minute='35'], next run at: 2026-08-27 20:35:00 UTC)" executed successfully
INFO:     apscheduler.executors.default — Running job "_intraday_fundamentals (trigger: cron[hour='*/4', minute='15'], next run at: 2026-08-28 00:15:00 UTC)" (scheduled at 2026-08-27 20:15:00+00:00)
INFO:     httpx — HTTP Request: GET https://api.stlouisfed.org/fred/release/dates?release_id=10&api_key=6adaba04b7efae646871c3e925da4184&file_type=json&include_release_dates_with_no_data=true&sort_order=asc&limit=10000 "HTTP/1.1 200 OK"
INFO:     httpx — HTTP Request: GET https://api.stlouisfed.org/fred/release/dates?release_id=50&api_key=6adaba04b7efae646871c3e925da4184&file_type=json&include_release_dates_with_no_data=true&sort_order=asc&limit=10000 "HTTP/1.1 200 OK"
INFO:     httpx — HTTP Request: GET https://api.stlouisfed.org/fred/series/observations?series_id=IRLTLT01USM156N&api_key=6adaba04b7efae646871c3e925da4184&file_type=json&observation_start=2026-06-28 "HTTP/1.1 200 OK"
INFO:     httpx — HTTP Request: GET https://api.stlouisfed.org/fred/series/observations?series_id=IRLTLT01DEM156N&api_key=6adaba04b7efae646871c3e925da4184&file_type=json&observation_start=2026-06-28 "HTTP/1.1 200 OK"
INFO:     httpx — HTTP Request: GET https://api.stlouisfed.org/fred/series/observations?series_id=IRLTLT01GBM156N&api_key=6adaba04b7efae646871c3e925da4184&file_type=json&observation_start=2026-06-28 "HTTP/1.1 200 OK"
INFO:     httpx — HTTP Request: GET https://api.stlouisfed.org/fred/series/observations?series_id=IRLTLT01JPM156N&api_key=6adaba04b7efae646871c3e925da4184&file_type=json&observation_start=2026-06-28 "HTTP/1.1 200 OK"
INFO:     httpx — HTTP Request: GET https://api.stlouisfed.org/fred/series/observations?series_id=IRLTLT01AUM156N&api_key=6adaba04b7efae646871c3e925da4184&file_type=json&observation_start=2026-06-28 "HTTP/1.1 200 OK"
INFO:     httpx — HTTP Request: GET https://api.stlouisfed.org/fred/series/observations?series_id=IRLTLT01NZM156N&api_key=6adaba04b7efae646871c3e925da4184&file_type=json&observation_start=2026-06-28 "HTTP/1.1 200 OK"
INFO:     httpx — HTTP Request: GET https://api.stlouisfed.org/fred/series/observations?series_id=IRLTLT01CAM156N&api_key=6adaba04b7efae646871c3e925da4184&file_type=json&observation_start=2026-06-28 "HTTP/1.1 200 OK"
INFO:     httpx — HTTP Request: GET https://api.stlouisfed.org/fred/series/observations?series_id=IRLTLT01CHM156N&api_key=6adaba04b7efae646871c3e925da4184&file_type=json&observation_start=2026-06-28 "HTTP/1.1 200 OK"
INFO:     httpx — HTTP Request: GET https://api.stlouisfed.org/fred/series/observations?series_id=IRSTCI01USM156N&api_key=6adaba04b7efae646871c3e925da4184&file_type=json&observation_start=2026-06-28 "HTTP/1.1 200 OK"
INFO:     httpx — HTTP Request: GET https://api.stlouisfed.org/fred/series/observations?series_id=IRSTCI01DEM156N&api_key=6adaba04b7efae646871c3e925da4184&file_type=json&observation_start=2026-06-28 "HTTP/1.1 200 OK"
INFO:     httpx — HTTP Request: GET https://api.stlouisfed.org/fred/series/observations?series_id=IRSTCI01GBM156N&api_key=6adaba04b7efae646871c3e925da4184&file_type=json&observation_start=2026-06-28 "HTTP/1.1 200 OK"
INFO:     httpx — HTTP Request: GET https://api.stlouisfed.org/fred/series/observations?series_id=IRSTCI01JPM156N&api_key=6adaba04b7efae646871c3e925da4184&file_type=json&observation_start=2026-06-28 "HTTP/1.1 200 OK"
INFO:     httpx — HTTP Request: GET https://api.stlouisfed.org/fred/series/observations?series_id=IRSTCI01AUM156N&api_key=6adaba04b7efae646871c3e925da4184&file_type=json&observation_start=2026-06-28 "HTTP/1.1 200 OK"
INFO:     httpx — HTTP Request: GET https://api.stlouisfed.org/fred/series/observations?series_id=IRSTCI01NZM156N&api_key=6adaba04b7efae646871c3e925da4184&file_type=json&observation_start=2026-06-28 "HTTP/1.1 200 OK"
INFO:     httpx — HTTP Request: GET https://api.stlouisfed.org/fred/series/observations?series_id=IRSTCI01CAM156N&api_key=6adaba04b7efae646871c3e925da4184&file_type=json&observation_start=2026-06-28 "HTTP/1.1 200 OK"
INFO:     httpx — HTTP Request: GET https://api.stlouisfed.org/fred/series/observations?series_id=IRSTCI01CHM156N&api_key=6adaba04b7efae646871c3e925da4184&file_type=json&observation_start=2026-06-28 "HTTP/1.1 200 OK"
INFO:     httpx — HTTP Request: GET https://api.stlouisfed.org/fred/series/observations?series_id=DGS10&api_key=6adaba04b7efae646871c3e925da4184&file_type=json&observation_start=2026-06-28 "HTTP/1.1 200 OK"
INFO:     httpx — HTTP Request: GET https://api.stlouisfed.org/fred/series/observations?series_id=DGS2&api_key=6adaba04b7efae646871c3e925da4184&file_type=json&observation_start=2026-06-28 "HTTP/1.1 200 OK"
INFO:     httpx — HTTP Request: GET https://api.stlouisfed.org/fred/series/observations?series_id=VIXCLS&api_key=6adaba04b7efae646871c3e925da4184&file_type=json&observation_start=2026-06-28 "HTTP/1.1 200 OK"
INFO:     httpx — HTTP Request: GET https://api.stlouisfed.org/fred/series/observations?series_id=DCOILWTICO&api_key=6adaba04b7efae646871c3e925da4184&file_type=json&observation_start=2026-06-28 "HTTP/1.1 200 OK"
INFO:     httpx — HTTP Request: GET https://api.stlouisfed.org/fred/series/observations?series_id=CPIAUCSL&api_key=6adaba04b7efae646871c3e925da4184&file_type=json&output_type=1&realtime_start=1776-07-04&realtime_end=9999-12-31&observation_start=2020-01-01 "HTTP/1.1 200 OK"
INFO:     httpx — HTTP Request: GET https://api.stlouisfed.org/fred/series/observations?series_id=CPILFESL&api_key=6adaba04b7efae646871c3e925da4184&file_type=json&output_type=1&realtime_start=1776-07-04&realtime_end=9999-12-31&observation_start=2020-01-01 "HTTP/1.1 200 OK"
INFO:     httpx — HTTP Request: GET https://api.stlouisfed.org/fred/series/observations?series_id=UNRATE&api_key=6adaba04b7efae646871c3e925da4184&file_type=json&output_type=1&realtime_start=1776-07-04&realtime_end=9999-12-31&observation_start=2020-01-01 "HTTP/1.1 200 OK"
INFO:     httpx — HTTP Request: GET https://api.stlouisfed.org/fred/series/observations?series_id=RSAFS&api_key=6adaba04b7efae646871c3e925da4184&file_type=json&output_type=1&realtime_start=1776-07-04&realtime_end=9999-12-31&observation_start=2020-01-01 "HTTP/1.1 200 OK"
INFO:     httpx — HTTP Request: GET https://api.stlouisfed.org/fred/series/observations?series_id=CP0000EZ19M086NEST&api_key=6adaba04b7efae646871c3e925da4184&file_type=json&output_type=1&realtime_start=1776-07-04&realtime_end=9999-12-31&observation_start=2020-01-01 "HTTP/1.1 200 OK"
INFO:     httpx — HTTP Request: GET https://api.stlouisfed.org/fred/series/observations?series_id=GBRCPIALLMINMEI&api_key=6adaba04b7efae646871c3e925da4184&file_type=json&output_type=1&realtime_start=1776-07-04&realtime_end=9999-12-31&observation_start=2020-01-01 "HTTP/1.1 200 OK"
INFO:     app.services.scheduler — fundamentals refresh: spine={'US CPI': 0, 'US Non-Farm Payrolls': 1, 'FOMC Rate Decision': 0, 'ECB Rate Decision': 0, 'BoE Rate Decision': 0, 'BoJ Rate Decision': 0, 'RBA Rate Decision': 0, 'RBNZ Rate Decision': 0, 'BoC Rate Decision': 0, 'SNB Rate Decision': 0} macro={'US_10Y_YIELD': 0, 'DE_10Y_YIELD': 0, 'GB_10Y_YIELD': 0, 'JP_10Y_YIELD': 0, 'AU_10Y_YIELD': 0, 'NZ_10Y_YIELD': 0, 'CA_10Y_YIELD': 0, 'CH_10Y_YIELD': 0, 'US_POLICY_RATE': 0, 'DE_POLICY_RATE': 0, 'GB_POLICY_RATE': 0, 'JP_POLICY_RATE': 0, 'AU_POLICY_RATE': 0, 'NZ_POLICY_RATE': 0, 'CA_POLICY_RATE': 0, 'CH_POLICY_RATE': 0, 'US_10Y_DAILY': 0, 'US_2Y_DAILY': 0, 'VIX': 0, 'WTI': 0, 'US_CPI': 0, 'US_CORE_CPI': 0, 'US_UNEMPLOYMENT': 0, 'US_RETAIL_SALES': 0, 'EU_CPI': 0, 'UK_CPI': 0}
WARNING:     app.services.scheduler — macro series STALE (3/26) — every feature derived from these is NaN on live signals: NZ_POLICY_RATE(monthly, 589d > 75d), CH_POLICY_RATE(monthly, 864d > 75d), UK_CPI(monthly, 469d > 75d)
INFO:     apscheduler.executors.default — Job "_intraday_fundamentals (trigger: cron[hour='*/4', minute='15'], next run at: 2026-08-28 00:15:00 UTC)" executed successfully
INFO:     apscheduler.executors.default — Running job "_make_trailing_window_job.<locals>._job (trigger: cron[hour='*', minute='20'], next run at: 2026-08-27 21:20:00 UTC)" (scheduled at 2026-08-27 20:20:00+00:00)
INFO:     httpx — HTTP Request: GET https://api-fxpractice.oanda.com/v3/instruments/EUR_USD/candles?granularity=M1&from=2026-08-27T14%3A20%3A00Z&to=2026-08-27T20%3A20%3A00Z&price=B "HTTP/1.1 200 OK"
INFO:     httpx — HTTP Request: GET https://api-fxpractice.oanda.com/v3/instruments/EUR_USD/candles?granularity=M1&from=2026-08-27T14%3A20%3A00Z&to=2026-08-27T20%3A20%3A00Z&price=A "HTTP/1.1 200 OK"
INFO:     httpx — HTTP Request: GET https://api-fxpractice.oanda.com/v3/instruments/USD_CHF/candles?granularity=M1&from=2026-08-27T14%3A20%3A00Z&to=2026-08-27T20%3A20%3A00Z&price=B "HTTP/1.1 200 OK"
INFO:     httpx — HTTP Request: GET https://api-fxpractice.oanda.com/v3/instruments/USD_CHF/candles?granularity=M1&from=2026-08-27T14%3A20%3A00Z&to=2026-08-27T20%3A20%3A00Z&price=A "HTTP/1.1 200 OK"
INFO:     httpx — HTTP Request: GET https://api-fxpractice.oanda.com/v3/instruments/EUR_JPY/candles?granularity=M1&from=2026-08-27T14%3A20%3A00Z&to=2026-08-27T20%3A20%3A00Z&price=B "HTTP/1.1 200 OK"
INFO:     httpx — HTTP Request: GET https://api-fxpractice.oanda.com/v3/instruments/EUR_JPY/candles?granularity=M1&from=2026-08-27T14%3A20%3A00Z&to=2026-08-27T20%3A20%3A00Z&price=A "HTTP/1.1 200 OK"
INFO:     httpx — HTTP Request: GET https://api-fxpractice.oanda.com/v3/instruments/USD_JPY/candles?granularity=M1&from=2026-08-27T14%3A20%3A00Z&to=2026-08-27T20%3A20%3A00Z&price=B "HTTP/1.1 200 OK"
INFO:     httpx — HTTP Request: GET https://api-fxpractice.oanda.com/v3/instruments/USD_JPY/candles?granularity=M1&from=2026-08-27T14%3A20%3A00Z&to=2026-08-27T20%3A20%3A00Z&price=A "HTTP/1.1 200 OK"
INFO:     httpx — HTTP Request: GET https://api-fxpractice.oanda.com/v3/instruments/GBP_JPY/candles?granularity=M1&from=2026-08-27T14%3A20%3A00Z&to=2026-08-27T20%3A20%3A00Z&price=B "HTTP/1.1 200 OK"
INFO:     httpx — HTTP Request: GET https://api-fxpractice.oanda.com/v3/instruments/GBP_JPY/candles?granularity=M1&from=2026-08-27T14%3A20%3A00Z&to=2026-08-27T20%3A20%3A00Z&price=A "HTTP/1.1 200 OK"
INFO:     httpx — HTTP Request: GET https://api-fxpractice.oanda.com/v3/instruments/AUD_USD/candles?granularity=M1&from=2026-08-27T14%3A20%3A00Z&to=2026-08-27T20%3A20%3A00Z&price=B "HTTP/1.1 200 OK"
INFO:     httpx — HTTP Request: GET https://api-fxpractice.oanda.com/v3/instruments/AUD_USD/candles?granularity=M1&from=2026-08-27T14%3A20%3A00Z&to=2026-08-27T20%3A20%3A00Z&price=A "HTTP/1.1 200 OK"
INFO:     httpx — HTTP Request: GET https://api-fxpractice.oanda.com/v3/instruments/GBP_USD/candles?granularity=M1&from=2026-08-27T14%3A20%3A00Z&to=2026-08-27T20%3A20%3A00Z&price=B "HTTP/1.1 200 OK"
INFO:     httpx — HTTP Request: GET https://api-fxpractice.oanda.com/v3/instruments/GBP_USD/candles?granularity=M1&from=2026-08-27T14%3A20%3A00Z&to=2026-08-27T20%3A20%3A00Z&price=A "HTTP/1.1 200 OK"
INFO:     httpx — HTTP Request: GET https://api-fxpractice.oanda.com/v3/instruments/USD_CAD/candles?granularity=M1&from=2026-08-27T14%3A20%3A00Z&to=2026-08-27T20%3A20%3A00Z&price=B "HTTP/1.1 200 OK"
INFO:     httpx — HTTP Request: GET https://api-fxpractice.oanda.com/v3/instruments/USD_CAD/candles?granularity=M1&from=2026-08-27T14%3A20%3A00Z&to=2026-08-27T20%3A20%3A00Z&price=A "HTTP/1.1 200 OK"
INFO:     httpx — HTTP Request: GET https://api-fxpractice.oanda.com/v3/instruments/EUR_GBP/candles?granularity=M1&from=2026-08-27T14%3A20%3A00Z&to=2026-08-27T20%3A20%3A00Z&price=B "HTTP/1.1 200 OK"
INFO:     httpx — HTTP Request: GET https://api-fxpractice.oanda.com/v3/instruments/EUR_GBP/candles?granularity=M1&from=2026-08-27T14%3A20%3A00Z&to=2026-08-27T20%3A20%3A00Z&price=A "HTTP/1.1 200 OK"
INFO:     httpx — HTTP Request: GET https://api-fxpractice.oanda.com/v3/instruments/NZD_USD/candles?granularity=M1&from=2026-08-27T14%3A20%3A00Z&to=2026-08-27T20%3A20%3A00Z&price=B "HTTP/1.1 200 OK"
INFO:     httpx — HTTP Request: GET https://api-fxpractice.oanda.com/v3/instruments/NZD_USD/candles?granularity=M1&from=2026-08-27T14%3A20%3A00Z&to=2026-08-27T20%3A20%3A00Z&price=A "HTTP/1.1 200 OK"
INFO:     app.services.pipeline — trailing window refresh complete: {'granularity': 'M1', 'price_types': ['B', 'A'], 'window_start': '2026-08-27T14:20:00.016794+00:00', 'window_end': '2026-08-27T20:20:00.016794+00:00', 'lookback_hours': 6, 'fetched': 1182, 'instruments': 10, 'errors': 0}
INFO:     apscheduler.executors.default — Job "_make_trailing_window_job.<locals>._job (trigger: cron[hour='*', minute='20'], next run at: 2026-08-27 21:20:00 UTC)" executed successfully
INFO:     apscheduler.executors.default — Running job "_shadow_resolver (trigger: cron[hour='*/1', minute='35'], next run at: 2026-08-27 21:35:00 UTC)" (scheduled at 2026-08-27 20:35:00+00:00)
INFO:     app.services.shadow.resolver — shadow resolver: {'checked': 23, 'resolved': 0, 'not_yet': 23, 'forced': 0, 'no_atr': 0, 'failed': 0, 'still_pending': 23, 'by_outcome': {'win': 0, 'loss': 0, 'breakeven': 0}, 'by_decision': {'take': 0, 'skip': 0, 'unscored': 0}}
INFO:     app.services.scheduler — scheduled shadow resolver: {'checked': 23, 'resolved': 0, 'not_yet': 23, 'forced': 0, 'no_atr': 0, 'failed': 0, 'still_pending': 23, 'by_outcome': {'win': 0, 'loss': 0, 'breakeven': 0}, 'by_decision': {'take': 0, 'skip': 0, 'unscored': 0}}
INFO:     apscheduler.executors.default — Job "_shadow_resolver (trigger: cron[hour='*/1', minute='35'], next run at: 2026-08-27 21:35:00 UTC)" executed successfully
INFO:     apscheduler.executors.default — Running job "_make_candle_close_job.<locals>._job (trigger: cron[hour='1,5,9,13,17,21', minute='1'], next run at: 2026-08-28 01:01:00 UTC)" (scheduled at 2026-08-27 21:01:00+00:00)
INFO:     httpx — HTTP Request: GET https://api-fxpractice.oanda.com/v3/instruments/EUR_USD/candles?granularity=H4&from=2026-08-27T17%3A00%3A00Z&to=2026-08-27T21%3A01%3A04Z&price=M "HTTP/1.1 200 OK"
INFO:     httpx — HTTP Request: GET https://api-fxpractice.oanda.com/v3/instruments/USD_CHF/candles?granularity=H4&from=2026-08-27T17%3A00%3A00Z&to=2026-08-27T21%3A01%3A11Z&price=M "HTTP/1.1 200 OK"
INFO:     httpx — HTTP Request: GET https://api-fxpractice.oanda.com/v3/instruments/EUR_JPY/candles?granularity=H4&from=2026-08-27T17%3A00%3A00Z&to=2026-08-27T21%3A01%3A18Z&price=M "HTTP/1.1 200 OK"
INFO:     httpx — HTTP Request: GET https://api-fxpractice.oanda.com/v3/instruments/USD_JPY/candles?granularity=H4&from=2026-08-27T17%3A00%3A00Z&to=2026-08-27T21%3A01%3A23Z&price=M "HTTP/1.1 200 OK"
INFO:     httpx — HTTP Request: GET https://api-fxpractice.oanda.com/v3/accounts/101-003-39159710-001/pricing?instruments=USD_JPY&includeHomeConversions=true "HTTP/1.1 200 OK"
INFO:     app.services.pipeline — signal approved: USD_JPY H4 SELL score=4 units=697
INFO:     app.services.shadow.recorder — shadow recorded: USD_JPY H4 SELL p=0.1060 decision=skip risk=pass model=s1_xgb_v2_c430d22dd1ab.NOT_PROMOTED nan_model_features=0
INFO:     httpx — HTTP Request: GET https://api-fxpractice.oanda.com/v3/instruments/GBP_JPY/candles?granularity=H4&from=2026-08-27T17%3A00%3A00Z&to=2026-08-27T21%3A01%3A39Z&price=M "HTTP/1.1 200 OK"
INFO:     httpx — HTTP Request: GET https://api-fxpractice.oanda.com/v3/accounts/101-003-39159710-001/pricing?instruments=GBP_JPY&includeHomeConversions=true "HTTP/1.1 200 OK"
INFO:     app.services.pipeline — signal rejected: GBP_JPY reason=CORRELATED_POSITION_EXISTS
INFO:     app.services.shadow.recorder — shadow recorded: GBP_JPY H4 SELL p=0.1392 decision=skip risk=reject:CORRELATED_POSITION_EXISTS model=s1_xgb_v2_c430d22dd1ab.NOT_PROMOTED nan_model_features=0
INFO:     httpx — HTTP Request: GET https://api-fxpractice.oanda.com/v3/instruments/AUD_USD/candles?granularity=H4&from=2026-08-27T17%3A00%3A00Z&to=2026-08-27T21%3A01%3A47Z&price=M "HTTP/1.1 200 OK"
INFO:     httpx — HTTP Request: GET https://api-fxpractice.oanda.com/v3/instruments/GBP_USD/candles?granularity=H4&from=2026-08-27T17%3A00%3A00Z&to=2026-08-27T21%3A01%3A52Z&price=M "HTTP/1.1 200 OK"
INFO:     httpx — HTTP Request: GET https://api-fxpractice.oanda.com/v3/accounts/101-003-39159710-001/pricing?instruments=GBP_USD&includeHomeConversions=true "HTTP/1.1 200 OK"
INFO:     app.services.pipeline — signal rejected: GBP_USD reason=CORRELATED_POSITION_EXISTS
INFO:     app.services.shadow.recorder — shadow recorded: GBP_USD H4 BUY p=0.1295 decision=skip risk=reject:CORRELATED_POSITION_EXISTS model=s1_xgb_v2_c430d22dd1ab.NOT_PROMOTED nan_model_features=0
INFO:     httpx — HTTP Request: GET https://api-fxpractice.oanda.com/v3/instruments/USD_CAD/candles?granularity=H4&from=2026-08-27T17%3A00%3A00Z&to=2026-08-27T21%3A01%3A59Z&price=M "HTTP/1.1 200 OK"
INFO:     httpx — HTTP Request: GET https://api-fxpractice.oanda.com/v3/instruments/EUR_GBP/candles?granularity=H4&from=2026-08-27T17%3A00%3A00Z&to=2026-08-27T21%3A02%3A02Z&price=M "HTTP/1.1 200 OK"
INFO:     httpx — HTTP Request: GET https://api-fxpractice.oanda.com/v3/instruments/NZD_USD/candles?granularity=H4&from=2026-08-27T17%3A00%3A00Z&to=2026-08-27T21%3A02%3A05Z&price=M "HTTP/1.1 200 OK"
INFO:     app.services.pipeline — pipeline complete: {'granularity': 'H4', 'fetched': 10, 'computed': 10, 'signals': 1, 'rejected': 2, 'errors': 0, 'evaluated': 10, 'shadow_recorded': 3, 'shadow_errors': 0, 'expired': 0, 'shadow_enabled': True}
INFO:     apscheduler.executors.default — Job "_make_candle_close_job.<locals>._job (trigger: cron[hour='1,5,9,13,17,21', minute='1'], next run at: 2026-08-28 01:01:00 UTC)" executed successfully
WARNING:     app.services.price_stream — price stream disconnected (failure 1/10 before escalation): no data (price or heartbeat) from the OANDA pricing stream for 30s (STREAM_HEARTBEAT_TIMEOUT_SECONDS) — treating the connection as dead and forcing a reconnect — retrying in 5s
INFO:     httpx — HTTP Request: GET https://stream-fxpractice.oanda.com/v3/accounts/101-003-39159710-001/pricing/stream?instruments=EUR_USD%2CUSD_CHF%2CEUR_JPY%2CUSD_JPY%2CGBP_JPY%2CAUD_USD%2CGBP_USD%2CUSD_CAD%2CEUR_GBP%2CNZD_USD&snapshot=true "HTTP/1.1 200 OK"
INFO:     app.services.price_stream — price stream RECOVERED after 1 consecutive failure(s) (down 260.9 min)
WARNING:     apscheduler.executors.default — Run time of job "_make_trailing_window_job.<locals>._job (trigger: cron[hour='*', minute='20'], next run at: 2026-08-28 03:20:00 UTC)" was missed by 0:13:39.327434
WARNING:     apscheduler.executors.default — Run time of job "_daily_circuit_breaker (trigger: cron[hour='0', minute='0'], next run at: 2026-08-29 00:00:00 UTC)" was missed by 2:33:39.354199
WARNING:     apscheduler.executors.default — Run time of job "_shadow_resolver (trigger: cron[hour='*/1', minute='35'], next run at: 2026-08-28 02:35:00 UTC)" was missed by 0:58:39.357217
WARNING:     apscheduler.executors.default — Run time of job "_make_candle_refresh_job.<locals>._job (trigger: cron[hour='23', minute='5'], next run at: 2026-08-28 23:05:00 UTC)" was missed by 3:28:39.320703
WARNING:     apscheduler.executors.default — Run time of job "_intraday_fundamentals (trigger: cron[hour='*/4', minute='15'], next run at: 2026-08-28 00:15:00 UTC)" was missed by 2:18:39.414191
WARNING:     apscheduler.executors.default — Run time of job "_make_candle_close_job.<locals>._job (trigger: cron[hour='1,5,9,13,17,21', minute='1'], next run at: 2026-08-28 05:01:00 UTC)" was missed by 1:32:39.427330
INFO:     apscheduler.executors.default — Running job "_shadow_resolver (trigger: cron[hour='*/1', minute='35'], next run at: 2026-08-28 03:35:00 UTC)" (scheduled at 2026-08-28 02:35:00+00:00)
INFO:     app.services.shadow.resolver — shadow resolver: {'checked': 26, 'resolved': 0, 'not_yet': 26, 'forced': 0, 'no_atr': 0, 'failed': 0, 'still_pending': 26, 'by_outcome': {'win': 0, 'loss': 0, 'breakeven': 0}, 'by_decision': {'take': 0, 'skip': 0, 'unscored': 0}}
INFO:     app.services.scheduler — scheduled shadow resolver: {'checked': 26, 'resolved': 0, 'not_yet': 26, 'forced': 0, 'no_atr': 0, 'failed': 0, 'still_pending': 26, 'by_outcome': {'win': 0, 'loss': 0, 'breakeven': 0}, 'by_decision': {'take': 0, 'skip': 0, 'unscored': 0}}
INFO:     apscheduler.executors.default — Job "_shadow_resolver (trigger: cron[hour='*/1', minute='35'], next run at: 2026-08-28 03:35:00 UTC)" executed successfully
INFO:     apscheduler.executors.default — Running job "_make_trailing_window_job.<locals>._job (trigger: cron[hour='*', minute='20'], next run at: 2026-08-28 04:20:00 UTC)" (scheduled at 2026-08-28 03:20:00+00:00)
INFO:     httpx — HTTP Request: GET https://api-fxpractice.oanda.com/v3/instruments/EUR_USD/candles?granularity=M1&from=2026-08-27T21%3A20%3A00Z&to=2026-08-28T03%3A20%3A00Z&price=B "HTTP/1.1 200 OK"
INFO:     httpx — HTTP Request: GET https://api-fxpractice.oanda.com/v3/instruments/EUR_USD/candles?granularity=M1&from=2026-08-27T21%3A20%3A00Z&to=2026-08-28T03%3A20%3A00Z&price=A "HTTP/1.1 200 OK"
INFO:     httpx — HTTP Request: GET https://api-fxpractice.oanda.com/v3/instruments/USD_CHF/candles?granularity=M1&from=2026-08-27T21%3A20%3A00Z&to=2026-08-28T03%3A20%3A00Z&price=B "HTTP/1.1 200 OK"
INFO:     httpx — HTTP Request: GET https://api-fxpractice.oanda.com/v3/instruments/USD_CHF/candles?granularity=M1&from=2026-08-27T21%3A20%3A00Z&to=2026-08-28T03%3A20%3A00Z&price=A "HTTP/1.1 200 OK"
INFO:     httpx — HTTP Request: GET https://api-fxpractice.oanda.com/v3/instruments/EUR_JPY/candles?granularity=M1&from=2026-08-27T21%3A20%3A00Z&to=2026-08-28T03%3A20%3A00Z&price=B "HTTP/1.1 200 OK"
INFO:     httpx — HTTP Request: GET https://api-fxpractice.oanda.com/v3/instruments/EUR_JPY/candles?granularity=M1&from=2026-08-27T21%3A20%3A00Z&to=2026-08-28T03%3A20%3A00Z&price=A "HTTP/1.1 200 OK"
INFO:     httpx — HTTP Request: GET https://api-fxpractice.oanda.com/v3/instruments/USD_JPY/candles?granularity=M1&from=2026-08-27T21%3A20%3A00Z&to=2026-08-28T03%3A20%3A00Z&price=B "HTTP/1.1 200 OK"
INFO:     httpx — HTTP Request: GET https://api-fxpractice.oanda.com/v3/instruments/USD_JPY/candles?granularity=M1&from=2026-08-27T21%3A20%3A00Z&to=2026-08-28T03%3A20%3A00Z&price=A "HTTP/1.1 200 OK"
INFO:     httpx — HTTP Request: GET https://api-fxpractice.oanda.com/v3/instruments/GBP_JPY/candles?granularity=M1&from=2026-08-27T21%3A20%3A00Z&to=2026-08-28T03%3A20%3A00Z&price=B "HTTP/1.1 200 OK"
INFO:     httpx — HTTP Request: GET https://api-fxpractice.oanda.com/v3/instruments/GBP_JPY/candles?granularity=M1&from=2026-08-27T21%3A20%3A00Z&to=2026-08-28T03%3A20%3A00Z&price=A "HTTP/1.1 200 OK"
INFO:     httpx — HTTP Request: GET https://api-fxpractice.oanda.com/v3/instruments/AUD_USD/candles?granularity=M1&from=2026-08-27T21%3A20%3A00Z&to=2026-08-28T03%3A20%3A00Z&price=B "HTTP/1.1 200 OK"
INFO:     httpx — HTTP Request: GET https://api-fxpractice.oanda.com/v3/instruments/AUD_USD/candles?granularity=M1&from=2026-08-27T21%3A20%3A00Z&to=2026-08-28T03%3A20%3A00Z&price=A "HTTP/1.1 200 OK"
INFO:     httpx — HTTP Request: GET https://api-fxpractice.oanda.com/v3/instruments/GBP_USD/candles?granularity=M1&from=2026-08-27T21%3A20%3A00Z&to=2026-08-28T03%3A20%3A00Z&price=B "HTTP/1.1 200 OK"
INFO:     httpx — HTTP Request: GET https://api-fxpractice.oanda.com/v3/instruments/GBP_USD/candles?granularity=M1&from=2026-08-27T21%3A20%3A00Z&to=2026-08-28T03%3A20%3A00Z&price=A "HTTP/1.1 200 OK"
INFO:     httpx — HTTP Request: GET https://api-fxpractice.oanda.com/v3/instruments/USD_CAD/candles?granularity=M1&from=2026-08-27T21%3A20%3A00Z&to=2026-08-28T03%3A20%3A00Z&price=B "HTTP/1.1 200 OK"
INFO:     httpx — HTTP Request: GET https://api-fxpractice.oanda.com/v3/instruments/USD_CAD/candles?granularity=M1&from=2026-08-27T21%3A20%3A00Z&to=2026-08-28T03%3A20%3A00Z&price=A "HTTP/1.1 200 OK"
INFO:     httpx — HTTP Request: GET https://api-fxpractice.oanda.com/v3/instruments/EUR_GBP/candles?granularity=M1&from=2026-08-27T21%3A20%3A00Z&to=2026-08-28T03%3A20%3A00Z&price=B "HTTP/1.1 200 OK"
INFO:     httpx — HTTP Request: GET https://api-fxpractice.oanda.com/v3/instruments/EUR_GBP/candles?granularity=M1&from=2026-08-27T21%3A20%3A00Z&to=2026-08-28T03%3A20%3A00Z&price=A "HTTP/1.1 200 OK"
INFO:     httpx — HTTP Request: GET https://api-fxpractice.oanda.com/v3/instruments/NZD_USD/candles?granularity=M1&from=2026-08-27T21%3A20%3A00Z&to=2026-08-28T03%3A20%3A00Z&price=B "HTTP/1.1 200 OK"
INFO:     httpx — HTTP Request: GET https://api-fxpractice.oanda.com/v3/instruments/NZD_USD/candles?granularity=M1&from=2026-08-27T21%3A20%3A00Z&to=2026-08-28T03%3A20%3A00Z&price=A "HTTP/1.1 200 OK"
INFO:     app.services.pipeline — trailing window refresh complete: {'granularity': 'M1', 'price_types': ['B', 'A'], 'window_start': '2026-08-27T21:20:00.053085+00:00', 'window_end': '2026-08-28T03:20:00.053085+00:00', 'lookback_hours': 6, 'fetched': 7108, 'instruments': 10, 'errors': 0}
INFO:     apscheduler.executors.default — Job "_make_trailing_window_job.<locals>._job (trigger: cron[hour='*', minute='20'], next run at: 2026-08-28 04:20:00 UTC)" executed successfully
INFO:     apscheduler.executors.default — Running job "_shadow_resolver (trigger: cron[hour='*/1', minute='35'], next run at: 2026-08-28 04:35:00 UTC)" (scheduled at 2026-08-28 03:35:00+00:00)
INFO:     app.services.shadow.resolver — shadow resolver: {'checked': 26, 'resolved': 0, 'not_yet': 26, 'forced': 0, 'no_atr': 0, 'failed': 0, 'still_pending': 26, 'by_outcome': {'win': 0, 'loss': 0, 'breakeven': 0}, 'by_decision': {'take': 0, 'skip': 0, 'unscored': 0}}
INFO:     app.services.scheduler — scheduled shadow resolver: {'checked': 26, 'resolved': 0, 'not_yet': 26, 'forced': 0, 'no_atr': 0, 'failed': 0, 'still_pending': 26, 'by_outcome': {'win': 0, 'loss': 0, 'breakeven': 0}, 'by_decision': {'take': 0, 'skip': 0, 'unscored': 0}}
INFO:     apscheduler.executors.default — Job "_shadow_resolver (trigger: cron[hour='*/1', minute='35'], next run at: 2026-08-28 04:35:00 UTC)" executed successfully
INFO:     apscheduler.executors.default — Running job "_intraday_fundamentals (trigger: cron[hour='*/4', minute='15'], next run at: 2026-08-28 08:15:00 UTC)" (scheduled at 2026-08-28 04:15:00+00:00)
INFO:     httpx — HTTP Request: GET https://api.stlouisfed.org/fred/release/dates?release_id=10&api_key=6adaba04b7efae646871c3e925da4184&file_type=json&include_release_dates_with_no_data=true&sort_order=asc&limit=10000 "HTTP/1.1 200 OK"
INFO:     httpx — HTTP Request: GET https://api.stlouisfed.org/fred/release/dates?release_id=50&api_key=6adaba04b7efae646871c3e925da4184&file_type=json&include_release_dates_with_no_data=true&sort_order=asc&limit=10000 "HTTP/1.1 200 OK"
INFO:     httpx — HTTP Request: GET https://api.stlouisfed.org/fred/series/observations?series_id=IRLTLT01USM156N&api_key=6adaba04b7efae646871c3e925da4184&file_type=json&observation_start=2026-06-29 "HTTP/1.1 200 OK"
INFO:     httpx — HTTP Request: GET https://api.stlouisfed.org/fred/series/observations?series_id=IRLTLT01DEM156N&api_key=6adaba04b7efae646871c3e925da4184&file_type=json&observation_start=2026-06-29 "HTTP/1.1 200 OK"
INFO:     httpx — HTTP Request: GET https://api.stlouisfed.org/fred/series/observations?series_id=IRLTLT01GBM156N&api_key=6adaba04b7efae646871c3e925da4184&file_type=json&observation_start=2026-06-29 "HTTP/1.1 200 OK"
INFO:     httpx — HTTP Request: GET https://api.stlouisfed.org/fred/series/observations?series_id=IRLTLT01JPM156N&api_key=6adaba04b7efae646871c3e925da4184&file_type=json&observation_start=2026-06-29 "HTTP/1.1 200 OK"
INFO:     httpx — HTTP Request: GET https://api.stlouisfed.org/fred/series/observations?series_id=IRLTLT01AUM156N&api_key=6adaba04b7efae646871c3e925da4184&file_type=json&observation_start=2026-06-29 "HTTP/1.1 200 OK"
INFO:     httpx — HTTP Request: GET https://api.stlouisfed.org/fred/series/observations?series_id=IRLTLT01NZM156N&api_key=6adaba04b7efae646871c3e925da4184&file_type=json&observation_start=2026-06-29 "HTTP/1.1 200 OK"
INFO:     httpx — HTTP Request: GET https://api.stlouisfed.org/fred/series/observations?series_id=IRLTLT01CAM156N&api_key=6adaba04b7efae646871c3e925da4184&file_type=json&observation_start=2026-06-29 "HTTP/1.1 200 OK"
INFO:     httpx — HTTP Request: GET https://api.stlouisfed.org/fred/series/observations?series_id=IRLTLT01CHM156N&api_key=6adaba04b7efae646871c3e925da4184&file_type=json&observation_start=2026-06-29 "HTTP/1.1 200 OK"
INFO:     httpx — HTTP Request: GET https://api.stlouisfed.org/fred/series/observations?series_id=IRSTCI01USM156N&api_key=6adaba04b7efae646871c3e925da4184&file_type=json&observation_start=2026-06-29 "HTTP/1.1 200 OK"
INFO:     httpx — HTTP Request: GET https://api.stlouisfed.org/fred/series/observations?series_id=IRSTCI01DEM156N&api_key=6adaba04b7efae646871c3e925da4184&file_type=json&observation_start=2026-06-29 "HTTP/1.1 200 OK"
INFO:     httpx — HTTP Request: GET https://api.stlouisfed.org/fred/series/observations?series_id=IRSTCI01GBM156N&api_key=6adaba04b7efae646871c3e925da4184&file_type=json&observation_start=2026-06-29 "HTTP/1.1 200 OK"
INFO:     httpx — HTTP Request: GET https://api.stlouisfed.org/fred/series/observations?series_id=IRSTCI01JPM156N&api_key=6adaba04b7efae646871c3e925da4184&file_type=json&observation_start=2026-06-29 "HTTP/1.1 200 OK"
INFO:     httpx — HTTP Request: GET https://api.stlouisfed.org/fred/series/observations?series_id=IRSTCI01AUM156N&api_key=6adaba04b7efae646871c3e925da4184&file_type=json&observation_start=2026-06-29 "HTTP/1.1 200 OK"
INFO:     httpx — HTTP Request: GET https://api.stlouisfed.org/fred/series/observations?series_id=IRSTCI01NZM156N&api_key=6adaba04b7efae646871c3e925da4184&file_type=json&observation_start=2026-06-29 "HTTP/1.1 200 OK"
INFO:     httpx — HTTP Request: GET https://api.stlouisfed.org/fred/series/observations?series_id=IRSTCI01CAM156N&api_key=6adaba04b7efae646871c3e925da4184&file_type=json&observation_start=2026-06-29 "HTTP/1.1 200 OK"
INFO:     httpx — HTTP Request: GET https://api.stlouisfed.org/fred/series/observations?series_id=IRSTCI01CHM156N&api_key=6adaba04b7efae646871c3e925da4184&file_type=json&observation_start=2026-06-29 "HTTP/1.1 200 OK"
INFO:     httpx — HTTP Request: GET https://api.stlouisfed.org/fred/series/observations?series_id=DGS10&api_key=6adaba04b7efae646871c3e925da4184&file_type=json&observation_start=2026-06-29 "HTTP/1.1 200 OK"
INFO:     httpx — HTTP Request: GET https://api.stlouisfed.org/fred/series/observations?series_id=DGS2&api_key=6adaba04b7efae646871c3e925da4184&file_type=json&observation_start=2026-06-29 "HTTP/1.1 200 OK"
INFO:     httpx — HTTP Request: GET https://api.stlouisfed.org/fred/series/observations?series_id=VIXCLS&api_key=6adaba04b7efae646871c3e925da4184&file_type=json&observation_start=2026-06-29 "HTTP/1.1 200 OK"
INFO:     httpx — HTTP Request: GET https://api.stlouisfed.org/fred/series/observations?series_id=DCOILWTICO&api_key=6adaba04b7efae646871c3e925da4184&file_type=json&observation_start=2026-06-29 "HTTP/1.1 200 OK"
INFO:     httpx — HTTP Request: GET https://api.stlouisfed.org/fred/series/observations?series_id=CPIAUCSL&api_key=6adaba04b7efae646871c3e925da4184&file_type=json&output_type=1&realtime_start=1776-07-04&realtime_end=9999-12-31&observation_start=2020-01-01 "HTTP/1.1 200 OK"
INFO:     httpx — HTTP Request: GET https://api.stlouisfed.org/fred/series/observations?series_id=CPILFESL&api_key=6adaba04b7efae646871c3e925da4184&file_type=json&output_type=1&realtime_start=1776-07-04&realtime_end=9999-12-31&observation_start=2020-01-01 "HTTP/1.1 200 OK"
INFO:     httpx — HTTP Request: GET https://api.stlouisfed.org/fred/series/observations?series_id=UNRATE&api_key=6adaba04b7efae646871c3e925da4184&file_type=json&output_type=1&realtime_start=1776-07-04&realtime_end=9999-12-31&observation_start=2020-01-01 "HTTP/1.1 200 OK"
INFO:     httpx — HTTP Request: GET https://api.stlouisfed.org/fred/series/observations?series_id=RSAFS&api_key=6adaba04b7efae646871c3e925da4184&file_type=json&output_type=1&realtime_start=1776-07-04&realtime_end=9999-12-31&observation_start=2020-01-01 "HTTP/1.1 200 OK"
INFO:     httpx — HTTP Request: GET https://api.stlouisfed.org/fred/series/observations?series_id=CP0000EZ19M086NEST&api_key=6adaba04b7efae646871c3e925da4184&file_type=json&output_type=1&realtime_start=1776-07-04&realtime_end=9999-12-31&observation_start=2020-01-01 "HTTP/1.1 200 OK"
INFO:     httpx — HTTP Request: GET https://api.stlouisfed.org/fred/series/observations?series_id=GBRCPIALLMINMEI&api_key=6adaba04b7efae646871c3e925da4184&file_type=json&output_type=1&realtime_start=1776-07-04&realtime_end=9999-12-31&observation_start=2020-01-01 "HTTP/1.1 200 OK"
INFO:     app.services.scheduler — fundamentals refresh: spine={'US CPI': 1, 'US Non-Farm Payrolls': 1, 'FOMC Rate Decision': 0, 'ECB Rate Decision': 0, 'BoE Rate Decision': 0, 'BoJ Rate Decision': 0, 'RBA Rate Decision': 0, 'RBNZ Rate Decision': 0, 'BoC Rate Decision': 0, 'SNB Rate Decision': 0} macro={'US_10Y_YIELD': 0, 'DE_10Y_YIELD': 0, 'GB_10Y_YIELD': 0, 'JP_10Y_YIELD': 0, 'AU_10Y_YIELD': 0, 'NZ_10Y_YIELD': 0, 'CA_10Y_YIELD': 0, 'CH_10Y_YIELD': 0, 'US_POLICY_RATE': 0, 'DE_POLICY_RATE': 0, 'GB_POLICY_RATE': 0, 'JP_POLICY_RATE': 0, 'AU_POLICY_RATE': 0, 'NZ_POLICY_RATE': 0, 'CA_POLICY_RATE': 0, 'CH_POLICY_RATE': 0, 'US_10Y_DAILY': 1, 'US_2Y_DAILY': 1, 'VIX': 0, 'WTI': 0, 'US_CPI': 0, 'US_CORE_CPI': 0, 'US_UNEMPLOYMENT': 0, 'US_RETAIL_SALES': 0, 'EU_CPI': 0, 'UK_CPI': 0}
WARNING:     app.services.scheduler — macro series STALE (3/26) — every feature derived from these is NaN on live signals: NZ_POLICY_RATE(monthly, 590d > 75d), CH_POLICY_RATE(monthly, 865d > 75d), UK_CPI(monthly, 470d > 75d)
INFO:     apscheduler.executors.default — Job "_intraday_fundamentals (trigger: cron[hour='*/4', minute='15'], next run at: 2026-08-28 08:15:00 UTC)" executed successfully
INFO:     apscheduler.executors.default — Running job "_make_trailing_window_job.<locals>._job (trigger: cron[hour='*', minute='20'], next run at: 2026-08-28 05:20:00 UTC)" (scheduled at 2026-08-28 04:20:00+00:00)
INFO:     httpx — HTTP Request: GET https://api-fxpractice.oanda.com/v3/instruments/EUR_USD/candles?granularity=M1&from=2026-08-27T22%3A20%3A00Z&to=2026-08-28T04%3A20%3A00Z&price=B "HTTP/1.1 200 OK"
INFO:     httpx — HTTP Request: GET https://api-fxpractice.oanda.com/v3/instruments/EUR_USD/candles?granularity=M1&from=2026-08-27T22%3A20%3A00Z&to=2026-08-28T04%3A20%3A00Z&price=A "HTTP/1.1 200 OK"
INFO:     httpx — HTTP Request: GET https://api-fxpractice.oanda.com/v3/instruments/USD_CHF/candles?granularity=M1&from=2026-08-27T22%3A20%3A00Z&to=2026-08-28T04%3A20%3A00Z&price=B "HTTP/1.1 200 OK"
INFO:     httpx — HTTP Request: GET https://api-fxpractice.oanda.com/v3/instruments/USD_CHF/candles?granularity=M1&from=2026-08-27T22%3A20%3A00Z&to=2026-08-28T04%3A20%3A00Z&price=A "HTTP/1.1 200 OK"
INFO:     httpx — HTTP Request: GET https://api-fxpractice.oanda.com/v3/instruments/EUR_JPY/candles?granularity=M1&from=2026-08-27T22%3A20%3A00Z&to=2026-08-28T04%3A20%3A00Z&price=B "HTTP/1.1 200 OK"
INFO:     httpx — HTTP Request: GET https://api-fxpractice.oanda.com/v3/instruments/EUR_JPY/candles?granularity=M1&from=2026-08-27T22%3A20%3A00Z&to=2026-08-28T04%3A20%3A00Z&price=A "HTTP/1.1 200 OK"
INFO:     httpx — HTTP Request: GET https://api-fxpractice.oanda.com/v3/instruments/USD_JPY/candles?granularity=M1&from=2026-08-27T22%3A20%3A00Z&to=2026-08-28T04%3A20%3A00Z&price=B "HTTP/1.1 200 OK"
INFO:     httpx — HTTP Request: GET https://api-fxpractice.oanda.com/v3/instruments/USD_JPY/candles?granularity=M1&from=2026-08-27T22%3A20%3A00Z&to=2026-08-28T04%3A20%3A00Z&price=A "HTTP/1.1 200 OK"
INFO:     httpx — HTTP Request: GET https://api-fxpractice.oanda.com/v3/instruments/GBP_JPY/candles?granularity=M1&from=2026-08-27T22%3A20%3A00Z&to=2026-08-28T04%3A20%3A00Z&price=B "HTTP/1.1 200 OK"
INFO:     httpx — HTTP Request: GET https://api-fxpractice.oanda.com/v3/instruments/GBP_JPY/candles?granularity=M1&from=2026-08-27T22%3A20%3A00Z&to=2026-08-28T04%3A20%3A00Z&price=A "HTTP/1.1 200 OK"
INFO:     httpx — HTTP Request: GET https://api-fxpractice.oanda.com/v3/instruments/AUD_USD/candles?granularity=M1&from=2026-08-27T22%3A20%3A00Z&to=2026-08-28T04%3A20%3A00Z&price=B "HTTP/1.1 200 OK"
INFO:     httpx — HTTP Request: GET https://api-fxpractice.oanda.com/v3/instruments/AUD_USD/candles?granularity=M1&from=2026-08-27T22%3A20%3A00Z&to=2026-08-28T04%3A20%3A00Z&price=A "HTTP/1.1 200 OK"
INFO:     httpx — HTTP Request: GET https://api-fxpractice.oanda.com/v3/instruments/GBP_USD/candles?granularity=M1&from=2026-08-27T22%3A20%3A00Z&to=2026-08-28T04%3A20%3A00Z&price=B "HTTP/1.1 200 OK"
INFO:     httpx — HTTP Request: GET https://api-fxpractice.oanda.com/v3/instruments/GBP_USD/candles?granularity=M1&from=2026-08-27T22%3A20%3A00Z&to=2026-08-28T04%3A20%3A00Z&price=A "HTTP/1.1 200 OK"
INFO:     httpx — HTTP Request: GET https://api-fxpractice.oanda.com/v3/instruments/USD_CAD/candles?granularity=M1&from=2026-08-27T22%3A20%3A00Z&to=2026-08-28T04%3A20%3A00Z&price=B "HTTP/1.1 200 OK"
INFO:     httpx — HTTP Request: GET https://api-fxpractice.oanda.com/v3/instruments/USD_CAD/candles?granularity=M1&from=2026-08-27T22%3A20%3A00Z&to=2026-08-28T04%3A20%3A00Z&price=A "HTTP/1.1 200 OK"
INFO:     httpx — HTTP Request: GET https://api-fxpractice.oanda.com/v3/instruments/EUR_GBP/candles?granularity=M1&from=2026-08-27T22%3A20%3A00Z&to=2026-08-28T04%3A20%3A00Z&price=B "HTTP/1.1 200 OK"
INFO:     httpx — HTTP Request: GET https://api-fxpractice.oanda.com/v3/instruments/EUR_GBP/candles?granularity=M1&from=2026-08-27T22%3A20%3A00Z&to=2026-08-28T04%3A20%3A00Z&price=A "HTTP/1.1 200 OK"
INFO:     httpx — HTTP Request: GET https://api-fxpractice.oanda.com/v3/instruments/NZD_USD/candles?granularity=M1&from=2026-08-27T22%3A20%3A00Z&to=2026-08-28T04%3A20%3A00Z&price=B "HTTP/1.1 200 OK"
INFO:     httpx — HTTP Request: GET https://api-fxpractice.oanda.com/v3/instruments/NZD_USD/candles?granularity=M1&from=2026-08-27T22%3A20%3A00Z&to=2026-08-28T04%3A20%3A00Z&price=A "HTTP/1.1 200 OK"
INFO:     app.services.pipeline — trailing window refresh complete: {'granularity': 'M1', 'price_types': ['B', 'A'], 'window_start': '2026-08-27T22:20:00.036255+00:00', 'window_end': '2026-08-28T04:20:00.036255+00:00', 'lookback_hours': 6, 'fetched': 1194, 'instruments': 10, 'errors': 0}
INFO:     apscheduler.executors.default — Job "_make_trailing_window_job.<locals>._job (trigger: cron[hour='*', minute='20'], next run at: 2026-08-28 05:20:00 UTC)" executed successfully
INFO:     apscheduler.executors.default — Running job "_shadow_resolver (trigger: cron[hour='*/1', minute='35'], next run at: 2026-08-28 05:35:00 UTC)" (scheduled at 2026-08-28 04:35:00+00:00)
INFO:     app.services.shadow.resolver — shadow resolver: {'checked': 26, 'resolved': 0, 'not_yet': 26, 'forced': 0, 'no_atr': 0, 'failed': 0, 'still_pending': 26, 'by_outcome': {'win': 0, 'loss': 0, 'breakeven': 0}, 'by_decision': {'take': 0, 'skip': 0, 'unscored': 0}}
INFO:     app.services.scheduler — scheduled shadow resolver: {'checked': 26, 'resolved': 0, 'not_yet': 26, 'forced': 0, 'no_atr': 0, 'failed': 0, 'still_pending': 26, 'by_outcome': {'win': 0, 'loss': 0, 'breakeven': 0}, 'by_decision': {'take': 0, 'skip': 0, 'unscored': 0}}
INFO:     apscheduler.executors.default — Job "_shadow_resolver (trigger: cron[hour='*/1', minute='35'], next run at: 2026-08-28 05:35:00 UTC)" executed successfully
INFO:     apscheduler.executors.default — Running job "_make_candle_close_job.<locals>._job (trigger: cron[hour='1,5,9,13,17,21', minute='1'], next run at: 2026-08-28 09:01:00 UTC)" (scheduled at 2026-08-28 05:01:00+00:00)
INFO:     httpx — HTTP Request: GET https://api-fxpractice.oanda.com/v3/instruments/EUR_USD/candles?granularity=H4&from=2026-08-27T21%3A00%3A00Z&to=2026-08-28T05%3A01%3A00Z&price=M "HTTP/1.1 200 OK"
INFO:     httpx — HTTP Request: GET https://api-fxpractice.oanda.com/v3/instruments/USD_CHF/candles?granularity=H4&from=2026-08-27T21%3A00%3A00Z&to=2026-08-28T05%3A01%3A02Z&price=M "HTTP/1.1 200 OK"
INFO:     httpx — HTTP Request: GET https://api-fxpractice.oanda.com/v3/instruments/EUR_JPY/candles?granularity=H4&from=2026-08-27T21%3A00%3A00Z&to=2026-08-28T05%3A01%3A03Z&price=M "HTTP/1.1 200 OK"
INFO:     httpx — HTTP Request: GET https://api-fxpractice.oanda.com/v3/instruments/USD_JPY/candles?granularity=H4&from=2026-08-27T21%3A00%3A00Z&to=2026-08-28T05%3A01%3A05Z&price=M "HTTP/1.1 200 OK"
INFO:     httpx — HTTP Request: GET https://api-fxpractice.oanda.com/v3/instruments/GBP_JPY/candles?granularity=H4&from=2026-08-27T21%3A00%3A00Z&to=2026-08-28T05%3A01%3A07Z&price=M "HTTP/1.1 200 OK"
INFO:     httpx — HTTP Request: GET https://api-fxpractice.oanda.com/v3/instruments/AUD_USD/candles?granularity=H4&from=2026-08-27T21%3A00%3A00Z&to=2026-08-28T05%3A01%3A09Z&price=M "HTTP/1.1 200 OK"
INFO:     httpx — HTTP Request: GET https://api-fxpractice.oanda.com/v3/instruments/GBP_USD/candles?granularity=H4&from=2026-08-27T21%3A00%3A00Z&to=2026-08-28T05%3A01%3A10Z&price=M "HTTP/1.1 200 OK"
INFO:     httpx — HTTP Request: GET https://api-fxpractice.oanda.com/v3/instruments/USD_CAD/candles?granularity=H4&from=2026-08-27T21%3A00%3A00Z&to=2026-08-28T05%3A01%3A12Z&price=M "HTTP/1.1 200 OK"
INFO:     httpx — HTTP Request: GET https://api-fxpractice.oanda.com/v3/instruments/EUR_GBP/candles?granularity=H4&from=2026-08-27T21%3A00%3A00Z&to=2026-08-28T05%3A01%3A13Z&price=M "HTTP/1.1 200 OK"
INFO:     httpx — HTTP Request: GET https://api-fxpractice.oanda.com/v3/accounts/101-003-39159710-001/pricing?instruments=EUR_GBP&includeHomeConversions=true "HTTP/1.1 200 OK"
INFO:     app.services.pipeline — signal approved: EUR_GBP H4 SELL score=3 units=1143
INFO:     app.services.shadow.recorder — shadow recorded: EUR_GBP H4 SELL p=0.1042 decision=skip risk=pass model=s1_xgb_v2_c430d22dd1ab.NOT_PROMOTED nan_model_features=0
INFO:     httpx — HTTP Request: GET https://api-fxpractice.oanda.com/v3/instruments/NZD_USD/candles?granularity=H4&from=2026-08-27T21%3A00%3A00Z&to=2026-08-28T05%3A01%3A15Z&price=M "HTTP/1.1 200 OK"
INFO:     httpx — HTTP Request: GET https://api-fxpractice.oanda.com/v3/accounts/101-003-39159710-001/pricing?instruments=NZD_USD&includeHomeConversions=true "HTTP/1.1 200 OK"
INFO:     app.services.pipeline — signal rejected: NZD_USD reason=CORRELATED_POSITION_EXISTS
WARNING:     app.services.shadow.recorder — shadow: NZD_USD @ 2026-08-28 05:00:01 has 1/19 NaN model-core features (max 0) — row is RECORDED but is NOT comparable to the training corpus; check macro feed freshness. NaN keys: policy_rate_differential
INFO:     app.services.shadow.recorder — shadow recorded: NZD_USD H4 BUY p=0.1395 decision=skip risk=reject:CORRELATED_POSITION_EXISTS model=s1_xgb_v2_c430d22dd1ab.NOT_PROMOTED nan_model_features=1
INFO:     app.services.pipeline — pipeline complete: {'granularity': 'H4', 'fetched': 20, 'computed': 20, 'signals': 1, 'rejected': 1, 'errors': 0, 'evaluated': 10, 'shadow_recorded': 2, 'shadow_errors': 0, 'expired': 0, 'shadow_enabled': True}
INFO:     apscheduler.executors.default — Job "_make_candle_close_job.<locals>._job (trigger: cron[hour='1,5,9,13,17,21', minute='1'], next run at: 2026-08-28 09:01:00 UTC)" executed successfully
INFO:     apscheduler.executors.default — Running job "_make_trailing_window_job.<locals>._job (trigger: cron[hour='*', minute='20'], next run at: 2026-08-28 06:20:00 UTC)" (scheduled at 2026-08-28 05:20:00+00:00)
INFO:     httpx — HTTP Request: GET https://api-fxpractice.oanda.com/v3/instruments/EUR_USD/candles?granularity=M1&from=2026-08-27T23%3A20%3A00Z&to=2026-08-28T05%3A20%3A00Z&price=B "HTTP/1.1 200 OK"
INFO:     httpx — HTTP Request: GET https://api-fxpractice.oanda.com/v3/instruments/EUR_USD/candles?granularity=M1&from=2026-08-27T23%3A20%3A00Z&to=2026-08-28T05%3A20%3A00Z&price=A "HTTP/1.1 200 OK"
INFO:     httpx — HTTP Request: GET https://api-fxpractice.oanda.com/v3/instruments/USD_CHF/candles?granularity=M1&from=2026-08-27T23%3A20%3A00Z&to=2026-08-28T05%3A20%3A00Z&price=B "HTTP/1.1 200 OK"
INFO:     httpx — HTTP Request: GET https://api-fxpractice.oanda.com/v3/instruments/USD_CHF/candles?granularity=M1&from=2026-08-27T23%3A20%3A00Z&to=2026-08-28T05%3A20%3A00Z&price=A "HTTP/1.1 200 OK"
INFO:     httpx — HTTP Request: GET https://api-fxpractice.oanda.com/v3/instruments/EUR_JPY/candles?granularity=M1&from=2026-08-27T23%3A20%3A00Z&to=2026-08-28T05%3A20%3A00Z&price=B "HTTP/1.1 200 OK"
INFO:     httpx — HTTP Request: GET https://api-fxpractice.oanda.com/v3/instruments/EUR_JPY/candles?granularity=M1&from=2026-08-27T23%3A20%3A00Z&to=2026-08-28T05%3A20%3A00Z&price=A "HTTP/1.1 200 OK"
INFO:     httpx — HTTP Request: GET https://api-fxpractice.oanda.com/v3/instruments/USD_JPY/candles?granularity=M1&from=2026-08-27T23%3A20%3A00Z&to=2026-08-28T05%3A20%3A00Z&price=B "HTTP/1.1 200 OK"
INFO:     httpx — HTTP Request: GET https://api-fxpractice.oanda.com/v3/instruments/USD_JPY/candles?granularity=M1&from=2026-08-27T23%3A20%3A00Z&to=2026-08-28T05%3A20%3A00Z&price=A "HTTP/1.1 200 OK"
INFO:     httpx — HTTP Request: GET https://api-fxpractice.oanda.com/v3/instruments/GBP_JPY/candles?granularity=M1&from=2026-08-27T23%3A20%3A00Z&to=2026-08-28T05%3A20%3A00Z&price=B "HTTP/1.1 200 OK"
INFO:     httpx — HTTP Request: GET https://api-fxpractice.oanda.com/v3/instruments/GBP_JPY/candles?granularity=M1&from=2026-08-27T23%3A20%3A00Z&to=2026-08-28T05%3A20%3A00Z&price=A "HTTP/1.1 200 OK"
INFO:     httpx — HTTP Request: GET https://api-fxpractice.oanda.com/v3/instruments/AUD_USD/candles?granularity=M1&from=2026-08-27T23%3A20%3A00Z&to=2026-08-28T05%3A20%3A00Z&price=B "HTTP/1.1 200 OK"
INFO:     httpx — HTTP Request: GET https://api-fxpractice.oanda.com/v3/instruments/AUD_USD/candles?granularity=M1&from=2026-08-27T23%3A20%3A00Z&to=2026-08-28T05%3A20%3A00Z&price=A "HTTP/1.1 200 OK"
INFO:     httpx — HTTP Request: GET https://api-fxpractice.oanda.com/v3/instruments/GBP_USD/candles?granularity=M1&from=2026-08-27T23%3A20%3A00Z&to=2026-08-28T05%3A20%3A00Z&price=B "HTTP/1.1 200 OK"
INFO:     httpx — HTTP Request: GET https://api-fxpractice.oanda.com/v3/instruments/GBP_USD/candles?granularity=M1&from=2026-08-27T23%3A20%3A00Z&to=2026-08-28T05%3A20%3A00Z&price=A "HTTP/1.1 200 OK"
INFO:     httpx — HTTP Request: GET https://api-fxpractice.oanda.com/v3/instruments/USD_CAD/candles?granularity=M1&from=2026-08-27T23%3A20%3A00Z&to=2026-08-28T05%3A20%3A00Z&price=B "HTTP/1.1 200 OK"
INFO:     httpx — HTTP Request: GET https://api-fxpractice.oanda.com/v3/instruments/USD_CAD/candles?granularity=M1&from=2026-08-27T23%3A20%3A00Z&to=2026-08-28T05%3A20%3A00Z&price=A "HTTP/1.1 200 OK"
INFO:     httpx — HTTP Request: GET https://api-fxpractice.oanda.com/v3/instruments/EUR_GBP/candles?granularity=M1&from=2026-08-27T23%3A20%3A00Z&to=2026-08-28T05%3A20%3A00Z&price=B "HTTP/1.1 200 OK"
INFO:     httpx — HTTP Request: GET https://api-fxpractice.oanda.com/v3/instruments/EUR_GBP/candles?granularity=M1&from=2026-08-27T23%3A20%3A00Z&to=2026-08-28T05%3A20%3A00Z&price=A "HTTP/1.1 200 OK"
INFO:     httpx — HTTP Request: GET https://api-fxpractice.oanda.com/v3/instruments/NZD_USD/candles?granularity=M1&from=2026-08-27T23%3A20%3A00Z&to=2026-08-28T05%3A20%3A00Z&price=B "HTTP/1.1 200 OK"
INFO:     httpx — HTTP Request: GET https://api-fxpractice.oanda.com/v3/instruments/NZD_USD/candles?granularity=M1&from=2026-08-27T23%3A20%3A00Z&to=2026-08-28T05%3A20%3A00Z&price=A "HTTP/1.1 200 OK"
INFO:     app.services.pipeline — trailing window refresh complete: {'granularity': 'M1', 'price_types': ['B', 'A'], 'window_start': '2026-08-27T23:20:00.013577+00:00', 'window_end': '2026-08-28T05:20:00.013577+00:00', 'lookback_hours': 6, 'fetched': 1190, 'instruments': 10, 'errors': 0}
INFO:     apscheduler.executors.default — Job "_make_trailing_window_job.<locals>._job (trigger: cron[hour='*', minute='20'], next run at: 2026-08-28 06:20:00 UTC)" executed successfully
WARNING:     app.services.price_stream — price stream disconnected (failure 1/10 before escalation): no data (price or heartbeat) from the OANDA pricing stream for 30s (STREAM_HEARTBEAT_TIMEOUT_SECONDS) — treating the connection as dead and forcing a reconnect — retrying in 5s
INFO:     httpx — HTTP Request: GET https://stream-fxpractice.oanda.com/v3/accounts/101-003-39159710-001/pricing/stream?instruments=EUR_USD%2CUSD_CHF%2CEUR_JPY%2CUSD_JPY%2CGBP_JPY%2CAUD_USD%2CGBP_USD%2CUSD_CAD%2CEUR_GBP%2CNZD_USD&snapshot=true "HTTP/1.1 200 OK"
INFO:     app.services.price_stream — price stream RECOVERED after 1 consecutive failure(s) (down 0.1 min)
WARNING:     apscheduler.executors.default — Run time of job "_shadow_resolver (trigger: cron[hour='*/1', minute='35'], next run at: 2026-08-28 06:35:00 UTC)" was missed by 0:13:15.762380
INFO:     apscheduler.executors.default — Running job "_make_trailing_window_job.<locals>._job (trigger: cron[hour='*', minute='20'], next run at: 2026-08-28 07:20:00 UTC)" (scheduled at 2026-08-28 06:20:00+00:00)
INFO:     httpx — HTTP Request: GET https://api-fxpractice.oanda.com/v3/instruments/EUR_USD/candles?granularity=M1&from=2026-08-28T00%3A20%3A00Z&to=2026-08-28T06%3A20%3A00Z&price=B "HTTP/1.1 200 OK"
INFO:     httpx — HTTP Request: GET https://api-fxpractice.oanda.com/v3/instruments/EUR_USD/candles?granularity=M1&from=2026-08-28T00%3A20%3A00Z&to=2026-08-28T06%3A20%3A00Z&price=A "HTTP/1.1 200 OK"
INFO:     httpx — HTTP Request: GET https://api-fxpractice.oanda.com/v3/instruments/USD_CHF/candles?granularity=M1&from=2026-08-28T00%3A20%3A00Z&to=2026-08-28T06%3A20%3A00Z&price=B "HTTP/1.1 200 OK"
INFO:     httpx — HTTP Request: GET https://api-fxpractice.oanda.com/v3/instruments/USD_CHF/candles?granularity=M1&from=2026-08-28T00%3A20%3A00Z&to=2026-08-28T06%3A20%3A00Z&price=A "HTTP/1.1 200 OK"
INFO:     httpx — HTTP Request: GET https://api-fxpractice.oanda.com/v3/instruments/EUR_JPY/candles?granularity=M1&from=2026-08-28T00%3A20%3A00Z&to=2026-08-28T06%3A20%3A00Z&price=B "HTTP/1.1 200 OK"
INFO:     httpx — HTTP Request: GET https://api-fxpractice.oanda.com/v3/instruments/EUR_JPY/candles?granularity=M1&from=2026-08-28T00%3A20%3A00Z&to=2026-08-28T06%3A20%3A00Z&price=A "HTTP/1.1 200 OK"
INFO:     httpx — HTTP Request: GET https://api-fxpractice.oanda.com/v3/instruments/USD_JPY/candles?granularity=M1&from=2026-08-28T00%3A20%3A00Z&to=2026-08-28T06%3A20%3A00Z&price=B "HTTP/1.1 200 OK"
INFO:     httpx — HTTP Request: GET https://api-fxpractice.oanda.com/v3/instruments/USD_JPY/candles?granularity=M1&from=2026-08-28T00%3A20%3A00Z&to=2026-08-28T06%3A20%3A00Z&price=A "HTTP/1.1 200 OK"
INFO:     httpx — HTTP Request: GET https://api-fxpractice.oanda.com/v3/instruments/GBP_JPY/candles?granularity=M1&from=2026-08-28T00%3A20%3A00Z&to=2026-08-28T06%3A20%3A00Z&price=B "HTTP/1.1 200 OK"
INFO:     httpx — HTTP Request: GET https://api-fxpractice.oanda.com/v3/instruments/GBP_JPY/candles?granularity=M1&from=2026-08-28T00%3A20%3A00Z&to=2026-08-28T06%3A20%3A00Z&price=A "HTTP/1.1 200 OK"
INFO:     httpx — HTTP Request: GET https://api-fxpractice.oanda.com/v3/instruments/AUD_USD/candles?granularity=M1&from=2026-08-28T00%3A20%3A00Z&to=2026-08-28T06%3A20%3A00Z&price=B "HTTP/1.1 200 OK"
INFO:     httpx — HTTP Request: GET https://api-fxpractice.oanda.com/v3/instruments/AUD_USD/candles?granularity=M1&from=2026-08-28T00%3A20%3A00Z&to=2026-08-28T06%3A20%3A00Z&price=A "HTTP/1.1 200 OK"
INFO:     httpx — HTTP Request: GET https://api-fxpractice.oanda.com/v3/instruments/GBP_USD/candles?granularity=M1&from=2026-08-28T00%3A20%3A00Z&to=2026-08-28T06%3A20%3A00Z&price=B "HTTP/1.1 200 OK"
INFO:     httpx — HTTP Request: GET https://api-fxpractice.oanda.com/v3/instruments/GBP_USD/candles?granularity=M1&from=2026-08-28T00%3A20%3A00Z&to=2026-08-28T06%3A20%3A00Z&price=A "HTTP/1.1 200 OK"
INFO:     httpx — HTTP Request: GET https://api-fxpractice.oanda.com/v3/instruments/USD_CAD/candles?granularity=M1&from=2026-08-28T00%3A20%3A00Z&to=2026-08-28T06%3A20%3A00Z&price=B "HTTP/1.1 200 OK"
INFO:     httpx — HTTP Request: GET https://api-fxpractice.oanda.com/v3/instruments/USD_CAD/candles?granularity=M1&from=2026-08-28T00%3A20%3A00Z&to=2026-08-28T06%3A20%3A00Z&price=A "HTTP/1.1 200 OK"
INFO:     httpx — HTTP Request: GET https://api-fxpractice.oanda.com/v3/instruments/EUR_GBP/candles?granularity=M1&from=2026-08-28T00%3A20%3A00Z&to=2026-08-28T06%3A20%3A00Z&price=B "HTTP/1.1 200 OK"
INFO:     httpx — HTTP Request: GET https://api-fxpractice.oanda.com/v3/instruments/EUR_GBP/candles?granularity=M1&from=2026-08-28T00%3A20%3A00Z&to=2026-08-28T06%3A20%3A00Z&price=A "HTTP/1.1 200 OK"
INFO:     httpx — HTTP Request: GET https://api-fxpractice.oanda.com/v3/instruments/NZD_USD/candles?granularity=M1&from=2026-08-28T00%3A20%3A00Z&to=2026-08-28T06%3A20%3A00Z&price=B "HTTP/1.1 200 OK"
INFO:     httpx — HTTP Request: GET https://api-fxpractice.oanda.com/v3/instruments/NZD_USD/candles?granularity=M1&from=2026-08-28T00%3A20%3A00Z&to=2026-08-28T06%3A20%3A00Z&price=A "HTTP/1.1 200 OK"
INFO:     app.services.pipeline — trailing window refresh complete: {'granularity': 'M1', 'price_types': ['B', 'A'], 'window_start': '2026-08-28T00:20:00.089497+00:00', 'window_end': '2026-08-28T06:20:00.089497+00:00', 'lookback_hours': 6, 'fetched': 1196, 'instruments': 10, 'errors': 0}
INFO:     apscheduler.executors.default — Job "_make_trailing_window_job.<locals>._job (trigger: cron[hour='*', minute='20'], next run at: 2026-08-28 07:20:00 UTC)" executed successfully
INFO:     apscheduler.executors.default — Running job "_shadow_resolver (trigger: cron[hour='*/1', minute='35'], next run at: 2026-08-28 07:35:00 UTC)" (scheduled at 2026-08-28 06:35:00+00:00)
INFO:     app.services.shadow.resolver — shadow resolver: {'checked': 28, 'resolved': 0, 'not_yet': 28, 'forced': 0, 'no_atr': 0, 'failed': 0, 'still_pending': 28, 'by_outcome': {'win': 0, 'loss': 0, 'breakeven': 0}, 'by_decision': {'take': 0, 'skip': 0, 'unscored': 0}}
INFO:     app.services.scheduler — scheduled shadow resolver: {'checked': 28, 'resolved': 0, 'not_yet': 28, 'forced': 0, 'no_atr': 0, 'failed': 0, 'still_pending': 28, 'by_outcome': {'win': 0, 'loss': 0, 'breakeven': 0}, 'by_decision': {'take': 0, 'skip': 0, 'unscored': 0}}
INFO:     apscheduler.executors.default — Job "_shadow_resolver (trigger: cron[hour='*/1', minute='35'], next run at: 2026-08-28 07:35:00 UTC)" executed successfully
INFO:     apscheduler.executors.default — Running job "_make_trailing_window_job.<locals>._job (trigger: cron[hour='*', minute='20'], next run at: 2026-08-28 08:20:00 UTC)" (scheduled at 2026-08-28 07:20:00+00:00)
INFO:     httpx — HTTP Request: GET https://api-fxpractice.oanda.com/v3/instruments/EUR_USD/candles?granularity=M1&from=2026-08-28T01%3A20%3A00Z&to=2026-08-28T07%3A20%3A00Z&price=B "HTTP/1.1 200 OK"
INFO:     httpx — HTTP Request: GET https://api-fxpractice.oanda.com/v3/instruments/EUR_USD/candles?granularity=M1&from=2026-08-28T01%3A20%3A00Z&to=2026-08-28T07%3A20%3A00Z&price=A "HTTP/1.1 200 OK"
INFO:     httpx — HTTP Request: GET https://api-fxpractice.oanda.com/v3/instruments/USD_CHF/candles?granularity=M1&from=2026-08-28T01%3A20%3A00Z&to=2026-08-28T07%3A20%3A00Z&price=B "HTTP/1.1 200 OK"
INFO:     httpx — HTTP Request: GET https://api-fxpractice.oanda.com/v3/instruments/USD_CHF/candles?granularity=M1&from=2026-08-28T01%3A20%3A00Z&to=2026-08-28T07%3A20%3A00Z&price=A "HTTP/1.1 200 OK"
INFO:     httpx — HTTP Request: GET https://api-fxpractice.oanda.com/v3/instruments/EUR_JPY/candles?granularity=M1&from=2026-08-28T01%3A20%3A00Z&to=2026-08-28T07%3A20%3A00Z&price=B "HTTP/1.1 200 OK"
INFO:     httpx — HTTP Request: GET https://api-fxpractice.oanda.com/v3/instruments/EUR_JPY/candles?granularity=M1&from=2026-08-28T01%3A20%3A00Z&to=2026-08-28T07%3A20%3A00Z&price=A "HTTP/1.1 200 OK"
INFO:     httpx — HTTP Request: GET https://api-fxpractice.oanda.com/v3/instruments/USD_JPY/candles?granularity=M1&from=2026-08-28T01%3A20%3A00Z&to=2026-08-28T07%3A20%3A00Z&price=B "HTTP/1.1 200 OK"
INFO:     httpx — HTTP Request: GET https://api-fxpractice.oanda.com/v3/instruments/USD_JPY/candles?granularity=M1&from=2026-08-28T01%3A20%3A00Z&to=2026-08-28T07%3A20%3A00Z&price=A "HTTP/1.1 200 OK"
INFO:     httpx — HTTP Request: GET https://api-fxpractice.oanda.com/v3/instruments/GBP_JPY/candles?granularity=M1&from=2026-08-28T01%3A20%3A00Z&to=2026-08-28T07%3A20%3A00Z&price=B "HTTP/1.1 200 OK"
INFO:     httpx — HTTP Request: GET https://api-fxpractice.oanda.com/v3/instruments/GBP_JPY/candles?granularity=M1&from=2026-08-28T01%3A20%3A00Z&to=2026-08-28T07%3A20%3A00Z&price=A "HTTP/1.1 200 OK"
INFO:     httpx — HTTP Request: GET https://api-fxpractice.oanda.com/v3/instruments/AUD_USD/candles?granularity=M1&from=2026-08-28T01%3A20%3A00Z&to=2026-08-28T07%3A20%3A00Z&price=B "HTTP/1.1 200 OK"
INFO:     httpx — HTTP Request: GET https://api-fxpractice.oanda.com/v3/instruments/AUD_USD/candles?granularity=M1&from=2026-08-28T01%3A20%3A00Z&to=2026-08-28T07%3A20%3A00Z&price=A "HTTP/1.1 200 OK"
INFO:     httpx — HTTP Request: GET https://api-fxpractice.oanda.com/v3/instruments/GBP_USD/candles?granularity=M1&from=2026-08-28T01%3A20%3A00Z&to=2026-08-28T07%3A20%3A00Z&price=B "HTTP/1.1 200 OK"
INFO:     httpx — HTTP Request: GET https://api-fxpractice.oanda.com/v3/instruments/GBP_USD/candles?granularity=M1&from=2026-08-28T01%3A20%3A00Z&to=2026-08-28T07%3A20%3A00Z&price=A "HTTP/1.1 200 OK"
INFO:     httpx — HTTP Request: GET https://api-fxpractice.oanda.com/v3/instruments/USD_CAD/candles?granularity=M1&from=2026-08-28T01%3A20%3A00Z&to=2026-08-28T07%3A20%3A00Z&price=B "HTTP/1.1 200 OK"
INFO:     httpx — HTTP Request: GET https://api-fxpractice.oanda.com/v3/instruments/USD_CAD/candles?granularity=M1&from=2026-08-28T01%3A20%3A00Z&to=2026-08-28T07%3A20%3A00Z&price=A "HTTP/1.1 200 OK"
INFO:     httpx — HTTP Request: GET https://api-fxpractice.oanda.com/v3/instruments/EUR_GBP/candles?granularity=M1&from=2026-08-28T01%3A20%3A00Z&to=2026-08-28T07%3A20%3A00Z&price=B "HTTP/1.1 200 OK"
INFO:     httpx — HTTP Request: GET https://api-fxpractice.oanda.com/v3/instruments/EUR_GBP/candles?granularity=M1&from=2026-08-28T01%3A20%3A00Z&to=2026-08-28T07%3A20%3A00Z&price=A "HTTP/1.1 200 OK"
INFO:     httpx — HTTP Request: GET https://api-fxpractice.oanda.com/v3/instruments/NZD_USD/candles?granularity=M1&from=2026-08-28T01%3A20%3A00Z&to=2026-08-28T07%3A20%3A00Z&price=B "HTTP/1.1 200 OK"
INFO:     httpx — HTTP Request: GET https://api-fxpractice.oanda.com/v3/instruments/NZD_USD/candles?granularity=M1&from=2026-08-28T01%3A20%3A00Z&to=2026-08-28T07%3A20%3A00Z&price=A "HTTP/1.1 200 OK"
INFO:     app.services.pipeline — trailing window refresh complete: {'granularity': 'M1', 'price_types': ['B', 'A'], 'window_start': '2026-08-28T01:20:00.037307+00:00', 'window_end': '2026-08-28T07:20:00.037307+00:00', 'lookback_hours': 6, 'fetched': 1200, 'instruments': 10, 'errors': 0}
INFO:     apscheduler.executors.default — Job "_make_trailing_window_job.<locals>._job (trigger: cron[hour='*', minute='20'], next run at: 2026-08-28 08:20:00 UTC)" executed successfully
INFO:     apscheduler.executors.default — Running job "_shadow_resolver (trigger: cron[hour='*/1', minute='35'], next run at: 2026-08-28 08:35:00 UTC)" (scheduled at 2026-08-28 07:35:00+00:00)
INFO:     app.services.shadow.resolver — shadow resolver: {'checked': 28, 'resolved': 0, 'not_yet': 28, 'forced': 0, 'no_atr': 0, 'failed': 0, 'still_pending': 28, 'by_outcome': {'win': 0, 'loss': 0, 'breakeven': 0}, 'by_decision': {'take': 0, 'skip': 0, 'unscored': 0}}
INFO:     app.services.scheduler — scheduled shadow resolver: {'checked': 28, 'resolved': 0, 'not_yet': 28, 'forced': 0, 'no_atr': 0, 'failed': 0, 'still_pending': 28, 'by_outcome': {'win': 0, 'loss': 0, 'breakeven': 0}, 'by_decision': {'take': 0, 'skip': 0, 'unscored': 0}}
INFO:     apscheduler.executors.default — Job "_shadow_resolver (trigger: cron[hour='*/1', minute='35'], next run at: 2026-08-28 08:35:00 UTC)" executed successfully
WARNING:     app.services.price_stream — price stream disconnected (failure 1/10 before escalation): no data (price or heartbeat) from the OANDA pricing stream for 30s (STREAM_HEARTBEAT_TIMEOUT_SECONDS) — treating the connection as dead and forcing a reconnect — retrying in 5s
INFO:     httpx — HTTP Request: GET https://stream-fxpractice.oanda.com/v3/accounts/101-003-39159710-001/pricing/stream?instruments=EUR_USD%2CUSD_CHF%2CEUR_JPY%2CUSD_JPY%2CGBP_JPY%2CAUD_USD%2CGBP_USD%2CUSD_CAD%2CEUR_GBP%2CNZD_USD&snapshot=true "HTTP/1.1 200 OK"
INFO:     app.services.price_stream — price stream RECOVERED after 1 consecutive failure(s) (down 0.1 min)
WARNING:     apscheduler.executors.default — Run time of job "_make_trailing_window_job.<locals>._job (trigger: cron[hour='*', minute='20'], next run at: 2026-08-28 09:20:00 UTC)" was missed by 0:16:09.730900
WARNING:     apscheduler.executors.default — Run time of job "_intraday_fundamentals (trigger: cron[hour='*/4', minute='15'], next run at: 2026-08-28 12:15:00 UTC)" was missed by 0:21:09.738564
INFO:     apscheduler.executors.default — Running job "_shadow_resolver (trigger: cron[hour='*/1', minute='35'], next run at: 2026-08-28 09:35:00 UTC)" (scheduled at 2026-08-28 08:35:00+00:00)
INFO:     app.services.shadow.resolver — shadow resolver: {'checked': 28, 'resolved': 0, 'not_yet': 28, 'forced': 0, 'no_atr': 0, 'failed': 0, 'still_pending': 28, 'by_outcome': {'win': 0, 'loss': 0, 'breakeven': 0}, 'by_decision': {'take': 0, 'skip': 0, 'unscored': 0}}
INFO:     app.services.scheduler — scheduled shadow resolver: {'checked': 28, 'resolved': 0, 'not_yet': 28, 'forced': 0, 'no_atr': 0, 'failed': 0, 'still_pending': 28, 'by_outcome': {'win': 0, 'loss': 0, 'breakeven': 0}, 'by_decision': {'take': 0, 'skip': 0, 'unscored': 0}}
INFO:     apscheduler.executors.default — Job "_shadow_resolver (trigger: cron[hour='*/1', minute='35'], next run at: 2026-08-28 09:35:00 UTC)" executed successfully
INFO:     apscheduler.executors.default — Running job "_make_candle_close_job.<locals>._job (trigger: cron[hour='1,5,9,13,17,21', minute='1'], next run at: 2026-08-28 13:01:00 UTC)" (scheduled at 2026-08-28 09:01:00+00:00)
INFO:     httpx — HTTP Request: GET https://api-fxpractice.oanda.com/v3/instruments/EUR_USD/candles?granularity=H4&from=2026-08-28T05%3A00%3A00Z&to=2026-08-28T09%3A01%3A00Z&price=M "HTTP/1.1 200 OK"
INFO:     httpx — HTTP Request: GET https://api-fxpractice.oanda.com/v3/accounts/101-003-39159710-001/pricing?instruments=EUR_USD&includeHomeConversions=true "HTTP/1.1 200 OK"
INFO:     app.services.pipeline — signal approved: EUR_USD H4 BUY score=3 units=914
INFO:     app.services.shadow.recorder — shadow recorded: EUR_USD H4 BUY p=0.0672 decision=skip risk=pass model=s1_xgb_v2_c430d22dd1ab.NOT_PROMOTED nan_model_features=0
INFO:     httpx — HTTP Request: GET https://api-fxpractice.oanda.com/v3/instruments/USD_CHF/candles?granularity=H4&from=2026-08-28T05%3A00%3A00Z&to=2026-08-28T09%3A01%3A08Z&price=M "HTTP/1.1 200 OK"
INFO:     httpx — HTTP Request: GET https://api-fxpractice.oanda.com/v3/instruments/EUR_JPY/candles?granularity=H4&from=2026-08-28T05%3A00%3A00Z&to=2026-08-28T09%3A01%3A11Z&price=M "HTTP/1.1 200 OK"
INFO:     httpx — HTTP Request: GET https://api-fxpractice.oanda.com/v3/accounts/101-003-39159710-001/pricing?instruments=EUR_JPY&includeHomeConversions=true "HTTP/1.1 200 OK"
INFO:     app.services.pipeline — signal approved: EUR_JPY H4 SELL score=3 units=778
INFO:     app.services.shadow.recorder — shadow recorded: EUR_JPY H4 SELL p=0.1232 decision=skip risk=pass model=s1_xgb_v2_c430d22dd1ab.NOT_PROMOTED nan_model_features=0
INFO:     httpx — HTTP Request: GET https://api-fxpractice.oanda.com/v3/instruments/USD_JPY/candles?granularity=H4&from=2026-08-28T05%3A00%3A00Z&to=2026-08-28T09%3A01%3A15Z&price=M "HTTP/1.1 200 OK"
INFO:     httpx — HTTP Request: GET https://api-fxpractice.oanda.com/v3/accounts/101-003-39159710-001/pricing?instruments=USD_JPY&includeHomeConversions=true "HTTP/1.1 200 OK"
INFO:     app.services.pipeline — signal approved: USD_JPY H4 SELL score=3 units=782
INFO:     app.services.shadow.recorder — shadow recorded: USD_JPY H4 SELL p=0.0707 decision=skip risk=pass model=s1_xgb_v2_c430d22dd1ab.NOT_PROMOTED nan_model_features=0
INFO:     httpx — HTTP Request: GET https://api-fxpractice.oanda.com/v3/instruments/GBP_JPY/candles?granularity=H4&from=2026-08-28T05%3A00%3A00Z&to=2026-08-28T09%3A01%3A20Z&price=M "HTTP/1.1 200 OK"
INFO:     httpx — HTTP Request: GET https://api-fxpractice.oanda.com/v3/accounts/101-003-39159710-001/pricing?instruments=GBP_JPY&includeHomeConversions=true "HTTP/1.1 200 OK"
INFO:     app.services.pipeline — signal rejected: GBP_JPY reason=CORRELATED_POSITION_EXISTS
INFO:     app.services.shadow.recorder — shadow recorded: GBP_JPY H4 SELL p=0.0896 decision=skip risk=reject:CORRELATED_POSITION_EXISTS model=s1_xgb_v2_c430d22dd1ab.NOT_PROMOTED nan_model_features=0
INFO:     httpx — HTTP Request: GET https://api-fxpractice.oanda.com/v3/instruments/AUD_USD/candles?granularity=H4&from=2026-08-28T05%3A00%3A00Z&to=2026-08-28T09%3A01%3A25Z&price=M "HTTP/1.1 200 OK"
INFO:     httpx — HTTP Request: GET https://api-fxpractice.oanda.com/v3/instruments/GBP_USD/candles?granularity=H4&from=2026-08-28T05%3A00%3A00Z&to=2026-08-28T09%3A01%3A27Z&price=M "HTTP/1.1 200 OK"
INFO:     httpx — HTTP Request: GET https://api-fxpractice.oanda.com/v3/accounts/101-003-39159710-001/pricing?instruments=GBP_USD&includeHomeConversions=true "HTTP/1.1 200 OK"
INFO:     app.services.pipeline — signal rejected: GBP_USD reason=CORRELATED_POSITION_EXISTS
INFO:     app.services.shadow.recorder — shadow recorded: GBP_USD H4 BUY p=0.0726 decision=skip risk=reject:CORRELATED_POSITION_EXISTS model=s1_xgb_v2_c430d22dd1ab.NOT_PROMOTED nan_model_features=0
INFO:     httpx — HTTP Request: GET https://api-fxpractice.oanda.com/v3/instruments/USD_CAD/candles?granularity=H4&from=2026-08-28T05%3A00%3A00Z&to=2026-08-28T09%3A01%3A31Z&price=M "HTTP/1.1 200 OK"
INFO:     httpx — HTTP Request: GET https://api-fxpractice.oanda.com/v3/accounts/101-003-39159710-001/pricing?instruments=USD_CAD&includeHomeConversions=true "HTTP/1.1 200 OK"
INFO:     app.services.pipeline — signal approved: USD_CAD H4 SELL score=3 units=871
INFO:     app.services.shadow.recorder — shadow recorded: USD_CAD H4 SELL p=0.0562 decision=skip risk=pass model=s1_xgb_v2_c430d22dd1ab.NOT_PROMOTED nan_model_features=0
INFO:     httpx — HTTP Request: GET https://api-fxpractice.oanda.com/v3/instruments/EUR_GBP/candles?granularity=H4&from=2026-08-28T05%3A00%3A00Z&to=2026-08-28T09%3A01%3A40Z&price=M "HTTP/1.1 200 OK"
INFO:     httpx — HTTP Request: GET https://api-fxpractice.oanda.com/v3/instruments/NZD_USD/candles?granularity=H4&from=2026-08-28T05%3A00%3A00Z&to=2026-08-28T09%3A01%3A43Z&price=M "HTTP/1.1 200 OK"
INFO:     app.services.pipeline — signal rejected: NZD_USD reason=INSUFFICIENT_RR
WARNING:     app.services.shadow.recorder — shadow: NZD_USD @ 2026-08-28 09:00:01 has 1/19 NaN model-core features (max 0) — row is RECORDED but is NOT comparable to the training corpus; check macro feed freshness. NaN keys: policy_rate_differential
INFO:     app.services.shadow.recorder — shadow recorded: NZD_USD H4 BUY p=0.1448 decision=skip risk=reject:INSUFFICIENT_RR model=s1_xgb_v2_c430d22dd1ab.NOT_PROMOTED nan_model_features=1
INFO:     app.services.pipeline — pipeline complete: {'granularity': 'H4', 'fetched': 10, 'computed': 10, 'signals': 4, 'rejected': 3, 'errors': 0, 'evaluated': 10, 'shadow_recorded': 7, 'shadow_errors': 0, 'expired': 0, 'shadow_enabled': True}
INFO:     apscheduler.executors.default — Job "_make_candle_close_job.<locals>._job (trigger: cron[hour='1,5,9,13,17,21', minute='1'], next run at: 2026-08-28 13:01:00 UTC)" executed successfully
INFO:     apscheduler.executors.default — Running job "_make_trailing_window_job.<locals>._job (trigger: cron[hour='*', minute='20'], next run at: 2026-08-28 10:20:00 UTC)" (scheduled at 2026-08-28 09:20:00+00:00)
INFO:     httpx — HTTP Request: GET https://api-fxpractice.oanda.com/v3/instruments/EUR_USD/candles?granularity=M1&from=2026-08-28T03%3A20%3A00Z&to=2026-08-28T09%3A20%3A00Z&price=B "HTTP/1.1 200 OK"
INFO:     httpx — HTTP Request: GET https://api-fxpractice.oanda.com/v3/instruments/EUR_USD/candles?granularity=M1&from=2026-08-28T03%3A20%3A00Z&to=2026-08-28T09%3A20%3A00Z&price=A "HTTP/1.1 200 OK"
INFO:     httpx — HTTP Request: GET https://api-fxpractice.oanda.com/v3/instruments/USD_CHF/candles?granularity=M1&from=2026-08-28T03%3A20%3A00Z&to=2026-08-28T09%3A20%3A00Z&price=B "HTTP/1.1 200 OK"
INFO:     httpx — HTTP Request: GET https://api-fxpractice.oanda.com/v3/instruments/USD_CHF/candles?granularity=M1&from=2026-08-28T03%3A20%3A00Z&to=2026-08-28T09%3A20%3A00Z&price=A "HTTP/1.1 200 OK"
INFO:     httpx — HTTP Request: GET https://api-fxpractice.oanda.com/v3/instruments/EUR_JPY/candles?granularity=M1&from=2026-08-28T03%3A20%3A00Z&to=2026-08-28T09%3A20%3A00Z&price=B "HTTP/1.1 200 OK"
INFO:     httpx — HTTP Request: GET https://api-fxpractice.oanda.com/v3/instruments/EUR_JPY/candles?granularity=M1&from=2026-08-28T03%3A20%3A00Z&to=2026-08-28T09%3A20%3A00Z&price=A "HTTP/1.1 200 OK"
INFO:     httpx — HTTP Request: GET https://api-fxpractice.oanda.com/v3/instruments/USD_JPY/candles?granularity=M1&from=2026-08-28T03%3A20%3A00Z&to=2026-08-28T09%3A20%3A00Z&price=B "HTTP/1.1 200 OK"
INFO:     httpx — HTTP Request: GET https://api-fxpractice.oanda.com/v3/instruments/USD_JPY/candles?granularity=M1&from=2026-08-28T03%3A20%3A00Z&to=2026-08-28T09%3A20%3A00Z&price=A "HTTP/1.1 200 OK"
INFO:     httpx — HTTP Request: GET https://api-fxpractice.oanda.com/v3/instruments/GBP_JPY/candles?granularity=M1&from=2026-08-28T03%3A20%3A00Z&to=2026-08-28T09%3A20%3A00Z&price=B "HTTP/1.1 200 OK"
INFO:     httpx — HTTP Request: GET https://api-fxpractice.oanda.com/v3/instruments/GBP_JPY/candles?granularity=M1&from=2026-08-28T03%3A20%3A00Z&to=2026-08-28T09%3A20%3A00Z&price=A "HTTP/1.1 200 OK"
INFO:     httpx — HTTP Request: GET https://api-fxpractice.oanda.com/v3/instruments/AUD_USD/candles?granularity=M1&from=2026-08-28T03%3A20%3A00Z&to=2026-08-28T09%3A20%3A00Z&price=B "HTTP/1.1 200 OK"
INFO:     httpx — HTTP Request: GET https://api-fxpractice.oanda.com/v3/instruments/AUD_USD/candles?granularity=M1&from=2026-08-28T03%3A20%3A00Z&to=2026-08-28T09%3A20%3A00Z&price=A "HTTP/1.1 200 OK"
INFO:     httpx — HTTP Request: GET https://api-fxpractice.oanda.com/v3/instruments/GBP_USD/candles?granularity=M1&from=2026-08-28T03%3A20%3A00Z&to=2026-08-28T09%3A20%3A00Z&price=B "HTTP/1.1 200 OK"
INFO:     httpx — HTTP Request: GET https://api-fxpractice.oanda.com/v3/instruments/GBP_USD/candles?granularity=M1&from=2026-08-28T03%3A20%3A00Z&to=2026-08-28T09%3A20%3A00Z&price=A "HTTP/1.1 200 OK"
INFO:     httpx — HTTP Request: GET https://api-fxpractice.oanda.com/v3/instruments/USD_CAD/candles?granularity=M1&from=2026-08-28T03%3A20%3A00Z&to=2026-08-28T09%3A20%3A00Z&price=B "HTTP/1.1 200 OK"
INFO:     httpx — HTTP Request: GET https://api-fxpractice.oanda.com/v3/instruments/USD_CAD/candles?granularity=M1&from=2026-08-28T03%3A20%3A00Z&to=2026-08-28T09%3A20%3A00Z&price=A "HTTP/1.1 200 OK"
INFO:     httpx — HTTP Request: GET https://api-fxpractice.oanda.com/v3/instruments/EUR_GBP/candles?granularity=M1&from=2026-08-28T03%3A20%3A00Z&to=2026-08-28T09%3A20%3A00Z&price=B "HTTP/1.1 200 OK"
INFO:     httpx — HTTP Request: GET https://api-fxpractice.oanda.com/v3/instruments/EUR_GBP/candles?granularity=M1&from=2026-08-28T03%3A20%3A00Z&to=2026-08-28T09%3A20%3A00Z&price=A "HTTP/1.1 200 OK"
INFO:     httpx — HTTP Request: GET https://api-fxpractice.oanda.com/v3/instruments/NZD_USD/candles?granularity=M1&from=2026-08-28T03%3A20%3A00Z&to=2026-08-28T09%3A20%3A00Z&price=B "HTTP/1.1 200 OK"
INFO:     httpx — HTTP Request: GET https://api-fxpractice.oanda.com/v3/instruments/NZD_USD/candles?granularity=M1&from=2026-08-28T03%3A20%3A00Z&to=2026-08-28T09%3A20%3A00Z&price=A "HTTP/1.1 200 OK"
INFO:     app.services.pipeline — trailing window refresh complete: {'granularity': 'M1', 'price_types': ['B', 'A'], 'window_start': '2026-08-28T03:20:00.243869+00:00', 'window_end': '2026-08-28T09:20:00.243869+00:00', 'lookback_hours': 6, 'fetched': 2400, 'instruments': 10, 'errors': 0}
INFO:     apscheduler.executors.default — Job "_make_trailing_window_job.<locals>._job (trigger: cron[hour='*', minute='20'], next run at: 2026-08-28 10:20:00 UTC)" executed successfully
INFO:     apscheduler.executors.default — Running job "_shadow_resolver (trigger: cron[hour='*/1', minute='35'], next run at: 2026-08-28 10:35:00 UTC)" (scheduled at 2026-08-28 09:35:00+00:00)
INFO:     app.services.shadow.resolver — shadow resolver: {'checked': 35, 'resolved': 0, 'not_yet': 35, 'forced': 0, 'no_atr': 0, 'failed': 0, 'still_pending': 35, 'by_outcome': {'win': 0, 'loss': 0, 'breakeven': 0}, 'by_decision': {'take': 0, 'skip': 0, 'unscored': 0}}
INFO:     app.services.scheduler — scheduled shadow resolver: {'checked': 35, 'resolved': 0, 'not_yet': 35, 'forced': 0, 'no_atr': 0, 'failed': 0, 'still_pending': 35, 'by_outcome': {'win': 0, 'loss': 0, 'breakeven': 0}, 'by_decision': {'take': 0, 'skip': 0, 'unscored': 0}}
INFO:     apscheduler.executors.default — Job "_shadow_resolver (trigger: cron[hour='*/1', minute='35'], next run at: 2026-08-28 10:35:00 UTC)" executed successfully
INFO:     apscheduler.executors.default — Running job "_make_trailing_window_job.<locals>._job (trigger: cron[hour='*', minute='20'], next run at: 2026-08-28 11:20:00 UTC)" (scheduled at 2026-08-28 10:20:00+00:00)
INFO:     httpx — HTTP Request: GET https://api-fxpractice.oanda.com/v3/instruments/EUR_USD/candles?granularity=M1&from=2026-08-28T04%3A20%3A00Z&to=2026-08-28T10%3A20%3A00Z&price=B "HTTP/1.1 200 OK"
INFO:     httpx — HTTP Request: GET https://api-fxpractice.oanda.com/v3/instruments/EUR_USD/candles?granularity=M1&from=2026-08-28T04%3A20%3A00Z&to=2026-08-28T10%3A20%3A00Z&price=A "HTTP/1.1 200 OK"
INFO:     httpx — HTTP Request: GET https://api-fxpractice.oanda.com/v3/instruments/USD_CHF/candles?granularity=M1&from=2026-08-28T04%3A20%3A00Z&to=2026-08-28T10%3A20%3A00Z&price=B "HTTP/1.1 200 OK"
INFO:     httpx — HTTP Request: GET https://api-fxpractice.oanda.com/v3/instruments/USD_CHF/candles?granularity=M1&from=2026-08-28T04%3A20%3A00Z&to=2026-08-28T10%3A20%3A00Z&price=A "HTTP/1.1 200 OK"
INFO:     httpx — HTTP Request: GET https://api-fxpractice.oanda.com/v3/instruments/EUR_JPY/candles?granularity=M1&from=2026-08-28T04%3A20%3A00Z&to=2026-08-28T10%3A20%3A00Z&price=B "HTTP/1.1 200 OK"
INFO:     httpx — HTTP Request: GET https://api-fxpractice.oanda.com/v3/instruments/EUR_JPY/candles?granularity=M1&from=2026-08-28T04%3A20%3A00Z&to=2026-08-28T10%3A20%3A00Z&price=A "HTTP/1.1 200 OK"
INFO:     httpx — HTTP Request: GET https://api-fxpractice.oanda.com/v3/instruments/USD_JPY/candles?granularity=M1&from=2026-08-28T04%3A20%3A00Z&to=2026-08-28T10%3A20%3A00Z&price=B "HTTP/1.1 200 OK"
INFO:     httpx — HTTP Request: GET https://api-fxpractice.oanda.com/v3/instruments/USD_JPY/candles?granularity=M1&from=2026-08-28T04%3A20%3A00Z&to=2026-08-28T10%3A20%3A00Z&price=A "HTTP/1.1 200 OK"
INFO:     httpx — HTTP Request: GET https://api-fxpractice.oanda.com/v3/instruments/GBP_JPY/candles?granularity=M1&from=2026-08-28T04%3A20%3A00Z&to=2026-08-28T10%3A20%3A00Z&price=B "HTTP/1.1 200 OK"
INFO:     httpx — HTTP Request: GET https://api-fxpractice.oanda.com/v3/instruments/GBP_JPY/candles?granularity=M1&from=2026-08-28T04%3A20%3A00Z&to=2026-08-28T10%3A20%3A00Z&price=A "HTTP/1.1 200 OK"
INFO:     httpx — HTTP Request: GET https://api-fxpractice.oanda.com/v3/instruments/AUD_USD/candles?granularity=M1&from=2026-08-28T04%3A20%3A00Z&to=2026-08-28T10%3A20%3A00Z&price=B "HTTP/1.1 200 OK"
INFO:     httpx — HTTP Request: GET https://api-fxpractice.oanda.com/v3/instruments/AUD_USD/candles?granularity=M1&from=2026-08-28T04%3A20%3A00Z&to=2026-08-28T10%3A20%3A00Z&price=A "HTTP/1.1 200 OK"
INFO:     httpx — HTTP Request: GET https://api-fxpractice.oanda.com/v3/instruments/GBP_USD/candles?granularity=M1&from=2026-08-28T04%3A20%3A00Z&to=2026-08-28T10%3A20%3A00Z&price=B "HTTP/1.1 200 OK"
INFO:     httpx — HTTP Request: GET https://api-fxpractice.oanda.com/v3/instruments/GBP_USD/candles?granularity=M1&from=2026-08-28T04%3A20%3A00Z&to=2026-08-28T10%3A20%3A00Z&price=A "HTTP/1.1 200 OK"
INFO:     httpx — HTTP Request: GET https://api-fxpractice.oanda.com/v3/instruments/USD_CAD/candles?granularity=M1&from=2026-08-28T04%3A20%3A00Z&to=2026-08-28T10%3A20%3A00Z&price=B "HTTP/1.1 200 OK"
INFO:     httpx — HTTP Request: GET https://api-fxpractice.oanda.com/v3/instruments/USD_CAD/candles?granularity=M1&from=2026-08-28T04%3A20%3A00Z&to=2026-08-28T10%3A20%3A00Z&price=A "HTTP/1.1 200 OK"
INFO:     httpx — HTTP Request: GET https://api-fxpractice.oanda.com/v3/instruments/EUR_GBP/candles?granularity=M1&from=2026-08-28T04%3A20%3A00Z&to=2026-08-28T10%3A20%3A00Z&price=B "HTTP/1.1 200 OK"
INFO:     httpx — HTTP Request: GET https://api-fxpractice.oanda.com/v3/instruments/EUR_GBP/candles?granularity=M1&from=2026-08-28T04%3A20%3A00Z&to=2026-08-28T10%3A20%3A00Z&price=A "HTTP/1.1 200 OK"
INFO:     httpx — HTTP Request: GET https://api-fxpractice.oanda.com/v3/instruments/NZD_USD/candles?granularity=M1&from=2026-08-28T04%3A20%3A00Z&to=2026-08-28T10%3A20%3A00Z&price=B "HTTP/1.1 200 OK"
INFO:     httpx — HTTP Request: GET https://api-fxpractice.oanda.com/v3/instruments/NZD_USD/candles?granularity=M1&from=2026-08-28T04%3A20%3A00Z&to=2026-08-28T10%3A20%3A00Z&price=A "HTTP/1.1 200 OK"
INFO:     app.services.pipeline — trailing window refresh complete: {'granularity': 'M1', 'price_types': ['B', 'A'], 'window_start': '2026-08-28T04:20:00.149507+00:00', 'window_end': '2026-08-28T10:20:00.149507+00:00', 'lookback_hours': 6, 'fetched': 1198, 'instruments': 10, 'errors': 0}
INFO:     apscheduler.executors.default — Job "_make_trailing_window_job.<locals>._job (trigger: cron[hour='*', minute='20'], next run at: 2026-08-28 11:20:00 UTC)" executed successfully
INFO:     apscheduler.executors.default — Running job "_shadow_resolver (trigger: cron[hour='*/1', minute='35'], next run at: 2026-08-28 11:35:00 UTC)" (scheduled at 2026-08-28 10:35:00+00:00)
INFO:     app.services.shadow.resolver — shadow resolver: {'checked': 35, 'resolved': 0, 'not_yet': 35, 'forced': 0, 'no_atr': 0, 'failed': 0, 'still_pending': 35, 'by_outcome': {'win': 0, 'loss': 0, 'breakeven': 0}, 'by_decision': {'take': 0, 'skip': 0, 'unscored': 0}}
INFO:     app.services.scheduler — scheduled shadow resolver: {'checked': 35, 'resolved': 0, 'not_yet': 35, 'forced': 0, 'no_atr': 0, 'failed': 0, 'still_pending': 35, 'by_outcome': {'win': 0, 'loss': 0, 'breakeven': 0}, 'by_decision': {'take': 0, 'skip': 0, 'unscored': 0}}
INFO:     apscheduler.executors.default — Job "_shadow_resolver (trigger: cron[hour='*/1', minute='35'], next run at: 2026-08-28 11:35:00 UTC)" executed successfully
WARNING:     app.services.price_stream — price stream disconnected (failure 1/10 before escalation): peer closed connection without sending complete message body (incomplete chunked read) — retrying in 5s
INFO:     httpx — HTTP Request: GET https://stream-fxpractice.oanda.com/v3/accounts/101-003-39159710-001/pricing/stream?instruments=EUR_USD%2CUSD_CHF%2CEUR_JPY%2CUSD_JPY%2CGBP_JPY%2CAUD_USD%2CGBP_USD%2CUSD_CAD%2CEUR_GBP%2CNZD_USD&snapshot=true "HTTP/1.1 200 OK"
INFO:     app.services.price_stream — price stream RECOVERED after 1 consecutive failure(s) (down 0.1 min)
WARNING:     app.services.price_stream — price stream disconnected (failure 1/10 before escalation): no data (price or heartbeat) from the OANDA pricing stream for 30s (STREAM_HEARTBEAT_TIMEOUT_SECONDS) — treating the connection as dead and forcing a reconnect — retrying in 5s
INFO:     httpx — HTTP Request: GET https://stream-fxpractice.oanda.com/v3/accounts/101-003-39159710-001/pricing/stream?instruments=EUR_USD%2CUSD_CHF%2CEUR_JPY%2CUSD_JPY%2CGBP_JPY%2CAUD_USD%2CGBP_USD%2CUSD_CAD%2CEUR_GBP%2CNZD_USD&snapshot=true "HTTP/1.1 200 OK"
INFO:     app.services.price_stream — price stream RECOVERED after 1 consecutive failure(s) (down 0.3 min)
WARNING:     apscheduler.executors.default — Run time of job "_shadow_resolver (trigger: cron[hour='*/1', minute='35'], next run at: 2026-08-28 13:35:00 UTC)" was missed by 0:19:49.254171
WARNING:     apscheduler.executors.default — Run time of job "_make_trailing_window_job.<locals>._job (trigger: cron[hour='*', minute='20'], next run at: 2026-08-28 13:20:00 UTC)" was missed by 0:34:49.259088
WARNING:     apscheduler.executors.default — Run time of job "_intraday_fundamentals (trigger: cron[hour='*/4', minute='15'], next run at: 2026-08-28 16:15:00 UTC)" was missed by 0:39:49.260777
INFO:     apscheduler.executors.default — Running job "_make_candle_close_job.<locals>._job (trigger: cron[hour='1,5,9,13,17,21', minute='1'], next run at: 2026-08-28 17:01:00 UTC)" (scheduled at 2026-08-28 13:01:00+00:00)
INFO:     httpx — HTTP Request: GET https://api-fxpractice.oanda.com/v3/instruments/EUR_USD/candles?granularity=H4&from=2026-08-28T09%3A00%3A00Z&to=2026-08-28T13%3A01%3A00Z&price=M "HTTP/1.1 200 OK"
INFO:     httpx — HTTP Request: GET https://api-fxpractice.oanda.com/v3/instruments/USD_CHF/candles?granularity=H4&from=2026-08-28T09%3A00%3A00Z&to=2026-08-28T13%3A01%3A03Z&price=M "HTTP/1.1 200 OK"
INFO:     httpx — HTTP Request: GET https://api-fxpractice.oanda.com/v3/instruments/EUR_JPY/candles?granularity=H4&from=2026-08-28T09%3A00%3A00Z&to=2026-08-28T13%3A01%3A05Z&price=M "HTTP/1.1 200 OK"
INFO:     httpx — HTTP Request: GET https://api-fxpractice.oanda.com/v3/instruments/USD_JPY/candles?granularity=H4&from=2026-08-28T09%3A00%3A00Z&to=2026-08-28T13%3A01%3A08Z&price=M "HTTP/1.1 200 OK"
INFO:     httpx — HTTP Request: GET https://api-fxpractice.oanda.com/v3/instruments/GBP_JPY/candles?granularity=H4&from=2026-08-28T09%3A00%3A00Z&to=2026-08-28T13%3A01%3A11Z&price=M "HTTP/1.1 200 OK"
INFO:     app.services.pipeline — signal rejected: GBP_JPY reason=INSUFFICIENT_RR
INFO:     app.services.shadow.recorder — shadow recorded: GBP_JPY H4 SELL p=0.0992 decision=skip risk=reject:INSUFFICIENT_RR model=s1_xgb_v2_c430d22dd1ab.NOT_PROMOTED nan_model_features=0
INFO:     httpx — HTTP Request: GET https://api-fxpractice.oanda.com/v3/instruments/AUD_USD/candles?granularity=H4&from=2026-08-28T09%3A00%3A00Z&to=2026-08-28T13%3A01%3A16Z&price=M "HTTP/1.1 200 OK"
INFO:     httpx — HTTP Request: GET https://api-fxpractice.oanda.com/v3/accounts/101-003-39159710-001/pricing?instruments=AUD_USD&includeHomeConversions=true "HTTP/1.1 200 OK"
INFO:     app.services.pipeline — signal approved: AUD_USD H4 BUY score=3 units=878
INFO:     app.services.shadow.recorder — shadow recorded: AUD_USD H4 BUY p=0.1978 decision=skip risk=pass model=s1_xgb_v2_c430d22dd1ab.NOT_PROMOTED nan_model_features=0
INFO:     httpx — HTTP Request: GET https://api-fxpractice.oanda.com/v3/instruments/GBP_USD/candles?granularity=H4&from=2026-08-28T09%3A00%3A00Z&to=2026-08-28T13%3A01%3A20Z&price=M "HTTP/1.1 200 OK"
INFO:     httpx — HTTP Request: GET https://api-fxpractice.oanda.com/v3/accounts/101-003-39159710-001/pricing?instruments=GBP_USD&includeHomeConversions=true "HTTP/1.1 200 OK"
INFO:     app.services.pipeline — signal rejected: GBP_USD reason=CORRELATED_POSITION_EXISTS
INFO:     app.services.shadow.recorder — shadow recorded: GBP_USD H4 BUY p=0.0813 decision=skip risk=reject:CORRELATED_POSITION_EXISTS model=s1_xgb_v2_c430d22dd1ab.NOT_PROMOTED nan_model_features=0
INFO:     httpx — HTTP Request: GET https://api-fxpractice.oanda.com/v3/instruments/USD_CAD/candles?granularity=H4&from=2026-08-28T09%3A00%3A00Z&to=2026-08-28T13%3A01%3A25Z&price=M "HTTP/1.1 200 OK"
INFO:     httpx — HTTP Request: GET https://api-fxpractice.oanda.com/v3/instruments/EUR_GBP/candles?granularity=H4&from=2026-08-28T09%3A00%3A00Z&to=2026-08-28T13%3A01%3A27Z&price=M "HTTP/1.1 200 OK"
INFO:     httpx — HTTP Request: GET https://api-fxpractice.oanda.com/v3/accounts/101-003-39159710-001/pricing?instruments=EUR_GBP&includeHomeConversions=true "HTTP/1.1 200 OK"
INFO:     app.services.pipeline — signal approved: EUR_GBP H4 SELL score=3 units=1154
INFO:     app.services.shadow.recorder — shadow recorded: EUR_GBP H4 SELL p=0.0671 decision=skip risk=pass model=s1_xgb_v2_c430d22dd1ab.NOT_PROMOTED nan_model_features=0
INFO:     httpx — HTTP Request: GET https://api-fxpractice.oanda.com/v3/instruments/NZD_USD/candles?granularity=H4&from=2026-08-28T09%3A00%3A00Z&to=2026-08-28T13%3A01%3A31Z&price=M "HTTP/1.1 200 OK"
INFO:     app.services.pipeline — signal rejected: NZD_USD reason=INSUFFICIENT_RR
WARNING:     app.services.shadow.recorder — shadow: NZD_USD @ 2026-08-28 13:00:01 has 1/19 NaN model-core features (max 0) — row is RECORDED but is NOT comparable to the training corpus; check macro feed freshness. NaN keys: policy_rate_differential
INFO:     app.services.shadow.recorder — shadow recorded: NZD_USD H4 BUY p=0.1557 decision=skip risk=reject:INSUFFICIENT_RR model=s1_xgb_v2_c430d22dd1ab.NOT_PROMOTED nan_model_features=1
INFO:     app.services.pipeline — pipeline complete: {'granularity': 'H4', 'fetched': 10, 'computed': 10, 'signals': 2, 'rejected': 3, 'errors': 0, 'evaluated': 10, 'shadow_recorded': 5, 'shadow_errors': 0, 'expired': 0, 'shadow_enabled': True}
INFO:     apscheduler.executors.default — Job "_make_candle_close_job.<locals>._job (trigger: cron[hour='1,5,9,13,17,21', minute='1'], next run at: 2026-08-28 17:01:00 UTC)" executed successfully
INFO:     apscheduler.executors.default — Running job "_make_trailing_window_job.<locals>._job (trigger: cron[hour='*', minute='20'], next run at: 2026-08-28 14:20:00 UTC)" (scheduled at 2026-08-28 13:20:00+00:00)
INFO:     httpx — HTTP Request: GET https://api-fxpractice.oanda.com/v3/instruments/EUR_USD/candles?granularity=M1&from=2026-08-28T07%3A20%3A00Z&to=2026-08-28T13%3A20%3A00Z&price=B "HTTP/1.1 200 OK"
INFO:     httpx — HTTP Request: GET https://api-fxpractice.oanda.com/v3/instruments/EUR_USD/candles?granularity=M1&from=2026-08-28T07%3A20%3A00Z&to=2026-08-28T13%3A20%3A00Z&price=A "HTTP/1.1 200 OK"
INFO:     httpx — HTTP Request: GET https://api-fxpractice.oanda.com/v3/instruments/USD_CHF/candles?granularity=M1&from=2026-08-28T07%3A20%3A00Z&to=2026-08-28T13%3A20%3A00Z&price=B "HTTP/1.1 200 OK"
INFO:     httpx — HTTP Request: GET https://api-fxpractice.oanda.com/v3/instruments/USD_CHF/candles?granularity=M1&from=2026-08-28T07%3A20%3A00Z&to=2026-08-28T13%3A20%3A00Z&price=A "HTTP/1.1 200 OK"
INFO:     httpx — HTTP Request: GET https://api-fxpractice.oanda.com/v3/instruments/EUR_JPY/candles?granularity=M1&from=2026-08-28T07%3A20%3A00Z&to=2026-08-28T13%3A20%3A00Z&price=B "HTTP/1.1 200 OK"
INFO:     httpx — HTTP Request: GET https://api-fxpractice.oanda.com/v3/instruments/EUR_JPY/candles?granularity=M1&from=2026-08-28T07%3A20%3A00Z&to=2026-08-28T13%3A20%3A00Z&price=A "HTTP/1.1 200 OK"
INFO:     httpx — HTTP Request: GET https://api-fxpractice.oanda.com/v3/instruments/USD_JPY/candles?granularity=M1&from=2026-08-28T07%3A20%3A00Z&to=2026-08-28T13%3A20%3A00Z&price=B "HTTP/1.1 200 OK"
INFO:     httpx — HTTP Request: GET https://api-fxpractice.oanda.com/v3/instruments/USD_JPY/candles?granularity=M1&from=2026-08-28T07%3A20%3A00Z&to=2026-08-28T13%3A20%3A00Z&price=A "HTTP/1.1 200 OK"
INFO:     httpx — HTTP Request: GET https://api-fxpractice.oanda.com/v3/instruments/GBP_JPY/candles?granularity=M1&from=2026-08-28T07%3A20%3A00Z&to=2026-08-28T13%3A20%3A00Z&price=B "HTTP/1.1 200 OK"
INFO:     httpx — HTTP Request: GET https://api-fxpractice.oanda.com/v3/instruments/GBP_JPY/candles?granularity=M1&from=2026-08-28T07%3A20%3A00Z&to=2026-08-28T13%3A20%3A00Z&price=A "HTTP/1.1 200 OK"
INFO:     httpx — HTTP Request: GET https://api-fxpractice.oanda.com/v3/instruments/AUD_USD/candles?granularity=M1&from=2026-08-28T07%3A20%3A00Z&to=2026-08-28T13%3A20%3A00Z&price=B "HTTP/1.1 200 OK"
INFO:     httpx — HTTP Request: GET https://api-fxpractice.oanda.com/v3/instruments/AUD_USD/candles?granularity=M1&from=2026-08-28T07%3A20%3A00Z&to=2026-08-28T13%3A20%3A00Z&price=A "HTTP/1.1 200 OK"
INFO:     httpx — HTTP Request: GET https://api-fxpractice.oanda.com/v3/instruments/GBP_USD/candles?granularity=M1&from=2026-08-28T07%3A20%3A00Z&to=2026-08-28T13%3A20%3A00Z&price=B "HTTP/1.1 200 OK"
INFO:     httpx — HTTP Request: GET https://api-fxpractice.oanda.com/v3/instruments/GBP_USD/candles?granularity=M1&from=2026-08-28T07%3A20%3A00Z&to=2026-08-28T13%3A20%3A00Z&price=A "HTTP/1.1 200 OK"
INFO:     httpx — HTTP Request: GET https://api-fxpractice.oanda.com/v3/instruments/USD_CAD/candles?granularity=M1&from=2026-08-28T07%3A20%3A00Z&to=2026-08-28T13%3A20%3A00Z&price=B "HTTP/1.1 200 OK"
INFO:     httpx — HTTP Request: GET https://api-fxpractice.oanda.com/v3/instruments/USD_CAD/candles?granularity=M1&from=2026-08-28T07%3A20%3A00Z&to=2026-08-28T13%3A20%3A00Z&price=A "HTTP/1.1 200 OK"
INFO:     httpx — HTTP Request: GET https://api-fxpractice.oanda.com/v3/instruments/EUR_GBP/candles?granularity=M1&from=2026-08-28T07%3A20%3A00Z&to=2026-08-28T13%3A20%3A00Z&price=B "HTTP/1.1 200 OK"
INFO:     httpx — HTTP Request: GET https://api-fxpractice.oanda.com/v3/instruments/EUR_GBP/candles?granularity=M1&from=2026-08-28T07%3A20%3A00Z&to=2026-08-28T13%3A20%3A00Z&price=A "HTTP/1.1 200 OK"
INFO:     httpx — HTTP Request: GET https://api-fxpractice.oanda.com/v3/instruments/NZD_USD/candles?granularity=M1&from=2026-08-28T07%3A20%3A00Z&to=2026-08-28T13%3A20%3A00Z&price=B "HTTP/1.1 200 OK"
INFO:     httpx — HTTP Request: GET https://api-fxpractice.oanda.com/v3/instruments/NZD_USD/candles?granularity=M1&from=2026-08-28T07%3A20%3A00Z&to=2026-08-28T13%3A20%3A00Z&price=A "HTTP/1.1 200 OK"
INFO:     app.services.pipeline — trailing window refresh complete: {'granularity': 'M1', 'price_types': ['B', 'A'], 'window_start': '2026-08-28T07:20:00.017467+00:00', 'window_end': '2026-08-28T13:20:00.017467+00:00', 'lookback_hours': 6, 'fetched': 3596, 'instruments': 10, 'errors': 0}
INFO:     apscheduler.executors.default — Job "_make_trailing_window_job.<locals>._job (trigger: cron[hour='*', minute='20'], next run at: 2026-08-28 14:20:00 UTC)" executed successfully
INFO:     apscheduler.executors.default — Running job "_shadow_resolver (trigger: cron[hour='*/1', minute='35'], next run at: 2026-08-28 14:35:00 UTC)" (scheduled at 2026-08-28 13:35:00+00:00)
INFO:     app.services.shadow.resolver — shadow resolved: trade id=21105 BUY decision=skip rr=-1.423 outcome=loss reason=sl_hit
INFO:     app.services.shadow.resolver — shadow resolved: trade id=21104 SELL decision=skip rr=-1.000 outcome=loss reason=sl_hit
INFO:     app.services.shadow.resolver — shadow resolved: trade id=21103 SELL decision=skip rr=-1.000 outcome=loss reason=sl_hit
INFO:     app.services.shadow.resolver — shadow resolved: trade id=21102 BUY decision=skip rr=0.635 outcome=win reason=trailing_stop
INFO:     app.services.shadow.resolver — shadow resolved: trade id=21101 BUY decision=skip rr=-1.000 outcome=loss reason=sl_hit
INFO:     app.services.shadow.resolver — shadow resolved: trade id=21107 BUY decision=skip rr=-0.527 outcome=loss reason=time_exit
INFO:     app.services.shadow.resolver — shadow resolved: trade id=21106 SELL decision=skip rr=-1.000 outcome=loss reason=sl_hit
INFO:     app.services.shadow.resolver — shadow resolver: {'checked': 40, 'resolved': 7, 'not_yet': 33, 'forced': 0, 'no_atr': 0, 'failed': 0, 'still_pending': 33, 'by_outcome': {'win': 1, 'loss': 6, 'breakeven': 0}, 'by_decision': {'take': 0, 'skip': 7, 'unscored': 0}}
INFO:     app.services.scheduler — scheduled shadow resolver: {'checked': 40, 'resolved': 7, 'not_yet': 33, 'forced': 0, 'no_atr': 0, 'failed': 0, 'still_pending': 33, 'by_outcome': {'win': 1, 'loss': 6, 'breakeven': 0}, 'by_decision': {'take': 0, 'skip': 7, 'unscored': 0}}
INFO:     apscheduler.executors.default — Job "_shadow_resolver (trigger: cron[hour='*/1', minute='35'], next run at: 2026-08-28 14:35:00 UTC)" executed successfully
WARNING:     app.services.price_stream — price stream disconnected (failure 1/10 before escalation): peer closed connection without sending complete message body (incomplete chunked read) — retrying in 5s
INFO:     httpx — HTTP Request: GET https://stream-fxpractice.oanda.com/v3/accounts/101-003-39159710-001/pricing/stream?instruments=EUR_USD%2CUSD_CHF%2CEUR_JPY%2CUSD_JPY%2CGBP_JPY%2CAUD_USD%2CGBP_USD%2CUSD_CAD%2CEUR_GBP%2CNZD_USD&snapshot=true "HTTP/1.1 200 OK"
INFO:     app.services.price_stream — price stream RECOVERED after 1 consecutive failure(s) (down 0.2 min)
INFO:     apscheduler.executors.default — Running job "_make_trailing_window_job.<locals>._job (trigger: cron[hour='*', minute='20'], next run at: 2026-08-28 15:20:00 UTC)" (scheduled at 2026-08-28 14:20:00+00:00)
INFO:     httpx — HTTP Request: GET https://api-fxpractice.oanda.com/v3/instruments/EUR_USD/candles?granularity=M1&from=2026-08-28T08%3A20%3A00Z&to=2026-08-28T14%3A20%3A00Z&price=B "HTTP/1.1 200 OK"
INFO:     httpx — HTTP Request: GET https://api-fxpractice.oanda.com/v3/instruments/EUR_USD/candles?granularity=M1&from=2026-08-28T08%3A20%3A00Z&to=2026-08-28T14%3A20%3A00Z&price=A "HTTP/1.1 200 OK"
INFO:     httpx — HTTP Request: GET https://api-fxpractice.oanda.com/v3/instruments/USD_CHF/candles?granularity=M1&from=2026-08-28T08%3A20%3A00Z&to=2026-08-28T14%3A20%3A00Z&price=B "HTTP/1.1 200 OK"
INFO:     httpx — HTTP Request: GET https://api-fxpractice.oanda.com/v3/instruments/USD_CHF/candles?granularity=M1&from=2026-08-28T08%3A20%3A00Z&to=2026-08-28T14%3A20%3A00Z&price=A "HTTP/1.1 200 OK"
INFO:     httpx — HTTP Request: GET https://api-fxpractice.oanda.com/v3/instruments/EUR_JPY/candles?granularity=M1&from=2026-08-28T08%3A20%3A00Z&to=2026-08-28T14%3A20%3A00Z&price=B "HTTP/1.1 200 OK"
INFO:     httpx — HTTP Request: GET https://api-fxpractice.oanda.com/v3/instruments/EUR_JPY/candles?granularity=M1&from=2026-08-28T08%3A20%3A00Z&to=2026-08-28T14%3A20%3A00Z&price=A "HTTP/1.1 200 OK"
INFO:     httpx — HTTP Request: GET https://api-fxpractice.oanda.com/v3/instruments/USD_JPY/candles?granularity=M1&from=2026-08-28T08%3A20%3A00Z&to=2026-08-28T14%3A20%3A00Z&price=B "HTTP/1.1 200 OK"
INFO:     httpx — HTTP Request: GET https://api-fxpractice.oanda.com/v3/instruments/USD_JPY/candles?granularity=M1&from=2026-08-28T08%3A20%3A00Z&to=2026-08-28T14%3A20%3A00Z&price=A "HTTP/1.1 200 OK"
INFO:     httpx — HTTP Request: GET https://api-fxpractice.oanda.com/v3/instruments/GBP_JPY/candles?granularity=M1&from=2026-08-28T08%3A20%3A00Z&to=2026-08-28T14%3A20%3A00Z&price=B "HTTP/1.1 200 OK"
INFO:     httpx — HTTP Request: GET https://api-fxpractice.oanda.com/v3/instruments/GBP_JPY/candles?granularity=M1&from=2026-08-28T08%3A20%3A00Z&to=2026-08-28T14%3A20%3A00Z&price=A "HTTP/1.1 200 OK"
INFO:     httpx — HTTP Request: GET https://api-fxpractice.oanda.com/v3/instruments/AUD_USD/candles?granularity=M1&from=2026-08-28T08%3A20%3A00Z&to=2026-08-28T14%3A20%3A00Z&price=B "HTTP/1.1 200 OK"
INFO:     httpx — HTTP Request: GET https://api-fxpractice.oanda.com/v3/instruments/AUD_USD/candles?granularity=M1&from=2026-08-28T08%3A20%3A00Z&to=2026-08-28T14%3A20%3A00Z&price=A "HTTP/1.1 200 OK"
INFO:     httpx — HTTP Request: GET https://api-fxpractice.oanda.com/v3/instruments/GBP_USD/candles?granularity=M1&from=2026-08-28T08%3A20%3A00Z&to=2026-08-28T14%3A20%3A00Z&price=B "HTTP/1.1 200 OK"
INFO:     httpx — HTTP Request: GET https://api-fxpractice.oanda.com/v3/instruments/GBP_USD/candles?granularity=M1&from=2026-08-28T08%3A20%3A00Z&to=2026-08-28T14%3A20%3A00Z&price=A "HTTP/1.1 200 OK"
INFO:     httpx — HTTP Request: GET https://api-fxpractice.oanda.com/v3/instruments/USD_CAD/candles?granularity=M1&from=2026-08-28T08%3A20%3A00Z&to=2026-08-28T14%3A20%3A00Z&price=B "HTTP/1.1 200 OK"
INFO:     httpx — HTTP Request: GET https://api-fxpractice.oanda.com/v3/instruments/USD_CAD/candles?granularity=M1&from=2026-08-28T08%3A20%3A00Z&to=2026-08-28T14%3A20%3A00Z&price=A "HTTP/1.1 200 OK"
INFO:     httpx — HTTP Request: GET https://api-fxpractice.oanda.com/v3/instruments/EUR_GBP/candles?granularity=M1&from=2026-08-28T08%3A20%3A00Z&to=2026-08-28T14%3A20%3A00Z&price=B "HTTP/1.1 200 OK"
INFO:     httpx — HTTP Request: GET https://api-fxpractice.oanda.com/v3/instruments/EUR_GBP/candles?granularity=M1&from=2026-08-28T08%3A20%3A00Z&to=2026-08-28T14%3A20%3A00Z&price=A "HTTP/1.1 200 OK"
INFO:     httpx — HTTP Request: GET https://api-fxpractice.oanda.com/v3/instruments/NZD_USD/candles?granularity=M1&from=2026-08-28T08%3A20%3A00Z&to=2026-08-28T14%3A20%3A00Z&price=B "HTTP/1.1 200 OK"
INFO:     httpx — HTTP Request: GET https://api-fxpractice.oanda.com/v3/instruments/NZD_USD/candles?granularity=M1&from=2026-08-28T08%3A20%3A00Z&to=2026-08-28T14%3A20%3A00Z&price=A "HTTP/1.1 200 OK"
INFO:     app.services.pipeline — trailing window refresh complete: {'granularity': 'M1', 'price_types': ['B', 'A'], 'window_start': '2026-08-28T08:20:00.126937+00:00', 'window_end': '2026-08-28T14:20:00.126937+00:00', 'lookback_hours': 6, 'fetched': 1200, 'instruments': 10, 'errors': 0}
INFO:     apscheduler.executors.default — Job "_make_trailing_window_job.<locals>._job (trigger: cron[hour='*', minute='20'], next run at: 2026-08-28 15:20:00 UTC)" executed successfully
INFO:     apscheduler.executors.default — Running job "_shadow_resolver (trigger: cron[hour='*/1', minute='35'], next run at: 2026-08-28 15:35:00 UTC)" (scheduled at 2026-08-28 14:35:00+00:00)
INFO:     app.services.shadow.resolver — shadow resolver: {'checked': 33, 'resolved': 0, 'not_yet': 33, 'forced': 0, 'no_atr': 0, 'failed': 0, 'still_pending': 33, 'by_outcome': {'win': 0, 'loss': 0, 'breakeven': 0}, 'by_decision': {'take': 0, 'skip': 0, 'unscored': 0}}
INFO:     app.services.scheduler — scheduled shadow resolver: {'checked': 33, 'resolved': 0, 'not_yet': 33, 'forced': 0, 'no_atr': 0, 'failed': 0, 'still_pending': 33, 'by_outcome': {'win': 0, 'loss': 0, 'breakeven': 0}, 'by_decision': {'take': 0, 'skip': 0, 'unscored': 0}}
INFO:     apscheduler.executors.default — Job "_shadow_resolver (trigger: cron[hour='*/1', minute='35'], next run at: 2026-08-28 15:35:00 UTC)" executed successfully
INFO:     apscheduler.executors.default — Running job "_make_trailing_window_job.<locals>._job (trigger: cron[hour='*', minute='20'], next run at: 2026-08-28 16:20:00 UTC)" (scheduled at 2026-08-28 15:20:00+00:00)
INFO:     httpx — HTTP Request: GET https://api-fxpractice.oanda.com/v3/instruments/EUR_USD/candles?granularity=M1&from=2026-08-28T09%3A20%3A00Z&to=2026-08-28T15%3A20%3A00Z&price=B "HTTP/1.1 200 OK"
INFO:     httpx — HTTP Request: GET https://api-fxpractice.oanda.com/v3/instruments/EUR_USD/candles?granularity=M1&from=2026-08-28T09%3A20%3A00Z&to=2026-08-28T15%3A20%3A00Z&price=A "HTTP/1.1 200 OK"
INFO:     httpx — HTTP Request: GET https://api-fxpractice.oanda.com/v3/instruments/USD_CHF/candles?granularity=M1&from=2026-08-28T09%3A20%3A00Z&to=2026-08-28T15%3A20%3A00Z&price=B "HTTP/1.1 200 OK"
INFO:     httpx — HTTP Request: GET https://api-fxpractice.oanda.com/v3/instruments/USD_CHF/candles?granularity=M1&from=2026-08-28T09%3A20%3A00Z&to=2026-08-28T15%3A20%3A00Z&price=A "HTTP/1.1 200 OK"
INFO:     httpx — HTTP Request: GET https://api-fxpractice.oanda.com/v3/instruments/EUR_JPY/candles?granularity=M1&from=2026-08-28T09%3A20%3A00Z&to=2026-08-28T15%3A20%3A00Z&price=B "HTTP/1.1 200 OK"
INFO:     httpx — HTTP Request: GET https://api-fxpractice.oanda.com/v3/instruments/EUR_JPY/candles?granularity=M1&from=2026-08-28T09%3A20%3A00Z&to=2026-08-28T15%3A20%3A00Z&price=A "HTTP/1.1 200 OK"
INFO:     httpx — HTTP Request: GET https://api-fxpractice.oanda.com/v3/instruments/USD_JPY/candles?granularity=M1&from=2026-08-28T09%3A20%3A00Z&to=2026-08-28T15%3A20%3A00Z&price=B "HTTP/1.1 200 OK"
INFO:     httpx — HTTP Request: GET https://api-fxpractice.oanda.com/v3/instruments/USD_JPY/candles?granularity=M1&from=2026-08-28T09%3A20%3A00Z&to=2026-08-28T15%3A20%3A00Z&price=A "HTTP/1.1 200 OK"
INFO:     httpx — HTTP Request: GET https://api-fxpractice.oanda.com/v3/instruments/GBP_JPY/candles?granularity=M1&from=2026-08-28T09%3A20%3A00Z&to=2026-08-28T15%3A20%3A00Z&price=B "HTTP/1.1 200 OK"
INFO:     httpx — HTTP Request: GET https://api-fxpractice.oanda.com/v3/instruments/GBP_JPY/candles?granularity=M1&from=2026-08-28T09%3A20%3A00Z&to=2026-08-28T15%3A20%3A00Z&price=A "HTTP/1.1 200 OK"
INFO:     httpx — HTTP Request: GET https://api-fxpractice.oanda.com/v3/instruments/AUD_USD/candles?granularity=M1&from=2026-08-28T09%3A20%3A00Z&to=2026-08-28T15%3A20%3A00Z&price=B "HTTP/1.1 200 OK"
INFO:     httpx — HTTP Request: GET https://api-fxpractice.oanda.com/v3/instruments/AUD_USD/candles?granularity=M1&from=2026-08-28T09%3A20%3A00Z&to=2026-08-28T15%3A20%3A00Z&price=A "HTTP/1.1 200 OK"
INFO:     httpx — HTTP Request: GET https://api-fxpractice.oanda.com/v3/instruments/GBP_USD/candles?granularity=M1&from=2026-08-28T09%3A20%3A00Z&to=2026-08-28T15%3A20%3A00Z&price=B "HTTP/1.1 200 OK"
INFO:     httpx — HTTP Request: GET https://api-fxpractice.oanda.com/v3/instruments/GBP_USD/candles?granularity=M1&from=2026-08-28T09%3A20%3A00Z&to=2026-08-28T15%3A20%3A00Z&price=A "HTTP/1.1 200 OK"
INFO:     httpx — HTTP Request: GET https://api-fxpractice.oanda.com/v3/instruments/USD_CAD/candles?granularity=M1&from=2026-08-28T09%3A20%3A00Z&to=2026-08-28T15%3A20%3A00Z&price=B "HTTP/1.1 200 OK"
INFO:     httpx — HTTP Request: GET https://api-fxpractice.oanda.com/v3/instruments/USD_CAD/candles?granularity=M1&from=2026-08-28T09%3A20%3A00Z&to=2026-08-28T15%3A20%3A00Z&price=A "HTTP/1.1 200 OK"
INFO:     httpx — HTTP Request: GET https://api-fxpractice.oanda.com/v3/instruments/EUR_GBP/candles?granularity=M1&from=2026-08-28T09%3A20%3A00Z&to=2026-08-28T15%3A20%3A00Z&price=B "HTTP/1.1 200 OK"
INFO:     httpx — HTTP Request: GET https://api-fxpractice.oanda.com/v3/instruments/EUR_GBP/candles?granularity=M1&from=2026-08-28T09%3A20%3A00Z&to=2026-08-28T15%3A20%3A00Z&price=A "HTTP/1.1 200 OK"
INFO:     httpx — HTTP Request: GET https://api-fxpractice.oanda.com/v3/instruments/NZD_USD/candles?granularity=M1&from=2026-08-28T09%3A20%3A00Z&to=2026-08-28T15%3A20%3A00Z&price=B "HTTP/1.1 200 OK"
INFO:     httpx — HTTP Request: GET https://api-fxpractice.oanda.com/v3/instruments/NZD_USD/candles?granularity=M1&from=2026-08-28T09%3A20%3A00Z&to=2026-08-28T15%3A20%3A00Z&price=A "HTTP/1.1 200 OK"
INFO:     app.services.pipeline — trailing window refresh complete: {'granularity': 'M1', 'price_types': ['B', 'A'], 'window_start': '2026-08-28T09:20:00.187882+00:00', 'window_end': '2026-08-28T15:20:00.187882+00:00', 'lookback_hours': 6, 'fetched': 1200, 'instruments': 10, 'errors': 0}
INFO:     apscheduler.executors.default — Job "_make_trailing_window_job.<locals>._job (trigger: cron[hour='*', minute='20'], next run at: 2026-08-28 16:20:00 UTC)" executed successfully
WARNING:     app.services.price_stream — price stream disconnected (failure 1/10 before escalation): peer closed connection without sending complete message body (incomplete chunked read) — retrying in 5s
INFO:     httpx — HTTP Request: GET https://stream-fxpractice.oanda.com/v3/accounts/101-003-39159710-001/pricing/stream?instruments=EUR_USD%2CUSD_CHF%2CEUR_JPY%2CUSD_JPY%2CGBP_JPY%2CAUD_USD%2CGBP_USD%2CUSD_CAD%2CEUR_GBP%2CNZD_USD&snapshot=true "HTTP/1.1 200 OK"
INFO:     app.services.price_stream — price stream RECOVERED after 1 consecutive failure(s) (down 0.1 min)
INFO:     apscheduler.executors.default — Running job "_shadow_resolver (trigger: cron[hour='*/1', minute='35'], next run at: 2026-08-28 16:35:00 UTC)" (scheduled at 2026-08-28 15:35:00+00:00)
INFO:     app.services.shadow.resolver — shadow resolver: {'checked': 33, 'resolved': 0, 'not_yet': 33, 'forced': 0, 'no_atr': 0, 'failed': 0, 'still_pending': 33, 'by_outcome': {'win': 0, 'loss': 0, 'breakeven': 0}, 'by_decision': {'take': 0, 'skip': 0, 'unscored': 0}}
INFO:     app.services.scheduler — scheduled shadow resolver: {'checked': 33, 'resolved': 0, 'not_yet': 33, 'forced': 0, 'no_atr': 0, 'failed': 0, 'still_pending': 33, 'by_outcome': {'win': 0, 'loss': 0, 'breakeven': 0}, 'by_decision': {'take': 0, 'skip': 0, 'unscored': 0}}
INFO:     apscheduler.executors.default — Job "_shadow_resolver (trigger: cron[hour='*/1', minute='35'], next run at: 2026-08-28 16:35:00 UTC)" executed successfully
INFO:     apscheduler.executors.default — Running job "_intraday_fundamentals (trigger: cron[hour='*/4', minute='15'], next run at: 2026-08-28 20:15:00 UTC)" (scheduled at 2026-08-28 16:15:00+00:00)
INFO:     httpx — HTTP Request: GET https://api.stlouisfed.org/fred/release/dates?release_id=10&api_key=6adaba04b7efae646871c3e925da4184&file_type=json&include_release_dates_with_no_data=true&sort_order=asc&limit=10000 "HTTP/1.1 200 OK"
INFO:     httpx — HTTP Request: GET https://api.stlouisfed.org/fred/release/dates?release_id=50&api_key=6adaba04b7efae646871c3e925da4184&file_type=json&include_release_dates_with_no_data=true&sort_order=asc&limit=10000 "HTTP/1.1 200 OK"
INFO:     httpx — HTTP Request: GET https://api.stlouisfed.org/fred/series/observations?series_id=IRLTLT01USM156N&api_key=6adaba04b7efae646871c3e925da4184&file_type=json&observation_start=2026-06-29 "HTTP/1.1 200 OK"
INFO:     httpx — HTTP Request: GET https://api.stlouisfed.org/fred/series/observations?series_id=IRLTLT01DEM156N&api_key=6adaba04b7efae646871c3e925da4184&file_type=json&observation_start=2026-06-29 "HTTP/1.1 200 OK"
INFO:     httpx — HTTP Request: GET https://api.stlouisfed.org/fred/series/observations?series_id=IRLTLT01GBM156N&api_key=6adaba04b7efae646871c3e925da4184&file_type=json&observation_start=2026-06-29 "HTTP/1.1 200 OK"
INFO:     httpx — HTTP Request: GET https://api.stlouisfed.org/fred/series/observations?series_id=IRLTLT01JPM156N&api_key=6adaba04b7efae646871c3e925da4184&file_type=json&observation_start=2026-06-29 "HTTP/1.1 200 OK"
INFO:     httpx — HTTP Request: GET https://api.stlouisfed.org/fred/series/observations?series_id=IRLTLT01AUM156N&api_key=6adaba04b7efae646871c3e925da4184&file_type=json&observation_start=2026-06-29 "HTTP/1.1 200 OK"
INFO:     httpx — HTTP Request: GET https://api.stlouisfed.org/fred/series/observations?series_id=IRLTLT01NZM156N&api_key=6adaba04b7efae646871c3e925da4184&file_type=json&observation_start=2026-06-29 "HTTP/1.1 200 OK"
INFO:     httpx — HTTP Request: GET https://api.stlouisfed.org/fred/series/observations?series_id=IRLTLT01CAM156N&api_key=6adaba04b7efae646871c3e925da4184&file_type=json&observation_start=2026-06-29 "HTTP/1.1 200 OK"
INFO:     httpx — HTTP Request: GET https://api.stlouisfed.org/fred/series/observations?series_id=IRLTLT01CHM156N&api_key=6adaba04b7efae646871c3e925da4184&file_type=json&observation_start=2026-06-29 "HTTP/1.1 200 OK"
INFO:     httpx — HTTP Request: GET https://api.stlouisfed.org/fred/series/observations?series_id=IRSTCI01USM156N&api_key=6adaba04b7efae646871c3e925da4184&file_type=json&observation_start=2026-06-29 "HTTP/1.1 200 OK"
INFO:     httpx — HTTP Request: GET https://api.stlouisfed.org/fred/series/observations?series_id=IRSTCI01DEM156N&api_key=6adaba04b7efae646871c3e925da4184&file_type=json&observation_start=2026-06-29 "HTTP/1.1 200 OK"
INFO:     httpx — HTTP Request: GET https://api.stlouisfed.org/fred/series/observations?series_id=IRSTCI01GBM156N&api_key=6adaba04b7efae646871c3e925da4184&file_type=json&observation_start=2026-06-29 "HTTP/1.1 200 OK"
INFO:     httpx — HTTP Request: GET https://api.stlouisfed.org/fred/series/observations?series_id=IRSTCI01JPM156N&api_key=6adaba04b7efae646871c3e925da4184&file_type=json&observation_start=2026-06-29 "HTTP/1.1 200 OK"
INFO:     httpx — HTTP Request: GET https://api.stlouisfed.org/fred/series/observations?series_id=IRSTCI01AUM156N&api_key=6adaba04b7efae646871c3e925da4184&file_type=json&observation_start=2026-06-29 "HTTP/1.1 200 OK"
INFO:     httpx — HTTP Request: GET https://api.stlouisfed.org/fred/series/observations?series_id=IRSTCI01NZM156N&api_key=6adaba04b7efae646871c3e925da4184&file_type=json&observation_start=2026-06-29 "HTTP/1.1 200 OK"
INFO:     httpx — HTTP Request: GET https://api.stlouisfed.org/fred/series/observations?series_id=IRSTCI01CAM156N&api_key=6adaba04b7efae646871c3e925da4184&file_type=json&observation_start=2026-06-29 "HTTP/1.1 200 OK"
INFO:     httpx — HTTP Request: GET https://api.stlouisfed.org/fred/series/observations?series_id=IRSTCI01CHM156N&api_key=6adaba04b7efae646871c3e925da4184&file_type=json&observation_start=2026-06-29 "HTTP/1.1 200 OK"
INFO:     httpx — HTTP Request: GET https://api.stlouisfed.org/fred/series/observations?series_id=DGS10&api_key=6adaba04b7efae646871c3e925da4184&file_type=json&observation_start=2026-06-29 "HTTP/1.1 200 OK"
INFO:     httpx — HTTP Request: GET https://api.stlouisfed.org/fred/series/observations?series_id=DGS2&api_key=6adaba04b7efae646871c3e925da4184&file_type=json&observation_start=2026-06-29 "HTTP/1.1 200 OK"
INFO:     httpx — HTTP Request: GET https://api.stlouisfed.org/fred/series/observations?series_id=VIXCLS&api_key=6adaba04b7efae646871c3e925da4184&file_type=json&observation_start=2026-06-29 "HTTP/1.1 200 OK"
INFO:     httpx — HTTP Request: GET https://api.stlouisfed.org/fred/series/observations?series_id=DCOILWTICO&api_key=6adaba04b7efae646871c3e925da4184&file_type=json&observation_start=2026-06-29 "HTTP/1.1 200 OK"
INFO:     httpx — HTTP Request: GET https://api.stlouisfed.org/fred/series/observations?series_id=CPIAUCSL&api_key=6adaba04b7efae646871c3e925da4184&file_type=json&output_type=1&realtime_start=1776-07-04&realtime_end=9999-12-31&observation_start=2020-01-01 "HTTP/1.1 200 OK"
INFO:     httpx — HTTP Request: GET https://api.stlouisfed.org/fred/series/observations?series_id=CPILFESL&api_key=6adaba04b7efae646871c3e925da4184&file_type=json&output_type=1&realtime_start=1776-07-04&realtime_end=9999-12-31&observation_start=2020-01-01 "HTTP/1.1 200 OK"
INFO:     httpx — HTTP Request: GET https://api.stlouisfed.org/fred/series/observations?series_id=UNRATE&api_key=6adaba04b7efae646871c3e925da4184&file_type=json&output_type=1&realtime_start=1776-07-04&realtime_end=9999-12-31&observation_start=2020-01-01 "HTTP/1.1 200 OK"
INFO:     httpx — HTTP Request: GET https://api.stlouisfed.org/fred/series/observations?series_id=RSAFS&api_key=6adaba04b7efae646871c3e925da4184&file_type=json&output_type=1&realtime_start=1776-07-04&realtime_end=9999-12-31&observation_start=2020-01-01 "HTTP/1.1 200 OK"
INFO:     httpx — HTTP Request: GET https://api.stlouisfed.org/fred/series/observations?series_id=CP0000EZ19M086NEST&api_key=6adaba04b7efae646871c3e925da4184&file_type=json&output_type=1&realtime_start=1776-07-04&realtime_end=9999-12-31&observation_start=2020-01-01 "HTTP/1.1 200 OK"
INFO:     httpx — HTTP Request: GET https://api.stlouisfed.org/fred/series/observations?series_id=GBRCPIALLMINMEI&api_key=6adaba04b7efae646871c3e925da4184&file_type=json&output_type=1&realtime_start=1776-07-04&realtime_end=9999-12-31&observation_start=2020-01-01 "HTTP/1.1 200 OK"
INFO:     app.services.scheduler — fundamentals refresh: spine={'US CPI': 1, 'US Non-Farm Payrolls': 1, 'FOMC Rate Decision': 0, 'ECB Rate Decision': 0, 'BoE Rate Decision': 0, 'BoJ Rate Decision': 0, 'RBA Rate Decision': 0, 'RBNZ Rate Decision': 0, 'BoC Rate Decision': 0, 'SNB Rate Decision': 0} macro={'US_10Y_YIELD': 0, 'DE_10Y_YIELD': 0, 'GB_10Y_YIELD': 0, 'JP_10Y_YIELD': 0, 'AU_10Y_YIELD': 0, 'NZ_10Y_YIELD': 0, 'CA_10Y_YIELD': 0, 'CH_10Y_YIELD': 0, 'US_POLICY_RATE': 0, 'DE_POLICY_RATE': 0, 'GB_POLICY_RATE': 0, 'JP_POLICY_RATE': 0, 'AU_POLICY_RATE': 0, 'NZ_POLICY_RATE': 0, 'CA_POLICY_RATE': 0, 'CH_POLICY_RATE': 0, 'US_10Y_DAILY': 0, 'US_2Y_DAILY': 0, 'VIX': 1, 'WTI': 0, 'US_CPI': 0, 'US_CORE_CPI': 0, 'US_UNEMPLOYMENT': 0, 'US_RETAIL_SALES': 0, 'EU_CPI': 0, 'UK_CPI': 0}
WARNING:     app.services.scheduler — macro series STALE (3/26) — every feature derived from these is NaN on live signals: NZ_POLICY_RATE(monthly, 590d > 75d), CH_POLICY_RATE(monthly, 865d > 75d), UK_CPI(monthly, 470d > 75d)
INFO:     apscheduler.executors.default — Job "_intraday_fundamentals (trigger: cron[hour='*/4', minute='15'], next run at: 2026-08-28 20:15:00 UTC)" executed successfully
INFO:     apscheduler.executors.default — Running job "_make_trailing_window_job.<locals>._job (trigger: cron[hour='*', minute='20'], next run at: 2026-08-28 17:20:00 UTC)" (scheduled at 2026-08-28 16:20:00+00:00)
INFO:     httpx — HTTP Request: GET https://api-fxpractice.oanda.com/v3/instruments/EUR_USD/candles?granularity=M1&from=2026-08-28T10%3A20%3A00Z&to=2026-08-28T16%3A20%3A00Z&price=B "HTTP/1.1 200 OK"
INFO:     httpx — HTTP Request: GET https://api-fxpractice.oanda.com/v3/instruments/EUR_USD/candles?granularity=M1&from=2026-08-28T10%3A20%3A00Z&to=2026-08-28T16%3A20%3A00Z&price=A "HTTP/1.1 200 OK"
INFO:     httpx — HTTP Request: GET https://api-fxpractice.oanda.com/v3/instruments/USD_CHF/candles?granularity=M1&from=2026-08-28T10%3A20%3A00Z&to=2026-08-28T16%3A20%3A00Z&price=B "HTTP/1.1 200 OK"
INFO:     httpx — HTTP Request: GET https://api-fxpractice.oanda.com/v3/instruments/USD_CHF/candles?granularity=M1&from=2026-08-28T10%3A20%3A00Z&to=2026-08-28T16%3A20%3A00Z&price=A "HTTP/1.1 200 OK"
INFO:     httpx — HTTP Request: GET https://api-fxpractice.oanda.com/v3/instruments/EUR_JPY/candles?granularity=M1&from=2026-08-28T10%3A20%3A00Z&to=2026-08-28T16%3A20%3A00Z&price=B "HTTP/1.1 200 OK"
INFO:     httpx — HTTP Request: GET https://api-fxpractice.oanda.com/v3/instruments/EUR_JPY/candles?granularity=M1&from=2026-08-28T10%3A20%3A00Z&to=2026-08-28T16%3A20%3A00Z&price=A "HTTP/1.1 200 OK"
INFO:     httpx — HTTP Request: GET https://api-fxpractice.oanda.com/v3/instruments/USD_JPY/candles?granularity=M1&from=2026-08-28T10%3A20%3A00Z&to=2026-08-28T16%3A20%3A00Z&price=B "HTTP/1.1 200 OK"
INFO:     httpx — HTTP Request: GET https://api-fxpractice.oanda.com/v3/instruments/USD_JPY/candles?granularity=M1&from=2026-08-28T10%3A20%3A00Z&to=2026-08-28T16%3A20%3A00Z&price=A "HTTP/1.1 200 OK"
INFO:     httpx — HTTP Request: GET https://api-fxpractice.oanda.com/v3/instruments/GBP_JPY/candles?granularity=M1&from=2026-08-28T10%3A20%3A00Z&to=2026-08-28T16%3A20%3A00Z&price=B "HTTP/1.1 200 OK"
INFO:     httpx — HTTP Request: GET https://api-fxpractice.oanda.com/v3/instruments/GBP_JPY/candles?granularity=M1&from=2026-08-28T10%3A20%3A00Z&to=2026-08-28T16%3A20%3A00Z&price=A "HTTP/1.1 200 OK"
INFO:     httpx — HTTP Request: GET https://api-fxpractice.oanda.com/v3/instruments/AUD_USD/candles?granularity=M1&from=2026-08-28T10%3A20%3A00Z&to=2026-08-28T16%3A20%3A00Z&price=B "HTTP/1.1 200 OK"
INFO:     httpx — HTTP Request: GET https://api-fxpractice.oanda.com/v3/instruments/AUD_USD/candles?granularity=M1&from=2026-08-28T10%3A20%3A00Z&to=2026-08-28T16%3A20%3A00Z&price=A "HTTP/1.1 200 OK"
INFO:     httpx — HTTP Request: GET https://api-fxpractice.oanda.com/v3/instruments/GBP_USD/candles?granularity=M1&from=2026-08-28T10%3A20%3A00Z&to=2026-08-28T16%3A20%3A00Z&price=B "HTTP/1.1 200 OK"
INFO:     httpx — HTTP Request: GET https://api-fxpractice.oanda.com/v3/instruments/GBP_USD/candles?granularity=M1&from=2026-08-28T10%3A20%3A00Z&to=2026-08-28T16%3A20%3A00Z&price=A "HTTP/1.1 200 OK"
INFO:     httpx — HTTP Request: GET https://api-fxpractice.oanda.com/v3/instruments/USD_CAD/candles?granularity=M1&from=2026-08-28T10%3A20%3A00Z&to=2026-08-28T16%3A20%3A00Z&price=B "HTTP/1.1 200 OK"
INFO:     httpx — HTTP Request: GET https://api-fxpractice.oanda.com/v3/instruments/USD_CAD/candles?granularity=M1&from=2026-08-28T10%3A20%3A00Z&to=2026-08-28T16%3A20%3A00Z&price=A "HTTP/1.1 200 OK"
INFO:     httpx — HTTP Request: GET https://api-fxpractice.oanda.com/v3/instruments/EUR_GBP/candles?granularity=M1&from=2026-08-28T10%3A20%3A00Z&to=2026-08-28T16%3A20%3A00Z&price=B "HTTP/1.1 200 OK"
INFO:     httpx — HTTP Request: GET https://api-fxpractice.oanda.com/v3/instruments/EUR_GBP/candles?granularity=M1&from=2026-08-28T10%3A20%3A00Z&to=2026-08-28T16%3A20%3A00Z&price=A "HTTP/1.1 200 OK"
INFO:     httpx — HTTP Request: GET https://api-fxpractice.oanda.com/v3/instruments/NZD_USD/candles?granularity=M1&from=2026-08-28T10%3A20%3A00Z&to=2026-08-28T16%3A20%3A00Z&price=B "HTTP/1.1 200 OK"
INFO:     httpx — HTTP Request: GET https://api-fxpractice.oanda.com/v3/instruments/NZD_USD/candles?granularity=M1&from=2026-08-28T10%3A20%3A00Z&to=2026-08-28T16%3A20%3A00Z&price=A "HTTP/1.1 200 OK"
INFO:     app.services.pipeline — trailing window refresh complete: {'granularity': 'M1', 'price_types': ['B', 'A'], 'window_start': '2026-08-28T10:20:00.041545+00:00', 'window_end': '2026-08-28T16:20:00.041545+00:00', 'lookback_hours': 6, 'fetched': 1200, 'instruments': 10, 'errors': 0}
INFO:     apscheduler.executors.default — Job "_make_trailing_window_job.<locals>._job (trigger: cron[hour='*', minute='20'], next run at: 2026-08-28 17:20:00 UTC)" executed successfully
WARNING:     app.services.price_stream — price stream disconnected (failure 1/10 before escalation):  — retrying in 5s
WARNING:     app.services.price_stream — price stream disconnected (failure 2/10 before escalation): [Errno 11001] getaddrinfo failed — retrying in 10s
WARNING:     app.services.price_stream — price stream disconnected (failure 3/10 before escalation): [Errno 11001] getaddrinfo failed — retrying in 20s
WARNING:     app.services.price_stream — price stream disconnected (failure 4/10 before escalation): [Errno 11001] getaddrinfo failed — retrying in 40s
WARNING:     apscheduler.executors.default — Run time of job "_shadow_resolver (trigger: cron[hour='*/1', minute='35'], next run at: 2026-08-28 19:35:00 UTC)" was missed by 0:35:40.204831
WARNING:     apscheduler.executors.default — Run time of job "_make_candle_close_job.<locals>._job (trigger: cron[hour='1,5,9,13,17,21', minute='1'], next run at: 2026-08-28 21:01:00 UTC)" was missed by 2:09:40.322426
WARNING:     apscheduler.executors.default — Run time of job "_make_trailing_window_job.<locals>._job (trigger: cron[hour='*', minute='20'], next run at: 2026-08-28 19:20:00 UTC)" was missed by 0:50:40.393357
INFO:     httpx — HTTP Request: GET https://stream-fxpractice.oanda.com/v3/accounts/101-003-39159710-001/pricing/stream?instruments=EUR_USD%2CUSD_CHF%2CEUR_JPY%2CUSD_JPY%2CGBP_JPY%2CAUD_USD%2CGBP_USD%2CUSD_CAD%2CEUR_GBP%2CNZD_USD&snapshot=true "HTTP/1.1 200 OK"
INFO:     app.services.price_stream — price stream RECOVERED after 4 consecutive failure(s) (down 157.1 min)
INFO:     apscheduler.executors.default — Running job "_make_trailing_window_job.<locals>._job (trigger: cron[hour='*', minute='20'], next run at: 2026-08-28 20:20:00 UTC)" (scheduled at 2026-08-28 19:20:00+00:00)
INFO:     httpx — HTTP Request: GET https://api-fxpractice.oanda.com/v3/instruments/EUR_USD/candles?granularity=M1&from=2026-08-28T13%3A20%3A00Z&to=2026-08-28T19%3A20%3A00Z&price=B "HTTP/1.1 200 OK"
INFO:     httpx — HTTP Request: GET https://api-fxpractice.oanda.com/v3/instruments/EUR_USD/candles?granularity=M1&from=2026-08-28T13%3A20%3A00Z&to=2026-08-28T19%3A20%3A00Z&price=A "HTTP/1.1 200 OK"
INFO:     httpx — HTTP Request: GET https://api-fxpractice.oanda.com/v3/instruments/USD_CHF/candles?granularity=M1&from=2026-08-28T13%3A20%3A00Z&to=2026-08-28T19%3A20%3A00Z&price=B "HTTP/1.1 200 OK"
INFO:     httpx — HTTP Request: GET https://api-fxpractice.oanda.com/v3/instruments/USD_CHF/candles?granularity=M1&from=2026-08-28T13%3A20%3A00Z&to=2026-08-28T19%3A20%3A00Z&price=A "HTTP/1.1 200 OK"
INFO:     httpx — HTTP Request: GET https://api-fxpractice.oanda.com/v3/instruments/EUR_JPY/candles?granularity=M1&from=2026-08-28T13%3A20%3A00Z&to=2026-08-28T19%3A20%3A00Z&price=B "HTTP/1.1 200 OK"
INFO:     httpx — HTTP Request: GET https://api-fxpractice.oanda.com/v3/instruments/EUR_JPY/candles?granularity=M1&from=2026-08-28T13%3A20%3A00Z&to=2026-08-28T19%3A20%3A00Z&price=A "HTTP/1.1 200 OK"
INFO:     httpx — HTTP Request: GET https://api-fxpractice.oanda.com/v3/instruments/USD_JPY/candles?granularity=M1&from=2026-08-28T13%3A20%3A00Z&to=2026-08-28T19%3A20%3A00Z&price=B "HTTP/1.1 200 OK"
INFO:     httpx — HTTP Request: GET https://api-fxpractice.oanda.com/v3/instruments/USD_JPY/candles?granularity=M1&from=2026-08-28T13%3A20%3A00Z&to=2026-08-28T19%3A20%3A00Z&price=A "HTTP/1.1 200 OK"
INFO:     httpx — HTTP Request: GET https://api-fxpractice.oanda.com/v3/instruments/GBP_JPY/candles?granularity=M1&from=2026-08-28T13%3A20%3A00Z&to=2026-08-28T19%3A20%3A00Z&price=B "HTTP/1.1 200 OK"
INFO:     httpx — HTTP Request: GET https://api-fxpractice.oanda.com/v3/instruments/GBP_JPY/candles?granularity=M1&from=2026-08-28T13%3A20%3A00Z&to=2026-08-28T19%3A20%3A00Z&price=A "HTTP/1.1 200 OK"
INFO:     httpx — HTTP Request: GET https://api-fxpractice.oanda.com/v3/instruments/AUD_USD/candles?granularity=M1&from=2026-08-28T13%3A20%3A00Z&to=2026-08-28T19%3A20%3A00Z&price=B "HTTP/1.1 200 OK"
INFO:     httpx — HTTP Request: GET https://api-fxpractice.oanda.com/v3/instruments/AUD_USD/candles?granularity=M1&from=2026-08-28T13%3A20%3A00Z&to=2026-08-28T19%3A20%3A00Z&price=A "HTTP/1.1 200 OK"
INFO:     httpx — HTTP Request: GET https://api-fxpractice.oanda.com/v3/instruments/GBP_USD/candles?granularity=M1&from=2026-08-28T13%3A20%3A00Z&to=2026-08-28T19%3A20%3A00Z&price=B "HTTP/1.1 200 OK"
INFO:     httpx — HTTP Request: GET https://api-fxpractice.oanda.com/v3/instruments/GBP_USD/candles?granularity=M1&from=2026-08-28T13%3A20%3A00Z&to=2026-08-28T19%3A20%3A00Z&price=A "HTTP/1.1 200 OK"
INFO:     httpx — HTTP Request: GET https://api-fxpractice.oanda.com/v3/instruments/USD_CAD/candles?granularity=M1&from=2026-08-28T13%3A20%3A00Z&to=2026-08-28T19%3A20%3A00Z&price=B "HTTP/1.1 200 OK"
INFO:     httpx — HTTP Request: GET https://api-fxpractice.oanda.com/v3/instruments/USD_CAD/candles?granularity=M1&from=2026-08-28T13%3A20%3A00Z&to=2026-08-28T19%3A20%3A00Z&price=A "HTTP/1.1 200 OK"
INFO:     httpx — HTTP Request: GET https://api-fxpractice.oanda.com/v3/instruments/EUR_GBP/candles?granularity=M1&from=2026-08-28T13%3A20%3A00Z&to=2026-08-28T19%3A20%3A00Z&price=B "HTTP/1.1 200 OK"
INFO:     httpx — HTTP Request: GET https://api-fxpractice.oanda.com/v3/instruments/EUR_GBP/candles?granularity=M1&from=2026-08-28T13%3A20%3A00Z&to=2026-08-28T19%3A20%3A00Z&price=A "HTTP/1.1 200 OK"
INFO:     httpx — HTTP Request: GET https://api-fxpractice.oanda.com/v3/instruments/NZD_USD/candles?granularity=M1&from=2026-08-28T13%3A20%3A00Z&to=2026-08-28T19%3A20%3A00Z&price=B "HTTP/1.1 200 OK"
INFO:     httpx — HTTP Request: GET https://api-fxpractice.oanda.com/v3/instruments/NZD_USD/candles?granularity=M1&from=2026-08-28T13%3A20%3A00Z&to=2026-08-28T19%3A20%3A00Z&price=A "HTTP/1.1 200 OK"
INFO:     app.services.pipeline — trailing window refresh complete: {'granularity': 'M1', 'price_types': ['B', 'A'], 'window_start': '2026-08-28T13:20:00.059587+00:00', 'window_end': '2026-08-28T19:20:00.059587+00:00', 'lookback_hours': 6, 'fetched': 3600, 'instruments': 10, 'errors': 0}
INFO:     apscheduler.executors.default — Job "_make_trailing_window_job.<locals>._job (trigger: cron[hour='*', minute='20'], next run at: 2026-08-28 20:20:00 UTC)" executed successfully
INFO:     apscheduler.executors.default — Running job "_shadow_resolver (trigger: cron[hour='*/1', minute='35'], next run at: 2026-08-28 20:35:00 UTC)" (scheduled at 2026-08-28 19:35:00+00:00)
INFO:     app.services.shadow.resolver — shadow resolved: trade id=21111 SELL decision=skip rr=-1.000 outcome=loss reason=sl_hit
INFO:     app.services.shadow.resolver — shadow resolved: trade id=21110 BUY decision=skip rr=0.653 outcome=win reason=trailing_stop
INFO:     app.services.shadow.resolver — shadow resolved: trade id=21109 SELL decision=skip rr=-0.219 outcome=loss reason=time_exit
INFO:     app.services.shadow.resolver — shadow resolved: trade id=21108 SELL decision=skip rr=-1.000 outcome=loss reason=sl_hit
INFO:     app.services.shadow.resolver — shadow resolver: {'checked': 33, 'resolved': 4, 'not_yet': 29, 'forced': 0, 'no_atr': 0, 'failed': 0, 'still_pending': 29, 'by_outcome': {'win': 1, 'loss': 3, 'breakeven': 0}, 'by_decision': {'take': 0, 'skip': 4, 'unscored': 0}}
INFO:     app.services.scheduler — scheduled shadow resolver: {'checked': 33, 'resolved': 4, 'not_yet': 29, 'forced': 0, 'no_atr': 0, 'failed': 0, 'still_pending': 29, 'by_outcome': {'win': 1, 'loss': 3, 'breakeven': 0}, 'by_decision': {'take': 0, 'skip': 4, 'unscored': 0}}
INFO:     apscheduler.executors.default — Job "_shadow_resolver (trigger: cron[hour='*/1', minute='35'], next run at: 2026-08-28 20:35:00 UTC)" executed successfully
INFO:     apscheduler.executors.default — Running job "_intraday_fundamentals (trigger: cron[hour='*/4', minute='15'], next run at: 2026-08-29 00:15:00 UTC)" (scheduled at 2026-08-28 20:15:00+00:00)
INFO:     httpx — HTTP Request: GET https://api.stlouisfed.org/fred/release/dates?release_id=10&api_key=6adaba04b7efae646871c3e925da4184&file_type=json&include_release_dates_with_no_data=true&sort_order=asc&limit=10000 "HTTP/1.1 200 OK"
INFO:     httpx — HTTP Request: GET https://api.stlouisfed.org/fred/release/dates?release_id=50&api_key=6adaba04b7efae646871c3e925da4184&file_type=json&include_release_dates_with_no_data=true&sort_order=asc&limit=10000 "HTTP/1.1 200 OK"
INFO:     httpx — HTTP Request: GET https://api.stlouisfed.org/fred/series/observations?series_id=IRLTLT01USM156N&api_key=6adaba04b7efae646871c3e925da4184&file_type=json&observation_start=2026-06-29 "HTTP/1.1 200 OK"
INFO:     httpx — HTTP Request: GET https://api.stlouisfed.org/fred/series/observations?series_id=IRLTLT01DEM156N&api_key=6adaba04b7efae646871c3e925da4184&file_type=json&observation_start=2026-06-29 "HTTP/1.1 200 OK"
INFO:     httpx — HTTP Request: GET https://api.stlouisfed.org/fred/series/observations?series_id=IRLTLT01GBM156N&api_key=6adaba04b7efae646871c3e925da4184&file_type=json&observation_start=2026-06-29 "HTTP/1.1 200 OK"
INFO:     httpx — HTTP Request: GET https://api.stlouisfed.org/fred/series/observations?series_id=IRLTLT01JPM156N&api_key=6adaba04b7efae646871c3e925da4184&file_type=json&observation_start=2026-06-29 "HTTP/1.1 200 OK"
INFO:     httpx — HTTP Request: GET https://api.stlouisfed.org/fred/series/observations?series_id=IRLTLT01AUM156N&api_key=6adaba04b7efae646871c3e925da4184&file_type=json&observation_start=2026-06-29 "HTTP/1.1 200 OK"
INFO:     httpx — HTTP Request: GET https://api.stlouisfed.org/fred/series/observations?series_id=IRLTLT01NZM156N&api_key=6adaba04b7efae646871c3e925da4184&file_type=json&observation_start=2026-06-29 "HTTP/1.1 200 OK"
INFO:     httpx — HTTP Request: GET https://api.stlouisfed.org/fred/series/observations?series_id=IRLTLT01CAM156N&api_key=6adaba04b7efae646871c3e925da4184&file_type=json&observation_start=2026-06-29 "HTTP/1.1 200 OK"
INFO:     httpx — HTTP Request: GET https://api.stlouisfed.org/fred/series/observations?series_id=IRLTLT01CHM156N&api_key=6adaba04b7efae646871c3e925da4184&file_type=json&observation_start=2026-06-29 "HTTP/1.1 200 OK"
INFO:     httpx — HTTP Request: GET https://api.stlouisfed.org/fred/series/observations?series_id=IRSTCI01USM156N&api_key=6adaba04b7efae646871c3e925da4184&file_type=json&observation_start=2026-06-29 "HTTP/1.1 200 OK"
INFO:     httpx — HTTP Request: GET https://api.stlouisfed.org/fred/series/observations?series_id=IRSTCI01DEM156N&api_key=6adaba04b7efae646871c3e925da4184&file_type=json&observation_start=2026-06-29 "HTTP/1.1 200 OK"
INFO:     httpx — HTTP Request: GET https://api.stlouisfed.org/fred/series/observations?series_id=IRSTCI01GBM156N&api_key=6adaba04b7efae646871c3e925da4184&file_type=json&observation_start=2026-06-29 "HTTP/1.1 200 OK"
INFO:     httpx — HTTP Request: GET https://api.stlouisfed.org/fred/series/observations?series_id=IRSTCI01JPM156N&api_key=6adaba04b7efae646871c3e925da4184&file_type=json&observation_start=2026-06-29 "HTTP/1.1 200 OK"
INFO:     httpx — HTTP Request: GET https://api.stlouisfed.org/fred/series/observations?series_id=IRSTCI01AUM156N&api_key=6adaba04b7efae646871c3e925da4184&file_type=json&observation_start=2026-06-29 "HTTP/1.1 200 OK"
INFO:     httpx — HTTP Request: GET https://api.stlouisfed.org/fred/series/observations?series_id=IRSTCI01NZM156N&api_key=6adaba04b7efae646871c3e925da4184&file_type=json&observation_start=2026-06-29 "HTTP/1.1 200 OK"
INFO:     httpx — HTTP Request: GET https://api.stlouisfed.org/fred/series/observations?series_id=IRSTCI01CAM156N&api_key=6adaba04b7efae646871c3e925da4184&file_type=json&observation_start=2026-06-29 "HTTP/1.1 200 OK"
INFO:     httpx — HTTP Request: GET https://api.stlouisfed.org/fred/series/observations?series_id=IRSTCI01CHM156N&api_key=6adaba04b7efae646871c3e925da4184&file_type=json&observation_start=2026-06-29 "HTTP/1.1 200 OK"
INFO:     httpx — HTTP Request: GET https://api.stlouisfed.org/fred/series/observations?series_id=DGS10&api_key=6adaba04b7efae646871c3e925da4184&file_type=json&observation_start=2026-06-29 "HTTP/1.1 200 OK"
INFO:     httpx — HTTP Request: GET https://api.stlouisfed.org/fred/series/observations?series_id=DGS2&api_key=6adaba04b7efae646871c3e925da4184&file_type=json&observation_start=2026-06-29 "HTTP/1.1 200 OK"
INFO:     httpx — HTTP Request: GET https://api.stlouisfed.org/fred/series/observations?series_id=VIXCLS&api_key=6adaba04b7efae646871c3e925da4184&file_type=json&observation_start=2026-06-29 "HTTP/1.1 200 OK"
INFO:     httpx — HTTP Request: GET https://api.stlouisfed.org/fred/series/observations?series_id=DCOILWTICO&api_key=6adaba04b7efae646871c3e925da4184&file_type=json&observation_start=2026-06-29 "HTTP/1.1 200 OK"
INFO:     httpx — HTTP Request: GET https://api.stlouisfed.org/fred/series/observations?series_id=CPIAUCSL&api_key=6adaba04b7efae646871c3e925da4184&file_type=json&output_type=1&realtime_start=1776-07-04&realtime_end=9999-12-31&observation_start=2020-01-01 "HTTP/1.1 200 OK"
INFO:     httpx — HTTP Request: GET https://api.stlouisfed.org/fred/series/observations?series_id=CPILFESL&api_key=6adaba04b7efae646871c3e925da4184&file_type=json&output_type=1&realtime_start=1776-07-04&realtime_end=9999-12-31&observation_start=2020-01-01 "HTTP/1.1 200 OK"
INFO:     httpx — HTTP Request: GET https://api.stlouisfed.org/fred/series/observations?series_id=UNRATE&api_key=6adaba04b7efae646871c3e925da4184&file_type=json&output_type=1&realtime_start=1776-07-04&realtime_end=9999-12-31&observation_start=2020-01-01 "HTTP/1.1 200 OK"
INFO:     httpx — HTTP Request: GET https://api.stlouisfed.org/fred/series/observations?series_id=RSAFS&api_key=6adaba04b7efae646871c3e925da4184&file_type=json&output_type=1&realtime_start=1776-07-04&realtime_end=9999-12-31&observation_start=2020-01-01 "HTTP/1.1 200 OK"
INFO:     httpx — HTTP Request: GET https://api.stlouisfed.org/fred/series/observations?series_id=CP0000EZ19M086NEST&api_key=6adaba04b7efae646871c3e925da4184&file_type=json&output_type=1&realtime_start=1776-07-04&realtime_end=9999-12-31&observation_start=2020-01-01 "HTTP/1.1 200 OK"
INFO:     httpx — HTTP Request: GET https://api.stlouisfed.org/fred/series/observations?series_id=GBRCPIALLMINMEI&api_key=6adaba04b7efae646871c3e925da4184&file_type=json&output_type=1&realtime_start=1776-07-04&realtime_end=9999-12-31&observation_start=2020-01-01 "HTTP/1.1 200 OK"
INFO:     app.services.scheduler — fundamentals refresh: spine={'US CPI': 1, 'US Non-Farm Payrolls': 1, 'FOMC Rate Decision': 0, 'ECB Rate Decision': 0, 'BoE Rate Decision': 0, 'BoJ Rate Decision': 0, 'RBA Rate Decision': 0, 'RBNZ Rate Decision': 0, 'BoC Rate Decision': 0, 'SNB Rate Decision': 0} macro={'US_10Y_YIELD': 0, 'DE_10Y_YIELD': 0, 'GB_10Y_YIELD': 0, 'JP_10Y_YIELD': 0, 'AU_10Y_YIELD': 0, 'NZ_10Y_YIELD': 0, 'CA_10Y_YIELD': 0, 'CH_10Y_YIELD': 0, 'US_POLICY_RATE': 0, 'DE_POLICY_RATE': 0, 'GB_POLICY_RATE': 0, 'JP_POLICY_RATE': 0, 'AU_POLICY_RATE': 0, 'NZ_POLICY_RATE': 0, 'CA_POLICY_RATE': 0, 'CH_POLICY_RATE': 0, 'US_10Y_DAILY': 0, 'US_2Y_DAILY': 0, 'VIX': 0, 'WTI': 0, 'US_CPI': 0, 'US_CORE_CPI': 0, 'US_UNEMPLOYMENT': 0, 'US_RETAIL_SALES': 0, 'EU_CPI': 0, 'UK_CPI': 0}
WARNING:     app.services.scheduler — macro series STALE (3/26) — every feature derived from these is NaN on live signals: NZ_POLICY_RATE(monthly, 590d > 75d), CH_POLICY_RATE(monthly, 865d > 75d), UK_CPI(monthly, 470d > 75d)
INFO:     apscheduler.executors.default — Job "_intraday_fundamentals (trigger: cron[hour='*/4', minute='15'], next run at: 2026-08-29 00:15:00 UTC)" executed successfully
WARNING:     app.services.price_stream — price stream disconnected (failure 1/10 before escalation): no data (price or heartbeat) from the OANDA pricing stream for 30s (STREAM_HEARTBEAT_TIMEOUT_SECONDS) — treating the connection as dead and forcing a reconnect — retrying in 5s
WARNING:     app.services.price_stream — price stream disconnected (failure 2/10 before escalation): [Errno 11001] getaddrinfo failed — retrying in 10s
WARNING:     app.services.price_stream — price stream disconnected (failure 3/10 before escalation): [Errno 11001] getaddrinfo failed — retrying in 20s
INFO:     httpx — HTTP Request: GET https://stream-fxpractice.oanda.com/v3/accounts/101-003-39159710-001/pricing/stream?instruments=EUR_USD%2CUSD_CHF%2CEUR_JPY%2CUSD_JPY%2CGBP_JPY%2CAUD_USD%2CGBP_USD%2CUSD_CAD%2CEUR_GBP%2CNZD_USD&snapshot=true "HTTP/1.1 200 OK"
WARNING:     apscheduler.executors.default — Run time of job "_shadow_resolver (trigger: cron[hour='*/1', minute='35'], next run at: 2026-08-29 03:35:00 UTC)" was missed by 0:09:30.559133
WARNING:     apscheduler.executors.default — Run time of job "_make_trailing_window_job.<locals>._job (trigger: cron[hour='*', minute='20'], next run at: 2026-08-29 03:20:00 UTC)" was missed by 0:24:30.566557
WARNING:     apscheduler.executors.default — Run time of job "_make_candle_close_job.<locals>._job (trigger: cron[hour='1,5,9,13,17,21', minute='1'], next run at: 2026-08-29 05:01:00 UTC)" was missed by 1:43:30.585503
WARNING:     apscheduler.executors.default — Run time of job "_make_candle_refresh_job.<locals>._job (trigger: cron[hour='23', minute='5'], next run at: 2026-08-29 23:05:00 UTC)" was missed by 3:39:30.590422
WARNING:     apscheduler.executors.default — Run time of job "_daily_circuit_breaker (trigger: cron[hour='0', minute='0'], next run at: 2026-08-30 00:00:00 UTC)" was missed by 2:44:30.590773
WARNING:     apscheduler.executors.default — Run time of job "_intraday_fundamentals (trigger: cron[hour='*/4', minute='15'], next run at: 2026-08-29 00:15:00 UTC)" was missed by 2:29:30.620826
WARNING:     app.services.price_stream — price stream disconnected (failure 4/10 before escalation):  — retrying in 40s
INFO:     httpx — HTTP Request: GET https://stream-fxpractice.oanda.com/v3/accounts/101-003-39159710-001/pricing/stream?instruments=EUR_USD%2CUSD_CHF%2CEUR_JPY%2CUSD_JPY%2CGBP_JPY%2CAUD_USD%2CGBP_USD%2CUSD_CAD%2CEUR_GBP%2CNZD_USD&snapshot=true "HTTP/1.1 200 OK"
INFO:     apscheduler.executors.default — Running job "_make_trailing_window_job.<locals>._job (trigger: cron[hour='*', minute='20'], next run at: 2026-08-29 04:20:00 UTC)" (scheduled at 2026-08-29 03:20:00+00:00)
ERROR:     app.services.scheduler — m1_trailing_window_refresh failed
Traceback (most recent call last):
  File "C:\Users\wongl\AppData\Roaming\Python\Python313\site-packages\sqlalchemy\engine\base.py", line 146, in __init__
    self._dbapi_connection = engine.raw_connection()
                             ~~~~~~~~~~~~~~~~~~~~~^^
  File "C:\Users\wongl\AppData\Roaming\Python\Python313\site-packages\sqlalchemy\engine\base.py", line 3302, in raw_connection
    return self.pool.connect()
           ~~~~~~~~~~~~~~~~~^^
  File "C:\Users\wongl\AppData\Roaming\Python\Python313\site-packages\sqlalchemy\pool\base.py", line 449, in connect
    return _ConnectionFairy._checkout(self)
           ~~~~~~~~~~~~~~~~~~~~~~~~~~^^^^^^
  File "C:\Users\wongl\AppData\Roaming\Python\Python313\site-packages\sqlalchemy\pool\base.py", line 1263, in _checkout
    fairy = _ConnectionRecord.checkout(pool)
  File "C:\Users\wongl\AppData\Roaming\Python\Python313\site-packages\sqlalchemy\pool\base.py", line 717, in checkout
    with util.safe_reraise():
         ~~~~~~~~~~~~~~~~~^^
  File "C:\Users\wongl\AppData\Roaming\Python\Python313\site-packages\sqlalchemy\util\langhelpers.py", line 146, in __exit__
    raise exc_value.with_traceback(exc_tb)
  File "C:\Users\wongl\AppData\Roaming\Python\Python313\site-packages\sqlalchemy\pool\base.py", line 715, in checkout
    dbapi_connection = rec.get_connection()
  File "C:\Users\wongl\AppData\Roaming\Python\Python313\site-packages\sqlalchemy\pool\base.py", line 866, in get_connection
    self.__connect()
    ~~~~~~~~~~~~~~^^
  File "C:\Users\wongl\AppData\Roaming\Python\Python313\site-packages\sqlalchemy\pool\base.py", line 900, in __connect
    with util.safe_reraise():
         ~~~~~~~~~~~~~~~~~^^
  File "C:\Users\wongl\AppData\Roaming\Python\Python313\site-packages\sqlalchemy\util\langhelpers.py", line 146, in __exit__
    raise exc_value.with_traceback(exc_tb)
  File "C:\Users\wongl\AppData\Roaming\Python\Python313\site-packages\sqlalchemy\pool\base.py", line 896, in __connect
    self.dbapi_connection = connection = pool._invoke_creator(self)
                                         ~~~~~~~~~~~~~~~~~~~~^^^^^^
  File "C:\Users\wongl\AppData\Roaming\Python\Python313\site-packages\sqlalchemy\engine\create.py", line 643, in connect
    return dialect.connect(*cargs, **cparams)
           ~~~~~~~~~~~~~~~^^^^^^^^^^^^^^^^^^^
  File "C:\Users\wongl\AppData\Roaming\Python\Python313\site-packages\sqlalchemy\engine\default.py", line 621, in connect
    return self.loaded_dbapi.connect(*cargs, **cparams)
           ~~~~~~~~~~~~~~~~~~~~~~~~~^^^^^^^^^^^^^^^^^^^
  File "C:\Users\wongl\AppData\Roaming\Python\Python313\site-packages\psycopg2\__init__.py", line 135, in connect
    conn = _connect(dsn, connection_factory=connection_factory, **kwasync)
psycopg2.OperationalError: connection to server at "localhost" (::1), port 5432 failed: Connection refused (0x0000274D/10061)
	Is the server running on that host and accepting TCP/IP connections?
connection to server at "localhost" (127.0.0.1), port 5432 failed: Connection refused (0x0000274D/10061)
	Is the server running on that host and accepting TCP/IP connections?


The above exception was the direct cause of the following exception:

Traceback (most recent call last):
  File "C:\Trade_AI\backend\app\services\scheduler.py", line 282, in _job
    run_trailing_window_refresh(code, settings)
    ~~~~~~~~~~~~~~~~~~~~~~~~~~~^^^^^^^^^^^^^^^^
  File "C:\Trade_AI\backend\app\services\pipeline.py", line 312, in run_trailing_window_refresh
    active = db.query(Instrument).filter_by(is_active=True).all()
  File "C:\Users\wongl\AppData\Roaming\Python\Python313\site-packages\sqlalchemy\orm\query.py", line 2673, in all
    return self._iter().all()  # type: ignore
           ~~~~~~~~~~^^
  File "C:\Users\wongl\AppData\Roaming\Python\Python313\site-packages\sqlalchemy\orm\query.py", line 2827, in _iter
    result: Union[ScalarResult[_T], Result[_T]] = self.session.execute(
                                                  ~~~~~~~~~~~~~~~~~~~~^
        statement,
        ^^^^^^^^^^
        params,
        ^^^^^^^
        execution_options={"_sa_orm_load_options": self.load_options},
        ^^^^^^^^^^^^^^^^^^^^^^^^^^^^^^^^^^^^^^^^^^^^^^^^^^^^^^^^^^^^^^
    )
    ^
  File "C:\Users\wongl\AppData\Roaming\Python\Python313\site-packages\sqlalchemy\orm\session.py", line 2362, in execute
    return self._execute_internal(
           ~~~~~~~~~~~~~~~~~~~~~~^
        statement,
        ^^^^^^^^^^
    ...<4 lines>...
        _add_event=_add_event,
        ^^^^^^^^^^^^^^^^^^^^^^
    )
    ^
  File "C:\Users\wongl\AppData\Roaming\Python\Python313\site-packages\sqlalchemy\orm\session.py", line 2237, in _execute_internal
    conn = self._connection_for_bind(bind)
  File "C:\Users\wongl\AppData\Roaming\Python\Python313\site-packages\sqlalchemy\orm\session.py", line 2106, in _connection_for_bind
    return trans._connection_for_bind(engine, execution_options)
           ~~~~~~~~~~~~~~~~~~~~~~~~~~^^^^^^^^^^^^^^^^^^^^^^^^^^^
  File "<string>", line 2, in _connection_for_bind
  File "C:\Users\wongl\AppData\Roaming\Python\Python313\site-packages\sqlalchemy\orm\state_changes.py", line 139, in _go
    ret_value = fn(self, *arg, **kw)
  File "C:\Users\wongl\AppData\Roaming\Python\Python313\site-packages\sqlalchemy\orm\session.py", line 1189, in _connection_for_bind
    conn = bind.connect()
  File "C:\Users\wongl\AppData\Roaming\Python\Python313\site-packages\sqlalchemy\engine\base.py", line 3278, in connect
    return self._connection_cls(self)
           ~~~~~~~~~~~~~~~~~~~~^^^^^^
  File "C:\Users\wongl\AppData\Roaming\Python\Python313\site-packages\sqlalchemy\engine\base.py", line 148, in __init__
    Connection._handle_dbapi_exception_noconnection(
    ~~~~~~~~~~~~~~~~~~~~~~~~~~~~~~~~~~~~~~~~~~~~~~~^
        err, dialect, engine
        ^^^^^^^^^^^^^^^^^^^^
    )
    ^
  File "C:\Users\wongl\AppData\Roaming\Python\Python313\site-packages\sqlalchemy\engine\base.py", line 2442, in _handle_dbapi_exception_noconnection
    raise sqlalchemy_exception.with_traceback(exc_info[2]) from e
  File "C:\Users\wongl\AppData\Roaming\Python\Python313\site-packages\sqlalchemy\engine\base.py", line 146, in __init__
    self._dbapi_connection = engine.raw_connection()
                             ~~~~~~~~~~~~~~~~~~~~~^^
  File "C:\Users\wongl\AppData\Roaming\Python\Python313\site-packages\sqlalchemy\engine\base.py", line 3302, in raw_connection
    return self.pool.connect()
           ~~~~~~~~~~~~~~~~~^^
  File "C:\Users\wongl\AppData\Roaming\Python\Python313\site-packages\sqlalchemy\pool\base.py", line 449, in connect
    return _ConnectionFairy._checkout(self)
           ~~~~~~~~~~~~~~~~~~~~~~~~~~^^^^^^
  File "C:\Users\wongl\AppData\Roaming\Python\Python313\site-packages\sqlalchemy\pool\base.py", line 1263, in _checkout
    fairy = _ConnectionRecord.checkout(pool)
  File "C:\Users\wongl\AppData\Roaming\Python\Python313\site-packages\sqlalchemy\pool\base.py", line 717, in checkout
    with util.safe_reraise():
         ~~~~~~~~~~~~~~~~~^^
  File "C:\Users\wongl\AppData\Roaming\Python\Python313\site-packages\sqlalchemy\util\langhelpers.py", line 146, in __exit__
    raise exc_value.with_traceback(exc_tb)
  File "C:\Users\wongl\AppData\Roaming\Python\Python313\site-packages\sqlalchemy\pool\base.py", line 715, in checkout
    dbapi_connection = rec.get_connection()
  File "C:\Users\wongl\AppData\Roaming\Python\Python313\site-packages\sqlalchemy\pool\base.py", line 866, in get_connection
    self.__connect()
    ~~~~~~~~~~~~~~^^
  File "C:\Users\wongl\AppData\Roaming\Python\Python313\site-packages\sqlalchemy\pool\base.py", line 900, in __connect
    with util.safe_reraise():
         ~~~~~~~~~~~~~~~~~^^
  File "C:\Users\wongl\AppData\Roaming\Python\Python313\site-packages\sqlalchemy\util\langhelpers.py", line 146, in __exit__
    raise exc_value.with_traceback(exc_tb)
  File "C:\Users\wongl\AppData\Roaming\Python\Python313\site-packages\sqlalchemy\pool\base.py", line 896, in __connect
    self.dbapi_connection = connection = pool._invoke_creator(self)
                                         ~~~~~~~~~~~~~~~~~~~~^^^^^^
  File "C:\Users\wongl\AppData\Roaming\Python\Python313\site-packages\sqlalchemy\engine\create.py", line 643, in connect
    return dialect.connect(*cargs, **cparams)
           ~~~~~~~~~~~~~~~^^^^^^^^^^^^^^^^^^^
  File "C:\Users\wongl\AppData\Roaming\Python\Python313\site-packages\sqlalchemy\engine\default.py", line 621, in connect
    return self.loaded_dbapi.connect(*cargs, **cparams)
           ~~~~~~~~~~~~~~~~~~~~~~~~~^^^^^^^^^^^^^^^^^^^
  File "C:\Users\wongl\AppData\Roaming\Python\Python313\site-packages\psycopg2\__init__.py", line 135, in connect
    conn = _connect(dsn, connection_factory=connection_factory, **kwasync)
sqlalchemy.exc.OperationalError: (psycopg2.OperationalError) connection to server at "localhost" (::1), port 5432 failed: Connection refused (0x0000274D/10061)
	Is the server running on that host and accepting TCP/IP connections?
connection to server at "localhost" (127.0.0.1), port 5432 failed: Connection refused (0x0000274D/10061)
	Is the server running on that host and accepting TCP/IP connections?

(Background on this error at: https://sqlalche.me/e/20/e3q8)
INFO:     apscheduler.executors.default — Job "_make_trailing_window_job.<locals>._job (trigger: cron[hour='*', minute='20'], next run at: 2026-08-29 04:20:00 UTC)" executed successfully
