id,strategy_id,mfe_r,mae_r,path_truncated
12243,1,0.03608247338184788,-1.0158604044430786,f
12244,1,-0.048689349538371805,-1.001174749883163,f
12245,1,1.7053863980137125,-0.47579745900698733,f
12246,1,0.9269564638677558,-0.6987825650694512,f
12247,1,0.7263749197578795,-1.1109263478649736,f
12248,1,0.0029205723994766347,-1.0134386226117127,f
12249,1,0.8279892629329838,-0.6202048851627591,f
12250,1,1.9581941080955698,-0.02131367736704802,f
12251,1,1.0054120167520562,-0.4768397036944677,f
12252,1,0.8531925128164013,-0.8113465585093146,f
12253,1,0.32652683065106763,-1.01027959568977,f
12254,1,1.4852057848124955,-0.41986830203557063,f
12255,1,1.1892789412755038,-0.20760480271647302,f
12256,1,0.13344486904299607,-1.058856026102233,f
12257,1,0.9388442094843203,-0.6651372769387084,f
12258,1,0.4395876089540548,-1.0030027133881823,f
12259,1,1.215907800304152,-0.2015847142609919,f
12260,1,1.9500300736970455,-0.3350567136936044,f
12261,1,1.088549633956532,-0.5639839329133718,f
12262,1,1.2271794198930521,-0.262019389652861,f
12263,1,1.0352939439779474,-0.4746333267520821,f
12264,1,0.5271663853705597,-1.0838016991157715,f
12265,1,0.588779106663612,-0.7009275079328595,f
12266,1,0.9456471483269895,-1.0062655552710202,f
12267,1,0.9383969055051788,-1.0408521507712525,f
12268,1,0.8326747077605363,-0.686358065821774,f
12269,1,0.8704175747213558,-0.39882009276532426,f
12270,1,0.024599462758731084,-1.0916011599206121,f
12271,1,1.4805404656556493,-0.5249188923688279,f
12272,1,0.3173278001052219,-1.0420358841293327,f
12273,1,1.9788134448802102,-0.5412897764022205,f
12274,1,0.9650234937772922,-0.2784455140148461,f
12275,1,0.7032401418894532,-1.0059391594852694,f
12276,1,0.2269322258817492,-1.0017436828209867,f
12277,1,0.4454034818979817,-1.0415589115151935,f
12278,1,0.9659507585992354,-0.571898644080333,f
12279,1,0.5010911852211147,-1.002182370442306,f
12280,1,0.41146509177716034,-1.047365688160168,f
12281,1,1.5587325014686297,-0.2543386366032374,f
12282,1,0.5151045979453701,-1.0100879225333699,f
12283,1,0.06871683333975637,-1.1277645001054186,f
12284,1,0.9015668206589227,-0.5611411746839926,f
12285,1,1.4328146564122346,-0.7602690013615143,f
12286,1,0.8696939052252491,-1.052605718625764,f
12287,1,0.1638435152588064,-1.0198422888560856,f
12288,1,0.06020953548880288,-1.041270790218079,f
12289,1,0.6489552169511636,-1.0039718944596867,f
12290,1,1.2322286703158176,-0.20831372936574363,f
12291,1,1.1576221413103267,-0.34177415600594324,f
12292,1,1.8894453129972848,-0.3384081157607311,f
12293,1,1.0822377208586555,-0.1388293286232647,f
12294,1,-0.040881885447233715,-1.0346261778571404,f
12295,1,1.1592437132250646,-0.24794934977311536,f
12296,1,1.4553536752360579,-0.5008449056921779,f
12297,1,0.48254524747894373,-0.9439571264552542,f
12298,1,0.3756830076581805,-1.051223094823314,f
12299,1,0.9818779898286059,-0.3378165431242629,f
12300,1,0.5517207810435943,-0.9561070353311162,f
12301,1,1.7009259959168748,-0.020493084288159033,f
12302,1,0.9679206377689292,-0.18684543956931537,f
12303,1,0.27867496888046916,-1.0527721046596876,f
12304,1,2.0055687438291168,-0.23061449379948457,f
12305,1,1.4011052114591582,-0.13387825743761847,f
12306,1,0.4835291242224047,-1.0954023987014228,f
12307,1,0.08173505035756265,-1.003368204389733,f
12308,1,1.310512553991176,-0.8678891086033685,f
12309,1,0.6343760487667106,-0.47390147516570263,f
12310,1,2.0370871615694006,-0.3017906906028948,f
12311,1,1.6413836191965667,-0.22539193478467345,f
12312,1,0.16010188677396642,-1.0271151813036932,f
12313,1,1.351858229645191,-0.795473602898645,f
12314,1,1.5343932804746747,-0.4948120966492118,f
12315,1,1.90974847756872,-0.22429931783522059,f
12316,1,0.03320603052913722,-1.021724016281433,f
12317,1,1.9916944640011311,-0.33409068428404753,f
12318,1,0.7396450414623533,-0.4519028308186487,f
12319,1,1.242743826998538,-0.6854909664869777,f
12320,1,0.6520416341954427,-1.010025276498921,f
12321,1,1.7468281369095515,-0.10547857675006567,f
12322,1,1.4573324870484914,-0.1255870006791733,f
12323,1,0.5045082340078612,-1.0062893964804664,f
12324,1,0.05299119772799978,-1.147259430811307,f
12325,1,1.9875954896749408,-0.4507019250963563,f
12326,1,1.1046227704459592,-0.1917113899120994,f
12327,1,0.4698191587272575,-1.0045304664499533,f
12328,1,1.248137695321682,-0.13109542532920287,f
12329,1,0.7613970912333339,-0.4350840521333336,f
12330,1,0.964116309824947,-0.5021439113671801,f
12331,1,0.8873530509432074,-1.0528514374287241,f
12332,1,0.5573295017979055,-1.0932232535266404,f
12333,1,1.9502948801654485,-0.2261939938336528,f
12334,1,1.49990223170527,-0.27643249321529917,f
12335,1,1.8254482522361117,-0.2812709171396531,f
12336,1,2.061728317063167,-0.76578480348058,f
12337,1,0.2569120195568518,-1.0276480782273496,f
12338,1,0.02749527410060199,-1.0200746691324132,f
12339,1,0.7651521220790998,-1.0229751197362267,f
12340,1,0.5046073885205995,-1.009214777041132,f
12341,1,1.9725027242354327,-0.5402803247905699,f
12342,1,0.6603569186255563,-0.6429135283222364,f
12343,1,-0.032489518098467805,-1.032166998051605,f
12344,1,0.012209682045130545,-1.0109616733346836,f
12345,1,1.1258612588290333,-0.11920883917015301,f
12346,1,0.646678373083608,-0.50396314592033,f
12347,1,0.0018114075370241622,-1.0759760769852735,f
12348,1,0.5497630519291513,-1.0160637263376846,f
12349,1,0.9586801763469056,-0.6889805522682674,f
12350,1,1.2797260118770253,-0.2569055971310094,f
12351,1,1.0642638455491356,-0.1207836912507919,f
12352,1,1.9740954422232748,-0.8102455788958481,f
12353,1,0.9253070541530469,-1.0525797716387337,f
12354,1,1.6332139450244594,-0.06371243743673284,f
12355,1,0.7423328942958118,-0.996041605004455,f
12356,1,1.8176474632414008,-0.1032917264036236,f
12357,1,0.06344843731982519,-1.006466388073276,f
12358,1,1.1509707796820685,-0.9210335368660983,f
12359,1,0.09254552555343562,-1.0021358338498418,f
12360,1,0.31313875900404586,-1.0470146171104446,f
12361,1,0.40041368657463855,-1.000316629184634,f
12362,1,1.3738959840937122,-0.08081741082902494,f
12363,1,1.3042392225843975,-0.4200625722919559,f
12364,1,1.1201284721634694,-0.3029395867954571,f
12365,1,0.690123082393654,-0.7948739073998349,f
12366,1,0.11434041625101625,-1.0649993056520792,f
12367,1,1.5036000002475893,-0.5052096000831782,f
12368,1,1.269081319027026,-0.18416266267493508,f
12369,1,1.977057423458864,-0.4380718884926396,f
12370,1,1.0105882986794903,-0.9499962807714539,f
12371,1,1.229457017243714,-0.9827762352926966,f
12372,1,2.096524202274426,-0.8045263006838079,f
12373,1,0.25818521930269706,-1.1140214092134932,f
12374,1,0.399909299462524,-1.025465745549022,f
12375,1,1.8792270318603352,-0.26225811627623896,f
12376,1,1.2384116055605037,-0.6149236049740171,f
12377,1,1.1693669593813136,0.015654176163067884,f
12378,1,0.5365514162141721,-1.0223687443622567,f
12379,1,1.9196464543614833,-0.14141341365743737,f
12380,1,1.111461994246777,-0.4004988750218844,f
12381,1,0.9932162111117303,-0.19153780743054802,f
12382,1,0.06598709500439338,-1.0162012630674488,f
12383,1,1.0570209271799236,-0.2198310420478322,f
12384,1,0.3968516915111708,-1.0607095902141916,f
12385,1,0.7703302616418746,-1.0283013260056466,f
12386,1,0.26422396405368387,-1.0227444595002517,f
12387,1,1.740348193660604,-0.119565906434679,f
12388,1,0.775315963116827,-1.0491837908845068,f
12389,1,0.24601532840471985,-1.0034325993201672,f
12390,1,1.405200739345918,-0.30962050188978263,f
12391,1,1.807350833680443,-0.5665146472822904,f
12392,1,0.8812327505497782,-0.3594772292452201,f
12393,1,0.9099707471039263,-0.7790397043551746,f
12394,1,1.9881110650940117,-0.4640148519084605,f
12395,1,1.1784420193223646,-0.08279039597630337,f
12396,1,1.0899977802592133,-0.9785757849438148,f
12397,1,1.356302581318063,-0.507871832724529,f
12398,1,0.006942921777011981,-1.0150551637969996,f
12399,1,1.0740439880341925,-0.11915175492254201,f
12400,1,1.5245116515738681,-0.1867779175769201,f
12401,1,0.029413652973700258,-1.0312080689602878,f
12402,1,1.480625468641619,-0.6113188487951807,f
12403,1,1.9866721107527918,-0.12520269094642672,f
12404,1,1.6110921115282135,-0.3004326620188672,f
12405,1,2.0510396972120493,-0.3588775716224516,f
12406,1,1.3724061535572178,-0.5590044576683967,f
12407,1,1.4450360469137575,-0.6643641337640183,f
12408,1,1.857484739990664,-0.13324399501216871,f
12409,1,0.5015534056389274,-1.1748250959203268,f
12410,1,0.9763144339652676,-1.023365731987655,f
12411,1,0.14852733366238674,-1.0197856105068024,f
12412,1,0.12345894356757507,-1.0747259318254017,f
12413,1,1.2211447242967677,-0.5074697237496497,f
12414,1,0.6113352224515156,-0.9194384321730851,f
12415,1,1.6292573769570975,-0.4286000362765985,f
12416,1,1.0385000344679707,-0.7315035603465886,f
12417,1,1.0192976470890522,-0.3666138676178512,f
12418,1,0.08332828636622396,-1.0639236562832382,f
12419,1,0.5409483128580538,-1.0053021743379704,f
12420,1,1.6793563394175348,-0.1694417831250682,f
12421,1,0.05967565112501706,-1.080335063470499,f
12422,1,0.10248033609014226,-1.0015123754263926,f
12423,1,0.11563912674711403,-1.0003702234470409,f
12424,1,1.703980307040065,-0.07375719420038196,f
12425,1,1.505427857182832,-0.46848601284723235,f
12426,1,1.8437560666984378,-0.9802247443206461,f
12427,1,2.0692680602786817,-0.13442529465068992,f
12428,1,1.2777865048562367,-0.05284789089507764,f
12429,1,0.03398856956541511,-1.0007745483146322,f
12430,1,0.40790707182176905,-0.7543918432534044,f
12431,1,0.17683496699072143,-1.0096218628186895,f
12432,1,1.8213664187618266,-0.4438761686011262,f
12433,1,0.018334808218384957,-1.01508165499918,f
12434,1,-0.034579247632057164,-1.0079850684745777,f
12435,1,1.9889712767963634,-0.3279686679823723,f
12436,1,0.9873775361827489,-0.7426721849277615,f
12437,1,1.0792502610043297,-0.014784250150742896,f
12438,1,2.008975275094295,-0.9723206389648522,f
12439,1,0.3479076235105075,-1.0794890748176487,f
12440,1,0.9566041770470817,-0.7183291439364493,f
12441,1,1.5377381660638683,-0.6628181750275318,f
12442,1,2.0007538120204087,-0.15102850150527014,f
12443,1,1.0902760450521567,-0.1521569982552699,f
12444,1,0.5370214885778178,-1.0411641105080152,f
12445,1,0.6283329926656354,-1.0036378630439502,f
12446,1,0.2022384136280102,-0.9884808024384815,f
12447,1,1.0045209175009644,-0.8821020813134876,f
12448,1,2.098861650596352,-0.09192094820130692,f
12449,1,0.24273312652665627,-1.1113082901220517,f
12450,1,1.0406357963701551,-0.7105030609699446,f
12451,1,0.7779932493515758,-0.5596788171355815,f
12452,1,1.2149755843381522,-0.47637531903905816,f
12453,1,0.1554755498312138,-1.1263339832216623,f
12454,1,1.1425046658545897,-0.5863085959656988,f
12455,1,0.5746132260762616,-1.0059349927531758,f
12456,1,0.8109613616983825,-1.003545878020085,f
12457,1,0.053098483324581044,-1.0498328703032664,f
12458,1,0.9017865439948413,-1.033149150797211,f
12459,1,2.087933175343985,-0.6001623348190059,f
12460,1,1.4488175263575707,-0.2810149273447425,f
12461,1,0.09943960962715245,-1.009237829051762,f
12462,1,1.0313364857813614,-0.18329963237655583,f
12463,1,1.9138419662240655,-0.26006499849863646,f
12464,1,0.9379249282287387,-0.35809362069602235,f
12465,1,-0.039834694216811795,-1.0494909822500205,f
12466,1,1.8385486138770226,-0.057654834581496284,f
12467,1,1.4181111291736503,-0.10434834605499825,f
12468,1,0.34232615377068043,-1.0343801078799806,f
12469,1,2.0442148701126164,-0.1172182288683364,f
12470,1,0.5600443426903947,-0.9935332105391039,f
12471,1,1.0789361871441685,-0.3012923348206344,f
12472,1,1.4146994853521782,-0.2182745905617696,f
12473,1,0.49811396305426653,-0.9053023614240696,f
12474,1,1.3769399226097094,-0.22219171896055367,f
12475,1,1.8616305635712647,-0.3690050671102634,f
12476,1,1.2070609571967648,-0.9683199933252007,f
12477,1,0.2351043974537392,-1.0071756285981377,f
12478,1,0.8267039173109658,-0.4436750753136111,t
12479,1,0.590442205613531,-0.7046062574541644,t
12480,1,0.9113300038947612,-0.898584129714379,f
12481,1,1.1393581545072713,-0.13033248261892708,f
12482,1,1.9844287857964689,-0.27882204674197475,f
12483,1,1.0904395017051631,-0.18993658505595734,f
12484,1,0.12978309109823463,-1.018157489319943,f
12485,1,1.3516583524649828,-0.18954289540313687,f
12486,1,1.1398669808715978,-0.4332264707704771,f
12487,1,1.2928804500999616,-0.23833402236691037,f
12488,1,0.7212993869262116,-1.000827333621204,f
12489,1,1.3531574027940114,-0.5849013705844126,f
12490,1,1.0061777480886203,-0.22823840292105146,f
12491,1,0.8530787012418871,-0.8627727773923837,f
12492,1,0.9731476855745458,-0.27080806634768995,f
12493,1,0.898040656141711,-1.007105025233849,f
12494,1,1.395539301291913,-0.29538915210681227,f
12495,1,0.8443349633006945,-1.0563568540851076,f
12496,1,0.2754594427386073,-1.0414144093214803,f
12497,1,-0.020216032462723337,-1.0512336880618898,f
12498,1,0.969630565928327,-0.47700967017941615,f
12499,1,1.0014916079478664,-0.12543935291469516,f
12500,1,1.7580101323278226,-0.31511502371909883,f
12501,1,1.5005852254219754,-0.21611689387871985,f
12502,1,0.4847188371591695,-1.0943215668614497,f
12503,1,0.6914480497399657,-0.6610069406319101,f
12504,1,1.2654763331859127,-0.7597606503179573,f
12505,1,1.0598292350153216,-0.9214832276472747,f
12506,1,1.9244840307010882,-0.2019265899450802,f
12507,1,0.3121128771807459,-1.0563820458424507,f
12508,1,2.0242536167948586,-0.265515817365405,f
12509,1,0.520065909085488,-1.015753728682496,f
12510,1,-0.04627170890101059,-1.0042674598507992,f
12511,1,0.3894326943143627,-1.021406803508675,f
12512,1,1.3883755660162804,-0.3988206269550147,f
12513,1,0.8296027403652996,-1.0024366446080926,f
12514,1,1.987790543367077,-0.1335409946535153,f
12515,1,1.6099276649572134,-0.3376270103050173,f
12516,1,1.9950646416213385,-0.26327124205415114,f
12517,1,2.179685239969687,-0.5852659282051023,f
12518,1,0.9052158683859531,-0.4077741293908567,f
12519,1,0.3317539814206204,-1.0033535047842481,f
12520,1,1.2571222257698962,-0.30661517701701185,f
12521,1,1.5647073166570058,-0.13543061782500163,f
12522,1,0.5955103669296544,-1.045039593327934,f
12523,1,0.579751016652461,-1.002628228798947,f
12524,1,1.346105697800982,-0.07904179364315791,f
12525,1,-0.007646189932826171,-1.073015320574197,f
12526,1,0.9544124305025165,-0.6558253014067069,f
12527,1,1.83993241298594,-0.7874287021677373,f
12528,1,1.9939597832878666,-0.13802441021520057,f
12529,1,0.01197123004731617,-1.0103718159913262,f
12530,1,0.642035174846622,-1.0558906011415221,f
12531,1,1.6383878426543306,-0.13709418162128095,f
12532,1,-0.027390066274438227,-1.0429294466039045,f
12533,1,0.882015831249238,-1.0083652065245745,f
12534,1,1.5390888350378975,-0.11821314847429915,f
12535,1,1.2615874444327442,-0.7411485634679816,f
12536,1,2.009453371839494,-0.2386919751079631,f
12537,1,1.6240463718756328,-0.25195997674968573,f
12538,1,1.9944657767679894,-0.14773820568652402,f
12539,1,1.4628309516910862,-0.11095324583686347,f
12540,1,0.08260982308422801,-1.0152312468507714,f
12541,1,1.4663290996113043,-0.29007236271804016,f
12542,1,0.8767496244024964,-1.0423896185893629,f
12543,1,0.25944320347911326,-1.1364740326312877,f
12544,1,1.3527565718911505,-0.1606398429121281,f
12545,1,-0.023823259904979098,-1.0452455283299495,f
12546,1,0.7265703026929594,-1.032212422645018,f
12547,1,1.9812520235539381,-0.42985313726886804,f
12548,1,0.3133616715660402,-0.9549061748396652,f
12549,1,1.98458359226454,-0.43531056996534545,f
12550,1,-0.01765821689633371,-1.0359487245857824,f
12551,1,1.8567767651268865,-0.5126722684828099,f
12552,1,0.7763069223440755,-1.0404113392239545,f
12553,1,1.6251291451011585,-0.7510066503876375,f
12554,1,0.007632951406462648,-1.007549585653917,f
12555,1,1.5633900167810169,-0.08375303661325881,f
12556,1,1.2100529257838057,-0.5309140899318652,f
12557,1,1.1038135303469008,-0.3359432483664689,f
12558,1,1.9812722569319998,-0.20806826502200282,f
12559,1,0.39005620856908224,-0.6992471056054996,f
12560,1,0.012795299869122461,-1.010828689663061,f
12561,1,0.37915139013661453,-1.0937059330864256,f
12562,1,0.09892259429841074,-1.024555440947579,f
12563,1,1.3000327025531382,-0.47882392608892893,f
12564,1,0.07889951585418423,-1.0023824855111194,f
12565,1,1.4759501042973937,-0.0804752377053046,f
12566,1,0.05597074175832814,-1.0074733516496845,f
12567,1,0.03769803158226348,-1.0888078533465222,f
12568,1,2.0428720186355376,-0.2892360606094594,f
12569,1,0.4397881681133104,-1.033626429012031,f
12570,1,2.398595984949321,-0.10120658164342085,f
12571,1,1.4850341126648159,-0.4645364611996082,f
12572,1,0.6622046347963074,-0.571095943431667,f
12573,1,0.683647638442452,-0.7932218243949338,f
12574,1,0.22610594960899774,-1.0055064582611413,f
12575,1,1.185991843470694,-0.7652471180489484,f
12576,1,1.4344390104322817,-0.2227225080892823,f
12577,1,1.3221231361709065,-0.5413221142435527,f
12578,1,0.10001482609629025,-1.0770827425751182,f
12579,1,1.6001798415859863,-0.44934847345628726,f
12580,1,0.1960616204612267,-1.0809186707005551,f
12581,1,0.6226093713407287,-0.5143294806728281,f
12582,1,0.5261679657354532,-1.0320987020194121,f
12583,1,-0.05644269207207327,-1.024031699021713,f
12584,1,1.9851595019010413,-0.379312206081468,f
12585,1,1.2785370924142947,-0.418137917015983,f
12586,1,0.31678419426992427,-1.049735859443503,f
12587,1,1.0541114686626674,-0.3052050237733776,f
12588,1,1.419261475939683,-0.5035247515741754,f
12589,1,2.03220395552429,-0.230262898781431,f
12590,1,-0.002526380078855464,-1.020657551873539,f
12591,1,2.0309547272753137,-0.9366171143706645,f
12592,1,1.5454199740577423,-0.5125897933756088,f
12593,1,0.4866873877010303,-1.0268849070340633,f
12594,1,1.0534177888989298,-0.010013477080764888,f
12595,1,0.360719285438167,-1.0352003161983132,f
12596,1,1.4386406840426014,-0.6848552251701756,f
12597,1,0.6062490893017943,-1.0445700271068823,f
12598,1,1.357982437203122,-0.5405302642200488,f
12599,1,0.7124837003462839,-0.2787979697007635,f
12600,1,0.3968247118609687,-1.0046775941913095,f
12601,1,1.9955570365544477,-0.41287386963198197,f
12602,1,1.7564675058444486,-0.39653969741206385,f
12603,1,0.3840562327252714,-1.025978793137482,f
12604,1,0.617998645228837,-1.3112319081375963,f
12605,1,1.2054396804881398,-0.13844653756102004,f
12606,1,0.210644933318102,-1.0173702098555752,f
12607,1,2.1269379306857172,-0.08987061678954922,f
12608,1,-0.012663708106758207,-1.000432940436204,f
12609,1,-0.04847062742109663,-1.0255364328035634,f
12610,1,0.615814529346289,-1.0149535761447357,f
12611,1,0.8773012446031084,-0.4158635769871964,f
12612,1,1.969071863982315,0.004459958921797004,f
12613,1,0.9591974071952295,-0.5379746794531202,f
12614,1,1.9968583625984575,-0.0703296027078279,f
12615,1,0.6827656076332672,-1.0241484114498425,f
12616,1,0.3019121774637683,-1.0199735725128205,f
12617,1,0.5973888769005427,-1.0190751429479774,f
12618,1,1.6881932886570754,-0.8068332607976562,f
12619,1,1.1444562754363303,-0.12484977550217394,f
12620,1,0.5890417785068032,-1.0276356568755831,f
12621,1,0.11183697966734818,-1.0090745665440446,f
12622,1,0.06319748408156936,-1.0014370554467182,f
12623,1,0.1485807132409052,-1.006514509051544,f
12624,1,0.6209960930122731,-0.930257095508417,f
12625,1,0.831863075432332,-0.40036190796208204,f
12626,1,1.9830624209707874,-0.6255114247966203,f
12627,1,1.9812030630844168,-0.15832508279507426,f
12628,1,1.2670818647506157,-0.9794787005887863,t
12629,1,1.0384926964038348,-0.15326355315884269,t
12630,1,1.958006461934883,-0.24040143959131285,f
12631,1,0.010349798463076298,-1.0272174974593027,f
12632,1,0.10455703501885158,-1.022618805916049,f
12633,1,0.024835896627030143,-1.0679435549624616,f
12634,1,1.0687506969679517,-0.17090382766829582,f
12635,1,0.2443429126036911,-1.0231859465281508,f
12636,1,0.35176146748936055,-1.040421241869952,f
12637,1,1.5231377346503339,-0.29408488137148414,f
12638,1,0.9083070740131528,-0.382045593805008,f
12639,1,0.7513948829282627,-0.8128969551964,f
12640,1,0.5938853667303666,-0.5998242203976433,f
12641,1,0.005523153297562252,-1.05216070317868,f
12642,1,1.4999292438022527,-0.5111060265695809,f
12643,1,0.6304549503550453,-1.0196923544871912,f
12644,1,1.967676825949246,-0.5957186720763676,f
12645,1,0.6907925653539364,-0.24353365015865877,f
12646,1,0.9767985097484654,-0.5581705769991128,f
12647,1,0.9409316278647103,-0.7266269154684271,f
12648,1,0.5271374523085953,-0.7589675360463841,f
12649,1,0.9233531580636674,-0.8852767391744759,f
12650,1,0.24355036546531994,-1.0359466249370193,f
12651,1,0.6934852390400834,-1.0043579324028715,f
12652,1,0.20661050151160276,-0.6475851539916377,f
12653,1,0.9540426979648305,-0.7786672020154997,f
12654,1,0.05252247831044529,-1.0091819046806925,f
12655,1,0.2625329080536062,-0.9683031933406364,f
12656,1,1.411645347038131,-0.4000919967541612,f
12657,1,1.9649945695627706,-0.13276990334878627,f
12658,1,0.04017935477524587,-1.314960701734604,f
12659,1,1.494308187766891,-0.19207046115253804,f
12660,1,-0.006871626129371245,-1.0273081063342877,f
12661,1,0.46949681181406006,-1.0085487068598076,f
12662,1,1.69587270877608,-0.6958494898418044,f
12663,1,0.16558324804652716,-1.010628789801202,f
12664,1,0.322992223942269,-1.0078913976031578,f
12665,1,0.6293909658316682,-0.7248603819972276,f
12666,1,0.3856156224244234,-1.029520954208583,f
12667,1,1.843903139650762,-0.24353437693496255,f
12668,1,0.1983186316022969,-1.002410537916974,f
12669,1,1.7603308306354826,-0.23947963596989447,f
12670,1,1.9344419502067856,-0.4058535072002026,f
12671,1,1.2011107890628887,-0.44040728932308887,f
12672,1,1.1991882860087324,-0.1329590423719874,f
12673,1,1.4449530412343408,-0.28294707841664385,f
12674,1,1.9418378966539733,-0.38252746535587023,f
12675,1,1.1931180408371875,-0.16787590524346352,f
12676,1,0.43792059156979785,-1.212257001829078,f
12677,1,0.5765621152458998,-0.8105293504182827,f
12678,1,1.5555486056158052,-0.7021375357458003,f
12679,1,0.9821833892417274,-0.1747280422910146,f
12680,1,1.7771255378751931,-0.6071614552178634,f
12681,1,0.9836324260132646,-0.4904538412254416,f
12682,1,0.9751001579572336,-0.17729093781039643,f
12683,1,0.5383755417867342,-0.6598551512155412,f
12684,1,0.5055519312156367,-0.5553950793635815,f
12685,1,0.2904629085876295,-1.3011146727146752,f
12686,1,1.9965243324162738,-0.34308803227851803,f
12687,1,1.028142970720751,-0.8301302504338417,f
12688,1,0.5273657455972506,-1.0283632039145654,f
12689,1,1.590997844842828,-0.48199130420174535,f
12690,1,2.0122187041147925,-0.23834046786602428,f
12691,1,1.5652994651137226,-0.5193283272106386,f
12692,1,1.9914869131766417,-0.18848001142561613,f
12693,1,0.026700152716132262,-1.0012557268539963,f
12694,1,0.7036121178167567,-0.9709847225871571,f
12695,1,0.037121119554686444,-1.0079811694467784,f
12696,1,0.5681671575487404,-0.9284682818480452,f
12697,1,0.6379819914987083,-1.039674356516433,f
12698,1,1.7090884547914154,-0.2182374488426263,f
12699,1,1.0616593676042392,-0.6151999646714206,f
12700,1,0.449866136326559,-1.0139290611053904,f
12701,1,1.5952941362947417,-0.4678506842018044,f
12702,1,1.7114361808583085,-0.3118790306803893,f
12703,1,1.1487884673761215,-0.5781484443657016,f
12704,1,1.4642651810920466,-0.12719252632360978,f
12705,1,0.5651482028463747,-1.0116465067525484,f
12706,1,1.0058706484885727,-0.5821857389736986,f
12707,1,0.16362558373639643,-1.001388572466877,f
12708,1,2.787408345799741,-0.48552058278316773,f
12709,1,1.204855263142129,-0.5647759045978782,f
12710,1,1.8860209271386412,-0.9546048545148352,f
12711,1,0.3841405693533244,-0.7434978761676566,f
12712,1,0.26091364382340543,-1.029159372859,f
12713,1,0.06892798471889039,-1.0339197707826415,f
12714,1,0.09921463783997816,-1.0004142648864083,f
12715,1,0.23972795685013532,-0.7736674971073795,f
12716,1,0.6597022226765501,-0.7143736775946156,f
12717,1,2.509893077281038,-0.3492025150999687,f
12718,1,0.3397074124569025,-1.0044586080560336,f
12719,1,0.5027835422504063,-0.16065272947645964,f
12720,1,0.01546573152507811,-1.020738280659791,f
12721,1,1.383685756975009,-0.3934335405374705,f
12722,1,0.053945513901757156,-1.142970575792338,f
12723,1,1.9666994936257525,-0.10386317598365294,f
12724,1,2.1280897298089774,-0.3436666644411781,f
12725,1,1.966351682960484,-0.7661110453092752,f
12726,1,0.06370972857300378,-1.0034282250249156,f
12727,1,1.9782499429958254,-0.26747422254701075,f
12728,1,-0.012558151630451101,-1.042326585332182,f
12729,1,0.2233660469849751,-1.005147211432565,f
12730,1,0.44999246380848346,-1.0015961291221334,f
12731,1,0.12050072307054174,-1.0165317407742815,f
12732,1,1.71784631109531,-0.2385897654299567,f
12733,1,1.9213215268103865,-0.5529657077161864,f
12734,1,0.17227733956701063,-1.0251913813577291,f
12735,1,0.10280646870869385,-0.999507334668107,f
12736,1,1.9903081539184264,-0.37202021568564086,f
12737,1,1.4254281863999416,-0.7094296964571651,f
12738,1,0.11967137682952542,-1.0235722018185363,f
12739,1,1.9569633919276768,-0.2637416970253235,f
12740,1,1.9677988361186922,-0.209545286098354,f
12741,1,1.1560318806743968,-0.44134839696028594,f
12742,1,0.08863960629959478,-1.0571894507439052,f
12743,1,0.2737196655375758,-1.0369380030218018,f
12744,1,0.5433357920191483,-0.6281688896577958,f
12745,1,1.831304387971747,-0.3224304837144682,f
12746,1,0.3952972720432574,-0.7878494241416912,f
12747,1,1.5606801214614003,-0.15145840841190875,f
12748,1,0.6212194597631477,-0.5686785104299469,f
12749,1,0.7947424726996306,-0.5405535846702407,f
12750,1,1.3285160685035118,-0.8320345480575658,f
12751,1,1.6111129437628486,-0.07911715348831283,f
12752,1,1.7781243906556494,-0.11088526266897504,f
12753,1,1.6272406612190369,-0.8809669798993818,f
12754,1,1.7747866508518746,-0.4691066037494305,f
12755,1,0.03526805908598729,-1.0933098316650365,f
12756,1,0.41690555543141944,-0.7800168456459451,f
12757,1,0.5601721084682277,-1.0164208845961928,f
12758,1,1.135420524500128,-0.1307647233272685,f
12759,1,1.9575639685660395,-0.08859297333807566,f
12760,1,1.4556377823234914,-0.14898880830838876,f
12761,1,1.4946461128337465,-0.6387192741174239,f
12762,1,0.8543849622933355,-0.9007769059472318,f
12763,1,0.22849744741313177,-1.1930397696791073,f
12764,1,1.7872275638250223,-0.3090541407296871,f
12765,1,1.4001859051996968,-0.2684190433429807,f
12766,1,0.8617362222192886,-1.0091815834354994,f
12767,1,0.21328448576115067,-1.0006730760522795,f
12768,1,0.6179048062735469,-0.5244815331764934,f
12769,1,1.4584735464234102,-0.1998491448451752,f
12770,1,1.1506060605792923,-0.3645693195608386,f
12771,1,0.07779584274629094,-1.0302692688022628,f
12772,1,-0.008656094101233452,-1.1837208683425093,f
12773,1,1.0673050425457467,-0.9069008164984094,f
12774,1,1.1385431080470823,-0.1807894538297715,f
12775,1,1.284707312816621,-0.3038612079009851,f
12776,1,0.9950174193981415,-0.1743605291001457,f
12777,1,0.9659465976452302,-0.17130087445926748,f
12778,1,2.0126934771132086,-0.3291536249434457,f
12779,1,1.3502150210314674,-0.09957337913214725,f
12780,1,0.4954972665979648,-0.7091804628183556,t
12781,1,1.9779214836544934,-0.4181213331263249,f
12782,1,2.0121704331411503,-0.17609728372407202,f
12783,1,0.38220019775008274,-1.0360269511336955,f
12784,1,1.099004695177043,-0.9272852115556485,f
12785,1,2.1408203282245473,-0.19253630360904628,f
12786,1,0.07955711253319994,-1.0028383395630756,f
12787,1,0.26264587484507657,-1.154317584403094,f
12788,1,0.5583258129093407,-0.5264214807430623,f
12789,1,0.053647393429328005,-1.3523613760308508,f
12790,1,0.5854509422298594,-1.0233092099479724,f
12791,1,0.7090712240049188,-1.003218902094845,f
12792,1,1.027554001062628,-0.1478767750606745,f
12793,1,0.6639112521577191,-1.1606675436657528,f
12794,1,1.5696927048314469,-0.6804190971570919,f
12795,1,1.2315856183760467,-0.6782042425516914,f
12796,1,0.7424876921077967,-0.24174017882579926,f
12797,1,1.06457428665784,-0.678380273359588,f
12798,1,1.393330997234505,-0.862462322086794,f
12799,1,1.44018489264223,-0.10795644330810299,f
12800,1,1.965269004691626,-0.14577544815019988,f
12801,1,0.1377051763000994,-1.0063070575775093,f
12802,1,-0.05121303324083893,-1.122031001004422,f
12803,1,1.2373503857815196,-0.3361012114295689,f
12804,1,0.0025794760141410757,-1.0472672617344037,f
12805,1,0.24394451318779523,-1.0164354716157382,f
12806,1,0.8364563815483207,-1.0881335228991478,f
12807,1,1.9756899367341136,-0.3505583169794855,f
12808,1,1.0326464080211104,-0.34934535710997267,f
12809,1,0.6144098072505753,-0.6129185213106699,f
12810,1,1.2508466657164503,-0.13382014848676002,f
12811,1,1.1987904015091964,-0.3892679655950744,f
12812,1,1.0983477861686197,-0.13462239402458837,f
12813,1,1.5432400582641,-0.11664023696178878,f
12814,1,-0.07154385254720229,-1.0319658731046095,f
12815,1,0.5389056598466728,-1.0212035823144758,f
12816,1,0.02256651142796151,-1.0290329211151852,f
12817,1,0.23978216883778578,-1.0215719484858885,f
12818,1,1.4889248845352585,-0.6638518593469561,f
12819,1,0.310237382296203,-0.9452545241837855,f
12820,1,2.034327291698257,-0.8787626907582002,f
12821,1,0.9219360959302129,-0.6475849759004786,f
12822,1,0.658705185354439,-1.05770938373377,f
12823,1,1.893717123684507,-0.054293422231173026,f
12824,1,0.6442202845576893,-0.19423727172593805,f
12825,1,0.5131405853367671,-1.0100108594311257,f
12826,1,0.7494049178639143,-0.33277770828222897,f
12827,1,0.9151035762311195,-0.5552141025536427,f
12828,1,0.4217828052140632,-1.0391503789750576,f
12829,1,1.0936551646791701,-0.8643951534498474,f
12830,1,0.8124038141643146,-0.7910715477092521,f
12831,1,0.008652221907869087,-1.0209621851264006,f
12832,1,1.0714475549878608,-0.18758782114144215,f
12833,1,0.038321707903306246,-1.0062996630905572,f
12834,1,2.038137570074426,-0.34999966259267257,f
12835,1,0.6068781805951121,-0.4158239385559365,f
12836,1,1.707468173608102,-0.5130061328777714,f
12837,1,0.6854707374947752,-1.03977898882328,f
12838,1,1.313296782219334,-0.805767746859679,f
12839,1,1.3198050736534566,-0.1934567697537416,f
12840,1,0.32008741888465775,-1.0733598113264835,f
12841,1,0.5877164517747707,-1.0245087391965364,f
12842,1,1.9778788570042152,-0.5642224952582893,f
12843,1,1.325853510367971,-0.07937957909969559,f
12844,1,1.126636767749486,-0.48376578767871803,f
12845,1,1.6183848680744517,-0.2716013440180215,f
12846,1,2.0185945391037627,-0.10205230228026035,f
12847,1,0.31596258990219955,-1.0014407510460728,f
12848,1,0.44755987692097166,-1.0475637293870266,f
12849,1,1.1063240968237495,-0.4868617671174112,f
12850,1,1.9800144777472037,-0.7125771872890391,f
12851,1,1.96074339691656,-0.3404068397424594,f
12852,1,0.7563883463385189,-0.45283775997895315,f
12853,1,2.0123974356412906,-0.0716840094364013,f
12854,1,1.4938611183977986,-0.3014954080099556,f
12855,1,-0.01698301664783784,-1.0941915011676149,f
12856,1,1.4933251738246989,-0.20255781578572984,f
12857,1,0.8134705965953485,-1.0099831564470523,f
12858,1,0.8491847901213156,-0.5637643467749517,f
12859,1,0.4019748363646373,-1.0287382325384564,f
12860,1,-0.01775058794888204,-1.0269983027597631,f
12861,1,0.0709526527788148,-1.0327552793356687,f
12862,1,1.6362517410823183,-0.15157676461332928,f
12863,1,2.001996935215566,-0.13614471911722123,f
12864,1,1.440482971944932,-0.2809675665802619,f
12865,1,0.8074906893759776,-0.500195621474547,f
12866,1,-0.025284726920708468,-1.0556373489385142,f
12867,1,1.5749015129649948,-0.6295755436914,f
12868,1,0.9882393599360244,-0.10420801686494766,f
12869,1,0.41254993996185696,-0.4614234520130539,f
12870,1,1.4335856375980756,-0.1560365319834475,f
12871,1,1.335121334928124,-0.37688109754730537,f
12872,1,1.8950346795482043,-0.42268431514086785,f
12873,1,1.1008762324621681,-0.7505974312241859,f
12874,1,0.8079188255408885,-1.0019256487792294,f
12875,1,1.6949716533863124,-0.5187556451444252,f
12876,1,2.0525707981109336,-0.5284931221631328,f
12877,1,1.3529110871779029,-0.21504605243724506,f
12878,1,0.8228698218275585,-0.44291673787025637,f
12879,1,1.9606221045288983,-0.10819045260523354,f
12880,1,2.371468307052554,-0.048178814364457395,f
12881,1,1.1691819535902543,-0.3188678055246248,f
12882,1,1.1588576226544716,-0.9539228009640097,f
12883,1,0.7957711048172604,-0.8915830104140888,f
12884,1,1.735109042878801,0.009666345642788551,f
12885,1,0.011344358888201227,-1.0028413257148927,f
12886,1,0.06371769311582805,-1.023877413516781,f
12887,1,1.9687273746904839,-0.23023303427173178,f
12888,1,-0.008322560345812616,-1.0236749225358142,f
12889,1,0.5443233921794396,-1.002991834320421,f
12890,1,1.5981894340745681,-0.3016450256365669,f
12891,1,1.0972520731643507,-0.28757497082935857,f
12892,1,1.2194350625889057,-0.6306573252985325,f
12893,1,0.8583507711876086,-1.196566597446607,f
12894,1,1.4342187019760695,-0.4255099115810406,f
12895,1,0.09731866178090634,-1.0125775047201695,f
12896,1,1.3137524177444504,-0.34677728793254176,f
12897,1,0.04197211445203907,-1.0026671785773864,f
12898,1,0.2783580528007799,-1.0005843519593947,f
12899,1,1.2129318189701976,-0.21923884990774448,f
12900,1,1.5293824534609195,-0.47398216532874954,f
12901,1,0.49042914059485326,-1.0060084935279292,f
12902,1,1.8779167248528688,-0.9251275518505727,f
12903,1,1.967314678115579,-0.08366157780650305,f
12904,1,1.6368339161624001,-0.19948913353229447,f
12905,1,0.8339647363830435,-0.2833860754699616,f
12906,1,0.06002924282400432,-1.0110188265100413,f
12907,1,0.23089974263822197,-1.0322576729708304,f
12908,1,0.7795525371786692,-1.042460451678162,f
12909,1,0.5945430083285288,-1.0074200974455485,f
12910,1,1.1368249033644435,-0.6396534789596523,f
12911,1,1.0184041257940037,-0.382733576687276,f
12912,1,1.0103809309911216,-0.7642996154202125,f
12913,1,1.1609305093003273,-0.07880990402565484,f
12914,1,0.2341144206805406,-1.0174972898808086,f
12915,1,1.2122199204230726,-0.18914069680363202,f
12916,1,1.253650795217984,-0.13225327070432313,f
12917,1,0.8557699938262409,-0.9256287688324711,f
12918,1,0.9998094144567302,-0.07514907363561951,f
12919,1,0.5085916396826174,-0.9767654007148487,f
12920,1,0.6966191790735665,-0.8607441165517477,f
12921,1,1.7735620167236503,-0.14704659698720182,f
12922,1,1.2842527147729896,-0.1820955341842209,f
12923,1,-0.028105158865092142,-1.0117857191441493,f
12924,1,0.06844595267452662,-1.0204669307844292,f
12925,1,0.36943580928006375,-0.6685028929829043,t
12926,1,1.356295370399752,-0.3559072957786442,f
12927,1,1.1445566495727284,-0.4018506105083216,f
12928,1,0.0546501983083692,-1.0094213099310085,f
12929,1,0.5554584696805805,-1.0017516909846291,f
12930,1,1.8152312655822096,-0.08164458465886157,f
12931,1,0.011283518909590094,-0.8349803993088527,f
12932,1,0.3401367053064863,-1.0237124140291054,f
12933,1,0.7242081001509919,-0.6859239715086811,f
12934,1,1.4289010312589034,-0.23583803428544786,f
12935,1,1.0999613370636978,-0.8161003468536973,f
12936,1,0.382906426063409,-1.0034789096836165,f
12937,1,0.24930999773969187,-1.0048719296651347,f
12938,1,1.8205735615384822,-0.15215168093543735,f
12939,1,2.0008360319861267,-0.6540367244341541,f
12940,1,0.10026526168212624,-1.0277189322414635,f
12941,1,0.2699269165559317,-1.0378224550339472,f
12942,1,0.03993779658378537,-1.0260941583837,f
12943,1,0.7928949107806067,-0.24576154474422693,f
12944,1,0.18662160332797867,-1.013398706443683,f
12945,1,1.9696379007477987,-0.2910282914033658,f
12946,1,0.32481396173260285,-1.9949203948929948,f
12947,1,0.3925469828302986,-0.6039184351235839,f
12948,1,0.09648174814865196,-1.001707561660993,f
12949,1,0.026569495440284148,-1.002998452869731,f
12950,1,0.048908160564452074,-1.002617291571641,f
12951,1,1.1881540551394703,-0.40111594700359443,f
12952,1,0.15784135251276446,-1.0338608589583356,f
12953,1,0.556090887969511,-0.5560908879695701,f
12954,1,0.026593782912529937,-1.0312478040534903,f
12955,1,0.46332335692452564,-1.2107080576778797,f
12956,1,1.2662080298279481,-0.33779710862859463,f
12957,1,1.3987978350131864,-0.2204627022575282,f
12958,1,1.2548890777188524,-0.3203972113324771,f
12959,1,0.6840384539100071,-0.4875107021185172,f
12960,1,0.5693157968909546,-1.033805193084522,f
12961,1,0.5559164947412282,-1.0010253097873583,f
12962,1,1.6627400594132027,-0.20832925802954785,f
12963,1,1.564473271730087,-0.21228314633509765,f
12964,1,0.7946954336846814,-0.3279453325186013,f
12965,1,1.041935568454812,-0.29742524408621407,f
12966,1,1.1583504869095866,-0.1402690042742221,f
12967,1,0.010653977091974087,-1.0078662328986006,f
12968,1,1.987398718654498,-0.12270376704243208,f
12969,1,0.7150865025516978,-0.7402173381046971,f
12970,1,0.6389890721120313,-1.0943605947665755,f
12971,1,1.326251161462715,-0.1784969001679391,f
12972,1,1.1919564020331073,-0.5124726181486019,f
12973,1,1.9302904703569552,-0.03650667556229175,f
12974,1,0.9568295453692764,-0.15713329777329016,f
12975,1,1.5787114247431724,-0.13817399806882907,f
12976,1,0.7880697971958144,-1.0221499349767167,f
12977,1,0.05853034527770267,-1.028461781307983,f
12978,1,0.5904166565236814,-0.9966934647255297,f
12979,1,-0.062227498768688015,-1.0087405063560295,f
12980,1,0.08368527910585044,-1.101856174893633,f
12981,1,1.1085258133360456,-0.1170110580743805,f
12982,1,1.0821049845591546,-0.38492789251733095,f
12983,1,0.26236983476929737,-1.0134677931284555,f
12984,1,1.9663344203144064,-0.4407301286911461,f
12985,1,1.740807852395019,-0.11722611800638456,f
12986,1,0.015565409411846781,-1.0491085943562888,f
12987,1,0.06301877981991735,-1.0348347002000193,f
12988,1,0.21697162246862386,-1.0228662202094234,f
12989,1,0.7699415923221864,-0.8737163286786672,f
12990,1,1.2425944023439806,-0.15572154914281028,f
12991,1,1.2740363540269666,-0.31433648036032236,f
12992,1,1.0779833555714449,-0.8534034898273882,f
12993,1,0.7408592185884358,-0.8768623601649932,f
12994,1,2.018882450064016,-0.1473887017873334,f
12995,1,0.7379051527163105,-1.012551465162333,t
12996,1,1.267336707340154,-0.5982858567646242,t
12997,1,1.309078942421854,-0.5523237181725534,f
12998,1,0.15096428707524998,-1.0668142953316075,f
12999,1,-0.07468813844217408,-1.0120242758915665,f
13000,1,1.9537671086304216,-0.272542302548444,f
13001,1,1.3088740716402003,-0.7459174816873794,f
13002,1,1.4453602673490722,-0.18327334802120773,f
13003,1,0.05464815377331389,-1.0007443159741947,f
13004,1,1.066898926590694,-0.1552576796158096,f
13005,1,2.041482896252087,-0.4484182084253233,f
13006,1,1.962341547987205,-0.4809911486591786,f
13007,1,0.874469840679053,-0.25469995359584097,f
13008,1,0.07554199361858759,-1.0160398141701037,f
13009,1,1.5740132342089923,-0.5561513427538297,f
13010,1,0.9816541441837249,-0.31780170135444696,f
13011,1,0.5474368790304329,-1.059325908773179,f
13012,1,0.8783433197329115,-0.9618360307341289,f
13013,1,1.03382255160674,-0.5671665387287083,f
13014,1,0.3645873901653663,-0.834563322800367,f
13015,1,1.444471151681599,-0.3202673594226485,f
13016,1,0.2643174805755148,-1.0031326070034585,f
13017,1,1.5242714536063913,-0.9412701925048396,f
13018,1,1.700285287090038,-0.5120937970960285,f
13019,1,0.45337126204874545,-1.0093301819333504,f
13020,1,1.0993692712296215,-0.1011689513401777,f
13021,1,-0.06969277993884387,-1.2471339568009234,f
13022,1,1.0150355373730395,-0.2704535477868841,f
13023,1,1.0809362616059806,-0.19545696785203626,f
13024,1,1.0464718880955208,-0.4766109589346138,f
13025,1,0.06749594221220057,-1.0084687836410884,f
13026,1,0.36816826112687795,-0.8533245678454748,f
13027,1,1.9511005446938008,-0.25522141376372315,f
13028,1,0.011173636879229404,-1.0540464122748696,f
13029,1,1.0120989793615063,-0.6784399751763912,f
13030,1,1.9279589765109324,-0.6182638843080491,f
13031,1,0.5814594737714017,-0.6724960580487528,f
13032,1,1.244094620166954,-0.600483003333922,f
13033,1,2.0025066105186102,-0.7785636906770115,f
13034,1,2.0202465116059956,-0.19541074889043764,f
13035,1,1.5485068504857131,-0.1470481311507707,f
13036,1,0.68454588489887,-0.7740856419953567,f
13037,1,0.8320080204801182,-0.8921958347276577,f
13038,1,1.6949796998975573,-0.8552294832816089,f
13039,1,1.311238895335956,-0.27664866866914845,f
13040,1,0.026567142142944308,-1.1347965001055051,f
13041,1,0.6716683335665353,-0.652367519383549,f
13042,1,0.05238801712641991,-1.1525363767813932,f
13043,1,0.08516229532071351,-1.06452869150884,f
13044,1,2.0042884891312136,-0.5469388277767513,f
13045,1,1.5054309173208968,-0.1026430170900784,f
13046,1,0.012971246434483018,-1.0312140915403558,f
13047,1,1.1060900207741526,-0.29472618108403575,f
13048,1,0.012154850078291866,-1.0027751314580668,f
13049,1,1.276246095237713,-0.7912119497792122,f
13050,1,1.1461954503195402,-0.3831662024123153,f
13051,1,1.9780698214283614,-0.40062173598547507,f
13052,1,0.24768004816261954,-1.0051201954506614,f
13053,1,1.4355230818989455,-0.6005176239019437,f
13054,1,1.0547062868282948,-0.8096735131207248,f
13055,1,0.023356861932026,-1.0677422597495325,f
13056,1,1.121525196100572,-0.8411438970754082,f
13057,1,1.8808862748220685,-0.3304259671984472,f
13058,1,0.8834195541525226,-1.027014252000641,f
13059,1,1.667248180059753,-0.39100567074575104,f
13060,1,1.4027976520299807,-0.025977734296877532,f
13061,1,1.7522203159401206,-0.06384608438646651,f
13062,1,1.1845210618669073,-0.7872731447774335,f
13063,1,1.885619448103988,-0.11195865473118881,f
13064,1,1.9644494936009786,-0.33046813911047074,f
13065,1,1.6699225718228705,-0.1182246068547377,f
13066,1,1.780376033662366,-0.09686848963641703,f
13067,1,0.958535725648681,-0.8160506853495522,f
13068,1,0.020114860825299414,-1.0201107989971314,f
13069,1,1.2362821006297515,-0.36323752441180884,f
13070,1,1.5935019073043812,-0.12161756239700926,f
13071,1,0.2006144193570474,-1.0030720967854008,f
13072,1,1.1467516424690352,-0.6481639718303355,f
13073,1,1.4604775646446229,-0.5455480397115843,f
13074,1,2.0323879948084684,-0.5262742337493663,f
13075,1,1.9694973020811157,-0.09927983675340259,f
13076,1,0.79485042508356,-0.349119385603,f
13077,1,0.324247290163041,-1.0033794097171291,f
13078,1,1.8770363878952967,-0.0801679753298472,f
13079,1,1.4627462878621464,-0.46386701346601417,f
13080,1,1.104131409103815,-0.602253495874799,f
13081,1,0.23689272512342502,-1.0627270863176932,f
13082,1,1.5557352852685216,-0.5891541908709272,f
13083,1,1.482922132486759,-0.17189077763598246,f
13084,1,1.9390238632251255,-0.22460833606272076,f
13085,1,1.1209264196110842,-0.6379740792466938,f
13086,1,1.02022391139848,-0.3057551783396001,f
13087,1,0.12468872654548506,-1.0095764633197943,f
13088,1,0.08300519504138011,-1.0251141587611456,f
13089,1,1.0239136211468136,-0.749908567600485,f
13090,1,0.7332309939653504,-1.0019717655092493,f
13091,1,1.096002646861208,-0.5306960184801787,f
13092,1,0.5551312451120703,-1.0255814528341336,f
13093,1,0.9496264435165445,-0.7172003909075587,f
13094,1,0.49084018532746,-1.0117318105728634,f
13095,1,2.0295784974928885,-0.4346530941533654,f
13096,1,0.9257012773175926,-0.5339468182646748,f
13097,1,-0.0031869936441318155,-1.0325859406919502,f
13098,1,0.9894905103602745,-0.334113678822966,f
13099,1,1.9784681508016428,-0.49549557595565696,f
13100,1,0.016780593301589923,-1.003479479435204,f
13101,1,1.447700322901193,-0.5007339940387456,f
13102,1,1.8004708964794118,-0.031337309907093935,f
13103,1,1.1555755144697504,-0.36794444241821184,f
13104,1,0.18047462342256468,-1.00263679679198,f
13105,1,0.03922526225381396,-1.003045991918757,f
13106,1,1.2247364794141522,-0.06075716216415605,f
13107,1,1.6961957379740749,-0.30206225470772036,f
13108,1,0.03209312532082489,-1.030545913079408,f
13109,1,1.9708953903469275,-0.5172131044250361,f
13110,1,0.6292619051793688,-0.7774880428438525,f
13111,1,0.761870280436005,-0.6329383868237886,f
13112,1,0.7673405637610747,-0.3265953639148178,f
13113,1,2.009218205864935,-0.33603649436066774,f
13114,1,1.3615096613835236,-0.41757641676454343,f
13115,1,1.031155945674477,-0.04455612110940145,f
13116,1,0.8952114510824718,-0.4896460423047637,f
13117,1,0.9170471395365705,-0.22019493463449252,f
13118,1,1.195737989412901,-0.30622558265450367,f
13119,1,0.5260894718380011,-0.770835443519165,f
13120,1,1.1952938197921792,-0.8646806355943251,f
13121,1,1.615206088088151,-0.3459163297460019,f
13122,1,1.0261656429368158,-0.8278088820598462,f
13123,1,0.03372265762566754,-1.0428083358085125,f
13124,1,0.39839253854720913,-1.0687416602942539,f
13125,1,1.2782939711020302,-0.6750541195707584,f
13126,1,0.23037800393279026,-1.0095215902672219,f
13127,1,0.806431052603203,-1.0587836268871722,f
13128,1,1.2038245383981268,-0.7955709992892188,f
13129,1,1.3291892216461851,-0.4810177777635752,f
13130,1,0.8095481262257682,-0.6399967487566575,f
13131,1,2.0146135633161415,-0.6368202401029013,f
13132,1,0.6998684852482037,-0.6041833407806563,f
13133,1,1.5032140616540113,-0.5349409881432544,f
13134,1,1.9842340264900706,-0.6825304271090983,f
13135,1,1.2775290307795695,-0.8113637031509624,f
13136,1,1.721734869916549,-0.6750949137331433,f
13137,1,0.9834268288998913,-0.3589507925484642,f
13138,1,1.5136905272780656,-0.6078230179302617,f
13139,1,1.7592295594400627,-0.456010820012763,f
13140,1,0.08294614099455931,-1.0609390127209954,f
13141,1,0.7220444428825964,-0.7946309212676514,f
13142,1,1.0778361685092062,-0.09486266733465369,f
13143,1,1.5161525776258422,-0.3072244331561979,f
13144,1,0.19291191415799808,-1.1591939127530777,f
13145,1,1.3024095928783954,-0.15427545052796984,f
13146,1,1.9689436538687586,-0.3539435847105423,f
13147,1,1.1790093739196585,-0.0021358865469699073,f
13148,1,0.2577932022714335,-1.0311728090857692,f
13149,1,0.5840700745550181,-1.010058504999703,f
13150,1,0.6348590919623334,-1.0466595840459907,f
13151,1,0.3595234129048121,-1.0007786230566733,f
13152,1,0.9657332075339992,-0.4343594563566281,f
13153,1,1.2978374683954417,-0.3055086430028367,f
13154,1,1.1275661773473427,-0.19048205326060336,f
13155,1,1.721884506797444,-0.38889152923407444,f
13156,1,2.0636691447210893,-0.6023149178372527,f
13157,1,0.45554651602090734,-1.0297249372555775,f
13158,1,0.5603376986184271,-1.0562687652117546,f
13159,1,1.4438839845685103,-0.0913358644343409,f
13160,1,1.1202396055550385,-0.09522036647218014,f
13161,1,2.0125691710792193,-0.08011819948564729,f
13162,1,0.6700135753268737,-1.0446615374006016,f
13163,1,0.3933412891756459,-0.4865682830387068,f
13164,1,1.599421355664541,-0.10471396415120722,f
13165,1,0.16014780316189342,-1.03000323928332,f
13166,1,1.2443033378193036,-0.047209340730262395,f
13167,1,1.1368879325666401,0.017044796590202742,f
13168,1,1.2078287696505505,-0.4358592149008117,f
13169,1,0.3761957958835929,-1.1099842988433186,f
13170,1,0.5771297193350646,-1.0766454419319655,f
13171,1,0.4818547066691278,-1.0739093686750922,f
13172,1,0.03130955597346806,-1.0309789502689855,f
13173,1,1.0458147747270674,-0.16190437935104396,f
13174,1,0.15266180499879495,-1.0557316373860435,f
13175,1,0.794725907257049,-1.0240898399844054,f
13176,1,0.7588754595571158,-1.0151977557373115,f
13177,1,0.10928018436451509,-1.0122796025345395,f
13178,1,1.9907187345117083,-0.9256208128621441,f
13179,1,0.20458968406373249,-1.017958428024365,f
13180,1,0.08028910998203424,-1.0116427857737518,f
13181,1,1.5399865916742688,-0.46682520374794895,f
13182,1,1.2603219532921492,-0.07243229616620703,f
13183,1,0.8319064126146477,-1.0429265758144695,f
13184,1,1.3510883430920684,-0.40992773257903153,f
13185,1,1.8887556010208226,-0.1287787909787033,f
13186,1,2.27025108411317,-0.7399506560732044,f
13187,1,1.143782794201912,-0.48283513826533686,f
13188,1,0.16004522450342398,-1.0032685715139076,f
13189,1,0.16988597035000966,-1.0553522400530981,f
13190,1,0.378038991266064,-1.0008339961082486,f
13191,1,0.034917396956249236,-1.0102766852675915,f
13192,1,1.1931418265491527,-0.1779824824134067,f
13193,1,0.575211894226286,-1.053788190222585,f
13194,1,1.786811611593514,-0.511537278951534,f
13195,1,0.2757578507352331,-1.0045464562498074,f
13196,1,0.9096533958257943,-0.3718291253010551,f
13197,1,1.2526685326242688,-0.729689755802598,f
13198,1,1.9699347298129475,-0.30450095192691595,f
13199,1,0.9327497133473284,-0.9438917747695861,f
13200,1,0.8604718301677101,-0.5770025527830293,f
13201,1,0.9387872971693518,-0.7857857457192212,f
13202,1,1.238480500260795,-0.40125900621409744,f
13203,1,0.6512436286757303,-0.5650117647997007,f
13204,1,1.127402488231371,-0.21161213193739076,f
13205,1,0.9384662099094174,-1.0055917159827137,f
13206,1,1.0531066530470787,-0.7414076071391091,f
13207,1,0.7295797847263367,-1.0216713355509164,f
13208,1,1.311336506361699,-0.1602744618886505,f
13209,1,1.9578637280214968,-0.4105198139399918,f
13210,1,0.8244465085117876,-1.0346350689235704,f
13211,1,1.8506175847893864,-0.6214889737505902,f
13212,1,-0.02195274694016397,-1.0098263592473338,f
13213,1,1.7965748926865497,-0.5581916410765463,f
13214,1,0.3396252301937161,-1.0203918746445062,f
13215,1,0.9353271294083727,-0.3561040097747519,f
13216,1,0.47163413358955075,-1.0375950938969762,f
13217,1,0.08206803126008727,-1.0008731638455517,f
13218,1,0.5429123097732212,-1.0245039454398224,f
13219,1,0.04162560167176871,-1.0090619991466387,f
13220,1,0.5742740366267665,-1.045307797006011,f
13221,1,1.9858741941165032,-0.9645674657137366,f
13222,1,1.5173098018164581,-0.25632434733619947,f
13223,1,1.1244654333991708,-0.36359960121889884,f
13224,1,0.05800795534147998,-1.017162751801666,f
13225,1,0.2602015410795965,-1.0029287247941128,f
13226,1,1.9462484201319166,-0.2147176900752893,f
13227,1,1.0340436971025342,-0.1144697819670792,f
13228,1,1.2864535349243718,-0.3309275703127494,f
13229,1,1.2131356085017342,-0.22282082605135575,f
13230,1,0.38101373082597245,-1.1041622403527807,f
13231,1,0.9645256234463772,-0.4063159122391999,f
13232,1,1.2975244962995107,-0.08857352848990074,f
13233,1,0.863350976252683,-0.7584905337928363,f
13234,1,1.4661856468347814,-0.19883887539264686,f
13235,1,0.5499775802069973,-0.8172202072089706,f
13236,1,2.0071511448492694,-0.5122302483569158,f
13237,1,1.0279169521998932,-0.33933165796562414,f
13238,1,1.3268739526930788,-0.3707976525334173,f
13239,1,0.9031970059484499,-0.41948483165159284,t
13240,1,1.069559902261958,-0.6676086646948137,t
13241,1,1.0480810885591796,-0.36385347834259046,f
13242,1,1.3568081776651677,-0.4338094173487257,f
13243,1,0.5584730602213064,-1.0003952209181346,f
13244,1,2.008688170664192,-0.19601188539295844,f
13245,1,0.380031141629304,-1.032537441407913,f
13246,1,1.974801715731633,-0.2818719559857716,f
13247,1,1.2279909011569299,-0.14684253877171669,f
13248,1,1.9736797628080804,-0.5622116877005856,f
13249,1,1.045412209558148,-0.67117220848942,f
13250,1,1.9914291207777726,-0.27261311265014165,f
13251,1,0.16965781738265992,-0.5638123426150783,f
13252,1,0.4141618221920958,-1.0163971288578837,f
13253,1,0.47253207482555004,-1.0177613919319812,f
13254,1,1.0571252409796825,-0.5307558263840166,f
13255,1,0.26959756493568326,-1.0898138853755228,f
13256,1,0.474947935119167,-0.8430893967904663,f
13257,1,1.9745002393845423,-0.9971473639999593,f
13258,1,1.9562228036856457,-0.605722000659275,f
13259,1,0.029410352492565968,-1.3087606859187877,f
13260,1,1.0790717367802813,-0.8131302981057069,f
13261,1,0.9915423547148386,-0.2620355060028581,f
13262,1,0.5775312377571803,-0.8013805547173601,f
13263,1,0.045826358854429566,-1.1891940122725846,f
13264,1,1.131700591940489,-0.2648660959860673,f
13265,1,1.9714075707225647,-0.2367510246595068,f
13266,1,1.1277259112281623,-0.17229145865985693,f
13267,1,1.3783432815626286,-0.4829850433344431,f
13268,1,1.9450592643651452,-0.40828493032957724,f
13269,1,1.2659211422677796,-0.059155193563908796,f
13270,1,0.5650622384984691,-1.0105469908417057,f
13271,1,0.10466348795510491,-1.0032378235699089,f
13272,1,1.9713477560539163,-0.7255492924648311,f
13273,1,0.2396971903880604,-1.0150442246025173,f
13274,1,1.4067425304778705,-0.15488745478059873,f
13275,1,1.360570450522394,-0.08156897185385142,f
13276,1,0.8409174210671033,-0.7458822330697797,f
13277,1,0.7786210102421561,-0.9575587579375674,f
13278,1,1.478691002067602,-0.23132350212849892,f
13279,1,0.18935695076220543,-1.0072178232031657,f
13280,1,1.201289931469637,-0.6916517787249458,f
13281,1,1.2617397817350273,-0.7530932161040839,f
13282,1,1.153342407459577,-0.12116826848796697,f
13283,1,1.9562403258224919,-0.36080513214015375,f
13284,1,1.969682444134796,-0.1359286061707681,f
13285,1,0.416420673907758,-1.0434449070332616,f
13286,1,0.7201499319188698,-0.5493114444198329,f
13287,1,1.2616237852183627,-0.21080296158078732,f
13288,1,0.5660097141270325,-0.988995468232666,f
13289,1,0.7096019132557777,-1.000879554504854,f
13290,1,1.2489507998811682,-0.24354540597682847,f
13291,1,0.231654961427596,-1.2462450456548813,f
13292,1,0.08151067173394781,-1.0624494453596895,f
13293,1,0.8501507758928948,-1.0915833225210707,f
13294,1,1.0652439623104817,-0.7958998169426972,f
13295,1,2.479994405336295,-0.5755168593428671,f
13296,1,0.11916806425249593,-1.0129285461463045,f
13297,1,0.8624655275713118,-1.026162950651405,f
13298,1,0.9516468805060819,-1.0218503389040696,f
13299,1,1.494842821787903,-0.05348274854341941,f
13300,1,0.33745595096577397,-1.0152769559229404,f
13301,1,1.6224946604973374,-0.17394055235560274,f
13302,1,0.9923745503900636,-0.521598483358662,f
13303,1,0.030690405362189525,-1.0267335612083273,f
13304,1,1.5905081814676176,-0.20935391054054403,f
13305,1,-0.05131152000374523,-1.0034252800728778,f
13306,1,1.036736774610623,-0.7137178982482626,f
13307,1,0.9660331645180984,-0.5102489711698003,f
13308,1,1.5395219137386804,-0.17675992342924043,f
13309,1,1.0838620639217726,-0.7567120971212403,f
13310,1,1.0473386692016546,-0.8372874597796114,f
13311,1,0.4143758119747944,-1.004861344038846,f
13312,1,1.9556631846247534,-0.692567149625298,f
13313,1,-0.04846562308969692,-1.0123930156516794,f
13314,1,0.17377833532792403,-1.0089518275010252,f
13315,1,-0.05590704271727944,-1.0039973087977432,f
13316,1,1.0154158576557566,-0.3215905584096713,f
13317,1,1.958087504130995,-0.5832601076135068,f
13318,1,-0.03628393536926046,-1.0019948305821615,f
13319,1,1.2291639894308966,-0.24218697249379303,f
13320,1,-0.02586402558819426,-1.0403085847691802,f
13321,1,0.08250114087033185,-1.0106389756617697,f
13322,1,1.7110366064203362,-0.6507168078746381,f
13323,1,0.660678089779233,-0.8005513790568427,f
13324,1,1.107755949342304,-0.3145479856157356,f
13325,1,1.0670104951296129,-0.4231769669069452,f
13326,1,1.9657819556500558,-0.028046175761529856,f
13327,1,2.029595250863524,-0.2726705913707499,f
13328,1,1.050687171844631,-0.2820026175513729,f
13329,1,0.09086767680686277,-1.0017607296758941,f
13330,1,1.1251009995928274,-0.6655860650223155,f
13331,1,2.002398350897644,-0.1475451416450899,f
13332,1,0.5805259833782271,-0.5705169146993099,f
13333,1,1.5869775097704015,-0.1263964388312872,f
13334,1,1.2601215302648354,-0.4023279584580372,f
13335,1,0.3255720547203272,-1.0205065574859502,f
13336,1,1.0566264406405654,-0.24837846966887894,f
13337,1,0.5728921455574842,-1.0035916362823623,f
13338,1,0.8996028872759214,-0.538913050396419,f
13339,1,1.450549412299471,-0.9679025754732042,f
13340,1,0.72905569076467,-0.4957578697199803,f
13341,1,0.8989884403805273,-0.593531042129693,f
13342,1,1.2173180405088155,-0.18469653028409125,f
13343,1,1.2578783119973684,-0.1959223555932586,f
13344,1,1.5681665023508826,-0.16142890465376875,f
13345,1,1.4559370898659882,-0.48191857053838266,f
13346,1,0.9975083853359175,-0.08477408373958625,f
13347,1,1.6168142821056015,-0.8331691615895372,f
13348,1,1.4168048384993734,-0.204066540524612,f
13349,1,2.016162258088636,-0.26882163441185203,f
13350,1,1.3396446457324334,-0.378105311225421,f
13351,1,2.014419258356288,-0.16786827152969946,f
13352,1,0.20142937372344044,-1.0036130199554818,f
13353,1,1.4436162040206577,-0.2607069694592368,f
13354,1,1.111875477746407,-0.8408558300456884,f
13355,1,0.86264556664523,-0.19881284543779779,f
13356,1,0.054677749644771304,-1.06803870972802,f
13357,1,0.13572059905353526,-1.0254445261822882,f
13358,1,1.9085567720657306,-0.4962775562217877,f
13359,1,1.9758534656704922,-0.2114827868454761,f
13360,1,0.010938256067379358,-1.0008504301642094,f
13361,1,0.16370963774471847,-1.0154742747064307,f
13362,1,1.0578060760187211,-0.028208162027167638,f
13363,1,0.1656005834889011,-1.0249333410528325,f
13364,1,0.8223415434641442,-1.0414879706142364,f
13365,1,0.8415839293706986,-0.9667115159917521,f
13366,1,1.345998472656238,-0.9689360821837723,f
13367,1,0.11161442601507096,-0.9511490216936236,f
13368,1,0.3587850668676031,-1.063164573144414,f
13369,1,0.1835855226893836,-1.03765730215727,f
13370,1,0.6641842816182097,-1.0702240651175607,f
13371,1,0.2800309678071612,-1.0135903508671726,f
13372,1,2.0293033515396846,-0.5915009769061808,f
13373,1,0.816373696604843,-1.033523602435747,f
13374,1,1.8323563359354182,-0.4255959778876625,f
13375,1,0.21273048473525843,-0.9155489216454842,f
13376,1,1.0694269292014982,-0.05426942625798816,f
13377,1,0.33337047738955666,-1.1255379484143033,f
13378,1,0.3226934597152031,-1.0146916566600137,f
13379,1,1.9997216378827902,-0.4336745720709348,f
13380,1,0.9535437749251426,-0.27434360004828656,f
13381,1,0.8639012904665982,-0.24592810458538608,f
13382,1,0.9914795087775239,-0.33049316959248193,f
13383,1,1.8971991256222958,-0.2116106717040351,f
13384,1,1.1551734286920012,-0.4197477023175364,f
13385,1,1.809097208183858,-0.716040090476631,f
13386,1,1.965793537573921,-0.13454967368544818,f
13387,1,-0.024191249734865684,-1.0402237385993587,f
13388,1,0.518437294296668,-0.9381246277749737,f
13389,1,0.27317133625446244,-1.36309737484542,f
13390,1,1.7351940274924582,-0.6368394127647219,f
13391,1,1.8832003277018732,-0.24368044441367978,f
13392,1,1.1612973103366626,-0.1491574527037733,f
13393,1,1.0143865950941564,-0.24890041453698086,f
13394,1,1.2317350770771032,-0.3472175011513618,f
13395,1,1.979427127268926,-0.1453960647607228,f
13396,1,0.39431044663506004,-1.0053884162894196,f
13397,1,0.09199823913661105,-1.0083007009371519,f
13398,1,0.26683082364646626,-1.014349528126621,f
13399,1,0.5240698773116534,-1.582566744134771,f
13400,1,1.1243711653619939,-0.11631425848573758,f
13401,1,0.5491809130252889,-0.4736685374843019,f
13402,1,0.6464151470878237,-0.9390834223441475,f
13403,1,0.34536621276952656,-1.0978714568526564,f
13404,1,-0.017780359476014165,-1.1735037254166811,f
13405,1,0.5143583681362746,-0.6467078897620157,f
13406,1,1.3814711273743903,-0.10368657468152291,f
13407,1,1.4480010153943086,-0.12660118167379708,f
13408,1,1.814836646506824,-0.7701853052305362,f
13409,1,1.9589254960494125,-0.37152035269902234,f
13410,1,0.8202063602735061,-0.34803350962955654,f
13411,1,1.0784951817706572,-0.2911105246424595,f
13412,1,0.019621455705257706,-0.9502390691544276,f
13413,1,1.9811408074813353,-0.26482254448564274,f
13414,1,0.34280131422635746,-1.067957940474447,f
13415,1,1.1260600470322695,-0.2777813909124618,f
13416,1,0.9174747440299996,-0.7301702115118028,f
13417,1,0.08273317317745364,-1.0416858622797858,f
13418,1,0.6058054806994361,-0.860315475549439,f
13419,1,1.982802917463444,-0.5269259721605923,f
13420,1,1.3478059440295305,-0.1714167160735865,f
13421,1,0.9514245866670161,-0.9998021080229607,f
13422,1,0.36931322457719773,-1.0404689884722524,f
13423,1,0.11852106959030742,-1.0343656982425162,f
13424,1,0.5262101522050593,-1.2093028342600496,f
13425,1,0.5387965836590204,-1.0543118334561903,f
13426,1,1.0127793992517509,-0.33759313308390326,f
13427,1,1.937949148761771,-0.67243494170398,f
13428,1,1.637493524057365,-0.2834840725020003,f
13429,1,1.659132709108609,-0.6289988096048525,f
13430,1,1.6492865482989238,-0.4411209337017422,f
13431,1,0.5349964531605971,-1.0066797165980523,f
13432,1,1.4310303947759075,-0.2658565641670745,f
13433,1,0.1449898742319794,-1.0252855392116136,f
13434,1,1.1489006983589323,-0.44515810534705813,f
13435,1,1.6890322949165033,-0.34756260220300395,f
13436,1,0.6223893137348615,-0.7494604652890274,f
13437,1,1.9946655199734002,-0.5277980929139247,f
13438,1,0.43456973200549004,-1.0530984303200124,f
13439,1,0.9642967092448999,-0.44305524478819897,f
13440,1,1.428838745488782,-0.17737308564687979,f
13441,1,0.5102238947851636,-0.6998152873829333,f
13442,1,0.7291293224359768,-0.5833034579487959,f
13443,1,0.5892858971954009,-1.0290943960778318,f
13444,1,1.049179196557871,-0.16314314584543513,f
13445,1,0.09429020517632929,-1.936990214908243,f
13446,1,0.06930814791804488,-1.029721054782589,f
13447,1,0.8362517923195547,-0.6721276087801713,f
13448,1,0.18127544873891893,-1.0205136373450678,f
13449,1,0.8272090863371815,-0.6114154116405331,f
13450,1,0.6253307436849432,-1.0074773092701836,f
13451,1,1.4465201186386623,-0.2639899216515587,f
13452,1,0.08674728989757823,-1.0583169367501,f
13453,1,0.9464616342340201,-0.42226749835053295,f
13454,1,1.9719149599467045,-0.2356870470055551,f
13455,1,1.9328750883483705,-0.4550701057519332,f
13456,1,0.7948085645050101,-1.092306742280594,f
13457,1,0.46704179463094436,-1.042942954927716,f
13458,1,2.010820260111742,-0.31127248608540825,f
13459,1,1.23334748910857,-0.14800169869304916,f
13460,1,0.871938946660571,-0.8598705875372625,f
13461,1,0.3340720302994285,-0.8520369213141126,f
13462,1,3.100416387568285,-0.08755989798010397,f
13463,1,0.9555983747490399,-0.7694428472005445,f
13464,1,0.9644142013656176,-0.0765960737546679,f
13465,1,0.16988687409709213,-1.8449714526946392,f
13466,1,0.24576523954626603,-1.3707469698636907,f
13467,1,1.0038509883458273,-0.15850278763354692,f
13468,1,0.2512025733304666,-1.017583305524956,f
13469,1,0.7174397122482744,-1.024321438874733,f
13470,1,0.5369825972257676,-1.0457029524923667,f
13471,1,0.2662658247359863,-1.021348014285692,f
13472,1,0.19761465889915505,-1.009096130548684,f
13473,1,0.299346133308591,-1.073654798133427,f
13474,1,0.7251478840715736,-0.7383323910546328,f
13475,1,2.7193077401899672,-0.3671863680491135,f
13476,1,0.9462822842409594,-0.3335257231341411,f
13477,1,1.9420253441834732,-0.9898064657451089,f
13478,1,0.6979013786043787,-1.0036192391434398,f
13479,1,0.6885188614477903,-0.33931790779488463,f
13480,1,0.12342055934446508,-1.0038205493347208,f
13481,1,2.010236468618318,-0.4037839990961121,f
13482,1,2.0074364246085974,-0.4059565311360742,f
13483,1,1.0237928631393791,-0.14805619866941394,f
13484,1,0.04318744314832349,-1.0032775254459583,f
13485,1,1.9696217720848928,-0.3728347140275624,f
13486,1,1.2993236768244674,-0.2844290635834612,f
13487,1,2.827866380781431,-0.6267951256371144,f
13488,1,0.42071847450654826,-1.0206599814743433,f
13489,1,0.47263106479527095,-1.014581352427181,f
13490,1,0.4876789868695031,-0.5956771016087636,f
13491,1,0.9634373979037444,-0.4060043704150211,f
13492,1,0.045410943667598055,-1.423766645578178,f
13493,1,1.45956738651065,-0.20532897132268343,f
13494,1,1.7722273861015847,-0.09774258442941802,f
13495,1,0.5755407822132675,-0.5780650838896582,f
13496,1,1.2462490013760643,-0.7634914934745859,f
13497,1,1.2088447260524777,-0.2478967295361289,f
13498,1,0.1339674377974029,-1.0061809689890775,f
13499,1,0.41553469560069767,-1.060939648342204,f
13500,1,1.5294216673586214,-0.37914234610993386,f
13501,1,0.3806658892702973,-1.0065064190876047,f
13502,1,1.6761982473425292,-0.9298837673767525,f
13503,1,0.04388925950362449,-1.009452968583235,f
13504,1,1.8032542931005509,-0.21442708642886182,f
13505,1,-0.02266156375344106,-1.008439587028253,f
13506,1,1.9666547152224334,-0.07480527137653994,f
13507,1,0.3250452196386073,-0.9141896802336323,f
13508,1,0.10992990539996816,-1.0338088975912763,f
13509,1,0.37068889016927803,-1.0388733227674463,f
13510,1,1.3394443074656963,-0.24423648600622042,f
13511,1,0.9317913755065244,-1.0069791522044733,f
13512,1,1.0855834407336307,-0.47341232753795864,f
13513,1,1.78016159808712,-0.5129279180929113,f
13514,1,0.538482768450437,-1.0355437854815823,f
13515,1,0.05902499672433458,-1.1724510712970164,f
13516,1,0.6029921492914441,-1.2059842985829168,f
13517,1,1.0007068238173311,-0.40653714717575634,f
13518,1,1.2244564279300496,-0.22262844144180152,f
13519,1,1.486204514026425,-0.3291812629751802,f
13520,1,0.8113683601868058,-0.56839173895443,f
13521,1,0.6657875977464762,-0.7926042830315481,f
13522,1,1.866459552502521,-0.4560579902042253,f
13523,1,-0.02244249307919549,-1.0286142661287758,f
13524,1,1.978392870923442,-0.1777462344970337,f
13525,1,0.19743334165504786,-1.016916937839683,f
13526,1,1.7690702942900431,-0.8153106573684626,f
13527,1,0.697668466657151,-0.7769489742318192,f
13528,1,1.6256350034221023,-0.35085647555871385,f
13529,1,1.0929843780665296,-0.8779227618971016,f
13530,1,0.684566678664568,-1.003244270456687,f
13531,1,1.9629646964677518,-0.23646744529291933,f
13532,1,1.1289807379001495,-0.3295403234951663,f
13533,1,1.3129648575792137,-0.4953930729124406,f
13534,1,0.20974086253505872,-1.0616512794983275,f
13535,1,0.1789074972117695,-1.0317815935089716,f
13536,1,0.3455338073843343,-1.0477476740040905,f
13537,1,1.9616796723069523,-0.7388144220376732,f
13538,1,1.0335688432357926,-0.5023491025782759,f
13539,1,-0.01932340349796503,-1.6121239489727366,f
13540,1,1.0167758846911292,-0.9908524202089095,f
13541,1,1.980163379942926,-0.30266745962860186,f
13542,1,1.1970256648724182,-0.1233469069189367,f
13543,1,-0.01740054703062941,-1.000531454260209,f
13544,1,1.9776569543294362,-0.30939564366858324,f
13545,1,1.8933154103128749,-0.3338076756474334,t
13546,1,0.05942564504804106,-0.9448677562639782,t
13547,1,1.202352552118248,-0.27806850553874185,f
13548,1,1.4544283050504907,-0.1105080329817898,f
13549,1,2.1370648722192636,-0.14184058886412962,f
13550,1,0.06576036710161182,-1.0013510445018479,f
13551,1,1.980402672550761,-0.665479440573733,f
13552,1,2.192258630243911,-0.2261614817995533,f
13553,1,0.9375081290474744,-1.053910145070103,f
13554,1,-0.039830609150553,-1.8122927163497824,f
13555,1,0.7133060793576094,-0.9598810203700979,f
13556,1,0.25682897673381094,-1.1424461378849917,f
13557,1,0.1769853008532111,-1.0116862467689194,f
13558,1,1.2081342691788484,-0.20263823198540135,f
13559,1,0.23717987989494554,-1.0277794795447035,f
13560,1,1.4620297900462007,-0.10460860507996189,f
13561,1,1.1604286176755758,-0.35200662438486136,f
13562,1,1.434948634298626,-0.29489410493001866,f
13563,1,-0.10667659434748136,-1.0166932563321518,f
13564,1,1.4518718198139335,-0.16104796656759424,f
13565,1,1.2072346116219064,-0.11919531608418839,f
13566,1,0.011593588179417158,-1.026032553877389,f
13567,1,0.482979275133182,-1.0158314101986312,f
13568,1,0.30913356531519487,-1.005497596656761,f
13569,1,1.7230461133762514,-0.8897425017048487,f
13570,1,1.2934388007964739,-0.30190831959622927,f
13571,1,1.6284383585250615,-0.278592305735471,f
13572,1,-0.016141570378834104,-1.0201472479424087,f
13573,1,0.3804262648372729,-1.0155180458052306,f
13574,1,2.020896102706514,-0.41038675123217416,f
13575,1,1.114552222494158,-0.20679643646278512,f
13576,1,-0.06026932382964115,-1.0120223959726709,f
13577,1,2.000453206813582,-0.5381336111896076,f
13578,1,1.0731528473408243,-0.24798828578631454,f
13579,1,0.22769587346000125,-1.0233228335960456,f
13580,1,0.2513488008978928,-0.8988451684284154,f
13581,1,1.2100675210658933,-0.1019004228265967,f
13582,1,0.6031682670784368,-0.7274391160744667,f
13583,1,0.8995302148257264,-0.695986881543977,f
13584,1,1.1153959060475866,-0.6117890588354463,f
13585,1,0.9567541186485355,-0.5087502059480405,f
13586,1,0.22443609535742898,-1.0195811189095982,f
13587,1,0.631486765384962,-0.5407759593075885,f
13588,1,1.439212110760307,-0.10600429144409547,f
13589,1,1.3116082723351186,-0.15023569657378885,f
13590,1,0.0049697447438654336,-1.0660102475580733,f
13591,1,1.9986052724273378,-0.07564206826455751,f
13592,1,-0.020675591374630847,-1.0881890197172794,f
13593,1,2.0241351335069697,-0.05670871137705479,f
13594,1,0.8530836723039307,-0.3501533649389834,f
13595,1,1.9817931869596277,-0.23214916882319012,f
13596,1,1.9347183617375747,-0.41991475696877156,f
13597,1,0.22027540782741942,-1.001762045788351,f
13598,1,0.38539037537163223,-1.0069877550033333,f
13599,1,1.794631318087802,-0.23591397608667222,f
13600,1,0.4438332476796073,-0.9967117329356626,f
13601,1,0.3264892088774376,-0.8017123906879158,f
13602,1,0.6778003469066545,-0.89893945213083,f
13603,1,0.7548889126299151,-0.8035914231221618,f
13604,1,0.0993326913989187,-1.0072683443610382,f
13605,1,0.06329567669071136,-1.0226207765343487,f
13606,1,1.9758851125584966,-0.44106567337833336,f
13607,1,0.34523542421187003,-1.0476109424359648,f
13608,1,1.0921875873460243,-0.1594119949972415,f
13609,1,0.3212474919563822,-1.0513554282208946,f
13610,1,0.5543911948888001,-1.1229975486208907,f
13611,1,0.588899893693534,-1.0156389470946483,f
13612,1,1.6475913181062563,-0.26558890006561936,f
13613,1,1.7098513912066795,-0.1432972046607811,f
13614,1,0.8483910424257314,-0.48594550214890203,f
13615,1,1.1064993044187048,-0.46025327192345344,f
13616,1,1.1173704514155538,-0.15659110839318002,f
13617,1,0.8756292110776278,-0.41324337767695385,f
13618,1,0.1066518695953072,-1.0353035146080456,f
13619,1,0.9954104676709682,-0.5271325355789496,f
13620,1,0.256691463590578,-0.8522156591207154,f
13621,1,2.0009725326963594,-0.23331999113821006,f
13622,1,1.9323643452416412,-0.7360113503344278,f
13623,1,1.1131083624863853,-0.4380287537561978,f
13624,1,2.0274012873367147,-0.22791700746529506,f
13625,1,0.6722883147477763,-1.2411476579958793,f
13626,1,0.039244757315827196,-1.0867778949001499,f
13627,1,0.9333684101736761,-0.319151778962631,f
13628,1,1.9545322870005737,-0.04744010405340704,f
13629,1,0.6464075921679269,-0.3726737648723573,f
13630,1,0.545381276293164,-1.0074404131526509,f
13631,1,-0.04543128883621277,-1.0658879303883673,f
13632,1,1.1864943126409,-0.816187170479097,f
13633,1,1.5030187058832225,-0.16993193945659102,f
13634,1,1.5263323126293455,-0.23396334719138007,f
13635,1,0.32024546727620845,-1.0824296793935995,f
13636,1,0.07767723647121003,-1.0346607897966487,f
13637,1,1.9656417332163325,-0.12268591550601275,f
13638,1,1.0654398649436245,-0.4074484994202415,f
13639,1,0.9956553434170983,-0.39087250786492755,f
13640,1,0.6431501930835906,-0.5653497665008791,f
13641,1,1.6768523664376136,-0.5216874028917104,f
13642,1,0.0695035700573911,-1.0002470299560686,f
13643,1,1.0542274805127039,-0.9098987182996514,f
13644,1,0.6130454233706598,-0.6952414577890372,f
13645,1,0.04132421826880473,-1.130780881718535,f
13646,1,1.6901805278163349,-0.16526209605314904,f
13647,1,2.029714234058546,-0.2666777825770379,f
13648,1,1.2588033366077602,-0.4622900591016233,f
13649,1,0.8434028048665717,-1.0003149546092245,f
13650,1,1.0154808883322795,-0.5169720886054818,f
13651,1,1.7304489410127366,-0.29664838988790293,f
13652,1,0.5951469051081932,-0.8428566980450943,f
13653,1,2.1659087568849484,-0.05563121807066828,f
13654,1,1.315884175140587,-0.26880294314038744,f
13655,1,1.436273391677811,-0.594786157494809,f
13656,1,1.7460432899002603,-0.36501336017312647,f
13657,1,1.5485900279955676,-0.36413874043304906,f
13658,1,0.08007287241844496,-1.0121211073692722,f
13659,1,0.4298743558432446,-1.000801234697626,f
13660,1,0.20711934061200796,-1.0134053451373437,f
13661,1,1.4201283216904454,-0.7279950739978781,f
13662,1,1.1847440907285547,-0.6135971023642893,f
13663,1,0.6467813734408594,-0.850229035509088,f
13664,1,1.3174912935817276,-0.3267928796090469,f
13665,1,1.9940225542855508,-0.6376644564057958,f
13666,1,1.7790326224616257,-0.5093055618976031,f
13667,1,1.275833868428659,-0.38131663932810345,f
13668,1,2.016011438834007,-0.10391811540380393,f
13669,1,1.9757861054807575,-0.33121778736193114,f
13670,1,0.5052569812276321,-1.0308403927345735,f
13671,1,0.3559381064723117,-1.0108642223813478,f
13672,1,0.5932932168943235,-0.8401669044610094,f
13673,1,1.2883025409147197,-0.08921762748715907,f
13674,1,1.3574686090245915,-0.3572285813222509,f
13675,1,1.9570203898363079,-0.34333691049759485,f
13676,1,1.0038107040112025,-0.23931910824106065,f
13677,1,1.0743191944747954,-0.33278574374300246,f
13678,1,0.6406592358491793,-0.7849835691997835,f
13679,1,-0.026694082649884807,-1.0277221820195648,f
13680,1,1.8167551787973832,-0.2190681920379014,f
13681,1,1.596345429829273,-0.8199258497026415,f
13682,1,1.5303459678623526,-0.1290291698393541,f
13683,1,0.6227548412461905,-0.5481540008886223,f
13684,1,0.4155789668698382,-1.0608199943783756,f
13685,1,0.14178717337056504,-1.0161414091557974,f
13686,1,0.9589579754135529,-0.022742086373424314,f
13687,1,0.6729490866451141,-0.7758707116613947,f
13688,1,0.1358405407758974,-1.1567027866066915,f
13689,1,0.9847499593337402,-0.08352789833635361,f
13690,1,1.9538668156502368,-0.1914139394260037,f
13691,1,1.289676211137779,-0.5267146087529865,f
13692,1,-0.05627304462505865,-1.0016601943261774,f
13693,1,0.7524525088380793,-0.6375459680795067,t
13694,1,1.2288038423363628,-0.28418590490514606,f
13695,1,0.7704559356752396,-0.9826104686872454,t
13696,1,-0.02940902239066584,-1.0182874002771771,f
13697,1,-0.07110603182331747,-1.0025950487089026,f
13698,1,0.8454349077438313,-0.6816794976853257,t
13699,1,0.2136201913573696,-1.0370915741703322,f
13700,1,0.15264867849192074,-1.0031198872324087,f
13701,1,0.22720638477572247,-1.0164496161020096,f
13702,1,0.7519897740873664,-1.033503894643152,f
13703,1,1.7564992476782746,-0.48584021744291117,f
13704,1,1.2902452296832776,-0.19128635672630387,f
13705,1,2.023697822015262,-0.19458632903994869,f
13706,1,0.08525309756689739,-1.0171576468325996,f
13707,1,1.7838907076906,-0.09895645604879798,f
13708,1,2.004163092171803,-0.7943065386901398,f
13709,1,0.8102228374888341,-0.7875714463332195,f
13710,1,0.2493707970534056,-1.0103184498266473,f
13711,1,0.8965256416697848,-0.1767797039912413,f
13712,1,1.042431572548998,-0.1990850748634872,f
13713,1,2.0474573038112673,-0.33665217252505375,f
13714,1,0.7349320873293173,-1.467090846027185,f
13715,1,1.2163915310126967,-0.23978149276635144,f
13716,1,0.605821568635927,-0.6752108231933562,f
13717,1,0.28170997878243254,-1.0823593921641197,f
13718,1,0.08201896652150131,-1.0103245421512264,f
13719,1,0.038195985485352545,-1.0160132139104878,f
13720,1,0.26731609881749596,-1.0252358613470938,f
13721,1,0.8694639022465306,-0.650487808347367,f
13722,1,-0.014033342661034702,-1.0068923359282467,f
13723,1,1.9593938024328577,-0.0574181334046444,f
13724,1,0.18598833511427454,-1.0205513772937225,f
13725,1,0.7797241213466989,-0.4503578976743716,f
13726,1,1.2477102352570337,-0.4570819673713932,f
13727,1,0.530474102551893,-0.8809230571789056,f
13728,1,1.9607590881550552,-0.18070269450674054,f
13729,1,0.4641367174605085,-1.0194431472793142,f
13730,1,1.9599769782507084,-0.12209692651399377,f
13731,1,1.354162182348831,-0.8522333425593197,f
13732,1,0.9126603194253834,-0.5307197477923837,f
13733,1,1.1190176085983603,-0.0954612177951279,f
13734,1,0.7783904994901918,-0.42138433055108104,f
13735,1,1.1700460231504437,-0.7819758957713816,f
13736,1,0.41709750062517076,-1.1055940598763074,f
13737,1,1.9767475457487866,-0.14421554421815644,f
13738,1,0.8306609812467295,-0.7936794992049023,f
13739,1,0.930324473185519,-0.5185415096443987,f
13740,1,0.07775305570212175,-1.0223086953427238,f
13741,1,0.01648401442003265,-1.032998236989587,f
13742,1,0.3961739380068217,-0.8744124774579511,f
13743,1,1.9563443841564514,-0.5111170012660777,f
13744,1,1.6647552375349455,-0.349938345849173,f
13745,1,1.6514280194729514,-0.6265211455319875,f
13746,1,1.8691755184127299,-0.9933332754993053,f
13747,1,1.0924109616549573,-0.4146377372705164,f
13748,1,1.944037811175335,-0.08545221148024058,f
13749,1,0.8209136023258266,-1.0348136254670879,f
13750,1,1.6251171823832824,-0.1721778427431963,f
13751,1,0.8991334882184755,-0.39466915489459714,f
13752,1,0.9690920483738917,-0.9482513591615296,f
13753,1,0.07312746716134857,-1.0522229997107988,f
13754,1,0.25263751820650276,-1.0289237105136715,f
13755,1,0.39309156315068855,-1.0017494673839007,f
13756,1,1.4881158794058875,-0.15210024181772305,f
13757,1,1.9234525512916696,-0.25528660863826547,f
13758,1,0.3988148054097099,-1.0272502563583166,f
13759,1,1.9431044960553592,-0.3263515273297775,f
13760,1,1.2380468509772,-0.22622118539452896,f
13761,1,2.001392859957751,-0.9152711249806617,t
13762,1,0.9780401338004964,-0.3633585636410566,f
13763,1,-0.06616874767517944,-1.0203917404643383,f
13764,1,1.0638480365648528,-0.44592432670387333,f
13765,1,1.0862444939885056,-0.33059615034427364,f
13766,1,0.42837675570016187,-1.0538068190223575,f
13767,1,1.9700224076797717,-0.7273475854961484,f
13768,1,0.2607906121623273,-1.0180260041036007,f
13769,1,1.5902864011940034,-0.3067557525145485,f
13770,1,1.1486624359585598,-0.3768735391975442,f
13771,1,0.0052496379962256754,-1.0061806159384303,f
13772,1,0.41888634389399815,-1.1244771187199416,f
13773,1,0.8931497479111626,-0.4253094037672523,f
13774,1,1.979149688088279,-0.48045564841864213,f
13775,1,1.4519635855988509,-0.02608317818437005,f
13776,1,0.989467518724487,-0.11896823538915902,f
13777,1,1.3824947572894632,-0.9137632014845921,f
13778,1,1.1024197900604302,-0.7853840334417347,f
13779,1,1.3971021407234745,-0.3526931040182323,f
13780,1,1.27294442007315,-0.5800198922768216,f
13781,1,-0.08124025912823254,-1.0058317796828606,f
13782,1,0.9477196446971599,-0.7994369792003511,f
13783,1,0.8974588885663513,-0.9765799492711174,f
13784,1,0.37333480896605564,-1.0061828387988545,f
13785,1,0.2194014043508331,-0.898838011372597,f
13786,1,0.7251685978022873,-1.0040795969570464,f
13787,1,0.47086616720238134,-0.6503676342573911,f
13788,1,0.4718597007888892,-0.415117078542188,f
13789,1,0.8469776141132596,-0.7248907508176183,f
13790,1,1.1222250370384077,-0.24675430031269205,f
13791,1,1.9740288109563044,-0.8452100598831023,f
13792,1,1.6873648908316436,-0.5956871623467263,f
13793,1,0.6323695556891047,-0.8339546105594646,f
13794,1,1.0970257963276278,-0.41418320881756726,f
13795,1,0.053184860711822914,-1.0073838323065438,f
13796,1,0.02451792169792005,-1.0236232308869209,f
13797,1,1.0370219761321076,-0.686395634631802,f
13798,1,0.36757734146268994,-1.0497160616772458,f
13799,1,1.1893073567786563,-0.4064299650616614,f
13800,1,0.21657204758521142,-1.0043921047431568,f
13801,1,1.8868068290760773,-0.9604940561057901,f
13802,1,1.7299814158508178,-0.5776793067063444,f
13803,1,0.01807205617518211,-1.0060111270851089,f
13804,1,1.2210936882811938,-0.737216313879303,f
13805,1,1.7762378929583535,-0.29863648785113606,f
13806,1,0.8047963472052886,-0.5480515002441241,f
13807,1,1.9928382753957283,-0.33449531336428373,f
13808,1,0.4721750575692524,-1.0039037260032035,f
13809,1,2.019191933868064,-0.6479858730081358,f
13810,1,1.5531048567071855,-0.31062097134146366,f
13811,1,0.7468936404413227,-0.5323164619719616,f
13812,1,1.9676880680969926,-0.6534667781704251,f
13813,1,1.292786316270297,-0.133895725613692,f
13814,1,1.1268377076262726,-0.13020183596523696,f
13815,1,0.09471463257036937,-1.0809822195525958,f
13816,1,0.24096214037700006,-1.0128578103982995,f
13817,1,0.1111303855864904,-1.029418308590336,f
13818,1,1.2855014901995445,-0.30423535268055296,f
13819,1,1.8347661466650154,-0.5766972172510078,f
13820,1,1.052871371996631,-0.06149514208119525,f
13821,1,0.011702221357455614,-1.0122421474198828,f
13822,1,1.1359921525837458,-0.4929777265929201,f
13823,1,0.47139286826731336,-0.895281028879712,f
13824,1,0.22591822208405168,-1.0218136099767225,f
13825,1,0.012818320860584516,-1.016920121606331,f
13826,1,1.0901315176492206,-0.19451366295311717,f
13827,1,1.5342944103514755,-0.25894243203091966,f
13828,1,1.2768417879941614,-0.2158042458581717,f
13829,1,1.1526519028790636,-0.3802562978570293,f
13830,1,2.0108183967416675,-0.21129024475797392,f
13831,1,0.3044253989903844,-1.0116575759130477,f
13832,1,0.237596078156561,-1.002118942547462,f
13833,1,1.466868393145035,-0.028562110575862776,f
13834,1,1.5022588785342186,-0.48900508949357047,f
13835,1,-0.15683228195439106,-1.105570777728016,f
13836,1,0.7996655090769581,-1.004513409884183,f
13837,1,0.29964478667120764,-1.001530129363009,f
13838,1,0.9698605013913348,-0.7298544543939106,f
13839,1,0.4859268700456426,-1.0121796214228944,f
13840,1,1.4543732905429863,-0.19467988928528887,f
13841,1,0.7402215002443229,-0.4912974559143632,f
13842,1,0.3020575823021137,-1.0334862733314014,f
13843,1,0.48471697007582726,-1.0487902582614275,f
13844,1,1.9677639762143728,-0.3427962268477295,f
13845,1,-0.03916146573655595,-1.0377788420187017,f
13846,1,0.16699713461343507,-1.0082452002284652,f
13847,1,0.9010917849098881,-0.06878563243587181,f
13848,1,0.9732672524727127,-0.14410024854573167,f
13849,1,1.9761715557308324,-0.09398563093591061,f
13850,1,1.9226128910778468,-0.18785481806668605,f
13851,1,0.093808198173229,-1.093606099755973,f
13852,1,0.8768236754554808,-0.647562439212529,f
13853,1,0.5839364399386432,-1.005424396586115,f
13854,1,1.5987057470034556,-0.3031652098683425,f
13855,1,1.969330629879973,-0.8997408005978296,f
13856,1,0.8717071416634099,-1.0000820651388083,f
13857,1,0.38120287778359496,-1.0662357720184763,f
13858,1,1.5924898088415242,-0.013813418416231477,f
13859,1,0.9325860853805912,-1.0138487733183223,f
13860,1,0.31677282577334614,-1.0102484713853104,f
13861,1,0.5897992798348562,-0.8682547019129756,f
13862,1,2.00540236841134,0.05862741231811565,f
13863,1,0.30986223810299873,-1.0383103066258983,f
13864,1,1.0298082927380878,-0.22012630792731103,f
13865,1,1.3559107237768087,-0.6940715749285566,f
13866,1,0.99138239961141,-0.15091910545263656,f
13867,1,1.00182472178114,-0.2991559933096512,f
13868,1,0.5663083001535997,-0.9305599980679055,f
13869,1,1.7781724345681542,-0.038655922490620644,f
13870,1,0.25164014640984234,-1.0051779474721974,f
13871,1,0.12556994992045217,-1.0081473122186069,f
13872,1,1.296660518763145,-0.06696910960667005,f
13873,1,1.5768324252125197,-0.12177271684066233,f
13874,1,1.5924515751107557,-0.1534893084444009,f
13875,1,1.2434132135249825,-0.21092757069092344,f
13876,1,0.06827708311542352,-1.0300085681411348,f
13877,1,0.9987391291335308,-0.5459209646534868,f
13878,1,0.010152260968102374,-1.0095859518263055,f
13879,1,0.3035119298736744,-1.000180663423404,f
13880,1,0.8519364711062861,-0.053014859996491456,f
13881,1,1.9946281174555105,-0.20846113407994984,f
13882,1,1.9765505274197928,-0.39481503960359665,f
13883,1,1.422438933701151,-0.32973923493935564,f
13884,1,1.0658767923319155,-0.36781944821657175,f
13885,1,1.602423975470832,-0.0606137998180209,f
13886,1,0.2728812033547826,-0.67069596969128,f
13887,1,0.8287833001811095,-0.7908559288168681,f
13888,1,1.2830916725230055,-0.25661833450461724,f
13889,1,1.8510464455755435,-0.2221821803940227,f
13890,1,2.000852568545022,-0.15268262723593246,f
13891,1,1.490308087882729,-0.0014799484487485976,f
13892,1,1.7763119628871695,-0.28259508500474484,f
13893,1,1.4155543730304088,-0.14294695634712742,f
13894,1,0.3808734321439343,-1.0007846172740864,f
13895,1,0.08870499551377434,-1.0520412467934297,f
13896,1,2.0185682952552617,-0.681973389724895,f
13897,1,0.4972226009143259,-0.8467196464845064,f
13898,1,0.5903685540002555,-0.3231145147125471,f
13899,1,1.3393737621696464,-0.5675544908272798,f
13900,1,0.19609685037650698,-1.0029290721063588,f
13901,1,4.336442337790843,4.3287807788901524,f
13902,1,1.5530263876706873,-0.09798273739246632,f
13903,1,1.87748374331085,-0.19898647032345804,f
13904,1,1.3122995599506904,-0.04498827728161842,f
13905,1,0.35910034017240355,-1.0271728004423772,f
13906,1,1.4915079633664605,-0.12371955456493619,f
13907,1,0.7206262161205197,-0.8730663772229712,f
13908,1,1.4578222699035153,-0.730844586238111,f
13909,1,1.4332662644059515,-0.7420554005553783,f
13910,1,1.9939927806769682,-0.20652587516857723,f
13911,1,0.07432151033588597,-1.0043447342689484,f
13912,1,0.16015300894435003,-1.069937873007765,f
13913,1,0.7757169976261804,-1.0084320969140455,f
13914,1,0.2404625887473712,-1.0151825244781625,f
13915,1,1.9577583001704824,-0.054222428791966516,f
13916,1,1.8175651326959306,-0.021898375092730998,f
13917,1,0.5333018097394941,-0.6299574636509212,f
13918,1,0.5037076667225445,-1.0203585711339225,f
13919,1,0.16641388820788103,-1.0059987951663572,f
13920,1,1.0055954592089853,-0.3203666949692477,f
13921,1,1.724957070719241,-0.18510425797764204,f
13922,1,0.8591519345284899,-0.36884473453815186,f
13923,1,1.6563393576411813,-0.29805309822097276,f
13924,1,1.5901759023052313,-0.08210712175302319,f
13925,1,1.1861245882582825,-0.02659472170983279,f
13926,1,0.21106916216845187,-1.0028130415914858,f
13927,1,1.333765899441964,-0.6803031948392262,f
13928,1,1.1442250927486064,-0.7842305455597246,f
13929,1,1.2663210629304271,-0.17317211116999184,f
13930,1,2.0126307507562777,-0.038032348201193264,f
13931,1,0.05854061917535808,-1.0082966347515772,f
13932,1,0.29243066705542126,-1.0372844633850122,f
13933,1,0,-1.003444859155677,f
13934,1,1.8043763820515104,-0.5695991299103145,f
13935,1,1.1636409614030978,-0.5352748422453951,f
13936,1,0.6764146774256208,-1.0080421068249212,f
13937,1,0.3450602297358236,-1.0032059961046103,f
13938,1,1.2040213433397402,-0.2765088034871521,f
13939,1,1.4494234662711878,-0.38113962967922094,f
13940,1,0.09292487723990074,-1.0339736340505086,f
13941,1,0.020740891515132396,-1.017599989959935,f
13942,1,0.3689907626561016,-1.0104263178109998,f
13943,1,2.0041563023567566,-0.4360092820949248,f
13944,1,1.9977583759514494,-0.41017673519847203,f
13945,1,0.6884380243946335,-0.5985195885553559,f
13946,1,0.7843920541896523,-0.35561815928287166,f
13947,1,1.1265176013866416,-0.38442717282741495,f
13948,1,0.7119432749337884,-1.0263078378915151,f
13949,1,1.5046274648142755,-0.16343493650930527,f
13950,1,0.7546043901049667,-0.3727563854735269,f
13951,1,1.699294352298211,-0.831662904480501,f
13952,1,1.932355051868361,-0.07308022543902759,f
13953,1,2.0148503661308585,-0.08199336812797049,f
13954,1,0.9800027089458015,-0.0228747561056213,f
13955,1,1.7251187157919745,-0.21593163898614165,f
13956,1,1.9815423775802565,-0.03060734793746991,f
13957,1,0.22286895945743723,-1.1042143900390728,f
13958,1,0.9755947141644442,-0.3581130394773625,f
13959,1,0.5767815716695114,-0.6716604337547795,f
13960,1,0.6075328145349986,-1.031639491348313,f
13961,1,1.2548089397255984,-0.44968255064454454,f
13962,1,1.078435253303009,-0.6751764002600904,f
13963,1,0.09011851222655867,-1.0022936969588836,f
13964,1,1.7714219023849944,-0.6692038297898897,f
13965,1,0.17987779228286724,-1.0011129542914583,f
13966,1,0.4179559616238615,-1.0685605491353385,f
13967,1,0.8886972440185721,-1.0071902098876995,f
13968,1,1.2733088274156112,-0.19832377325701467,f
13969,1,0.3064285051891356,-1.1631590892238843,f
13970,1,0.22119492966810209,-0.7223945520510449,f
13971,1,0.08956081484971842,-1.006242096252516,f
13972,1,0.9569104093670172,-0.9645656926419536,f
13973,1,0.14154346264906953,-1.0191129310731337,f
13974,1,1.9175775641620592,-0.26761188335273395,f
13975,1,0.28687460127181774,-1.0184512543533624,f
13976,1,0.24968804731045394,-1.055203399937987,f
13977,1,0.6761044032228603,-0.9553104808500991,f
13978,1,0.6161296736835388,-1.5988819631127191,f
13979,1,0.12501065600356162,-1.0119910247908288,f
13980,1,1.8233433875524012,-0.4354937066435579,f
13981,1,0.9248841341939591,-1.0637782591194664,f
13982,1,0.13736789267975943,-1.0423090102454804,f
13983,1,1.00330062315888,-0.6039769920508421,f
13984,1,-0.022743608217779092,-1.078426089659656,f
13985,1,0.1179633871847515,-1.0094571821384946,f
13986,1,0.2080490355959968,-1.0263752422735515,f
13987,1,1.1602532884579642,-0.5447311199172007,f
13988,1,0.12332141674904823,-1.002216588355961,f
13989,1,0.44473363664325866,-0.5807936989953243,f
13990,1,0.6363683192540734,-0.5756506080591667,f
13991,1,1.2098241298246537,-0.051782355751263304,f
13992,1,0.9724748925953405,-0.38973705682759974,f
13993,1,1.9843540666089106,-0.37318083537639674,f
13994,1,-1.1336951080951216,-1.358189188906026,f
13995,1,1.9915282730470811,-0.10624778627920278,f
13996,1,1.71357564868863,-0.9345546750148788,f
13997,1,1.410399620902015,-0.28659891116139236,f
13998,1,0.3614126441314505,-0.5495084440511424,f
13999,1,1.5351786007342212,-0.24632244215170096,f
14000,1,1.0260204165207902,-0.5246518922602421,f
14001,1,1.7553343113311446,-0.3365064854902052,f
14002,1,1.587813099306413,-0.2807183379989386,f
14003,1,1.6546636185249024,-0.5231295285525064,f
14004,1,0.011069418540514084,-1.0088984326918566,f
14005,1,1.3761382323942144,-0.4052049155407466,f
14006,1,1.7184896239244813,-0.32847188431407276,f
14007,1,1.2641021815421598,-0.31634769171112204,f
14008,1,1.1229830888164667,-0.06178636393375292,f
14009,1,1.7306409850425362,-0.26758520235919153,f
14010,1,2.0134697390056844,-0.6367238199042409,f
14011,1,0.049013325065318414,-0.9439290361718699,f
14012,1,1.0461747289246466,-0.25581644831369077,f
14013,1,1.2625235003600146,-0.20878688321173516,f
14014,1,0.7643362784460781,-0.7231220673533871,f
14015,1,1.1652525434866383,-0.35392217573038237,f
14016,1,1.7688532636664418,-0.2285820896698864,f
14017,1,1.1093238127412324,-0.5164093611036822,f
14018,1,1.3298291218702838,-0.3769720671163982,f
14019,1,0.33814675520000703,-1.0375332147355527,f
14020,1,1.1160915583278084,-0.1425716958379878,f
14021,1,1.5046636067126842,-0.42141149301262454,f
14022,1,1.99668287243194,-0.9374037121872251,f
14023,1,1.3124427906111418,-0.12903849285839586,f
14024,1,0.1365437435557844,-1.0029758617553421,f
14025,1,1.4793926578478265,-0.2525792342667255,f
14026,1,-0.005389818984600087,-1.0011588763917927,f
14027,1,0.6262713749271714,-1.0114429717134197,f
14028,1,0.08051870632104606,-1.0190648768754018,f
14029,1,1.5449038209384063,-0.32136106761208033,f
14030,1,0.9913313103435962,-0.6682074971620311,f
14031,1,1.2862466760004378,-0.5046436760530036,f
14032,1,1.3359574431099968,-0.07718865226856597,f
14033,1,0.9999978741958523,-0.5810385201749564,f
14034,1,0.8502477741589385,-0.5824416766183489,f
14035,1,0.02441190843726058,-1.0253001543639269,f
14036,1,1.0165062806397238,-0.4662487485578882,f
14037,1,1.0505866010564886,-0.5384668002280047,f
14038,1,1.635641378411877,-0.5113304497483303,f
14039,1,2.0618193520697217,-0.2714251150312546,f
14040,1,1.6636890312843957,-0.713852385763834,f
14041,1,0.4121902649641463,-1.0190632283641867,f
14042,1,1.1047870407889877,-0.19316402348387768,f
14043,1,0.04208612279523218,-1.046140766624654,f
14044,1,1.876867542388045,-0.6953101283440285,f
14045,1,0.264220166504216,-0.8681519756567551,f
14046,1,0.8071527878962543,-0.4440133214360426,f
14047,1,0.01886108091959285,-1.0609358017270754,f
14048,1,0.4970614466049936,-1.0190451941539311,f
14049,1,0.039848738263481925,-1.0372392165635338,f
14050,1,0.629523056541672,-1.1533059121798444,f
14051,1,1.9871294045157777,-0.39146319645384464,f
14052,1,0.2701298440343141,-1.062337559711857,f
14053,1,1.9861578454822104,-0.9595572713405212,f
14054,1,0.3197876144070764,-1.1628640523893448,f
14055,1,1.0934337586765956,-0.8046550993337785,f
14056,1,1.9515327377149987,0.005505891736491515,f
14057,1,0.7421297600287913,-0.8394126873734078,f
14058,1,0.8504063162403683,-0.3410660126223291,f
14059,1,0.015299612770685657,-1.0274278422178997,f
14060,1,1.0548612184926103,-0.5020462483735271,f
14061,1,0.42744871402098555,-0.7200866797738665,f
14062,1,-0.045256209575891646,-1.0282210815639947,f
14063,1,0.39710487592427,-1.0646788208834679,f
14064,1,0.6255393008233678,-1.1390674320778167,f
14065,1,1.1930950785214518,-0.026409656686015335,f
14066,1,0.01645516774651983,-1.0136383331836385,f
14067,1,0.7414207849117188,-1.0130472936696864,f
14068,1,0.22356011901584869,-1.1082873985254666,f
14069,1,1.3754335372228719,-0.15500140692309955,f
14070,1,0.15010179529243334,-1.026012271619049,f
14071,1,2.0821198288421914,-0.2829694533228987,f
14072,1,1.076211968808677,-0.17913357803238708,f
14073,1,1.9997364920652125,-0.8381137893756906,f
14074,1,1.0704088033090584,-0.3333453020685758,f
14075,1,1.448191027104611,-0.05435569538728742,f
14076,1,1.6399302711579322,-0.42997088366219155,f
14077,1,0.2608347503209165,-1.0243377943065564,f
14078,1,1.381340455613423,-0.08621912538362188,f
14079,1,1.9534338365604478,-0.010427582757440552,f
14080,1,4.631731405676727,-0.252957082419274,f
14081,1,1.819878342990135,-0.1266676687592355,f
14082,1,0.21248895722745714,-1.0204883678311452,f
14083,1,0.25883099784915403,-1.0182582113185294,f
14084,1,1.1194116487714745,-0.23735375933835545,f
14085,1,1.3274154574109218,-0.42330965374131874,f
14086,1,1.0636313319335957,-0.7941057053041596,f
14087,1,0.02004609681707729,-1.0256919538070899,f
14088,1,0.7617776245767766,-0.3317149831307635,f
14089,1,0.4742352227377377,-1.0773387125238603,f
14090,1,0.42119018829780186,-1.0833154419353621,f
14091,1,-0.025716056297952525,-1.0323159742477075,f
14092,1,1.7413213111647783,-0.5076579371107315,f
14093,1,1.975504781711693,-0.46849342473780775,f
14094,1,0.9337772673259754,-0.3890738613858385,f
14095,1,0.27516146016897747,-0.7884434147149296,f
14096,1,0.3882277650382757,-0.5742535691190779,f
14097,1,0.17773198920252442,-1.2080971698493574,f
14098,1,1.6750905832228662,-0.06669871491790993,f
14099,1,1.8316441281109093,-0.07496962012729962,f
14100,1,1.785476550378063,-0.38260211793814697,f
14101,1,0.4530965865004605,-1.0006453315161878,f
14102,1,1.6208039449373008,-0.10843915777901705,f
14103,1,1.1845714576248336,-0.39274561696649735,f
14104,1,-0.010078246036526461,-1.0011057729615966,f
14105,1,0.22815813131182533,-1.003576675490502,f
14106,1,0.42180104966349546,-1.089040340768813,f
14107,1,0.6776769966451442,-1.0035095728098766,f
14108,1,1.1765621278369394,-0.31479923152824585,f
14109,1,1.9902865076659886,-0.5336973500711328,f
14110,1,1.795824059149782,-0.09597415321251175,f
14111,1,1.147504378619994,-0.3842205672233321,f
14112,1,0.4533973105201667,-0.4638926186340495,t
14113,1,0.262100799962792,-1.0559783674801435,f
14114,1,0.08690166988853028,-1.1708024979525762,f
14115,1,1.5134883536670254,-0.061455339201467125,f
14116,1,0.20496491090659666,-0.9655575923431557,f
14117,1,0.8372180987544487,-1.0075668917187108,f
14118,1,0.6062879529362272,-0.8932728688250315,f
14119,1,1.91214579649494,-0.5889470884919771,f
14120,1,1.236873641703735,-0.7248431561342799,f
14121,1,1.2910156910495414,-0.7513930935756282,f
14122,1,0.31393795420932263,-1.013571109304342,f
14123,1,0.49717459746386794,-1.065374137422525,f
14124,1,1.0773085477364412,-0.5416058041359638,f
14125,1,1.1589895835091777,-0.2565105151086735,f
14126,1,0.5275480298411835,-1.0519180595026307,f
14127,1,1.7815974351263257,-0.277934323093012,f
14128,1,0.21611746614182123,-1.0297361622051837,f
14129,1,1.9724261659328004,-0.34131236022521755,f
14130,1,0.5601979874984139,-0.3100466849047492,f
14131,1,1.2697576930687065,-0.05989423080513034,f
14132,1,0.355960338967039,-1.0187830391125599,f
14133,1,0.8341025913350609,-0.32908762288410504,f
14134,1,1.2395108987124417,-0.31788649291040383,f
14135,1,2.0037452123628166,-0.44932468398438546,f
14136,1,0.5095232417432232,-0.942730227013849,f
14137,1,0.8833233710484159,-1.0297438211406993,f
14138,1,0.1719384085883826,-1.0230335311009326,f
14139,1,1.0915146171999532,-0.6835212894115961,f
14140,1,1.0994244053470037,-0.29209799699251443,f
14141,1,0.3873606945420658,-1.2709119930450976,f
14142,1,-0.04464182240616718,-1.00948120989502,f
14143,1,0.11917719219242986,-1.0434625271959164,f
14144,1,1.224853883527773,-0.40688158788440215,f
14145,1,0.8222736171162124,-0.6649074593577421,f
14146,1,1.9952076700951553,-0.7183420532298578,f
14147,1,1.969340823618361,-0.020546894628405157,f
14148,1,1.5568252501571378,-0.19261334894583487,f
14149,1,1.895662926641079,-0.2838425772510682,f
14150,1,0.5495127277810529,-1.0077383248883054,f
14151,1,0.3721547094375822,-0.8761142118010679,f
14152,1,0.15283600569320172,-1.018906704621301,f
14153,1,1.9754461856690355,-0.6547063619935684,f
14154,1,-0.06700603424814858,-1.0529519667566904,f
14155,1,1.3449223405493516,-0.7378898246798093,f
14156,1,0.28767295515093094,-1.1247084569126535,f
14157,1,1.4854420634086174,-0.04527061526580229,f
14158,1,1.2798043719110166,-0.25996026304444436,f
14159,1,0.9581423111979601,-0.6434354057313503,f
14160,1,-0.023346228635007165,-1.1629340138819346,f
14161,1,1.0458517321536958,-0.7457635930982379,f
14162,1,2.0262997374551994,-0.21232678767065347,f
14163,1,-0.02791469212762031,-1.6104630073632362,f
14164,1,0.6962945453181729,-0.6163147664640608,f
14165,1,0.28424497093573936,-1.0573102719367617,f
14166,1,0.6042821179348928,-0.5285822883460937,f
14167,1,1.346413395178798,-0.13996391077261042,f
14168,1,1.1136309829501276,-0.09317231331457881,f
14169,1,2.0024041743643144,-0.2349189254840878,f
14170,1,-0.11202849032667966,-1.0024367511049783,f
14171,1,0.07813034313635145,-0.9394697357615577,f
14172,1,0.5672497260320075,-0.7791656614174548,f
14173,1,1.740356208058921,-0.6669312465666132,f
14174,1,1.0150007704789643,-0.48071150859923223,f
14175,1,1.9124740004063452,-0.24871820964882535,f
14176,1,0.5174832165695862,-1.0034125784702876,f
14177,1,1.0226749127555674,-0.3045989917586517,f
14178,1,2.0151097811406182,-0.14488683679512102,f
14179,1,1.7532937209873198,-0.150175051048169,f
14180,1,1.2072866996572504,-0.18098264967441416,f
14181,1,1.1416418711233782,-0.22506654030718332,f
14182,1,0.13789994114747434,-1.0480395527207613,f
14183,1,0.5608531805852567,-1.1031963552106205,f
14184,1,0.40459066943492444,-0.5766213477773914,f
14185,1,0.11001822481150576,-1.002585435782075,f
14186,1,0.7176128901684313,-0.5269500511488058,f
14187,1,0.7380178637101908,-2.8399942434464416,f
14188,1,0.2034336234130283,-1.1478715849575758,f
14189,1,0.6926728940182706,-1.0628554570510194,f
14190,1,0.24774653103953398,-1.0135085360707932,f
14191,1,0.9203436276107133,-0.4185398644260776,f
14192,1,0.4720082753088198,-1.015567927314835,f
14193,1,1.7056337010912355,-0.12526073692224857,f
14194,1,2.067164558030771,-0.4082337087121863,f
14195,1,0.532618114937175,-1.0077352986321058,f
14196,1,0.6548642495725743,-0.3890614747780753,f
14197,1,0.20044584499852652,-1.0099615572923162,f
14198,1,0.2880999921138633,-1.03907531781789,f
14199,1,0.22196456187271654,-1.0237005593569866,f
14200,1,1.4236018588227097,-0.150160744012802,f
14201,1,1.3472844661676848,-0.12063919729736816,f
14202,1,0.9074022580202983,-0.6858496897138676,f
14203,1,1.7948725784937691,-0.41967165758309627,f
14204,1,1.3870699537314861,-0.5345078484124299,f
14205,1,2.0142144794647154,-0.263346422643367,f
14206,1,1.7069515554980124,-0.14093130525986436,f
14207,1,0.03831727501972919,-1.0384964024581156,f
14208,1,1.9332144903068715,-0.3031759413646899,f
14209,1,1.2364260480524711,-0.3948251245881752,f
14210,1,0.4754029014203594,-1.023539284432766,f
14211,1,0.5658960922296394,-1.0548934123445008,f
14212,1,0.6639113842022043,-1.0073442677855047,f
14213,1,0.050710043797783454,-1.0103592059709483,f
14214,1,0.16997720010007614,-1.0148143728747356,f
14215,1,1.0987048473299383,-0.7346369689247415,f
14216,1,1.2683578296221705,-0.06653216293776586,f
14217,1,0.5235730775502551,-0.7674061535385455,f
14218,1,0.7300654181115783,-0.9426604678656559,f
14219,1,0.0068741803999890615,-1.024252879599308,f
14220,1,0.0755506380309317,-1.0340993580483107,f
14221,1,0.206692103053807,-1.076721653117342,f
14222,1,0.19756468421483148,-1.0070980244122834,f
14223,1,0.8255867862893641,-0.9540434715686508,f
14224,1,1.081509509726457,-0.3163415315949962,f
14225,1,0.3663681599423929,-0.7583820910808078,f
14226,1,0.03317134179292417,-1.0117259246841714,f
14227,1,0.5080771942329434,-0.975030646896074,f
14228,1,0.5090290021408577,-1.019275777014081,f
14229,1,0.1485407798799042,-1.0032045208308011,f
14230,1,0.2544842645764108,-0.9894074322319849,f
14231,1,0.2383931721049705,-1.1327120663022217,f
14232,1,0.16475151699097393,-1.045753273103762,f
14233,1,0.051257463705746374,-1.002806277114553,f
14234,1,0.4480356646935389,-1.4193168178900761,f
14235,1,-0.019842866493643994,-1.0233249720300068,f
14236,1,1.4304514733726421,-0.2931418160221335,f
14237,1,0.24379004218964595,-1.0191891395887984,f
14238,1,1.228748881206926,-0.13820102773488654,f
14239,1,0.16306612367958823,-0.9396134477969693,f
14240,1,0.6097897750354591,-1.0064968106462795,f
14241,1,0.8120073300438662,-1.0034161052911312,f
14242,1,1.0743096249015796,-0.4971539221618575,f
14243,1,1.2772927223997779,-0.06180448656771827,f
14244,1,0.15010926528600305,-1.0069373342907884,f
14245,1,1.4259796843544186,-0.5265685238283873,f
14246,1,1.7603792744289317,-0.45335449032998537,f
14247,1,0.1984394268542251,-1.0061896579595222,f
14248,1,0.45497597486348224,-1.0215264394755448,f
14249,1,1.6192996002088584,-0.25377083286854335,f
14250,1,0.31336565363801305,-1.0420044905523569,f
14251,1,1.3891104067417295,-0.13009129205993222,f
14252,1,1.9764601119927616,-0.2863621184989476,f
14253,1,2.0220665990232463,-0.2417688324918781,f
14254,1,0.44994186033545674,-0.6583564882830124,f
14255,1,0.423005641185812,-1.0222636328657528,f
14256,1,0.10808299033533307,-1.0122531094853269,f
14257,1,1.628971407351466,-0.09453503131390673,f
14258,1,0.03988051210764681,-1.0024020610839366,f
14259,1,1.0625961414342693,-0.09576256387274323,f
14260,1,1.1676618902126457,-0.4000573993535811,f
14261,1,1.7915445701167125,-0.0692975146575122,f
14262,1,0.5560691799846069,-0.7299062494336204,f
14263,1,0.8580596270448326,-1.0398886095669806,f
14264,1,0.8375885364835236,-1.0140051341025826,f
14265,1,1.0859106005110348,-0.12934094413728833,f
14266,1,0.4082251234996098,-0.7700610284197205,f
14267,1,1.7124761098959256,-0.5146301262899738,f
14268,1,1.1602340336682122,-0.9437310321703326,f
14269,1,0.15559112829593136,-1.019766057430133,f
14270,1,1.0987282840233326,-0.8450080757205888,f
14271,1,0.15942402801727565,-1.0529400920208902,f
14272,1,0.3229610771004653,-1.0013090422553026,f
14273,1,1.3165810530119766,-0.05729681025405848,f
14274,1,1.2582041944554325,-0.18192318110129943,f
14275,1,2.0058856960788756,-0.18305925876825213,f
14276,1,0.46457692917905324,-1.0067030211886374,f
14277,1,1.2322935686721996,-0.30807339216805824,f
14278,1,0.013650441591022118,-1.008945682814858,f
14279,1,0.7534866577620002,-0.5807879889499868,f
14280,1,0.5292864375829651,-0.31094516236814074,f
14281,1,0.5429950874955597,-0.3636127818050608,f
14282,1,1.8597984824717888,-0.2716135714766232,f
14283,1,0.05257436505209008,-1.0026682477790931,f
14284,1,1.2692426727463968,-0.1899182924446584,f
14285,1,0.5744643872738155,-0.8010343110077645,f
14286,1,2.010522157561501,-0.38621097572129637,f
14287,1,1.9612850513541553,-0.12461203364955181,f
14288,1,1.4765437991804056,-0.1908949867696606,f
14289,1,0.7172014132034464,-0.5248873245823504,f
14290,1,0.016770622325084156,-1.0047127374759217,f
14291,1,0.42434625103243734,-1.0499449520030888,f
14292,1,0.3998013102974495,-1.090502827714301,f
14293,1,1.1332844971334453,-0.35012041374855757,f
14294,1,1.1216404520617904,-0.046094813098451495,f
14295,1,1.9582561690681954,-0.6128893353572152,f
14296,1,0.9593531509348041,-0.7238046537134004,f
14297,1,0.1711618005262176,-1.0429265642233447,f
14298,1,1.7053348431480513,-0.2746135290122508,f
14299,1,0.049009681762797276,-1.001197784582961,f
14300,1,0.10919934048589665,-1.0622117665446493,f
14301,1,1.5983602615718775,-0.4394117557585872,f
14302,1,1.1961212415074378,-0.18309509593967982,f
14303,1,1.2664933212153917,-0.14453765586751482,f
14304,1,0.06575080552521737,-1.019939324732758,f
14305,1,1.9239366269083786,-0.1361197613515754,f
14306,1,1.431578853385306,-0.2729151467070172,f
14307,1,1.1652729959286725,-0.46355167190577873,f
14308,1,0.4481343431951155,-1.0023359865546897,f
14309,1,1.508911963279942,-0.12244449538093564,f
14310,1,-0.015347632145744626,-1.0065488748917213,f
14311,1,1.9984458544548604,-0.23378045844567127,f
14312,1,0.959592717533513,-0.45408178267602634,f
14313,1,1.0492808865892027,-0.5402680309671963,f
14314,1,2.1060090516688432,-0.5169871617801411,f
14315,1,0.8371165780621699,-0.7940733497575196,f
14316,1,0.3010312552761048,-1.0279897121661754,f
14317,1,0.9498611979641002,-0.8993998218222286,f
14318,1,0.3342716124877682,-1.0224778734921394,f
14319,1,0.3893070347511673,-0.8965858982147815,f
14320,1,0.5853878194181661,-0.732964580616029,f
14321,1,1.2732874625518242,-0.11774124488594183,f
14322,1,0.8994266075721028,-1.2546141850846093,f
14323,1,1.8220948548849254,-0.7181492095330384,f
14324,1,1.0590075663760492,-0.24896600367949892,f
14325,1,2.0071906106753064,-0.4699549132215596,f
14326,1,0.7341738421683144,-0.5073123386272375,f
14327,1,0.23043341842263523,-1.021922116482892,f
14328,1,1.1927984794331237,-0.24183261854362145,f
14329,1,0.2043381957229735,-1.028641257381028,f
14330,1,0.4501875042912326,-1.0019009739418603,f
14331,1,0.1541559221869552,-1.0027206314731316,f
14332,1,0.6276227477232664,-1.02805174061459,f
14333,1,1.2413688032100252,-0.5485420261305086,f
14334,1,1.9612501535973215,-0.26677692672253084,f
14335,1,0.9043385098414867,-0.8198376948066503,f
14336,1,1.0675350300151472,-0.47893314090405975,f
14337,1,0.04474710362549692,-1.0106673405070419,f
14338,1,1.023853415277645,-0.18911001032547808,f
14339,1,1.625762124614086,-0.4088173763649119,f
14340,1,0.04067928910404491,-1.0441017536710142,f
14341,1,0.194145600866336,-1.0089688045022942,f
14342,1,1.4277901202339933,-0.40300527587250795,f
14343,1,0.6203173771920657,-1.0435726041712128,f
14344,1,1.6363009043628383,-0.23879415744374888,f
14345,1,-0.022264767794795443,-1.0167577292956234,f
14346,1,0.014694580921300415,-1.0139260835721302,f
14347,1,1.248528828341747,-0.6938389213990848,f
14348,1,0.021652844809680948,-1.028510128459845,f
14349,1,0.46413223360410716,-1.00266734435086,f
14350,1,1.1614859085689233,-0.2686051941666718,f
14351,1,1.0977338992937289,-0.4073122454949837,f
14352,1,0.32399781516376913,-1.045965549410037,f
14353,1,1.060665207743813,-0.5558140503042216,t
14354,1,1.0754005990220394,-0.23179455726719458,t
14355,1,0.882553498098919,-0.8141105737565355,f
14356,1,0.8366514330282467,-0.8754751654193701,f
14357,1,1.2653685827567345,-0.1008391415564696,f
14358,1,0.26435398572456414,-1.06080509656136,f
14359,1,1.4619802467091796,0.00825977540512918,f
14360,1,0.9767591146814775,-0.5179636218866915,f
14361,1,0.6895949811577751,-0.44054836689561194,f
14362,1,1.2997621995309576,-0.04735975625823035,f
14363,1,0.6407434217574016,-0.3231770673662685,f
14364,1,0.13853195399028329,-1.0000275428672958,f
14365,1,0.8455188688767475,-0.6215491371523297,f
14366,1,0.9704771514181105,-0.1256421312103652,f
14367,1,0.46631291111866996,-0.9385472560293513,f
14368,1,0.5006637680948611,-0.7942861283309199,f
14369,1,0.21276116253031194,-1.0135888923027763,f
14370,1,0.7518538710289387,-0.49197394604282046,f
14371,1,-0.0168281420332301,-1.0020393665219622,f
14372,1,0.4683086424269977,-1.053694445460796,f
14373,1,1.0386938105031331,-0.40964733737720077,f
14374,1,0.8497293683400226,-0.5221565970195137,f
14375,1,0.9248148221542621,-0.5665194245245093,f
14376,1,1.130632263678788,-0.514228303628694,f
14377,1,0.6216851883590152,-0.5529561725604736,f
14378,1,0.7473751285554033,-0.8338324056376216,f
14379,1,1.9406459244994274,-0.36177749110347435,f
14380,1,0.7674438573597745,-0.3429004469054169,f
14381,1,-0.008441214621878952,-1.008725147316844,f
14382,1,0.6378240204132763,-0.4450488500645146,f
14383,1,0.18784581132715902,-1.6123432138913742,f
14384,1,1.2730873363407926,-0.33744483613850534,f
14385,1,0.14182078448189667,-1.000816592929229,f
14386,1,0.1193567172920362,-0.9035303499007714,f
14387,1,0.7915716439903981,-0.3036165209826382,f
14388,1,0.9728151855453501,-0.47631614893919755,f
14389,1,1.3359903448100328,-0.19443990933852398,f
14390,1,0.03279557279971279,-1.003544527672131,f
14391,1,0.1245703307164427,-1.0056223061471319,f
14392,1,0.5125311012588191,-0.9545552785348459,f
14393,1,1.1563802775750764,-0.6089621629807215,f
14394,1,1.812995218090758,-0.6273101324952932,f
14395,1,0.09119413091678068,-1.0565940685526554,f
14396,1,0.9439878675335674,-0.24010841229951027,f
14397,1,0.6177048992982508,-1.0080337620450388,f
14398,1,1.471100281885137,-0.5825409637540174,f
14399,1,0.23920114161832334,-1.0133430181284255,f
14400,1,-0.026024933783517345,-1.0052130673889064,f
14401,1,0.0027779816940187397,-1.0084073549239863,f
14402,1,0.014226910005572918,-1.0015744643903683,f
14403,1,1.2545652176342488,-0.2515191136802905,f
14404,1,0.8864127990479321,-0.9713182395696843,f
14405,1,1.9535243388390846,-0.5627583875187678,f
14406,1,0.8077586910965678,-1.0038811716508156,f
14407,1,-0.022069017567496386,-1.0246329584922607,f
14408,1,0.14784102106617095,-1.0096459975251524,f
14409,1,0.9162552892073056,-1.041498817947859,f
14410,1,1.056217872525574,-0.2947584760536594,f
14411,1,0.8599937781618269,-1.0094135465683274,f
14412,1,0.9040213190846575,-0.9557666471130604,f
14413,1,0.3102088307576597,-1.0236891415002811,f
14414,1,1.1421979937188385,-0.46901849983624105,f
14415,1,0.3032029449765328,-1.0991106755400493,f
14416,1,2.0516145244084183,-0.35618307715422315,f
14417,1,0.4342683600908955,-0.8912435625394312,f
14418,1,1.9732638611987554,-0.0654637299923787,f
14419,1,1.4530285860705958,-0.11055652285318823,f
14420,1,0.7505648281852633,-1.0614330965754393,f
14421,1,1.449580573305331,-0.6378154522543437,f
14422,1,0.46921772591046823,-1.0031551381534365,f
14423,1,0.6697826779974517,-1.0117993646344063,f
14424,1,0.08430522422461502,-1.0011245376672533,f
14425,1,-0.10763881847191362,-1.079649967097042,f
14426,1,0.7767217499692631,-0.9403987470892459,f
14427,1,1.2565040552833078,-0.44538904553265446,f
14428,1,0.42715892362521785,-1.0328842825363942,f
14429,1,0.9703875798205455,-0.20573588264742362,f
14430,1,0.5269818693331131,-1.0085944386573504,f
14431,1,1.2050719615819796,-0.7067870742416233,f
14432,1,1.3618994364768193,-0.26676380714497694,f
14433,1,0.4040981053249133,-1.021266120730262,f
14434,1,0.6339463977504209,-1.0365880287540519,f
14435,1,0.09834527009313179,-1.034763276631575,f
14436,1,2.0813881711238986,-0.7859787499348558,f
14437,1,0.3602648017683765,-1.0110657339950662,f
14438,1,0.26168354403963495,-1.0762196459092537,f
14439,1,0.21573270678353296,-1.0034839542811642,f
14440,1,1.960123187693397,-0.6609717725942904,f
14441,1,1.580293471422079,-0.4560365929554334,f
14442,1,1.7833771280263384,-0.6464020658218456,f
14443,1,0.017636485467494703,-1.0430721405053736,f
14444,1,1.6378249435244212,-0.3855314140850596,f
14445,1,1.6256287680853867,-0.5977000976797422,f
14446,1,1.4006501484932654,-0.1293673316548148,f
14447,1,0.29077898695191096,-1.0075830012984501,f
14448,1,1.9649352189451896,-0.14674832647817768,f
14449,1,0.13251797543017588,-1.0208792181287158,f
14450,1,1.0475421368990692,-0.1887702835528699,f
14451,1,0.5645671719563333,-1.0157484683732836,f
14452,1,1.4679794449964558,-0.44928339805946294,f
14453,1,0.41091701924429336,-1.0155146717630035,f
14454,1,1.9888439547718824,-0.4294675892052603,f
14455,1,1.407929091459694,-0.40727450729967823,f
14456,1,1.05394208155968,-0.41999195731327094,f
14457,1,0.6831506851796727,-1.006748378159487,f
14458,1,0.14653254665157145,-1.0309611317986187,f
14459,1,1.984880401729964,-0.11186088764662161,f
14460,1,1.0028171251270328,-0.18985372757260452,f
14461,1,2.0141867946943215,-0.08831653555234308,f
14462,1,1.0471575570486438,-0.4629278089080721,f
14463,1,0.5664393154054236,-1.0745687012837788,f
14464,1,1.9598358396623157,-0.08521025389836448,f
14465,1,1.0124114691272603,-0.14621259729190952,f
14466,1,0.7898416431961335,-1.0000041856840134,f
14467,1,0.48266335701462526,-1.0050262975065944,f
14468,1,0.26334523739782917,-1.0452530101654192,f
14469,1,0.6750808687979087,-0.7038689655483678,f
14470,1,0.10921262291670154,-1.0162327115469636,f
14471,1,1.3812492289542802,-0.14015345981380037,f
14472,1,1.0619596896072427,-0.4261660359595291,f
14473,1,0.9263921237769112,-0.395695128246413,f
14474,1,0.6758669803960444,-0.493354378095019,f
14475,1,1.5498329855877107,-0.6564375248873393,f
14476,1,1.5497810266043068,-0.5902595606742521,f
14477,1,0.524992933780119,-0.7406150315827306,f
14478,1,1.9687256860796516,-0.42867414132374687,f
14479,1,1.0092491514704922,-0.3842747815222881,f
14480,1,0.09083794635719224,-0.7569828863098943,f
14481,1,1.9808287048858169,-0.10179847733888979,f
14482,1,0.9243298636514424,-0.7335951298821025,f
14483,1,0.6132585845133437,-1.0178828052231736,f
14484,1,0.9490251660701119,-1.1278688143873135,f
14485,1,1.9820178913986124,-0.12867032503459766,f
14486,1,1.2645378346080531,-0.3962812228173079,f
14487,1,1.3812557544032893,-0.4940078409876392,f
14488,1,1.138207997925369,-0.05397687412841055,f
14489,1,1.2641770936121948,-0.4404383471153603,f
14490,1,1.1000448185114104,-0.05888890891390062,f
14491,1,0.11026115328030532,-1.0128640824584585,f
14492,1,0.26774970818695587,-1.0346056685282832,f
14493,1,1.6558887150027508,-0.19984863801755448,f
14494,1,1.2364509913415482,-0.4882800093196071,f
14495,1,-0.010912626741839536,-1.0285150704207606,f
14496,1,0.8106620318781979,-0.461189353824701,f
14497,1,1.2066060149442568,-0.7701254299928504,f
14498,1,0.45407161323103823,-0.8240558906785901,f
14499,1,0.9798494034700674,-0.27915937420798126,f
14500,1,0.3451115412946604,-1.0016652052210475,f
14501,1,0.8705683476749855,-0.4503682788714762,f
14502,1,0.5734564672047869,-0.7468270270574064,f
14503,1,2.0865514806774264,-0.32872239615477006,f
14504,1,2.00070958605007,-0.09720046571903546,f
14505,1,1.1281902326723825,-0.10440835058151093,f
14506,1,1.969636934790108,-0.2480502286692278,f
14507,1,1.6889643299630646,-0.03382761175894115,f
14508,1,1.88803896445027,-0.2890557831357776,f
14509,1,1.566937055773713,-0.7310886974306657,f
14510,1,1.9891430773590142,-0.3149039172599728,f
14511,1,1.156532136977684,-0.08912344424736689,f
14512,1,1.1274466303009882,-0.21834353755828967,f
14513,1,2.025181293530121,-0.6154397093349053,f
14514,1,0.9434799071263602,-1.025475339235518,f
14515,1,-0.0008888163774939424,-1.0621355711152773,f
14516,1,0.9095980205710662,-0.5724882278594153,f
14517,1,1.3170462945241572,-0.3001178938557934,f
14518,1,0.6510591987711678,-0.5276356539804488,f
14519,1,1.031909651044887,-0.14609473554218347,f
14520,1,0.7148542134851797,-0.982293789824353,f
14521,1,0.23892918203225155,-1.0369214174471202,f
14522,1,1.819488239013875,-0.11718737810599086,f
14523,1,1.980565206291238,-0.40064868676884374,f
14524,1,1.473657206298313,-0.006358822896679014,f
14525,1,0.9845820596425081,-0.08248493318813929,f
14526,1,0.10173601524144797,-1.0593262587013912,f
14527,1,0.06859864474382231,-1.0374040661255701,f
14528,1,1.0922729740102062,-0.7606701019004207,f
14529,1,0.11416417549544859,-0.5946050807054388,f
14530,1,1.9746095662259027,-0.5080306165532864,f
14531,1,0.31032681700971987,-1.0035243822781894,f
14532,1,0.18664602127864632,-1.3027387836543531,f
14533,1,1.017703727275597,-0.3764852807725429,f
14534,1,0.8635710314118697,-0.2740398739680328,f
14535,1,0.3318196334082199,-1.0039308908648292,f
14536,1,0.5590231815147452,-0.8677932238658811,f
14537,1,0.353755834098477,-1.0007389375257094,f
14538,1,0.9369625553205059,-0.43397557448980506,f
14539,1,0.4067351785866585,-0.6002168434004241,f
14540,1,1.9838150817009101,-0.14398657851055494,f
14541,1,0.14406620848057317,-0.9808763130589657,f
14542,1,1.9795290922313447,-0.2835639301827931,f
14543,1,2.0238196944262197,-0.7048907604425502,f
14544,1,0.9909773989704664,-0.5829278817473189,f
14545,1,1.4741469123436506,-0.3583738865276776,f
14546,1,0.8616328343406506,-1.1047868309168947,f
14547,1,0.18100641673795392,-0.7194624799752285,f
14548,1,1.4344887259855559,-0.07877250229399685,f
14549,1,1.3405385193985726,-0.11608015112112934,f
14550,1,0.48833637060454493,-0.7395141688820024,f
14551,1,1.252591210548892,-0.4806138014388331,f
14552,1,2.096223094594776,-0.048927161945336375,f
14553,1,0.8669853659080974,-0.6454927541797376,f
14554,1,-0.032332390574634724,-1.0079271322616268,f
14555,1,0.1883860992248079,-1.0008910309959211,f
14556,1,0.9669820711181788,-0.6568896530239967,f
14557,1,1.0265588831154406,-0.33821315887833464,f
14558,1,0.13841814176762493,-1.0534349105051781,f
14559,1,1.4367196021645605,-0.1806256477922787,f
14560,1,0.8205615817761659,-1.0000594277897514,f
14561,1,0.353530367964189,-0.7841730645111678,f
14562,1,0.6901694568383504,-1.013193974308383,f
14563,1,0.18128840038387273,-1.1254007192661324,f
14564,1,2.005625759059752,-0.48841199226431636,f
14565,1,0.6968912877452604,-1.0119928508645704,f
14566,1,1.453704800092289,-0.08657912876328702,f
14567,1,0.7191154218527738,-0.2785762445015505,f
14568,1,2.339972996882516,-0.4614795933527125,f
14569,1,1.8230443448868154,-0.0705512517370956,f
14570,1,0.00974493771631405,-1.0110372880663276,f
14571,1,0.39722935555037764,-1.035318415577245,f
14572,1,1.9969119874166796,-0.008539024992013894,f
14573,1,0.6507106740087389,-1.1014965421087473,f
14574,1,0.8997525500064215,-0.40325383465971,f
14575,1,2.0171397136146645,-0.6865217380944694,f
14576,1,0.4653659277771499,-0.8574560050479675,f
14577,1,1.5321818563215972,-0.23440095563127034,f
14578,1,1.0074990714169731,-0.26383625615127454,f
14579,1,1.9923929119050952,-0.5465992919059489,f
14580,1,0.283256517832849,-1.0284248082101888,f
14581,1,0.2674598180325911,-1.0181303739774763,f
14582,1,0.39530476652454744,-0.6675810087736112,f
14583,1,1.1845539367756257,-0.3409466962505728,f
14584,1,0.7772417070955623,-1.0638797590135627,f
14585,1,1.1709133607216853,-0.4115555316390921,f
14586,1,0.459509705602786,-0.458590686191576,f
14587,1,0.8961997319988555,-0.8475573123344633,f
14588,1,1.5235879243228085,-0.11922526068401774,f
14589,1,1.1327395178928306,-0.7943652529631643,f
14590,1,1.1825820684476518,-0.7198325634028548,f
14591,1,1.7436048944162716,-0.601373488529715,f
14592,1,1.8802331585082939,-0.3451163892673051,f
14593,1,0.9806820233718188,-1.0041513367517225,f
14594,1,1.201133754823365,-0.5777605402947824,f
14595,1,0.3042095958018701,-1.04143062183979,f
14596,1,1.640947155945487,-0.2658178029218045,f
14597,1,0.541393304593316,-1.0415732780411098,f
14598,1,-0.021403994356889937,-1.289104205584274,f
14599,1,0.09874042898777163,-1.1177416561412976,f
14600,1,0.45930298238820605,-1.0080005049727918,f
14601,1,0.3527017788534822,-1.0013615172496173,f
14602,1,2.02203108676783,-0.1597007419135418,f
14603,1,0.9380063100825188,-0.47536149348920004,f
14604,1,0.3813534856573173,-0.9875512229738475,f
14605,1,0.7770598903696021,-0.43370784578770083,f
14606,1,1.9866901404196773,-0.09691171416681725,f
14607,1,0.5394275057700777,-1.0160813964702378,f
14608,1,0.14387689147325733,-1.0874416216002731,f
14609,1,2.009490149853299,-0.14767025735872838,f
14610,1,0.43604709526743013,-1.0796156404984028,f
14611,1,0.8092934495979155,-0.6339619154774783,f
14612,1,0.22727912457905058,-1.0051935827973653,f
14613,1,0.5489847124216909,-0.7609513461354009,f
14614,1,2.008056326576107,-0.08556066087151583,f
14615,1,2.111375281935629,-0.5953353013473229,f
14616,1,0.05098674611330442,-1.0018895611263956,f
14617,1,0.1266706020630972,-1.0215749481199503,f
14618,1,2.0513963563348345,-0.23458493175479614,f
14619,1,0.7674314581978909,-1.04138453192816,f
14620,1,0.3324880769138797,-0.7447095056056634,f
14621,1,1.8856273205556386,-0.6305441677017264,f
14622,1,0.8594923870616995,-0.5513078658044862,f
14623,1,1.916770730425217,-0.10287478350636108,f
14624,1,1.4278098380952977,-0.5887948490759464,f
14625,1,0.11835801812250163,-1.0526308845789265,f
14626,1,0.9460675528628026,-0.8492336170528729,f
14627,1,1.0635949674613858,-0.08197668721540632,f
14628,1,0.7763814726754124,-0.207193828597429,f
14629,1,1.215619605357396,-0.7745333770419552,f
14630,1,1.427126945833335,-0.9645409702873362,f
14631,1,0.7402360738470306,-0.7552815225024729,f
14632,1,0.21284547281236282,-1.0443352637989944,f
14633,1,0.8118679335883525,-0.325156174913198,f
14634,1,0.036098828352538775,-0.8868278831940302,f
14635,1,0.5181454053511063,-0.7536660441470562,f
14636,1,1.8138204192670841,-0.43702834027833476,f
14637,1,1.1903655433267184,-0.24234987109647801,f
14638,1,0.004228427461642682,-1.0105941633277538,f
14639,1,0.8151389464476994,-0.9802805482401405,f
14640,1,2.0016843499057595,-0.7622513159084132,f
14641,1,1.019187809589745,-0.5425795076151334,f
14642,1,1.431515526656905,-0.09699886628713167,f
14643,1,0.5035515053056429,-1.0123850194081983,f
14644,1,0.6839117005425877,-1.0206182285509304,f
14645,1,0.041932676704668485,-1.0146210166936362,f
14646,1,2.008182521687219,-0.5323011975662816,f
14647,1,1.7069386181294923,0.007490679618762628,f
14648,1,1.0179500331958846,-0.3209561499046266,f
14649,1,1.0649988935276542,-0.3838821964311756,f
14650,1,1.0000057417473096,-0.7723258630459329,f
14651,1,1.9839950632597003,-0.07580047583884494,f
14652,1,1.5072677859952572,-0.3296361935982935,f
14653,1,1.620048604409469,-0.9259357295494859,f
14654,1,0.41917191499138023,-1.0226702421125542,f
14655,1,1.5730401448153501,-0.34275276848940617,f
14656,1,1.9220240964490138,-0.4645246707604089,f
14657,1,0.867269862891366,-0.31422821119251126,f
14658,1,0.10081118614707321,-1.108923047617487,f
14659,1,0.5800858422371897,-1.0290788387711267,f
14660,1,0.8243980134327927,-1.109515903454034,f
14661,1,1.7256126939689171,-0.28260368317001394,f
14662,1,0.034719854115358176,-1.001534253327237,f
14663,1,0.33322293270055914,-1.003513678094285,f
14664,1,1.433125178222725,-0.3284245200093826,f
14665,1,0.4762325959751625,-0.5773793420229889,f
14666,1,2.0048451222779176,-0.7665146532836628,f
14667,1,0.8012122202419262,-0.7085453264416681,f
14668,1,1.096131863048724,-0.38330991529920483,f
14669,1,0.24049391462565203,-1.0679828445548154,f
14670,1,0.6495042646902623,-0.6097666619982461,f
14671,1,1.109669201963293,-0.13224037121844362,f
14672,1,1.0157761490546244,-0.46005374063832344,f
14673,1,1.1684836419420501,-0.0984282249530323,f
14674,1,0.9703603084425017,-1.0570299682158044,f
14675,1,0.8481306026366882,-1.0072489103879885,f
14676,1,1.4233667046565182,-0.9070599702041366,f
14677,1,0.5785688640826699,-0.7088900686161554,f
14678,1,0.41941741771528585,-0.9762301964061751,f
14679,1,1.2163786916114894,-0.31572670957128474,f
14680,1,1.5976944427131126,-0.6230722513621927,f
14681,1,0.513584164857471,-0.9471839105977751,f
14682,1,1.9771288066175077,-0.43259212717978063,f
14683,1,1.2335416990752968,-0.6344808739313602,f
14684,1,1.1292491838938985,-0.25869543723695526,f
14685,1,0.9421738770286727,-0.5674809655370203,f
14686,1,0.7811236691695425,-0.8606498345827078,f
14687,1,-0.12828998147156165,-1.0052573175013708,f
14688,1,0.7085291360886956,-1.004416021362816,f
14689,1,0.17607421434980997,-1.023595619242436,f
14690,1,0.1717113015123914,-1.0117758227574318,f
14691,1,1.343971406012906,-0.12001766557489543,f
14692,1,0.9959772457288081,-0.16375576800938263,f
14693,1,0.6879808987470085,-0.8930083189033726,f
14694,1,1.73061251088293,-0.4204082278795698,f
14695,1,2.0342386548714653,-0.7477397430911155,f
14696,1,1.9971366076873625,-0.1638711951140014,f
14697,1,0.9717496963098184,-0.21278629713660854,f
14698,1,0.3963802129396835,-1.0314645320143374,f
14699,1,2.0048547794574096,-0.04411377048025667,f
14700,1,0.9276606533386144,-0.2615824400748283,f
14701,1,1.5128417689470237,-0.08181402355783866,f
14702,1,1.515655186124115,-0.1795959079903385,f
14703,1,1.945412984238452,-0.11622937516013931,f
14704,1,0.3531149245588789,-1.071521150385722,f
14705,1,1.9118192443224442,-0.08906978176545692,f
14706,1,0.15242361947659933,-1.0418602695987556,f
14707,1,1.9002381981177654,-0.014858508933999459,f
14708,1,1.4978523319854402,-0.4572198815584437,f
14709,1,0.9632857865744514,-0.7450042782866396,f
14710,1,0.07033298875471986,-1.3166989755242227,f
14711,1,2.051664763160578,-0.14963052971154764,f
14712,1,0.7848209641001692,-0.6160422621431544,f
14713,1,1.0516491783971997,-0.44381524959881896,f
14714,1,1.213916513682937,-0.24886011961080087,f
14715,1,1.5212772615717423,-0.14802580622567216,f
14716,1,1.6625416920046054,-0.9830214204744893,f
14717,1,1.4025405551396484,-0.1721681519782053,f
14718,1,1.33475195363904,-0.1405002056461983,f
14719,1,1.9127701079359436,-0.18903839818350854,f
14720,1,0.2769205947222268,-1.1127172987931153,f
14721,1,0.9856049789689949,-0.26471884327223466,f
14722,1,0.18180361478329,-1.0453707850038936,f
14723,1,0.15034949369854567,-1.0378965048868474,f
14724,1,1.4854495256180429,-0.32541629789364374,f
14725,1,0.01348715993058002,-1.0288776289892105,f
14726,1,1.0344107826873226,-0.41781360795377454,f
14727,1,1.4069302993092405,-0.16189334950956485,f
14728,1,0.5982639326796213,-1.867455433586857,f
14729,1,0.5618682292247507,-0.23433366906063627,f
14730,1,1.0105205316109445,-0.5264599972378704,f
14731,1,1.1586609414107736,-0.4437424881999154,f
14732,1,0.73356806116037,-1.0195352714431627,f
14733,1,0.05000751269444263,-1.0401562640453732,f
14734,1,1.8816565946387085,-0.19215375629257822,f
14735,1,0.32903072636925224,-1.1606634338438953,f
14736,1,1.8442030623211536,-0.2884605844403856,f
14737,1,1.3339544135843906,-0.15731611016424968,f
14738,1,1.179657339835457,-0.3800238410208304,f
14739,1,-0.034664271894875046,-1.0009308509633317,f
14740,1,0.05657304822622344,-1.0239721728946174,f
14741,1,0.03414904438763765,-1.046039149136799,f
14742,1,1.69034026966426,-0.2639042054320004,f
14743,1,-0.01764089505837415,-1.0118313379923594,f
14744,1,0.4036711859683269,-0.6500203689459269,f
14745,1,1.87367344521829,-0.3418518014733729,f
14746,1,1.1678062964433746,-0.2411041834640932,f
14747,1,0.5047397517553873,-1.0246216960634007,f
14748,1,2.020457943018337,-0.1836779948198619,f
14749,1,0.17041176225642235,-1.0249225413407266,f
14750,1,2.016232425359683,-0.49925755294621355,f
14751,1,0.5554479324293393,-0.9300151260560003,f
14752,1,2.031543994667232,-0.10231420886501251,f
14753,1,1.0807820894991005,-0.371411622819917,t
14754,1,1.2258194738546335,-0.07885388428304456,f
14755,1,0.9284967774970248,-0.7937788951290309,t
14756,1,0.6504219633103975,-1.0342546669806976,f
14757,1,0.6513143017417073,-1.006222094906399,t
14758,1,0.17198684466643155,-1.0319210679984376,f
14759,1,-0.03274732859306368,-1.0385581353803377,f
14760,1,1.7529038893118283,-0.03520744269465454,f
14761,1,0.9267238182676414,-0.5443773875861202,f
14762,1,0.17283006588618816,-1.0159938873165653,f
14763,1,0.6346904929718806,-1.0189421840748027,f
14764,1,1.0997288007277277,-0.33828742316062926,f
14765,1,0.15386126194581143,-1.0475387584143692,f
14766,1,1.9805745635214058,-0.3776519294849892,f
14767,1,0.801766159596365,-0.8315136672845904,f
14768,1,0.10016956347802164,-1.0004114096073786,f
14769,1,0.7009960493855347,-0.5696382311222841,f
14770,1,0.07037212087734196,-1.005097465573731,f
14771,1,0.8546282181022299,-1.012530955542036,f
14772,1,0.3943924050853956,-1.0800284323876255,f
14773,1,1.9944307698873878,-0.0933673702418069,f
14774,1,0.39354370534338035,-1.004873733061281,f
14775,1,0.27472155069107634,-0.6372901088705907,f
14776,1,1.114510775759321,-0.4445862657401204,f
14777,1,2.0332875225777616,-0.005826038746613789,f
14778,1,-0.0497400016291655,-1.15549849938479,f
14779,1,0.901251774838928,-0.6142161316274662,f
14780,1,1.1616458920493142,-0.40083165945442006,f
14781,1,0.47146063432764107,-1.0627841417894757,f
14782,1,-0.15588427154024825,-1.0357056685386317,f
14783,1,0.7675751940145995,-1.0048257085282895,f
14784,1,0.8707875570345255,-0.8994723236191537,f
14785,1,0.5135583208698603,-1.0035047649181166,f
14786,1,0.011687238440128105,-1.0084417168332125,f
14787,1,1.832056022194396,-0.04738075919466366,f
14788,1,0.1835649348714291,-1.019969678438623,f
14789,1,0.7807580595071876,-1.0064589974803972,f
14790,1,0.9406737411068566,-0.2188696328317816,f
14791,1,1.9785150819314927,-0.162121760890183,f
14792,1,0.9485641697522944,-0.44472741489866097,f
14793,1,1.2319367324046417,-0.20137427356614057,f
14794,1,0.293337093151505,-0.485219251829519,f
14795,1,1.063017934388906,-0.4056252644379055,f
14796,1,1.2677739018866132,-0.4561302927422418,f
14797,1,1.4851503608095313,-0.7528887245770053,f
14798,1,1.3104874213457334,-0.3528235365161177,f
14799,1,0.3283483096682301,-0.6436669245082941,f
14800,1,2.1151261731796653,-0.15290068721781586,f
14801,1,0.04961390493819663,-1.0396368262053755,f
14802,1,1.033919334625878,-0.22468565045760058,f
14803,1,0.4903102464854386,-1.2356609034410313,f
14804,1,1.650136017202658,-0.654983566367276,f
14805,1,0.3459954006856468,-0.46298665127711,f
14806,1,1.9749120503179929,-0.4571279027210827,f
14807,1,1.3859174477549008,-0.9115785889630119,f
14808,1,1.354938768380487,-0.5716365513054359,f
14809,1,-0.015104750116096782,-1.3181411934659089,f
14810,1,0.13084217354251285,-1.0058924770226383,f
14811,1,1.4675737803258195,-0.04121998995589766,f
14812,1,1.3613678192000986,-0.17195072213550355,f
14813,1,0.8403942856074467,-0.3781774285233579,f
14814,1,0.3679861460946036,-1.5479050273794708,f
14815,1,-0.10190969785234515,-1.0110514760614995,f
14816,1,1.1940352000107315,-0.459123771132745,f
14817,1,1.4204784011280052,-0.2921551321469219,f
14818,1,0.21827052530275076,-0.8824700807940297,f
14819,1,1.0855861780520117,-0.04077318978596691,f
14820,1,1.9651890653657924,-0.07539710523063332,f
14821,1,1.213215449474385,-0.37114814737210955,f
14822,1,1.95552785483312,-0.6946812983421454,f
14823,1,1.5883927560962396,-0.8187591526269289,f
14824,1,1.0569931509347295,-0.41712756531139505,f
14825,1,1.9901195577619013,-0.6418000741833766,f
14826,1,0.5442441766639566,-0.36793972506861494,f
14827,1,1.99706086571086,-0.3259929021387367,f
14828,1,0.2849967117026076,-1.0015598725548396,f
14829,1,0.4679049519485616,-1.0254468678719653,f
14830,1,1.993327613966774,-0.4486589484812879,f
14831,1,-0.04674507643746626,-1.443703706896585,f
14832,1,1.7139350072660509,-0.37650375569450045,f
14833,1,1.3814284267239139,-0.5618713096072465,f
14834,1,1.6239960976720529,-0.4657432417598561,f
14835,1,0.6827261933342773,-1.2328649810065768,f
14836,1,2.0506178897893492,-0.28807201409243455,f
14837,1,1.5629246825844834,-0.12808200199604403,f
14838,1,2.0199517612959053,-0.17823103776144572,f
14839,1,0.14216152984641212,-1.0944347187438728,f
14840,1,1.1224141606969413,-0.7457059732991645,f
14841,1,0.9188192999746575,-1.0011814490992443,f
14842,1,1.2975150142186473,-0.44018910380850007,f
14843,1,1.7987428356789206,-0.28320631880903296,f
14844,1,0.09504043609395096,-1.0054277713096993,f
14845,1,1.0013634163667668,-0.20099373703852766,f
14846,1,1.155500283467165,-0.6062375448439913,f
14847,1,2.0274627246318557,-0.010906852672855573,f
14848,1,0.2383042533948659,-1.2973354690414398,f
14849,1,0.1002083399858464,-0.9899152442886362,f
14850,1,0.294635433714093,-1.269824491927193,f
14851,1,2.0393134836906293,-0.09656916218031311,f
14852,1,0.40107202675354314,-1.365083714376416,f
14853,1,2.058740261405417,-0.39738257877602395,f
14854,1,0.9147315204553205,-0.5439472998643503,f
14855,1,0.26361773912530456,-1.004258053810579,f
14856,1,0.025042694429250917,-1.1018785548880723,f
14857,1,1.3075819004959761,-0.6404234772875498,f
14858,1,1.1354618903685854,-0.1094004863945358,f
14859,1,0.20998077900354953,-1.4180640273675735,f
14860,1,1.7510503562358704,-0.44422978981428907,f
14861,1,2.041143749708657,-0.23881122294176144,f
14862,1,0.0827094875936416,-1.0139210126184308,f
14863,1,1.1550255688070141,-0.43083518702356094,f
14864,1,1.0851344523770161,-0.46614930700701157,f
14865,1,0.8491076852561482,-0.345640488979726,f
14866,1,0.30411911621635823,-1.0564630221792235,f
14867,1,1.097949865283065,-0.2737476079209816,f
14868,1,0.5094567203014185,-1.0132617812650995,f
14869,1,1.99007922047326,-0.7632203462030273,f
14870,1,0.32653767909524944,-0.931758377418301,f
14871,1,1.0402729705703562,-0.618115683676092,f
14872,1,0.33781737559784275,-1.0027520289238625,f
14873,1,0.9804519149448785,-0.586106113192573,f
14874,1,1.7999360447983248,0.006143126432744487,f
14875,1,1.0722253689690573,-0.029705452174626445,f
14876,1,1.6083065978690296,-0.7958344717041183,f
14877,1,0.3293485999058368,-1.0224356133623111,f
14878,1,1.6858960855293106,-0.366838500092042,f
14879,1,1.1405624812170578,-0.3084400484225365,f
14880,1,1.9844372249304512,-0.6056192706762575,f
14881,1,0.03036203911192523,-1.0414179415389924,f
14882,1,0.0821424593679317,-1.0096244056491503,f
14883,1,1.3694168155637636,-0.22966133927383517,f
14884,1,0.8009782272467112,-1.0349718666671233,f
14885,1,0.7312523257900586,-1.041540474841545,f
14886,1,0.1247755778058815,-1.0936212407692054,f
14887,1,0.49422653492214474,-1.0336764129090623,f
14888,1,0.15682374951306916,-1.0018148735340198,f
14889,1,0.3207036593705789,-1.0293060305512896,f
14890,1,0.05021411967694018,-1.016835923457771,f
14891,1,1.0739326520568675,-0.6161247421659787,f
14892,1,1.1358116574866692,-0.30334122918182777,f
14893,1,0.21321257061528248,-1.0166363026155811,f
14894,1,0.7091780844974389,-0.7144942620423923,f
14895,1,1.0359795566543588,-0.5289332243481942,f
14896,1,0.7979571904092736,-0.559112861307153,f
14897,1,1.3619733580768445,0.004688376447757877,f
14898,1,1.4977674556171652,-0.9247579366121248,f
14899,1,0.9838187247752649,-0.020660193220267364,f
14900,1,1.407722221251604,-0.1265368288765381,t
14901,1,2.0441074648264763,-0.3774224799291656,f
14902,1,-0.020828879064121432,-1.0400553612694028,f
14903,1,0.9056048028641597,-0.5779009627886701,f
14904,1,0.7786180934876021,-0.5978674646422583,f
14905,1,0.8546782206927898,-0.6874585688181242,f
14906,1,0.06652136116050723,-1.003759824653873,f
14907,1,0.013872423413129345,-1.0138429444428094,f
14908,1,0.6493296064154993,-0.9331033949552158,f
14909,1,0.20564292827171754,-1.0176988097991562,f
14910,1,0.9064641408890021,-0.8318017812565874,f
14911,1,1.8649922648565986,-0.8334982553554136,f
14912,1,1.3024215137796153,-0.06047279377907551,f
14913,1,0.6079700018629248,-1.0307236692512922,f
14914,1,1.2554589330117167,-0.2743934528351529,f
14915,1,1.9968300276295994,-0.8164067973870354,f
14916,1,1.7410233318868085,-0.040177461505096414,f
14917,1,0.9229391345774692,-0.7649302804717927,f
14918,1,0.19478174604084636,-1.0661737678025838,f
14919,1,2.012800746939042,-0.302832257394448,f
14920,1,1.3450036195119457,-0.37965678760750415,f
14921,1,1.369445147235814,-0.005455956761882853,f
14922,1,2.0258466599877076,-0.09952853615608617,f
14923,1,1.2464457216959768,-0.9589018407762725,f
14924,1,1.0671092271402878,-0.5879748180584765,f
14925,1,0.030889436141589025,-1.032133228316345,f
14926,1,0.4979475914856345,-1.0125675353647459,f
14927,1,0.8607914052847065,-1.0400848329529322,f
14928,1,0.8666713646713238,-0.4884365557360995,f
14929,1,0.5968755036714568,-0.9043280683607449,f
14930,1,0.6967821881924036,-0.9501575293532327,f
14931,1,0.9426163713328028,-1.0068305971433529,f
14932,1,1.6023247149322095,-0.9637358877960959,f
14933,1,1.0512387366707414,-0.35217821656730963,f
14934,1,0.3113323515510251,-1.0148626005103645,f
14935,1,0.07223465578432042,-1.0271768052528212,f
14936,1,0.7201428591416202,-0.9505306148830861,f
14937,1,1.259007417526184,-0.24973117326060895,f
14938,1,2.072484779471556,-0.9704169072181374,f
14939,1,1.3972766173226414,-0.36626784675880175,f
14940,1,1.0976336851149238,-0.711185144231114,f
14941,1,0.1548368491676289,-1.007778938700079,f
14942,1,1.3915712451621662,-0.34930586088962434,f
14943,1,0.6755341174929563,-0.22923008614156065,f
14944,1,0.7236398197235523,-0.4324572024595339,f
14945,1,0.7766358713285341,-1.0231685696786768,f
14946,1,0.41211062227971723,-1.0069401710642059,f
14947,1,0.6356154256900598,-1.004933257130765,f
14948,1,1.671649607863879,-0.4761736483526623,f
14949,1,0.21887401366883724,-1.011954544678715,f
14950,1,0.16205974216510874,-1.001417441240862,f
14951,1,1.6669206961613843,0.07905903101366467,f
14952,1,1.959924812862602,-0.3222547531811175,f
14953,1,0.38827650211135833,-1.0221754323539531,f
14954,1,0.8768969813696438,-0.5678105453688707,f
14955,1,0.5193869021246772,-0.9498376908718215,f
14956,1,1.216443706286862,-0.03618039962429371,f
14957,1,1.0334577692569178,-0.6453212326295981,f
14958,1,1.4811222888519686,-0.3535142224351294,f
14959,1,0.9937359337249999,-0.1516635707507592,f
14960,1,1.127840408909003,-0.04368395949997924,f
14961,1,0.19395098347523865,-1.024994121530627,f
14962,1,2.0344511036650337,-0.2324124605180167,f
14963,1,1.2538249869199034,-0.7633419083362674,f
14964,1,1.9466319524278286,-0.13948599278652124,f
14965,1,1.2039813764998595,-0.13311541378876138,f
14966,1,1.228209610948797,-0.08412394595538722,f
14967,1,1.071471555859346,-0.2740973747547181,f
14968,1,1.2447287582579427,-0.15496117132160983,f
14969,1,1.085825284697525,-0.8896063030947754,f
14970,1,0.830980368503842,-0.5679265180846094,f
14971,1,0.012032588729078393,-1.0047211588789693,f
14972,1,1.1556910981158406,-0.6060630599461123,f
14973,1,0.3434779012237928,-1.0224147643431583,f
14974,1,0.8579248367148788,-0.2223319122965189,f
14975,1,0.12262661034040716,-1.9313691128617538,f
14976,1,0.24303021363530186,-1.048579798156825,f
14977,1,1.3071939551782907,-0.47238644114856676,f
14978,1,0.14589539243609814,-1.0133386496375096,f
14979,1,1.353102938206503,-0.20289084850725708,f
14980,1,2.001406091472486,-0.136459506236743,f
14981,1,0.10981725090550977,-1.0261812001280888,f
14982,1,-0.02342494832594519,-1.0637682416237804,f
14983,1,1.042506338282004,-0.05543808024585993,f
14984,1,0.9599118978729295,-0.7656440137796092,f
14985,1,1.6847362466137328,-0.5786522194614162,f
14986,1,0.3509159477996447,-1.0380651677589185,f
14987,1,0.9596663491283014,-0.49862182296580804,f
14988,1,0.8554173362835483,-1.00735859741361,f
14989,1,0.4154191902560051,-1.037471760121225,f
14990,1,0.33452007599839234,-0.7324229032386219,f
14991,1,0.7829536215766119,-0.7595040954728189,f
14992,1,0.4308453516957108,-1.0073501639290692,f
14993,1,2.0135367227615646,-0.21357924272161638,f
14994,1,1.2146131696755238,-0.6153649351794144,f
14995,1,0.21341931142024478,-1.0298328678055455,f
14996,1,1.9783390786329789,-0.27026490145259974,f
14997,1,0.7365557970976087,-0.5695301330717409,f
14998,1,0.3351852944766982,-1.0099856450310873,f
14999,1,0.7229841610963121,-0.32348284612808353,f
15000,1,2.013332872992869,-0.2830958341303884,f
15001,1,1.1904262051037493,-0.09823905576100836,f
15002,1,0.768198396870243,-1.5909521501401527,f
15003,1,0.04824972413616638,-1.0078831263998944,f
15004,1,0.08932527758642848,-1.0132836176211584,f
15005,1,0.4369698501243159,-1.1309807885571173,f
15006,1,1.2355222201229958,-0.3911897000676143,f
15007,1,1.5206209045994794,-0.6018755617739697,f
15008,1,1.2524870269301067,-0.4425045853090803,f
15009,1,0.7272391259080001,-0.3102309763298123,f
15010,1,0.6033203308230491,-1.00049045456239,f
15011,1,2.03475425869198,-0.13852052911060994,f
15012,1,0.1653783178229318,-1.003807929111505,f
15013,1,-0.013640259041171306,-1.0074305606114957,f
15014,1,0.8742556562969586,-1.0573262851796839,f
15015,1,2.01803862732728,-0.7417528210129396,f
15016,1,0.6639648827724235,-0.8786995571610552,f
15017,1,0.8730268671716962,-0.2879007158763656,f
15018,1,0.22155011560107934,-1.0131865042731318,f
15019,1,0.21235322153037753,-1.0284315903186814,f
15020,1,1.5772561872107878,-0.77831922963672,f
15021,1,1.2285497807678953,-0.1933584772728806,f
15022,1,1.0116649601501688,-0.5012754307050723,f
15023,1,0.6901299612898618,-0.8443576501560272,f
15024,1,0.5554483942417773,-1.0437186641062353,f
15025,1,1.3020801216287787,-0.14419008058307797,f
15026,1,1.996400933743108,-0.6277343142181961,f
15027,1,0.049744346164457415,-0.4830437824915659,f
15028,1,1.9125010952170374,-0.1902743436568294,f
15029,1,0.10758538967393182,-1.075853896739272,f
15030,1,1.1960141030135647,-0.3010713233035864,f
15031,1,0.3273020337067466,-1.0236893394658357,f
15032,1,0.4149777024665219,-1.0261582517059138,f
15033,1,1.2885260857134246,-0.018032807815367306,f
15034,1,1.9832932455410124,-0.23172498401514469,f
15035,1,1.033645707920923,-0.05767121975522478,f
15036,1,0.3048866062920035,-1.046502675650903,f
15037,1,1.1551017799624812,-0.4671148024912694,f
15038,1,0.07925373867004123,-1.0250150201321595,f
15039,1,0.0634401034428954,-1.0100332258668432,f
15040,1,0.9464187060545667,-0.7812837348292592,f
15041,1,1.1325268384784832,-0.8306333890647626,f
15042,1,1.1388372747571718,-0.1113149215928037,f
15043,1,1.2856597831421384,-0.5543243267895421,f
15044,1,0.7084587622022981,-0.9931981690204048,f
15045,1,0.8723073141340911,-0.794837748047607,t
15046,1,0.7551999567281104,-0.692266627000799,t
15047,1,0.6723969922426397,-0.49561656235729884,t
15048,1,1.1017103963820212,-0.5651631254167429,t
15049,1,0.7902623431187448,-1.017275373933332,f
15050,1,0.6269025370115183,-0.5519666652405176,f
15051,1,1.9834767313555495,-0.46837746222979193,f
15052,1,1.9941716819901991,-0.3536634589657709,f
15053,1,0.7454996783907883,-1.6415329456874157,f
15054,1,0.8385843975406752,-0.9044849395870787,f
15055,1,1.493754471202406,0.023184659198279684,f
15056,1,1.1982846086460988,-0.6574372312301836,f
15057,1,1.7773387846270723,-0.8594642949135596,f
15058,1,0.7307956804369152,-0.5502873948613557,f
15059,1,0.4945760532287919,-1.003790721140929,f
15060,1,1.1918668637135825,-0.20052736332621449,f
15061,1,0.9150561183410068,-1.034075241841486,f
15062,1,1.9882780067825465,-0.04939034539143366,f
15063,1,1.1819335604145114,-0.13702226607328302,f
15064,1,0.9447682969789889,-0.36026597601336624,f
15065,1,0.04284797919372906,-1.0002325143032975,f
15066,1,1.3732357302731721,-0.8758647792090499,f
15067,1,0.5707914476455576,-1.0320841277835757,f
15068,1,0.6356638139536317,-0.8422874553422612,f
15069,1,1.2258398866291298,-0.30256429405147856,f
15070,1,1.839330519252899,-0.09013564566016197,f
15071,1,1.0621820506929618,-0.5600835875242312,f
15072,1,1.1700150241519034,-0.5025064526805938,f
15073,1,0.279809709129418,-1.029241561651516,f
15074,1,1.959499810386484,-0.8159664120058117,f
15075,1,0.9672321130800178,-0.24277655174774437,f
15076,1,1.0114461080174402,-0.3418723272282669,f
15077,1,2.0251902431111284,-0.4650979400996476,f
15078,1,1.9007804584926205,-0.19718980946944667,f
15079,1,0.5360455516535172,-0.9497993424734723,f
15080,1,1.968095981137628,-0.2302594507576446,f
15081,1,1.091806460118056,-0.5691331547424315,f
15082,1,0.4826401952890826,-0.9062231514921654,f
15083,1,1.5831668748854526,-0.06340593241095467,f
15084,1,1.3571347317039244,-0.22354878200571726,f
15085,1,0.6866954923678048,-0.4152112279433278,f
15086,1,0.18694046335581382,-1.0000188642166996,f
15087,1,1.1214771735492721,-0.09792524176521615,f
15088,1,2.002082307949699,0.013727357596706938,f
15089,1,1.1742654576043279,-0.7587077085325392,f
15090,1,0.40281351634896223,-1.0090889618741958,f
15091,1,0.24383614734450318,-0.7295015601623802,f
15092,1,-0.004721178267089381,-1.013479601339958,f
15093,1,0.10191089296482951,-0.8188629645245898,f
15094,1,0.031466569508076955,-1.0195168520625995,f
15095,1,0.9377409726099463,-0.530926874198348,f
15096,1,0.8700819179199835,-0.5200489624349514,f
15097,1,1.4914735871385931,-0.4281081592713564,f
15098,1,0.9096129713366066,-1.12761938595432,f
15099,1,0.7724311146892674,-0.8118408654386844,t
15100,1,0.34461096119932055,-1.044028474165921,f
15101,1,0.875795662367158,-0.5044411290595603,f
15102,1,0.8234730188328594,-0.2724425659322741,f
15103,1,-0.05055656204197429,-1.0216638579315538,f
15104,1,-0.1530200617905648,-1.2219101992979844,f
15105,1,0.09363703857976745,-1.0810821726941242,f
15106,1,0.11267273406048527,-1.0140546065448248,f
15107,1,1.724834418975935,-0.06521113115218012,f
15108,1,0.7418690109466499,-0.4767087980497136,f
15109,1,1.533210957064444,-0.08310546116832762,f
15110,1,0.8205500042629061,-0.3241257813096717,f
15111,1,0.08121240537111739,-1.0328552067714907,f
15112,1,0.08094627415056665,-1.0188065539636428,f
15113,1,0.041209215243691276,-1.0302303810922429,f
15114,1,0.8726463518177938,-0.5433737013011498,f
15115,1,1.9625561729000673,0.033910257847086435,f
15116,1,0.3602467196462169,-1.004839120522676,f
15117,1,0.13682410050015528,-0.934178341346007,f
15118,1,0.05579215911019807,-1.0027509677912194,f
15119,1,0.32992723037033833,-1.0143344152315408,f
15120,1,0.7530155066417155,-0.7730513959536425,f
15121,1,0.06623850466608007,-1.034976635407707,f
15122,1,0.026856390549595426,-1.0094843271291243,f
15123,1,0.8483418551720585,-0.3315764423541151,f
15124,1,0.6045124801288881,-0.31246759952612974,f
15125,1,1.5979760943203793,-0.38422673605477614,f
15126,1,1.564744604536135,-0.26415147318844234,f
15127,1,-0.029922236702255054,-1.0117456284955537,f
15128,1,1.070096596060183,-0.6898903556262392,f
15129,1,1.0199423870892306,-0.5067838735849236,f
15130,1,0.06924092018780897,-1.0279613535578211,f
15131,1,1.4900529587377938,-0.25684502004220233,f
15132,1,0.29935040031157917,-0.8462405547269369,f
15133,1,0.6737850294845468,-1.0483563123229547,f
15134,1,1.1404950423418527,-0.5785809922527281,f
15135,1,1.338885819914858,-0.2852520652793312,f
15136,1,0.9251263428084224,-1.0002635077065258,f
15137,1,1.1960988561124462,-0.8631189547771373,f
15138,1,1.2117931296946527,-0.3181718142037547,f
15139,1,2.055149750780035,-0.09613920868058139,f
15140,1,1.7186321985713757,-0.7840897740957051,f
15141,1,-0.0164773243507396,-1.0037436750325084,f
15142,1,0.5158288157104913,-1.0245329240216727,f
15143,1,1.0499749324101109,-0.1443545302664901,f
15144,1,1.7490659755322435,-0.36787989455432374,f
15145,1,1.0479455736244117,-0.4856666822933284,f
15146,1,0.9973823108204994,-0.13684401098330853,f
15147,1,1.6104556685271376,-0.18023150080988865,f
15148,1,1.2109381928300882,-0.8202167562272391,f
15149,1,0.05748580339992223,-1.0625601725219287,f
15150,1,0.9747966577293218,-0.4943501275330843,f
15151,1,1.771146695056538,-0.11836514180490985,f
15152,1,0.6652706624928353,-0.5756242611640329,f
15153,1,0.39936435323472425,-1.1758029562678154,f
15154,1,0.4307303383954021,-0.9383332301021486,f
15155,1,1.1864337922224613,-0.12191109941270142,f
15156,1,0.5679070766300128,-1.0041699252542073,f
15157,1,0.031667921944624894,-1.0400412259705318,f
15158,1,0.4927571660385263,-1.0683424597017588,f
15159,1,1.4568307472742899,-0.7219806088523704,f
15160,1,0.06604164496507864,-1.0021819623452668,f
15161,1,1.5755250549597357,-0.351387849394553,f
15162,1,0.17262589605396567,-1.012148416179757,f
15163,1,0.3796689810333096,-1.0429641969097323,f
15164,1,0.04276272188224909,-1.0643166335142702,f
15165,1,1.0872076056767732,-0.5225563925816498,f
15166,1,0.4678628403269085,-0.8957500582207994,f
15167,1,0.12583996992926128,-1.010914425098379,f
15168,1,0.7166221531957351,-0.3221252054959131,f
15169,1,1.8727176531338847,-0.529642188771233,f
15170,1,1.5188516307871847,-0.07605609810370172,f
15171,1,0.21842995368242213,-1.0399463832551408,f
15172,1,0.20076480237258207,-1.1117180213010776,f
15173,1,1.3474073891574467,-0.3135948155166057,f
15174,1,-0.02504082823879682,-1.004017970337143,f
15175,1,1.8243944151591953,-0.22206818368781764,f
15176,1,0.5296687468360085,-0.7560130920132617,f
15177,1,0.329190302464151,-1.0147971730097058,f
15178,1,0.6405879814508113,-1.0591648352687093,f
15179,1,0.7859054115758897,-0.45050103556641685,f
15180,1,1.105634419018299,-0.34785111400487884,f
15181,1,2.0526507372968665,0.0010702037212234935,f
15182,1,1.9812721511147615,-0.30908415297764136,f
15183,1,0.49226909103660005,-0.5805564823637985,f
15184,1,0.2280236787058883,-0.7451641726766514,f
15185,1,0.9044471016926008,-1.0202876171803046,f
15186,1,0.6292818066225696,-0.4953734388711807,f
15187,1,0.5157661364982872,-0.7534819764484263,f
15188,1,1.293642107840944,-0.3453034795282735,f
15189,1,0.36790339646600895,-1.1145097020144565,f
15190,1,1.9813030122398605,-0.3255299129407753,f
15191,1,-0.03181654537784973,-1.0903285358333814,f
15192,1,0.22931941258659527,-1.0014066656147695,f
15193,1,0.7970178655369294,-0.8864642135853186,f
15194,1,0.09165072436498167,-1.014268016305761,f
15195,1,0.39524171365004823,-1.0461770797711154,f
15196,1,0.031943989765419484,-1.018754268194296,f
15197,1,0.6524932755065065,-1.0650993173709407,f
15198,1,1.540139196843333,-0.194969850555794,f
15199,1,1.0859950296193188,-0.12823827947597385,f
15200,1,0.5513480811420398,-0.46372754650777737,f
15201,1,0.6247136474152122,-1.0436516846176251,f
15202,1,0.5740021406078841,-1.0103438841222703,f
15203,1,1.2340382237249747,-0.08444539886329577,f
15204,1,1.6648266464200145,-0.08927232528899763,f
15205,1,0.05468352246213739,-1.0066739362352002,f
15206,1,1.3874789884847707,-0.46863616688861537,f
15207,1,1.2344760910385297,-0.565208219144512,f
15208,1,1.8265055728706927,-0.13301725367646683,f
15209,1,2.118988522219871,-0.29277406394556316,f
15210,1,1.9717869272241548,0.008603592304425743,f
15211,1,0.19291941932357776,-1.0003505025157615,f
15212,1,0.2309147448706504,-1.0243529501966722,f
15213,1,0.46292693770620535,-0.5550358995825799,f
15214,1,1.4852731255301512,-0.42875845565466003,f
15215,1,0.007409859870453641,-1.024413127088959,f
15216,1,0.06133165464447218,-1.0017503591929973,f
15217,1,0.19690309067909598,-1.015718675415723,f
15218,1,1.4060454784619139,-0.2599053763217488,f
15219,1,0.9858362138669317,-0.4881117548615175,f
15220,1,1.0497076697467682,-0.31059203576488403,f
15221,1,1.4071437944108784,-0.3783597073101294,f
15222,1,0.2745096390884751,-1.0017650336403225,f
15223,1,1.5196785050532458,-0.6732589295346701,f
15224,1,0.386416967450992,-1.0060399643812166,f
15225,1,0.03637683198258945,-1.1222926311659207,f
15226,1,0.320000230309295,-1.0055793587464499,f
15227,1,0.37421432338501165,-1.0032328719894825,f
15228,1,0.9630498304660027,-1.008227225258994,f
15229,1,0.38370600583642805,-1.1065737357726706,f
15230,1,0.9708644457563596,-0.8539175450629592,f
15231,1,1.2127397835747562,-0.06906994793868929,f
15232,1,1.2904167564164502,-0.28953949382196803,f
15233,1,0.5706700331378949,-1.0980073353167807,f
15234,1,1.9893923442349684,-0.4194884815319756,f
15235,1,0.1738952115918413,-1.0128876468019878,f
15236,1,0.5513245158188214,-1.01827442020205,f
15237,1,0.5643181149360614,-0.6297390645436937,f
15238,1,1.6728985929730567,-0.30926263069009285,f
15239,1,0.32602545360651725,-1.0005608748613273,f
15240,1,0.9946217988871283,-0.5412031164794779,f
15241,1,0.9810488722781235,-0.25795861884061194,f
15242,1,0.37902756370378465,-1.2964191191652574,f
15243,1,1.0001922131648007,-0.0642199918288835,f
15244,1,0.20104731999506467,-1.019345183834532,f
15245,1,0.5142042634745034,-0.5835351754036304,f
15246,1,1.8093291986068798,-0.18213259564035764,f
15247,1,1.9787903392025985,-0.5028534858576235,f
15248,1,1.6851107202530675,-0.11691847508364221,f
15249,1,1.253999947085035,-0.17497673680256945,f
15250,1,1.0258230779965285,-0.13837402483902106,f
15251,1,0.72395626979632,-0.562007164702849,f
15252,1,1.2717442057622774,-0.6353452825804591,f
15253,1,0.5499695127052703,-0.9736565083500909,f
15254,1,2.160889998472534,-0.7253274974330387,f
15255,1,0.01935616438084698,-1.0239410957477295,f
15256,1,1.5476094461242342,-0.16526877407520596,f
15257,1,0.1015354444180681,-1.0198077531463563,f
15258,1,0.7251459660523066,-0.5284009365032091,f
15259,1,0.790010804478313,-0.07891800885958129,f
15260,1,1.9908847829080205,-0.45521607983846485,f
15261,1,0.12687307237794782,-1.0469607192164951,f
15262,1,1.5533317576238743,-0.14206892104837918,f
15263,1,1.4591421775626134,-0.2591347342711375,f
15264,1,0.30193128834933836,-1.005790401060797,f
15265,1,0.857386723050782,-0.4821539454332752,f
15266,1,1.0879786574128418,-0.11264911762592245,f
15267,1,0.031322640020852506,-1.0279520952293129,f
15268,1,0.1268241570194587,-1.180354654365276,f
15269,1,1.67059041239737,-0.8023539867992772,f
15270,1,0.8544729377505689,-0.23758515830138868,f
15271,1,0.03499168109381825,-1.0285054835782537,f
15272,1,1.0873327146462535,-0.16248904612126858,f
15273,1,1.997766151117815,-0.3234961432520898,f
15274,1,0.03269590358551113,-1.0442873448215955,f
15275,1,0.43556709856443093,-0.4021476280863103,f
15276,1,0.21372435307849938,-1.0250853230988897,f
15277,1,1.28455137308382,-0.5518554036954263,f
15278,1,1.9904505037038613,-0.06378315790344147,f
15279,1,1.975887918637747,-0.753251389797414,f
15280,1,0.19363568294975034,-1.1212856989416073,f
15281,1,0.04164618889522451,-1.0770167183736792,f
15282,1,0.6476461839942287,-0.45128222683796265,f
15283,1,1.2657326455423172,-0.18955781266773544,f
15284,1,0.8565864937354293,-0.06764594900023684,f
15285,1,-0.01929617041042992,-1.0516412873688545,f
15286,1,0.589187616960192,-0.6387289180859843,f
15287,1,0.2742115130942008,-0.8108150775112777,f
15288,1,0.7309930753136348,-0.3618896639299237,f
15289,1,0.005424648913860033,-1.0089846979803172,f
15290,1,1.9947328626427436,-0.9679030609429119,f
15291,1,1.200622248595572,-0.06548848628703308,f
15292,1,2.0384292418224543,-0.7796757007892565,f
15293,1,0.22348454839810497,-1.0159275759057333,f
15294,1,0.4829272316264719,-1.0050665034277548,f
15295,1,1.977247419575864,-0.10121002622631894,f
15296,1,1.054943496156338,-0.3724743551348882,f
15297,1,0.19580649547504675,-1.0209030487345223,f
15298,1,1.7901403663632145,-0.25677250180580496,f
15299,1,-0.012022010369137092,-1.0021985007729746,f
15300,1,1.6920082206563345,-0.4283422804452184,f
15301,1,1.523831402079018,-0.41985630203149726,f
15302,1,0.10289868501408726,-1.0249778104650178,f
15303,1,0.06958802843545966,-1.0247178304904705,f
15304,1,1.1990159738435273,-0.6310610388650288,f
15305,1,1.9838575047263476,-0.5561559363853316,f
15306,1,1.6379096540568125,-0.39221782797206084,f
15307,1,1.3638930059038328,-0.33189408205796617,f
15308,1,1.1695545919098638,-0.12220511556379308,f
15309,1,0.019830159262487105,-1.0036263937847274,f
15310,1,1.284878306030299,-0.8621366898887152,f
15311,1,1.3584058006235733,-0.5533221183802826,f
15312,1,0.24860040307189085,-1.033542952345635,f
15313,1,1.071720503864351,-0.8668898640859413,f
15314,1,1.0037819079687396,-0.3130797697599121,f
15315,1,1.0094045686878252,-0.5103500209947432,f
15316,1,1.571136592841504,-0.4924873263275405,f
15317,1,0.5764163791592282,-0.5629873237308112,f
15318,1,2.1580813798431877,-0.5440038935338573,f
15319,1,2.0070972919331473,-0.2467604978373364,f
15320,1,1.1510312586041482,-0.1378839528536237,f
15321,1,0.756037556242647,-0.3293975911323743,f
15322,1,1.6061871716782747,-0.16694392165278094,f
15323,1,1.8015752219085794,-0.6751295541486824,f
15324,1,2.515037412606224,-0.20699339651899223,f
15325,1,0.12235917506450862,-1.0085722294151582,f
15326,1,1.1309399060469656,-0.11048699411435592,f
15327,1,-0.013765879779404445,-1.0172985156989196,f
15328,1,0.35669165466815667,-0.9294078325859515,f
15329,1,0.1266960857313929,-1.094819436483438,f
15330,1,1.9950709791627679,-0.22911829243574003,f
15331,1,0.46908249166335514,-1.1196628411365457,f
15332,1,0.8115620674161108,-0.34055591733679175,f
15333,1,0.10231321694680491,-1.1398741734201292,f
15334,1,0.9671245442755911,-0.12319155981254286,f
15335,1,1.1924818239109205,-0.3864524429341017,f
15336,1,0.7945143031540932,-0.1660179140919245,f
15337,1,-0.06754966538046088,-1.022456298713076,f
15338,1,1.3177735948860236,0.038718778370506676,f
15339,1,1.8371389837832655,-0.5999406993916904,f
15340,1,0.18145978310999036,-1.0002970543938168,f
15341,1,0.3643205797342001,-1.0058646909862952,f
15342,1,1.227685556002731,-0.49572161251847513,f
15343,1,0.10503981942908668,-1.0068450984297568,f
15344,1,1.4358643786371503,-0.31880637666816347,f
15345,1,0.22385550640968266,-1.0106612508317836,f
15346,1,1.978953608768102,-0.07565416210580611,f
15347,1,1.8630883340984326,-0.20778980666658717,f
15348,1,2.0039455103458916,-0.33486984186041735,f
15349,1,1.6758375855159664,-0.15673301159503938,f
15350,1,-0.010283985016298361,-1.0019539687300911,f
15351,1,1.9662846624863157,-0.323323300165202,f
15352,1,1.5361112591025254,-0.18571293287942892,f
15353,1,0.31392789252662856,-1.103545648401373,f
15354,1,1.4291782362214758,-0.031966707986316296,f
15355,1,0.21633332485761755,-1.196033923416549,f
15356,1,0.37751863920536255,-1.0151337321776106,f
15357,1,1.2671725922100572,-0.039280895510531606,f
15358,1,0.37711562906418483,-1.0271911420224817,f
15359,1,1.8514825282119545,-0.12112502521013188,f
15360,1,0.9838545681293361,-0.19609180779798732,t
15361,1,-0.04216833338663829,-1.016598740024428,f
15362,1,1.1155451036894755,-0.11371509721607902,f
15363,1,0.05811571006469038,-1.0105676250137368,f
15364,1,0.5722709375997135,-1.0094376039426327,f
15365,1,0.718920728033413,-0.708889276014326,f
15366,1,0.3477750846390024,-1.0173718893917323,f
15367,1,1.2226454784274299,-0.444821772051011,f
15368,1,0.7980686661059975,-0.9566832523273512,f
15369,1,0.2875661142729901,-1.0007870214550234,f
15370,1,1.988161409218239,-0.4781523014361243,f
15371,1,-0.03258127157230197,-1.0123466524254063,f
15372,1,1.0412938924319632,-0.4604925181671122,f
15373,1,-0.005911019705633682,-1.4289890138301387,f
15374,1,0.8655132216435926,-0.40280805643967116,f
15375,1,1.3267328896569517,-0.128221165174909,f
15376,1,1.6208565196225875,-0.9179432686380137,f
15377,1,1.3106503278255277,-0.7446188929447548,f
15378,1,0.10924521839740922,-1.0432149024428914,f
15379,1,1.54026916866502,-0.028004893975722606,f
15380,1,0.8217450336653993,-0.9241786251195377,f
15381,1,0.6534262922074024,-0.8201395071712775,f
15382,1,0.1584741136658986,-1.0683796496308895,f
15383,1,1.2792679371551046,-0.1797123164949724,f
15384,1,-0.08342836346922029,-1.0026040171303188,f
15385,1,0.2676819816848378,-0.9088737052555164,f
15386,1,1.103764960374977,-0.5929611113988484,f
15387,1,0.06078099014251838,-1.127053217214238,f
15388,1,1.2893884829274638,-0.9110837935600156,f
15389,1,1.2495542043596817,-0.349013415700506,f
15390,1,0.9567675604967504,-0.4698845760307585,f
15391,1,-0.02241689187707028,-1.008760134467653,f
15392,1,0.006121763655256015,-1.00294894551941,f
15393,1,1.963387289527925,-0.49662149088059565,f
15394,1,1.1308201297449785,-0.2557807436327896,f
15395,1,1.1518664150732008,-0.3229646771473956,f
15396,1,0.7320003113479999,-0.33791079664745866,f
15397,1,-0.08319392000882728,-1.089084043752336,f
15398,1,1.3993657640024104,-0.5505197181459679,f
15399,1,1.2144131308386714,-0.07526299865495087,f
15400,1,1.916182149936141,-0.37730135253166364,f
15401,1,0.0771330456691402,-1.0135934029480493,f
15402,1,1.0216810323408712,-0.6139048308364177,f
15403,1,0.28191105330530575,-1.0517886285969262,f
15404,1,-0.012977615331814131,-1.0446980342123944,f
15405,1,1.1431309975498414,-0.5821781207681109,f
15406,1,0.18445478698675988,-0.6870272500810695,f
15407,1,0.2943678238062314,-1.2404234503160418,f
15408,1,1.0202124208367858,-0.07361384720188903,f
15409,1,1.0018063757989084,-0.16293901733278757,f
15410,1,0.23006087890242505,-1.0139334662939476,f
15411,1,1.92057688740563,-0.6957533474328773,f
15412,1,0.7764556623495866,-0.4725287316584548,f
15413,1,0.5925406083587287,-0.6127984069350964,f
15414,1,0.793758134999831,-0.17186958852713582,f
15415,1,1.412615338363583,-0.4196952630486083,f
15416,1,0.8675125035464737,-0.7947441849924272,f
15417,1,0.4004645708777577,-1.0232485328214806,f
15418,1,1.4967638163683288,-0.4376324661056589,f
15419,1,0.24477326653958106,-1.0163764113928708,f
15420,1,0.3796294099423149,-0.6639296569435157,f
15421,1,0.5737234396739636,-1.009861164190988,f
15422,1,1.9081792323834874,-0.3174147272436676,f
15423,1,0.7167375726237895,-0.8255513677402905,f
15424,1,-0.017393870718876114,-1.1630174467034944,f
15425,1,0.18144868363015149,-1.0395144211708738,f
15426,1,1.7607575243394755,-0.4413462519944232,f
15427,1,2.0108075780906103,-0.2372368558380571,f
15428,1,1.8718554395133193,-0.5417224020313333,f
15429,1,0.39596084549874544,-0.6627731714979069,f
15430,1,0.09485064073361736,-1.0387969211112933,f
15431,1,0.08146548013667285,-1.1676718819591787,f
15432,1,0.00779554229464571,-1.011193200504735,f
15433,1,1.171936630285051,-0.640204946852634,f
15434,1,1.8406159833572657,-0.3479213139272935,f
15435,1,1.2201097293374434,-0.888146700353068,f
15436,1,0.765806249070748,-1.013652519313621,f
15437,1,0.3080340572273378,-1.0118063129759443,f
15438,1,1.2826309379782794,-0.2927166041029179,f
15439,1,0.6428251657114222,-0.4267364159317725,f
15440,1,1.9851906062008757,-0.12567858496679307,f
15441,1,0.1548369686905311,-1.0021656562486436,f
15442,1,0.03826433030383994,-1.0723823851823153,f
15443,1,0.9370419965037313,-1.0099853854531204,f
15444,1,0.16488188741644136,-1.0129711700319253,f
15445,1,1.2056806019494677,-0.14142880961283172,f
15446,1,1.7404405797813196,-0.22085851175100082,f
15447,1,0.4506263280468902,-1.0028022511465648,f
15448,1,1.2195787187432228,-0.40242819281111525,f
15449,1,0.635887270775926,-0.7837104155406955,f
15450,1,0.485307383035928,-1.0015144870891437,f
15451,1,1.210744302195321,-0.553227708222135,f
15452,1,0.5608347108775513,-0.7103237483028753,t
15453,1,0.13169859748443635,-1.0029354731507518,f
15454,1,0.48638525553808354,-1.043680887140268,f
15455,1,1.2861582049427729,-0.8921432349707586,f
15456,1,0.37764069979337767,-1.010232378940356,f
15457,1,0.034436675459180284,-1.0609426822318184,f
15458,1,0.7680189616294009,-0.9211008837661661,f
15459,1,0.3265413017452588,-1.0095107362430191,f
15460,1,0.6740843864098003,-0.80621125557698,f
15461,1,1.3291074833795855,-0.4282175646110145,f
15462,1,1.4223205274004418,-0.7926520158963103,f
15463,1,0.782968430103922,-1.0131745326302208,f
15464,1,1.8583739066835325,-0.10416275423505347,f
15465,1,1.3537143499975666,-0.46831589187015976,f
15466,1,0.015625776016521885,-1.088869865572041,f
15467,1,0.8643634801417663,-0.17454223040616787,f
15468,1,0.07775277476277745,-1.068445432976147,f
15469,1,1.99345754343283,-0.8062294250293048,f
15470,1,1.9731936558481749,-0.08091381254179145,f
15471,1,0.611425812215472,-0.78498616525073,f
15472,1,0.8103887876498072,-1.0525948747451306,f
15473,1,0.31931313017864577,-1.0035555519899864,f
15474,1,1.6898092093961252,-0.9300699604397895,f
15475,1,1.4024611912000826,-0.03442006493351791,f
15476,1,1.0276060878425752,-0.4606054297275078,f
15477,1,0.118409095226075,-1.0266531608430054,f
15478,1,1.0108887633648926,-0.15781500838141277,f
15479,1,0.15169152674939307,-1.008302501334271,f
15480,1,0.9938406666627858,-0.9170173665978737,f
15481,1,0.7648287735560911,-0.6920928959556834,f
15482,1,1.9466080359655735,-0.48478335070125167,f
15483,1,0.4757243024955673,-1.0038831473503724,f
15484,1,2.090637364184206,-0.3687238818246345,f
15485,1,0.17520573684082635,-1.0386326163069501,f
15486,1,1.0307007248807751,-0.04919044494301637,f
15487,1,0.030099173762353673,-0.7436571724385668,f
15488,1,1.3816018487115138,-0.12190604547454058,f
15489,1,0.6203419949849038,-0.34138075003515517,f
15490,1,1.301147982434216,-0.1519982315850985,f
15491,1,0.3778854526694155,-1.010966275972747,f
15492,1,0.8977324205600049,-0.2493701168222116,f
15493,1,1.9649632998780808,-0.558185351980747,f
15494,1,0.36515124864417703,-1.0213495219429602,f
15495,1,1.627705379152438,-0.5949086236304514,f
15496,1,0.44802014728372547,-1.0410176006547764,f
15497,1,0.32622830772039607,-0.9295272329567327,f
15498,1,0.6915065051719008,-0.9915252005375446,f
15499,1,0.49555965966487703,-1.004713225205807,f
15500,1,1.7101986219827854,-0.006680463367120503,f
15501,1,1.2834242505636069,-0.4883372847867893,f
15502,1,1.9660702017304166,-0.17691472624034507,f
15503,1,0.7205629035527188,-0.9974649336322332,f
15504,1,1.9720392354902538,-0.09491097924821469,f
15505,1,0.406974200133963,-1.0241438662712778,f
15506,1,2.0061227365054637,-0.09828267008817397,f
15507,1,1.1390770131311811,-0.7618826513267534,f
15508,1,1.5428770744916016,-0.32749269478332316,f
15509,1,0.9347759219402553,-1.0145489218432255,f
15510,1,0.19403236265764615,-1.0543846520241518,f
15511,1,1.130565153649075,-0.48059604846128356,f
15512,1,0.5758847317643467,-0.4132506177012819,f
15513,1,0.7031207777040488,-1.0431335625427034,f
15514,1,1.9656101334065135,-0.4637839392183919,f
15515,1,1.9908049651828719,-0.21465857603636923,f
15516,1,1.1791720705966078,-0.12006575209718894,f
15517,1,1.0607538065611186,-0.4734151833578237,f
15518,1,1.1471054295737582,-0.4058988443107036,f
15519,1,0.08824582502876921,-1.7538857724470083,f
15520,1,1.230850405940662,-0.2410056738904952,f
15521,1,0.42256672643664744,-1.0291544466442122,f
15522,1,0.6935920030546433,-0.9131894711497887,f
15523,1,0.5591957166152727,-0.6392595328644299,f
15524,1,0.33274354957510205,-1.0527787716064985,f
15525,1,0.24222500710350134,-1.0083320063146042,f
15526,1,1.8318490705061672,-0.4074782381244015,f
15527,1,1.1595489780990211,-0.35281063693818104,f
15528,1,1.6353116881342362,-0.14433115304181723,f
15529,1,0.07337465219954782,-1.0053614625940246,f
15530,1,0.24801090639459078,-1.0342872415028048,f
15531,1,-0.04517452973876691,-1.0443288345493942,f
15532,1,1.2638835707666718,-0.09752594810922724,f
15533,1,0.061906706093454264,-1.0382270501089421,f
15534,1,0.5186449056659532,-0.8776017745873351,f
15535,1,0.43964682516783143,-1.0155222440496772,f
15536,1,1.6630927441340608,-0.23710422338011533,f
15537,1,-0.025934647106760446,-1.0728754013651782,f
15538,1,1.0210566297390409,-0.751907811021263,f
15539,1,1.1145716008156636,-0.5043835072612187,f
15540,1,0.9432378625524013,-0.7954553636511603,f
15541,1,0.7932714006051833,-0.45375767742529904,f
15542,1,-0.009691710790245533,-1.0580117612684323,f
15543,1,2.016975486511552,-0.5549717589713608,f
15544,1,1.4834629406923905,-0.5088709385324214,f
15545,1,0.6113238519981548,-0.7499574031342929,f
15546,1,0.09743899667134641,-1.0196295008821143,f
15547,1,1.0124212994839585,-0.4866726948396647,f
15548,1,0.11168343818453454,-1.0051509436608108,f
15549,1,3.958788470433003,-0.4757618299830049,f
15550,1,1.7275777478328382,-0.1537376660935169,f
15551,1,0.5605011386906755,-1.0078445003249326,f
15552,1,1.2153738403620136,-0.7262728326187553,f
15553,1,-0.012307813772795174,-1.006163775925991,f
15554,1,1.2310756867851929,-0.39739654296072424,f
15555,1,1.729004940841368,-0.16935121707947748,f
15556,1,2.0084575351710128,-0.24441546724307225,f
15557,1,1.991410243974126,-0.5218192050676321,f
15558,1,0.1682466631395917,-0.9103346237731053,f
15559,1,0.04167680896300016,-1.0252495004899258,f
15560,1,0.9709110939174639,-0.46479786410941354,f
15561,1,0.6965783427362165,-0.9066417974447083,f
15562,1,1.6623763789495813,-0.7497706329034549,f
15563,1,1.4201189240847574,-0.7678400692610379,f
15564,1,1.9290225253697049,-0.6006005715491644,f
15565,1,0.9083638425505087,-0.6530628246908708,f
15566,1,0.42106526518185816,-0.8627421167712345,f
15567,1,0.07488584903012109,-1.010224786916411,f
15568,1,0.8600757750356224,-0.9150577880515994,f
15569,1,0.06327649631393388,-1.0065650061790314,f
15570,1,0.9389594903533738,-0.7405079072472741,t
15571,1,0.31684029298451527,-0.6324331832407745,t
15572,1,1.4034429696744997,-0.23166523993562374,f
15573,1,1.7275821178688162,-0.8756671963166301,f
15574,1,1.08430718523163,-0.1477172107416915,f
15575,1,2.032164271013166,-0.4684587516311558,f
15576,1,1.4677212312643817,-0.06225019359743486,f
15577,1,-0.03857345465322198,-1.040153156511165,f
15578,1,1.1627445371243108,-0.15313535279142887,f
15579,1,0.41932311135406597,-1.0222551590405942,f
15580,1,1.2904600952381238,-0.41117601073762183,f
15581,1,1.1588264962677102,-0.4815902322151257,f
15582,1,1.2364573338416935,-0.047263898085426866,f
15583,1,0.4826118261820379,-1.0400777315269683,f
15584,1,0.8298756798386359,-0.25306910835123964,f
15585,1,0.5842064070733732,-1.0058824381448537,f
15586,1,1.6323185100250932,-0.3710238532210106,f
15587,1,0.5752636152233259,-0.9210392408316366,f
15588,1,1.0619417173709844,-0.500045606304023,f
15589,1,1.2266802404585275,-0.5168895887249452,f
15590,1,0.020674606001046862,-1.0064774103240837,f
15591,1,0.5761581724722504,-0.8089768050593138,f
15592,1,1.0696953306159098,-0.5136899379774901,f
15593,1,1.9518347370703732,-0.5566289682039514,f
15594,1,1.292413673436756,-0.26014322334703666,f
15595,1,0.055156624884247926,-1.0280582027035703,f
15596,1,0.9077789750608241,-0.1252108931118429,f
15597,1,0.01211734908269069,-1.0420920211123292,f
15598,1,0.4780891168460335,-0.5525544646166556,f
15599,1,0.4857221943393613,-1.0420435448327168,f
15600,1,1.231813470196236,-0.16282591847422398,f
15601,1,0.6452407006258256,-0.5133760336328722,f
15602,1,1.9208296735448294,-0.06555212377971467,f
15603,1,2.0477865213154938,-0.31800097856603765,f
15604,1,1.3108983649377253,-0.47166318341436114,f
15605,1,0.058154964175667095,-1.0245536335657066,f
15606,1,1.021250238803666,-0.5999423845116927,f
15607,1,0.03591496651124674,-1.3270580125908131,f
15608,1,0.5288054059941052,-0.9275139682559297,f
15609,1,1.1230819641611531,-0.17865098352851178,f
15610,1,0.4524391631724768,-0.8004692886897514,f
15611,1,1.8607857822337044,-0.09001813260641195,f
15612,1,0.5311160062029139,-0.5072597316926107,f
15613,1,1.3773510131947817,-0.5059925000763145,f
15614,1,0.17672573738332778,-1.0590355755134053,f
15615,1,1.6147889800163726,-0.8222285095096596,f
15616,1,0.1770388494693936,-1.0003761494113994,t
15617,1,0.8207327926615225,-0.9767656429773829,f
15618,1,2.0197955110883083,-0.11992535847084883,f
15619,1,1.9806755706946197,-0.2611557419137921,f
15620,1,0.30464092353873573,-0.8248296703359429,f
15621,1,0.7018706312564623,-0.9604545480351698,f
15622,1,1.9616910708231392,-0.8766531525290179,f
15623,1,1.9103807072149146,-0.9203561564509434,f
15624,1,0.9895672864226217,-0.13007198867926498,f
15625,1,1.3581189656098078,-0.27847145177209426,f
15626,1,0.23256873501352004,-1.0143955463355083,f
15627,1,0.22443360659657782,-1.0251905486510424,f
15628,1,1.075073849471887,-0.4047336845070869,f
15629,1,1.0911983826265212,-0.3117709664647346,f
15630,1,1.3644190263698648,-0.7439252882163673,f
15631,1,0.12330874169824123,-1.0296279931804306,f
15632,1,1.974910635755839,-0.21374794990649706,f
15633,1,-0.030302578411871173,-1.0027398674469008,f
15634,1,0.6633058080247403,-1.0036537319924512,f
15635,1,1.4592729346516382,-0.6701025620221887,f
15636,1,0.8099198207887301,-1.043501712677621,f
15637,1,1.9729473371650288,-0.19462858866628313,f
15638,1,0.9564642104249765,-1.041817971985213,f
15639,1,1.0134206121524167,-0.755598239791257,f
15640,1,1.2301976743748289,-0.26505429986531215,f
15641,1,1.1540206460738913,-0.39557924208201317,f
15642,1,0.3209331296261152,-1.047674266134899,f
15643,1,1.757320514970764,-0.27534054151616155,f
15644,1,0.11088828061880908,-1.0249673505847459,f
15645,1,0.6571873930349246,-1.0222915002765025,f
15646,1,0.025740131146625593,-1.0038651147179853,f
15647,1,1.9653733670523192,-0.27357997269369555,f
15648,1,1.021237457602116,-0.05138301673471403,f
15649,1,1.3090515411914045,-0.4831023544873222,f
15650,1,0.1586180786984703,-1.0274125552060172,f
15651,1,1.2637552809246504,-0.26007717375549866,f
15652,1,1.3173916838700326,-0.06780692490505386,f
15653,1,1.192186129151443,-0.5554503556273734,f
15654,1,1.479678810092021,-0.008041732663536638,f
15655,1,0.15552525482223287,-1.0006436206486553,f
15656,1,0.5898029959965444,-0.858456716686086,f
15657,1,0.3914839364728256,-1.0506491970296412,f
15658,1,0.21538377522098967,-1.0300963162743706,f
15659,1,0.08295689691656269,-1.0419386252721528,f
15660,1,0.5959428849022886,-1.0563008806468699,f
15661,1,1.1531824812146712,-0.6152454019888177,f
15662,1,1.2648452469944698,-0.5953955378123726,f
15663,1,0.7976994975994958,-0.9455249289728388,f
15664,1,1.6683834998508738,-0.5131232205164938,f
15665,1,1.155394997972454,-0.6291156009902205,f
15666,1,0.979555019553103,-0.01360493082715538,f
15667,1,1.5092085197111043,-0.25021781740411086,f
15668,1,1.4295762530965639,-0.5986034840704653,f
15669,1,1.1555658534804314,-0.9265115974453483,f
15670,1,1.6951063567491327,-0.6297531692474847,f
15671,1,1.167520344205462,-0.8958332200821678,f
15672,1,0.377848981886522,-0.9730228683874802,f
15673,1,1.0278039963567194,-0.37493870275259716,f
15674,1,1.0510283706015255,-0.3644269224698605,f
15675,1,2.001442748653757,-0.020527617934902292,f
15676,1,0.6855511150625575,-0.7610523391883818,f
15677,1,1.6146565202463223,-0.43037158668191744,f
15678,1,1.2720987678763613,-0.42596473548478647,f
15679,1,0.7645967473602132,-0.6783192933779273,f
15680,1,1.1948081958648584,-0.15652509116131694,f
15681,1,0.6547065822417816,-1.0743902888070405,f
15682,1,1.2289813942368006,-0.29674123407856245,f
15683,1,0.2941252179077145,-1.0196340887467414,f
15684,1,1.1642314226754873,-0.1305939781998666,f
15685,1,0.06850237273054803,-1.0247954960491323,f
15686,1,1.9905136792798122,-0.5549002328426961,f
15687,1,0.3623258135117076,-1.0134620580835407,f
15688,1,0.8429569134087942,-0.9533076366186798,f
15689,1,0.8756643064928221,-0.5553709863326837,f
15690,1,0.7763702010503323,-0.8665105614718814,f
15691,1,0.9907417367593356,-0.44207147114894385,f
15692,1,0.396043405390169,-1.0067362900375962,f
15693,1,1.831260999386637,-0.4150580169452722,f
15694,1,1.0235636631010352,-0.8255218138248462,f
15695,1,1.3094106895765654,-0.876677362370636,f
15696,1,-0.012204892668223683,-1.0496207694673452,f
15697,1,0.37660667581041607,-1.0008451384551416,f
15698,1,0.7493623766863354,-0.5831305818580501,f
15699,1,1.104558680812974,-0.6932868315741118,f
15700,1,0.29430452616373054,-1.0350540538809496,f
15701,1,1.640982814497986,-0.2121156763058384,f
15702,1,1.234654529775088,-0.33597899814675025,f
15703,1,0.043963055295695025,-1.0056548898887148,f
15704,1,0.8355347603280306,-0.09088272831639119,f
15705,1,0.1597812666425995,-1.0003696694144992,f
15706,1,0.4444348085781885,-1.0955834816113235,f
15707,1,0.7183485849668568,-0.34587154090993666,f
15708,1,1.9852629700393476,-0.31832664864423404,f
15709,1,-0.018402839849762723,-1.0121561917378012,f
15710,1,0.6909474583228814,-0.8965865828237495,f
15711,1,0.6124202318054527,-1.027472805967411,f
15712,1,1.9628176548420966,-0.15035511283607794,f
15713,1,1.9929440305394428,-0.4322723671874248,f
15714,1,0.7892087802817681,-0.5964053323301899,f
15715,1,1.0097251278587374,-0.49268089348604305,f
15716,1,1.560495280465829,-0.009923658381350797,f
15717,1,1.2695204053337334,-0.7910458586265061,f
15718,1,1.9856184719544057,-0.19449110317550702,f
15719,1,0.7743521050192479,-1.0235966888222785,f
15720,1,0.7458965021941171,-0.6917390003846433,f
15721,1,1.4994405401325765,-0.36590443214840557,f
15722,1,0.06711326657816012,-1.0469669586189223,f
15723,1,0.5629360063724849,-1.0397397276169213,f
15724,1,0.7769433817392708,-0.6400725269251174,f
15725,1,1.4465456456022079,-0.07910796499386114,f
15726,1,1.0509635556322536,-0.4441716643896182,f
15727,1,1.481571763167575,-0.1704044200448445,f
15728,1,1.4744900489000319,-0.4895148415030964,f
15729,1,0.7123074947829191,-0.834030927435666,f
15730,1,1.1049576664492022,-0.13250027691896152,f
15731,1,1.899405407923848,-0.8131162476617761,f
15732,1,0.5811602165577923,-1.003822192236181,f
15733,1,1.1192148223174943,-0.21741504149748195,f
15734,1,0.1451920654542993,-1.0035333935811501,f
15735,1,0.10655598227612785,-1.017718361331204,f
15736,1,1.6936658600272063,-0.23404930226506176,f
15737,1,1.6955525352070617,-0.3360942763561641,f
15738,1,1.624337081509506,-0.10673660631186517,f
15739,1,1.7791822719200123,-0.4842355690816872,f
15740,1,1.1068412699365386,-0.17301801435839206,f
15741,1,0.8860474528530751,-0.090224153162585,f
15742,1,1.034706122918823,-0.026407812881932464,f
15743,1,1.1726095946645716,-0.29315239866613674,f
15744,1,1.0459029626216283,-0.28315909475852474,f
15745,1,1.960817630067052,-0.17685806075116775,f
15746,1,0.4430665346018658,-1.0014517562918788,f
15747,1,0.27687151282273403,-1.0299620277004862,f
15748,1,1.4534194300494512,-0.8578360885620592,f
15749,1,0.1559782814131925,-1.0067689073033526,f
15750,1,0.2879583453306658,-1.0054938943513256,f
15751,1,1.0243195728080687,-0.6818871574797944,f
15752,1,0.8707015661681337,-1.1170814049465014,f
15753,1,1.9773845445271598,-0.26870382312390056,f
15754,1,0.6943415871102427,-1.0241538409876016,f
15755,1,1.231774326134836,-0.17986085293120108,f
15756,1,1.1442818492248878,-0.6693288217031725,f
15757,1,1.8231244757572485,-0.601664044892772,f
15758,1,0.08968652311898226,-1.3769519137678765,f
15759,1,1.9879762245904382,-0.14878166012061242,f
15760,1,1.3099286101874594,-0.4208902524277639,f
15761,1,0.6869207015968007,-1.0008209402363164,f
15762,1,0.5691513937943484,-0.9594266352533461,f
15763,1,-0.015143523686224805,-1.0055299727654345,f
15764,1,1.3700991525097295,-0.22533443444637355,f
15765,1,0.13835735146192235,-0.979383499112556,f
15766,1,0.7603602118270298,-0.4293998517683913,f
15767,1,0.519576784960596,-1.0212986975857978,f
15768,1,0.07681282063761763,-1.047080028691598,f
15769,1,-0.05478882174281304,-1.013593202242434,f
15770,1,0.09147776247277649,-1.0062553872005415,f
15771,1,1.9754547904644337,-0.5248285840766167,f
15772,1,1.6646645594750227,-0.048061181507151995,f
15773,1,1.1551889749795237,-0.8455983296850098,f
15774,1,1.9854334231658401,-0.23335162662085737,f
15775,1,1.1559202564443312,-0.07757854070095228,f
15776,1,1.114367020686146,-0.12605135152025082,f
15777,1,1.3334811698513467,-0.12707679465168373,f
15778,1,1.010819709400944,-0.04726306333549386,f
15779,1,1.8086280117725981,-0.27249196866109376,f
15780,1,1.5996497750354481,-0.4003572851868405,f
15781,1,0.8750169221714873,-0.5198513233762811,f
15782,1,1.405115027649417,-0.8140573966042822,f
15783,1,0.36919180957302716,-1.016935523374847,f
15784,1,0.8238358458067766,-1.0023646069748273,f
15785,1,1.9525349965490937,-0.6123334604562147,f
15786,1,0.9535367198346533,-0.6771492648101027,f
15787,1,-0.05386172329367646,-1.027515952064263,f
15788,1,0.9293748263540432,-1.0025673493086535,f
15789,1,0.19445000429466622,-1.0052698335234238,f
15790,1,0.8031150619010116,-0.6730475840095631,f
15791,1,0.07341567882277673,-1.0079774281614344,f
15792,1,-0.02275404882728232,-1.0770249778246195,f
15793,1,0.9084109673467962,-0.580960502372923,f
15794,1,0.7379284001571406,-0.8210467089660541,f
15795,1,1.9823716373686902,-0.2233941642110792,f
15796,1,0.5540368001027448,-1.0487125144802054,f
15797,1,1.9354958893092808,-0.4989587724238511,f
15798,1,1.9922362634947925,-0.09025600751744835,f
15799,1,2.5190575377138176,-0.11698409617867651,f
15800,1,1.1321357397509502,-0.4009214638017051,f
15801,1,1.9941067881503052,-0.12027182075696925,f
15802,1,0.7616034803128322,-1.0139556782672485,f
15803,1,1.242523752754221,-0.718136609642697,f
15804,1,0.9809116586739044,-0.09891546137886362,f
15805,1,0.8075115057840395,-1.0242645941787056,f
15806,1,-0.003678301800309869,-1.0299245040857423,f
15807,1,1.2321255916612248,-0.8275470391754352,f
15808,1,0.018834326069770674,-1.4125744552329678,f
15809,1,1.4555339376236187,-0.36233063881100747,f
15810,1,1.9988126615817474,-0.5940162758611081,f
15811,1,0.33788175480560423,-1.0037075657460388,f
15812,1,1.4606801588751739,-0.36681494980760937,f
15813,1,-0.0019064939878780537,-1.0009093436294165,f
15814,1,0.06938520403983998,-1.01016694116824,f
15815,1,1.975333757281642,-0.32399654219961954,f
15816,1,1.714341460342088,-0.17489562188398852,f
15817,1,1.120873949959139,-0.21483417374217623,f
15818,1,1.9917202321339538,-0.22910635751666342,f
15819,1,1.7627776198349272,-0.27914501241480016,f
15820,1,0.8678764593999854,-0.6434527095008881,f
15821,1,1.4519717135419534,-0.7365073909270766,f
15822,1,0.8110550482623896,-0.7195593544813423,f
15823,1,1.25819227412209,-0.6648741164199696,f
15824,1,1.5367666421154556,-0.6116134394512517,f
15825,1,0.504228676652453,-0.6348976934678584,f
15826,1,0.9776131943279743,-0.24866119576983747,f
15827,1,1.2920800255441436,-0.0798636660380497,f
15828,1,0.4581643725726004,-1.0088570549155558,f
15829,1,0.938155774641484,-0.46834837272147445,f
15830,1,0.7447635938002515,-0.925734186686303,f
15831,1,-0.007197665783078049,-1.3279693369802474,f
15832,1,0.6030231452749045,-1.2566818218323903,f
15833,1,0.26208433644178086,-1.0325836424837458,f
15834,1,1.536605867699332,-0.5908820121976918,f
15835,1,0.7034283482568962,-0.1944020162455357,f
15836,1,1.6306073747176586,-0.18445083421236297,f
15837,1,0.3008800194714338,-1.001315763724767,f
15838,1,0.7653314950328826,-0.5926319890278542,f
15839,1,1.9896632462894293,-0.0785937664854323,f
15840,1,0.8074843070740402,-0.6299676497548055,f
15841,1,0.20285988949001188,-1.030528238609254,f
15842,1,0.9986162945292523,-0.3711332588863604,f
15843,1,0.5919589814124976,-1.0858124012987704,f
15844,1,2.040041165592482,-0.00662351027788591,f
15845,1,0.36809626642710097,-0.8648633516495493,f
15846,1,1.8009209537542248,-0.1187420409068809,f
15847,1,2.192095804525472,-0.37294635615745647,f
15848,1,1.7258599299959372,-0.5167034820965559,f
15849,1,0.8011570219756092,-0.19898017539264093,f
15850,1,1.3376785325190121,-0.23372078449217248,t
15851,1,0.934525740970705,-0.9704000496451999,t
15852,1,1.4000759946643981,-0.35215326085309595,f
15853,1,1.3850919930531136,-0.7543223999725952,f
15854,1,0.9692365562775418,-0.6137645738960927,f
15855,1,2.005993981364722,-0.40746752746469705,f
15856,1,1.8874823788585862,-0.8975885848872093,f
15857,1,0.245503867552292,-1.000661333567624,f
15858,1,1.0171615849788478,-0.7611413220930088,f
15859,1,1.8563751827476265,-0.7336456665915996,f
15860,1,1.5736960550007886,-0.235965699340603,f
15861,1,1.9744688594426971,-0.44524178847565654,f
15862,1,1.1566107875024185,-0.019703761286240285,f
15863,1,1.0432702065916755,-0.254507449591932,f
15864,1,1.7450288207662004,-0.6317832185046229,f
15865,1,0.04701352150908213,-1.8008222804126022,f
15866,1,1.614707715122734,-0.7339580523285155,f
15867,1,0.8557603042623273,-0.7737909264594315,f
15868,1,0.5788831387567203,-0.9605035518861292,f
15869,1,0.0018507951505627143,-1.0197881279533776,f
15870,1,0.9325699417612151,-1.0048765575239915,f
15871,1,0.8074995461188349,-0.49677055410742627,f
15872,1,0.9119447244623072,-0.6632325268816804,f
15873,1,1.7988364694386465,-0.14919259817619823,f
15874,1,1.2385754358502803,-0.8172282782338935,f
15875,1,0.12627073143973094,-1.043394991370481,f
15876,1,0.6477092423472555,-0.7524857374328685,f
15877,1,1.9947571808066826,-0.10690537875212264,f
15878,1,0.6046543370837058,-0.8750282276496255,f
15879,1,0.14530536596955174,-1.1164602170064422,f
15880,1,0.6187707935346495,-0.7778333421551331,f
15881,1,0.11206970525314812,-1.0453715129351193,f
15882,1,0.45592845408938215,-0.8548658514175802,f
15883,1,0.12564211828488603,-1.0642626490013634,f
15884,1,1.4524342169941555,-0.6710076207166134,f
15885,1,0.06123670180751915,-1.0361249945833273,f
15886,1,0.31816828285342935,-1.0026311434456685,f
15887,1,1.4658421748975183,-0.8991225236360074,f
15888,1,0.8846976068856324,-0.6938804759887317,f
15889,1,1.0372852363027767,-0.11345307272061579,f
15890,1,1.3702008914762076,-0.2266301854722795,f
15891,1,0.2951409399776297,-1.012638742336992,f
15892,1,1.9732752813865804,-0.6300368075947078,f
15893,1,0.28308538787363186,-1.0474159351324561,f
15894,1,1.082565067540068,-0.4224644166010045,f
15895,1,0.9653869042590852,-0.26933991999703044,f
15896,1,1.755724656516899,-0.04715216297122846,f
15897,1,1.4361577005691266,-0.17199493419987405,f
15898,1,0.3484453293122917,-0.9399239555398411,f
15899,1,0.10429781463140496,-1.0548978965577511,f
15900,1,1.1538581240760786,-0.2956597914299139,f
15901,1,1.9890997809475013,-0.04677614266504381,f
15902,1,0.1348599167851223,-0.9974014678901378,f
15903,1,1.366995826516268,-0.4664159988839505,f
15904,1,1.3860527766084374,-0.14832299085478434,f
15905,1,1.213917010779741,-0.4305774012594778,f
15906,1,0.7235424112568891,-1.0332404888024447,f
15907,1,0.9722570487734191,-0.17007411931897598,f
15908,1,2.0731772135680586,-0.14471343220657698,f
15909,1,2.0077955381401518,-0.12899245077437277,f
15910,1,0.7237716175934609,-1.0219779493057346,f
15911,1,0.4004590766156174,-1.0118469798456384,f
15912,1,0.14305413929624744,-1.013104724196374,f
15913,1,1.1378806353981823,-0.2731863738429859,f
15914,1,1.4888271674568407,-0.3935115577285131,f
15915,1,1.3380378328922937,-0.13380378328923778,f
15916,1,1.4389413945612213,-0.46365889380308545,f
15917,1,1.8894306110844459,-0.25155141271834713,f
15918,1,1.8855944966098104,-0.0978976826682082,f
15919,1,1.9919770967450645,-0.5835581853258028,f
15920,1,0.2955464119273567,-1.012520114936353,f
15921,1,0.1381356744017468,-1.0674120294679394,f
15922,1,0.380242493561144,-1.0450373167408813,f
15923,1,0.16904650342711808,-0.4766172249403055,f
15924,1,0.40421860927769776,-1.013171319358388,f
15925,1,0.2247269574888959,-0.8964383029502496,f
15926,1,0.5026932795449864,-1.0053865590899729,f
15927,1,1.0080209037557468,-0.1402463866095076,f
15928,1,0.07302933915937701,-1.0055578238101737,f
15929,1,1.9460971176773727,-0.3195084820067451,f
15930,1,1.4197552591503335,-0.18674258363599014,f
15931,1,1.9896233295083865,-0.34145350869450825,f
15932,1,0.46100981685587655,-0.7842177862820469,f
15933,1,1.3429729050717383,-0.9045022737516885,f
15934,1,0.20342462802758468,-0.7622578015746043,f
15935,1,0.9303625963185966,-0.7818173078307381,f
15936,1,1.698227166177878,-0.15660298418647345,f
15937,1,1.2816597266684113,-0.11428812849272445,f
15938,1,1.5751362860466451,-0.5525031615597378,f
15939,1,0.20238270053591523,-1.0657386889923888,f
15940,1,1.8717619447208609,-0.26644298145492407,f
15941,1,-0.014594291728173728,-1.0507890044274824,f
15942,1,0.09348096037174815,-1.033632333253454,f
15943,1,1.1567826325182204,-0.4847927215117971,f
15944,1,1.3743745257491478,-0.8765508240479528,f
15945,1,1.543008148477657,-0.7213781033137171,f
15946,1,1.1008099135850182,-0.552747105544833,f
15947,1,0.5666867536943649,-1.001773266009446,f
15948,1,1.9528706839110892,-0.3294638976938501,f
15949,1,1.4702042653256688,-0.7611695841756686,f
15950,1,0.0251402139521435,-1.0078940320808958,f
15951,1,0.6532678402168023,-0.8013105522083841,f
15952,1,2.1302347782086097,-0.35811972952532023,f
15953,1,0.6415502895792065,-0.5699829265982447,f
15954,1,1.73389849094217,-0.4629480216280105,f
15955,1,1.1950148284717546,-0.6020454452300867,f
15956,1,0.755468679863667,-0.778019983740249,f
15957,1,0.7949445501417236,-0.908082725817303,f
15958,1,0.021302889680537798,-1.0083367782130028,f
15959,1,0.9125054591907478,-0.8246555547344865,f
15960,1,1.4208137737441593,-0.169844405137259,f
15961,1,1.9743626445517877,-0.5728432461657166,f
15962,1,1.9680797510454338,-0.10059647482407856,f
15963,1,0.7715118294594101,-1.0595763112380465,f
15964,1,0.8000025762842469,-1.0295115121034972,f
15965,1,0.7241165611467203,-0.6116324351433392,f
15966,1,0.9344663585866839,-0.19108788380074912,f
15967,1,0.45691418560316094,-1.0046436130653313,f
15968,1,0.020755845521500737,-1.0437225176523828,f
15969,1,0.05264473873061432,-1.0470453591973805,f
15970,1,1.349909380829203,-0.015850207994096678,f
15971,1,0.23884743735124098,-1.011120818120235,f
15972,1,1.0255304295189611,-0.14331946996381417,f
15973,1,1.9239274389019847,-0.2996039675847401,f
15974,1,2.038577643976623,-0.47005427795763094,f
15975,1,0.26503616204657426,-1.0026368017044252,f
15976,1,1.9635268804576227,-0.05695312774806171,f
15977,1,1.9763471009548836,-0.1423228681538678,f
15978,1,0.8745230110298376,-1.1109492901745288,f
15979,1,1.9726866519807926,-0.49080064538461565,f
15980,1,1.0089383277644823,-0.38025313860468163,f
15981,1,1.455798717509694,-0.14524209942673774,f
15982,1,1.6449709285409055,-0.3336655027466349,f
15983,1,0.27704263179928557,-1.0195168850213439,f
15984,1,1.5664541899463496,-0.7179581703920677,f
15985,1,0.4878072215672707,-0.8663659508043345,f
15986,1,0.41597355774897954,-1.0173811111210171,f
15987,1,1.1802651234596013,-0.20322445834404151,f
15988,1,2.0836552043097294,-0.5404132481765683,f
15989,1,0.30435145686491466,-1.0159337362955696,f
15990,1,0.9815966317689709,-0.9053996329558288,t
15991,1,0.31713475624547316,-1.0404245511913846,f
15992,1,1.4089228858005927,-0.2585663723004777,f
15993,1,0.3538550324822804,-0.8034903745086105,t
15994,1,1.2355201340223994,-0.2283026334606644,f
15995,1,1.7824779634115884,-0.17047188576253974,f
15996,1,2.016047625863372,-0.71005450973802,f
15997,1,0.714211280897549,-1.0053705835630697,f
15998,1,0.7609956474290324,-0.5586765629161818,f
15999,1,0.5784472410866341,-1.2127831045004418,f
16000,1,0.9828040794944016,-0.28187020554025977,f
16001,1,0.22418250005605672,-1.0338769414349789,f
16002,1,1.8508606167691177,-0.38312275157610975,f
16003,1,0.1971015173974059,-1.0132683640852838,f
16004,1,0.08678742903055987,-1.0259513931828952,f
16005,1,0.36830868249027887,-1.0962258423726483,f
16006,1,0.27323089395937183,-0.9479439178182668,f
16007,1,0.2848575926627743,-1.008203839199637,f
16008,1,1.3220068364338613,-0.11304571522950603,f
16009,1,0.46245931576104965,-1.0101764942042568,f
16010,1,1.9753331423348486,-0.5915436148168256,f
16011,1,1.1483808132480617,-0.24272594461833288,f
16012,1,-0.02157515208742008,-1.416768320408476,f
16013,1,0.3723267751224255,-0.7338090810664578,f
16014,1,1.1479179779193078,-0.034891123948911126,f
16015,1,-0.031643828074021864,-1.191917524121035,f
16016,1,0.5888847232175516,-1.006457526953625,f
16017,1,0.7075637642423344,-1.0298205281546924,f
16018,1,0.007879466438522635,-1.0125114373491308,f
16019,1,0.3460397469220053,-1.0182318989888481,f
16020,1,1.0031518985316028,-0.37707128100836346,f
16021,1,1.6429027765643744,-0.8869429568240815,f
16022,1,0.11931172149010584,-1.0001129595493639,f
16023,1,1.5890465635746596,-0.26244434194785526,f
16024,1,1.9714311140849992,-0.5120076717562178,f
16025,1,2.0173670568525255,-0.041452747743509315,f
16026,1,0.9905914540815448,-0.9119163205444211,f
16027,1,0.875021842164173,-1.0064628914163325,f
16028,1,0.1544632253436337,-0.6861040939681554,f
16029,1,0.7764435798274946,-1.0081571088858903,f
16030,1,1.1320718502578355,-0.6305677081241275,f
16031,1,1.5067121126192389,-0.6303591491570133,f
16032,1,1.623649678204392,-0.2058694568058338,f
16033,1,1.9616350226400256,-0.23903869714956524,f
16034,1,0.7398301108351022,-1.0137095268653715,f
16035,1,1.6825614836316292,0.06268366311565934,f
16036,1,2.1223233038418705,-0.1559413180241886,f
16037,1,0.2673315701175698,-1.0118356202298262,f
16038,1,1.5570255833462763,-0.07165073480886511,f
16039,1,1.9801549307801611,-0.2549555704867175,f
16040,1,0.7991206148700907,-1.0011624307051514,f
16041,1,1.9812616523589512,-0.049285115730316,f
16042,1,0.19924257563195,-1.3536774991464438,f
16043,1,0.6923826200148391,-1.1965447219673584,f
16044,1,1.1422258257347644,-0.07592830633499288,f
16045,1,1.5887515801604497,-0.16230860936804947,f
16046,1,1.238613936520495,-0.07323424303336663,f
16047,1,3.061880643743095,-0.3749241604583697,f
16048,1,1.4574144503980642,-0.14488915588753074,f
16049,1,0.8757586328697459,-0.7587908702604313,f
16050,1,1.2486474645995282,-0.4175044154078716,f
16051,1,1.9535227260330228,-0.9257999005982318,f
16052,1,0.16304106979029973,-1.0551525837371414,f
16053,1,0.1189187692573194,-1.0042029403950805,f
16054,1,0.44673425463126776,-1.016235174657356,f
16055,1,0.34304687857329935,-1.002234998184711,f
16056,1,1.9616503253754287,-0.29074460179671185,f
16057,1,0.8610207827609089,-1.007483080859384,f
16058,1,1.4089875280728223,-0.820274076231785,f
16059,1,1.4245706232632087,-0.2436765539792462,f
16060,1,0.07496115645218271,-1.00856828681122,f
16061,1,0.7788559359832479,-1.03847458131102,f
16062,1,1.0487397073610583,-0.8298438805909768,f
16063,1,1.997746420654755,-0.5943116591911946,f
16064,1,1.036437932828582,-0.13883748009854419,f
16065,1,2.691967575806067,-0.5813465053666736,f
16066,1,0.47676718131025575,-1.0359385667975411,f
16067,1,0.23887759132269684,-0.8629452986532022,f
16068,1,1.9625446657860683,-0.06154321251596336,f
16069,1,0.2688710960549804,-1.0418754972131072,f
16070,1,1.1618243191168072,-0.5581718259102444,f
16071,1,1.070221435159406,-0.541557834658923,f
16072,1,1.0525507823017408,-0.038135897909479376,f
16073,1,0.1099249116587157,-1.0246572122471025,f
16074,1,1.964602412938598,-0.5550674625597244,f
16075,1,1.080643074974716,-0.4998893135937064,f
16076,1,0.519197985886924,-0.5384275409198142,f
16077,1,1.9585518122559618,-0.42757117028122066,f
16078,1,1.9574300676474725,-0.8678069683605949,f
16079,1,0.9222014377394309,-0.7186524717519028,f
16080,1,0.4164711151625177,-1.0453424990579236,f
16081,1,1.9791561318055868,-0.09793762301714529,f
16082,1,2.1080592996531387,-0.15331340361114854,f
16083,1,1.4982600956525562,-0.13988669197736434,f
16084,1,0.48688130105910243,-2.2709015907607175,f
16085,1,0.7487445487409905,-0.9823953299084246,f
16086,1,0.39826631252002204,-1.0137687955055088,f
16087,1,-0.05247282110634693,-1.0144745413894027,f
16088,1,0.5547106855190652,-0.34867528804055886,f
16089,1,0.3587371284847277,-1.0178801450501072,f
16090,1,0.6264202953769863,-1.0071326300673178,f
16091,1,1.9645846395469924,-0.13077416662642483,f
16092,1,1.2245206632174146,-0.15839570767985298,f
16093,1,0.6022476770856481,-0.5286396276640334,f
16094,1,1.8698538058780354,-0.3153586486915027,f
16095,1,1.2969481623577772,-0.5308936159101894,f
16096,1,1.2686102576591591,-0.17929691641583664,f
16097,1,1.043615023198376,-0.02872334926235168,f
16098,1,0.043511324629509476,-1.0225161287932656,f
16099,1,1.3841573975502666,-0.03691086393467605,f
16100,1,1.403040330233375,-0.32898876708921454,f
16101,1,0.3614460395776835,-0.6650607128229749,f
16102,1,0.4050313317844134,-1.0204277738754417,f
16103,1,0.7460142997064124,-0.42505465913503626,f
16104,1,1.054174383943916,-0.328186364812748,f
16105,1,1.1131796241842231,-0.7142366374823589,f
16106,1,0.25314013014794606,-1.0125605205918615,f
16107,1,1.0412254009931092,-0.012666975681179804,f
16108,1,0.6444308630415005,-1.0180503128203844,f
16109,1,1.4472606998779798,-0.13997229396630798,f
16110,1,1.249188495603901,-0.1407536333074822,f
16111,1,0.4047793734464286,-1.2062961460323802,f
16112,1,0.052176844363638626,-1.0270599890525398,f
16113,1,0.4419123405331526,-1.0367943374046993,f
16114,1,0.8227862661271919,-0.6462809615124357,f
16115,1,1.0042229755451264,-0.693460564774723,f
16116,1,1.5682288893152214,-0.33499029204656194,f
16117,1,0.9404420925716892,-0.7116859078921044,f
16118,1,1.9553982468862994,-0.6019349794604352,f
16119,1,1.4112443844519804,-0.0849360046198077,f
16120,1,1.0577672250227903,-0.13637879316328286,f
16121,1,1.6086912377606923,-0.11903634951716256,f
16122,1,0.5104634457007713,-1.0106491039042202,f
16123,1,0.8152709108606849,-0.8540933351874236,f
16124,1,0.6506345518047121,-1.0034230643388584,f
16125,1,-0.06019498377016759,-1.04822299323908,f
16126,1,1.9792328872973597,-0.19918127573437536,f
16127,1,1.6199518941235844,-0.40564649056102464,f
16128,1,0.5964871275100184,-0.7027108625460838,f
16129,1,0.6253718675555048,-1.030374600829556,f
16130,1,1.0488672797165004,-0.8940645787944893,f
16131,1,1.0247190812064937,-0.12877485779866626,f
16132,1,0.7948995071263096,-0.4138153316510266,f
16133,1,0.5469307178566275,-0.666094393814254,f
16134,1,0.05498678259900553,-1.0158084574867376,f
16135,1,0.4745693356198477,-1.0290932875669008,f
16136,1,1.4789332518360725,-0.07615769237030375,f
16137,1,1.7277409868285516,-0.7879258346525718,f
16138,1,1.386042778657,-0.49376207485611406,f
16139,1,0.050143367264557134,-1.0117161748084098,f
16140,1,1.1391864089719423,-0.11523561940466293,f
16141,1,0.7090481720687882,-0.8587361195055198,t
16142,1,0.26640938036925105,-0.7494593557640765,t
16143,1,0.6183239271709225,-0.9956063234107865,t
16144,1,1.2700771651967202,0.0033248093329974492,f
16145,1,0.43639051562847225,-1.0113177028850113,f
16146,1,0.18581498314712408,-1.0001218210565581,f
16147,1,1.1495320046002226,-0.3424137886042966,f
16148,1,1.3031977749019492,-0.2943693797425399,f
16149,1,0.30569474540879665,-1.0179931813127934,f
16150,1,0.7589720931393846,-0.781377173379653,f
16151,1,0.2862197588719849,-1.2338016790210127,f
16152,1,0.31095084917728427,-1.0015040337138528,f
16153,1,0.5229667627668989,-1.0233051559910182,f
16154,1,1.3101189611517905,-0.6286345758393002,f
16155,1,1.241666297326293,-0.15336495833957758,f
16156,1,0.9061711664442743,-1.0304287511406172,f
16157,1,0.08371886521153461,-1.1484510996966812,f
16158,1,0.21252428995351721,-0.946141790850722,f
16159,1,1.2430824442935429,-0.620125410706808,f
16160,1,0.013931763982194822,-1.9922422494518488,f
16161,1,1.8168205467507577,-0.7172394477956014,f
16162,1,0.0366920802892327,-1.0029168612389368,f
16163,1,1.9598191992271903,-0.6318727418197734,f
16164,1,1.0958383730663679,-0.020807057716471223,f
16165,1,0.2173529787667899,-1.0384642318857271,f
16166,1,0.9086248875094212,-1.129471214334639,f
16167,1,0.687604105914307,-1.0543262957352755,f
16168,1,1.2278028448843352,-0.14602509562944432,f
16169,1,1.9785130264875543,-0.45223154891143447,f
16170,1,1.2688615431432668,-0.15636475582169504,f
16171,1,0.6242910547076046,-1.0225456930554924,f
16172,1,1.123894161912422,-0.42014735024761124,f
16173,1,-0.04369561606111893,-1.0213850254283632,f
16174,1,1.987206872672614,-0.15757587536610637,f
16175,1,1.4239566971188191,-0.21934686496022396,f
16176,1,-0.058626756715875326,-1.084594999243791,f
16177,1,0.33489694784666457,-1.0476263496741767,f
16178,1,1.230653805755004,-0.2795479924299999,f
16179,1,-0.024009899389669288,-1.0324256737571882,f
16180,1,1.2164781817087493,-0.10002870990178957,f
16181,1,0.05781313962690727,-1.0345509196392526,f
16182,1,-0.12201236714846334,-1.046490687465518,f
16183,1,1.0855680238849166,-0.1304364679861611,f
16184,1,2.093422763014812,-0.03922443761373922,f
16185,1,-0.06439949921036296,-1.0030709877008097,f
16186,1,0.01993899978304684,-1.0102426556741626,f
16187,1,0.4615096183833922,-1.009914353198805,f
16188,1,0.868332489015075,0.027283671102939826,f
16189,1,0.15143285780787533,-0.8653306160449252,f
16190,1,0.20596100076382848,-1.0272932842975602,f
16191,1,1.1526444168013363,-0.9628240068915693,f
16192,1,1.5496503769757277,-0.5207634219526723,f
16193,1,1.1005524928204586,-0.73628511843622,f
16194,1,1.4595174473400132,-0.5539589618153723,f
16195,1,0.3808618874686652,-1.0262111967905707,f
16196,1,1.966676264449712,-0.33459037745830605,f
16197,1,-0.014347946959456704,-1.095226617906133,f
16198,1,-0.022444926198143467,-1.0299727244267844,f
16199,1,1.346633775512739,-0.09413362314261428,f
16200,1,1.9763048822506892,-0.21667920998169474,f
16201,1,0.5767551167918075,-1.0172305435399789,f
16202,1,1.3481941273778388,-0.30559066887231773,f
16203,1,0.09530021547704834,-1.088732764692548,f
16204,1,1.2552208649342682,-0.24873040180724257,f
16205,1,1.3450977454684765,-0.4483659151561693,f
16206,1,0.4389495741213428,-1.0346668532860381,f
16207,1,0.9890488612816438,-0.6288397080988039,f
16208,1,0.09534126572582545,-1.0606715811998537,f
16209,1,1.1986539381432246,-0.355980751931149,f
16210,1,1.4606692652658215,-0.3520429095989672,f
16211,1,0.9520059247262489,-0.8281147427413121,f
16212,1,0.975793238306655,-0.16317612680711235,f
16213,1,0.7665907058309867,-1.0000524207885895,f
16214,1,-0.021690409679047912,-1.0140266524958736,f
16215,1,1.554867549415694,-0.7205483765584985,f
16216,1,1.7205897221538713,-0.25923212948256585,f
16217,1,-0.06769950042163289,-1.0054629507065191,f
16218,1,0.1838273895084647,-1.001988728729264,f
16219,1,1.0787186947141245,-0.16790290983823555,f
16220,1,1.4107400687994933,-0.3262157562741314,f
16221,1,1.484483604535093,-0.07291176839562467,f
16222,1,1.067398146346299,-0.5219139201377965,f
16223,1,2.0986523326972315,-0.22679500094596544,f
16224,1,1.1183422825056384,-0.5429418996861064,f
16225,1,0.7744407836514964,-0.462395046649066,f
16226,1,1.2755246179168673,-0.4435346966846987,f
16227,1,0.9409477297397104,-0.27326925085255727,f
16228,1,1.9526305135084103,-0.5278312165491043,f
16229,1,1.438324186572188,-0.10524323316380724,f
16230,1,0.021397867176009753,-1.044929180427427,f
16231,1,0.13959563783169515,-1.075263696811767,f
16232,1,0.416389780019211,-0.7633812633685985,f
16233,1,0.98423951464222,-0.6461876448715002,f
16234,1,0.6269703168928248,-0.4668350411496136,f
16235,1,0.12388066023880696,-1.000574563467279,f
16236,1,0.4118594968259708,-0.487040198627519,f
16237,1,0.010976735056070648,-1.0135185368447366,f
16238,1,0.5645166155174153,-1.0121215059276845,f
16239,1,0.8803579703412664,-0.39792180259423066,f
16240,1,2.0417339341178495,-0.548525534539144,f
16241,1,1.0769264032572683,-0.06923098306656734,f
16242,1,0.8674185212214008,-0.359054387882653,f
16243,1,0.03871908020184933,-1.003176168865606,f
16244,1,1.091176271824905,-0.10872930822456903,f
16245,1,0.21379141718207606,-1.0196206050222931,f
16246,1,1.4621199129073943,-0.5396830045024853,f
16247,1,1.6409261338103027,-0.20891420685086837,f
16248,1,1.2348093629557455,-0.20701215790731486,f
16249,1,1.887932520013608,-0.7863560945119372,f
16250,1,1.210936316300073,-0.3464817783632912,f
16251,1,1.0683060594463958,-0.09486887786587724,f
16252,1,0.6511467300167878,-1.0218490763134649,f
16253,1,0.08511498865193173,-1.0835792786071379,f
16254,1,1.2747294241064406,-0.48795280626033627,f
16255,1,0.9681472478100956,-0.11543294108506481,f
16256,1,1.0937746867864104,-0.7430723268961784,f
16257,1,1.2643267062751264,-0.33828139298331567,f
16258,1,0.04132490582449597,-1.0256090263710775,f
16259,1,-0.011574049594840544,-1.030090413941708,f
16260,1,0.1594519528567188,-1.0139508797042747,f
16261,1,0.09220403435599538,-1.0621904757811813,f
16262,1,0.7134261290745845,-1.00124611247804,f
16263,1,0.41422700219048036,-0.789792817509812,f
16264,1,0.8859170919138036,-0.5849865241843785,f
16265,1,0.19364941391518656,-1.0141977779626348,f
16266,1,0.28643065119642613,-1.1609989061828196,f
16267,1,1.947978656878179,-0.5241548996419244,f
16268,1,1.2908633102394562,-0.7789692389375754,f
16269,1,0.7188926590751877,-0.22243763890665574,f
16270,1,1.2927486954685008,-0.4125010082406633,f
16271,1,1.4697077603440316,-0.4875472858833282,f
16272,1,0.7621889504061208,-0.1574474827130026,f
16273,1,0.1999477485562385,-1.0422808169421867,f
16274,1,1.2488164319437989,-0.05379516937600762,f
16275,1,1.2881404122860234,-0.3857143607409837,f
16276,1,1.871181796239971,-0.7079185883112914,f
16277,1,1.1539104170756842,-0.2523127734130568,f
16278,1,0.6270166150685529,-0.6159678641422544,f
16279,1,0.8805111346251914,-1.0048956071744917,f
16280,1,0.44924076846228217,-1.0131813075957568,f
16281,1,1.047714209551568,-0.5060657314060769,f
16282,1,0.9487155892753445,-0.608458943332701,f
16283,1,1.7394408317592074,-0.34704172312467435,f
16284,1,0.27018349544604564,-1.0110092087659184,f
16285,1,1.6423552615639831,-0.729472514654076,f
16286,1,0.07012994719190865,-1.0187297592086466,f
16287,1,0.14907727589480815,-1.0367646914502875,f
16288,1,1.106523290385719,-0.3087971973169723,f
16289,1,1.1193212074247885,-0.5160260481687252,t
16290,1,1.3005643594800986,-0.48771163480506075,f
16291,1,1.1776108987506986,-0.09660089403816298,f
16292,1,1.039832520700699,-0.23575150266898914,f
16293,1,-0.041271348208347,-1.0042694730694037,f
16294,1,0.5678594810534722,-1.0300706865621054,f
16295,1,1.9683932864017806,-0.046525659496756716,f
16296,1,1.140638421699943,-0.7875836721261276,f
16297,1,-0.06895280754869658,-1.0125175424254975,f
16298,1,0.14258680056095172,-1.00966869586407,f
16299,1,1.1286740510402902,-0.5481100822943004,f
16300,1,0.7496660040401016,-0.5697461630704639,f
16301,1,1.983597542629908,-0.8328695564389351,f
16302,1,1.5012163319345062,-0.5312615437408912,f
16303,1,1.7579670635644313,-0.2624862413180604,f
16304,1,2.1017161251394407,-0.667066422326872,f
16305,1,1.3222507722821937,-0.5208100556216478,f
16306,1,0.42047132571052986,-1.0494828653823007,f
16307,1,1.288356711114081,-0.8654958307248227,f
16308,1,0.1325609452366764,-1.0475996922175395,f
16309,1,2.0044444107066823,-0.050674156450448316,f
16310,1,1.267323973921896,-0.26070664606392124,f
16311,1,0.14066389386817926,-1.0481728865662034,f
16312,1,0.1074950314240196,-1.02234636269233,f
16313,1,0.2592435873944584,-1.0036770080775956,f
16314,1,-0.008071190798346695,-1.0035180559286285,f
16315,1,0.6737444864537395,-1.0132903189125266,f
16316,1,0.2160359952635687,-1.0033671780018856,f
16317,1,0.6218008375465119,-1.0321390420812644,f
16318,1,0.20474177099417332,-1.0009597693048502,f
16319,1,0.05955326337075602,-1.0211633101514723,f
16320,1,1.390946794770294,-0.3824257610925691,f
16321,1,0.2643933079013632,-1.005667796925415,f
16322,1,1.1592728245540584,-0.13552062596899525,f
16323,1,1.8735422684742218,-0.44866868169261276,f
16324,1,1.8407778255104421,-0.368882427027262,f
16325,1,1.5261909226086892,-0.2306244060830982,f
16326,1,1.2584621112528755,-0.9268673327322984,f
16327,1,0.4589589779421029,-1.0010949874853468,f
16328,1,0.3480726297287358,-0.8967810110914997,f
16329,1,1.043963866229199,-0.4760328192841137,f
16330,1,0.4022926189451914,-1.0004659371673033,f
16331,1,-0.00391862176381934,-1.0031671715367505,f
16332,1,1.715174340974748,-0.11849565119145983,f
16333,1,0.8028510269515778,-0.5556454847546394,f
16334,1,0.5063374701268425,-1.007080051081038,f
16335,1,0.9597470224602228,-0.4671161377209408,f
16336,1,0.7902018616773007,-1.5942669139103574,f
16337,1,1.9721930639467242,-0.060883578600328205,f
16338,1,1.803279701011534,-0.3903202816042083,f
16339,1,1.8633206847470685,-0.29388960393572505,f
16340,1,0.9643461953885993,-0.24726825522784832,f
16341,1,0.4249484379927001,-0.8800350630770772,f
16342,1,1.6860370544810925,-0.5630053061782998,f
16343,1,0.2596688359154819,-1.0058058707611306,f
16344,1,0.07536631690673401,-1.0482769533391496,f
16345,1,1.3870031300946692,-0.40664409950502567,f
16346,1,0.7056156674021269,-0.5679345615675562,f
16347,1,1.996872910000853,-0.7554934600151786,f
16348,1,1.1565322556320983,-0.14672424138616386,f
16349,1,1.2783429259795076,-0.8177389474281657,f
16350,1,1.9545809146604585,-0.3293043932308351,f
16351,1,0.3676999101233981,-1.0088177021334364,f
16352,1,0.03238979071801521,-1.0850579890534346,f
16353,1,1.5648416296433423,-0.9797035931729441,f
16354,1,0.8824261420938873,-0.4274642218075138,f
16355,1,0.007157975400772785,-1.0235904823094752,f
16356,1,0.05836280851231383,-1.0140537979011441,f
16357,1,1.02950631762968,-0.8735205119282078,f
16358,1,1.993196263401158,-0.27604347436106386,f
16359,1,-0.04066450555223948,-1.0288119904717854,f
16360,1,0.03189553751975542,-1.0078989856236291,f
16361,1,0.7112931718038116,-1.015479640774591,f
16362,1,0.43897469116416443,-1.1619918295523166,f
16363,1,1.9692667244395847,-0.09756730990653194,f
16364,1,1.0304758243236494,-0.17049690911535928,f
16365,1,1.5077129326567253,-0.5461528735200155,f
16366,1,0.8736103555997149,-1.0039746916097378,f
16367,1,1.3239432332397347,-0.4922353046660536,f
16368,1,0.8088910802380491,-0.4718531301388897,f
16369,1,0.7165392189324282,-0.7499122784443052,f
16370,1,1.3969749184118099,-0.211001419968462,f
16371,1,0.0499041424582834,-1.0320176660378964,f
16372,1,0.7599708289100678,-1.0033210680886722,f
16373,1,1.7110802648824848,-0.6695531471279269,f
16374,1,1.0947775281441854,-0.21383801467922298,f
16375,1,1.7642664413337095,-0.27590950954777893,f
16376,1,-0.06452849433963678,-1.0514348783576086,f
16377,1,0.9781515320747977,-0.7873839292609318,f
16378,1,1.414110453650606,-0.6024008430713533,f
16379,1,0.3762443385322119,-1.0372607681552966,f
16380,1,0.9587551364998884,-0.5005401096506299,f
16381,1,1.1872296817730845,-0.04780790664858445,f
16382,1,0.42980628899887213,-1.0092772679169937,f
16383,1,0.5299164280498451,-1.032756834228524,f
16384,1,0.45100327197365436,-0.8665109160604025,f
16385,1,1.1972110466224442,-0.7437220138109076,f
16386,1,1.5213255835391741,-0.3241393545021511,f
16387,1,0.752104220159676,-0.5962628051716197,f
16388,1,1.7265847821633933,-0.394923157984335,f
16389,1,1.9766725030971402,-0.617027604557935,f
16390,1,2.005698385037541,-0.7696867552581879,f
16391,1,1.1237258544836812,-0.027186915834309388,f
16392,1,0.20522962379232865,-1.0121551900667234,f
16393,1,0.5808879262112061,-1.022068629662764,f
16394,1,1.891346360042408,-0.09901007790828942,f
16395,1,0.8365069760253832,-0.9501365363525228,f
16396,1,0.05663042524398528,-1.0488939632149383,f
16397,1,1.8324942180234114,-0.1562386688776829,f
16398,1,2.0268307678893724,-0.28954725255567915,f
16399,1,0.9486140835444641,-1.034122958680894,f
16400,1,0.2021825146026563,-1.0370773690206965,f
16401,1,1.3046377938806846,-0.7295515532265179,f
16402,1,0.878173414066314,-0.397268925410956,f
16403,1,1.9733566509679181,-0.2013629235681578,f
16404,1,0.5514322207991103,-0.4640573970808918,f
16405,1,0.20569897403419335,-1.039097910069754,f
16406,1,1.98127426133487,-0.28386678013279143,f
16407,1,1.4562906775310969,-0.032532117632100885,f
16408,1,0.20090067087746782,-1.0332034502270293,f
16409,1,2.0082752468333624,-0.5110061622832301,f
16410,1,0.24456016990074583,-1.0146645346946321,f
16411,1,1.1108074942115902,-0.7676311951868343,f
16412,1,0.12866067437940445,-1.0106389204873758,f
16413,1,0.7009913575510873,-1.007412729414749,f
16414,1,0.45941164498805453,-1.0077416728770412,f
16415,1,0.1611013236117816,-1.0064094451512127,f
16416,1,0.729567089457888,-0.5161299090314009,f
16417,1,0.08984642741689017,-1.012415840648822,f
16418,1,1.2994209749042793,-0.6448254461930961,f
16419,1,1.2571418387271411,-0.673704733188303,f
16420,1,0.2522629405914834,-1.01376695751726,f
16421,1,1.41301012421813,-0.5910912580699296,f
16422,1,0.9808719317276114,-0.7053028035605161,f
16423,1,1.297559366680065,-0.4276047912923399,f
16424,1,0.4245195862335912,-1.069857828209654,f
16425,1,1.6379479163656328,-0.563426173574145,f
16426,1,0.6120263969605058,-0.5681942677351833,f
16427,1,0.6644210465859197,-0.6977400961197275,f
16428,1,-0.06826212703224255,-1.1351016552216577,f
16429,1,0.47198378849329314,-0.4607013074934631,f
16430,1,1.8123333407733173,-0.5045085643968483,f
16431,1,1.0774621517491174,-0.5907933227027881,f
16432,1,1.1461903848121477,-0.5439927021666864,f
16433,1,0.19153305594609757,-1.0588119497244337,f
16434,1,0.47635000967235347,-0.986725020035597,f
16435,1,1.4672978080395251,-0.10935146265878308,f
16436,1,1.6666891470455958,-0.41302184119530144,f
16437,1,0.44924871527666027,-0.9079752515507385,f
16438,1,0.0985239654486351,-1.0020608193189942,f
16439,1,1.9641470222655095,-0.019674260657103444,f
16440,1,0.10559940049080756,-1.022122499089968,f
16441,1,-0.020267993142360458,-1.0032656605469101,f
16442,1,0.21970138859788327,-0.7469847212328218,f
16443,1,0.994781011643707,-0.46423113876703054,f
16444,1,1.3145995118607692,-0.0566434260047763,f
16445,1,0.1091973805282628,-1.0060099099732467,f
16446,1,1.3029512123500309,-0.36645502847341493,f
16447,1,1.3837805329316875,-0.9111136121003435,f
16448,1,2.036717580072426,-0.2816302866232318,f
16449,1,0.47945551591369767,-1.005012523742116,f
16450,1,1.079434869387441,-0.6404194298462503,f
16451,1,0.8162728615911051,-1.039569389078008,f
16452,1,0.1507813095386613,-1.0262856875053694,f
16453,1,1.4335761647258136,-0.4643344181345063,f
16454,1,0.01081529777305448,-1.0598991817618366,f
16455,1,1.7452140219870416,-0.2091932456987747,f
16456,1,1.9342688713835696,-0.07068756672833924,f
16457,1,1.0633471036842181,-0.6762887579431388,f
16458,1,1.000868530092366,-0.301209249577593,f
16459,1,1.2353198029964223,-0.3494001051370661,f
16460,1,-0.0804306266029,-1.0154366608615288,f
16461,1,0.6927032798687977,-0.650371412765684,f
16462,1,0.3054737226380782,-1.0054174493126646,f
16463,1,-0.024641431392106897,-1.0431539289315221,f
16464,1,2.0283427284320017,-0.1759363167280358,f
16465,1,1.9677849550020274,-0.37109592203509056,f
16466,1,2.0276674611242655,-0.5727243261554742,f
16467,1,1.1630208273569542,-0.658313675862412,f
16468,1,1.6723100243158358,-0.5969151928152618,f
16469,1,1.0018707881975066,-0.1014355159390081,f
16470,1,1.1908288998806023,-0.24319745138405485,f
16471,1,0.060250523276383305,-1.075340861085244,f
16472,1,0.5245036845832456,-0.965325869631856,f
16473,1,0.02216236043629552,-1.0165135986789517,f
16474,1,1.8671251658333987,-0.5013422612987046,f
16475,1,1.6155441231310703,0.0187457651418252,f
16476,1,1.334781991620294,-0.1141801462711321,f
16477,1,0.4964850584032661,-1.0381051221159288,f
16478,1,0.4342813365737366,-0.8562134408278059,f
16479,1,1.2585153119021817,-0.2213469141536479,f
16480,1,1.0826844106482303,-0.6651083158852906,f
16481,1,1.0430827714671835,-0.9965645003554525,f
16482,1,1.1022573475724042,-0.2586524461812715,f
16483,1,0.3637403942413234,-1.003041693210977,f
16484,1,1.9813452045327296,-0.871089752158905,f
16485,1,1.9840997632323438,-0.5741421347445016,f
16486,1,1.6494113000580617,-0.9447804918379531,f
16487,1,1.070334227926501,-0.5302956317815447,f
16488,1,0.45113834504253275,-1.0294906359456195,f
16489,1,2.0662098615615103,-0.45941686538103976,f
16490,1,1.3486779308087853,-0.05500317825483765,f
16491,1,0.6511620704879376,-1.1158918469357406,f
16492,1,1.4374751066633724,-0.21091337809557517,f
16493,1,0.242054983907889,-1.0582303316576576,f
16494,1,1.3400778522146224,-0.47985320472312953,f
16495,1,0.7177443270422318,-1.0054006137556095,f
16496,1,0.12474185417349054,-1.0143843086635969,f
16497,1,0.35461397452913995,-0.5132933794740862,f
16498,1,2.0432382121027755,-0.3295545503391526,f
16499,1,0.7447577238570661,-0.8432380840365439,f
16500,1,1.1260376021296172,-0.11853027390838752,f
16501,1,2.148194138340341,-0.4451516895776246,f
16502,1,1.1213322809789643,-0.09813293007397755,f
16503,1,1.1287787655923078,-0.1970085824185989,f
16504,1,1.020299900174551,-0.15927026967857802,f
16505,1,0.14484907431243427,-0.8738907728386679,f
16506,1,1.1452413205800025,-0.14760888131920838,f
16507,1,0.506137959117453,-0.7029693876631433,f
16508,1,1.9943994356348091,-0.3151323783579011,f
16509,1,1.9971583475975694,-0.7656837115390345,f
16510,1,1.9823017890280816,-0.6283993774875516,f
16511,1,1.0235449367383234,-0.05080549928120314,f
16512,1,1.355741080338533,-0.46164177686672625,f
16513,1,1.4115574643290358,-0.024873259283327866,f
16514,1,1.5841760892421828,-0.9751620907319666,f
16515,1,1.9826452447675171,-0.3057872916694587,f
16516,1,0.33135661571400704,-1.0023193894419171,f
16517,1,1.0072070272150222,-0.46157719493302973,f
16518,1,0.43155574794512075,-1.0172385487277662,f
16519,1,-0.017451958396505065,-1.0508572091607582,f
16520,1,1.0939907764329413,-0.5941845407843391,f
16521,1,0.5454095891853541,-1.1218587484869544,f
16522,1,0.366404850217695,-1.0428445736964618,f
16523,1,0.7681811193484621,-1.0221563102731122,f
16524,1,0.22755402515990833,-1.1167003086551544,f
16525,1,1.9828335916085582,-0.16728942663015692,f
16526,1,2.1305361951778647,-0.072277249489457,f
16527,1,1.4845846941746141,-0.5817035663339898,f
16528,1,1.1275997442350576,-0.05871347132867818,f
16529,1,1.0995710982517972,-0.7847159379594125,f
16530,1,2.005535070320089,-0.08468412160197511,f
16531,1,1.405281895792177,-0.15809421327660605,f
16532,1,1.0144033299328807,-0.18982986291140974,f
16533,1,1.9822001290712579,-0.6673939950703573,f
16534,1,1.3486115716293197,-0.5484263000672132,f
16535,1,1.9388444329501702,-0.198290907915375,f
16536,1,1.6719648044897768,-0.5486848948188536,f
16537,1,-0.04497997374312931,-1.037641463247004,f
16538,1,1.2574879429384487,-0.11087226282605489,f
16539,1,1.8766239951057682,-0.5839843900853707,f
16540,1,0.126374784901047,-1.0508338092314866,f
16541,1,1.9917462578769263,-0.4139391683037013,f
16542,1,0.1382810246750083,-1.0059026750694493,f
16543,1,2.0389063011336392,-0.14174214927665976,f
16544,1,1.640717552455841,-0.14381960656589424,f
16545,1,1.0511322576671414,-0.3363060369242738,f
16546,1,1.5372239352893484,-0.3689337444694436,f
16547,1,0.49924175446389907,-1.0130447267663198,f
16548,1,1.0255300318189902,-0.010239133265660394,f
16549,1,0.2227661566858912,-1.0202460320382525,f
16550,1,1.2913022695358924,-0.03609229945907673,f
16551,1,1.8102085761153888,-0.024550096365346677,f
16552,1,0.46059903079490433,-1.042674729052191,f
16553,1,0.8831281624474306,-1.0007324917725315,f
16554,1,0.8589221657768864,-0.531713721671417,f
16555,1,0.105215128034298,-1.0235401490354847,f
16556,1,1.6057248757235474,-0.19584329449323945,f
16557,1,0.5595708949436407,-1.0008035341590145,f
16558,1,0.39233131144814215,-0.5237124665520408,f
16559,1,0.1327533571160495,-1.0272063042422326,f
16560,1,1.2295887981003373,-0.14428196696297713,f
16561,1,0.7011487298844663,-1.1465080157185354,f
16562,1,1.0460090985740236,-0.22119553306312464,f
16563,1,1.06475008290745,-0.346398693639224,f
16564,1,0.7403139108494042,-0.8320424179509205,f
16565,1,2.005027554294662,-0.4484930055659211,f
16566,1,0.8074354977427924,-0.4045484438279364,f
16567,1,0.3755847769366502,-0.8207515757057735,f
16568,1,0.7408540982897227,-0.6094122421415543,f
16569,1,1.468702116402394,-0.15447318890673667,f
16570,1,0.798110357121941,-0.8150084591456905,f
16571,1,1.4148738914518206,-0.17966652589864232,f
16572,1,1.0996984786779924,-0.26746542456218464,f
16573,1,1.9732517785413628,-0.44968229685287764,f
16574,1,0.6259048134311807,-1.0024256777608709,f
16575,1,0.5179439336643284,-0.7043634428625948,f
16576,1,0.3958187053966311,-0.9507506372802419,t
16577,1,0.08004950732177846,-1.0068198596950477,f
16578,1,0.9483911006811666,-0.4463760780539362,t
16579,1,1.4581774233834441,-0.14818876253898675,f
16580,1,0.7146330855349989,-0.6831262160324386,f
16581,1,0.5732021718224021,-1.0654622502174866,f
16582,1,2.012864394754794,-0.20881981245652534,f
16583,1,1.9888704959771732,-0.22902145105191904,f
16584,1,0.5373567135981875,-0.5558862554464259,f
16585,1,0.1529931181673172,-1.1997210349619454,f
16586,1,0.6752885338534166,-0.9191746823661116,f
16587,1,2.075195188588093,-0.22959606341824756,f
16588,1,0.8844517152353935,-0.320394989689542,f
16589,1,1.2225802589385857,-0.9980830651919854,f
16590,1,0.36407508931775867,-0.7252375779209884,f
16591,1,1.2443170573223266,-0.9011178689519675,f
16592,1,0.6238093482674807,-1.051523730564725,f
16593,1,2.056466779412217,-0.2552523168825617,f
16594,1,0.9662776131382538,-0.7960661094688781,f
16595,1,0.9923425027576357,-0.4814042498496881,f
16596,1,1.1774074241153019,-0.16875314284364648,f
16597,1,2.252685783430327,-0.04166319369863369,f
16598,1,1.165655661450828,-0.21483073624007648,f
16599,1,0.8130348635094767,-1.044358590365734,f
16600,1,1.316089865339555,-0.1395199092218088,f
16601,1,0.5991498917968474,-1.0743377370150424,f
16602,1,0.18231536497909342,-1.0777580867792087,f
16603,1,0.9997743492391374,-0.8507766816923374,f
16604,1,0.028173679967798744,-1.0184785308360467,f
16605,1,2.1524565268375317,-0.5330215689487118,f
16606,1,0.46581794908888424,-1.1485691668869473,f
16607,1,0.09028331894064516,-1.043900875251231,f
16608,1,0.5355417329513644,-0.29779551740775806,f
16609,1,0.3133656912139018,-1.0143483820016688,f
16610,1,1.0275233923814036,-0.45553045659377495,f
16611,1,0.9724071997684829,-0.9422809870389836,f
16612,1,0.7642924128628332,-1.0271975097686576,f
16613,1,1.6000457945532438,-0.22927984773537738,f
16614,1,0.2738983940031295,-0.9235292002925684,f
16615,1,0.7126889515965584,-1.0005830761116157,f
16616,1,1.9870788631700036,-0.1550714902292557,f
16617,1,0.7907329294612708,-0.7285220571641381,f
16618,1,0.26255164531438746,-0.9626893661528619,f
16619,1,1.5194639654812736,-0.09162596776772224,f
16620,1,1.058654656547683,-0.6073225141688372,f
16621,1,0.28187597273419174,-1.0554917811141076,f
16622,1,0.6487265801812024,-0.9814930643155255,f
16623,1,0.7421366847554854,-1.0191740847869006,f
16624,1,1.195548952488595,-0.8164724553580377,f
16625,1,2.19492085962529,-0.12674611746688677,f
16626,1,2.024798740662921,-0.39728278608267825,f
16627,1,0.7453991047846779,-1.0094726569822419,f
16628,1,1.0278353787856593,-0.14860270536661296,f
16629,1,1.2294369133914538,-0.3520335347937788,f
16630,1,1.3188593869621836,-0.7392075583892256,f
16631,1,0.4622179587210784,-1.0113189923897992,f
16632,1,0.002238310768278847,-1.076627479535068,f
16633,1,0.13490558166859923,-1.0284106660532695,f
16634,1,0.1390682061536186,-1.0549316781083096,f
16635,1,1.1846512393678206,-0.3866570017380846,f
16636,1,1.263955575783276,-0.2405592870039061,f
16637,1,0.17736874544993372,-1.0072010902335973,f
16638,1,1.124710737127807,-0.3176942666562477,f
16639,1,1.8140980043653283,-0.618903681578763,f
16640,1,1.4154951754543164,-0.042893793195563044,f
16641,1,1.9112919291282577,-0.126705627421199,f
16642,1,1.9733583095171285,-0.13206762692211155,f
16643,1,0.7717996892687644,-0.7775737517819921,f
16644,1,1.9954420696235842,-0.05459228303689518,f
16645,1,1.990981823290521,-0.22908786669658252,f
16646,1,1.9752320561172252,-0.6704547832755967,f
16647,1,1.8890975385450428,-0.14430606197216178,f
16648,1,0.8938314017824722,-1.0031017442987054,f
16649,1,1.3349434465239713,-0.6244413123170667,f
16650,1,0.00357443529256979,-1.1652659053700924,f
16651,1,0.46609256491848683,-0.9034139838543747,f
16652,1,0.01368646888211481,-1.0036743846892635,f
16653,1,0.3641946197690063,-1.0849567468512422,f
16654,1,2.0215333576528534,-0.42445769333539934,f
16655,1,0.623510789348896,-0.9285514524457391,f
16656,1,1.8276707337937137,-0.17187367165477152,f
16657,1,1.1611382649053892,-0.4956500653178428,f
16658,1,1.9848163506431635,0.037084302245965206,f
16659,1,1.245270070741877,-0.21073801197172962,f
16660,1,0.9805094788956665,-0.06331387560058946,f
16661,1,0.9541985871962794,-1.0390162393915032,f
16662,1,0.7566522199455326,-1.014235954395039,f
16663,1,0.6174955583155141,-0.9739507202585527,f
16664,1,1.3565604597819765,-0.43163287356701385,f
16665,1,1.1078709304581975,-0.3900438151861507,f
16666,1,0.1349958618166579,-1.0188635044478074,f
16667,1,0.21701623537263492,-1.0931188152103264,f
16668,1,1.7265222967340392,-0.10985469504388495,f
16669,1,0.5017122694344549,-1.0066509843315319,f
16670,1,0.4984771559414163,-1.0106581512213648,f
16671,1,-0.0616536860536868,-1.0003807769355408,f
16672,1,1.3935174895097817,-0.3303673241208748,f
16673,1,0.12204408395069914,-1.002883994203467,f
16674,1,0.13309148411804453,-1.0234922581472363,f
16675,1,0.4818228041630748,-1.0261041199769334,f
16676,1,1.121151246461123,-0.2876155975398704,f
16677,1,0.5926899020920072,-0.9490540837296697,f
16678,1,1.9761730124245032,-0.1823309675955161,f
16679,1,0.7081014861431952,-0.5874225361237665,f
16680,1,0.017715948300769793,-1.0204386221244501,f
16681,1,1.503192816567509,-0.2896580616307707,f
16682,1,2.0375795583599072,-0.24546746883274748,f
16683,1,2.023389957274623,-0.25316906351932883,f
16684,1,1.1935265286284324,-0.6423493470049082,f
16685,1,1.3919812637926163,-0.029532841523200376,f
16686,1,0.9693433734173488,-0.04334462238860375,f
16687,1,0.1831835356411172,-0.9685566252287171,f
16688,1,0.22420770286770197,-1.0089346629047649,f
16689,1,1.2467642398228835,-0.10420716034342789,f
16690,1,1.1265806932142401,-0.6583149789912925,f
16691,1,1.845074228237546,-0.10055537619042217,f
16692,1,0.010354739462102953,-1.0106225714991146,f
16693,1,1.9850378338410435,-0.014092560686501228,f
16694,1,0.9753917605442541,-0.3217787251279645,f
16695,1,0.7417997607093993,-1.0037148420973596,f
16696,1,0.8632692930487674,-1.0078929915387524,f
16697,1,1.8027639213563824,-0.9906777436986346,f
16698,1,1.060033817006265,-0.11869741030242234,f
16699,1,1.6319611438487165,-0.58480130574643,f
16700,1,1.0296404401281982,-0.6131365815346431,f
16701,1,1.988884223044712,-0.822470919304198,f
16702,1,1.1395659313717263,-0.09715659805656614,f
16703,1,0.7656757763924689,-0.8135305124170223,f
16704,1,1.0266337861459125,-0.7320721934964441,f
16705,1,0.9085278747461523,-1.0054675735403915,f
16706,1,0.08655886876313713,-1.0134600884349805,f
16707,1,2.0127686086677654,-0.07987177018521895,f
16708,1,0.022434669116821335,-1.0114296660156676,f
16709,1,0.4160089425805301,-0.8644589494906918,f
16710,1,1.6253997849187432,-0.33341534049612476,f
16711,1,0.5750448076848644,-0.9351367639348619,f
16712,1,1.5751744733859598,-0.23917239928046394,f
16713,1,0.37950617739290593,-1.0199228517434706,f
16714,1,1.1309203743384282,-0.7300878365982362,f
16715,1,2.0060338293944535,-0.22159676022380892,f
16716,1,0.21789257141995488,-1.0296870189225735,f
16717,1,0.19533153971283718,-1.003108844566866,f
16718,1,0.5301580136862261,-1.5581473329069646,f
16719,1,0.6752073865687347,-1.0836155018488967,f
16720,1,2.011582169337139,-0.5448446307527156,f
16721,1,1.168814564030726,-0.30421200981620616,f
16722,1,-0.03428944576247684,-1.2759283238990518,f
16723,1,0.03146842772772228,-1.0454510989539452,f
16724,1,1.649098241703908,-0.4686071182592873,t
16725,1,0.693626109334957,-1.0068766103249656,f
16726,1,1.9619863317792934,-0.1148830057034478,f
16727,1,0.017971652163005555,-1.6693668009205866,f
16728,1,1.3457203979142074,-0.12098454476407737,f
16729,1,0.36231889238813814,-1.0280798571514527,f
16730,1,0.09725443234174479,-1.0003313040862976,f
16731,1,1.3294591435682936,-0.5785254486421193,f
16732,1,0.6063954991762945,-0.6082165066813404,f
16733,1,0.5863952220283799,-1.044447338858092,f
16734,1,1.8119703660683721,-0.1997990137490193,f
16735,1,0.9464516676200978,-0.8109418091689029,f
16736,1,0.5864693855698693,-1.0037649099177004,f
16737,1,1.7281871156887205,-0.308258095073715,f
16738,1,0.34767412069119025,-1.0368506321204778,f
16739,1,0.8002523646683117,-0.7223899724303762,f
16740,1,0.3490493371473814,-1.0197227063807137,f
16741,1,0.2827256705264851,-1.0480840513455623,f
16742,1,1.0035770764901606,-0.5445199222805305,f
16743,1,0.7792789539553727,-1.000930153433639,f
16744,1,0.6291180794307951,-1.0196051632154763,f
16745,1,0.22483379755001676,-1.0106606627732722,f
16746,1,0.08488661051136369,-0.9580060329137384,f
16747,1,1.5220895908969048,-0.08886022093749463,f
16748,1,1.2861801296936173,-0.6989486673613251,f
16749,1,1.5329656927914734,-0.22884200090229254,f
16750,1,0.9970941610481047,-0.28488404601374423,f
16751,1,2.021439508996602,-0.10394411548292326,f
16752,1,0.41097937416486313,-1.0313255993193702,f
16753,1,0.07107341211601433,-1.0582041359496115,f
16754,1,0.7010417373146437,-1.0528656575282342,f
16755,1,0.5122642555494881,-0.5931480853731419,f
16756,1,1.2104021378447163,-0.6929113687661678,f
16757,1,1.954824943527474,-0.1809092492724814,f
16758,1,1.879622830980529,-0.2682110204024639,f
16759,1,1.112417324472387,-0.43061315786028276,f
16760,1,1.9583654662286218,-0.10811165823030888,f
16761,1,1.9734086694267898,-0.3883158994678529,f
16762,1,1.4088369677829315,-0.650918345874341,f
16763,1,0.027605676032937874,-1.0113715855698537,f
16764,1,1.2983950259557029,-0.14517919066591198,f
16765,1,0.12243933253733351,-1.0407343265671405,f
16766,1,1.0553939956958132,-0.25708315279770744,f
16767,1,1.5584942086738216,-0.09765001307479163,f
16768,1,1.000611416964651,-0.3183763599432721,f
16769,1,1.1785631374283767,-0.699280794874171,f
16770,1,1.9971575986637773,-0.3905880174508733,f
16771,1,1.989553212597125,-0.43364631071742005,f
16772,1,0.6861383116589768,-1.0503348935073171,f
16773,1,1.2675208865643224,-0.5635623286596455,f
16774,1,0.18371507694798173,-1.0085192244958696,f
16775,1,1.647736993237924,-0.23204564891852414,f
16776,1,1.1689082921163594,-0.4149841706212088,f
16777,1,0.12625972729485388,-1.5395540941112853,f
16778,1,0.4095341854783379,-0.9465254388862073,f
16779,1,0.6901027281179064,-1.0848017704587178,f
16780,1,0.42675507179201644,-0.9501339334237728,f
16781,1,1.5255374312828036,-0.19306594047354778,f
16782,1,1.4522825464842166,-0.28075761004091254,f
16783,1,0.9141789440790662,-0.8498001452002362,f
16784,1,0.6108684632639171,-0.6262169171147323,f
16785,1,0.6446587814600352,-1.0005337648904542,f
16786,1,1.9624934029092695,-0.5180757333361703,f
16787,1,1.051828383404062,-0.2429966562319277,f
16788,1,1.95523207326759,-0.7242859680103991,f
16789,1,0.006406203985135647,-1.018586433641262,f
16790,1,-0.03771575760768122,-1.0183254554072136,f
16791,1,0.844015037454755,-0.8715372669370036,f
16792,1,1.0173177240253661,-0.2323008976120663,f
16793,1,0.8246116512530896,-1.380328198836777,f
16794,1,0.9468018182621484,-0.26796277875342966,f
16795,1,0.24520676476007194,-1.0126131211388734,f
16796,1,-0.047405066752593955,-1.0062802806114197,f
16797,1,0.8453231238907128,-0.6539749096003018,f
16798,1,1.0001316256418302,-0.16037096037989795,f
16799,1,0.015712749059497853,-1.4204325149756332,f
16800,1,0.4854750521771039,-1.1676785568706058,f
16801,1,1.2669355582110375,-0.0488535562291737,f
16802,1,1.5563787380066065,-0.36683526319142284,f
16803,1,1.2372122654673574,-0.06925870188370338,f
16804,1,0.01814340008453008,-1.0160304047307303,f
16805,1,1.9380258586748658,-0.7570413510448847,f
16806,1,1.2569847021801834,-0.38676452374777626,f
16807,1,0.17108929703823905,-1.0058870739661296,f
16808,1,1.4749960573096843,-0.9495682772379377,f
16809,1,1.9839183711996662,-0.23818229032757957,f
16810,1,1.3992480813156578,-0.38312745083640076,f
16811,1,0.12120239689328807,-1.0109381740872248,f
16812,1,-0.05541160006846255,-1.0032416012399619,f
16813,1,0.618422675846613,-0.5062577787567267,f
16814,1,-0.041570317697014636,-1.0424556591715959,f
16815,1,-0.01225857422009352,-1.023590947376822,f
16816,1,0.18461745597533735,-1.0125113601147537,f
16817,1,0.6327722491397424,-1.0395544093009959,f
16818,1,0.07975663779307614,-1.0022750815997807,f
16819,1,0.9210458276332165,-1.0052878240630079,f
16820,1,0.8681587338239023,-1.0617217186279442,f
16821,1,1.3400108893946823,-0.42805903411217866,f
16822,1,1.995162355268262,0.01157094986485559,f
16823,1,0.7502903025584414,-1.0052789383912664,f
16824,1,0.19760092545664812,-1.0086837939006752,f
16825,1,0.6101483339603482,-0.7441960739970983,f
16826,1,1.3415993720813242,-0.11235068633193716,f
16827,1,2.0135047841743696,-0.2932512701722066,f
16828,1,1.9517135681619233,-0.025646696033662004,f
16829,1,2.0270945876924045,-0.9370531584616133,f
16830,1,1.0442634428371282,-0.43271804396631675,f
16831,1,0.6506926006090333,-1.0078067214820188,f
16832,1,0.4411344712471435,-1.033838222358619,f
16833,1,1.7399887664253435,-0.13037379806070862,f
16834,1,1.6299135949404773,-0.7266804724695275,f
16835,1,0.376713270718451,-0.8502355383813375,f
16836,1,0.2891175077367688,-1.0021291057642494,f
16837,1,2.0124114825093273,-0.26298559146428596,f
16838,1,0.9173026189289991,-1.014103397811028,f
16839,1,1.4537456793725527,-0.5440664967711518,f
16840,1,1.1584275358320877,-0.7039912019617636,f
16841,1,0.03851939554445208,-1.048397461340547,f
16842,1,1.4210768982576254,-0.22623276092543998,f
16843,1,1.8649577742170669,-0.1426853469497955,f
16844,1,1.9786897581854284,-0.7345437834712404,f
16845,1,0.594812757864195,-1.0790850917005468,f
16846,1,0.8134820012952636,-0.9782163522882333,f
16847,1,0.6211761651947465,-0.31058808259741505,f
16848,1,1.2746530700884968,-0.2864638432777385,f
16849,1,0.463682993240557,-0.4507430027314819,f
16850,1,1.9625343609332502,-0.3868333168724712,f
16851,1,0.6115565609273527,-1.0829647433088783,f
16852,1,1.618298830519399,-0.2990334795525037,f
16853,1,1.8409726995224893,-0.12043746632392617,f
16854,1,0.8826845455779689,-0.5934432820552402,f
16855,1,0.3563487353800092,-1.0518035253957225,f
16856,1,0.007939272200474443,-1.016226841659715,f
16857,1,1.4295830267396195,-0.20912365618972797,f
16858,1,0.6426753988361997,-0.7807437709646821,f
16859,1,1.1958318177943699,-0.5400530790038971,f
16860,1,1.8945429813631138,-0.17657876331152716,f
16861,1,1.1912334221264163,-0.38951442056831265,f
16862,1,0.46951910661088225,-1.012978230010872,f
16863,1,0.9287319055326835,-0.8152590223378937,f
16864,1,1.130492683883101,-0.6763295360969815,f
16865,1,1.407382258995171,-0.06717051690660224,f
16866,1,0.10861504069128726,-1.0051201384604347,f
16867,1,0.46338719788267,-1.0247986107019826,f
16868,1,1.4364962816198286,-0.6772910145606683,f
16869,1,0.16827799474858268,-1.0115377239885486,f
16870,1,1.0110575682215515,-0.21763442570194444,f
16871,1,0.47243039291460126,-0.9602661247285401,f
16872,1,0.3804591956711468,-1.0203223883908552,f
16873,1,0.6493960617738389,-0.7320831379624376,f
16874,1,1.419357544029772,-0.4624633439256253,f
16875,1,0.6031836273596299,-1.0079779553550428,f
16876,1,0.4580212512429837,-0.882115002393816,f
16877,1,-0.0032547387852486934,-1.0545353664253825,f
16878,1,0.48659009240407863,-1.0004521958868393,f
16879,1,1.0742499714322506,-0.11828091691484414,f
16880,1,1.6803781386310768,-0.6679619470735549,f
16881,1,1.1455319365025018,-0.2908577182526052,f
16882,1,-0.022872663515318418,-1.0001591955349884,f
16883,1,0.24427941117438487,-1.056773974428371,f
16884,1,1.9674356242428266,-0.3392766212377639,f
16885,1,1.6045388043972368,-0.3444688325425384,f
16886,1,0.19738368449353222,-1.0679633790145893,f
16887,1,1.044901878453213,-0.20482451594678064,f
16888,1,0.3802252039672641,-1.0885479629707961,f
16889,1,0.08124143789982681,-1.0161242531348684,f
16890,1,0.9328856861718402,-0.18980791017347656,f
16891,1,0.40385504346293655,-1.0001722560761348,f
16892,1,1.09114408159173,-0.6096650312618583,f
16893,1,0.5799682897203438,-0.6447985819247698,f
16894,1,0.1551425304510937,-1.0102588400239678,f
16895,1,0.07263156205025122,-1.0066734500166077,f
16896,1,2.1926467551226527,-0.11616671550319567,f
16897,1,0.1654719680669339,-1.0609673246644353,f
16898,1,1.0555898418854532,-0.3676419030781786,f
16899,1,1.3016968659762849,-0.44115258527766604,f
16900,1,1.469476446047344,-0.6472857822326558,f
16901,1,0.8636330470295299,-0.2048360432057108,f
16902,1,1.3815276502673814,-0.20075323667950112,f
16903,1,1.6871335731740102,-0.10042461745079795,f
16904,1,0.5070071973678545,-1.0340278367370048,f
16905,1,1.9827210667797934,-0.6208299701934483,f
16906,1,2.0045645315923695,-0.5034720218883002,f
16907,1,1.150942124388545,-0.21525916051910413,f
16908,1,1.094808974483685,-0.08660429201138088,f
16909,1,0.9904059489575009,-0.30782887602734593,f
16910,1,0.6518481633318152,-0.7693945534408418,f
16911,1,0.9891763396468143,-0.39886142727697227,f
16912,1,0.05149200058735935,-1.0004160114113665,f
16913,1,1.271995609484322,-0.12719956094840698,f
16914,1,0.9353984996173501,-0.8770762910081313,f
16915,1,1.8248682812428298,-0.4734544911032887,f
16916,1,1.5977962309026839,-0.3347338472561094,f
16917,1,-0.02415993229079613,-1.0169135136938958,f
16918,1,2.04579337160224,-0.2565191688744594,f
16919,1,0.102752083073056,-1.096491407039687,f
16920,1,1.6493534693549508,-0.07997494782136018,f
16921,1,0.7860725987880991,-0.6531717269091332,f
16922,1,1.069041039152032,-0.18281827989670765,f
16923,1,0.8406096596266797,-0.7495823152693173,f
16924,1,0.3115169229504958,-0.7787923073762689,f
16925,1,0.7637042818378751,-1.0019239660808403,f
16926,1,0.27134375005385125,-1.0326567859192934,f
16927,1,1.249771575251225,-0.11494013192080811,f
16928,1,1.9773830182465462,-0.39799785704234614,f
16929,1,0.9350107181888124,-0.6619875884776824,f
16930,1,1.1814388463929604,-0.016744802547329258,f
16931,1,1.97426635852189,-0.19550648289518566,f
16932,1,-0.01755893447437093,-1.0081754877376314,f
16933,1,1.1273107954765411,-0.41473903339754004,f
16934,1,1.5960806881853153,-0.7462540322463643,f
16935,1,1.0818508026142302,-0.2299742724120026,f
16936,1,1.7094336155639542,-0.4665568257243925,f
16937,1,1.8291301666166209,-0.06880740438681551,f
16938,1,0.0672855652664651,-1.000657124475351,f
16939,1,1.8639808181492041,-0.2946933786210295,f
16940,1,0.26662667561697667,-1.0375704741063687,f
16941,1,1.2549273856771614,-0.2869443226294959,f
16942,1,1.2730123849181976,-0.32631614039635065,f
16943,1,1.217953806908532,-0.39177514122224155,f
16944,1,1.2643873777553511,-0.14681794507729848,f
16945,1,2.03391843466411,-0.6345130159422423,f
16946,1,0.9995159433893253,-0.72198435347439,f
16947,1,1.0835101235968312,-0.1386081593368868,f
16948,1,1.1136906558996686,-0.270940301010938,f
16949,1,0.25110991197014304,-1.057559052335785,f
16950,1,0.4667762080380746,-1.0245051330835524,f
16951,1,0.6825400538070138,-1.2538513581047903,f
16952,1,1.9547514615129757,-0.782575218414165,f
16953,1,1.758014150051722,-0.5710054785692971,f
16954,1,0.3635739999974765,-0.7510673421000292,f
16955,1,1.2892657343780385,-0.22050889801774531,f
16956,1,2.0535880287171056,-0.16267938717703212,f
16957,1,0.028797431694832402,-1.0245823066166295,f
16958,1,0.26525867670150777,-1.0037257334446534,f
16959,1,0.8965752743330999,-1.0181755645766903,f
16960,1,0.1784846128865465,-1.0145441153551131,f
16961,1,1.0164444262453325,-0.3683887768745019,f
16962,1,1.055882554185766,-0.39419615356272464,f
16963,1,0.37507162932939636,-1.5808103699419362,f
16964,1,0.10055180468406603,-1.029650479964495,f
16965,1,1.9602302057657435,-0.24921730180141816,f
16966,1,0.9619066043058198,-0.39663803189896835,f
16967,1,1.7631201910620244,-0.4681237231852118,f
16968,1,1.4760172799090467,-0.9706761284423013,f
16969,1,1.1169051491983688,-0.037588154059568134,f
16970,1,0.24062670539062572,-0.8006306742997519,f
16971,1,0.5320929425654523,-1.0178363256739293,f
16972,1,0.04664614501216662,-1.0560687230760373,f
16973,1,0.6639067629282862,-0.8779423760514755,f
16974,1,0.4193325740323076,-1.0076195346892003,f
16975,1,0.730151899764426,-0.7728627351266995,f
16976,1,0,-1.021258577185563,f
16977,1,0.021812872542447282,-1.0033921369543912,f
16978,1,1.7368398338775914,-0.6137513195960419,f
16979,1,1.0170719060118685,-0.6588320038942787,f
16980,1,0.061610666904136885,-1.0297782896832215,f
16981,1,1.0178527763890968,-0.7628351962480833,f
16982,1,0.3607944149336857,-1.0136604990993379,f
16983,1,0.5050253899037174,-0.7825118678728136,f
16984,1,1.515470448360389,-0.23543209315259786,f
16985,1,0.4415702234937402,-1.0281659615662926,f
16986,1,0.983973843356506,-0.09576387769891813,f
16987,1,1.9506490189880532,-0.11070652775186389,f
16988,1,1.8968198704712733,-0.2149370958040846,f
16989,1,-0.01107336399040135,-1.005830562462303,f
16990,1,0.34967918400887743,-0.8778404515223303,f
16991,1,1.987681385014268,-0.2802536549960932,f
16992,1,2.0368977744941916,-0.18285303612366338,f
16993,1,0.19493415093408736,-1.020004278143684,f
16994,1,1.2872636536292354,-0.25171193227058475,f
16995,1,0.9541356171500754,-0.39337170180751785,f
16996,1,2.014892395065642,-0.018275667982472977,f
16997,1,1.456729922815383,-0.40788437838830205,f
16998,1,0.8266622904218599,-1.1909854922408971,f
16999,1,1.779635183994452,-0.31405326776373604,f
17000,1,0.022409322685901203,-1.0158892950931513,f
17001,1,0.8369962528246379,-0.6497734067980344,f
17002,1,1.14275885187251,-0.024361138315123466,f
17003,1,0.29077493223045947,-1.0485520283462335,f
17004,1,1.1388084901284838,-0.30691292641759377,f
17005,1,1.2085185981960405,-0.4767740610378824,f
17006,1,1.5433509469297175,-0.10637582461316396,f
17007,1,1.5814062650019758,-0.062120335886734886,f
17008,1,0.14303247782308268,-1.0439513316435745,f
17009,1,1.0087007826745649,-0.35205635160011384,f
17010,1,0.5487531732772797,-1.0975063465545594,f
17011,1,0.7286943248133589,-0.9337092418862944,f
17012,1,1.1761459014026012,-0.4250316928586664,f
17013,1,1.136699761790384,-0.9261998059032586,f
17014,1,0.49672795789715485,-0.4409895071760225,f
17015,1,1.5679492545939056,-0.1090230202308938,f
17016,1,0.5830667074616962,-0.944609862984608,f
17017,1,0.2490552850733782,-1.1255383075429695,f
17018,1,1.3370337658460176,-0.24457934741087897,f
17019,1,1.0111247015810905,-0.13275558132271864,f
17020,1,1.2053668173637262,-0.8804227573094044,f
17021,1,1.310951180488585,-0.19444730428296297,f
17022,1,1.2288637030225185,-0.7560239695128044,f
17023,1,0.6952491599937946,-1.0079909966691631,f
17024,1,2.0071965420709597,-0.5294573555855934,f
17025,1,0.09422578237675662,-1.0124259595796297,f
17026,1,1.3952010062138671,-0.7385184153063407,f
17027,1,1.1065316643840357,-0.5254587106433607,t
17028,1,0.8623315568844124,-0.5794503054196977,t
17029,1,-0.017946645584224475,-1.0005254913194932,f
17030,1,1.0562125992767741,-0.908056080826219,f
17031,1,1.9968392989674097,-0.6465082460491095,f
17032,1,0.09925959170892436,-1.013714979155065,f
17033,1,0.13166041478958804,-1.019233211043515,f
17034,1,1.2878605064493691,-0.29300530040911543,f
17035,1,0.5586772037211245,-1.0031359569036808,f
17036,1,0.9722754026493969,-0.08838867296810221,f
17037,1,0.21177912959750955,-1.03242325678769,f
17038,1,0.3699165994000902,-1.3115224887821326,f
17039,1,0.01356311646340385,-1.0014100988821542,f
17040,1,2.0886648913979284,-0.7015017511737532,f
17041,1,1.9671932642648677,-0.09591811128951956,f
17042,1,1.1767251388543607,-0.34946107934442433,f
17043,1,0.36062106576810216,-1.003340868467797,f
17044,1,0.8135583007778878,-0.41569673715967875,f
17045,1,0.035381229159838753,-1.0164062195003354,f
17046,1,0.03541450917892471,-1.0004598843045494,f
17047,1,1.5925555137719154,-0.21481732589419236,f
17048,1,1.0117883902925944,-0.8247500434955134,f
17049,1,0.5202647639566251,-0.8908881576782223,f
17050,1,0.040744415032603745,-1.1144795876564484,f
17051,1,0.6438570090337531,-1.003041334548099,f
17052,1,1.4121248548357626,-0.09689031850697291,f
17053,1,0.964315488291241,-0.3367134659529745,f
17054,1,1.278824279035718,-0.06502496334078661,f
17055,1,1.3881635625741946,-0.6213151429263126,f
17056,1,0.5743169957619666,-1.056261327869873,f
17057,1,0.8202686108559686,-0.6614646077942876,f
17058,1,0.08577356045968547,-1.0111615507712368,f
17059,1,0.7161310940097667,-0.5788277639552595,f
17060,1,1.4953815397249235,-0.4433072622983977,f
17061,1,0.47297305827521335,-1.015952959111061,f
17062,1,1.9298767226710596,-0.47856254762593836,f
17063,1,0.23856078846856513,-1.0735235481085266,f
17064,1,1.7006171038344744,-0.04236932647008814,f
17065,1,0.891093861928161,-1.0064978210959166,f
17066,1,0.8303530542447825,-0.243815578254689,f
17067,1,1.1216559073630115,-0.21522548775969383,f
17068,1,1.0415403168985913,-0.1282376966752108,f
17069,1,-0.009278369072250891,-1.0128886237215922,f
17070,1,0.024067869751313427,-1.0386211484993002,f
17071,1,0.6899724151753233,-0.8945217594971918,f
17072,1,1.0221158985505794,-0.5537217567636324,f
17073,1,1.9673855144077406,-0.06245668299703164,f
17074,1,0.6296676888095873,-1.0237604031345275,f
17075,1,1.9442002184285088,-0.4582034368952886,f
17076,1,0.9859016771023796,-0.32723545027228557,f
17077,1,0.4946935308995381,-0.6917324796475885,f
17078,1,1.5296982151115455,-0.33648933241242346,f
17079,1,0.46837842765282633,-1.001360776361229,f
17080,1,-0.029091101761695437,-1.0367010809617623,f
17081,1,1.9715062110224761,-0.20286227745782895,f
17082,1,0.17217661720182936,-1.0017548637197462,f
17083,1,1.9700351181935454,-0.4105884815473203,f
17084,1,0.18628873040433588,-1.0378943551096602,f
17085,1,1.4602208619685455,-0.05568638880388385,f
17086,1,0.2248377653729082,-1.0164153525536321,f
17087,1,1.9664474511721268,-0.14176243211336664,f
17088,1,0.7766826980254846,-1.0113638010259975,f
17089,1,0.9808026371233411,-0.12694785906030936,f
17090,1,0.8138573848671492,-0.45527665589100974,f
17091,1,0.31056726291435266,-1.0082183607654898,f
17092,1,2.0256347073869008,-0.14345854868177468,f
17093,1,1.1272453673631222,-0.9107720181271013,t
17094,1,0.5908504518484619,-1.0125146509649747,t
17095,1,0.787679619939009,-1.0336567644112051,f
17096,1,0.2635817420477324,-1.0026975548002162,f
17097,1,0.6654194610580713,-0.7806436101590215,f
17098,1,1.4496498241747584,-0.17199235202076757,f
17099,1,1.126614459848869,-0.392933653571245,f
17100,1,0.1553801761343029,-1.0084478098128524,f
17101,1,0.9719793987841151,-0.2666492155956698,f
17102,1,1.9722712651822432,-0.7838915998339272,f
17103,1,1.372227037372204,-0.3886902875811976,f
17104,1,1.9897551327715068,-0.319015211420715,f
17105,1,0.2564670611344149,-1.12614108046988,f
17106,1,0.19369848228407852,-1.0130430623458553,f
17107,1,0.645059606245501,-0.5192430266991414,f
17108,1,1.3695351981624075,-0.18088200730451115,f
17109,1,1.0633727234237442,-0.49471057156885284,f
17110,1,1.4757663391377531,-0.2972465534149752,f
17111,1,0.11141863872587669,-1.01133841305013,f
17112,1,0.07533951532296264,-1.0074470072258126,f
17113,1,0.44169752675161206,-0.8833950535032629,f
17114,1,1.4429924238760952,-0.003926509996923785,f
17115,1,1.1065357990462243,-0.4555324026795532,f
17116,1,0.33781723962903437,-1.0102344118430318,f
17117,1,0.3586274798883192,-0.8591467018194049,f
17118,1,0.19616943843498572,-1.031406325792023,f
17119,1,0.3074596191330365,-1.0761086669655822,f
17120,1,0.5052101000891529,-0.8531563557925922,f
17121,1,1.9772433996802976,-0.5703996029217808,f
17122,1,0.04870390272043923,-1.0252171522653701,f
17123,1,1.8467685993774052,-0.39822503490613614,f
17124,1,0.28897573163549356,-1.031065410475442,f
17125,1,0.6524401680423936,-0.17654263370560555,f
17126,1,1.9538462953115006,-0.2379684590443084,f
17127,1,1.0235640055927169,-0.5049582427591197,f
17128,1,1.4067449185064802,-0.3182680811100796,f
17129,1,0.16557928146529252,-1.0111589130258127,f
17130,1,0.04953344530508453,-1.0273603470684576,f
17131,1,1.6307904506327047,-0.5568552758258296,f
17132,1,0.13027382491011957,-1.0121274089170214,f
17133,1,1.2996176716426602,-0.48126135638317225,f
17134,1,0.9067353545958718,-0.9436612287649023,f
17135,1,1.9912912490324168,-0.4661431787507517,f
17136,1,1.710592943075211,-0.8368211983277953,f
17137,1,0.15526454563581712,-1.0277034211133265,f
17138,1,0.11910801606669896,-1.044485679354073,f
17139,1,0.13751107940472757,-1.1318219612543081,f
17140,1,0.3616311180351998,-1.003294537728505,f
17141,1,1.9618778658745193,-0.13818602206342656,f
17142,1,0.5058041123554634,-1.0568558769343912,f
17143,1,1.1571681582073936,-0.15013442444307296,f
17144,1,0.7938800179944343,-0.9622320062461803,f
17145,1,0.8765264702066429,-1.0051045928487694,f
17146,1,1.05390838343729,-0.13916342583230534,f
17147,1,0.857034414942629,-1.000502731100402,f
17148,1,2.006835150336643,-0.17812146304761073,f
17149,1,0.6780291057123183,-0.684425606709599,f
17150,1,1.9603026538114563,-0.09398711353887414,f
17151,1,0.09508712463064897,-1.094720998952512,f
17152,1,0.9759626034982348,-0.38945776101594753,f
17153,1,1.3627558725354716,-0.3609336436596403,f
17154,1,0.9444914741657763,-0.6743011270785123,f
17155,1,0.4601731284937126,-0.6949079061596759,f
17156,1,0.5876696841250245,-0.5149682799033882,f
17157,1,0.7686902795795962,-0.904071552699607,f
17158,1,-0.08046386293551888,-1.0641994775341685,f
17159,1,0.32628579930460894,-1.0117207158294057,f
17160,1,0.37747505338463166,-0.5284650747384619,f
17161,1,0.05187985189870898,-1.1240634578049347,f
17162,1,0.8580370854327337,-1.0270831977866741,f
17163,1,1.405762959156471,-0.47522252247585556,f
17164,1,1.173893693689491,-0.5642750802284168,f
17165,1,0.6611602157366399,-1.0110442715097256,f
17166,1,0.7794577442972127,-1.0194667271452669,f
17167,1,1.0641428000724922,-0.15807918406874893,f
17168,1,1.1917787421772517,-0.8485602621580527,f
17169,1,0.2958687769700114,-1.0165323901484034,f
17170,1,0.10605351078197843,-1.0188091363645766,f
17171,1,0.11692104082041407,-1.1422286295531807,f
17172,1,0.9640709769186572,-0.2649666532757048,f
17173,1,1.527112543090757,-0.08789136938650857,f
17174,1,2.059599229170039,-0.3718720830445822,f
17175,1,-0.009849663863871257,-1.0066356468855515,f
17176,1,1.9678702656673397,-0.23445329337052714,f
17177,1,0.7127792552837352,-0.3849007978531998,f
17178,1,0.10193360909506269,-1.06798622256419,f
17179,1,0.7820515063087432,-1.0211679740650181,f
17180,1,0.9964813648545653,-0.43705323019939,f
17181,1,0.15722056613473484,-1.046231403732866,f
17182,1,1.1112806481826105,-0.05556403240912436,f
17183,1,2.0388748843359554,-0.1603366008935754,f
17184,1,0.8891351409606271,-1.0005501094839506,f
17185,1,1.9534704375566623,-0.3982587794107449,f
17186,1,1.9381736930621756,-0.116366727634639,f
17187,1,1.2371392730280428,-0.068156253772819,f
17188,1,0.28322227461384214,-1.0236462211042785,f
17189,1,-0.016116553131772713,-1.0213865547278906,f
17190,1,1.539347592754833,-0.5543937493709074,f
17191,1,1.970484329616086,-0.34159278908271107,f
17192,1,1.0429824312614977,-0.5324433736327028,f
17193,1,0.5285730380706485,-0.7187072244270178,f
17194,1,1.4072031827787836,-0.07700154214930778,f
17195,1,1.6177583394701214,-0.2910359295572637,f
17196,1,0.8552197700620423,-0.28791688019543765,f
17197,1,1.7109351509340676,-0.10556410127996596,f
17198,1,0.7799317731462906,-0.7874855917724124,f
17199,1,0.9946186303705487,-0.1797503548862165,f
17200,1,0.8364084652688513,-0.4863786452536341,f
17201,1,0.13808381511999848,-1.0015446337183855,f
17202,1,1.1589641643416182,-0.4073833863180746,f
17203,1,0.3921743674467112,-1.0046339115018736,f
17204,1,0.07345303512005175,-1.006135760132994,f
17205,1,1.3031579109196914,-0.2843908148139452,f
17206,1,0.8726365147989175,-0.6456393830175707,f
17207,1,1.021766075082907,-0.20939418616498787,f
17208,1,1.1023874700850362,-0.2533059444129113,f
17209,1,1.8087570240557587,-0.0707215424097505,f
17210,1,0.20275544653513428,-1.1151549559432141,f
17211,1,1.0895188644531328,-0.22642264467034734,f
17212,1,0.7048611172948688,-0.814599973879718,f
17213,1,1.236931182902755,-0.4057134279921335,f
17214,1,0.25903739199003184,-1.0050650809213493,f
17215,1,0.10917338057213993,-1.0031591762007903,f
17216,1,0.5193402753453541,-1.0036196038319636,f
17217,1,-0.09272149517265976,-1.007573580876111,f
17218,1,1.9717293577005406,-0.7401961342823793,f
17219,1,0.1785566382786507,-0.7841765763578821,f
17220,1,1.699237417738631,-0.9419431627904459,f
17221,1,1.561025634852381,-0.3064034056794976,f
17222,1,1.5239301325460446,-0.11200377366149358,f
17223,1,0.9460373914315177,-1.010468509452568,f
17224,1,0.5470012272578928,-0.9052144203294149,f
17225,1,2.0292783826389993,-0.12545246475799984,f
17226,1,1.689841620609672,-0.513349855199057,f
17227,1,0.06964179590903745,-1.0105469108503589,f
17228,1,1.8678154199728807,-0.1942294377297935,f
17229,1,0.08172007116294605,-1.0851353711801037,f
17230,1,1.2776137060183925,-0.2804893781608386,f
17231,1,0.4228498405188877,-0.9830877158634286,f
17232,1,1.236513105882484,-0.649255488743322,f
17233,1,1.1194584393887217,-0.08737236600107924,f
17234,1,-0.04058215906613086,-1.0304339519402432,f
17235,1,1.3487643530847053,-0.07432412966755406,f
17236,1,1.9854744148540584,-0.2471099109396274,f
17237,1,0.5571596593926074,-0.9131227751156266,f
17238,1,0.37800690315582297,-0.9242476478260984,f
17239,1,1.7170110529759093,-0.444666627430071,f
17240,1,0.7309673983647794,-1.0619381090045314,f
17241,1,2.073910529066439,-0.589316145977467,f
17242,1,0.23322773000920297,-1.0274627024730396,f
17243,1,0.9932100803870078,-0.8453591927636839,f
17244,1,0.7505131046615849,-0.9385807913098265,f
17245,1,1.1391807508348872,-0.5938489092938334,f
17246,1,1.7946316192586844,-0.1996253191611208,f
17247,1,-0.023119628885256923,-1.0249702139139267,f
17248,1,1.9768275934934088,-0.3908400028759149,f
17249,1,1.3011194298294375,-0.33809876809604117,f
17250,1,-0.04212025143748554,-1.0349547496065727,f
17251,1,0.08356756155763832,-1.0318035661711134,f
17252,1,2.022795998437359,-0.4969340583953139,f
17253,1,0.013090605613579151,-1.0239762613297192,f
17254,1,0.0561163068734739,-1.0495266042282392,f
17255,1,1.0493882037799378,-0.2554883045150528,f
17256,1,1.4137405523113713,-0.801238348287286,f
17257,1,1.6661161839014456,-0.5681245770594177,f
17258,1,0.7704600926065969,-0.6052139601441107,f
17259,1,1.8380745761456294,-0.09586329988970727,f
17260,1,2.04062706894999,-0.24903387215855594,f
17261,1,0.6343218656417186,-0.9717725551077219,f
17262,1,1.2372617384911422,-0.04004083296091939,f
17263,1,1.4667156431612107,-0.3736348792876479,f
17264,1,1.1151121466821465,-0.7692383791519226,f
17265,1,1.4075428685113476,-0.5599429508118557,f
17266,1,0.9217303057187299,-1.102461738212575,f
17267,1,1.9694438469072497,-0.4036982598066641,f
17268,1,1.8173505892713921,-0.7955701419278406,f
17269,1,1.6641464674835944,-0.04570900775387159,f
17270,1,0.9179038991856655,-0.4946787480641213,f
17271,1,0.7123763446811241,-1.0059277518069063,f
17272,1,0.43648890383255234,-1.0088498399865466,f
17273,1,1.9427029336253625,-0.191692909702673,f
17274,1,1.9777823152682978,-0.10978839883630645,f
17275,1,0.4285233380821747,-1.0004780413901526,f
17276,1,2.0025248162324027,-0.19823651704317208,f
17277,1,1.9791765851528578,-0.47154878371094033,f
17278,1,1.2046643792661198,-0.06322189013324656,f
17279,1,1.4442042306652536,-0.28777501275247896,f
17280,1,1.9784009553028703,0.012231226926127948,f
17281,1,1.6794484086485495,-0.37416100765560834,f
17282,1,1.122199481365342,-0.18041101709989887,f
17283,1,1.0703633238498507,-0.428410599260823,f
17284,1,1.386378030172004,-0.47967913889237973,f
17285,1,0.014961098527534559,-1.0143624801677067,f
17286,1,0.7294280344454799,-0.3365818065278673,f
17287,1,0.9953693029803128,-0.11723749296073357,f
17288,1,0.3150730440442726,-1.0230888958699431,f
17289,1,0.9987309300765033,-0.6531984282016903,f
17290,1,0.9163154989451665,-1.038672167943732,f
17291,1,0.011682511579465397,-1.1500783621572497,f
17292,1,2.0498156217755414,-0.14386904674574633,f
17293,1,1.116205051266085,-0.44894506073990115,f
17294,1,1.5225424728902037,-0.4920335114368916,f
17295,1,0.6841246402542516,-0.6804199941878686,f
17296,1,0.6472540711492113,-0.7736160373171873,f
17297,1,1.2659537269525392,-0.9552496790843116,f
17298,1,1.2328939996781798,-0.9902690872050385,f
17299,1,0.5273815654225911,-1.0692119408567342,f
17300,1,1.2329984252413464,-0.24631977621166326,f
17301,1,0.13094990659773567,-1.0644541912549148,f
17302,1,1.9869330962580183,-0.16927219075626548,f
17303,1,0.9524893850962688,-0.5215700494941001,f
17304,1,1.4491961249720107,-0.17896699133691485,f
17305,1,0.04756870867711778,-1.079809686970725,f
17306,1,1.1322223064370425,-0.5472407814445759,f
17307,1,0.26278717292864806,-1.0015111146058147,f
17308,1,1.2025235376168804,-0.5459026289692799,t
17309,1,0.7122648983990534,-1.0167581424646268,f
17310,1,1.4319709549491693,-0.8429715810266708,f
17311,1,0.6169107067383909,-0.6921437197552607,f
17312,1,0.21788246427823388,-1.0115971555775953,f
17313,1,0.20070734403409626,-1.063350167068131,f
17314,1,0.09778204488876259,-1.0080178451032469,f
17315,1,0.4462490071743559,-0.7491574241653991,f
17316,1,1.2746786009259665,-0.7355288285455456,f
17317,1,1.1546959568278468,-0.17595366961186468,f
17318,1,1.9705036975139352,-0.5630010564325652,f
17319,1,1.0203936190722156,-0.14752678829958665,f
17320,1,1.9564680788307458,-0.863312562005517,f
17321,1,0.31353899670896396,-1.2247617058943292,f
17322,1,1.6956668002352946,-0.31493698215017696,f
17323,1,0.5217843520105148,-1.0021273475436001,f
17324,1,0.05307315566678028,-1.4966629898033532,f
17325,1,0.7998355407043661,-0.8167097082297731,f
17326,1,0.5745040532949584,-1.0033361386604487,f
17327,1,1.431671977865395,-0.43352216179563713,f
17328,1,0.1235073225412836,-1.0240815494047384,f
17329,1,0.39016417806999365,-0.9695496098821045,f
17330,1,1.1970360642360376,-0.2194239594016957,f
17331,1,2.0203848827397923,-0.5572008834503662,f
17332,1,0.7287933688482205,-0.7349348860014306,f
17333,1,1.140030930118867,-0.6614994285874863,f
17334,1,1.9744273901436973,-0.3324707278857744,f
17335,1,1.0880574758239412,-0.4508876310320801,f
17336,1,0.622757116669428,-1.0689846569600934,f
17337,1,2.0219427358271913,-0.19116549502367433,f
17338,1,0.7747048813270259,-0.7261880099711869,f
17339,1,0.9696942525321359,-0.5247194228339963,f
17340,1,2.0074960643143407,-0.6829440505277182,f
17341,1,0.17071976636224898,-1.0086402522828677,f
17342,1,0.21625406544850462,-1.0812703272424826,f
17343,1,-0.023764275145961754,-1.0020602686555855,f
17344,1,0.7726857405355857,-0.6629170141642323,f
17345,1,1.3760861486643945,0,f
17346,1,0.34924061228406433,-1.0498776431007304,f
17347,1,0.1226316262702142,-1.0692617237943167,f
17348,1,0.6166939503440924,-1.0079577591758146,f
17349,1,1.2389655880540131,-0.3855098405099563,f
17350,1,2.0146419058842833,-0.09123837272670092,f
17351,1,0.5809902313609165,-0.7988615681212161,f
17352,1,0.3508397124205214,-1.006757435641371,f
17353,1,0.05160327201569315,-1.0402133253694517,f
17354,1,0.1676803216634258,-1.0191819551105963,f
17355,1,0.37197466800524703,-0.8553048098718729,f
17356,1,-0.07694365946249124,-1.0151598941986055,f
17357,1,0.5345502101441816,-1.0136491536759276,f
17358,1,0.9428792559984213,-0.3607140979364762,f
17359,1,1.9835801683340555,-0.4437770407823576,f
17360,1,0.7053051134549199,-1.0347169572748443,f
17361,1,0.08132488202213091,-1.0022742216781815,f
17362,1,0.18235391592506384,-1.0084391254167595,f
17363,1,1.8655455389564441,-0.08630637724707167,f
17364,1,0.33618601329387027,-1.107933779660344,f
17365,1,0.12087668658538944,-1.0242708705390033,f
17366,1,0.5640933268760916,-0.6610468674329718,f
17367,1,0.24294765642378302,-1.0404497459887296,f
17368,1,1.958728267504127,-0.2952856684679822,f
17369,1,1.0558181515293534,-0.20652267139806021,f
17370,1,1.6184893168521675,-0.690117272160266,f
17371,1,1.9594863849163815,-0.09820814817005315,f
17372,1,0.04002296278598515,-1.0089999565524213,f
17373,1,1.486316435116827,-0.5818962674660694,f
17374,1,-0.0642408929442611,-1.1756083408801066,f
17375,1,0.8257710189121852,-0.6385685209219931,f
17376,1,1.1537196861630892,-0.2404501831582286,f
17377,1,1.080697980645066,-0.15353089392926866,f
17378,1,0.1846038845287572,-1.0108188311390913,f
17379,1,1.7641377170023038,-0.844352810758367,f
17380,1,-0.04120428059104101,-1.0107167650861046,f
17381,1,0.8545477033263537,-1.0436689163576427,f
17382,1,0.7104143867554772,-0.3417183126165454,f
17383,1,0.8310966179773803,-0.8217056957403902,f
17384,1,0.25104686838119694,-1.004187473524849,f
17385,1,0.16123068727824436,-1.0090817152069058,f
17386,1,1.1487570695845364,-0.5157185993240648,f
17387,1,0.84960153761013,-0.5093041475458545,f
17388,1,1.6065562003766436,-0.5888282906357549,f
17389,1,1.3250145151926445,-0.3812250160351803,f
17390,1,1.2516353086604928,-0.1600164229986015,f
17391,1,1.0829659406508052,-0.7301646651397922,f
17392,1,0.3666278942608243,-1.0131811402208244,f
17393,1,1.6566251810174295,-0.1542811237283393,f
17394,1,-0.03042997355649401,-1.016868283011842,f
17395,1,-0.0074685227485432925,-1.0007820483056302,f
17396,1,1.0849875800438342,-0.23902534160793834,f
17397,1,-0.07655582049310844,-1.0312519348777403,f
17398,1,0.5551345075342459,-1.0042320866629864,f
17399,1,-0.035104634220188155,-1.034416555020914,f
17400,1,-0.02238425840001218,-1.0274374605606933,f
17401,1,1.7481627594929852,-0.4682578820070694,f
17402,1,1.1363044981475696,-0.07387065571131482,f
17403,1,1.411399932476867,-0.44269001572153716,f
17404,1,1.4918531380085875,-0.31419683873814797,f
17405,1,0.4882457799431806,-1.0098351741264449,f
17406,1,0.021909209529729485,-1.0053892817539887,f
17407,1,0.4784855721499235,-1.0260572964284422,f
17408,1,1.337855551361418,-0.2385477951907645,f
17409,1,0.7587389250458205,-0.5311172475320638,f
17410,1,1.7518298021911272,-0.28448518155243935,f
17411,1,0.08624048551156317,-1.0276991190130649,f
17412,1,0.1685388274835014,-1.0449407303978264,f
17413,1,0.44787841946820167,-0.9930104385924291,f
17414,1,0.32586422590218117,-1.0006854181247298,f
17415,1,0.40633729989203204,-1.0169534609319781,f
17416,1,0.8104989824392105,-1.0003263756947207,f
17417,1,1.4221552972424671,-0.4504671007849474,f
17418,1,0.3775677936578921,-1.001603452620362,f
17419,1,1.9736196947709324,-0.03776311601276362,f
17420,1,1.2305923614232221,-0.5299201556367796,f
17421,1,0.6472308105596419,-1.000439364994869,f
17422,1,0.7441707498448371,-0.332109260261321,f
17423,1,1.964059377157583,-0.13798002210551533,f
17424,1,0.04333166243877275,-1.0062574944110787,f
17425,1,2.018029284542626,-0.013053229524882802,f
17426,1,1.5408148364747916,-0.3726153526115246,f
17427,1,0.4554409947541612,-0.9422196726335811,f
17428,1,1.9808560576079648,-0.31563091027817786,f
17429,1,1.0779656664874016,-0.18858578614574242,f
17430,1,1.770655123560737,-0.17016685603050297,f
17431,1,1.0046270254905676,-0.8823454543687523,f
17432,1,0.5940734579103244,-1.0053550826174877,f
17433,1,-0.031642587362188335,-1.012562795589826,f
17434,1,0.19200974484821318,-1.0782085672246107,f
17435,1,1.9640585393957732,-0.5027989860853204,f
17436,1,0.609309102689127,-1.0331763045598867,f
17437,1,1.207364618550875,-0.03136011996233326,f
17438,1,-0.002620374248865386,-1.0140848343042717,f
17439,1,1.6763290346936894,-0.9665320560396065,f
17440,1,0.698124528059255,-0.8820897753180564,f
17441,1,0.5814157070365059,-0.9463736183797495,f
17442,1,1.5320767771292574,-0.29630870202344384,f
17443,1,1.2800699744266002,-0.7698167783812973,f
17444,1,0.9569084238776322,-0.7357654403896932,f
17445,1,0.07515001755361497,-1.006554780566072,f
17446,1,1.011282935933151,-0.35283090148035495,f
17447,1,0.7003089344884096,-0.6240848327754135,f
17448,1,1.035021118443864,-0.5016683992457637,f
17449,1,1.9949549799011055,-0.29040483884639895,f
17450,1,0.011299073539437491,-1.0349951362102965,f
17451,1,0.6862579965033568,-0.8150862124534671,t
17452,1,1.4652195055638135,-0.38852440962091167,f
17453,1,0.8602125475162544,-0.23793113016406048,t
17454,1,-0.05328744741138376,-1.0391052245228378,f
17455,1,0.275397925071937,-1.0049608493851756,f
17456,1,0,-1.0016502305090282,f
17457,1,0.5552159191804075,-1.0165925280768229,f
17458,1,0.8629742085371668,-0.8676263606047832,f
17459,1,0.47867505005831595,-1.094484033376494,f
17460,1,0.6341162627654275,-1.0183577156678394,f
17461,1,0.2952693312141829,-1.0098707378503609,f
17462,1,0.09648294540187266,-1.0321431368573952,f
17463,1,0.9148006328032994,-0.570233816203692,f
17464,1,1.887276738373878,-0.9036536925264798,f
17465,1,1.426313438590299,-0.27495198816198335,f
17466,1,1.1161228384813293,-0.2237108957304657,f
17467,1,1.602878550403505,-0.5899483553568807,f
17468,1,1.504944652358244,-0.7524723261790965,f
17469,1,0.33211848843733266,-0.7906402821755086,f
17470,1,0.05569346731919168,-1.1014930203124822,f
17471,1,1.9825391009101576,-0.9972955051691645,f
17472,1,0.48047113539259584,-0.8017004087693048,f
17473,1,0.5355787723009701,-1.0142523000449626,f
17474,1,0.9836618630774897,-0.6616297055223325,f
17475,1,0.6529864086326123,-0.844237658022887,f
17476,1,1.2481832176643186,-0.21551364909313553,f
17477,1,1.9730051193434193,-0.32387688726239583,f
17478,1,0.0029831457255259995,-1.0053201095180269,f
17479,1,0.8881150279320363,-0.3883718450120949,f
17480,1,1.2865621766037179,-0.414462983066939,f
17481,1,1.0083017924090474,-0.24097778686508814,f
17482,1,0.8048311518114231,-0.470750296342505,f
17483,1,2.072387693121022,-0.2101485180232117,f
17484,1,1.0413198366296845,-0.28941314260546347,f
17485,1,1.1099853743598656,-0.10772009962140006,f
17486,1,0.7542381388020927,-0.9292213870041894,f
17487,1,0.5974343768521152,-0.6131563341376833,f
17488,1,1.882244719471782,-0.48968968311463373,f
17489,1,1.7113828511400175,-0.9290364049045913,f
17490,1,1.9958744177978796,-0.34172539659564355,f
17491,1,0.6257093693210624,-0.7251945410123523,f
17492,1,0.9696888747174868,-0.5064183116205979,f
17493,1,0.6068201396348333,-0.8840365343600728,f
17494,1,0.5876613472075428,-1.0467024750262612,f
17495,1,0.23971827222716974,-1.0169866094488287,f
17496,1,0.5047712392325832,-1.021618345432479,f
17497,1,0.1242986150118176,-1.0754532342329306,f
17498,1,0.053075270204496774,-1.0168104397076945,f
17499,1,1.3031803115174965,-0.3960383698246049,f
17500,1,1.1995083309342913,-0.5971465386607496,f
17501,1,0.004827725374831919,-1.0065807406570377,f
17502,1,-0.00493530754557086,-1.0018674317554324,f
17503,1,1.9580873105026022,-0.12062715523151639,f
17504,1,3.004853070307761,-0.2416273602927944,f
17505,1,0.2565491223973632,-1.0941974617909827,f
17506,1,1.955243064185815,-0.29775275089120395,f
17507,1,0.6406668959851938,-0.7385027273918111,f
17508,1,1.5296875857697638,-0.4900297893807583,f
17509,1,1.7563882898780867,-0.4781947570044677,f
17510,1,1.4910675419640773,-0.11857395959951383,f
17511,1,1.9478435043169806,-0.48954650904957525,f
17512,1,1.6219527916667726,-0.297151656488515,f
17513,1,0.002751570274737684,-1.015329431371546,f
17514,1,1.875391837567061,-0.06330436582505367,f
17515,1,1.7827305726824538,-0.32664939064677356,f
17516,1,2.0267456849840078,-0.18643654668994394,f
17517,1,0.3377372850806028,-0.8429922635612057,f
17518,1,-0.017218656712592508,-1.2569619400203365,f
17519,1,1.377798605779346,-0.43406256889387984,f
17520,1,0.7760177090454496,-0.8404418207397548,f
17521,1,0.13510549987060091,-1.0281199014542788,f
17522,1,1.481523368279695,-0.03552813832812705,f
17523,1,1.3747283311040428,-0.30343102803647204,f
17524,1,-0.07390134564132166,-1.0281926350099346,f
17525,1,0.10685039712011309,-1.0166977180514558,f
17526,1,0.9718505417328122,-0.3670130444610324,f
17527,1,1.9776926421480165,-0.4546740489000407,f
17528,1,0.761158844331596,-0.434947911046599,f
17529,1,1.0533117998224613,-0.48467608180238747,f
17530,1,1.3933829904015493,-0.8591786490335163,f
17531,1,1.2189032764061962,-0.9041315511803732,f
17532,1,1.4248099634787572,-0.6835007223371015,f
17533,1,1.767522995543334,-0.7177214587964067,f
17534,1,1.5394850174972097,-0.10417567787574974,f
17535,1,1.0415223737250285,-0.28910585462830296,f
17536,1,1.4046074064780305,-0.2991293550832154,f
17537,1,0.6899150903667676,-0.5108025188291797,f
17538,1,1.9545881726196874,-0.5921163552295149,f
17539,1,0.0836302029686248,-1.0423178955357673,f
17540,1,-0.005820611791798989,-1.0418895107329238,f
17541,1,0.2286515253635445,-0.737724732776672,f
17542,1,0.2440475335710574,-0.5244425721419455,f
17543,1,1.2534490121290622,-0.4667097385586438,f
17544,1,1.941567249259641,-0.4888838397416591,f
17545,1,1.1458577886086376,-0.22326168947102895,f
17546,1,1.7712723207738752,-0.16553946923118612,f
17547,1,0.014120996257493006,-1.0414234739890706,f
17548,1,1.2565130487949852,-0.3525929473658878,f
17549,1,1.0282402041722003,-0.32701409772031087,f
17550,1,0.5852628485261606,-0.9398632802802688,f
17551,1,-0.03463309847756989,-1.0138052463429075,f
17552,1,1.6897101393542335,-0.4208213464931363,f
17553,1,1.2686276548985016,-0.573531912779684,f
17554,1,0.6731361857783551,-1.0266095253424088,f
17555,1,1.1417712773589486,-0.8251739320145248,f
17556,1,0.28542166321880846,-1.0178893049732647,f
17557,1,0.5606037610016376,-0.9355771375655173,f
17558,1,1.9670435262471873,-0.3578817570994445,f
17559,1,0.33361959905782146,-0.8160479401414491,f
17560,1,1.9589092877704315,-0.11797697090713596,f
17561,1,-0.0028232325252348094,-1.0107172440274168,f
17562,1,0.7474315603808236,-0.8014627575167386,f
17563,1,0.4991859906311871,-1.0169751858820841,f
17564,1,0.18862313350908855,-1.0050076332281932,f
17565,1,1.4695808949470983,-0.5093249459308277,f
17566,1,1.5576284284670348,-0.6658788197024876,f
17567,1,1.1967136855509521,-0.20653941781082558,f
17568,1,0.47968582319075476,-1.1092734661286354,f
17569,1,1.4576828304617746,-0.23567327199081076,f
17570,1,1.2247718852015532,-0.2956345929796703,f
17571,1,1.88437822332669,-0.3170655519172945,f
17572,1,1.1214659950865462,-0.9408553666643159,f
17573,1,1.753651022207229,-0.5516179271731325,f
17574,1,1.288278833600442,-0.6774569728416252,f
17575,1,1.3252068963638335,-0.20343088321379307,f
17576,1,0.0054242772988134,-1.0197641321702346,f
17577,1,0.10682579368045465,-1.0447562621949746,f
17578,1,1.5814431362986123,-0.06020134925878724,f
17579,1,1.0587860528230044,-0.9876735567379362,f
17580,1,1.8102021265376014,-0.24521763966797225,f
17581,1,0.3794934470819482,-1.1738997296401097,f
17582,1,1.28059292275149,-0.2652829030181628,f
17583,1,0.12513795171590225,-1.0729913732236491,f
17584,1,1.3627376215485787,-0.3280170791594631,f
17585,1,1.101504422571713,-0.15131777926237952,f
17586,1,-0.015670063553232867,-1.015420118249608,f
17587,1,0.5550569976493791,-0.5992494337679338,f
17588,1,1.1256181006684216,-0.3772676051690846,f
17589,1,1.109964121616407,-0.44963321560587155,f
17590,1,1.9733996671565666,-0.38750393464164845,f
17591,1,0.7430945932811953,-0.9893271212324162,f
17592,1,1.0840477078136492,-0.16529044257751332,f
17593,1,1.0140537616086651,-0.11414741295599165,f
17594,1,1.3301036346861168,-0.23021024446493216,f
17595,1,0.0440382471197642,-1.0208866377758226,f
17596,1,0.17052430552337525,-1.003084150137504,f
17597,1,1.427625955543414,-0.20659952852581231,f
17598,1,0.810975506786009,-1.0463374835187997,f
17599,1,1.5118970124145792,-0.1727882299902513,f
17600,1,-0.03832194160788717,-1.0414551189908101,f
17601,1,1.3299567616100425,-0.49391920618568413,f
17602,1,0.1301566306412878,-1.0108268197856842,f
17603,1,1.1788458526219359,-0.23737851639831115,f
17604,1,1.2695885084577652,-0.3119058273373634,f
17605,1,0.6947266380930492,-1.0474340082018632,f
17606,1,1.5176148828209088,-0.3962547607903482,f
17607,1,-0.06770656315212958,-2.1859547531968766,f
17608,1,0.7313394524151767,-0.39396559787840546,f
17609,1,1.1353865393149252,-0.1521965870395508,f
17610,1,1.2524852058413314,-0.5210062426502515,f
17611,1,2.6509758881964096,-0.4964658203770405,f
17612,1,0.7707711913648444,-1.3062409464219016,f
17613,1,0.0808336653231079,-1.023164862873633,f
17614,1,0.062483267764279336,-0.9127302658224226,f
17615,1,0.9944162626721657,-0.7047044381141461,f
17616,1,1.3914198201719832,-0.2539473436055536,f
17617,1,0.45862497804202557,-0.6030918461252425,f
17618,1,1.8517554243254835,-0.12011386536166078,f
17619,1,0.08459751497504243,-1.0356786681795023,f
17620,1,0.1887386734733094,-1.0179164412043287,f
17621,1,0.6905612288803988,-1.7563792027149723,f
17622,1,0.6387791045763584,-1.036327429478908,f
17623,1,1.0002806417730643,-0.28073914238442566,f
17624,1,1.62040315029354,-0.30415334212631046,f
17625,1,1.4414337738525784,-0.17092632052221526,f
17626,1,0.6270736485943105,-1.005124222746825,f
17627,1,0.9036351604397063,-0.46130647931975016,f
17628,1,1.84421047809986,-0.05885778121594603,f
17629,1,0.02787395261864426,-1.0266905881209576,f
17630,1,1.1276397656346537,-0.20665908055456422,f
17631,1,1.3612857891570596,-0.4713023068342563,f
17632,1,0.3422681142272754,-1.05686843379648,f
17633,1,0.8433862345991745,-1.0187913489174905,f
17634,1,1.6935761556958024,-0.8024595744437951,f
17635,1,0.9794893843604555,-0.1834495168032947,f
17636,1,0.31772929655454824,-1.0277453058226858,f
17637,1,1.1359160164965345,-0.09189184149047297,f
17638,1,1.998464601763034,-0.1259536513716296,f
17639,1,1.3408059727516946,-0.12037458066484012,f
17640,1,0.7931428270465929,-0.4442245976330281,f
17641,1,0.07518839782128364,-1.0018345979971743,f
17642,1,0.7262902806182652,-0.355882237502983,f
17643,1,1.0050993281734333,-0.44599948957163565,f
17644,1,1.2163881751143455,-0.5525288659840993,f
17645,1,1.7277916843241903,-0.08061575324084728,f
17646,1,1.5674516763140716,-0.5085997047620711,f
17647,1,0.23776144718244965,-1.000862472901334,f
17648,1,0.08886351378239107,-1.0733777059503498,f
17649,1,1.7119867235968123,-0.26756079228952373,f
17650,1,0.7599623969384942,-0.6950620269520048,f
17651,1,0.9909945235495987,-0.40643319700008773,f
17652,1,1.161511791577083,-0.2070287221097931,f
17653,1,1.9819901512687153,-0.06106259772837944,f
17654,1,1.4966593790444171,-0.1900901783673975,f
17655,1,0.16987216011119174,-1.0012162164127607,f
17656,1,1.6532798373606319,-0.23478530234709383,f
17657,1,1.9674303052369835,-0.5080331604265751,f
17658,1,0.10326113603209731,-1.0240062656520497,f
17659,1,1.4561895782160832,-0.3460779619161006,f
17660,1,0.745396675727719,-1.0967979657136513,f
17661,1,1.0655545390401335,-0.6843805575948418,f
17662,1,0.9420719955961618,-0.3425716347622151,f
17663,1,1.736618043065433,-0.19512562281631368,f
17664,1,1.1859652607151423,-0.9067692722551506,f
17665,1,0.049809366856756236,-1.1434498130597215,f
17666,1,0.014819608458177968,-1.0204358966914815,f
17667,1,0.4429786539195014,-1.188091466666043,f
17668,1,1.2436917812196524,-0.49174761407148826,f
17669,1,0.8827160550499759,-0.8827160550499759,f
17670,1,1.6572260970828143,-0.2728665326012549,f
17671,1,-0.015487066404559338,-1.0169840272336086,f
17672,1,2.0019906696920926,-0.07134523984867329,f
17673,1,1.4330630546411163,-0.49689120990068986,f
17674,1,-0.09747589606181754,-1.0153739173101886,f
17675,1,0.7375738927775948,-0.5848913990497878,f
17676,1,1.0539525948606139,-0.38023955601508913,f
17677,1,0.26831001510830327,-1.017342140618919,f
17678,1,0.10973181402748083,-1.0197029547431467,f
17679,1,0.9899108199662637,-0.24156974916949123,f
17680,1,1.9535187150601783,-0.047518022798778835,f
17681,1,2.126721494923598,-0.175246603631932,f
17682,1,1.3413686795547237,-0.5618157395329995,f
17683,1,1.9485054223103706,-0.09373276812861515,f
17684,1,1.018680698723972,-0.47682926323255515,f
17685,1,0.38756813463650075,-0.7751362692730015,f
17686,1,0.07607043433079295,-1.0114550342501962,f
17687,1,1.3144203311828453,-0.361385638500412,f
17688,1,1.3021624617564402,-0.4251959058797048,f
17689,1,0.05610682943394317,-1.0036888376512656,f
17690,1,0.6417438224864314,-0.3208719112431824,f
17691,1,0.688765638095496,-0.390742044688762,f
17692,1,0.9302854860148841,-1.1105733709014678,f
17693,1,1.012819045343659,-0.643932875474047,f
17694,1,0.5498787479873227,-1.0097773372131562,f
17695,1,0.2232968821961905,-1.0129264366290045,f
17696,1,1.1523078070100155,-0.05949415307929197,f
17697,1,2.023462057291432,-0.16707484876717804,f
17698,1,1.2557906402462822,-0.3019877492020701,f
17699,1,-0.03893471285996007,-1.9219590075407293,f
17700,1,1.616583430848368,-0.37305771481116184,f
17701,1,0.7908762075565582,-1.0151974591544166,f
17702,1,0.060043586476526904,-1.1541711622705069,f
17703,1,1.1664759179203323,-0.009407063854188368,f
17704,1,0.403238439361535,-1.004558919111052,f
17705,1,1.1599295860778371,-0.6354933370532704,f
17706,1,1.6615665682629752,-0.1873038676951166,f
17707,1,1.9626936502702217,-0.2817728507813364,f
17708,1,1.8988560933902874,-0.18953461930327184,f
17709,1,1.5313373385839044,-0.7030899799748602,f
17710,1,0.5969710367214329,-0.4643108063389196,f
17711,1,1.9568684366682298,-0.9625247188489474,f
17712,1,1.9575789492211086,-0.3747896405946029,f
17713,1,0.4148024690187344,-1.003647932031319,f
17714,1,1.4085114477900913,-0.24583875372107172,f
17715,1,0.6268718897043671,-1.0238907531838173,f
17716,1,0.04386875652652498,-1.068517569681608,f
17717,1,1.9573007612486886,-0.050044621736491796,f
17718,1,1.2833272478776083,-0.24534197385894047,f
17719,1,1.5219664427545527,-0.46095399431096507,f
17720,1,1.47936732234931,-0.41030798507908517,f
17721,1,0.5495850753135813,-1.0354061363641833,f
17722,1,0.7914331727575737,-0.33549884497336774,f
17723,1,0.13012150360703728,-1.0067295279069337,f
17724,1,0.28726925899582234,-0.7549168899191575,f
17725,1,0.15476669096909,-1.041157739246641,f
17726,1,1.9569167628291702,-0.36941796032997115,f
17727,1,1.5354421944253303,-0.23515781356064336,f
17728,1,0.4642954652651459,-1.0139393616451593,f
17729,1,0.0415407694615255,-1.0350575057485816,f
17730,1,1.8532497445358154,-0.6048801249526967,f
17731,1,1.3574340367673667,-0.07003959403469405,f
17732,1,1.873321130107808,-0.21892362319308797,f
17733,1,0.659767324407427,-1.067356915930328,f
17734,1,0.440724651947792,-1.070774682549216,f
17735,1,1.3852360215712949,-0.150754638897882,f
17736,1,0.18468166429448576,-1.0061966537422733,f
17737,1,1.0939771077142317,-0.8139710622873502,f
17738,1,0.9568289686234009,-0.382067122887812,f
17739,1,0.7449146120843063,-1.000022355948713,f
17740,1,1.9676999147959517,-0.07489515246624188,f
17741,1,1.240827371867855,-0.7690544648556003,t
17742,1,1.3089483590548316,-0.15460019988830706,f
17743,1,0.12736136643872006,-1.001201852837989,f
17744,1,0.23039921251755166,-1.0020537179332583,f
17745,1,0.4115981301656357,-1.0596462500007982,f
17746,1,0.5602921311082327,-1.0057243753392717,f
17747,1,0.6610130940124748,-1.0539655784715067,f
17748,1,0.3550987974167625,-1.0770351954707538,f
17749,1,0.7272579067504729,-0.6117705996698704,f
17750,1,0.18317987189135154,-1.0007048557022977,f
17751,1,0.38846903724687654,-1.0170825702464774,f
17752,1,1.2693465035152192,-0.26028734482190385,f
17753,1,1.3089878594358237,-0.5814114809901672,f
17754,1,2.011919008861325,-0.28784092014680124,f
17755,1,2.039930041487557,-0.9592226870022087,f
17756,1,1.0499561668141086,-0.8996799546147491,f
17757,1,0.5017899256376539,-0.5981789509014208,f
17758,1,0.07981047914853907,-1.0048864874611785,f
17759,1,0.2761109598969157,-1.0051233504161217,f
17760,1,1.981021736051905,-0.21760446012587206,f
17761,1,1.384041623657598,-0.3400652099364369,f
17762,1,0.24757639942681173,-1.0277541287129968,f
17763,1,0.3989271366340284,-0.5340135744360257,f
17764,1,0.9541039559447423,-0.5985531519867825,f
17765,1,0.28068531606154395,-1.0099167744567281,f
17766,1,0.9535387193191563,-0.7205109985866861,f
17767,1,0.7086483763118507,-0.8462784328682709,f
17768,1,1.1291785513442483,-0.7386845278246037,f
17769,1,1.5366472945355272,-0.5387554417801562,f
17770,1,0.15973862896691673,-1.0214272894504395,f
17771,1,0.20908539722920932,-1.0170764238098926,f
17772,1,0.1933931742230053,-0.8108941866542565,f
17773,1,0.2820416526494281,-1.0778801143889105,f
17774,1,1.1441013821276724,-0.23335137100823797,f
17775,1,1.198805397085592,-0.41338117140883013,f
17776,1,0.06504216985357131,-1.0380730308626351,f
17777,1,0.3148957888158154,-1.0248426581458996,f
17778,1,0.45057964340660056,-0.7789681970758122,f
17779,1,1.866096823667287,-0.3519297851386364,f
17780,1,1.639914154301652,-0.39815821652240974,f
17781,1,1.316384435059893,-0.3692641563015793,f
17782,1,0.00867791161704342,-1.0182082963930814,f
17783,1,1.6492686153394627,-0.1565407499304952,f
17784,1,0.09713225797297753,-1.068454837702753,f
17785,1,0.624181349648817,-1.0023618144360653,f
17786,1,0.6886954825090315,-1.0172715714923326,f
17787,1,1.5816365731592374,-0.6547635275981982,f
17788,1,1.422638836303765,-0.23038685608162254,f
17789,1,1.9727177483577403,-0.36347712843759933,f
17790,1,1.88216213064702,-0.3125852301781074,f
17791,1,0.12042108124810984,-1.0872303335548454,f
17792,1,1.1447292298208056,-0.6237746102615911,f
17793,1,0.5589624926354189,-1.0321750574233604,f
17794,1,0.435928514879351,-0.9941679080342385,f
17795,1,1.5799754677343567,-0.1277537919455447,f
17796,1,1.5238358634172173,-0.20119910750746492,f
17797,1,0.5538222843430716,-1.0063356142330837,f
17798,1,0.225379554610906,-1.0689430304404115,f
17799,1,1.0034269098550221,-0.06689512732368229,f
17800,1,0.6464554343122092,-0.7281129628569148,f
17801,1,0.35749855571443717,-1.0203604611018517,f
17802,1,0.5876980346496479,-1.0151147871221695,f
17803,1,1.0686155675610998,-0.31883284146903795,f
17804,1,0.6333023660641227,-0.5093953813993599,f
17805,1,1.3797452009722284,-0.2272990649000318,f
17806,1,1.132448914562464,-0.6245818525999429,t
17807,1,1.5013677096719404,-0.16119948040681406,t
17808,1,1.721425170128838,-0.6072932297802341,f
17809,1,1.3112584726581968,-0.44449439751125236,f
17810,1,1.2106004537228787,-0.32806348173404887,f
17811,1,0.5385604654375478,-1.0158213657032842,f
17812,1,0.47182111331631904,-1.0049789713637947,f
17813,1,1.788014676555893,-0.856562004737498,f
17814,1,0.30325482637451595,-1.0183930736456606,f
17815,1,1.209722452245323,-0.31954932700820904,f
17816,1,1.6219190540275294,-0.10996061383235196,f
17817,1,1.130659203956493,-0.5573221005337786,f
17818,1,1.7924710324814848,-0.612713028088152,f
17819,1,0.10770995037326807,-1.0733853675128473,f
17820,1,0.558432171982201,-1.02379231530075,f
17821,1,1.0805132083924784,-0.9062368844581811,f
17822,1,1.3362991396979174,-0.4414911611981353,f
17823,1,1.4420602340544206,-0.4107133578003228,f
17824,1,0.9634027644681152,-0.7902566455084077,f
17825,1,0,-1.0018143912263089,f
17826,1,1.1953857992298156,-0.653378573492067,f
17827,1,1.633797394572702,-0.20126489643282783,f
17828,1,1.5922620899789222,-0.8586996095008071,f
17829,1,0.43811585521136337,-1.0024684822633372,f
17830,1,1.9290529453972198,-0.6465702321589442,f
17831,1,1.4632015292885505,-0.603915725531838,f
17832,1,0.10385876363934349,-1.0008208132520207,f
17833,1,0.9126197407985494,-0.10419674205963747,f
17834,1,0.8665799029045576,-0.070665313970765,f
17835,1,1.065554515357821,-0.5765987637217438,f
17836,1,1.9184959948161855,-0.7868262054688928,f
17837,1,0.9789706647839634,-0.34828764035587284,f
17838,1,1.4454193813983056,-0.24562682298269703,f
17839,1,1.914123092425788,-0.2971176143466726,f
17840,1,1.1817302791699216,-0.6768091598881611,f
17841,1,1.0904951685944837,-0.4961494605927175,f
17842,1,1.6727562565547414,-0.475949984599824,f
17843,1,-0.26500127258277195,-1.046972240859815,f
17844,1,0.3918474039348749,-0.9113754226349945,f
17845,1,1.0792865695850993,-0.8686940682026637,f
17846,1,0.3302583949677953,-1.1108691467099903,f
17847,1,-0.4736186119179,-1.000519317676517,f
17848,1,1.6726127453125132,-0.9621718802466163,f
17849,1,-0.00471992411505712,-1.0242235329606877,f
17850,1,0.9788873060873654,-0.1411856691472026,f
17851,1,1.6507639966798584,-0.745035078147561,f
17852,1,1.202873693883419,-0.5445441722310173,f
17853,1,1.467507471032918,-0.26106601910557686,f
17854,1,-0.05789428055519756,-1.208060654251909,f
17855,1,1.0068871132882158,-0.15653287055319898,f
17856,1,0.5307833598096965,-1.04205262550883,f
17857,1,0.5880831200833094,-1.0738909149346756,f
17858,1,0.6011225079232064,-1.0682992396243554,f
17859,1,1.0809365645670679,-0.12048655974472237,f
17860,1,0.7211018241346782,-0.47824369683541784,f
17861,1,1.2830702697394982,-0.21384504495659798,f
17862,1,0.02410407455987574,-1.1039666148424374,f
17863,1,1.9398128158698413,-0.7887654948690226,f
17864,1,1.259661203437078,-0.4925318892331761,f
17865,1,0.8264803433119611,-0.316951199619609,f
17866,1,0.39366211204915763,-1.0209259169627007,f
17867,1,1.9363297125557077,-0.4726800583112034,f
17868,1,1.6613031401553138,-0.3819616638030209,f
17869,1,0.9035923279528719,-1.0797928319036825,f
17870,1,1.0860787700784988,-0.3518895215054157,f
17871,1,0.6285882812524467,-1.0204355215136263,f
17872,1,0.9045184869727566,-0.7741374438055176,f
17873,1,1.8255829966622674,-0.23100522980610452,f
17874,1,0.5710225811955588,-0.9136361299128778,f
17875,1,0.012577249813299472,-1.006179985064842,f
17876,1,2.0104927696595793,-0.20679354202212333,f
17877,1,1.580054958298606,-0.0980723767219805,f
17878,1,0.16835064404024674,-1.0101038642415927,f
17879,1,1.435152643074579,-0.6782853990323607,f
17880,1,0.15117895947199889,-1.0117361133895277,f
17881,1,0.4860594328609607,-1.0185804291571463,f
17882,1,0.3017935284389404,-1.030034434019961,f
17883,1,0.22946499657872318,-1.0272971385292873,f
17884,1,1.1975376318450799,-0.3363454459811653,f
17885,1,1.931358336204713,-0.6315468323710972,f
17886,1,0.4170240033597108,-1.03497775379275,f
17887,1,0.23868107394435678,-1.0290675811043672,f
17888,1,-0.031667481306916066,-1.0173178369850577,f
17889,1,0.41687534039170326,-2.275282231670598,f
17890,1,0.9807052163465649,-0.14937894023822257,f
17891,1,1.6430728501396439,-0.07248850809437295,f
17892,1,1.054856512493165,-0.4289749817472196,f
17893,1,1.9517805006931095,-0.284167275962975,f
17894,1,0.9762188879988105,-0.2766612233195175,f
17895,1,1.2977778441066985,-0.7305672479061969,f
17896,1,1.6130580563630221,-0.08770764845470976,f
17897,1,0.3756267995032966,-1.0115890046028502,f
17898,1,0.8527104719507281,-0.6332008455079368,f
17899,1,0.6667309611391072,-0.9161554933637919,f
17900,1,0.7396438327548636,-0.30189544194078916,f
17901,1,0.09532086773985925,-1.0379383376120814,f
17902,1,1.1135115895924974,-0.5958263768871974,f
17903,1,-0.11009049239497225,-1.1513630662973375,f
17904,1,0.34393418232472867,-1.1215245075806755,f
17905,1,1.9258896771749958,-0.19732476200565707,f
17906,1,1.702461910956634,-0.3803372354264505,f
17907,1,0.03234697874191489,-1.1766213517376423,f
17908,1,1.5569803424191302,-0.349526199318609,f
17909,1,2.071377500559303,-0.533610128949699,f
17910,1,0.9229718249027881,-0.4272413747782972,f
17911,1,0.885942078742606,-0.6820969986779094,f
17912,1,1.5445106855716437,-0.2413297946205903,f
17913,1,0.9484072994226341,-0.2796585626502951,f
17914,1,0.11938450652866313,-1.0318232349979646,f
17915,1,-0.05665517216377982,-1.0328673694476536,f
17916,1,0.8885767188030496,-0.3490837109583346,f
17917,1,0.9196769483063822,-0.2720171255554217,f
17918,1,0.9833377516621404,-0.8261499326232347,f
17919,1,0.1925679573627676,-1.000769839021678,f
17920,1,1.197388337984112,-0.6935227962319079,f
17921,1,1.4153425078026918,-0.43735905820512294,f
17922,1,1.6559939279949139,-0.45661597279273247,f
17923,1,0.17647691317356368,-1.0173374994711197,f
17924,1,0.2951312461698647,-1.289832853631194,f
17925,1,0.9284824620590785,-0.6951954112904646,f
17926,1,0.7516211594455894,-0.8721883761484583,f
17927,1,1.411656062256474,-0.24606848791626978,f
17928,1,1.2513567063549447,-0.11861201008105722,f
17929,1,0.6622162607442165,-1.0438877016657087,f
17930,1,1.878446982337449,-0.1934126378069768,f
17931,1,1.5420058539096158,-0.04607047366689564,f
17932,1,0.47776117707302207,-1.0171689576392942,f
17933,1,1.332191568861525,-0.3505767286477677,f
17934,1,0.9173879193517945,-1.1098755631443447,f
17935,1,1.7533644904802985,-0.1206769082516843,f
17936,1,1.2657891842264783,-0.6926679702572287,f
17937,1,0.6943737177747096,-1.2610465219356015,f
17938,1,0.31354808218939806,-1.0320957705401765,f
17939,1,0.3628613460352843,-1.0522979035022892,f
17940,1,0.3108018850883425,-1.125709266722363,f
17941,1,1.9246815171661158,-0.23658875792406117,f
17942,1,0.30178950089019135,-1.0118824441612029,f
17943,1,0.03931499686468114,-1.0161414574250314,f
17944,1,0.052174694565955616,-1.060885456174023,f
17945,1,0.9508667129839138,-0.11260263706389549,f
17946,1,-0.06962177972936294,-1.029191526434261,f
17947,1,1.1664647518229347,-0.8414342089972985,f
17948,1,0.7732894776953716,-2.5858263748368144,f
17949,1,1.4134880670100871,-0.5864006222270965,f
17950,1,0.31954501103903943,-0.8792709127283058,f
17951,1,-0.011375298595632745,-1.0124015750114155,f
17952,1,1.0190562712211813,-0.37342900888016395,f
17953,1,0.33010481427812094,-0.7656597775617566,f
17954,1,1.3764698676942178,-0.2705200896046186,f
17955,1,2.058663732501842,-0.48893263646917795,f
17956,1,1.1092529133703408,-0.04736136034615455,f
17957,1,0.9609531009728456,-0.22752371471502494,f
17958,1,0.6790637605932108,-0.7084604601859542,f
17959,1,0.24990321745306224,-1.1539648570626169,f
17960,1,0.8795955194784267,-0.5804618205464402,f
17961,1,1.5283916775192652,-0.14853934461826016,f
17962,1,1.8337164870232916,-0.5107061268683254,f
17963,1,2.0160048207952554,-0.11586234602270232,f
17964,1,1.4614795032950103,-0.6758900366328344,f
17965,1,1.8095848725791288,-0.27074704963779034,f
17966,1,1.9749118272934996,-0.6100926017737531,f
17967,1,1.0120890796265412,-0.8879063704699227,f
17968,1,1.1862750273872797,-0.39062470552813494,f
17969,1,1.11544998617207,-0.21835459634971946,f
17970,1,0.45571834045569,-1.0253662660252805,f
17971,1,0.6572793547546901,-0.5928928057175197,f
17972,1,0.6812322392681516,-0.6154993039001412,f
17973,1,0.14752637629134258,-1.0111703708301727,f
17974,1,1.9447834608637984,-0.2757953153564251,f
17975,1,0.19481542473196953,-1.0241725185908805,f
17976,1,0.2372792209633159,-1.002932789638729,f
17977,1,1.9504835199267658,-0.10865465260462123,f
17978,1,0.7551047722838377,-0.5076984305116392,f
17979,1,1.9720300675794937,-0.04896074650544083,f
17980,1,0.03910446957774191,-1.004684064535258,f
17981,1,0.24510557266826324,-1.0046302484674743,f
17982,1,1.0882073286102845,-0.45207426114376237,f
17983,1,0.25889948230468274,-1.009380260124631,f
17984,1,1.0094106450378237,-0.4952420977217078,f
17985,1,0.8531497587984204,-0.3761726602194477,f
17986,1,2.037393561471191,-0.13622108114488093,f
17987,1,0.9676845670638994,-0.5594426403338257,f
17988,1,0.9633768728465503,-0.14027190731004993,f
17989,1,0.058483758351471085,-1.0165034189663837,f
17990,1,1.273097279745188,-0.4705552303820115,f
17991,1,2.0525751485925148,-0.7548179578694905,f
17992,1,0.5752095896108758,-0.7395551866425883,f
17993,1,0.09119737652287019,-1.0312318729892076,f
17994,1,0.14023165175260677,-1.0119419194040202,f
17995,1,0.6557594993285044,-1.0586960591568282,f
17996,1,1.3408473170149926,-0.6959823317057438,f
17997,1,0.9217136705439318,-0.5895982184046367,f
17998,1,0.6305304086765227,-1.0058461281268307,f
17999,1,1.9707351794612096,-0.6011254620193527,f
18000,1,1.2023779994530228,-0.6402755910399657,f
18001,1,0.9704875677648107,-0.4421526370511787,f
18002,1,1.9861086989613015,-0.24444414756448526,f
18003,1,1.76558951068537,-0.07688857546532869,f
18004,1,1.8228578118602006,-0.2799714836246176,f
18005,1,-0.012732468179167662,-1.0631610929594395,f
18006,1,1.981929617815592,-0.22197611719535787,f
18007,1,0.38506912118217457,-1.248643253245121,f
18008,1,0.8092248989149464,-0.5089824452539251,f
18009,1,1.9797181123221574,-0.49078438965437704,f
18010,1,0.8726412924743284,-0.5490127336759015,f
18011,1,1.176268218462675,-0.18072871064920368,f
18012,1,0.7450550901570527,-1.008178635008092,f
18013,1,1.9587601289471375,-0.753977653941955,f
18014,1,1.1306622772916262,-0.10396894503831279,f
18015,1,0.06432952400803196,-1.222260956152562,f
18016,1,0.3288148775535257,-1.00227991004983,f
18017,1,0.1599637696998404,-1.0233707005641939,f
18018,1,0.4993764206600939,-0.5661082363385079,f
18019,1,1.1701275486348997,-0.3465983681390976,f
18020,1,1.6586935842959347,-0.7188841115870298,f
18021,1,0.1262765775842644,-1.0087776595652096,f
18022,1,0.24589437159557562,-1.0302662911156164,f
18023,1,0.7313809780686168,-0.5931937886639742,f
18024,1,1.2446706684536313,-0.30244333999808065,f
18025,1,1.9304874935412335,-0.14666571650835947,f
18026,1,1.2729289858644757,-0.6352703756847023,f
18027,1,0.09011132881207985,-0.8645816683321738,f
18028,1,1.816170161371252,-0.37121045528029106,f
18029,1,1.7432548061416808,-0.2631328009270491,f
18030,1,1.7260744783043862,-0.42245086119192615,f
18031,1,1.223384158443404,-0.23737304566810577,f
18032,1,1.1614213622914016,-0.3321712212638754,f
18033,1,1.5766432207615189,-0.5787677645833377,f
18034,1,1.0394380448974505,-0.7026870584295829,f
18035,1,1.2499915513893634,-0.296182737076213,f
18036,1,1.966257131129319,-0.8231520238307664,f
18037,1,0.8881335634640992,-0.8727324034040412,f
18038,1,1.7340522097151798,-0.444846727002124,f
18039,1,0.4235933755677022,-0.8666623086327346,f
18040,1,0.8872074130151363,-1.005878468259191,f
18041,1,1.5513109599426558,-0.8872918761541088,f
18042,1,1.0987314107766946,-0.6320659191027405,f
18043,1,0.9601974943791244,-0.27349278477672984,f
18044,1,1.9400437142015587,-0.2570782117431875,f
18045,1,0.316570928178484,-0.8240155042292695,f
18046,1,0.34536597668418384,-1.0178003948639673,f
18047,1,1.9638990088056065,-0.06820727096450928,f
18048,1,1.7016230411441955,-0.2932104503886148,t
18049,1,1.012823222904665,-0.532605315492964,f
18050,1,1.8188698985089338,-0.5829711213169643,f
18051,1,1.407263783577228,-0.8774703591716736,f
18052,1,0.22880573384868386,-1.007718870354767,f
18053,1,1.4240047483781975,-0.6024635473907826,f
18054,1,0.8152527313573866,-0.6926583356645599,f
18055,1,0.02192667408770666,-1.0117593900468473,f
18056,1,0.627574953963552,-0.9595354508477455,f
18057,1,1.0835747554048543,-0.05733199764046208,f
18058,1,0.33370915012716346,-1.0072505540535204,f
18059,1,0.1861982580787747,-1.0102979558718943,f
18060,1,1.055538058601071,-0.5106212991066695,f
18061,1,1.8741693204151493,-0.36174931441280556,f
18062,1,1.9774203679757134,-0.21894109522402802,f
18063,1,1.0267909411224305,-0.9142282978443268,f
18064,1,1.4321846209143398,-0.5662764527991678,f
18065,1,0.19016649303495498,-1.0614747883952351,f
18066,1,0.018933030421569293,-1.022383642764868,f
18067,1,0.9155864016272237,-0.9820402533582154,f
18068,1,-0.01818203591273363,-1.0145576039306337,f
18069,1,1.9688056086315255,-0.2634832784785451,f
18070,1,1.0007028318071467,-0.16993066955214842,f
18071,1,0.2624917373663105,-1.0643500583620402,f
18072,1,0.10696207183352474,-1.0329480079924536,f
18073,1,0.46414465286244827,-0.9657203261170247,f
18074,1,0.9536542631996969,-1.0339987615644897,f
18075,1,1.3213106151868723,-0.12291261536623214,f
18076,1,1.8596079868158202,-0.010626331353263595,f
18077,1,1.3623698828218151,-0.5991374554706494,f
18078,1,1.1730882263999558,-0.28835688246702335,f
18079,1,2.0345185596326223,-0.5374772911268478,f
18080,1,0.13742324287333194,-1.04818904858283,f
18081,1,1.4508530503403634,-0.905119334157269,f
18082,1,0.9654799637789008,-0.3453749463924518,f
18083,1,1.0457152989185148,-0.15274493130270783,f
18084,1,0.928965083578355,-0.4432820938236861,f
18085,1,1.9444997185949924,-0.5020634519322853,f
18086,1,1.2405589273031583,-0.4610926986436654,f
18087,1,0.4015905929793769,-0.6909085470611931,f
18088,1,0.4365163292992299,-1.0250776721746755,f
18089,1,0.7014612071242311,-1.0375780355379105,f
18090,1,0.8751079289079111,-1.0388981829816246,f
18091,1,0.07888165879829602,-1.015601357027726,f
18092,1,1.9816656756188609,-0.2631899725430736,f
18093,1,0.4898989930653165,-1.0091919257145814,f
18094,1,1.58887528211605,-0.12921576089497244,f
18095,1,1.3325361958475848,-0.47030689265205994,f
18096,1,1.7694746754325326,-0.7907189285311573,f
18097,1,1.8328082140203825,-0.6599791045899506,f
18098,1,1.5067279060763485,-0.5425889966479788,f
18099,1,1.213688607202922,-0.23983068286045475,f
18100,1,1.9741700348295985,-0.1096761130461314,f
18101,1,-0.057629075676927925,-1.0195913388997666,f
18102,1,1.199711020772616,-0.4864807575641877,f
18103,1,1.7167455221299341,-0.7608304018530488,f
18104,1,0.6510219745016983,-1.009336394576267,f
18105,1,-0.03309254875258007,-1.036899860915053,f
18106,1,1.2968836752510482,-0.9521969841544572,f
18107,1,1.2409477737175223,-0.5515323438744708,f
18108,1,1.0879559060044202,-0.4058912418555163,f
18109,1,1.9338103804335418,-0.6556088850738128,f
18110,1,2.0140183138936942,-0.6747472523705365,f
18111,1,0.07973501266951862,-1.088148408195756,f
18112,1,1.6471914257454954,-0.43453516139296383,f
18113,1,1.930931125063269,-0.12391001872058702,f
18114,1,-0.05178566440573902,-1.0874989525210943,f
18115,1,1.9467784271378783,-0.9526788047695792,f
18116,1,1.6393606075792226,-0.6171156310140462,f
18117,1,1.7602320603602797,-0.31282638738495505,f
18118,1,1.8739777498521644,-0.5847547278409088,f
18119,1,1.3425434725441006,-0.13333479693075392,f
18120,1,0.8327776727412702,-0.7835840549422364,f
18121,1,1.9559850505641523,-0.5138314493600822,f
18122,1,0.6788369725375841,-1.0600557649971285,f
18123,1,0.40836791621769214,-1.0361070270977486,f
18124,1,0.0650519864777668,-1.0083057904056463,f
18125,1,1.9731537287169842,-0.3046272423282313,f
18126,1,1.45646333654439,-0.589320425191397,f
18127,1,1.115487769495746,-0.2925869559333495,f
18128,1,0.6631136664057803,-1.0074226855010784,f
18129,1,1.9604261765621243,-0.4416592305818569,f
18130,1,0.2850187218026075,-1.0206751524011006,f
18131,1,1.2276997604242887,-0.06306676851493867,f
18132,1,0.1776945250383529,-1.0128587927187496,f
18133,1,0.3474569580829093,-1.112801338724874,f
18134,1,2.0618459269541827,-0.18101859315872976,f
18135,1,0.9361993517766216,-1.2274613723293277,f
18136,1,0.06627202530585408,-1.0308981714246463,f
18137,1,1.4134829729941873,-0.08199763103002164,f
18138,1,0.2512572755382855,-1.0012221737359124,f
18139,1,1.4062656111504568,-0.6975375843107089,f
18140,1,1.8318225542770081,-0.3611520076521403,f
18141,1,1.3933211436239334,-0.3326230846847683,f
18142,1,1.1752502190895677,-0.11042619508221688,f
18143,1,1.488177984077501,-0.45237228493259884,f
18144,1,1.4468046488686577,-0.9167871042336274,f
18145,1,0.057362942274834246,-1.0086317349991203,f
18146,1,0.9491036615184002,-0.646103431550123,f
18147,1,1.1778692716663302,-0.3606653971381167,f
18148,1,0.04204591873792621,-1.0558197371964275,f
18149,1,0.032107850209535584,-1.0045170279854385,f
18150,1,2.0626530417865814,-0.14310272299477028,f
18151,1,0.31109584427165,-1.0215087423844222,f
18152,1,0.8688393222443178,-0.9292399168388243,f
18153,1,0.6802398268181393,-1.1688628010114688,f
18154,1,1.503561790283047,-0.051846958285647574,f
18155,1,0.34355742809156203,-0.8046476605301397,f
18156,1,0.0272955104279885,-1.0153929879212693,f
18157,1,1.281129901829741,-0.38192174431902837,f
18158,1,0.2668142258566968,-1.0148469662049104,f
18159,1,0.7292096697462227,-0.2367563862812698,f
18160,1,1.3721353674269343,-0.6174609153421341,f
18161,1,0.8797819421960864,-0.9523412776349087,f
18162,1,1.678705287696224,-0.48095137719123543,f
18163,1,1.535332495368906,-0.6035112010098383,f
18164,1,1.2852968755405236,-0.20420604564662648,f
18165,1,0.30231922320287663,-1.0102819610829339,f
18166,1,1.9899028930560867,-0.32469277975276434,f
18167,1,0.955168373897795,0.03837730073697935,f
18168,1,-0.08585473570927786,-1.001638583275211,f
18169,1,0.9114243497374631,-0.6527768991363287,f
18170,1,0.7224962608859702,-0.8626167478457224,f
18171,1,0.3071782677825249,-1.0021061522741632,f
18172,1,0.8535425617192602,-1.0420550293382498,f
18173,1,1.3082999583820618,-0.572070324007353,f
18174,1,1.952500403183327,-0.3497015647492228,f
18175,1,1.806289090635255,-0.3279711898985739,f
18176,1,0.09499745490935133,-1.0402221312575237,f
18177,1,0.26490221025040456,-1.017035271497073,f
18178,1,0.7852633434787297,-0.8740728882769295,f
18179,1,0.9666970912264823,-0.41429875338278543,f
18180,1,0.2517376533188174,-1.0069506132751225,f
18181,1,1.264756643370446,-0.2860227038010787,f
18182,1,0.39462060636290436,-1.0234116824357142,f
18183,1,1.4326584744838688,-0.8157043915414004,f
18184,1,1.0038199762536955,-0.9784709869543622,f
18185,1,1.493626219758244,-0.28071698456450433,f
18186,1,0.6740383594905076,-1.0247575058921325,f
18187,1,1.012711620711525,-0.5139133597640791,f
18188,1,1.993721096550526,-0.5060205828808376,f
18189,1,1.0805817416943864,-0.5259468654264572,f
18190,1,0.46977912096735314,-1.0027977389879643,f
18191,1,1.2062528806555497,-0.31532751651992214,f
18192,1,1.6039332975328495,-0.12029499731497345,f
18193,1,1.3407127995408792,-0.311045369493504,f
18194,1,1.3069061481526736,-0.31050607066042185,f
18195,1,0.5709276678758152,-0.5273151376908793,f
18196,1,0.7353980299600567,-0.7554088607071768,f
18197,1,1.7849430971398212,-0.20457800540287951,f
18198,1,1.3992887112953432,-0.5229175806917339,f
18199,1,0.07837782460565307,-1.010203072694692,f
18200,1,1.452334111652271,-0.616272338178878,f
18201,1,1.4504394271473928,-0.4290566891823253,f
18202,1,0.007795304769296228,-1.017287272392141,f
18203,1,1.4025875554981775,-0.338293475445332,f
18204,1,0.22350935766419827,-1.3079436485531997,f
18205,1,0.010898290635293106,-1.0244393197184392,f
18206,1,0.8456221735348219,-0.5741329493999601,t
18207,1,0.007470545074198199,-1.0010530399415634,f
18208,1,2.003462712322955,-0.3255142511317569,f
18209,1,1.0592945951946209,-0.3288938864112488,f
18210,1,1.2734728476287953,-0.18658942822397806,f
18211,1,1.0479803010566293,-0.3418545367083049,f
18212,1,0.2708255668465432,-1.3541278342327772,f
18213,1,1.322073431814066,-0.7114547705100994,f
18214,1,1.421290992586246,-0.20304157036946371,f
18215,1,0.9974265856046871,-0.05726851209213844,f
18216,1,1.0833857283281085,-0.2925141466485809,f
18217,1,1.6539123111961935,-0.6732271266728035,f
18218,1,0.03249475856673836,-1.007337515569731,f
18219,1,-0.010144466820081981,-1.0043022151926775,f
18220,1,0.9055353679419657,-1.0213596591904177,f
18221,1,0.3613905171045578,-1.024764890967715,f
18222,1,-0.06902369982886147,-1.0267275349546856,f
18223,1,1.9835160257849749,-0.23525422631403833,f
18224,1,0.4612132038143323,-0.598978186771823,f
18225,1,1.9132474563297845,-0.38561576639211853,f
18226,1,-0.02075156275676742,-1.0220144657697874,f
18227,1,0.17520200319881252,-1.0460590190987586,f
18228,1,0.5403717283589591,-0.9041863573530339,f
18229,1,0.09688649676508405,-1.0112528099852245,f
18230,1,0.7415689976815236,-0.8583515170014363,f
18231,1,0.41963903607114944,-0.9791577508327066,f
18232,1,0.5929561787006139,-0.8243537118519711,f
18233,1,0.999502342891427,-0.5682102360273098,f
18234,1,1.912336223173615,-0.8311307431484916,f
18235,1,1.9272654407514649,-0.1873730289619129,f
18236,1,1.2662112152465461,-0.12662112152465463,f
18237,1,0.01837341403087323,-1.0411601284170562,f
18238,1,1.1493563565929186,-0.08890049167018998,f
18239,1,0.1584055802517521,-1.0428367366577895,f
18240,1,-0.04796758457266536,-1.0073192760258203,f
18241,1,0.8314596666767959,-1.1278931130572385,f
18242,1,0.111122250324775,-1.0654662825257752,f
18243,1,1.3307870454155646,-0.5016855925177823,f
18244,1,1.9330440758788487,-0.2671115450305727,f
18245,1,0.19570083993085768,-1.1680893883373344,f
18246,1,-0.05012055900938888,-1.0310514996214983,f
18247,1,0.5144186473682054,-0.7148414969921468,f
18248,1,-0.031296338908142686,-1.0406032686975468,f
18249,1,1.3835396139094895,-0.14395209855711114,f
18250,1,0.11521347882928382,-1.0030349921608284,f
18251,1,0.5964307481660311,-0.8913690302262076,f
18252,1,1.5090551097306284,-0.341087798774724,f
18253,1,1.9333733506060446,-0.5634063445017583,f
18254,1,1.1816811347808338,-0.052202781054601015,f
18255,1,0.20145943166095864,-1.1379735464092153,f
18256,1,0.855548791889857,-0.5296254425984737,f
18257,1,1.1457161388398223,-0.30433084937932886,f
18258,1,0.19492554918234642,-1.2865086246036161,f
18259,1,-0.09731907466159023,-1.0218502839463934,f
18260,1,0.9326511518914921,-0.8559948928319125,f
18261,1,1.2178165272434898,-0.7098502752381202,f
18262,1,0.49935264380638467,-1.0060487088451826,f
18263,1,0.3927090308851657,-1.0885618750852915,f
18264,1,0.5358667921084281,-1.0350303792779274,f
18265,1,1.252948296171619,-0.3151127451449286,f
18266,1,1.2545371071507379,-0.18121091547735288,f
18267,1,0.8720318582701878,-0.6155518999553891,f
18268,1,1.1571111386715538,-0.4908956345879768,f
18269,1,0.048165887567451,-1.0114836389163182,f
18270,1,-0.04324221134254938,-1.0069257784048824,f
18271,1,0.8183874546794647,-0.5350994895980901,f
18272,1,-0.12383893407426756,-1.3347085116895998,f
18273,1,3.695743037783868,-0.4817408239913324,f
18274,1,1.2812443727519618,-0.13085048913212707,f
18275,1,1.2612615277186696,-0.1844532668995567,f
18276,1,1.9295726756810527,-0.4493525409119713,f
18277,1,0.028941682462194685,-1.0033116586883983,f
18278,1,0.08345268682825505,-1.0403768291257154,f
18279,1,0.6374479555673724,-0.7293323455590256,f
18280,1,1.6159978193318771,-0.30336421157130117,f
18281,1,1.3030207882120923,-0.7742587292274397,f
18282,1,0.5615887658037773,-1.5459466024934143,f
18283,1,1.1573530824814473,-0.1329017893758676,f
18284,1,0.18698947682328382,-1.024979354438795,f
18285,1,0.9333422302103779,-0.4307733370201577,f
18286,1,1.8140324238388859,-0.8111527098466429,f
18287,1,0.19910827707848555,-1.0847968199448235,f
18288,1,0.9699109612308537,-0.5571828926219554,f
18289,1,0.3807218915844107,-0.4742325316227131,f
18290,1,0.42036878600050626,-1.0436742273115545,f
18291,1,0.9211353267831386,-0.3967967561527161,f
18292,1,1.0481647677130503,-0.49091261272640635,f
18293,1,0.012870383701950977,-1.0038899287511045,f
18294,1,0.038849923099239334,-1.0489479236783839,f
18295,1,-0.10253362571023499,-1.0731852824339598,f
18296,1,-0.05962933599196431,-1.0077357782642895,f
18297,1,1.6855776810360146,-0.17038330349818995,f
18298,1,1.5998675026276838,-0.6825521682405947,f
18299,1,1.1835366978240431,-0.3084749903902952,f
18300,1,0.9750431093392699,-0.11809528342929086,f
18301,1,1.2229983954220607,-0.15052287943653722,f
18302,1,0.4457011708267367,-0.8366030173715037,f
18303,1,1.9395345532039907,-0.24244181915048743,f
18304,1,1.994245458002744,-0.10869110316126449,f
18305,1,0.4589121324667909,-0.8339371009341735,f
18306,1,1.1213040869095037,-0.41982475291869026,f
18307,1,0.10725716675337518,-1.0217656411767515,f
18308,1,0.048524868580136216,-1.051372152569219,f
18309,1,1.0728518452270168,-0.25051362883467965,f
18310,1,1.9357699050216612,-0.1770173069489018,f
18311,1,0.05671150592463746,-1.0001847408521716,f
18312,1,0.9626429085909249,-0.6530209204476146,f
18313,1,0.8262097484745847,-0.5005504315576,f
18314,1,1.3879475630786238,-0.838265359879159,f
18315,1,0.6769073109992474,-0.745745342626297,f
18316,1,0.7597378387578553,-0.7814446341509592,f
18317,1,1.1573541247312502,-0.3677010500448176,f
18318,1,1.2333145122406177,-0.09910563044794389,f
18319,1,0.9221577960066164,-0.4657837847176586,f
18320,1,1.2324737296848656,-0.5066836444259682,f
18321,1,-0.03446538618152876,-1.0044198258614532,f
18322,1,1.006155778426348,-0.8655103470333433,f
18323,1,1.0802839848330152,-0.05646083544422726,f
18324,1,0.08371298675160667,-1.050217470156524,f
18325,1,0.6247880304835006,-0.7447804336889454,f
18326,1,0.6126817286152962,-1.2047691134115708,f
18327,1,0.5278537220933789,-0.6192130201479772,f
18328,1,1.468685422413381,-0.24478090373558456,f
18329,1,1.9352219888278008,-0.28356723229607994,f
18330,1,0.3365752426585019,-1.030124227530587,f
18331,1,-0.0614969148832036,-1.0300733242935607,f
18332,1,1.0156977464997443,-0.36024747659101797,f
18333,1,1.9658510508872598,-0.3671848227232133,f
18334,1,-0.46478973077008623,-1.0149490039264342,f
18335,1,2.3319753077354433,-0.05717627724742052,f
18336,1,0.946396880355834,-0.2984790161122476,f
18337,1,-0.031618711735496643,-1.0276081314026317,f
18338,1,0.9551629437235158,-0.21225843193858088,f
18339,1,0.8706003939882279,-0.4729187325368024,f
18340,1,-0.03817907587290462,-1.0155634182193731,f
18341,1,1.1846989053107777,-0.49111154620158604,f
18342,1,0.07513895900945979,-1.019072131566196,f
18343,1,1.036577470773125,-0.15135865723681258,f
18344,1,1.4283177571236647,-0.5833973937547262,f
18345,1,0.6707702072283054,-0.5394554047550105,f
18346,1,0.9331834046451104,-0.40610759276223685,f
18347,1,0.1869384383619576,-1.0014559197962967,f
18348,1,1.0176765180541938,-0.519550643427678,f
18349,1,1.125214291528549,-0.1847366747285288,f
18350,1,0.03786667077865773,-1.04403820861134,f
18351,1,1.9602059880755036,-0.10194924760676391,f
18352,1,1.457794861893972,-0.1241654929688835,f
18353,1,0.7782903882935837,-0.9917643233683583,f
18354,1,0.016565925685129296,-1.0005819113819272,f
18355,1,1.1004467584345006,-0.34605243975928146,f
18356,1,0.7988931011892435,-0.45315364983421286,t
18357,1,1.6087976580127323,-0.03325679913203291,f
18358,1,0.5474650450379619,-1.0242894391032629,f
18359,1,1.959193662918662,-0.25084598774676914,f
18360,1,0.2551062690263641,-1.0371533560415818,f
18361,1,0.29987993972484456,-1.2907875666415376,f
18362,1,0.48259020810014097,-1.0302103023981424,f
18363,1,1.8436794457423527,-0.3950741669447754,f
18364,1,1.9522577870864,-0.6385204040470841,f
18365,1,0.8330073007088756,-0.4365278643138061,f
18366,1,1.4028741044316744,-0.3744325901508197,f
18367,1,0.8217893056578771,-1.258364874288626,f
18368,1,0.6065277337026611,-0.9122177114888184,f
18369,1,0.5269642441627936,-2.514372250719606,f
18370,1,2.31109352762913,-0.5395383786928271,f
18371,1,1.1500951113448385,-0.30204518075722864,f
18372,1,1.330576419981673,-0.5219624541407105,f
18373,1,1.4028948443518103,-0.4170768456180916,f
18374,1,0.6053881561916346,-0.5910876485650726,f
18375,1,1.622737022800097,-0.5579758217199242,f
18376,1,0.765909968752909,-0.3680346603098243,f
18377,1,0.7695721278981472,-0.6301194604266269,f
18378,1,1.4709467656549156,-0.19612623542066393,f
18379,1,0.8677859893628924,-0.8736892954128874,f
18380,1,0.03471540999656937,-1.0241045948977368,f
18381,1,1.854935651229812,-0.14052542812345348,f
18382,1,0.3191428705636274,-1.0837559979555467,f
18383,1,1.9417785211938443,-0.26658315290965523,f
18384,1,-0.055931951077588936,-1.0776222574283543,f
18385,1,1.7218549219129697,-0.3898539445840535,f
18386,1,0.5001759427333523,-0.6955571703635376,f
18387,1,0.20087392450508262,-1.1818861139483587,f
18388,1,0.6693664634709857,-0.34689794822216036,f
18389,1,1.3211904245579982,-0.14908374440538588,f
18390,1,1.772178392355627,-0.07384076634812123,f
18391,1,1.0160750599610913,-0.12226629352229308,f
18392,1,0.3591332007567326,-1.024726732825853,f
18393,1,0.9944609441432244,-0.14826508621772921,f
18394,1,1.9846897791709228,-0.30764052818423404,f
18395,1,1.130578764396497,-0.4310991924054049,f
18396,1,1.2905531904465977,-0.1679767644708365,f
18397,1,1.9301164953829688,-0.6580778146162963,f
18398,1,1.9921667401057241,-0.10445818112914437,f
18399,1,1.546377296062047,-0.04289534801835967,f
18400,1,1.4463908872798386,-0.18589178656941743,f
18401,1,0.273488433330292,-1.0057316580533402,f
18402,1,0.010921635690676338,-1.0348249816905373,f
18403,1,0.5645867916123388,-1.0198033670485018,f
18404,1,-0.01363080373455558,-1.1075028034345986,f
18405,1,0.10446859707413376,-1.058165789718924,f
18406,1,0.16999702758980428,-1.019982165538939,f
18407,1,1.963174818248748,-0.23435159278507775,f
18408,1,0.5313004375388137,-1.0081085225095274,f
18409,1,1.9646302437810157,-0.47271819858895686,f
18410,1,0.01955835409360533,-1.0131227420488602,f
18411,1,0.8077819394281487,-0.8034852269843064,f
18412,1,1.0916259075721615,-0.6692141433377361,f
18413,1,1.5670436686561269,-0.8285518248067073,f
18414,1,0.48191814952801953,-1.0253577649532986,f
18415,1,-0.008353665096775252,-1.0233239743539713,f
18416,1,0.7960648572434611,-1.0241508556671535,f
18417,1,1.9494820003415787,-0.15764005393595973,f
18418,1,0.1997426668426244,-1.0375521860991315,f
18419,1,0.6046683822623447,-1.0731501919429811,f
18420,1,0.8507478015383411,-0.5981014847178179,f
18421,1,0.41840674326447463,-1.030857193550223,f
18422,1,0.11210462630208679,-1.248437883818681,f
18423,1,1.9372176368655785,-0.9491811343954513,f
18424,1,0.542730904070559,-1.041693186845062,f
18425,1,1.196026097789453,-0.7642477231362589,f
18426,1,0.33191155017583307,-1.0342171490984842,f
18427,1,1.7222452504284127,-0.09041787564746251,f
18428,1,1.6341674326475017,-0.4063802610287657,f
18429,1,0.6758768153374022,-0.7524761877422563,f
18430,1,1.8778052724603673,-0.30601271106761274,f
18431,1,1.1192257211028784,-0.0833932890233116,f
18432,1,0.7764100287840081,-0.1062455828862475,f
18433,1,1.0572705809307226,-0.37638832681130585,f
18434,1,-0.031249385806658987,-1.0044445437852976,f
18435,1,1.9481401245685122,-0.8556347445375636,f
18436,1,1.0314274528601721,-0.3453440132343915,f
18437,1,-0.05613737619615759,-1.0011165421647499,f
18438,1,0.9810663520503607,-0.3283904107281632,f
18439,1,0.9835405556719317,-0.5185192887642516,f
18440,1,1.1780651689954194,-0.6977381687612767,f
18441,1,0.9521265177921097,-0.9624197774439265,f
18442,1,1.3629901019803463,-0.5325590464691891,f
18443,1,0.5464821824353517,-1.0227023699862159,f
18444,1,-0.007630372260176125,-1.0148395106080417,f
18445,1,1.0311219997336873,-0.6756840407811335,f
18446,1,1.2810650408365007,-0.08362043347495819,f
18447,1,0.1060830656779217,-1.0343098903595263,f
18448,1,1.2383834461414571,-0.25817888099768005,f
18449,1,0.09842988449546204,-1.0486568463553234,f
18450,1,0.2706888479375696,-1.0193126930149619,f
18451,1,0.8216879200001184,-0.7532139266667554,f
18452,1,1.5390016746614272,-0.08290918112650861,f
18453,1,1.2627366562775677,-0.3498491168907352,f
18454,1,-0.03318538526641026,-1.0895868162480784,f
18455,1,0.8204782773180442,-0.899879400929521,f
18456,1,0.4498136825714868,-1.0192586636991472,f
18457,1,1.1387777554538434,-0.5073227915291549,f
18458,1,0.42701798210759373,-1.0032350182045946,f
18459,1,2.058083362319715,-0.326494811019558,f
18460,1,0.5943390949810784,-0.7613434687773573,f
18461,1,1.9864609623090108,-0.21283510310453901,f
18462,1,0.6713104265690553,-0.997893877332287,f
18463,1,-0.0715847808195235,-1.002186931473263,f
18464,1,0.9584427654807628,-0.4224714821526508,f
18465,1,1.9486605677362467,-0.21547688970160894,f
18466,1,1.0827680602926804,-0.1279634980345483,f
18467,1,0.6057727734181763,-0.4637947796482608,f
18468,1,-0.04815655825995701,-1.0112877234594981,f
18469,1,0.6842888713768474,-1.1464839862543201,f
18470,1,1.197724987906517,-0.6557679798040312,f
18471,1,0.47959821637562705,-1.0112010586233302,f
18472,1,0.6049803528804242,-1.0115271500161085,f
18473,1,0.9322960359708966,-0.4686407881351472,f
18474,1,1.5008268811509367,-0.6540765799610652,f
18475,1,0.06247070355089144,-1.075388539697276,f
18476,1,0.07738931740968849,-1.0304998581393767,f
18477,1,1.0214376758503154,-0.8674113596506886,f
18478,1,0.7494676466191327,-1.0185073146362584,f
18479,1,1.3131810780078754,-0.6271909626305978,f
18480,1,1.93882698777282,-0.2708339251212662,f
18481,1,1.5244897703777986,-0.8073621836892098,f
18482,1,1.0748609473517867,-0.07136006289474559,f
18483,1,1.2216947675143184,-0.292802878164604,f
18484,1,0.2188587673121362,-1.0077682773906602,f
18485,1,1.8978349863626691,-0.18436111296094568,f
18486,1,0.9717220134823735,-0.5351512538018967,f
18487,1,1.7313127411802196,-0.30735664393983814,f
18488,1,0.05192716978259593,-1.014577009597826,f
18489,1,1.1266118741670343,-0.6515852257309052,f
18490,1,-0.004618980890709354,-1.002318853277366,f
18491,1,0.6730304764415149,-1.018893360168388,f
18492,1,1.0877678587912276,-0.1997940965126473,f
18493,1,1.6624480314040584,-0.798350749544341,f
18494,1,0.5757254218811881,-0.5068005474305812,f
18495,1,1.18900411936905,-0.20436008301656192,f
18496,1,0.5819593709660843,-1.0627084165467724,f
18497,1,1.0169433857698773,-0.4564945865011802,f
18498,1,0.3434351317222282,-1.0088406994340826,f
18499,1,0.7327206498782212,-1.0040986683516895,f
18500,1,1.3991548351273866,-0.0681004565769605,f
18501,1,1.9891487237152616,-0.06699205546189264,f
18502,1,1.8799799497593923,-0.2596391746471254,f
18503,1,1.3981630532278464,-0.6497873164039428,t
18504,1,0.4994020098643879,-0.3567157213316329,f
18505,1,0.3641676249227564,-0.2538137991885989,f
18506,1,-0.052639890960103956,-1.010685906434066,f
18507,1,0.5041191430006534,-1.0922581431680825,f
18508,1,0.24813740357948827,-1.0421770950336793,f
18509,1,-0.5389841802766389,-1.0087410346461194,f
18510,1,1.949923597891439,-0.12802528673020763,f
18511,1,1.1272846051026773,-0.2125736683908343,f
18512,1,-0.11604114855268519,-1.0102405873998521,f
18513,1,0.878889237377306,-0.8987138066414381,f
18514,1,-0.006896680188078731,-1.1379522310255634,f
18515,1,0.40403154087423726,-1.085834766099474,f
18516,1,0.4432300078629293,-1.1155451883291083,f
18517,1,1.6445375530614466,-0.27639286606077096,f
18518,1,0.4146249269269081,-0.6544569925022632,f
18519,1,1.679054539129944,-0.34257787826075736,f
18520,1,0.43485647634800406,-0.8960678906564695,f
18521,1,1.6484621411165965,-0.17880144916874047,f
18522,1,-0.0051990466086890424,-1.0190131353076701,f
18523,1,1.3554422344236725,-0.2521752994276498,f
18524,1,0.9461231289144556,-0.06922852162787033,f
18525,1,1.0452067036588004,-0.384052695762983,f
18526,1,1.8459954322663938,-0.12751942130790517,f
18527,1,0.1039515848675863,-1.019715546796087,f
18528,1,1.0142353553305141,-0.5018352018562388,f
18529,1,1.0525078578254885,-0.08008211961717537,f
18530,1,0.5362379767846293,-1.0231667143246477,f
18531,1,0.44108617952747653,-1.0350822346244295,f
18532,1,1.7564058624222034,-0.40493506914634403,f
18533,1,1.9525293870868636,-0.0674948430104241,f
18534,1,0.0839758461601882,-1.1031372518315534,f
18535,1,0.881450247639016,-0.15311577071662344,f
18536,1,0.16381328703392098,-0.9624030613244222,f
18537,1,0.730363105273448,-0.4303925441789643,f
18538,1,1.2995764379144075,-0.21914426207971058,f
18539,1,0.673473391730154,-0.6789046287602111,f
18540,1,0.5441096222731068,-1.0055696816692106,f
18541,1,0.9454820960018653,-0.5489896041301044,f
18542,1,1.4258140369357497,-0.6181535539879494,f
18543,1,0.34097330195234576,-0.9161089919924311,f
18544,1,0.4973744963464167,-0.8420894938141695,f
18545,1,0.9021839254713531,-0.1595021304700689,f
18546,1,0.23036682263614577,-0.950875821093964,f
18547,1,1.1168202977158346,-0.8110985402404989,f
18548,1,0.6823094238298435,-0.7662859683012366,f
18549,1,0.05425200206463108,-1.0127040385394008,f
18550,1,0.3424580544908012,-1.0146905318246535,f
18551,1,0.3425140090108938,-0.6152566458158987,f
18552,1,1.2444347036328793,-0.6840752172016167,f
18553,1,1.4036495994905542,-0.4842591118242186,f
18554,1,0.897518969657096,-0.6903992074285086,f
18555,1,1.3726803897252744,-0.28792808174728096,f
18556,1,-0.022002102367532434,-1.0194307430298712,f
18557,1,1.6120315627432167,-0.4698746707547874,f
18558,1,1.0069067245988312,-0.7115474187164994,f
18559,1,1.1709519250269853,-0.7757556503304539,f
18560,1,0.8364483536798266,-1.7027698628482482,f
18561,1,1.1776660015042288,-0.17934000022912464,f
18562,1,1.4750768923556878,-0.33308187891904334,f
18563,1,1.9276286799076014,-0.17965305077223465,f
18564,1,0.5346557191313278,-1.0069349376973695,f
18565,1,1.4699549259200646,-0.4899849753067049,f
18566,1,1.1309728937336978,-0.7040860661969791,f
18567,1,0.6623257679615703,-1.0475560615717328,f
18568,1,-0.1437177772430867,-1.0140087616597877,f
18569,1,0.19365611843391237,-1.0225043053311604,f
18570,1,1.0643042453155924,-0.12225116331327697,t
18571,1,1.5141217435555419,-0.26234782685365127,t
18572,1,0.253019725787994,-1.0064562425789039,f
18573,1,0.12021074367575663,-1.0264148113853198,f
18574,1,1.9032891839045567,-0.4100244530099833,f
18575,1,0.8568178036403237,-0.7249996800033484,f
18576,1,1.2275094023627908,-0.44543970002639777,f
18577,1,1.981069258542935,-0.8278152244629032,f
18578,1,1.1340032917386926,-0.6145157502718365,f
18579,1,1.999696705790886,-0.068955058820368,f
18580,1,1.7697671925919982,-0.7455229274811412,f
18581,1,0.6467962284940545,-1.0315691673427434,f
18582,1,0.060904073836437124,-1.0207522774983249,f
18583,1,0.11967630046980592,-0.9777808378810174,f
18584,1,1.8219613989195673,-0.4366424731893516,f
18585,1,0.3794653193741682,-1.0046499849004833,f
18586,1,0.23571848865384362,-1.2080572543509118,f
18587,1,1.968045759895546,-0.5450779201841476,f
18588,1,0.18782537142117636,-1.0137754021578953,f
18589,1,0.5758169887810763,-1.0347707510567807,f
18590,1,1.067721119654855,-0.2008099353479457,f
18591,1,1.9917190092630455,-0.4666008388501203,f
18592,1,-0.012650286059827135,-1.043648599936628,f
18593,1,1.5013374881333772,-0.1331336108167478,f
18594,1,2.0000410537710986,-0.22827693702728588,f
18595,1,1.2707411333183671,-0.5496285178712781,f
18596,1,0.41736229367402905,-0.49885907291216747,f
18597,1,1.451741617660224,-0.22848908377763158,f
18598,1,1.4712319100355142,-0.5175479841626852,f
18599,1,0,-1.0079027738717827,f
18600,1,1.4965475868890943,-0.11055576768010215,f
18601,1,0.010778651968602398,-1.0051092960711714,f
18602,1,0.6325032977175746,-1.0060074002490704,f
18603,1,0.7697755718569605,-0.6269306203783278,f
18604,1,0.7572153510775022,-0.8734918656624452,f
18605,1,1.9709300176984519,-0.3835143012441963,f
18606,1,1.0689492644510148,-0.36805139344873217,f
18607,1,0.23700339124142958,-1.3292798900063536,f
18608,1,1.2070943458060064,-0.8522247385757356,f
18609,1,1.9915682658054754,-0.6318244317332244,f
18610,1,1.5142835874477663,-0.2657921272653955,f
18611,1,0.09334562429190157,-1.0151336641745332,f
18612,1,0.8191928885661867,-1.1239438266334085,f
18613,1,1.392642624234897,-0.4249713574984928,f
18614,1,1.6683236346058252,-0.5891632415915357,f
18615,1,1.1547692968634293,-0.40624847839793543,f
18616,1,0.9002522623065828,-0.8868656115659144,f
18617,1,1.3562340064206653,-0.7569678175371423,f
18618,1,1.2391113753744238,-0.35829726516850285,f
18619,1,1.3362398481008757,-0.44448726755955736,f
18620,1,-0.04128510353620221,-1.0651556712341455,f
18621,1,-0.03641241130500777,-1.0286506193663936,f
18622,1,1.0794785196706533,-0.56628381359773,f
18623,1,1.0959093905020494,-0.7273299990776264,f
18624,1,1.615758732384111,-0.5530773538355234,f
18625,1,0.2283188642291869,-1.0016569527474357,f
18626,1,1.9932004140007564,-0.394034484924404,f
18627,1,0.28705490282729984,-1.0142606566564616,f
18628,1,1.9693128406828584,-0.7511521835176211,f
18629,1,0.8884902368838342,-0.5452728245050508,f
18630,1,0.38166640883033026,-0.9527931213246283,f
18631,1,1.405937908113266,-0.10639530115454053,f
18632,1,1.9619728973707147,-0.22514443084580163,f
18633,1,1.7873218071634032,-0.24426731364564458,f
18634,1,0.16391394614767016,-1.0208675593408407,f
18635,1,0.7602255999895823,-1.0453101999856331,f
18636,1,1.5438581251223897,-0.23457914975360133,f
18637,1,0.8584238721008711,-1.07718350402334,f
18638,1,0.9129495673558929,-0.08871923695305729,f
18639,1,-0.06934479914003122,-1.0375048794411008,f
18640,1,1.763277891498038,-0.05453436777827171,f
18641,1,0.09232297216245569,-1.0834372321417507,f
18642,1,1.9773687087625338,-0.6036439651121938,f
18643,1,1.3705777822137433,-0.2832527416575061,f
18644,1,0.9509941364330551,-0.8765186920136196,f
18645,1,0.01402526363104193,-1.0771402468617344,f
18646,1,0.31969252854453084,-1.415032503393687,f
18647,1,1.4645741995266335,-0.35073945231383247,f
18648,1,0.7922876149147269,-0.6174013855355315,f
18649,1,1.0019716713413427,-0.027640597830108297,f
18650,1,1.2374531559418518,-0.20670152938895886,f
18651,1,0.2091190829178636,-0.9749837762014019,f
18652,1,1.4220150812745185,-0.571345345154943,f
18653,1,1.7095336351768196,-0.5395106149037051,f
18654,1,1.9602199254906008,-0.44863290882489426,f
18655,1,0.08382689460586978,-1.0059227352704718,f
18656,1,0.003084718878077392,-1.0025336353685768,f
18657,1,0.9045900500871777,-0.24670637729653683,f
18658,1,0.7557137253651007,-0.5416488932874036,f
18659,1,0.29964193856016746,-1.0130751256082267,f
18660,1,0.5338141277198272,-0.8678784528090313,f
18661,1,1.8030146041498152,-0.6190462899801358,f
18662,1,0.9716322786195257,-0.03217325425892091,f
18663,1,0.30203416551648526,-1.0014817067125452,f
18664,1,0.3484372840522625,-1.0013911860997529,f
18665,1,0.26200439284857147,-1.0196074565071154,f
18666,1,1.9576935304992853,-0.39747111073773966,f
18667,1,1.2345754344840187,-0.6116760107216529,f
18668,1,1.5153045549320783,-0.6795736076508552,f
18669,1,0.0829256528216001,-1.0122648654774162,f
18670,1,1.9834369170264343,-0.489502059650757,f
18671,1,1.3781020478874078,-0.24319447903897992,f
18672,1,0.6182800962345774,-1.0288180801343716,f
18673,1,1.3548322585621144,-0.19393225172259,f
18674,1,0.6612904909360036,-1.0175892468282728,f
18675,1,1.9714687449362784,-0.05268341231191521,f
18676,1,0.23560816522214734,-1.0149274809568363,f
18677,1,0.10797586947294681,-1.0287700897004795,f
18678,1,0.19591554540972583,-1.0930025164963952,f
18679,1,0.13251170951081612,-1.0222331876548822,f
18680,1,0.9705498026921415,-0.3896367821026991,f
18681,1,0.2747591795013086,-0.8242775385038978,f
18682,1,1.2722173146453528,-0.3344796695781206,f
18683,1,1.913219943519149,-0.4456610254191398,f
18684,1,1.1024215654615157,-0.08237875434218192,f
18685,1,1.1118400604413117,-0.5397908223805999,f
18686,1,1.1535099642285331,-0.4165452648603317,f
18687,1,0.17253121333710683,-0.9479301146568294,f
18688,1,1.392112832302576,-0.09406167785827121,f
18689,1,0.28978099190127593,-1.0038841505151241,f
18690,1,1.2436708897435398,-0.38227588824085695,f
18691,1,1.973700585642012,-0.02853543015383586,f
18692,1,1.4651362046706702,-0.25896515719499,f
18693,1,1.9526378273199212,-0.6834232395619607,f
18694,1,0.9877195040536629,-0.3751802767335507,f
18695,1,1.3758464829878465,-0.2806726825295262,f
18696,1,1.4166109077348072,-0.5972270018352395,f
18697,1,0.3171606721719144,-1.0043421285444174,f
18698,1,1.273839315110354,-0.1685557445156865,f
18699,1,0.4786399684424066,-1.0477690851475963,f
18700,1,0.23878822321489454,-1.0123625713381923,f
18701,1,-0.022261138664444576,-1.0100991668995705,f
18702,1,-0.041489069799750186,-1.2512229997502091,f
18703,1,0.11641067384027158,-1.0123571100039908,f
18704,1,0.9396578854608175,-0.2080671032091789,f
18705,1,0.33082424924494447,-1.0053955699710204,f
18706,1,1.9579052865762445,-0.7728573499643026,f
18707,1,1.1660241836041254,-0.7071515486116274,f
18708,1,2.1354173289314997,-0.44991497181891627,f
18709,1,1.3858429904043235,-0.9119375536311815,f
18710,1,0.1619454069154704,-1.0020372052894464,f
18711,1,0.14490404751124045,-2.563996618462585,f
18712,1,0.9948163646380378,-0.6191514437257668,f
18713,1,0.6641970287585509,-1.006461824190235,f
18714,1,0.36365034370885474,-0.9341160487686886,f
18715,1,0.052661808042757004,-1.0083761021520805,f
18716,1,1.2307995466516175,-0.35363261452750544,f
18717,1,0.21105467749731577,-1.0064181380659514,f
18718,1,0.9196094987442669,-0.4970862155374329,f
18719,1,0.07918932405263646,-1.0217354249717714,f
18720,1,0.12274543024037363,-1.007804585131368,f
18721,1,1.2571022410355084,-0.7918754274239417,f
18722,1,0.06820113141756899,-1.0912181026813201,f
18723,1,0.4775096362338697,-1.0509893464166804,f
18724,1,1.2563418136145383,-0.08871115859491488,f
18725,1,1.1700411430483024,-0.8910909367586222,f
18726,1,1.800803412975023,-0.22572053798997252,f
18727,1,1.1872765471059348,-0.057699420980857966,f
18728,1,1.3258156298113273,-0.15499266446453214,f
18729,1,0.9472070330939182,-1.0045574589257824,f
18730,1,1.2293771554686395,-0.16581517492016457,f
18731,1,0.2204684334453232,-0.837063076576982,f
18732,1,0.5198865188420608,-0.9141337956305978,f
18733,1,1.756848819195505,-0.3097539640842786,f
18734,1,0.5442151014280607,-0.8042824950308785,f
18735,1,0.6445827051725793,-1.041078595983159,f
18736,1,1.8911341345029933,-0.4533227102077327,f
18737,1,0.7478841045695298,-0.5953411710595874,f
18738,1,0.784468988960943,-1.0040288226059764,f
18739,1,0.32854516027888137,-1.0051048236679225,f
18740,1,0.9131964195366475,-1.032829138253225,f
18741,1,0.6521483415999786,-1.0019369975490153,f
18742,1,0.6256220522133108,-0.979043632586442,f
18743,1,0.0431595304405181,-1.064601750865885,f
18744,1,-0.02411214395311328,-1.0207474273493247,f
18745,1,0.9239215343310502,-0.4346527415202581,f
18746,1,0.2726721935536682,-1.0398515855859491,f
18747,1,2.2929401114449557,-0.3583427671694467,f
18748,1,0.8474645574580852,-0.5606962476111531,f
18749,1,1.549675642101806,-0.0677700718120251,f
18750,1,2.0472926532752607,-0.019236306809301846,f
18751,1,1.2374874361668504,-0.475788820254622,f
18752,1,1.9718627360667236,-0.10711353134189516,f
18753,1,0.10186203235512815,-1.0016433181588096,f
18754,1,0.9479958934580085,-0.5682664459384282,f
18755,1,0.5291403304025497,-1.0002042830779923,f
18756,1,1.2555696159081535,-0.12682521372808114,f
18757,1,0.09237905289612432,-1.060159607046069,f
18758,1,1.4102678586675856,-0.3537305520090196,f
18759,1,1.975825950609427,-0.9652890140382124,f
18760,1,1.3683157927765393,-0.4031044888703476,f
18761,1,0.2800831387421814,-1.5083165750296095,f
18762,1,1.9803879880529192,-0.8926379355016826,f
18763,1,0.9422807575193947,-1.0583588218514954,f
18764,1,0.22506286220642602,-1.0085364108306079,f
18765,1,2.0087956001309095,-0.5821317655703092,f
18766,1,0.4107849860786811,-0.5338311800653689,f
18767,1,0.12112736531690063,-1.0416953417254629,f
18768,1,1.4191545805532222,-0.6758984990850722,f
18769,1,1.0924802841062322,-0.3456882058403546,f
18770,1,2.0073706965390747,-0.007735532549291302,f
18771,1,1.9469609321922,-0.09540461918182902,f
18772,1,1.9844122611791457,-0.20803011419403888,f
18773,1,0.9352622094847483,-0.7840151855086858,f
18774,1,0.6364906957336753,-1.0094344627651444,f
18775,1,0,-1.0020736086183761,f
18776,1,1.173456489042172,-0.46584453585092206,f
18777,1,1.0272083383537525,-0.8941347690473779,f
18778,1,1.4836677675709877,-0.44995276201856255,f
18779,1,0.7429573113270628,-0.36383506192559095,f
18780,1,0.04794188934482042,-1.0760290719615664,f
18781,1,1.3047900487849367,-0.14403526512561415,f
18782,1,1.2723608340271608,-0.026324706910917074,f
18783,1,0.37830461720459063,-0.9732452117827507,f
18784,1,0.5289153092456775,-1.0164821904069996,f
18785,1,0.014150745086721431,-1.5618884889474842,f
18786,1,0.5880880426614044,-1.0123632600689347,f
18787,1,1.229290060849424,-0.30278080316488243,f
18788,1,2.075526019285662,-0.73308169898258,f
18789,1,0.6940084979229679,-0.44743462041739995,f
18790,1,0.7964272092944629,-0.4953777241811469,f
18791,1,1.3412229319445559,-0.9818209282565991,f
18792,1,0.589622490147375,-0.8680016330366271,f
18793,1,1.2101379975080946,-0.4169203348305289,f
18794,1,1.490326822410862,-0.2905668647467748,f
18795,1,1.326652715650485,-0.7651292721925944,f
18796,1,0.9816423173866702,-0.2994840968298273,f
18797,1,0.9678844822710648,-0.08926240252409585,f
18798,1,-0.013608147459900051,-1.0801467046299797,f
18799,1,0.6999112194133617,-0.6628966837713274,f
18800,1,1.382703662002998,-0.08542565727892949,f
18801,1,1.9731776021366203,-0.4282215221658018,f
18802,1,1.0986694709886788,-0.08878137139303202,f
18803,1,-0.03154253771061983,-1.014927536924036,f
18804,1,1.2505530217193845,-0.08684395984163383,f
18805,1,0.9055349058236435,-0.6902567961372601,t
18806,1,0.33306494015044996,-1.0010872348840354,f
18807,1,1.1223143615841833,-0.10472299500698053,f
18808,1,1.5387293476396489,-0.4723445316480975,f
18809,1,1.3274704374387618,-1.6614930312748282,f
18810,1,0.6251452438126665,-1.0172818058406186,f
18811,1,1.7138026929924624,-0.1630670472810016,f
18812,1,0.07825560975979179,-1.0434081301304727,f
18813,1,1.9800568593812495,-0.36045116705472013,f
18814,1,0.03371777989634753,-0.9280417514326124,f
18815,1,0.16811800790067283,-1.440707485427148,f
18816,1,0.6309547637726941,-0.9700274069081676,f
18817,1,1.9729065925721248,-0.6834641166614411,f
18818,1,0.049329198441077506,-1.0306278960012827,f
18819,1,1.6442013653910579,-0.26630009844370295,f
18820,1,0.8341563218115069,-0.6685082579056835,f
18821,1,0.5895866383873638,-0.5131587408186166,f
18822,1,1.0421686304973177,-0.3940190124251814,f
18823,1,2.010464581388595,-0.4306438925814537,f
18824,1,1.9983070783990502,-0.43792687037254385,f
18825,1,0.7397340580115699,-1.0320483228710011,f
18826,1,1.2975691912915988,-0.38291902008744144,f
18827,1,0.5223371838733624,-1.0298111145470732,f
18828,1,0.9680641307586183,-0.8610544710603807,f
18829,1,1.755504708915657,-0.10201480148663121,f
18830,1,0.6686411229272038,-0.6304330587599236,f
18831,1,0.6508063843590467,-0.39442811173272657,f
18832,1,0.9624835151589528,-0.16118144990701097,f
18833,1,0.05574761381956226,-1.0220395866918888,f
18834,1,1.3425971026468309,-0.06361979734764653,f
18835,1,1.0610018272503212,-0.2972855361377896,f
18836,1,2.002749338037349,-0.6287386284501518,f
18837,1,1.436530310689136,-0.20032349286676832,f
18838,1,1.5628397245928785,-0.9433356896191261,f
18839,1,0.11825932081450964,-1.0031652731161493,f
18840,1,1.8606671557217604,-0.49897590391536734,f
18841,1,-0.0331943311915103,-1.0171691486539303,f
18842,1,1.5145182644176949,-0.7235256224790996,f
18843,1,0.33843410329113716,-1.0240549159929695,f
18844,1,0,-1.0140629538573616,f
18845,1,0.1497526892789419,-1.017707051630397,f
18846,1,1.4419604823050147,-0.3632211063382129,f
18847,1,2.2038142905159845,-0.40114935891077247,f
18848,1,1.7769532638710903,-0.21323439166452676,f
18849,1,0.34927969751066534,-0.989200895139706,f
18850,1,1.9961209320146294,-0.3812815263398489,f
18851,1,1.9567711340988265,-0.35183989963048773,f
18852,1,0.8005172611917615,-0.7979999113138113,f
18853,1,0.4630137373801261,-0.9398901615081897,f
18854,1,0.9309531502810696,-0.47517400378932356,f
18855,1,0.8357311204328166,-1.0049931195078314,f
18856,1,0.6871145607876495,-1.0576175102320169,f
18857,1,1.3262771416736532,-0.15353454595728697,f
18858,1,1.9721393580860842,-0.0858656181189254,f
18859,1,1.990969705119075,-0.13678417821428415,f
18860,1,0.06015117288182784,-0.8571542135661468,f
18861,1,0,-1.0724801342049572,f
18862,1,1.0365116562979189,-0.2638393306939877,f
18863,1,0.9655150153420855,-0.36716768189063653,f
18864,1,1.1979510217247578,-0.2876268542260064,f
18865,1,0.9240006512249153,-1.0161297484145306,f
18866,1,1.8613211970644628,-0.02128962153502164,f
18867,1,1.9882329614139174,-0.1732971014659865,f
18868,1,0.9836547338139034,-0.6446405696796109,f
18869,1,0.9738085973979601,-0.3113922840516706,f
18870,1,1.4280663205837723,-0.30048250129420734,f
18871,1,0.24122518228040002,-1.0306894151980783,f
18872,1,0.4979856918618585,-1.0977695638281013,f
18873,1,1.525176779722707,-0.4159573035607442,f
18874,1,0.2255234974457615,-1.0261319133783524,f
18875,1,0.0739610706210193,-1.0418863861392953,f
18876,1,1.8054362535790922,-0.19789316292984274,f
18877,1,1.5436381470878566,-0.023070678828770053,f
18878,1,1.2987718814232143,-0.5330975126968313,f
18879,1,1.3989690886286636,-0.5242684947523722,f
18880,1,1.6743265981510191,-0.4314391063494915,f
18881,1,0.8264917664241507,-0.9207894847410026,f
18882,1,1.007841893552928,-0.35446407804748015,f
18883,1,1.9636946486819586,-0.11748600462199037,f
18884,1,0.3325516318490458,-1.0483831105749792,f
18885,1,0.5685706633193311,-0.99274242801784,f
18886,1,1.156149409008722,-0.3223645102686618,f
18887,1,0.03198163462871036,-1.0020912183661792,f
18888,1,-0.04148956322255708,-1.0294597874593898,f
18889,1,1.1217898141203866,-0.6218617447841436,f
18890,1,0.13583998915499865,-1.012842024401372,f
18891,1,0.9170784135852634,-1.0181921873908275,f
18892,1,1.2747326586261964,-0.08283461319593248,f
18893,1,0.4634923681806017,-1.013215874627353,f
18894,1,1.0168023235146082,-0.4535735854893335,f
18895,1,0.9706633771239883,-0.33639392170170773,f
18896,1,1.4071541342790368,-0.31660968021277414,f
18897,1,1.3668287751642831,-0.08714680110106265,f
18898,1,1.6799386719535756,-0.7502191877491431,f
18899,1,0.5717123270633149,-1.0053415920817355,f
18900,1,1.8341642805222127,-0.263835525828901,f
18901,1,-0.02627352155244435,-1.0062758754587293,f
18902,1,1.721482157507274,-0.049522089462548456,f
18903,1,0.8780015686749622,-0.46290054050486806,f
18904,1,0.9723557068145254,-0.6259106806335689,f
18905,1,0.6563304450877209,-0.2703896551945946,f
18906,1,0.5946761246522864,-1.0305794975769786,f
18907,1,1.9651120707186682,-0.07203489995302191,f
18908,1,1.205595609972004,-0.8350954956879453,f
18909,1,0.28180868476590926,-1.0225629418648996,f
18910,1,0.6932798597707216,-1.1066316252188968,f
18911,1,1.9649791330768553,-0.4178266686372505,f
18912,1,1.4154236688021251,-0.06696628110461543,f
18913,1,1.2006499611653612,-0.19502943531619016,f
18914,1,0.5679669815388131,-1.020902675677327,f
18915,1,0.6927709659038428,-0.597514958092052,f
18916,1,0.15289285821691098,-1.019285721445935,f
18917,1,0.24260152698734622,-1.0020497853825696,f
18918,1,0.21232448249652613,-1.0185836660306984,f
18919,1,-0.019959915517524556,-1.0094014418860608,f
18920,1,0.7243967841956839,-0.46835998978167753,f
18921,1,0.9311106200465803,-1.02089628697964,f
18922,1,1.9757212885091309,-0.6330552563777356,f
18923,1,0.7376277610498502,-1.0508268500670108,f
18924,1,0.4020793431304289,-1.0038669692726663,f
18925,1,1.3694151900826046,-0.6523395996393316,f
18926,1,0.3282547335874321,-1.0229333558305977,f
18927,1,1.3866010193267062,-0.2209722739962931,f
18928,1,1.4066929986838212,-0.33785203025156757,f
18929,1,1.3124360095350056,-0.724512186259146,f
18930,1,0.08691906509635851,-1.2226615156889113,f
18931,1,0.694460201713691,-0.7761614019152846,f
18932,1,1.701056101336067,-0.5724086120465227,f
18933,1,1.5026438842274383,0.006313629765667838,f
18934,1,-0.058769953295161104,-1.0129174303224577,f
18935,1,-0.006892178393917924,-1.0131502239049401,f
18936,1,1.203701037972083,-0.38342435152113313,f
18937,1,0.9566025327423028,-1.1899202236550932,f
18938,1,1.4658828993878612,-0.35078520744104846,f
18939,1,0.9129943077383679,-0.7244085982710925,f
18940,1,0.7585819764150413,-1.061267395575718,f
18941,1,1.2793053986316965,-0.2014654171073606,f
18942,1,1.5763662037824906,-0.7760572080159833,f
18943,1,1.5760829343986371,-0.28798857605290323,f
18944,1,1.2157774458504922,-0.07033423240455088,f
18945,1,1.7572478208707547,-0.46312512662197625,f
18946,1,0.7012105360397519,-0.8305117696357565,f
18947,1,1.3652057272722604,-0.13033517461012878,f
18948,1,0.2120003257718788,-1.0267967585577553,f
18949,1,0.3174015636878785,-1.0254512057608358,f
18950,1,0.1018112413958657,-1.412630974367386,f
18951,1,1.4243453263784505,-0.14215579578337223,f
18952,1,0.12101403747717858,-1.0299639189725445,f
18953,1,2.0114806263138583,-0.29155168628594363,f
18954,1,0.20744120157896886,-0.8358067830609114,f
18955,1,0.5719479053734852,-0.9848987096392948,t
18956,1,0.2377659251361434,-1.0284758622168555,f
18957,1,1.1145910906699301,-0.4004686582055101,f
18958,1,0.6104019460708545,-0.8850828218027237,t
18959,1,1.4881657562358694,-0.10055174028619633,f
18960,1,1.112101240238274,-0.8683530231997441,t
18961,1,0.3151543039620887,-1.0116717992732214,f
18962,1,0.5898650639823642,-1.0375305143261278,f
18963,1,0.10601761966594367,-1.4786668006037604,f
18964,1,-0.06552681757392431,-1.0559898678257869,f
18965,1,0.37395739290198465,-0.6685128736124446,f
18966,1,0.962475019885268,-0.6632440040875974,f
18967,1,1.1418730473727388,-0.2502006211026347,f
18968,1,0.19835565256021598,-1.0504468360935513,f
18969,1,-0.005823452482269216,-1.0365745418486076,f
18970,1,1.946599917804706,-0.3341802433999412,f
18971,1,0.8389298471891917,-0.23366166884799697,f
18972,1,0.985179922439756,0.071432985312857,f
18973,1,0.899930235772821,-0.4322927718666926,f
18974,1,1.8277174712596633,-0.2374081412846227,f
18975,1,0.4704523104365726,-1.0221337967758688,f
18976,1,1.1564020662113919,-0.4867645906610718,f
18977,1,1.9886580297376557,-0.48315047433893704,f
18978,1,0.6352763411559352,-1.0175188854107668,f
18979,1,0.7400650260217932,-0.6697282673502497,f
18980,1,0.6583058594774083,-0.40947254417253337,f
18981,1,0.29673090969912524,-1.0130812876595738,f
18982,1,-0.048796900939466,-1.3837406909260095,f
18983,1,0.25949805995652275,-1.0029249344264515,f
18984,1,0.6067871038661394,-1.0572241564293168,f
18985,1,0.7303421555517753,-1.0406429677551385,f
18986,1,0.5184082601246399,-0.6888438524943559,f
18987,1,0.5950641649915359,-0.6229034241724545,f
18988,1,1.2097413378104958,-0.2771543622228185,f
18989,1,0.20173901731506624,-1.0611472310770935,f
18990,1,1.0414509562086973,-0.0950228974642841,f
18991,1,0.15843167188100382,-1.5526303844335472,f
18992,1,0.9977534470494701,-0.1409041127512504,f
18993,1,1.952320633779804,-0.17645974959162564,f
18994,1,0.6588565820243626,-0.3256847877052417,f
18995,1,1.0517295212283673,-0.26904708682585615,f
18996,1,1.9762806197528795,-0.013087951124204246,f
18997,1,0.7733335925478904,-0.2510823352428273,f
18998,1,0.9641351750703423,-0.3415546135899305,f
18999,1,0.5115701617481969,-0.5035768779709174,f
19000,1,0.10259925924299833,-1.0457232192073465,f
19001,1,1.4303415339912717,-0.24661060930886353,f
19002,1,0.0038261835166432216,-1.006286264870583,f
19003,1,0.5778066713758956,-0.4847371404160123,f
19004,1,0.16793030926956434,-1.0701999370399689,f
19005,1,1.3348070039784357,-0.09909047627787655,f
19006,1,1.3218866067523367,-0.0993673303481078,f
19007,1,0.7824593026117098,-1.0010410511145686,f
19008,1,1.9988878488105424,-0.4499943281172363,f
19009,1,0.3143104213976323,-1.0433809864952048,f
19010,1,0.5296157956937994,-0.9331325924128959,f
19011,1,1.1670952321864287,-0.6934913698498928,f
19012,1,0.3221363787907104,-1.0321512544927147,f
19013,1,1.0859826877473437,-0.34614046738416443,f
19014,1,0.8871204459801201,-0.49703911512361365,f
19015,1,1.792172841934798,-0.10801041681303072,f
19016,1,0.901534760485074,-0.9015347604850273,f
19017,1,1.398937548672673,-0.32224848682162754,f
19018,1,1.1787658764713953,-0.261947972549162,f
19019,1,1.751580805621626,-0.875790402810813,f
19020,1,0.9863163774550726,-0.11849737396986984,f
19021,1,1.84253262446392,-0.278186298203394,f
19022,1,0.8952410484536113,-1.0460184881931598,f
19023,1,0.13316514953692474,-1.007616298162839,f
19024,1,1.7078730292481767,-0.43990668935181615,f
19025,1,1.52833733021589,-0.5707795434712752,f
19026,1,1.0972528610929018,-0.13945019639305206,f
19027,1,1.9966684481044639,-0.16083183963121153,f
19028,1,1.0635182994071561,-0.14390841675147198,f
19029,1,2.5774419578088357,-0.16082560656275632,f
19030,1,0.4146891586381644,-1.0032802225116737,f
19031,1,-0.01814505260239689,-1.00886492469338,f
19032,1,-0.022360001186883534,-1.0546467226469516,f
19033,1,0.5604010672169961,-0.8425340182986044,f
19034,1,0.34927635307814864,-1.0478290592345494,f
19035,1,0.3296537666813275,-1.0143192820963318,f
19036,1,1.3224445973666348,-0.5647450237864575,f
19037,1,1.4055235212403523,-0.4670391637977087,f
19038,1,1.9447528039140525,-0.397790346255156,f
19039,1,1.0034436398882973,-0.7478495051997246,f
19040,1,0.23747592860907646,-1.0828902344575362,f
19041,1,1.6234096765389967,-0.6536929630863688,f
19042,1,1.4846456357312703,-0.2262970253077637,f
19043,1,1.508582527040883,0.0338584607066248,f
19044,1,1.9699722087180334,-0.3156309063691986,f
19045,1,1.9204860876069878,-0.2142691089479271,f
19046,1,1.6897254135964466,-0.16980083813102548,f
19047,1,0.7367236442152687,-0.17250114596261273,f
19048,1,0.5596894835296755,-1.0043742786628138,f
19049,1,0.40400758838652623,-1.2225620935522619,f
19050,1,-0.003385207466416576,-1.6553664510852224,f
19051,1,2.0610555513596975,-0.2651281260554817,f
19052,1,0.3416588719157115,-1.362080036037349,f
19053,1,0.8870237522707473,-0.27163600001789134,f
19054,1,1.004940855216246,-0.03732637462233966,f
19055,1,0.24639567323388142,-1.0180031762556216,f
19056,1,1.812621154003229,-0.4150228473940825,f
19057,1,0.5844181773106427,-1.0083484613701996,f
19058,1,1.9917736664321126,-0.21017092259431228,f
19059,1,1.3755050306061993,-0.21300471602562562,f
19060,1,1.9689104348729323,-0.3602535397140552,f
19061,1,1.5975870273040107,-0.49794920331552733,f
19062,1,2.019614590076581,-0.2952866097404716,f
19063,1,0.9656851478555892,-0.14882134127913904,f
19064,1,0.08746688579952656,-1.004249429550145,f
19065,1,0.6550969505454552,-0.8983260163420057,f
19066,1,0.8101377021134832,-0.3674553148871819,f
19067,1,0.11780711959247125,-1.0013605165359147,f
19068,1,1.8483807930220444,-0.4937912587856388,f
19069,1,0.8028327601208654,-0.5870935602645972,f
19070,1,0.6925213974400238,-0.48195745902918224,f
19071,1,1.9679880586427085,-0.12299925366516928,f
19072,1,1.9729354018553247,-0.33655956855180374,f
19073,1,1.5193482771405147,-0.11728302490207294,f
19074,1,0.5345563979338972,-1.030134725185107,f
19075,1,0.8446833940071022,-1.018588798655634,f
19076,1,0.3128856069964028,-1.8378232255612408,f
19077,1,1.0630253626094788,-0.45010983822204625,f
19078,1,1.8788745774053899,-0.4141441532044374,f
19079,1,1.7212800311155836,-0.36884572095333934,f
19080,1,0.4676320214033818,-0.7387230483039507,f
19081,1,0.9773950256096919,-0.4762729997674224,f
19082,1,0.3217878281969453,-1.0256987023777546,f
19083,1,1.944182221419687,-0.4387491969663617,f
19084,1,1.9489639784440975,-0.14845624054554665,f
19085,1,1.1842140952296067,-0.3643735677629397,f
19086,1,0.07503397532947798,-1.105935549421666,f
19087,1,1.1177405188148952,-0.38637943860264246,f
19088,1,0.8236514003018829,-0.6192199376370368,f
19089,1,0.07538238448496139,-1.0011722939409287,f
19090,1,1.6441497232145021,-0.10695678986116544,f
19091,1,1.5663378694965824,-0.31564983681868547,f
19092,1,1.972781667140266,-0.1023344957017758,f
19093,1,0.63533923552821,-0.6897968842877921,f
19094,1,0.5110075983511183,-1.0026098448661696,f
19095,1,1.6706181315276343,-0.3969071154817713,f
19096,1,1.3973758338091475,-0.9671574983404584,f
19097,1,0.1481632132682631,-1.029344429021681,f
19098,1,0.5872285431092809,-0.2872034795992997,f
19099,1,1.228826342747162,-0.44716603303406605,f
19100,1,1.4849904109351608,-0.9525105531165389,f
19101,1,0.01516969110366508,-1.0042335510627496,f
19102,1,1.8196231805470109,-0.4215822019666044,f
19103,1,0.9042259029790484,-0.6642153237932609,f
19104,1,0.6619612661154595,-0.6003080109380655,f
19105,1,2.4213369775493763,-0.08647632062676189,f
19106,1,1.2565863586838453,-0.15779052449228034,f
19107,1,0.5735220934907529,-0.6368558216062806,t
19108,1,1.6112755491254778,-0.9683928805349657,t
19109,1,1.0357051356778102,-0.5969140285776585,f
19110,1,0.2661466224959799,-1.024664496609484,f
19111,1,0.16726757434022277,-1.055072391992265,f
19112,1,1.3402097004507354,-0.34149574098025987,f
19113,1,1.1293849311075854,-0.42181846824500957,f
19114,1,0.7280991496975073,-1.7929842496956587,f
19115,1,1.0530557939457128,-0.121173543412923,f
19116,1,0.08882857772615235,-1.2693890300865087,f
19117,1,0.4627039122146942,-1.0214407118701727,f
19118,1,0.29768188687108355,-1.1612540933387498,f
19119,1,1.2148778804947358,-0.7240793352574495,f
19120,1,1.0795879053064563,-0.14915359218048663,f
19121,1,0.7875746595076926,-1.111235478483457,f
19122,1,-0.019109528556864434,-1.1041060943961847,f
19123,1,0.012255480671711963,-1.0319114725582723,f
19124,1,0.6416528960253545,-0.9486506178306054,f
19125,1,0.31008526615714715,-0.7424156853186351,f
19126,1,1.364286710154672,-0.36730796042625485,f
19127,1,1.970806216327691,-0.7058672026783541,f
19128,1,1.4695113095992862,-0.14660207839231781,f
19129,1,2.0146535585859073,-0.4382635903163325,f
19130,1,1.7774241378040503,-0.22690520908134132,f
19131,1,0.21232298990844747,-1.0009512381398058,f
19132,1,1.8243381289198612,-0.3411930088438286,f
19133,1,1.0979997171025475,-0.6486532982222869,f
19134,1,2.0251470562864697,-0.27615641676636826,f
19135,1,1.0640121143037418,-0.09875561539945915,f
19136,1,1.0565898750962512,-0.4814048543337834,f
19137,1,0.3336769603122227,-1.0199182560486286,f
19138,1,1.963753718244426,-0.2042303866974334,f
19139,1,1.4063127430516291,-0.0098114842538403,f
19140,1,0.01860829771359882,-1.0420646719624294,f
19141,1,0.11115355256277376,-1.0067336046400923,f
19142,1,0.864483251240127,-0.44365932893833154,f
19143,1,0.4742962395176344,-1.0363047973022252,f
19144,1,-0.03125704693704363,-1.031482548922054,f
19145,1,0.3477604935175661,-1.0066751128140115,f
19146,1,1.3459031095614031,-0.1560970101295657,f
19147,1,1.9540948244750158,-0.34993542069497297,f
19148,1,1.275155026070446,-0.16786105424020625,f
19149,1,1.2567071179143976,-0.11095252032036698,f
19150,1,1.3384075492447483,-0.11553318818182402,f
19151,1,1.2919215225549368,-0.46635215936128566,f
19152,1,0.9263536588628889,-1.043613615680993,f
19153,1,2.027728426294863,-0.10052825329876963,f
19154,1,0.7971948663624349,-0.7494177767688006,f
19155,1,0.9919719412190471,-0.4093001343048027,f
19156,1,0.272223362447739,-1.0220749880992668,f
19157,1,0.9131346297314462,-0.8427066928638849,f
19158,1,0.09226070381605177,-1.001299991415387,f
19159,1,0.15283323643636568,-1.0114781465969391,f
19160,1,0.5853385772861774,-0.9875854668903984,f
19161,1,1.4975365693039349,-0.3305502984068111,f
19162,1,1.3302304128806874,-0.7381318458699133,f
19163,1,0.8477246131682736,-1.0135837766142162,f
19164,1,1.068268003144237,-0.4466813312895252,f
19165,1,1.969047275442929,-0.24866834148634123,f
19166,1,0.22302668666472383,-1.0010267564254434,f
19167,1,1.3102189269178215,-0.08521749118164283,f
19168,1,1.1335877398674188,-0.41408256818992134,f
19169,1,0.5306940612776634,-1.0181920943118543,f
19170,1,1.9629862930860438,-0.42755027369281995,f
19171,1,1.076468560026981,-0.13455857000339597,f
19172,1,1.0019205850433806,-0.8278163522325899,f
19173,1,1.0296284590434084,-0.852880249452817,f
19174,1,1.1487171507523826,-0.9937739071625483,f
19175,1,1.6236752158462435,-0.12107711934608845,f
19176,1,0.8910483952262788,-0.4164349888342378,f
19177,1,1.0674614829918092,-0.8434981745711996,f
19178,1,1.7103960606750144,-0.6480698298248688,f
19179,1,0.5031269813497976,-1.050570847067224,f
19180,1,0.9445153685083396,-1.0032140637263716,f
19181,1,1.0395267058963278,-0.8182413180074867,f
19182,1,1.054421151680965,-0.3000833042643053,f
19183,1,1.1071944124833375,-0.11716342989243611,f
19184,1,0.015270686567473022,-1.007865313453355,f
19185,1,1.322481185604709,-0.16971308192991322,f
19186,1,0.7499594860618257,-0.6554267777347128,f
19187,1,1.5866143156812222,-0.6608166840569257,f
19188,1,0.9670224517685799,-0.9603990103181036,f
19189,1,0.12072926623957625,-1.0122684630856726,f
19190,1,-0.019522372888441747,-1.028178305458787,f
19191,1,1.4717358890890866,-0.741062306506049,f
19192,1,0.8818185615128554,-0.2827204548362086,f
19193,1,1.415706270061964,-0.17180901335701504,f
19194,1,1.7285610606963309,-0.15911440726074846,f
19195,1,1.780213850006609,0.006450050181154047,f
19196,1,0.8123817892733286,-0.6078459487116106,f
19197,1,0.14893081005241932,-1.0004265283955407,f
19198,1,0.7308563701100229,-0.62981631894275,f
19199,1,0.9430967957200876,-1.03941306421912,f
19200,1,0.22382936200718384,-1.0090667959340376,f
19201,1,1.9485185385690036,-0.6191554234704879,f
19202,1,1.2292332961353547,-0.4997538646583162,f
19203,1,0.5976870009753957,-0.43280782829255027,f
19204,1,1.2382429983371275,-0.648086247667707,f
19205,1,1.561998564066276,-0.26481056737240205,f
19206,1,0.15482915012214554,-1.0158302776305979,f
19207,1,0.11045777856699587,-1.0513944108043816,f
19208,1,1.9781514092260735,-0.5008511014849057,f
19209,1,1.0964419936680312,-0.3234109477726011,f
19210,1,0.6139958712433258,-1.072728418724009,f
19211,1,0.07896334113350065,-1.012166463620312,f
19212,1,1.4264988249921051,-0.9473969469013387,f
19213,1,1.0554256985223898,-0.4596208687113435,f
19214,1,1.529561842223714,-0.3003671291375511,f
19215,1,1.1985174620309103,-0.6301148716368693,f
19216,1,0.6035620563151376,-0.47070248417030897,f
19217,1,1.9555212143135223,-0.1649719542939486,f
19218,1,0.6489506267125239,-0.9341582269873829,f
19219,1,0.4340280827356922,-1.0113673248652815,f
19220,1,0.37485966710830637,-0.9073307851599187,f
19221,1,1.9411129470276405,-0.3235188245045906,f
19222,1,0.1701370153233181,-1.0172775707872772,f
19223,1,1.4022765465823699,-0.21806460335623692,f
19224,1,1.3521757262131449,-0.04565788166432689,f
19225,1,1.6486746609309528,-0.23752092572734265,f
19226,1,0.5016051123720099,-1.0843522282160487,f
19227,1,0.41439285364333617,-0.8249128768788084,f
19228,1,1.4712131407489197,-0.30208909823375113,f
19229,1,1.0203639469082577,-0.413661059557403,f
19230,1,0.33707303286387086,-1.606568870922763,f
19231,1,0.3129895129491324,-1.0201139681305247,f
19232,1,1.2118643663867985,-0.9563011326589481,f
19233,1,1.0098768983100268,-0.43126415586196865,f
19234,1,1.118227227719757,-0.39666844226545755,f
19235,1,0.09808004926866451,-1.0025960591908556,f
19236,1,0.03358708403007286,-1.0034141353988169,f
19237,1,-0.03247534207581939,-1.150554976402011,f
19238,1,0.6137662015341598,-0.6247919416815119,f
19239,1,1.9709226127596633,-0.8823316347819463,f
19240,1,1.390356851048164,-0.4613165588731214,f
19241,1,0.48095400256357396,-0.6065763166660253,f
19242,1,0.3550105381901306,-1.0411653599021244,f
19243,1,0.8962632126072844,-0.42177092357987267,f
19244,1,0.4917313709566789,-1.0141959525980941,f
19245,1,1.46979743864453,-0.3781934929845563,f
19246,1,0.8828738220127438,-0.33956685462030056,f
19247,1,0.3149156788534135,-1.0059806407816485,f
19248,1,0.012780221188056653,-1.0096374738535905,f
19249,1,1.3600875561937076,-0.5516974875828075,f
19250,1,-0.05396610721603914,-1.0469424799912632,f
19251,1,0.08508357767238907,-1.0326052381148938,f
19252,1,0.33206179552159965,-1.028320399034644,f
19253,1,0.24363906521048848,-1.0025148420956222,f
19254,1,1.974296360521167,-0.6946598305537273,t
19255,1,0.5619870156022811,-0.8063291962988898,t
19256,1,0.48250248558047104,-0.9285896892304034,t
19257,1,0.2871032790847553,-1.0260412268930943,f
19258,1,0.41708494413110114,-1.35888965668521,f
19259,1,0.07056258219675893,-1.0293835520468306,f
19260,1,0.13561057735859372,-1.0192665975660729,f
19261,1,1.4080427224771908,-0.2552592069987633,f
19262,1,0.8686756690472575,-0.43007962045964376,f
19263,1,1.6407208118038816,-0.3557118291173857,f
19264,1,1.2479140177966925,-0.5320260389352736,f
19265,1,1.9274958282976582,-0.19274958282977,f
19266,1,1.8778185343298746,-0.276996220581244,f
19267,1,0.12340080876529431,-1.0052651250635674,f
19268,1,2.2100731323647795,-0.3299972211339311,f
19269,1,1.0640337377895792,-0.50121589227455,f
19270,1,0.5819947316872706,-0.7915942329592791,f
19271,1,0.15267838714994153,-1.0006306603980273,f
19272,1,0.5197146274244551,-1.0317107207782565,f
19273,1,1.226146242778496,-0.552470490999026,f
19274,1,0.4029381488406967,-0.6907511122982939,f
19275,1,0.629401162893679,-1.0025192175431874,f
19276,1,0.4373790577625336,-1.0143471765130923,f
19277,1,0.11343193707941286,-1.0334909822790366,f
19278,1,1.3772082896790514,-0.44868324369633233,f
19279,1,0.28733047956903585,-0.8956152182310906,f
19280,1,0.15773986762444178,-1.0089399080128822,f
19281,1,0.40897636015810157,-1.0424887611873004,f
19282,1,1.5300706947142428,-0.1058262151963812,f
19283,1,1.9689274456488224,-0.14406786187673576,f
19284,1,1.6507977814866057,-0.5254652093182813,f
19285,1,1.0956242059691488,-0.6286796039013537,f
19286,1,0.8289527197608048,-0.7618853476119078,f
19287,1,0.037940465010850494,-1.031087931471343,f
19288,1,1.9790818968432053,-0.3029705619858469,f
19289,1,1.2290083307141884,-0.445491096029933,f
19290,1,1.1660126693747743,-0.19311320939329393,f
19291,1,0.6577629741923439,-1.0250139681164416,f
19292,1,1.7136861990334058,-0.422821268062166,f
19293,1,0.7490253524916198,-0.8133193741647504,f
19294,1,0.11468489916234466,-1.0096768573312083,f
19295,1,1.4705629620726635,-0.5190222219080076,f
19296,1,-0.016782329039610383,-1.0181279617372223,f
19297,1,0.4679108558040146,-0.5365377813219732,f
19298,1,0.36648168240687246,-1.183098474726504,f
19299,1,1.516318840510762,-0.5019296161876061,f
19300,1,0.6545308563803801,-0.9981595559800779,f
19301,1,1.8364423345498362,-0.634286592945819,f
19302,1,-0.007149563261391109,-1.025962328008612,f
19303,1,1.9797210589731604,-0.5095629856139329,f
19304,1,0.7819683465990589,-1.0469869075803584,f
19305,1,1.3207069391429567,-0.24822925603168994,f
19306,1,0.3643306129401997,-0.7641270377595526,f
19307,1,0.3134740272742785,-1.0081039740751183,f
19308,1,0.1503097376674629,-1.0020649177831003,f
19309,1,0.8995731665336928,-1.0039236538515632,f
19310,1,1.8538727739257543,-0.3211172483407169,f
19311,1,2.0839986894403686,-0.2840202643189714,f
19312,1,0.7813241917732093,-0.6744764390520914,f
19313,1,1.2991369090467484,-0.4239288861099952,f
19314,1,1.9647921693601866,-0.3873675618454104,f
19315,1,0.27067232317665696,-1.0587056691340824,f
19316,1,1.9511030191114545,-0.24114756415985947,t
21096,1,0.4591072043691432,-0.9602453499834095,t
21097,1,0.2732491895151606,-0.8918030055066692,t
21098,1,0.6239857520266195,-1.0203540599177736,t
21099,1,0.44221014338392384,-0.5534409156461423,t
21100,1,0.711533925890637,-0.8522769002426902,t
21101,1,0.5947768683016609,-1.0151454819885057,t
21102,1,0.9513135885400424,-0.3030394092526539,t
21103,1,0.06527564166305783,-1.000893172166291,t
21104,1,0.23663792210245904,-1.0144972303997097,t
21105,1,0.2060357282966197,-1.4359105372055612,t
21106,1,-0.08018368354214261,-1.0067506933621384,t
21107,1,0.41666684772487467,-0.8599294516874832,t
21108,1,0.1887104282262861,-1.0040362527423623,t
21109,1,0.7726597897363191,-0.6884716770532049,t
21110,1,1.1090991543300253,-0.2889606992124261,t
21111,1,0.6789674940034064,-1.0645946629275305,t
21112,1,,,f
21113,1,,,f
21114,1,,,f
21115,1,,,f
21116,1,,,f
21117,1,,,f
21118,1,,,f
21119,1,,,f
21120,1,,,f
21121,1,,,f
21122,1,,,f
21123,1,,,f
21124,1,,,f
21125,1,,,f
21126,1,,,f
21127,1,,,f
21128,1,,,f
21129,1,,,f
21130,1,,,f
21131,1,,,f
21132,1,,,f
21133,1,,,f
21134,1,,,f
21135,1,,,f
21136,1,,,f
21137,1,,,f
21138,1,,,f
21139,1,,,f
21140,1,,,f
