id,instrument_id,granularity,price_type,timestamp,open,high,low,close,volume
2516,7,H4,M,2025-12-11 22:00:00,1.17388,1.17462,1.17325,1.17349,10337
2517,7,H4,M,2025-12-12 02:00:00,1.17348,1.17394,1.17312,1.17386,9841
2518,7,H4,M,2025-12-12 06:00:00,1.17386,1.17434,1.1727,1.17328,20962
2519,7,H4,M,2025-12-12 10:00:00,1.17328,1.17352,1.17196,1.17272,18013
2520,7,H4,M,2025-12-12 14:00:00,1.17272,1.17482,1.17232,1.17478,28198
2521,7,H4,M,2025-12-12 18:00:00,1.17478,1.17498,1.17354,1.17401,13890
2522,7,H4,M,2025-12-14 22:00:00,1.1733,1.17425,1.17286,1.17414,9406
2523,7,H4,M,2025-12-15 02:00:00,1.17414,1.17448,1.17318,1.17344,12526
2524,7,H4,M,2025-12-15 06:00:00,1.17343,1.17436,1.17265,1.17434,20334
2525,7,H4,M,2025-12-15 10:00:00,1.17434,1.17598,1.17392,1.17474,16024
2526,7,H4,M,2025-12-15 14:00:00,1.17474,1.1769,1.17441,1.17459,29700
2527,7,H4,M,2025-12-15 18:00:00,1.17458,1.17541,1.17384,1.17539,10729
2528,7,H4,M,2025-12-15 22:00:00,1.17521,1.1758,1.17466,1.17519,10903
2529,7,H4,M,2025-12-16 02:00:00,1.1752,1.17592,1.17494,1.17505,9103
2530,7,H4,M,2025-12-16 06:00:00,1.17504,1.17642,1.17444,1.17561,18543
2531,7,H4,M,2025-12-16 10:00:00,1.17562,1.17948,1.17517,1.17758,33065
2532,7,H4,M,2025-12-16 14:00:00,1.17758,1.18042,1.17612,1.17639,36547
2533,7,H4,M,2025-12-16 18:00:00,1.17639,1.17639,1.17346,1.1748,19022
2534,7,H4,M,2025-12-16 22:00:00,1.17476,1.17524,1.17452,1.17474,8728
2535,7,H4,M,2025-12-17 02:00:00,1.17473,1.1748,1.1725,1.17292,12851
2536,7,H4,M,2025-12-17 06:00:00,1.17291,1.17306,1.17031,1.17162,26962
2537,7,H4,M,2025-12-17 10:00:00,1.1716,1.17332,1.17078,1.17318,24608
2538,7,H4,M,2025-12-17 14:00:00,1.17318,1.17582,1.17283,1.17494,30675
2539,7,H4,M,2025-12-17 18:00:00,1.17494,1.17556,1.17384,1.17401,12008
2540,7,H4,M,2025-12-17 22:00:00,1.17408,1.17458,1.17352,1.17386,8134
2541,7,H4,M,2025-12-18 02:00:00,1.17386,1.17469,1.17368,1.17459,8878
2542,7,H4,M,2025-12-18 06:00:00,1.17458,1.17497,1.17173,1.1722,18898
2543,7,H4,M,2025-12-18 10:00:00,1.17218,1.17628,1.17124,1.17468,33539
2544,7,H4,M,2025-12-18 14:00:00,1.17468,1.17558,1.17153,1.17188,42936
2545,7,H4,M,2025-12-18 18:00:00,1.17189,1.17278,1.17154,1.17236,12185
2546,7,H4,M,2025-12-18 22:00:00,1.17203,1.17288,1.17203,1.17244,9335
2547,7,H4,M,2025-12-19 02:00:00,1.17243,1.17287,1.17156,1.172,10069
2548,7,H4,M,2025-12-19 06:00:00,1.172,1.17216,1.17033,1.17122,23863
2549,7,H4,M,2025-12-19 10:00:00,1.17124,1.17194,1.17024,1.17194,21236
2550,7,H4,M,2025-12-19 14:00:00,1.17194,1.17378,1.17084,1.17192,27576
2551,7,H4,M,2025-12-19 18:00:00,1.17193,1.17273,1.17062,1.17096,11730
2552,7,H4,M,2025-12-21 22:00:00,1.17196,1.17196,1.17064,1.17172,13831
2553,7,H4,M,2025-12-22 02:00:00,1.17172,1.17221,1.17136,1.17174,6980
2554,7,H4,M,2025-12-22 06:00:00,1.17172,1.17384,1.1713,1.173,16425
2555,7,H4,M,2025-12-22 10:00:00,1.17301,1.17546,1.17286,1.17506,20260
2556,7,H4,M,2025-12-22 14:00:00,1.17507,1.17694,1.17451,1.17582,21494
2557,7,H4,M,2025-12-22 18:00:00,1.17582,1.17623,1.17489,1.17619,9236
2558,7,H4,M,2025-12-22 22:00:00,1.1758,1.17761,1.17571,1.1773,11959
2559,7,H4,M,2025-12-23 02:00:00,1.17733,1.17806,1.17726,1.17751,10197
2560,7,H4,M,2025-12-23 06:00:00,1.17753,1.1793,1.17686,1.17928,20425
2561,7,H4,M,2025-12-23 10:00:00,1.17928,1.18022,1.17743,1.17748,21505
2562,7,H4,M,2025-12-23 14:00:00,1.17748,1.17804,1.1764,1.1771,26654
2563,7,H4,M,2025-12-23 18:00:00,1.17708,1.1797,1.17696,1.17934,10978
2564,7,H4,M,2025-12-23 22:00:00,1.17927,1.18064,1.17904,1.18053,9503
2565,7,H4,M,2025-12-24 02:00:00,1.18054,1.1808,1.17858,1.17992,10337
2566,7,H4,M,2025-12-24 06:00:00,1.1799,1.1804,1.17798,1.17998,20094
2567,7,H4,M,2025-12-24 10:00:00,1.17997,1.18001,1.17836,1.17853,20511
2568,7,H4,M,2025-12-24 14:00:00,1.17852,1.1787,1.17726,1.17768,22374
2569,7,H4,M,2025-12-24 18:00:00,1.17767,1.17822,1.17744,1.1777,6349
2570,7,H4,M,2025-12-25 22:00:00,1.17805,1.1792,1.17767,1.17872,21221
2571,7,H4,M,2025-12-26 02:00:00,1.17873,1.17936,1.178,1.17862,9691
2572,7,H4,M,2025-12-26 06:00:00,1.17863,1.1788,1.17666,1.17703,20495
2573,7,H4,M,2025-12-26 10:00:00,1.17701,1.17968,1.1769,1.17914,18853
2574,7,H4,M,2025-12-26 14:00:00,1.17916,1.17946,1.17616,1.17702,31012
2575,7,H4,M,2025-12-26 18:00:00,1.17704,1.17818,1.17658,1.1771,18963
2576,7,H4,M,2025-12-28 22:00:00,1.1768,1.17864,1.17654,1.17842,10811
2577,7,H4,M,2025-12-29 02:00:00,1.1784,1.17853,1.17537,1.1756,10537
2578,7,H4,M,2025-12-29 06:00:00,1.17562,1.17891,1.17542,1.17764,22083
2579,7,H4,M,2025-12-29 10:00:00,1.17764,1.17802,1.17555,1.17698,23911
2580,7,H4,M,2025-12-29 14:00:00,1.17698,1.17888,1.17494,1.17521,32110
2581,7,H4,M,2025-12-29 18:00:00,1.17519,1.17748,1.17508,1.17726,10861
2582,7,H4,M,2025-12-29 22:00:00,1.1771,1.17754,1.17663,1.17751,10895
2583,7,H4,M,2025-12-30 02:00:00,1.1775,1.17791,1.17706,1.17752,7240
2584,7,H4,M,2025-12-30 06:00:00,1.17752,1.17798,1.17644,1.1769,16480
2585,7,H4,M,2025-12-30 10:00:00,1.17688,1.17776,1.17554,1.17633,19340
2586,7,H4,M,2025-12-30 14:00:00,1.17634,1.17668,1.17453,1.1756,23602
2587,7,H4,M,2025-12-30 18:00:00,1.17561,1.17594,1.17434,1.1748,10689
2588,7,H4,M,2025-12-30 22:00:00,1.17466,1.17492,1.17419,1.17426,5709
2589,7,H4,M,2025-12-31 02:00:00,1.17424,1.17436,1.1733,1.17385,8766
2590,7,H4,M,2025-12-31 06:00:00,1.17386,1.17398,1.172,1.17351,17372
2591,7,H4,M,2025-12-31 10:00:00,1.1735,1.17595,1.17286,1.1742,22030
2592,7,H4,M,2025-12-31 14:00:00,1.1742,1.17488,1.17202,1.1736,33063
2593,7,H4,M,2025-12-31 18:00:00,1.1736,1.1753,1.17304,1.17459,11274
2594,7,H4,M,2026-01-01 22:00:00,1.17498,1.17628,1.17458,1.1761,6047
2595,7,H4,M,2026-01-02 02:00:00,1.1761,1.1765,1.17508,1.17513,6240
2596,7,H4,M,2026-01-02 06:00:00,1.17512,1.17516,1.17206,1.17214,20335
2597,7,H4,M,2026-01-02 10:00:00,1.17214,1.1729,1.17132,1.17215,19041
2598,7,H4,M,2026-01-02 14:00:00,1.17217,1.17545,1.17158,1.17308,27370
2599,7,H4,M,2026-01-02 18:00:00,1.17308,1.17314,1.17144,1.17199,14304
2600,7,H4,M,2026-01-04 22:00:00,1.17239,1.17239,1.16996,1.17004,15466
2601,7,H4,M,2026-01-05 02:00:00,1.17004,1.17016,1.16722,1.16855,14748
2602,7,H4,M,2026-01-05 06:00:00,1.16856,1.1695,1.16739,1.16825,22990
2603,7,H4,M,2026-01-05 10:00:00,1.16823,1.1691,1.16592,1.16746,25700
2604,7,H4,M,2026-01-05 14:00:00,1.16746,1.17198,1.16733,1.17144,33823
2605,7,H4,M,2026-01-05 18:00:00,1.17145,1.17288,1.17134,1.17216,12320
2606,7,H4,M,2026-01-05 22:00:00,1.17206,1.17254,1.17106,1.17254,9422
2607,7,H4,M,2026-01-06 02:00:00,1.17256,1.17384,1.17222,1.17288,11203
2608,7,H4,M,2026-01-06 06:00:00,1.1729,1.17429,1.1708,1.17133,21533
2609,7,H4,M,2026-01-06 10:00:00,1.17132,1.17172,1.16972,1.1711,21902
2610,7,H4,M,2026-01-06 14:00:00,1.1711,1.17176,1.1684,1.17007,30324
2611,7,H4,M,2026-01-06 18:00:00,1.17008,1.17022,1.1684,1.16888,14576
2612,7,H4,M,2026-01-06 22:00:00,1.16865,1.17006,1.16852,1.16958,10243
2613,7,H4,M,2026-01-07 02:00:00,1.16958,1.17027,1.16909,1.16931,11832
2614,7,H4,M,2026-01-07 06:00:00,1.16932,1.16998,1.16729,1.16846,19658
2615,7,H4,M,2026-01-07 10:00:00,1.16846,1.16948,1.16811,1.16917,21479
2616,7,H4,M,2026-01-07 14:00:00,1.16916,1.16988,1.168,1.16879,32567
2617,7,H4,M,2026-01-07 18:00:00,1.1688,1.16904,1.16738,1.16759,11753
2618,7,H4,M,2026-01-07 22:00:00,1.16751,1.16782,1.16728,1.16748,6757
2619,7,H4,M,2026-01-08 02:00:00,1.16748,1.1683,1.16728,1.16825,9748
2620,7,H4,M,2026-01-08 06:00:00,1.16824,1.1683,1.1669,1.16768,19363
2621,7,H4,M,2026-01-08 10:00:00,1.16768,1.1682,1.16583,1.16628,18522
2622,7,H4,M,2026-01-08 14:00:00,1.16627,1.16738,1.16438,1.16508,25505
2623,7,H4,M,2026-01-08 18:00:00,1.16506,1.16628,1.16426,1.16589,12898
2624,7,H4,M,2026-01-08 22:00:00,1.16574,1.16622,1.16484,1.16492,7076
2625,7,H4,M,2026-01-09 02:00:00,1.16493,1.16592,1.1646,1.16511,10801
2626,7,H4,M,2026-01-09 06:00:00,1.16512,1.1653,1.164,1.16426,17307
2627,7,H4,M,2026-01-09 10:00:00,1.16424,1.16608,1.16256,1.16452,28014
2628,7,H4,M,2026-01-09 14:00:00,1.1645,1.16526,1.16182,1.16316,39797
2629,7,H4,M,2026-01-09 18:00:00,1.16318,1.164,1.16296,1.16364,9853
2630,7,H4,M,2026-01-11 22:00:00,1.1633,1.16714,1.16217,1.16562,16094
2631,7,H4,M,2026-01-12 02:00:00,1.16562,1.16712,1.1653,1.16692,10950
2632,7,H4,M,2026-01-12 06:00:00,1.16691,1.16959,1.16643,1.16818,22776
2633,7,H4,M,2026-01-12 10:00:00,1.1682,1.16985,1.16756,1.16929,21200
2634,7,H4,M,2026-01-12 14:00:00,1.16928,1.1693,1.16661,1.16686,26148
2635,7,H4,M,2026-01-12 18:00:00,1.16686,1.1674,1.16631,1.16668,9306
2636,7,H4,M,2026-01-12 22:00:00,1.167,1.16709,1.16562,1.16586,9207
2637,7,H4,M,2026-01-13 02:00:00,1.16586,1.16676,1.16565,1.16628,9668
2638,7,H4,M,2026-01-13 06:00:00,1.16629,1.16726,1.16538,1.1672,18195
2639,7,H4,M,2026-01-13 10:00:00,1.16719,1.1678,1.16502,1.16684,25262
2640,7,H4,M,2026-01-13 14:00:00,1.16684,1.16734,1.16342,1.16462,31443
2641,7,H4,M,2026-01-13 18:00:00,1.16462,1.16546,1.16416,1.16428,12131
2642,7,H4,M,2026-01-13 22:00:00,1.16436,1.16456,1.16368,1.16382,6917
2643,7,H4,M,2026-01-14 02:00:00,1.16382,1.1649,1.16362,1.1642,7456
2644,7,H4,M,2026-01-14 06:00:00,1.1642,1.16538,1.1641,1.16518,17049
2645,7,H4,M,2026-01-14 10:00:00,1.16518,1.166,1.16438,1.165,21620
2646,7,H4,M,2026-01-14 14:00:00,1.16498,1.16618,1.16456,1.16468,31246
2647,7,H4,M,2026-01-14 18:00:00,1.16468,1.16479,1.16353,1.16454,13921
2648,7,H4,M,2026-01-14 22:00:00,1.16469,1.16471,1.16333,1.16386,10151
2649,7,H4,M,2026-01-15 02:00:00,1.16382,1.16415,1.16336,1.16352,9427
2650,7,H4,M,2026-01-15 06:00:00,1.16352,1.164,1.1626,1.16359,20218
2651,7,H4,M,2026-01-15 10:00:00,1.16358,1.16411,1.15988,1.16014,22676
2652,7,H4,M,2026-01-15 14:00:00,1.16013,1.16138,1.15932,1.1609,28382
2653,7,H4,M,2026-01-15 18:00:00,1.1609,1.16176,1.16028,1.16094,12190
2654,7,H4,M,2026-01-15 22:00:00,1.16088,1.16104,1.16024,1.1607,7381
2655,7,H4,M,2026-01-16 02:00:00,1.1607,1.16142,1.1606,1.16067,9749
2656,7,H4,M,2026-01-16 06:00:00,1.16068,1.16153,1.16044,1.16084,16841
2657,7,H4,M,2026-01-16 10:00:00,1.16084,1.16236,1.16082,1.16186,18239
2658,7,H4,M,2026-01-16 14:00:00,1.16188,1.16275,1.15845,1.15957,36895
2659,7,H4,M,2026-01-16 18:00:00,1.15955,1.16023,1.15894,1.15988,11648
2660,7,H4,M,2026-01-18 22:00:00,1.15802,1.16378,1.15782,1.16226,24951
2661,7,H4,M,2026-01-19 02:00:00,1.16227,1.16376,1.16157,1.16276,14560
2662,7,H4,M,2026-01-19 06:00:00,1.16274,1.16415,1.16112,1.16245,21921
2663,7,H4,M,2026-01-19 10:00:00,1.16244,1.16356,1.16202,1.16318,16576
2664,7,H4,M,2026-01-19 14:00:00,1.16317,1.16475,1.16302,1.16458,14711
2665,7,H4,M,2026-01-19 18:00:00,1.16459,1.16489,1.16419,1.1646,3961
2666,7,H4,M,2026-01-19 22:00:00,1.16427,1.1647,1.16326,1.16438,8215
2667,7,H4,M,2026-01-20 02:00:00,1.16438,1.16727,1.16406,1.16632,12178
2668,7,H4,M,2026-01-20 06:00:00,1.16633,1.17328,1.16622,1.17262,35431
2669,7,H4,M,2026-01-20 10:00:00,1.17262,1.17693,1.17153,1.17334,40415
2670,7,H4,M,2026-01-20 14:00:00,1.17334,1.17428,1.17152,1.17316,43452
2671,7,H4,M,2026-01-20 18:00:00,1.17315,1.17341,1.1711,1.17268,19445
2672,7,H4,M,2026-01-20 22:00:00,1.17245,1.17342,1.17166,1.1729,10358
2673,7,H4,M,2026-01-21 02:00:00,1.1729,1.17318,1.17106,1.17174,13696
2674,7,H4,M,2026-01-21 06:00:00,1.17174,1.17254,1.17013,1.17036,21901
2675,7,H4,M,2026-01-21 10:00:00,1.17034,1.1743,1.17016,1.17397,23937
2676,7,H4,M,2026-01-21 14:00:00,1.17398,1.17408,1.16948,1.1703,50779
2677,7,H4,M,2026-01-21 18:00:00,1.17028,1.17053,1.16762,1.16876,25744
2678,7,H4,M,2026-01-21 22:00:00,1.16854,1.16902,1.16698,1.16888,11666
2679,7,H4,M,2026-01-22 02:00:00,1.16888,1.16973,1.16835,1.16882,9714
2680,7,H4,M,2026-01-22 06:00:00,1.16884,1.16974,1.16842,1.16926,20475
2681,7,H4,M,2026-01-22 10:00:00,1.16927,1.17187,1.16866,1.17139,24420
2682,7,H4,M,2026-01-22 14:00:00,1.17138,1.17508,1.17108,1.17464,31635
2683,7,H4,M,2026-01-22 18:00:00,1.17463,1.17566,1.17412,1.17552,11309
2684,7,H4,M,2026-01-22 22:00:00,1.17528,1.17592,1.1747,1.17494,9139
2685,7,H4,M,2026-01-23 02:00:00,1.17493,1.1754,1.17432,1.1751,10492
2686,7,H4,M,2026-01-23 06:00:00,1.1751,1.1753,1.17283,1.17354,30561
2687,7,H4,M,2026-01-23 10:00:00,1.17354,1.17473,1.173,1.17341,18671
2688,7,H4,M,2026-01-23 14:00:00,1.17342,1.1799,1.17319,1.17944,36716
2689,7,H4,M,2026-01-23 18:00:00,1.17944,1.18339,1.17772,1.18277,26881
2690,7,H4,M,2026-01-25 22:00:00,1.18635,1.18977,1.18444,1.18578,33734
2691,7,H4,M,2026-01-26 02:00:00,1.18578,1.18766,1.18554,1.1865,25007
2692,7,H4,M,2026-01-26 06:00:00,1.1865,1.18674,1.18365,1.18637,37516
2693,7,H4,M,2026-01-26 10:00:00,1.18638,1.18653,1.1835,1.1856,26606
2694,7,H4,M,2026-01-26 14:00:00,1.1856,1.19072,1.18526,1.18788,39062
2695,7,H4,M,2026-01-26 18:00:00,1.18788,1.18904,1.18706,1.188,21690
2696,7,H4,M,2026-01-26 22:00:00,1.18767,1.18826,1.18716,1.18788,13766
2697,7,H4,M,2026-01-27 02:00:00,1.18788,1.18996,1.187,1.18766,15113
2698,7,H4,M,2026-01-27 06:00:00,1.18767,1.18898,1.18504,1.18891,26126
2699,7,H4,M,2026-01-27 10:00:00,1.1889,1.19386,1.18742,1.19234,43106
2700,7,H4,M,2026-01-27 14:00:00,1.19234,1.19902,1.19184,1.198,56873
2701,7,H4,M,2026-01-27 18:00:00,1.198,1.20831,1.19712,1.20409,55904
2702,7,H4,M,2026-01-27 22:00:00,1.20395,1.20475,1.19928,1.19929,22788
2703,7,H4,M,2026-01-28 02:00:00,1.19928,1.2005,1.19748,1.1997,21614
2704,7,H4,M,2026-01-28 06:00:00,1.1997,1.20259,1.19704,1.19869,38583
2705,7,H4,M,2026-01-28 10:00:00,1.1987,1.1995,1.1952,1.19576,32765
2706,7,H4,M,2026-01-28 14:00:00,1.19578,1.19776,1.19186,1.1941,65295
2707,7,H4,M,2026-01-28 18:00:00,1.1941,1.19542,1.18958,1.19537,46646
2708,7,H4,M,2026-01-28 22:00:00,1.19556,1.19852,1.19526,1.19614,18612
2709,7,H4,M,2026-01-29 02:00:00,1.19614,1.19938,1.19532,1.19812,19392
2710,7,H4,M,2026-01-29 06:00:00,1.19812,1.19966,1.19515,1.19558,33649
2711,7,H4,M,2026-01-29 10:00:00,1.1956,1.19708,1.19382,1.19562,35335
2712,7,H4,M,2026-01-29 14:00:00,1.19564,1.19725,1.19062,1.19558,84546
2713,7,H4,M,2026-01-29 18:00:00,1.19556,1.19714,1.19458,1.19707,24681
2714,7,H4,M,2026-01-29 22:00:00,1.19693,1.19748,1.19142,1.1917,28710
2715,7,H4,M,2026-01-30 02:00:00,1.19171,1.19351,1.18946,1.19248,39706
2716,7,H4,M,2026-01-30 06:00:00,1.19247,1.19434,1.18982,1.19083,50534
2717,7,H4,M,2026-01-30 10:00:00,1.19078,1.19546,1.19018,1.19128,45971
2718,7,H4,M,2026-01-30 14:00:00,1.19128,1.19213,1.18667,1.18724,67023
2719,7,H4,M,2026-01-30 18:00:00,1.18724,1.1885,1.185,1.18508,40734
2720,7,H4,M,2026-02-01 22:00:00,1.1851,1.18748,1.18398,1.18706,35594
2721,7,H4,M,2026-02-02 02:00:00,1.1871,1.18748,1.1841,1.18508,29312
2722,7,H4,M,2026-02-02 06:00:00,1.18507,1.18668,1.18432,1.18623,46168
2723,7,H4,M,2026-02-02 10:00:00,1.18622,1.18714,1.1818,1.1821,38375
2724,7,H4,M,2026-02-02 14:00:00,1.1821,1.183,1.17904,1.18,58418
2725,7,H4,M,2026-02-02 18:00:00,1.18002,1.18013,1.1776,1.17904,23767
2726,7,H4,M,2026-02-02 22:00:00,1.1788,1.18149,1.17874,1.1814,14990
2727,7,H4,M,2026-02-03 02:00:00,1.18139,1.18168,1.18008,1.18088,16178
2728,7,H4,M,2026-02-03 06:00:00,1.1809,1.18244,1.17921,1.17922,29479
2729,7,H4,M,2026-02-03 10:00:00,1.17922,1.18068,1.17826,1.17961,27426
2730,7,H4,M,2026-02-03 14:00:00,1.17961,1.18292,1.178,1.18162,42778
2731,7,H4,M,2026-02-03 18:00:00,1.18162,1.18254,1.18058,1.1818,20900
2732,7,H4,M,2026-02-03 22:00:00,1.18182,1.1832,1.18088,1.1826,14991
2733,7,H4,M,2026-02-04 02:00:00,1.18261,1.18362,1.1819,1.1833,13073
2734,7,H4,M,2026-02-04 06:00:00,1.18332,1.1838,1.18112,1.18136,24983
2735,7,H4,M,2026-02-04 10:00:00,1.18136,1.18273,1.18048,1.18226,26949
2736,7,H4,M,2026-02-04 14:00:00,1.18226,1.18258,1.17906,1.17978,50509
2737,7,H4,M,2026-02-04 18:00:00,1.17976,1.18098,1.17947,1.18055,21466
2738,7,H4,M,2026-02-04 22:00:00,1.18058,1.18084,1.17995,1.18038,9844
2739,7,H4,M,2026-02-05 02:00:00,1.18039,1.18054,1.17828,1.17901,19805
2740,7,H4,M,2026-02-05 06:00:00,1.17902,1.18088,1.17804,1.17808,28025
2741,7,H4,M,2026-02-05 10:00:00,1.17808,1.18155,1.17804,1.18118,40302
2742,7,H4,M,2026-02-05 14:00:00,1.18117,1.18218,1.1782,1.18009,56729
2743,7,H4,M,2026-02-05 18:00:00,1.18011,1.18029,1.1775,1.17792,16546
2744,7,H4,M,2026-02-05 22:00:00,1.17776,1.17884,1.17656,1.17854,16322
2745,7,H4,M,2026-02-06 02:00:00,1.17853,1.18014,1.17846,1.17984,12269
2746,7,H4,M,2026-02-06 06:00:00,1.17983,1.1802,1.17858,1.1792,23120
2747,7,H4,M,2026-02-06 10:00:00,1.1792,1.18112,1.17857,1.18104,19957
2748,7,H4,M,2026-02-06 14:00:00,1.18104,1.18262,1.18052,1.1818,31439
2749,7,H4,M,2026-02-06 18:00:00,1.1818,1.18241,1.18134,1.18168,10465
2750,7,H4,M,2026-02-08 22:00:00,1.18126,1.18337,1.18097,1.18256,18383
2751,7,H4,M,2026-02-09 02:00:00,1.18254,1.18363,1.18161,1.18334,11038
2752,7,H4,M,2026-02-09 06:00:00,1.18334,1.18698,1.18332,1.18622,30933
2753,7,H4,M,2026-02-09 10:00:00,1.18622,1.19058,1.18552,1.19037,33431
2754,7,H4,M,2026-02-09 14:00:00,1.19038,1.19268,1.1893,1.19086,37586
2755,7,H4,M,2026-02-09 18:00:00,1.19086,1.19224,1.19037,1.19151,16161
2756,7,H4,M,2026-02-09 22:00:00,1.19118,1.19156,1.18967,1.19058,9726
2757,7,H4,M,2026-02-10 02:00:00,1.19057,1.19171,1.19038,1.19073,12116
2758,7,H4,M,2026-02-10 06:00:00,1.19072,1.192,1.18994,1.19145,22502
2759,7,H4,M,2026-02-10 10:00:00,1.19146,1.19176,1.18884,1.19055,26594
2760,7,H4,M,2026-02-10 14:00:00,1.19056,1.19288,1.18933,1.18958,40704
2761,7,H4,M,2026-02-10 18:00:00,1.18958,1.19035,1.18868,1.18949,13304
2762,7,H4,M,2026-02-10 22:00:00,1.18951,1.19021,1.18864,1.18978,11486
2763,7,H4,M,2026-02-11 02:00:00,1.1898,1.19193,1.18978,1.19185,13278
2764,7,H4,M,2026-02-11 06:00:00,1.19184,1.19258,1.19101,1.19181,21703
2765,7,H4,M,2026-02-11 10:00:00,1.1918,1.19274,1.18332,1.1862,46243
2766,7,H4,M,2026-02-11 14:00:00,1.18621,1.18937,1.18511,1.18858,57540
2767,7,H4,M,2026-02-11 18:00:00,1.18858,1.18908,1.18687,1.18714,15485
2768,7,H4,M,2026-02-11 22:00:00,1.18724,1.18826,1.18669,1.18809,11798
2769,7,H4,M,2026-02-12 02:00:00,1.18808,1.18848,1.18584,1.18648,13994
2770,7,H4,M,2026-02-12 06:00:00,1.18647,1.1888,1.18524,1.18872,25736
2771,7,H4,M,2026-02-12 10:00:00,1.18873,1.18875,1.1867,1.1885,23218
2772,7,H4,M,2026-02-12 14:00:00,1.1885,1.189,1.186,1.18654,52041
2773,7,H4,M,2026-02-12 18:00:00,1.18654,1.18728,1.18562,1.18712,20111
2774,7,H4,M,2026-02-12 22:00:00,1.18681,1.18736,1.18632,1.18672,10061
2775,7,H4,M,2026-02-13 02:00:00,1.18673,1.18712,1.18579,1.18594,10718
2776,7,H4,M,2026-02-13 06:00:00,1.18593,1.18666,1.18471,1.18606,21096
2777,7,H4,M,2026-02-13 10:00:00,1.18606,1.18846,1.18529,1.18743,31710
2778,7,H4,M,2026-02-13 14:00:00,1.18742,1.18828,1.18476,1.18749,40442
2779,7,H4,M,2026-02-13 18:00:00,1.1875,1.18806,1.18645,1.18678,14354
2780,7,H4,M,2026-02-15 22:00:00,1.18709,1.18728,1.1859,1.18654,9668
2781,7,H4,M,2026-02-16 02:00:00,1.18654,1.1869,1.1861,1.1865,8975
2782,7,H4,M,2026-02-16 06:00:00,1.18648,1.18706,1.18566,1.18645,16581
2783,7,H4,M,2026-02-16 10:00:00,1.18643,1.18678,1.18492,1.18548,13845
2784,7,H4,M,2026-02-16 14:00:00,1.18547,1.18636,1.18464,1.18482,13021
2785,7,H4,M,2026-02-16 18:00:00,1.18484,1.18552,1.18483,1.18511,2753
2786,7,H4,M,2026-02-16 22:00:00,1.18507,1.18522,1.18408,1.18444,9424
2787,7,H4,M,2026-02-17 02:00:00,1.18443,1.18474,1.18357,1.18416,11264
2788,7,H4,M,2026-02-17 06:00:00,1.18416,1.18499,1.18286,1.18466,20007
2789,7,H4,M,2026-02-17 10:00:00,1.18462,1.18472,1.18158,1.18222,24386
2790,7,H4,M,2026-02-17 14:00:00,1.18223,1.18424,1.1805,1.18394,39715
2791,7,H4,M,2026-02-17 18:00:00,1.18398,1.18547,1.18388,1.18536,13421
2792,7,H4,M,2026-02-17 22:00:00,1.18529,1.18578,1.18426,1.18463,8605
2793,7,H4,M,2026-02-18 02:00:00,1.18464,1.18474,1.18394,1.18458,7985
2794,7,H4,M,2026-02-18 06:00:00,1.18458,1.18464,1.18285,1.18361,17694
2795,7,H4,M,2026-02-18 10:00:00,1.18362,1.18486,1.18236,1.18238,17965
2796,7,H4,M,2026-02-18 14:00:00,1.18238,1.18278,1.18022,1.1806,28939
2797,7,H4,M,2026-02-18 18:00:00,1.18061,1.18074,1.1782,1.17838,18584
2798,7,H4,M,2026-02-18 22:00:00,1.17845,1.17952,1.17842,1.17946,7646
2799,7,H4,M,2026-02-19 02:00:00,1.17946,1.17957,1.17848,1.17916,10775
2800,7,H4,M,2026-02-19 06:00:00,1.17916,1.18077,1.179,1.18,17475
2801,7,H4,M,2026-02-19 10:00:00,1.18,1.18032,1.17514,1.17656,25391
2802,7,H4,M,2026-02-19 14:00:00,1.17655,1.17756,1.1742,1.1766,42924
2803,7,H4,M,2026-02-19 18:00:00,1.1766,1.17782,1.17591,1.17716,15635
2804,7,H4,M,2026-02-19 22:00:00,1.17715,1.1776,1.17551,1.1759,10637
2805,7,H4,M,2026-02-20 02:00:00,1.1759,1.176,1.17502,1.17554,10210
2806,7,H4,M,2026-02-20 06:00:00,1.17555,1.17682,1.17434,1.17668,21994
2807,7,H4,M,2026-02-20 10:00:00,1.17668,1.1783,1.17572,1.17694,25323
2808,7,H4,M,2026-02-20 14:00:00,1.17692,1.18076,1.17554,1.17802,73426
2809,7,H4,M,2026-02-20 18:00:00,1.17802,1.1799,1.17768,1.17816,28531
2810,7,H4,M,2026-02-22 22:00:00,1.17963,1.18348,1.17931,1.18262,22342
2811,7,H4,M,2026-02-23 02:00:00,1.18263,1.18312,1.18151,1.18198,12984
2812,7,H4,M,2026-02-23 06:00:00,1.18196,1.1834,1.18002,1.18008,21488
2813,7,H4,M,2026-02-23 10:00:00,1.18009,1.18014,1.17744,1.17958,23482
2814,7,H4,M,2026-02-23 14:00:00,1.17958,1.181,1.17882,1.17988,36023
2815,7,H4,M,2026-02-23 18:00:00,1.17987,1.1801,1.17843,1.17854,13016
2816,7,H4,M,2026-02-23 22:00:00,1.1789,1.17964,1.17716,1.1782,12729
2817,7,H4,M,2026-02-24 02:00:00,1.17818,1.17855,1.1768,1.178,10732
2818,7,H4,M,2026-02-24 06:00:00,1.17801,1.17932,1.17716,1.17877,24038
2819,7,H4,M,2026-02-24 10:00:00,1.17878,1.17912,1.1768,1.17722,20281
2820,7,H4,M,2026-02-24 14:00:00,1.17723,1.17902,1.17662,1.17856,28584
2821,7,H4,M,2026-02-24 18:00:00,1.17856,1.17867,1.17734,1.17738,10135
2822,7,H4,M,2026-02-24 22:00:00,1.17734,1.17822,1.17726,1.17786,9073
2823,7,H4,M,2026-02-25 02:00:00,1.17785,1.18055,1.17782,1.1801,16864
2824,7,H4,M,2026-02-25 06:00:00,1.1801,1.1808,1.17856,1.1788,21469
2825,7,H4,M,2026-02-25 10:00:00,1.1788,1.17902,1.1771,1.17737,19422
2826,7,H4,M,2026-02-25 14:00:00,1.17737,1.18144,1.17731,1.18074,29458
2827,7,H4,M,2026-02-25 18:00:00,1.18075,1.1813,1.18028,1.18101,10757
2828,7,H4,M,2026-02-25 22:00:00,1.18089,1.1829,1.18073,1.18274,10381
2829,7,H4,M,2026-02-26 02:00:00,1.18274,1.1829,1.18126,1.18198,11659
2830,7,H4,M,2026-02-26 06:00:00,1.18197,1.18223,1.17968,1.17973,19358
2831,7,H4,M,2026-02-26 10:00:00,1.17971,1.18168,1.17934,1.18068,18384
2832,7,H4,M,2026-02-26 14:00:00,1.1807,1.18158,1.1774,1.17762,36162
2833,7,H4,M,2026-02-26 18:00:00,1.17762,1.18039,1.17741,1.17976,14995
2834,7,H4,M,2026-02-26 22:00:00,1.17972,1.18057,1.1789,1.17901,11817
2835,7,H4,M,2026-02-27 02:00:00,1.17903,1.18132,1.17903,1.18086,10834
2836,7,H4,M,2026-02-27 06:00:00,1.18084,1.18218,1.17928,1.17952,20720
2837,7,H4,M,2026-02-27 10:00:00,1.17954,1.18083,1.17904,1.17926,22110
2838,7,H4,M,2026-02-27 14:00:00,1.17926,1.1827,1.17908,1.18166,35253
2839,7,H4,M,2026-02-27 18:00:00,1.18168,1.1826,1.18111,1.18172,13732
2840,7,H4,M,2026-03-01 22:00:00,1.17685,1.17944,1.1756,1.1792,29102
2841,7,H4,M,2026-03-02 02:00:00,1.1792,1.17958,1.17662,1.17664,15804
2842,7,H4,M,2026-03-02 06:00:00,1.17664,1.17667,1.16981,1.17332,45291
2843,7,H4,M,2026-03-02 10:00:00,1.17331,1.17473,1.16952,1.16986,34554
2844,7,H4,M,2026-03-02 14:00:00,1.16986,1.1724,1.16719,1.17072,49281
2845,7,H4,M,2026-03-02 18:00:00,1.17072,1.17134,1.16786,1.169,26127
2846,7,H4,M,2026-03-02 22:00:00,1.16868,1.1707,1.16854,1.16969,14248
2847,7,H4,M,2026-03-03 02:00:00,1.16968,1.1699,1.16652,1.16667,22875
2848,7,H4,M,2026-03-03 06:00:00,1.1667,1.16716,1.15986,1.16055,46374
2849,7,H4,M,2026-03-03 10:00:00,1.16054,1.16154,1.1582,1.15906,51659
2850,7,H4,M,2026-03-03 14:00:00,1.15905,1.16062,1.15303,1.15905,85937
2851,7,H4,M,2026-03-03 18:00:00,1.15904,1.16259,1.15899,1.16124,37856
2852,7,H4,M,2026-03-03 22:00:00,1.1613,1.16205,1.15748,1.15938,24047
2853,7,H4,M,2026-03-04 02:00:00,1.15939,1.16104,1.1587,1.15952,26293
2854,7,H4,M,2026-03-04 06:00:00,1.15952,1.16282,1.15898,1.16086,38700
2855,7,H4,M,2026-03-04 10:00:00,1.16086,1.16549,1.16086,1.16311,48531
2856,7,H4,M,2026-03-04 14:00:00,1.1631,1.16462,1.16165,1.16331,47450
2857,7,H4,M,2026-03-04 18:00:00,1.16332,1.16438,1.16234,1.16354,15420
2858,7,H4,M,2026-03-04 22:00:00,1.16304,1.16474,1.16271,1.16282,14664
2859,7,H4,M,2026-03-05 02:00:00,1.16282,1.16318,1.1594,1.15945,20485
2860,7,H4,M,2026-03-05 06:00:00,1.15944,1.16447,1.15816,1.16226,56231
2861,7,H4,M,2026-03-05 10:00:00,1.16226,1.16317,1.15896,1.15974,35079
2862,7,H4,M,2026-03-05 14:00:00,1.15973,1.16092,1.1559,1.1588,63936
2863,7,H4,M,2026-03-05 18:00:00,1.1588,1.16104,1.15701,1.16086,42970
2864,7,H4,M,2026-03-05 22:00:00,1.16088,1.16202,1.16034,1.16151,13862
2865,7,H4,M,2026-03-06 02:00:00,1.1615,1.16212,1.16057,1.16064,14389
2866,7,H4,M,2026-03-06 06:00:00,1.16064,1.16183,1.15718,1.15744,29099
2867,7,H4,M,2026-03-06 10:00:00,1.15743,1.15964,1.15502,1.1555,55966
2868,7,H4,M,2026-03-06 14:00:00,1.1555,1.16131,1.15461,1.15956,79019
2869,7,H4,M,2026-03-06 18:00:00,1.15958,1.16214,1.1593,1.16168,34799
2870,7,H4,M,2026-03-08 21:00:00,1.1549,1.15574,1.15162,1.15172,32217
2871,7,H4,M,2026-03-09 01:00:00,1.15172,1.15296,1.15072,1.1526,35971
2872,7,H4,M,2026-03-09 05:00:00,1.15259,1.15716,1.15154,1.15348,67189
2873,7,H4,M,2026-03-09 09:00:00,1.15348,1.15732,1.1531,1.15534,63874
2874,7,H4,M,2026-03-09 13:00:00,1.15536,1.15994,1.15474,1.15876,77374
2875,7,H4,M,2026-03-09 17:00:00,1.15876,1.16378,1.15753,1.16372,50040
2876,7,H4,M,2026-03-09 21:00:00,1.16365,1.16458,1.16116,1.16264,20995
2877,7,H4,M,2026-03-10 01:00:00,1.16262,1.163,1.1607,1.16118,26806
2878,7,H4,M,2026-03-10 05:00:00,1.16118,1.16636,1.16117,1.16458,33332
2879,7,H4,M,2026-03-10 09:00:00,1.16456,1.1659,1.16203,1.16345,45118
2880,7,H4,M,2026-03-10 13:00:00,1.16346,1.16552,1.1627,1.1652,46051
2881,7,H4,M,2026-03-10 17:00:00,1.16518,1.16672,1.16058,1.16084,54728
2882,7,H4,M,2026-03-10 21:00:00,1.16091,1.16248,1.16029,1.1618,12077
2883,7,H4,M,2026-03-11 01:00:00,1.1618,1.16352,1.16125,1.16338,19141
2884,7,H4,M,2026-03-11 05:00:00,1.16338,1.16456,1.16036,1.16126,34448
2885,7,H4,M,2026-03-11 09:00:00,1.16127,1.1614,1.15774,1.15824,48086
2886,7,H4,M,2026-03-11 13:00:00,1.15825,1.16128,1.15632,1.1571,61707
2887,7,H4,M,2026-03-11 17:00:00,1.1571,1.15764,1.15608,1.1567,23559
2888,7,H4,M,2026-03-11 21:00:00,1.15668,1.15745,1.15342,1.15458,13973
2889,7,H4,M,2026-03-12 01:00:00,1.1546,1.15556,1.15321,1.15332,18062
2890,7,H4,M,2026-03-12 05:00:00,1.1533,1.15561,1.15327,1.15474,24121
2891,7,H4,M,2026-03-12 09:00:00,1.15473,1.15663,1.15326,1.15393,25435
2892,7,H4,M,2026-03-12 13:00:00,1.15394,1.15504,1.1511,1.1522,62370
2893,7,H4,M,2026-03-12 17:00:00,1.1522,1.15319,1.15102,1.15109,22523
2894,7,H4,M,2026-03-12 21:00:00,1.1513,1.15284,1.1511,1.15235,9904
2895,7,H4,M,2026-03-13 01:00:00,1.15235,1.15298,1.15,1.15033,16375
2896,7,H4,M,2026-03-13 05:00:00,1.15034,1.15066,1.1433,1.14452,30197
2897,7,H4,M,2026-03-13 09:00:00,1.14452,1.14886,1.14452,1.14779,42361
2898,7,H4,M,2026-03-13 13:00:00,1.1478,1.14902,1.14345,1.14422,53966
2899,7,H4,M,2026-03-13 17:00:00,1.1442,1.14462,1.1411,1.14166,23073
2900,7,H4,M,2026-03-15 21:00:00,1.1424,1.14556,1.1419,1.14549,16963
2901,7,H4,M,2026-03-16 01:00:00,1.1455,1.14566,1.14397,1.14416,16728
2902,7,H4,M,2026-03-16 05:00:00,1.14416,1.14454,1.14143,1.14448,24203
2903,7,H4,M,2026-03-16 09:00:00,1.1445,1.1488,1.1441,1.14739,32283
2904,7,H4,M,2026-03-16 13:00:00,1.1474,1.15022,1.1474,1.14935,38179
2905,7,H4,M,2026-03-16 17:00:00,1.14936,1.1525,1.14906,1.15058,25775
2906,7,H4,M,2026-03-16 21:00:00,1.1506,1.15129,1.14892,1.14926,8796
2907,7,H4,M,2026-03-17 01:00:00,1.14924,1.1503,1.14865,1.14972,11877
2908,7,H4,M,2026-03-17 05:00:00,1.14972,1.15182,1.1466,1.15105,23103
2909,7,H4,M,2026-03-17 09:00:00,1.15107,1.15248,1.1504,1.15242,27323
2910,7,H4,M,2026-03-17 13:00:00,1.15244,1.15438,1.15182,1.15281,40764
2911,7,H4,M,2026-03-17 17:00:00,1.1528,1.15472,1.15265,1.15401,14029
2912,7,H4,M,2026-03-17 21:00:00,1.1538,1.15446,1.1532,1.15326,15850
2913,7,H4,M,2026-03-18 01:00:00,1.15327,1.15426,1.15322,1.15417,9457
2914,7,H4,M,2026-03-18 05:00:00,1.15417,1.15494,1.15178,1.15325,15871
2915,7,H4,M,2026-03-18 09:00:00,1.15324,1.15554,1.15056,1.15075,32619
2916,7,H4,M,2026-03-18 13:00:00,1.15074,1.15296,1.14906,1.15108,47966
2917,7,H4,M,2026-03-18 17:00:00,1.15108,1.15252,1.14499,1.14516,40343
2918,7,H4,M,2026-03-18 21:00:00,1.14516,1.14744,1.14512,1.14741,14212
2919,7,H4,M,2026-03-19 01:00:00,1.14742,1.14914,1.1467,1.1469,17438
2920,7,H4,M,2026-03-19 05:00:00,1.14688,1.14768,1.1443,1.1451,35336
2921,7,H4,M,2026-03-19 09:00:00,1.14512,1.14899,1.1451,1.14873,54468
2922,7,H4,M,2026-03-19 13:00:00,1.14871,1.1539,1.14692,1.15358,98577
2923,7,H4,M,2026-03-19 17:00:00,1.15359,1.16164,1.15358,1.15891,50384
2924,7,H4,M,2026-03-19 21:00:00,1.15886,1.15952,1.1571,1.15739,10548
2925,7,H4,M,2026-03-20 01:00:00,1.15738,1.15771,1.1555,1.15556,13034
2926,7,H4,M,2026-03-20 05:00:00,1.15556,1.15808,1.15524,1.15678,22697
2927,7,H4,M,2026-03-20 09:00:00,1.15678,1.158,1.15351,1.15644,39993
2928,7,H4,M,2026-03-20 13:00:00,1.15646,1.15666,1.15246,1.15592,62246
2929,7,H4,M,2026-03-20 17:00:00,1.15594,1.15722,1.1547,1.15711,38421
2930,7,H4,M,2026-03-22 21:00:00,1.15378,1.15648,1.15372,1.15444,18580
2931,7,H4,M,2026-03-23 01:00:00,1.15443,1.15617,1.15426,1.15506,24617
2932,7,H4,M,2026-03-23 05:00:00,1.15504,1.15525,1.15205,1.15297,38480
2933,7,H4,M,2026-03-23 09:00:00,1.15301,1.162,1.14846,1.16127,133817
2934,7,H4,M,2026-03-23 13:00:00,1.1613,1.16399,1.15764,1.15911,128500
2935,7,H4,M,2026-03-23 17:00:00,1.15912,1.16374,1.15867,1.16112,42383
2936,7,H4,M,2026-03-23 21:00:00,1.16138,1.16178,1.15812,1.15884,18574
2937,7,H4,M,2026-03-24 01:00:00,1.15886,1.1596,1.15758,1.15802,27708
2938,7,H4,M,2026-03-24 05:00:00,1.15803,1.1618,1.15758,1.15884,45504
2939,7,H4,M,2026-03-24 09:00:00,1.15886,1.16008,1.15788,1.15846,40371
2940,7,H4,M,2026-03-24 13:00:00,1.15848,1.1607,1.15672,1.15827,73914
2941,7,H4,M,2026-03-24 17:00:00,1.15826,1.16284,1.1557,1.16076,56893
2942,7,H4,M,2026-03-24 21:00:00,1.16064,1.16307,1.16018,1.16234,19310
2943,7,H4,M,2026-03-25 01:00:00,1.16232,1.16245,1.15975,1.15979,20103
2944,7,H4,M,2026-03-25 05:00:00,1.15978,1.16166,1.1587,1.16027,30122
2945,7,H4,M,2026-03-25 09:00:00,1.16028,1.16138,1.15864,1.15914,38388
2946,7,H4,M,2026-03-25 13:00:00,1.15915,1.1599,1.15554,1.15676,55519
2947,7,H4,M,2026-03-25 17:00:00,1.15674,1.15838,1.1556,1.15593,24282
2948,7,H4,M,2026-03-25 21:00:00,1.1559,1.15648,1.1554,1.15583,7648
2949,7,H4,M,2026-03-26 01:00:00,1.15581,1.15724,1.15548,1.15694,12991
2950,7,H4,M,2026-03-26 05:00:00,1.15696,1.15699,1.15476,1.15598,23255
2951,7,H4,M,2026-03-26 09:00:00,1.15597,1.15652,1.15226,1.15351,28809
2952,7,H4,M,2026-03-26 13:00:00,1.15352,1.1555,1.15309,1.15357,51487
2953,7,H4,M,2026-03-26 17:00:00,1.15356,1.15591,1.15196,1.15294,30341
2954,7,H4,M,2026-03-26 21:00:00,1.15322,1.15406,1.15244,1.15305,11720
2955,7,H4,M,2026-03-27 01:00:00,1.15304,1.15438,1.15297,1.15428,14529
2956,7,H4,M,2026-03-27 05:00:00,1.15429,1.15463,1.15158,1.15207,21774
2957,7,H4,M,2026-03-27 09:00:00,1.15202,1.15262,1.15018,1.15151,25673
2958,7,H4,M,2026-03-27 13:00:00,1.15152,1.1548,1.15141,1.15192,47893
2959,7,H4,M,2026-03-27 17:00:00,1.1519,1.15292,1.15063,1.15114,23057
2960,7,H4,M,2026-03-29 21:00:00,1.15029,1.15128,1.14876,1.15068,20581
2961,7,H4,M,2026-03-30 01:00:00,1.15068,1.15213,1.15014,1.15136,16405
2962,7,H4,M,2026-03-30 05:00:00,1.15136,1.15202,1.14907,1.14962,22243
2963,7,H4,M,2026-03-30 09:00:00,1.14963,1.15004,1.1473,1.14828,31602
2964,7,H4,M,2026-03-30 13:00:00,1.14827,1.1488,1.14432,1.14602,42439
2965,7,H4,M,2026-03-30 17:00:00,1.14602,1.14662,1.14538,1.14618,17496
2966,7,H4,M,2026-03-30 21:00:00,1.14588,1.14763,1.14471,1.14748,15426
2967,7,H4,M,2026-03-31 01:00:00,1.14747,1.14908,1.14664,1.14692,20469
2968,7,H4,M,2026-03-31 05:00:00,1.14692,1.14758,1.14608,1.14672,25715
2969,7,H4,M,2026-03-31 09:00:00,1.14672,1.15099,1.14576,1.1503,39112
2970,7,H4,M,2026-03-31 13:00:00,1.15031,1.15598,1.15006,1.15404,81234
2971,7,H4,M,2026-03-31 17:00:00,1.15404,1.15634,1.15384,1.15532,43814
2972,7,H4,M,2026-03-31 21:00:00,1.1554,1.1579,1.15528,1.15745,11651
2973,7,H4,M,2026-04-01 01:00:00,1.15744,1.15756,1.15549,1.15654,17078
2974,7,H4,M,2026-04-01 05:00:00,1.15654,1.16108,1.1562,1.15964,46696
2975,7,H4,M,2026-04-01 09:00:00,1.15966,1.16238,1.15809,1.16047,43411
2976,7,H4,M,2026-04-01 13:00:00,1.16048,1.16272,1.15986,1.1619,55265
2977,7,H4,M,2026-04-01 17:00:00,1.16192,1.16234,1.15763,1.15908,23094
2978,7,H4,M,2026-04-01 21:00:00,1.15888,1.1598,1.15852,1.15957,12120
2979,7,H4,M,2026-04-02 01:00:00,1.15954,1.16058,1.15322,1.1537,56247
2980,7,H4,M,2026-04-02 05:00:00,1.15372,1.1539,1.15152,1.15254,30811
2981,7,H4,M,2026-04-02 09:00:00,1.15254,1.1532,1.15092,1.15248,27667
2982,7,H4,M,2026-04-02 13:00:00,1.15248,1.15639,1.15204,1.15394,66995
2983,7,H4,M,2026-04-02 17:00:00,1.15393,1.15492,1.15322,1.154,17361
2984,7,H4,M,2026-04-02 21:00:00,1.15385,1.15452,1.15381,1.15382,5083
2985,7,H4,M,2026-04-03 01:00:00,1.15382,1.154,1.15322,1.15338,6904
2986,7,H4,M,2026-04-03 05:00:00,1.15338,1.15464,1.15294,1.1543,5620
2987,7,H4,M,2026-04-03 09:00:00,1.1543,1.15492,1.15177,1.1531,12372
2988,7,H4,M,2026-04-03 13:00:00,1.15308,1.15386,1.1519,1.1519,14530
2989,7,H4,M,2026-04-03 17:00:00,1.1519,1.15348,1.15134,1.15222,8189
2990,7,H4,M,2026-04-05 21:00:00,1.15238,1.1524,1.15053,1.15118,16528
2991,7,H4,M,2026-04-06 01:00:00,1.15118,1.15288,1.15064,1.15244,17578
2992,7,H4,M,2026-04-06 05:00:00,1.15244,1.15688,1.1522,1.15553,26634
2993,7,H4,M,2026-04-06 09:00:00,1.15554,1.15606,1.15377,1.15534,23422
2994,7,H4,M,2026-04-06 13:00:00,1.15536,1.15716,1.15356,1.1545,40412
2995,7,H4,M,2026-04-06 17:00:00,1.15451,1.15528,1.15342,1.15433,23697
2996,7,H4,M,2026-04-06 21:00:00,1.15414,1.1548,1.15366,1.15376,10493
2997,7,H4,M,2026-04-07 01:00:00,1.15376,1.15403,1.15242,1.15383,13298
2998,7,H4,M,2026-04-07 05:00:00,1.15385,1.15756,1.15302,1.15737,32092
2999,7,H4,M,2026-04-07 09:00:00,1.15735,1.15756,1.15458,1.15606,40970
3000,7,H4,M,2026-04-07 13:00:00,1.15604,1.15836,1.1556,1.15716,48598
3001,7,H4,M,2026-04-07 17:00:00,1.15716,1.16052,1.15664,1.15975,37758
3002,7,H4,M,2026-04-07 21:00:00,1.15962,1.1697,1.15889,1.16718,81835
3003,7,H4,M,2026-04-08 01:00:00,1.16718,1.16884,1.16662,1.16763,38824
3004,7,H4,M,2026-04-08 05:00:00,1.16764,1.17086,1.16689,1.16812,50296
3005,7,H4,M,2026-04-08 09:00:00,1.16814,1.17182,1.16776,1.17141,44010
3006,7,H4,M,2026-04-08 13:00:00,1.1714,1.17218,1.1677,1.16818,59670
3007,7,H4,M,2026-04-08 17:00:00,1.16817,1.16854,1.16434,1.16622,35090
3008,7,H4,M,2026-04-08 21:00:00,1.16615,1.16678,1.1653,1.16572,10499
3009,7,H4,M,2026-04-09 01:00:00,1.16572,1.16712,1.16504,1.16664,14077
3010,7,H4,M,2026-04-09 05:00:00,1.16665,1.1675,1.16544,1.1672,21667
3011,7,H4,M,2026-04-09 09:00:00,1.16721,1.169,1.16686,1.1686,23158
3012,7,H4,M,2026-04-09 13:00:00,1.16861,1.17142,1.16742,1.17106,46027
3013,7,H4,M,2026-04-09 17:00:00,1.17107,1.17234,1.16954,1.1699,23608
3014,7,H4,M,2026-04-09 21:00:00,1.17021,1.17026,1.16854,1.16879,9921
3015,7,H4,M,2026-04-10 01:00:00,1.1688,1.1697,1.16862,1.1692,9473
3016,7,H4,M,2026-04-10 05:00:00,1.16922,1.16936,1.16774,1.16859,17159
3017,7,H4,M,2026-04-10 09:00:00,1.16858,1.17258,1.16847,1.17209,31286
3018,7,H4,M,2026-04-10 13:00:00,1.17206,1.17396,1.17138,1.17204,40884
3019,7,H4,M,2026-04-10 17:00:00,1.17205,1.17354,1.17189,1.1725,17857
3020,7,H4,M,2026-04-12 21:00:00,1.16666,1.16876,1.1664,1.16876,21185
3021,7,H4,M,2026-04-13 01:00:00,1.16878,1.16902,1.16804,1.16862,11814
3022,7,H4,M,2026-04-13 05:00:00,1.16862,1.17002,1.1678,1.1686,22111
3023,7,H4,M,2026-04-13 09:00:00,1.16861,1.16998,1.16806,1.16984,23300
3024,7,H4,M,2026-04-13 13:00:00,1.16986,1.17314,1.16964,1.1725,43646
3025,7,H4,M,2026-04-13 17:00:00,1.1725,1.1766,1.17246,1.17588,18932
3026,7,H4,M,2026-04-13 21:00:00,1.17576,1.17681,1.17554,1.17664,9152
3027,7,H4,M,2026-04-14 01:00:00,1.17664,1.177,1.17563,1.17669,8578
3028,7,H4,M,2026-04-14 05:00:00,1.17668,1.17966,1.17582,1.17827,25392
3029,7,H4,M,2026-04-14 09:00:00,1.17828,1.18064,1.17819,1.18046,26711
3030,7,H4,M,2026-04-14 13:00:00,1.18046,1.18112,1.17875,1.17942,38189
3031,7,H4,M,2026-04-14 17:00:00,1.17942,1.17996,1.17905,1.1796,13433
3032,7,H4,M,2026-04-14 21:00:00,1.17966,1.1802,1.17894,1.17941,10269
3033,7,H4,M,2026-04-15 01:00:00,1.17938,1.17969,1.1779,1.17886,10681
3034,7,H4,M,2026-04-15 05:00:00,1.17886,1.17993,1.17828,1.17894,21654
3035,7,H4,M,2026-04-15 09:00:00,1.17895,1.1793,1.1772,1.17882,34002
3036,7,H4,M,2026-04-15 13:00:00,1.17881,1.1808,1.17842,1.1801,35035
3037,7,H4,M,2026-04-15 17:00:00,1.1801,1.18048,1.17927,1.17994,15803
3038,7,H4,M,2026-04-15 21:00:00,1.18002,1.18086,1.17978,1.18074,7349
3039,7,H4,M,2026-04-16 01:00:00,1.18072,1.18239,1.1797,1.18094,12631
3040,7,H4,M,2026-04-16 05:00:00,1.18094,1.18101,1.17766,1.17864,22660
3041,7,H4,M,2026-04-16 09:00:00,1.17863,1.17887,1.17726,1.17816,20904
3042,7,H4,M,2026-04-16 13:00:00,1.17817,1.17872,1.17669,1.1775,37888
3043,7,H4,M,2026-04-16 17:00:00,1.1775,1.17858,1.17682,1.17826,16256
3044,7,H4,M,2026-04-16 21:00:00,1.17793,1.17872,1.17771,1.1779,6413
3045,7,H4,M,2026-04-17 01:00:00,1.1779,1.17854,1.17731,1.17827,9423
3046,7,H4,M,2026-04-17 05:00:00,1.17826,1.17957,1.17724,1.17939,18971
3047,7,H4,M,2026-04-17 09:00:00,1.1794,1.18374,1.1791,1.18354,30190
3048,7,H4,M,2026-04-17 13:00:00,1.18355,1.18492,1.17919,1.17988,64788
3049,7,H4,M,2026-04-17 17:00:00,1.17986,1.17986,1.17606,1.17638,26161
3050,7,H4,M,2026-04-19 21:00:00,1.17408,1.17572,1.17286,1.17545,17445
3051,7,H4,M,2026-04-20 01:00:00,1.17544,1.17626,1.17506,1.17592,12255
3052,7,H4,M,2026-04-20 05:00:00,1.1759,1.1772,1.1747,1.17612,29565
3053,7,H4,M,2026-04-20 09:00:00,1.17612,1.17755,1.17552,1.1765,22061
3054,7,H4,M,2026-04-20 13:00:00,1.17651,1.17896,1.17613,1.17858,43608
3055,7,H4,M,2026-04-20 17:00:00,1.17859,1.17904,1.17788,1.17872,15763
3056,7,H4,M,2026-04-20 21:00:00,1.17876,1.17911,1.17808,1.17829,8802
3057,7,H4,M,2026-04-21 01:00:00,1.1783,1.17862,1.17732,1.17756,9807
3058,7,H4,M,2026-04-21 05:00:00,1.17758,1.17823,1.1757,1.17653,24371
3059,7,H4,M,2026-04-21 09:00:00,1.1765,1.17684,1.17542,1.17594,23795
3060,7,H4,M,2026-04-21 13:00:00,1.17594,1.1776,1.17404,1.17416,38988
3061,7,H4,M,2026-04-21 17:00:00,1.17416,1.17638,1.17188,1.17438,57142
3062,7,H4,M,2026-04-21 21:00:00,1.17476,1.17514,1.1735,1.17439,9456
3063,7,H4,M,2026-04-22 01:00:00,1.17438,1.17484,1.17377,1.17396,10663
3064,7,H4,M,2026-04-22 05:00:00,1.17396,1.17627,1.17391,1.17538,24172
3065,7,H4,M,2026-04-22 09:00:00,1.17535,1.17574,1.17248,1.17277,23885
3066,7,H4,M,2026-04-22 13:00:00,1.17276,1.17432,1.171,1.17126,35767
3067,7,H4,M,2026-04-22 17:00:00,1.17128,1.1717,1.17032,1.17066,13542
3068,7,H4,M,2026-04-22 21:00:00,1.17058,1.17137,1.16924,1.17118,14836
3069,7,H4,M,2026-04-23 01:00:00,1.17118,1.1713,1.16949,1.17002,17179
3070,7,H4,M,2026-04-23 05:00:00,1.17003,1.1712,1.16954,1.17016,22434
3071,7,H4,M,2026-04-23 09:00:00,1.17016,1.17024,1.1679,1.1692,31842
3072,7,H4,M,2026-04-23 13:00:00,1.16922,1.17166,1.16834,1.17022,34464
3073,7,H4,M,2026-04-23 17:00:00,1.17022,1.17028,1.16692,1.16827,47339
3074,7,H4,M,2026-04-23 21:00:00,1.16836,1.169,1.168,1.16854,10574
3075,7,H4,M,2026-04-24 01:00:00,1.16854,1.16894,1.16729,1.16792,12191
3076,7,H4,M,2026-04-24 05:00:00,1.16792,1.1696,1.16762,1.16898,19398
3077,7,H4,M,2026-04-24 09:00:00,1.169,1.17186,1.16842,1.17088,30884
3078,7,H4,M,2026-04-24 13:00:00,1.1709,1.17198,1.16986,1.17191,40478
3079,7,H4,M,2026-04-24 17:00:00,1.17192,1.17236,1.17112,1.17187,16608
3080,7,H4,M,2026-04-26 21:00:00,1.16999,1.17172,1.16994,1.17162,8332
3081,7,H4,M,2026-04-27 01:00:00,1.17162,1.17327,1.17162,1.17267,14212
3082,7,H4,M,2026-04-27 05:00:00,1.17266,1.17509,1.17168,1.17485,19693
3083,7,H4,M,2026-04-27 09:00:00,1.17486,1.1755,1.17379,1.17444,17973
3084,7,H4,M,2026-04-27 13:00:00,1.17445,1.17542,1.17252,1.1726,26380
3085,7,H4,M,2026-04-27 17:00:00,1.1726,1.17301,1.17189,1.17208,11416
3086,7,H4,M,2026-04-27 21:00:00,1.17218,1.1727,1.17172,1.17188,7190
3087,7,H4,M,2026-04-28 01:00:00,1.17186,1.17188,1.1708,1.17126,12472
3088,7,H4,M,2026-04-28 05:00:00,1.17126,1.17134,1.1686,1.17023,24585
3089,7,H4,M,2026-04-28 09:00:00,1.1702,1.17022,1.16775,1.16969,30948
3090,7,H4,M,2026-04-28 13:00:00,1.1697,1.1717,1.16884,1.17105,37876
3091,7,H4,M,2026-04-28 17:00:00,1.17104,1.17177,1.17066,1.17127,13082
3092,7,H4,M,2026-04-28 21:00:00,1.1713,1.17208,1.17129,1.17156,5634
3093,7,H4,M,2026-04-29 01:00:00,1.17158,1.17168,1.17044,1.17056,12253
3094,7,H4,M,2026-04-29 05:00:00,1.17057,1.17083,1.16936,1.17002,20650
3095,7,H4,M,2026-04-29 09:00:00,1.17003,1.17098,1.16935,1.1699,23343
3096,7,H4,M,2026-04-29 13:00:00,1.1699,1.17042,1.16826,1.16847,42435
3097,7,H4,M,2026-04-29 17:00:00,1.16846,1.1691,1.16612,1.16758,40212
3098,7,H4,M,2026-04-29 21:00:00,1.16789,1.16896,1.16711,1.16793,11949
3099,7,H4,M,2026-04-30 01:00:00,1.16792,1.16818,1.16551,1.16601,19194
3100,7,H4,M,2026-04-30 05:00:00,1.16602,1.16976,1.1658,1.168,30233
3101,7,H4,M,2026-04-30 09:00:00,1.16802,1.17197,1.16732,1.16926,72181
3102,7,H4,M,2026-04-30 13:00:00,1.16926,1.17358,1.16819,1.17256,62368
3103,7,H4,M,2026-04-30 17:00:00,1.17255,1.17418,1.1722,1.17308,22608
3104,7,H4,M,2026-04-30 21:00:00,1.17306,1.17363,1.17243,1.17276,10234
3105,7,H4,M,2026-05-01 01:00:00,1.17277,1.17364,1.17252,1.17268,10667
3106,7,H4,M,2026-05-01 05:00:00,1.17268,1.17482,1.17188,1.17436,28128
3107,7,H4,M,2026-05-01 09:00:00,1.17436,1.17688,1.17308,1.17576,24960
3108,7,H4,M,2026-05-01 13:00:00,1.17575,1.17852,1.17378,1.17382,48309
3109,7,H4,M,2026-05-01 17:00:00,1.17382,1.17404,1.17156,1.17212,19316
3110,7,H4,M,2026-05-03 21:00:00,1.17478,1.17502,1.17216,1.17271,11447
3111,7,H4,M,2026-05-04 01:00:00,1.1727,1.1739,1.17202,1.17292,21461
3112,7,H4,M,2026-05-04 05:00:00,1.17292,1.17372,1.17114,1.17192,23516
3113,7,H4,M,2026-05-04 09:00:00,1.17194,1.1724,1.16888,1.17092,39434
3114,7,H4,M,2026-05-04 13:00:00,1.17092,1.17179,1.1681,1.16823,52415
3115,7,H4,M,2026-05-04 17:00:00,1.16824,1.17024,1.16816,1.16918,22256
3116,7,H4,M,2026-05-04 21:00:00,1.16912,1.1694,1.16851,1.16864,5667
3117,7,H4,M,2026-05-05 01:00:00,1.16864,1.16916,1.1677,1.16778,10455
3118,7,H4,M,2026-05-05 05:00:00,1.16776,1.16968,1.16766,1.16888,23486
3119,7,H4,M,2026-05-05 09:00:00,1.16888,1.1698,1.16812,1.16924,26785
3120,7,H4,M,2026-05-05 13:00:00,1.16925,1.17136,1.16916,1.16994,34995
3121,7,H4,M,2026-05-05 17:00:00,1.16996,1.17042,1.16923,1.1693,11850
3122,7,H4,M,2026-05-05 21:00:00,1.16924,1.17256,1.16917,1.17204,15011
3123,7,H4,M,2026-05-06 01:00:00,1.17201,1.1743,1.17156,1.1737,24689
3124,7,H4,M,2026-05-06 05:00:00,1.1737,1.17708,1.17244,1.17625,35248
3125,7,H4,M,2026-05-06 09:00:00,1.17623,1.17967,1.17518,1.17537,48778
3126,7,H4,M,2026-05-06 13:00:00,1.17536,1.1763,1.17418,1.17444,40592
3127,7,H4,M,2026-05-06 17:00:00,1.17444,1.17556,1.17429,1.17484,16539
3128,7,H4,M,2026-05-06 21:00:00,1.17463,1.17542,1.17454,1.17486,9386
3129,7,H4,M,2026-05-07 01:00:00,1.17487,1.17634,1.17466,1.17508,14865
3130,7,H4,M,2026-05-07 05:00:00,1.17509,1.17742,1.1745,1.17718,29247
3131,7,H4,M,2026-05-07 09:00:00,1.17718,1.17784,1.17624,1.1773,25786
3132,7,H4,M,2026-05-07 13:00:00,1.17729,1.1778,1.17565,1.17604,38692
3133,7,H4,M,2026-05-07 17:00:00,1.17607,1.1761,1.17224,1.17237,39809
3134,7,H4,M,2026-05-07 21:00:00,1.17282,1.17348,1.17232,1.1727,11311
3135,7,H4,M,2026-05-08 01:00:00,1.17271,1.1736,1.17246,1.17354,14012
3136,7,H4,M,2026-05-08 05:00:00,1.17355,1.17659,1.1733,1.1764,22374
3137,7,H4,M,2026-05-08 09:00:00,1.1764,1.17788,1.17576,1.17741,27949
3138,7,H4,M,2026-05-08 13:00:00,1.1774,1.17872,1.17664,1.17712,35045
3139,7,H4,M,2026-05-08 17:00:00,1.17712,1.17881,1.17706,1.17852,14472
3140,7,H4,M,2026-05-10 21:00:00,1.17524,1.17721,1.17483,1.177,10859
3141,7,H4,M,2026-05-11 01:00:00,1.177,1.17712,1.17502,1.17506,11099
3142,7,H4,M,2026-05-11 05:00:00,1.17504,1.17823,1.17488,1.17714,17848
3143,7,H4,M,2026-05-11 09:00:00,1.17714,1.17747,1.17635,1.17745,19170
3144,7,H4,M,2026-05-11 13:00:00,1.17747,1.17878,1.17724,1.17733,28099
3145,7,H4,M,2026-05-11 17:00:00,1.17734,1.1783,1.1771,1.17824,11409
3146,7,H4,M,2026-05-11 21:00:00,1.17814,1.17878,1.17663,1.17672,7010
3147,7,H4,M,2026-05-12 01:00:00,1.17672,1.17691,1.17547,1.17571,13936
3148,7,H4,M,2026-05-12 05:00:00,1.17572,1.17682,1.17394,1.17446,26457
3149,7,H4,M,2026-05-12 09:00:00,1.17445,1.17516,1.17349,1.17478,25740
3150,7,H4,M,2026-05-12 13:00:00,1.17476,1.175,1.17218,1.17283,35992
3151,7,H4,M,2026-05-12 17:00:00,1.17284,1.17468,1.17274,1.17403,14772
3152,7,H4,M,2026-05-12 21:00:00,1.17366,1.17414,1.1733,1.17382,6773
3153,7,H4,M,2026-05-13 01:00:00,1.17382,1.17418,1.1732,1.17346,10206
3154,7,H4,M,2026-05-13 05:00:00,1.17346,1.1737,1.17004,1.17032,17316
3155,7,H4,M,2026-05-13 09:00:00,1.17032,1.17172,1.16954,1.17018,23992
3156,7,H4,M,2026-05-13 13:00:00,1.17019,1.1718,1.17011,1.17088,28171
3157,7,H4,M,2026-05-13 17:00:00,1.17086,1.1714,1.17042,1.17136,12646
3158,7,H4,M,2026-05-13 21:00:00,1.17102,1.17186,1.17102,1.17172,6030
3159,7,H4,M,2026-05-14 01:00:00,1.1717,1.17178,1.17097,1.17144,12009
3160,7,H4,M,2026-05-14 05:00:00,1.17146,1.17216,1.1705,1.17111,19986
3161,7,H4,M,2026-05-14 09:00:00,1.17112,1.17134,1.16964,1.16971,20959
3162,7,H4,M,2026-05-14 13:00:00,1.16972,1.17002,1.16708,1.16764,35414
3163,7,H4,M,2026-05-14 17:00:00,1.16764,1.16808,1.16657,1.16698,14608
3164,7,H4,M,2026-05-14 21:00:00,1.16702,1.1674,1.16523,1.16554,8978
3165,7,H4,M,2026-05-15 01:00:00,1.16553,1.16576,1.16458,1.16474,15075
3166,7,H4,M,2026-05-15 05:00:00,1.16475,1.1649,1.16306,1.1633,29556
3167,7,H4,M,2026-05-15 09:00:00,1.1633,1.16555,1.16172,1.16264,34103
3168,7,H4,M,2026-05-15 13:00:00,1.16264,1.16379,1.1619,1.16299,37388
3169,7,H4,M,2026-05-15 17:00:00,1.163,1.16356,1.1617,1.16252,15019
3170,7,H4,M,2026-05-17 21:00:00,1.16196,1.1625,1.16082,1.16116,13615
3171,7,H4,M,2026-05-18 01:00:00,1.16116,1.16262,1.16085,1.16208,17782
3172,7,H4,M,2026-05-18 05:00:00,1.16208,1.16453,1.16169,1.16416,23636
3173,7,H4,M,2026-05-18 09:00:00,1.16415,1.16574,1.16265,1.16514,29938
3174,7,H4,M,2026-05-18 13:00:00,1.16513,1.16563,1.16334,1.16516,41542
3545,7,D,M,2025-10-21 21:00:00,1.15998,1.16226,1.1577,1.161,145325
3546,7,D,M,2025-10-22 21:00:00,1.16124,1.16202,1.15854,1.16181,111400
3547,7,D,M,2025-10-23 21:00:00,1.16168,1.16503,1.16009,1.16254,140613
3548,7,D,M,2025-10-26 21:00:00,1.16358,1.1652,1.16178,1.1645,114009
3549,7,D,M,2025-10-27 21:00:00,1.16456,1.16688,1.16256,1.16522,126107
3550,7,D,M,2025-10-28 21:00:00,1.1651,1.16659,1.15776,1.16006,179062
3551,7,D,M,2025-10-29 21:00:00,1.1601,1.16374,1.1547,1.15653,157042
3552,7,D,M,2025-10-30 21:00:00,1.15673,1.15776,1.15216,1.15363,122525
3553,7,D,M,2025-11-02 22:00:00,1.15317,1.15414,1.15052,1.1519,122620
3554,7,D,M,2025-11-03 22:00:00,1.152,1.15337,1.14732,1.14826,118120
3555,7,D,M,2025-11-04 22:00:00,1.14834,1.14981,1.14686,1.14925,115553
3556,7,D,M,2025-11-05 22:00:00,1.14913,1.15523,1.14907,1.15471,116101
3557,7,D,M,2025-11-06 22:00:00,1.1545,1.15911,1.15296,1.15664,112540
3558,7,D,M,2025-11-09 22:00:00,1.15578,1.15831,1.15412,1.15571,110113
3559,7,D,M,2025-11-10 22:00:00,1.15564,1.16059,1.15472,1.15825,105547
3560,7,D,M,2025-11-11 22:00:00,1.1587,1.15977,1.1563,1.15932,100805
3561,7,D,M,2025-11-12 22:00:00,1.1593,1.16562,1.1579,1.16345,124588
3562,7,D,M,2025-11-13 22:00:00,1.16372,1.16538,1.1606,1.1622,143187
3563,7,D,M,2025-11-16 22:00:00,1.16199,1.16246,1.1582,1.15923,100026
3564,7,D,M,2025-11-17 22:00:00,1.15923,1.16078,1.15715,1.15807,117648
3565,7,D,M,2025-11-18 22:00:00,1.15818,1.15975,1.15178,1.15384,127761
3566,7,D,M,2025-11-19 22:00:00,1.1539,1.155,1.15024,1.15285,148588
3567,7,D,M,2025-11-20 22:00:00,1.15275,1.15525,1.14912,1.1513,149802
3568,7,D,M,2025-11-23 22:00:00,1.15193,1.15506,1.15019,1.15216,102703
3569,7,D,M,2025-11-24 22:00:00,1.15218,1.15861,1.15116,1.15697,138125
3570,7,D,M,2025-11-25 22:00:00,1.15706,1.16009,1.15471,1.15963,149322
3571,7,D,M,2025-11-26 22:00:00,1.15935,1.16136,1.15766,1.1596,78895
3572,7,D,M,2025-11-27 22:00:00,1.15962,1.16076,1.15553,1.15985,199089
3573,7,D,M,2025-11-30 22:00:00,1.15938,1.16526,1.15894,1.16092,139761
3574,7,D,M,2025-12-01 22:00:00,1.16104,1.1626,1.15912,1.16254,104878
3575,7,D,M,2025-12-02 22:00:00,1.16242,1.16778,1.16211,1.16714,117229
3576,7,D,M,2025-12-03 22:00:00,1.16716,1.1682,1.1641,1.16449,118825
3577,7,D,M,2025-12-04 22:00:00,1.16464,1.16718,1.1628,1.16438,110151
3578,7,D,M,2025-12-07 22:00:00,1.16401,1.16722,1.16165,1.1637,121531
3579,7,D,M,2025-12-08 22:00:00,1.16352,1.16573,1.16151,1.16266,109985
3580,7,D,M,2025-12-09 22:00:00,1.16275,1.16998,1.16216,1.16958,141026
3581,7,D,M,2025-12-10 22:00:00,1.16928,1.17628,1.16823,1.17384,118968
3582,7,D,M,2025-12-11 22:00:00,1.17388,1.17498,1.17196,1.17401,101241
3583,7,D,M,2025-12-14 22:00:00,1.1733,1.1769,1.17265,1.17539,98719
3584,7,D,M,2025-12-15 22:00:00,1.17521,1.18042,1.17346,1.1748,127183
3585,7,D,M,2025-12-16 22:00:00,1.17476,1.17582,1.17031,1.17401,115832
3586,7,D,M,2025-12-17 22:00:00,1.17408,1.17628,1.17124,1.17236,124570
3587,7,D,M,2025-12-18 22:00:00,1.17203,1.17378,1.17024,1.17096,103809
3588,7,D,M,2025-12-21 22:00:00,1.17196,1.17694,1.17064,1.17619,88226
3589,7,D,M,2025-12-22 22:00:00,1.1758,1.18022,1.17571,1.17934,101718
3590,7,D,M,2025-12-23 22:00:00,1.17927,1.1808,1.17726,1.1777,89168
3591,7,D,M,2025-12-25 22:00:00,1.17805,1.17968,1.17616,1.1771,120235
3592,7,D,M,2025-12-28 22:00:00,1.1768,1.17891,1.17494,1.17726,110313
3593,7,D,M,2025-12-29 22:00:00,1.1771,1.17798,1.17434,1.1748,88246
3594,7,D,M,2025-12-30 22:00:00,1.17466,1.17595,1.172,1.17459,98214
3595,7,D,M,2026-01-01 22:00:00,1.17498,1.1765,1.17132,1.17199,93337
3596,7,D,M,2026-01-04 22:00:00,1.17239,1.17288,1.16592,1.17216,125047
3597,7,D,M,2026-01-05 22:00:00,1.17206,1.17429,1.1684,1.16888,108960
3598,7,D,M,2026-01-06 22:00:00,1.16865,1.17027,1.16729,1.16759,107532
3599,7,D,M,2026-01-07 22:00:00,1.16751,1.1683,1.16426,1.16589,92793
3600,7,D,M,2026-01-08 22:00:00,1.16574,1.16622,1.16182,1.16364,112848
3601,7,D,M,2026-01-11 22:00:00,1.1633,1.16985,1.16217,1.16668,106474
3602,7,D,M,2026-01-12 22:00:00,1.167,1.1678,1.16342,1.16428,105906
3603,7,D,M,2026-01-13 22:00:00,1.16436,1.16618,1.16353,1.16454,98209
3604,7,D,M,2026-01-14 22:00:00,1.16469,1.16471,1.15932,1.16094,103044
3605,7,D,M,2026-01-15 22:00:00,1.16088,1.16275,1.15845,1.15988,100753
3606,7,D,M,2026-01-18 22:00:00,1.15802,1.16489,1.15782,1.1646,96680
3607,7,D,M,2026-01-19 22:00:00,1.16427,1.17693,1.16326,1.17268,159136
3608,7,D,M,2026-01-20 22:00:00,1.17245,1.1743,1.16762,1.16876,146415
3609,7,D,M,2026-01-21 22:00:00,1.16854,1.17566,1.16698,1.17552,109219
3610,7,D,M,2026-01-22 22:00:00,1.17528,1.18339,1.17283,1.18277,132460
3611,7,D,M,2026-01-25 22:00:00,1.18635,1.19072,1.1835,1.188,183615
3612,7,D,M,2026-01-26 22:00:00,1.18767,1.20831,1.18504,1.20409,210888
3613,7,D,M,2026-01-27 22:00:00,1.20395,1.20475,1.18958,1.19537,227691
3614,7,D,M,2026-01-28 22:00:00,1.19556,1.19966,1.19062,1.19707,216215
3615,7,D,M,2026-01-29 22:00:00,1.19693,1.19748,1.185,1.18508,272678
3616,7,D,M,2026-02-01 22:00:00,1.1851,1.18748,1.1776,1.17904,231634
3617,7,D,M,2026-02-02 22:00:00,1.1788,1.18292,1.178,1.1818,151751
3618,7,D,M,2026-02-03 22:00:00,1.18182,1.1838,1.17906,1.18055,151971
3619,7,D,M,2026-02-04 22:00:00,1.18058,1.18218,1.1775,1.17792,171251
3620,7,D,M,2026-02-05 22:00:00,1.17776,1.18262,1.17656,1.18168,113572
3621,7,D,M,2026-02-08 22:00:00,1.18126,1.19268,1.18097,1.19151,147532
3622,7,D,M,2026-02-09 22:00:00,1.19118,1.19288,1.18868,1.18949,124946
3623,7,D,M,2026-02-10 22:00:00,1.18951,1.19274,1.18332,1.18714,165735
3624,7,D,M,2026-02-11 22:00:00,1.18724,1.189,1.18524,1.18712,146898
3625,7,D,M,2026-02-12 22:00:00,1.18681,1.18846,1.18471,1.18678,128381
3626,7,D,M,2026-02-15 22:00:00,1.18709,1.18728,1.18464,1.18511,64843
3627,7,D,M,2026-02-16 22:00:00,1.18507,1.18547,1.1805,1.18536,118217
3628,7,D,M,2026-02-17 22:00:00,1.18529,1.18578,1.1782,1.17838,99772
3629,7,D,M,2026-02-18 22:00:00,1.17845,1.18077,1.1742,1.17716,119846
3630,7,D,M,2026-02-19 22:00:00,1.17715,1.18076,1.17434,1.17816,170121
3631,7,D,M,2026-02-22 22:00:00,1.17963,1.18348,1.17744,1.17854,129335
3632,7,D,M,2026-02-23 22:00:00,1.1789,1.17964,1.17662,1.17738,106499
3633,7,D,M,2026-02-24 22:00:00,1.17734,1.18144,1.1771,1.18101,107043
3634,7,D,M,2026-02-25 22:00:00,1.18089,1.1829,1.1774,1.17976,110939
3635,7,D,M,2026-02-26 22:00:00,1.17972,1.1827,1.1789,1.18172,114466
3636,7,D,M,2026-03-01 22:00:00,1.17685,1.17958,1.16719,1.169,200159
3637,7,D,M,2026-03-02 22:00:00,1.16868,1.1707,1.15303,1.16124,258949
3638,7,D,M,2026-03-03 22:00:00,1.1613,1.16549,1.15748,1.16354,200441
3639,7,D,M,2026-03-04 22:00:00,1.16304,1.16474,1.1559,1.16086,233365
3640,7,D,M,2026-03-05 22:00:00,1.16088,1.16214,1.15461,1.16168,227134
3641,7,D,M,2026-03-08 21:00:00,1.1549,1.16378,1.15072,1.16372,326665
3642,7,D,M,2026-03-09 21:00:00,1.16365,1.16672,1.16058,1.16084,227030
3643,7,D,M,2026-03-10 21:00:00,1.16091,1.16456,1.15608,1.1567,199018
3644,7,D,M,2026-03-11 21:00:00,1.15668,1.15745,1.15102,1.15109,166484
3645,7,D,M,2026-03-12 21:00:00,1.1513,1.15298,1.1411,1.14166,175876
3646,7,D,M,2026-03-15 21:00:00,1.1424,1.1525,1.14143,1.15058,154131
3647,7,D,M,2026-03-16 21:00:00,1.1506,1.15472,1.1466,1.15401,125892
3648,7,D,M,2026-03-17 21:00:00,1.1538,1.15554,1.14499,1.14516,162106
3649,7,D,M,2026-03-18 21:00:00,1.14516,1.16164,1.1443,1.15891,270415
3650,7,D,M,2026-03-19 21:00:00,1.15886,1.15952,1.15246,1.15711,186939
3651,7,D,M,2026-03-22 21:00:00,1.15378,1.16399,1.14846,1.16112,386377
3652,7,D,M,2026-03-23 21:00:00,1.16138,1.16284,1.1557,1.16076,262964
3653,7,D,M,2026-03-24 21:00:00,1.16064,1.16307,1.15554,1.15593,187724
3654,7,D,M,2026-03-25 21:00:00,1.1559,1.15724,1.15196,1.15294,154531
3655,7,D,M,2026-03-26 21:00:00,1.15322,1.1548,1.15018,1.15114,144646
3656,7,D,M,2026-03-29 21:00:00,1.15029,1.15213,1.14432,1.14618,150766
3657,7,D,M,2026-03-30 21:00:00,1.14588,1.15634,1.14471,1.15532,225770
3658,7,D,M,2026-03-31 21:00:00,1.1554,1.16272,1.15528,1.15908,197195
3659,7,D,M,2026-04-01 21:00:00,1.15888,1.16058,1.15092,1.154,211201
3660,7,D,M,2026-04-02 21:00:00,1.15385,1.15492,1.15134,1.15222,52698
3661,7,D,M,2026-04-05 21:00:00,1.15238,1.15716,1.15053,1.15433,148271
3662,7,D,M,2026-04-06 21:00:00,1.15414,1.16052,1.15242,1.15975,183209
3663,7,D,M,2026-04-07 21:00:00,1.15962,1.17218,1.15889,1.16622,309725
3664,7,D,M,2026-04-08 21:00:00,1.16615,1.17234,1.16504,1.1699,139036
3665,7,D,M,2026-04-09 21:00:00,1.17021,1.17396,1.16774,1.1725,126580
3666,7,D,M,2026-04-12 21:00:00,1.16666,1.1766,1.1664,1.17588,140988
3667,7,D,M,2026-04-13 21:00:00,1.17576,1.18112,1.17554,1.1796,121455
3668,7,D,M,2026-04-14 21:00:00,1.17966,1.1808,1.1772,1.17994,127444
3669,7,D,M,2026-04-15 21:00:00,1.18002,1.18239,1.17669,1.17826,117688
3670,7,D,M,2026-04-16 21:00:00,1.17793,1.18492,1.17606,1.17638,155946
3671,7,D,M,2026-04-19 21:00:00,1.17408,1.17904,1.17286,1.17872,140697
3672,7,D,M,2026-04-20 21:00:00,1.17876,1.17911,1.17188,1.17438,162905
3673,7,D,M,2026-04-21 21:00:00,1.17476,1.17627,1.17032,1.17066,117485
3674,7,D,M,2026-04-22 21:00:00,1.17058,1.17166,1.16692,1.16827,168094
3675,7,D,M,2026-04-23 21:00:00,1.16836,1.17236,1.16729,1.17187,130133
3676,7,D,M,2026-04-26 21:00:00,1.16999,1.1755,1.16994,1.17208,98006
3677,7,D,M,2026-04-27 21:00:00,1.17218,1.1727,1.16775,1.17127,126153
3678,7,D,M,2026-04-28 21:00:00,1.1713,1.17208,1.16612,1.16758,144527
3679,7,D,M,2026-04-29 21:00:00,1.16789,1.17418,1.16551,1.17308,218533
3680,7,D,M,2026-04-30 21:00:00,1.17306,1.17852,1.17156,1.17212,141614
3681,7,D,M,2026-05-03 21:00:00,1.17478,1.17502,1.1681,1.16918,170529
3682,7,D,M,2026-05-04 21:00:00,1.16912,1.17136,1.16766,1.1693,113238
3683,7,D,M,2026-05-05 21:00:00,1.16924,1.17967,1.16917,1.17484,180857
3684,7,D,M,2026-05-06 21:00:00,1.17463,1.17784,1.17224,1.17237,157785
3685,7,D,M,2026-05-07 21:00:00,1.17282,1.17881,1.17232,1.17852,125163
3686,7,D,M,2026-05-10 21:00:00,1.17524,1.17878,1.17483,1.17824,98484
3687,7,D,M,2026-05-11 21:00:00,1.17814,1.17878,1.17218,1.17403,123907
3688,7,D,M,2026-05-12 21:00:00,1.17366,1.17418,1.16954,1.17136,99104
3689,7,D,M,2026-05-13 21:00:00,1.17102,1.17216,1.16657,1.16698,109006
3690,7,D,M,2026-05-14 21:00:00,1.16702,1.1674,1.1617,1.16252,140119
3691,7,H4,M,2026-05-18 17:00:00,1.16514,1.16611,1.16288,1.16563,25735
6134,29,H4,M,2025-12-11 22:00:00,0.79566,0.79566,0.79415,0.79474,8129
6135,29,H4,M,2025-12-12 02:00:00,0.79474,0.79518,0.79445,0.79468,5717
6136,29,H4,M,2025-12-12 06:00:00,0.7947,0.79536,0.79448,0.79489,8297
6137,29,H4,M,2025-12-12 10:00:00,0.79488,0.7963,0.79479,0.79594,7142
6138,29,H4,M,2025-12-12 14:00:00,0.79598,0.79649,0.79452,0.7954,14460
6139,29,H4,M,2025-12-12 18:00:00,0.7954,0.79626,0.79516,0.79598,6963
6140,29,H4,M,2025-12-14 22:00:00,0.79309,0.79682,0.79309,0.79596,6468
6141,29,H4,M,2025-12-15 02:00:00,0.79596,0.79636,0.79538,0.79597,7906
6142,29,H4,M,2025-12-15 06:00:00,0.79598,0.79738,0.79594,0.79611,10667
6143,29,H4,M,2025-12-15 10:00:00,0.79615,0.79628,0.79525,0.7962,8921
6144,29,H4,M,2025-12-15 14:00:00,0.79618,0.7971,0.79384,0.79688,13423
6145,29,H4,M,2025-12-15 18:00:00,0.79688,0.79734,0.79607,0.7962,6248
6146,29,H4,M,2025-12-15 22:00:00,0.79588,0.79639,0.7955,0.79576,7445
6147,29,H4,M,2025-12-16 02:00:00,0.79575,0.79637,0.79522,0.79634,8749
6148,29,H4,M,2025-12-16 06:00:00,0.79636,0.7971,0.79566,0.79583,7794
6149,29,H4,M,2025-12-16 10:00:00,0.79582,0.79647,0.79263,0.79478,13500
6150,29,H4,M,2025-12-16 14:00:00,0.79478,0.79568,0.79297,0.79424,17633
6151,29,H4,M,2025-12-16 18:00:00,0.79424,0.79613,0.79418,0.79512,10592
6152,29,H4,M,2025-12-16 22:00:00,0.79476,0.79549,0.79466,0.79518,5977
6153,29,H4,M,2025-12-17 02:00:00,0.79518,0.79644,0.79516,0.79629,7590
6154,29,H4,M,2025-12-17 06:00:00,0.7963,0.79876,0.79622,0.7979,11661
6155,29,H4,M,2025-12-17 10:00:00,0.79789,0.79814,0.79514,0.79576,10096
6156,29,H4,M,2025-12-17 14:00:00,0.79578,0.79651,0.79354,0.7946,15302
6157,29,H4,M,2025-12-17 18:00:00,0.7946,0.79592,0.79428,0.79561,7056
6158,29,H4,M,2025-12-17 22:00:00,0.79521,0.79568,0.79483,0.79554,7232
6159,29,H4,M,2025-12-18 02:00:00,0.79556,0.7956,0.795,0.79502,5419
6160,29,H4,M,2025-12-18 06:00:00,0.795,0.79658,0.79472,0.79653,8039
6161,29,H4,M,2025-12-18 10:00:00,0.79654,0.79661,0.79283,0.79379,14642
6162,29,H4,M,2025-12-18 14:00:00,0.79382,0.79552,0.79306,0.79467,18476
6163,29,H4,M,2025-12-18 18:00:00,0.79464,0.79486,0.79372,0.79415,6626
6164,29,H4,M,2025-12-18 22:00:00,0.79449,0.79484,0.79403,0.79466,6798
6165,29,H4,M,2025-12-19 02:00:00,0.79466,0.79542,0.79442,0.79494,7114
6166,29,H4,M,2025-12-19 06:00:00,0.79495,0.79612,0.7946,0.79518,10345
6167,29,H4,M,2025-12-19 10:00:00,0.79519,0.79612,0.79464,0.79508,9299
6168,29,H4,M,2025-12-19 14:00:00,0.79504,0.79625,0.79408,0.79507,13733
6169,29,H4,M,2025-12-19 18:00:00,0.79508,0.79588,0.79449,0.79566,5305
6170,29,H4,M,2025-12-21 22:00:00,0.79513,0.79592,0.7944,0.79479,22604
6171,29,H4,M,2025-12-22 02:00:00,0.79482,0.79518,0.79432,0.79472,4198
6172,29,H4,M,2025-12-22 06:00:00,0.79474,0.79537,0.79333,0.79339,8071
6173,29,H4,M,2025-12-22 10:00:00,0.7934,0.79384,0.79262,0.79298,8608
6174,29,H4,M,2025-12-22 14:00:00,0.79298,0.7934,0.7916,0.792,10430
6175,29,H4,M,2025-12-22 18:00:00,0.792,0.79247,0.79179,0.79187,5330
6176,29,H4,M,2025-12-22 22:00:00,0.79269,0.79271,0.79036,0.79062,6020
6177,29,H4,M,2025-12-23 02:00:00,0.79062,0.79062,0.7893,0.7898,8615
6178,29,H4,M,2025-12-23 06:00:00,0.78975,0.79082,0.78778,0.78836,9504
6179,29,H4,M,2025-12-23 10:00:00,0.78834,0.78928,0.78668,0.78925,10985
6180,29,H4,M,2025-12-23 14:00:00,0.78925,0.79086,0.789,0.78928,13953
6181,29,H4,M,2025-12-23 18:00:00,0.78928,0.78938,0.7874,0.78766,6262
6182,29,H4,M,2025-12-23 22:00:00,0.78869,0.78869,0.7862,0.78636,6978
6183,29,H4,M,2025-12-24 02:00:00,0.78635,0.78771,0.78627,0.78703,5132
6184,29,H4,M,2025-12-24 06:00:00,0.78706,0.78823,0.78622,0.78628,8827
6185,29,H4,M,2025-12-24 10:00:00,0.78628,0.788,0.78616,0.78796,10031
6186,29,H4,M,2025-12-24 14:00:00,0.78801,0.78968,0.78784,0.78846,11324
6187,29,H4,M,2025-12-24 18:00:00,0.7885,0.78864,0.78793,0.78859,12738
6188,29,H4,M,2025-12-25 22:00:00,0.78685,0.7888,0.78685,0.78801,16139
6189,29,H4,M,2025-12-26 02:00:00,0.78802,0.7885,0.78782,0.78809,6121
6190,29,H4,M,2025-12-26 06:00:00,0.78808,0.79033,0.78802,0.78992,10368
6191,29,H4,M,2025-12-26 10:00:00,0.78993,0.79003,0.78795,0.78835,10449
6192,29,H4,M,2025-12-26 14:00:00,0.78834,0.7903,0.7879,0.78977,37493
6193,29,H4,M,2025-12-26 18:00:00,0.78976,0.79,0.78878,0.78938,19254
6194,29,H4,M,2025-12-28 22:00:00,0.78943,0.78988,0.78824,0.78861,9474
6195,29,H4,M,2025-12-29 02:00:00,0.78862,0.79014,0.78856,0.78997,7483
6196,29,H4,M,2025-12-29 06:00:00,0.78996,0.79004,0.78734,0.78849,9022
6197,29,H4,M,2025-12-29 10:00:00,0.78852,0.7916,0.7883,0.79002,11286
6198,29,H4,M,2025-12-29 14:00:00,0.79006,0.79098,0.7882,0.79064,19655
6199,29,H4,M,2025-12-29 18:00:00,0.79066,0.7908,0.78905,0.78924,11039
6200,29,H4,M,2025-12-29 22:00:00,0.78931,0.78944,0.78838,0.78884,7419
6201,29,H4,M,2025-12-30 02:00:00,0.7888,0.78921,0.7882,0.78864,4191
6202,29,H4,M,2025-12-30 06:00:00,0.78862,0.7897,0.7882,0.78876,6915
6203,29,H4,M,2025-12-30 10:00:00,0.78876,0.79037,0.78762,0.7899,8688
6204,29,H4,M,2025-12-30 14:00:00,0.78988,0.7917,0.78988,0.79121,10021
6205,29,H4,M,2025-12-30 18:00:00,0.79122,0.7924,0.79086,0.79179,3997
6206,29,H4,M,2025-12-30 22:00:00,0.79163,0.79196,0.79148,0.7919,4671
6207,29,H4,M,2025-12-31 02:00:00,0.79192,0.79281,0.79192,0.79274,7023
6208,29,H4,M,2025-12-31 06:00:00,0.79278,0.79424,0.79256,0.79346,7567
6209,29,H4,M,2025-12-31 10:00:00,0.79348,0.7938,0.79173,0.7925,10298
6210,29,H4,M,2025-12-31 14:00:00,0.7925,0.79414,0.79198,0.79346,15969
6211,29,H4,M,2025-12-31 18:00:00,0.79346,0.79372,0.79184,0.7927,6961
6212,29,H4,M,2026-01-01 22:00:00,0.79276,0.79276,0.79098,0.79113,6040
6213,29,H4,M,2026-01-02 02:00:00,0.79114,0.79248,0.79084,0.79247,4426
6214,29,H4,M,2026-01-02 06:00:00,0.79248,0.79405,0.79228,0.79366,7401
6215,29,H4,M,2026-01-02 10:00:00,0.79366,0.79412,0.79264,0.79311,7239
6216,29,H4,M,2026-01-02 14:00:00,0.79309,0.79328,0.79013,0.7919,10221
6217,29,H4,M,2026-01-02 18:00:00,0.7919,0.79282,0.79185,0.79232,5219
6218,29,H4,M,2026-01-04 22:00:00,0.79166,0.79358,0.79159,0.79274,6933
6219,29,H4,M,2026-01-05 02:00:00,0.79274,0.79508,0.79263,0.79412,8422
6220,29,H4,M,2026-01-05 06:00:00,0.79414,0.79668,0.7937,0.7964,7901
6221,29,H4,M,2026-01-05 10:00:00,0.79642,0.79675,0.79408,0.79547,12433
6222,29,H4,M,2026-01-05 14:00:00,0.79544,0.79596,0.7923,0.7926,14678
6223,29,H4,M,2026-01-05 18:00:00,0.79264,0.79275,0.79126,0.79152,7236
6224,29,H4,M,2026-01-05 22:00:00,0.79188,0.79268,0.79136,0.79136,4742
6225,29,H4,M,2026-01-06 02:00:00,0.79134,0.79152,0.79068,0.7914,5335
6226,29,H4,M,2026-01-06 06:00:00,0.79138,0.79284,0.79064,0.79262,8760
6227,29,H4,M,2026-01-06 10:00:00,0.79262,0.794,0.79236,0.79286,9687
6228,29,H4,M,2026-01-06 14:00:00,0.79285,0.79592,0.7924,0.79494,13635
6229,29,H4,M,2026-01-06 18:00:00,0.7949,0.79595,0.79484,0.79572,4882
6230,29,H4,M,2026-01-06 22:00:00,0.79552,0.79588,0.79468,0.79501,6366
6231,29,H4,M,2026-01-07 02:00:00,0.79501,0.79534,0.79447,0.79518,8485
6232,29,H4,M,2026-01-07 06:00:00,0.79519,0.79676,0.79452,0.79582,8192
6233,29,H4,M,2026-01-07 10:00:00,0.79584,0.79683,0.79539,0.79584,10216
6234,29,H4,M,2026-01-07 14:00:00,0.79586,0.79728,0.79516,0.79692,17718
6235,29,H4,M,2026-01-07 18:00:00,0.79692,0.79792,0.79672,0.7979,7593
6236,29,H4,M,2026-01-07 22:00:00,0.79719,0.79801,0.79716,0.79784,3866
6237,29,H4,M,2026-01-08 02:00:00,0.79784,0.79798,0.79703,0.79723,7145
6238,29,H4,M,2026-01-08 06:00:00,0.79724,0.79851,0.79695,0.79756,8473
6239,29,H4,M,2026-01-08 10:00:00,0.79756,0.7985,0.79684,0.79824,7879
6240,29,H4,M,2026-01-08 14:00:00,0.79826,0.79988,0.79755,0.79946,11389
6241,29,H4,M,2026-01-08 18:00:00,0.79948,0.79999,0.79873,0.79876,5998
6242,29,H4,M,2026-01-08 22:00:00,0.7987,0.8,0.79834,0.79986,4717
6243,29,H4,M,2026-01-09 02:00:00,0.79989,0.80013,0.79924,0.79975,6375
6244,29,H4,M,2026-01-09 06:00:00,0.79975,0.80036,0.79938,0.80011,8421
6245,29,H4,M,2026-01-09 10:00:00,0.80014,0.80115,0.79862,0.7997,11147
6246,29,H4,M,2026-01-09 14:00:00,0.79973,0.80176,0.799,0.80144,20105
6247,29,H4,M,2026-01-09 18:00:00,0.80144,0.80158,0.80066,0.80133,5721
6248,29,H4,M,2026-01-11 22:00:00,0.80053,0.8018,0.79726,0.79846,8676
6249,29,H4,M,2026-01-12 02:00:00,0.79846,0.79932,0.79776,0.798,7590
6250,29,H4,M,2026-01-12 06:00:00,0.79801,0.79838,0.7956,0.79702,9530
6251,29,H4,M,2026-01-12 10:00:00,0.79704,0.79796,0.79568,0.79638,9080
6252,29,H4,M,2026-01-12 14:00:00,0.79642,0.79788,0.79584,0.79712,12814
6253,29,H4,M,2026-01-12 18:00:00,0.79712,0.79786,0.7967,0.79741,6030
6254,29,H4,M,2026-01-12 22:00:00,0.79703,0.79796,0.79702,0.79794,5181
6255,29,H4,M,2026-01-13 02:00:00,0.79794,0.79804,0.79682,0.79731,7106
6256,29,H4,M,2026-01-13 06:00:00,0.7973,0.798,0.79678,0.7977,8481
6257,29,H4,M,2026-01-13 10:00:00,0.79766,0.79934,0.79738,0.79831,11795
6258,29,H4,M,2026-01-13 14:00:00,0.79832,0.8016,0.7978,0.8008,15691
6259,29,H4,M,2026-01-13 18:00:00,0.80079,0.80125,0.8002,0.80102,8784
6260,29,H4,M,2026-01-13 22:00:00,0.80082,0.8017,0.80075,0.80162,7488
6261,29,H4,M,2026-01-14 02:00:00,0.80163,0.80176,0.80066,0.80141,7547
6262,29,H4,M,2026-01-14 06:00:00,0.8014,0.80278,0.8005,0.80202,10343
6263,29,H4,M,2026-01-14 10:00:00,0.80202,0.80246,0.80036,0.80114,13072
6264,29,H4,M,2026-01-14 14:00:00,0.80116,0.80117,0.79838,0.7996,18399
6265,29,H4,M,2026-01-14 18:00:00,0.7996,0.8005,0.79958,0.79991,9624
6266,29,H4,M,2026-01-14 22:00:00,0.79958,0.8001,0.79916,0.79986,8650
6267,29,H4,M,2026-01-15 02:00:00,0.79993,0.80118,0.79961,0.80104,8189
6268,29,H4,M,2026-01-15 06:00:00,0.80101,0.80174,0.80015,0.80052,8770
6269,29,H4,M,2026-01-15 10:00:00,0.8005,0.80274,0.80015,0.80242,9682
6270,29,H4,M,2026-01-15 14:00:00,0.80244,0.80409,0.80178,0.80302,13432
6271,29,H4,M,2026-01-15 18:00:00,0.80299,0.8037,0.8025,0.80322,5871
6272,29,H4,M,2026-01-15 22:00:00,0.80308,0.80395,0.80285,0.80333,4423
6273,29,H4,M,2026-01-16 02:00:00,0.80333,0.80334,0.80213,0.80263,8519
6274,29,H4,M,2026-01-16 06:00:00,0.80264,0.80288,0.8018,0.80226,7656
6275,29,H4,M,2026-01-16 10:00:00,0.80226,0.80228,0.80107,0.80158,7787
6276,29,H4,M,2026-01-16 14:00:00,0.80156,0.80352,0.80062,0.80306,15019
6277,29,H4,M,2026-01-16 18:00:00,0.80305,0.80361,0.80288,0.80304,5541
6278,29,H4,M,2026-01-18 22:00:00,0.80208,0.80257,0.79798,0.79927,21268
6279,29,H4,M,2026-01-19 02:00:00,0.79922,0.79984,0.7981,0.7989,19504
6280,29,H4,M,2026-01-19 06:00:00,0.79892,0.80008,0.79787,0.79878,13329
6281,29,H4,M,2026-01-19 10:00:00,0.79881,0.79916,0.7974,0.79787,8664
6282,29,H4,M,2026-01-19 14:00:00,0.79786,0.798,0.79626,0.79736,9636
6283,29,H4,M,2026-01-19 18:00:00,0.79738,0.79762,0.79698,0.79744,6048
6284,29,H4,M,2026-01-19 22:00:00,0.7978,0.79847,0.79726,0.79745,5441
6285,29,H4,M,2026-01-20 02:00:00,0.79746,0.79766,0.79585,0.79634,5752
6286,29,H4,M,2026-01-20 06:00:00,0.79634,0.79667,0.78958,0.79058,17783
6287,29,H4,M,2026-01-20 10:00:00,0.79057,0.79152,0.78782,0.7902,23206
6288,29,H4,M,2026-01-20 14:00:00,0.79019,0.79208,0.78862,0.7894,22089
6289,29,H4,M,2026-01-20 18:00:00,0.78941,0.79054,0.78908,0.78984,9194
6290,29,H4,M,2026-01-20 22:00:00,0.78962,0.79061,0.78898,0.78943,6515
6291,29,H4,M,2026-01-21 02:00:00,0.78942,0.79175,0.78934,0.79094,8750
6292,29,H4,M,2026-01-21 06:00:00,0.79094,0.79312,0.79042,0.79285,11219
6293,29,H4,M,2026-01-21 10:00:00,0.79286,0.79312,0.78904,0.79018,13754
6294,29,H4,M,2026-01-21 14:00:00,0.79019,0.79429,0.79,0.79337,26856
6295,29,H4,M,2026-01-21 18:00:00,0.79338,0.7969,0.79299,0.79544,14652
6296,29,H4,M,2026-01-21 22:00:00,0.79578,0.79654,0.795,0.79555,7126
6297,29,H4,M,2026-01-22 02:00:00,0.79555,0.79576,0.79406,0.79468,5860
6298,29,H4,M,2026-01-22 06:00:00,0.79466,0.7953,0.79302,0.79328,10029
6299,29,H4,M,2026-01-22 10:00:00,0.79326,0.79416,0.79172,0.7925,15494
6300,29,H4,M,2026-01-22 14:00:00,0.79248,0.79252,0.78942,0.79002,17622
6301,29,H4,M,2026-01-22 18:00:00,0.79005,0.79032,0.78896,0.78903,7365
6302,29,H4,M,2026-01-22 22:00:00,0.79,0.79,0.7887,0.78974,5981
6303,29,H4,M,2026-01-23 02:00:00,0.78975,0.7906,0.78968,0.79011,5880
6304,29,H4,M,2026-01-23 06:00:00,0.7901,0.79114,0.78941,0.79102,16582
6305,29,H4,M,2026-01-23 10:00:00,0.79102,0.79145,0.78978,0.79083,10600
6306,29,H4,M,2026-01-23 14:00:00,0.79082,0.79095,0.78554,0.7858,19601
6307,29,H4,M,2026-01-23 18:00:00,0.78579,0.78718,0.77887,0.78025,13820
6308,29,H4,M,2026-01-25 22:00:00,0.77586,0.7794,0.77428,0.77756,20308
6309,29,H4,M,2026-01-26 02:00:00,0.77756,0.77774,0.7761,0.77702,15710
6310,29,H4,M,2026-01-26 06:00:00,0.77702,0.77932,0.77529,0.77587,20338
6311,29,H4,M,2026-01-26 10:00:00,0.77586,0.77938,0.77564,0.77771,17027
6312,29,H4,M,2026-01-26 14:00:00,0.77769,0.77796,0.77308,0.77624,21581
6313,29,H4,M,2026-01-26 18:00:00,0.77621,0.77726,0.77525,0.77697,11294
6314,29,H4,M,2026-01-26 22:00:00,0.77686,0.77758,0.77657,0.77706,6350
6315,29,H4,M,2026-01-27 02:00:00,0.77706,0.77798,0.77528,0.7774,10283
6316,29,H4,M,2026-01-27 06:00:00,0.77741,0.77842,0.77558,0.7757,13830
6317,29,H4,M,2026-01-27 10:00:00,0.77571,0.77708,0.76972,0.7708,22433
6318,29,H4,M,2026-01-27 14:00:00,0.77082,0.77138,0.76598,0.76642,28786
6319,29,H4,M,2026-01-27 18:00:00,0.76643,0.76713,0.76038,0.76127,28118
6320,29,H4,M,2026-01-27 22:00:00,0.76135,0.76582,0.76084,0.76582,24465
6321,29,H4,M,2026-01-28 02:00:00,0.76582,0.76666,0.76513,0.76526,12391
6322,29,H4,M,2026-01-28 06:00:00,0.76528,0.76944,0.76287,0.7671,23630
6323,29,H4,M,2026-01-28 10:00:00,0.76709,0.76876,0.76628,0.76844,21262
6324,29,H4,M,2026-01-28 14:00:00,0.76844,0.772,0.76662,0.76952,37028
6325,29,H4,M,2026-01-28 18:00:00,0.76951,0.7728,0.76832,0.7684,23451
6326,29,H4,M,2026-01-28 22:00:00,0.76826,0.76917,0.76468,0.7673,16937
6327,29,H4,M,2026-01-29 02:00:00,0.76732,0.76802,0.76492,0.76574,10876
6328,29,H4,M,2026-01-29 06:00:00,0.76574,0.76804,0.76487,0.76786,17637
6329,29,H4,M,2026-01-29 10:00:00,0.76785,0.76868,0.76637,0.76751,18023
6330,29,H4,M,2026-01-29 14:00:00,0.7675,0.77061,0.76576,0.76654,43582
6331,29,H4,M,2026-01-29 18:00:00,0.76656,0.76716,0.764,0.76435,13788
6332,29,H4,M,2026-01-29 22:00:00,0.76507,0.76858,0.76364,0.76837,27531
6333,29,H4,M,2026-01-30 02:00:00,0.76836,0.77004,0.76761,0.7686,19916
6334,29,H4,M,2026-01-30 06:00:00,0.7686,0.77,0.76694,0.76972,23881
6335,29,H4,M,2026-01-30 10:00:00,0.76972,0.76991,0.76628,0.76894,24397
6336,29,H4,M,2026-01-30 14:00:00,0.76894,0.77229,0.76798,0.77187,31315
6337,29,H4,M,2026-01-30 18:00:00,0.77188,0.77324,0.7707,0.77296,22222
6338,29,H4,M,2026-02-01 22:00:00,0.77222,0.77479,0.77178,0.77216,17608
6339,29,H4,M,2026-02-02 02:00:00,0.77214,0.77368,0.77145,0.773,13217
6340,29,H4,M,2026-02-02 06:00:00,0.77298,0.775,0.77243,0.77486,19429
6341,29,H4,M,2026-02-02 10:00:00,0.77487,0.7792,0.77406,0.77873,18988
6342,29,H4,M,2026-02-02 14:00:00,0.77872,0.78174,0.7784,0.77971,29378
6343,29,H4,M,2026-02-02 18:00:00,0.77968,0.7811,0.77935,0.77968,9885
6344,29,H4,M,2026-02-02 22:00:00,0.77967,0.78019,0.77814,0.77824,10269
6345,29,H4,M,2026-02-03 02:00:00,0.77825,0.77895,0.77764,0.7783,9691
6346,29,H4,M,2026-02-03 06:00:00,0.77832,0.77888,0.77669,0.77888,15112
6347,29,H4,M,2026-02-03 10:00:00,0.77888,0.77891,0.77668,0.77735,15118
6348,29,H4,M,2026-02-03 14:00:00,0.77734,0.77883,0.77386,0.7751,23529
6349,29,H4,M,2026-02-03 18:00:00,0.7751,0.77595,0.77444,0.77526,10586
6350,29,H4,M,2026-02-03 22:00:00,0.77524,0.77661,0.77504,0.7758,11413
6351,29,H4,M,2026-02-04 02:00:00,0.7758,0.77612,0.77458,0.77505,7577
6352,29,H4,M,2026-02-04 06:00:00,0.77506,0.77669,0.7748,0.77625,13833
6353,29,H4,M,2026-02-04 10:00:00,0.77626,0.77726,0.77496,0.77552,13713
6354,29,H4,M,2026-02-04 14:00:00,0.77553,0.7776,0.77515,0.7768,26188
6355,29,H4,M,2026-02-04 18:00:00,0.7768,0.7775,0.77636,0.77746,11861
6356,29,H4,M,2026-02-04 22:00:00,0.77716,0.77794,0.77662,0.77698,11805
6357,29,H4,M,2026-02-05 02:00:00,0.77699,0.77856,0.77694,0.77818,10564
6358,29,H4,M,2026-02-05 06:00:00,0.77816,0.77872,0.77688,0.77852,15113
6359,29,H4,M,2026-02-05 10:00:00,0.77851,0.77864,0.77424,0.77474,23214
6360,29,H4,M,2026-02-05 14:00:00,0.77475,0.77804,0.77456,0.77689,27886
6361,29,H4,M,2026-02-05 18:00:00,0.77689,0.77847,0.77674,0.77814,8734
6362,29,H4,M,2026-02-05 22:00:00,0.7782,0.77839,0.77705,0.77732,9843
6363,29,H4,M,2026-02-06 02:00:00,0.7773,0.77739,0.77634,0.77651,6132
6364,29,H4,M,2026-02-06 06:00:00,0.7765,0.77862,0.77616,0.77843,10975
6365,29,H4,M,2026-02-06 10:00:00,0.77846,0.77847,0.77694,0.77701,10468
6366,29,H4,M,2026-02-06 14:00:00,0.77702,0.77714,0.7751,0.77542,15824
6367,29,H4,M,2026-02-06 18:00:00,0.77544,0.77599,0.7751,0.77569,4679
6368,29,H4,M,2026-02-08 22:00:00,0.77588,0.77716,0.7748,0.77556,11360
6369,29,H4,M,2026-02-09 02:00:00,0.77556,0.77652,0.7747,0.77492,6082
6370,29,H4,M,2026-02-09 06:00:00,0.77492,0.77494,0.77168,0.77248,14851
6371,29,H4,M,2026-02-09 10:00:00,0.77248,0.77292,0.76862,0.76887,15110
6372,29,H4,M,2026-02-09 14:00:00,0.76886,0.7689,0.76608,0.76746,16967
6373,29,H4,M,2026-02-09 18:00:00,0.76748,0.76748,0.76576,0.76632,7559
6374,29,H4,M,2026-02-09 22:00:00,0.76663,0.76773,0.76616,0.76695,5661
6375,29,H4,M,2026-02-10 02:00:00,0.76695,0.76749,0.76572,0.76722,6176
6376,29,H4,M,2026-02-10 06:00:00,0.76721,0.7676,0.76532,0.76565,10131
6377,29,H4,M,2026-02-10 10:00:00,0.76566,0.76733,0.7651,0.76522,12796
6378,29,H4,M,2026-02-10 14:00:00,0.76521,0.76796,0.76292,0.76764,20962
6379,29,H4,M,2026-02-10 18:00:00,0.7676,0.7688,0.76734,0.76804,5478
6380,29,H4,M,2026-02-10 22:00:00,0.76814,0.76886,0.76729,0.76802,7125
6381,29,H4,M,2026-02-11 02:00:00,0.76798,0.768,0.76546,0.76552,6673
6382,29,H4,M,2026-02-11 06:00:00,0.7655,0.767,0.76484,0.76572,11983
6383,29,H4,M,2026-02-11 10:00:00,0.76572,0.773,0.76544,0.77078,24237
6384,29,H4,M,2026-02-11 14:00:00,0.77076,0.77302,0.76915,0.77008,28982
6385,29,H4,M,2026-02-11 18:00:00,0.77007,0.77185,0.76968,0.77172,8208
6386,29,H4,M,2026-02-11 22:00:00,0.77111,0.77177,0.77022,0.77038,6791
6387,29,H4,M,2026-02-12 02:00:00,0.77037,0.77182,0.77,0.77141,7215
6388,29,H4,M,2026-02-12 06:00:00,0.7714,0.77252,0.76798,0.76802,13250
6389,29,H4,M,2026-02-12 10:00:00,0.76802,0.77024,0.76669,0.76875,12235
6390,29,H4,M,2026-02-12 14:00:00,0.76874,0.77013,0.7672,0.7698,25631
6391,29,H4,M,2026-02-12 18:00:00,0.76979,0.77021,0.76906,0.76942,9294
6392,29,H4,M,2026-02-12 22:00:00,0.76869,0.76984,0.76859,0.76946,6628
6393,29,H4,M,2026-02-13 02:00:00,0.76946,0.77054,0.76925,0.77012,5894
6394,29,H4,M,2026-02-13 06:00:00,0.77012,0.77184,0.7692,0.76968,10118
6395,29,H4,M,2026-02-13 10:00:00,0.7697,0.77024,0.76704,0.76832,13625
6396,29,H4,M,2026-02-13 14:00:00,0.76833,0.77036,0.76759,0.76786,18687
6397,29,H4,M,2026-02-13 18:00:00,0.76785,0.7686,0.76752,0.76771,4488
6398,29,H4,M,2026-02-15 22:00:00,0.76869,0.76889,0.76746,0.76837,6017
6399,29,H4,M,2026-02-16 02:00:00,0.76836,0.76886,0.76804,0.7686,4546
6400,29,H4,M,2026-02-16 06:00:00,0.76862,0.76958,0.76791,0.76957,7115
6401,29,H4,M,2026-02-16 10:00:00,0.76958,0.77047,0.76931,0.76978,5648
6402,29,H4,M,2026-02-16 14:00:00,0.76979,0.76989,0.769,0.76968,4866
6403,29,H4,M,2026-02-16 18:00:00,0.76967,0.76968,0.76918,0.76952,1176
6404,29,H4,M,2026-02-16 22:00:00,0.76952,0.77014,0.7693,0.7697,5575
6405,29,H4,M,2026-02-17 02:00:00,0.76971,0.76992,0.76914,0.7692,5810
6406,29,H4,M,2026-02-17 06:00:00,0.76918,0.77069,0.76878,0.76919,8606
6407,29,H4,M,2026-02-17 10:00:00,0.76918,0.77178,0.76884,0.77124,10289
6408,29,H4,M,2026-02-17 14:00:00,0.77124,0.77399,0.77088,0.77111,17856
6409,29,H4,M,2026-02-17 18:00:00,0.7711,0.7712,0.76998,0.77012,5770
6410,29,H4,M,2026-02-17 22:00:00,0.7707,0.77076,0.76974,0.77036,6274
6411,29,H4,M,2026-02-18 02:00:00,0.77036,0.77126,0.77036,0.77082,4231
6412,29,H4,M,2026-02-18 06:00:00,0.77082,0.77218,0.77055,0.77148,7374
6413,29,H4,M,2026-02-18 10:00:00,0.77148,0.77205,0.77,0.77164,7894
6414,29,H4,M,2026-02-18 14:00:00,0.77164,0.77297,0.77092,0.77266,12392
6415,29,H4,M,2026-02-18 18:00:00,0.77267,0.77323,0.77232,0.77308,8396
6416,29,H4,M,2026-02-18 22:00:00,0.7731,0.77318,0.77215,0.77218,5845
6417,29,H4,M,2026-02-19 02:00:00,0.77218,0.7734,0.7721,0.77296,5463
6418,29,H4,M,2026-02-19 06:00:00,0.77296,0.77316,0.77204,0.77316,8440
6419,29,H4,M,2026-02-19 10:00:00,0.77318,0.77598,0.7729,0.77464,10478
6420,29,H4,M,2026-02-19 14:00:00,0.77466,0.77628,0.77439,0.77554,17310
6421,29,H4,M,2026-02-19 18:00:00,0.7755,0.77624,0.7747,0.7752,7706
6422,29,H4,M,2026-02-19 22:00:00,0.77515,0.77601,0.7748,0.77577,4801
6423,29,H4,M,2026-02-20 02:00:00,0.77577,0.77623,0.77555,0.77578,4666
6424,29,H4,M,2026-02-20 06:00:00,0.77576,0.77688,0.77502,0.7754,11353
6425,29,H4,M,2026-02-20 10:00:00,0.77538,0.77706,0.77487,0.77621,12231
6426,29,H4,M,2026-02-20 14:00:00,0.7762,0.77722,0.77306,0.77528,30095
6427,29,H4,M,2026-02-20 18:00:00,0.7753,0.7762,0.77396,0.77588,10638
6428,29,H4,M,2026-02-22 22:00:00,0.77445,0.77504,0.77123,0.77174,11510
6429,29,H4,M,2026-02-23 02:00:00,0.77172,0.7729,0.77105,0.7726,7047
6430,29,H4,M,2026-02-23 06:00:00,0.7726,0.77444,0.77159,0.7743,11486
6431,29,H4,M,2026-02-23 10:00:00,0.77429,0.77683,0.7742,0.77506,9853
6432,29,H4,M,2026-02-23 14:00:00,0.77504,0.7752,0.77316,0.77386,13867
6433,29,H4,M,2026-02-23 18:00:00,0.77388,0.7749,0.7737,0.7748,5544
6434,29,H4,M,2026-02-23 22:00:00,0.77418,0.77612,0.77418,0.77552,7725
6435,29,H4,M,2026-02-24 02:00:00,0.77552,0.77662,0.77509,0.7755,7863
6436,29,H4,M,2026-02-24 06:00:00,0.77549,0.77658,0.77366,0.77392,13557
6437,29,H4,M,2026-02-24 10:00:00,0.77392,0.77491,0.77316,0.77478,10474
6438,29,H4,M,2026-02-24 14:00:00,0.7748,0.77509,0.77322,0.7734,14049
6439,29,H4,M,2026-02-24 18:00:00,0.7734,0.7742,0.77304,0.77402,4658
6440,29,H4,M,2026-02-24 22:00:00,0.77431,0.77431,0.77328,0.77352,6385
6441,29,H4,M,2026-02-25 02:00:00,0.77352,0.77355,0.77191,0.77222,11484
6442,29,H4,M,2026-02-25 06:00:00,0.77222,0.77428,0.77213,0.7741,10753
6443,29,H4,M,2026-02-25 10:00:00,0.77409,0.77576,0.77406,0.77498,9545
6444,29,H4,M,2026-02-25 14:00:00,0.77495,0.77512,0.77188,0.7725,13004
6445,29,H4,M,2026-02-25 18:00:00,0.77248,0.77322,0.77224,0.7727,4609
6446,29,H4,M,2026-02-25 22:00:00,0.7727,0.77306,0.77104,0.77118,8882
6447,29,H4,M,2026-02-26 02:00:00,0.7712,0.77252,0.77106,0.77201,7091
6448,29,H4,M,2026-02-26 06:00:00,0.77201,0.7742,0.77168,0.77394,9931
6449,29,H4,M,2026-02-26 10:00:00,0.77396,0.77541,0.77357,0.77412,8911
6450,29,H4,M,2026-02-26 14:00:00,0.7741,0.7752,0.77318,0.77504,15612
6451,29,H4,M,2026-02-26 18:00:00,0.77504,0.77516,0.77368,0.77411,5868
6452,29,H4,M,2026-02-26 22:00:00,0.77418,0.7746,0.77296,0.7739,6946
6453,29,H4,M,2026-02-27 02:00:00,0.77387,0.7739,0.77247,0.77294,6635
6454,29,H4,M,2026-02-27 06:00:00,0.77295,0.77375,0.77224,0.77293,11321
6455,29,H4,M,2026-02-27 10:00:00,0.7729,0.77299,0.76993,0.77055,12487
6456,29,H4,M,2026-02-27 14:00:00,0.77054,0.77057,0.76716,0.76882,17719
6457,29,H4,M,2026-02-27 18:00:00,0.76882,0.76977,0.76772,0.76909,6850
6458,29,H4,M,2026-03-01 22:00:00,0.76747,0.76999,0.76742,0.76844,13546
6459,29,H4,M,2026-03-02 02:00:00,0.76846,0.76922,0.76786,0.76884,8167
6460,29,H4,M,2026-03-02 06:00:00,0.76884,0.77424,0.76879,0.77214,20060
6461,29,H4,M,2026-03-02 10:00:00,0.77218,0.77956,0.77112,0.77829,17866
6462,29,H4,M,2026-03-02 14:00:00,0.7783,0.78135,0.77735,0.77835,25113
6463,29,H4,M,2026-03-02 18:00:00,0.77833,0.78026,0.7779,0.77942,11638
6464,29,H4,M,2026-03-02 22:00:00,0.77941,0.78009,0.77848,0.77916,9332
6465,29,H4,M,2026-03-03 02:00:00,0.77918,0.78138,0.77918,0.78137,12673
6466,29,H4,M,2026-03-03 06:00:00,0.78136,0.78612,0.78092,0.78586,21613
6467,29,H4,M,2026-03-03 10:00:00,0.78584,0.78788,0.78402,0.78533,21497
6468,29,H4,M,2026-03-03 14:00:00,0.78532,0.78696,0.78178,0.78292,34578
6469,29,H4,M,2026-03-03 18:00:00,0.78294,0.78302,0.78088,0.78196,16540
6470,29,H4,M,2026-03-03 22:00:00,0.78289,0.78337,0.78139,0.78219,11936
6471,29,H4,M,2026-03-04 02:00:00,0.78218,0.78233,0.78034,0.78188,11013
6472,29,H4,M,2026-03-04 06:00:00,0.78189,0.78352,0.77906,0.78346,15587
6473,29,H4,M,2026-03-04 10:00:00,0.78346,0.78348,0.77946,0.78068,22669
6474,29,H4,M,2026-03-04 14:00:00,0.78072,0.78198,0.7791,0.77986,23032
6475,29,H4,M,2026-03-04 18:00:00,0.77986,0.78039,0.77873,0.77916,8716
6476,29,H4,M,2026-03-04 22:00:00,0.77943,0.77979,0.77826,0.77934,9010
6477,29,H4,M,2026-03-05 02:00:00,0.77936,0.78157,0.77917,0.7815,9781
6478,29,H4,M,2026-03-05 06:00:00,0.78148,0.7819,0.77852,0.77896,22864
6479,29,H4,M,2026-03-05 10:00:00,0.77896,0.7821,0.77852,0.78144,18317
6480,29,H4,M,2026-03-05 14:00:00,0.78146,0.78342,0.7798,0.78244,27742
6481,29,H4,M,2026-03-05 18:00:00,0.78244,0.78374,0.7806,0.78103,15846
6482,29,H4,M,2026-03-05 22:00:00,0.78125,0.78129,0.78026,0.78056,8752
6483,29,H4,M,2026-03-06 02:00:00,0.78056,0.7811,0.78009,0.78106,7134
6484,29,H4,M,2026-03-06 06:00:00,0.78104,0.78214,0.77943,0.78206,12003
6485,29,H4,M,2026-03-06 10:00:00,0.78207,0.78275,0.77962,0.78177,24184
6486,29,H4,M,2026-03-06 14:00:00,0.78178,0.78248,0.77678,0.77754,33812
6487,29,H4,M,2026-03-06 18:00:00,0.77754,0.77772,0.77582,0.77598,13839
6488,29,H4,M,2026-03-08 21:00:00,0.77948,0.78197,0.7789,0.78176,14720
6489,29,H4,M,2026-03-09 01:00:00,0.78182,0.78256,0.7805,0.7807,15575
6490,29,H4,M,2026-03-09 05:00:00,0.78068,0.7809,0.77777,0.7804,26052
6491,29,H4,M,2026-03-09 09:00:00,0.78038,0.78053,0.77828,0.77962,24143
6492,29,H4,M,2026-03-09 13:00:00,0.77961,0.78078,0.77796,0.77898,29437
6493,29,H4,M,2026-03-09 17:00:00,0.779,0.78036,0.77694,0.77729,18299
6494,29,H4,M,2026-03-09 21:00:00,0.77768,0.77812,0.7766,0.77716,8391
6495,29,H4,M,2026-03-10 01:00:00,0.77718,0.7783,0.77694,0.77799,10759
6496,29,H4,M,2026-03-10 05:00:00,0.778,0.77802,0.77536,0.7762,13051
6497,29,H4,M,2026-03-10 09:00:00,0.7762,0.77747,0.7751,0.77587,18362
6498,29,H4,M,2026-03-10 13:00:00,0.77586,0.77666,0.77482,0.77568,19391
6499,29,H4,M,2026-03-10 17:00:00,0.77568,0.77931,0.77544,0.77854,17844
6500,29,H4,M,2026-03-10 21:00:00,0.7783,0.77896,0.77798,0.77854,7284
6501,29,H4,M,2026-03-11 01:00:00,0.77855,0.77886,0.77694,0.77702,14270
6502,29,H4,M,2026-03-11 05:00:00,0.77704,0.77876,0.77662,0.77772,17954
6503,29,H4,M,2026-03-11 09:00:00,0.77772,0.77977,0.77651,0.7794,21690
6504,29,H4,M,2026-03-11 13:00:00,0.7794,0.78085,0.77788,0.7797,24830
6505,29,H4,M,2026-03-11 17:00:00,0.7797,0.78063,0.77937,0.7806,9934
6506,29,H4,M,2026-03-11 21:00:00,0.77968,0.7821,0.77968,0.78126,7616
6507,29,H4,M,2026-03-12 01:00:00,0.78126,0.78236,0.78068,0.78218,10762
6508,29,H4,M,2026-03-12 05:00:00,0.78218,0.7828,0.78124,0.78204,16876
6509,29,H4,M,2026-03-12 09:00:00,0.78204,0.78242,0.78014,0.78208,11604
6510,29,H4,M,2026-03-12 13:00:00,0.78207,0.78508,0.78154,0.78446,24996
6511,29,H4,M,2026-03-12 17:00:00,0.78448,0.78635,0.78364,0.7861,7417
6512,29,H4,M,2026-03-12 21:00:00,0.78522,0.78636,0.78472,0.7851,6430
6513,29,H4,M,2026-03-13 01:00:00,0.78509,0.7873,0.78486,0.7868,16143
6514,29,H4,M,2026-03-13 05:00:00,0.7868,0.7895,0.78654,0.78857,13790
6515,29,H4,M,2026-03-13 09:00:00,0.78857,0.78879,0.78616,0.78704,17049
6516,29,H4,M,2026-03-13 13:00:00,0.78702,0.78996,0.78615,0.78976,19810
6517,29,H4,M,2026-03-13 17:00:00,0.78974,0.7917,0.78924,0.79136,6657
6518,29,H4,M,2026-03-15 21:00:00,0.78996,0.79118,0.78888,0.78907,8017
6519,29,H4,M,2026-03-16 01:00:00,0.78906,0.79036,0.78886,0.79036,7326
6520,29,H4,M,2026-03-16 05:00:00,0.79038,0.7923,0.78928,0.78951,10307
6521,29,H4,M,2026-03-16 09:00:00,0.78952,0.78976,0.78702,0.7878,11824
6522,29,H4,M,2026-03-16 13:00:00,0.78778,0.7893,0.78664,0.78792,14724
6523,29,H4,M,2026-03-16 17:00:00,0.78791,0.78844,0.78652,0.78767,8547
6524,29,H4,M,2026-03-16 21:00:00,0.78741,0.78873,0.78731,0.78839,4756
6525,29,H4,M,2026-03-17 01:00:00,0.78838,0.7891,0.78794,0.78819,5367
6526,29,H4,M,2026-03-17 05:00:00,0.7882,0.79003,0.78659,0.78699,8782
6527,29,H4,M,2026-03-17 09:00:00,0.78698,0.78766,0.78612,0.7866,11215
6528,29,H4,M,2026-03-17 13:00:00,0.7866,0.7869,0.7848,0.785,16300
6529,29,H4,M,2026-03-17 17:00:00,0.785,0.78536,0.78438,0.78478,4579
6530,29,H4,M,2026-03-17 21:00:00,0.78478,0.7854,0.78455,0.78525,6360
6531,29,H4,M,2026-03-18 01:00:00,0.78524,0.78573,0.78488,0.78526,4247
6532,29,H4,M,2026-03-18 05:00:00,0.78526,0.7875,0.78504,0.7862,7579
6533,29,H4,M,2026-03-18 09:00:00,0.78625,0.78819,0.78545,0.78816,14337
6534,29,H4,M,2026-03-18 13:00:00,0.78814,0.78964,0.78738,0.78946,20109
6535,29,H4,M,2026-03-18 17:00:00,0.78946,0.79362,0.78933,0.79322,12662
6536,29,H4,M,2026-03-18 21:00:00,0.79327,0.7933,0.792,0.792,6882
6537,29,H4,M,2026-03-19 01:00:00,0.792,0.79277,0.79094,0.79263,8200
6538,29,H4,M,2026-03-19 05:00:00,0.79262,0.79384,0.79131,0.79253,13305
6539,29,H4,M,2026-03-19 09:00:00,0.79249,0.79582,0.79181,0.79388,26487
6540,29,H4,M,2026-03-19 13:00:00,0.7939,0.79438,0.79026,0.79188,41401
6541,29,H4,M,2026-03-19 17:00:00,0.79186,0.79188,0.78576,0.78808,22240
6542,29,H4,M,2026-03-19 21:00:00,0.7881,0.78911,0.78756,0.78866,5415
6543,29,H4,M,2026-03-20 01:00:00,0.78866,0.7894,0.78808,0.78934,5872
6544,29,H4,M,2026-03-20 05:00:00,0.78934,0.79005,0.78814,0.78878,10210
6545,29,H4,M,2026-03-20 09:00:00,0.78879,0.78926,0.78554,0.78638,15941
6546,29,H4,M,2026-03-20 13:00:00,0.78634,0.79056,0.78618,0.78808,24347
6547,29,H4,M,2026-03-20 17:00:00,0.78807,0.78902,0.7874,0.788,12431
6548,29,H4,M,2026-03-22 21:00:00,0.78794,0.78939,0.78678,0.78896,8301
6549,29,H4,M,2026-03-23 01:00:00,0.78894,0.78956,0.78778,0.78901,10679
6550,29,H4,M,2026-03-23 05:00:00,0.78901,0.79112,0.78842,0.79112,16275
6551,29,H4,M,2026-03-23 09:00:00,0.79112,0.79398,0.78523,0.78547,68839
6552,29,H4,M,2026-03-23 13:00:00,0.78546,0.7883,0.78345,0.78747,51818
6553,29,H4,M,2026-03-23 17:00:00,0.78746,0.78785,0.78442,0.78641,16354
6554,29,H4,M,2026-03-23 21:00:00,0.78628,0.7885,0.78602,0.78821,9813
6555,29,H4,M,2026-03-24 01:00:00,0.78821,0.78898,0.78759,0.78871,14167
6556,29,H4,M,2026-03-24 05:00:00,0.78871,0.78892,0.78598,0.78714,17738
6557,29,H4,M,2026-03-24 09:00:00,0.78714,0.78974,0.78645,0.78923,17919
6558,29,H4,M,2026-03-24 13:00:00,0.78922,0.79171,0.78884,0.79116,28723
6559,29,H4,M,2026-03-24 17:00:00,0.79116,0.79248,0.78713,0.78822,22414
6560,29,H4,M,2026-03-24 21:00:00,0.78824,0.78852,0.78701,0.78748,8422
6561,29,H4,M,2026-03-25 01:00:00,0.7875,0.78972,0.78723,0.78946,10444
6562,29,H4,M,2026-03-25 05:00:00,0.78946,0.79104,0.78837,0.78924,13982
6563,29,H4,M,2026-03-25 09:00:00,0.78924,0.79063,0.78821,0.78965,16717
6564,29,H4,M,2026-03-25 13:00:00,0.78962,0.79244,0.78918,0.7917,21599
6565,29,H4,M,2026-03-25 17:00:00,0.79172,0.79212,0.79062,0.79156,9089
6566,29,H4,M,2026-03-25 21:00:00,0.79161,0.79224,0.79134,0.79189,5217
6567,29,H4,M,2026-03-26 01:00:00,0.7919,0.7924,0.7914,0.79161,7324
6568,29,H4,M,2026-03-26 05:00:00,0.7916,0.79297,0.79143,0.79158,10525
6569,29,H4,M,2026-03-26 09:00:00,0.79158,0.7937,0.79136,0.79308,10757
6570,29,H4,M,2026-03-26 13:00:00,0.79305,0.79461,0.79242,0.7944,18915
6571,29,H4,M,2026-03-26 17:00:00,0.7944,0.79594,0.79313,0.79516,12461
6572,29,H4,M,2026-03-26 21:00:00,0.79536,0.79563,0.79423,0.7951,11367
6573,29,H4,M,2026-03-27 01:00:00,0.79508,0.79571,0.79454,0.79528,9275
6574,29,H4,M,2026-03-27 05:00:00,0.79531,0.79695,0.79486,0.79656,11004
6575,29,H4,M,2026-03-27 09:00:00,0.79658,0.798,0.79634,0.79702,10270
6576,29,H4,M,2026-03-27 13:00:00,0.79701,0.79798,0.79526,0.79685,18203
6577,29,H4,M,2026-03-27 17:00:00,0.79686,0.79936,0.79638,0.79891,6340
6578,29,H4,M,2026-03-29 21:00:00,0.79891,0.8001,0.79707,0.79865,11269
6579,29,H4,M,2026-03-30 01:00:00,0.79861,0.79914,0.79822,0.79864,11636
6580,29,H4,M,2026-03-30 05:00:00,0.79866,0.80019,0.79793,0.80012,10525
6581,29,H4,M,2026-03-30 09:00:00,0.80012,0.8006,0.79847,0.79986,11582
6582,29,H4,M,2026-03-30 13:00:00,0.79983,0.8013,0.79914,0.80015,16450
6583,29,H4,M,2026-03-30 17:00:00,0.80013,0.80062,0.79928,0.79954,8235
6584,29,H4,M,2026-03-30 21:00:00,0.79864,0.80025,0.79825,0.79884,9482
6585,29,H4,M,2026-03-31 01:00:00,0.79886,0.79913,0.79793,0.7987,9100
6586,29,H4,M,2026-03-31 05:00:00,0.7987,0.80024,0.79852,0.79992,10429
6587,29,H4,M,2026-03-31 09:00:00,0.79991,0.80116,0.79921,0.80019,14333
6588,29,H4,M,2026-03-31 13:00:00,0.80018,0.80427,0.79916,0.80111,34526
6589,29,H4,M,2026-03-31 17:00:00,0.80112,0.80114,0.79898,0.79945,17661
6590,29,H4,M,2026-03-31 21:00:00,0.80029,0.80035,0.79678,0.79683,9533
6591,29,H4,M,2026-04-01 01:00:00,0.79684,0.79846,0.79675,0.79764,8948
6592,29,H4,M,2026-04-01 05:00:00,0.79762,0.79768,0.7928,0.79362,18986
6593,29,H4,M,2026-04-01 09:00:00,0.79362,0.79414,0.7905,0.79199,16768
6594,29,H4,M,2026-04-01 13:00:00,0.79199,0.79434,0.79114,0.79222,22808
6595,29,H4,M,2026-04-01 17:00:00,0.79222,0.79501,0.79178,0.79428,8646
6596,29,H4,M,2026-04-01 21:00:00,0.79471,0.79503,0.79294,0.79316,5810
6597,29,H4,M,2026-04-02 01:00:00,0.79317,0.79882,0.79282,0.79851,21265
6598,29,H4,M,2026-04-02 05:00:00,0.79852,0.80036,0.79829,0.7996,14468
6599,29,H4,M,2026-04-02 09:00:00,0.79958,0.80087,0.79884,0.79912,11836
6600,29,H4,M,2026-04-02 13:00:00,0.7991,0.80047,0.79775,0.79872,23385
6601,29,H4,M,2026-04-02 17:00:00,0.79873,0.79921,0.79798,0.79882,6537
6602,29,H4,M,2026-04-02 21:00:00,0.7989,0.79964,0.79804,0.79878,10256
6603,29,H4,M,2026-04-03 01:00:00,0.79882,0.79912,0.79858,0.79878,2026
6604,29,H4,M,2026-04-03 05:00:00,0.79878,0.7989,0.7977,0.798,3187
6605,29,H4,M,2026-04-03 09:00:00,0.798,0.80116,0.7979,0.7993,5184
6606,29,H4,M,2026-04-03 13:00:00,0.7993,0.80086,0.79861,0.8008,11422
6607,29,H4,M,2026-04-03 17:00:00,0.80082,0.80125,0.79847,0.79987,11911
6608,29,H4,M,2026-04-05 21:00:00,0.80007,0.80137,0.79939,0.80124,9213
6609,29,H4,M,2026-04-06 01:00:00,0.80124,0.80185,0.8004,0.80052,9602
6610,29,H4,M,2026-04-06 05:00:00,0.80054,0.80072,0.79674,0.79738,12703
6611,29,H4,M,2026-04-06 09:00:00,0.79737,0.79866,0.79708,0.79714,9520
6612,29,H4,M,2026-04-06 13:00:00,0.79714,0.79856,0.79614,0.79804,17735
6613,29,H4,M,2026-04-06 17:00:00,0.79804,0.7988,0.7975,0.79808,11246
6614,29,H4,M,2026-04-06 21:00:00,0.79802,0.79898,0.79749,0.79891,5170
6615,29,H4,M,2026-04-07 01:00:00,0.79894,0.80013,0.7986,0.79868,7147
6616,29,H4,M,2026-04-07 05:00:00,0.79865,0.79996,0.79794,0.79806,13900
6617,29,H4,M,2026-04-07 09:00:00,0.79806,0.80008,0.79788,0.79968,14947
6618,29,H4,M,2026-04-07 13:00:00,0.79966,0.80112,0.79882,0.79934,19109
6619,29,H4,M,2026-04-07 17:00:00,0.79935,0.79966,0.79731,0.7977,11697
6620,29,H4,M,2026-04-07 21:00:00,0.79815,0.79878,0.78972,0.7913,22665
6621,29,H4,M,2026-04-08 01:00:00,0.79128,0.79135,0.78922,0.78955,13044
6622,29,H4,M,2026-04-08 05:00:00,0.78952,0.78981,0.7872,0.78884,19197
6623,29,H4,M,2026-04-08 09:00:00,0.78883,0.7894,0.78715,0.78748,15201
6624,29,H4,M,2026-04-08 13:00:00,0.78748,0.79047,0.78695,0.79,20060
6625,29,H4,M,2026-04-08 17:00:00,0.79002,0.79264,0.78983,0.79132,10515
6626,29,H4,M,2026-04-08 21:00:00,0.79187,0.79199,0.79074,0.79184,6951
6627,29,H4,M,2026-04-09 01:00:00,0.79182,0.79216,0.79058,0.79113,7991
6628,29,H4,M,2026-04-09 05:00:00,0.79112,0.7922,0.79063,0.79104,11839
6629,29,H4,M,2026-04-09 09:00:00,0.79106,0.79172,0.79018,0.79052,10629
6630,29,H4,M,2026-04-09 13:00:00,0.79047,0.79122,0.78802,0.7885,20214
6631,29,H4,M,2026-04-09 17:00:00,0.78848,0.79069,0.78792,0.79049,8803
6632,29,H4,M,2026-04-09 21:00:00,0.79046,0.7914,0.78974,0.79122,5883
6633,29,H4,M,2026-04-10 01:00:00,0.7912,0.79132,0.79012,0.79036,5591
6634,29,H4,M,2026-04-10 05:00:00,0.79032,0.79068,0.78949,0.7902,6721
6635,29,H4,M,2026-04-10 09:00:00,0.79018,0.79063,0.78738,0.78826,11581
6636,29,H4,M,2026-04-10 13:00:00,0.78828,0.79006,0.78548,0.78946,19011
6637,29,H4,M,2026-04-10 17:00:00,0.78946,0.78989,0.78848,0.78916,7051
6638,29,H4,M,2026-04-12 21:00:00,0.79086,0.79345,0.79036,0.7925,9640
6639,29,H4,M,2026-04-13 01:00:00,0.79249,0.79272,0.79171,0.79208,5859
6640,29,H4,M,2026-04-13 05:00:00,0.79208,0.79229,0.78976,0.79039,8794
6641,29,H4,M,2026-04-13 09:00:00,0.79038,0.79118,0.78926,0.78962,8450
6642,29,H4,M,2026-04-13 13:00:00,0.7896,0.78996,0.7857,0.78587,17227
6643,29,H4,M,2026-04-13 17:00:00,0.78586,0.78591,0.78302,0.78386,7165
6644,29,H4,M,2026-04-13 21:00:00,0.78391,0.78407,0.78304,0.78304,4884
6645,29,H4,M,2026-04-14 01:00:00,0.78304,0.78382,0.78292,0.78314,4466
6646,29,H4,M,2026-04-14 05:00:00,0.78316,0.78368,0.78014,0.7806,10434
6647,29,H4,M,2026-04-14 09:00:00,0.78059,0.78101,0.77952,0.77994,10079
6648,29,H4,M,2026-04-14 13:00:00,0.77996,0.78126,0.77906,0.78114,15419
6649,29,H4,M,2026-04-14 17:00:00,0.78117,0.7814,0.7806,0.78092,4400
6650,29,H4,M,2026-04-14 21:00:00,0.78126,0.78162,0.7806,0.78102,5526
6651,29,H4,M,2026-04-15 01:00:00,0.78104,0.782,0.78071,0.78129,6675
6652,29,H4,M,2026-04-15 05:00:00,0.78128,0.78146,0.77986,0.78086,9924
6653,29,H4,M,2026-04-15 09:00:00,0.78085,0.78318,0.78072,0.7824,13878
6654,29,H4,M,2026-04-15 13:00:00,0.78239,0.78242,0.78066,0.78168,15050
6655,29,H4,M,2026-04-15 17:00:00,0.7817,0.7824,0.78138,0.78195,5902
6656,29,H4,M,2026-04-15 21:00:00,0.78253,0.78286,0.78104,0.78104,9088
6657,29,H4,M,2026-04-16 01:00:00,0.78106,0.78165,0.77989,0.7808,7428
6658,29,H4,M,2026-04-16 05:00:00,0.7808,0.78306,0.78062,0.78242,9045
6659,29,H4,M,2026-04-16 09:00:00,0.78242,0.78434,0.78233,0.78352,9005
6660,29,H4,M,2026-04-16 13:00:00,0.78352,0.7843,0.7826,0.78404,14136
6661,29,H4,M,2026-04-16 17:00:00,0.784,0.78454,0.78293,0.78354,7008
6662,29,H4,M,2026-04-16 21:00:00,0.78412,0.78412,0.78294,0.78324,3033
6663,29,H4,M,2026-04-17 01:00:00,0.78324,0.78385,0.78317,0.78332,4117
6664,29,H4,M,2026-04-17 05:00:00,0.78332,0.78402,0.7822,0.7822,6821
6665,29,H4,M,2026-04-17 09:00:00,0.7822,0.78272,0.77918,0.77923,11247
6666,29,H4,M,2026-04-17 13:00:00,0.77919,0.77989,0.77753,0.77946,26871
6667,29,H4,M,2026-04-17 17:00:00,0.77944,0.78192,0.7794,0.78179,9301
6668,29,H4,M,2026-04-19 21:00:00,0.78162,0.78396,0.78149,0.78266,7542
6669,29,H4,M,2026-04-20 01:00:00,0.78265,0.78312,0.78209,0.7825,6381
6670,29,H4,M,2026-04-20 05:00:00,0.7825,0.78354,0.78134,0.78203,11453
6671,29,H4,M,2026-04-20 09:00:00,0.782,0.782,0.78062,0.78094,9418
6672,29,H4,M,2026-04-20 13:00:00,0.78092,0.7812,0.7776,0.77824,19593
6673,29,H4,M,2026-04-20 17:00:00,0.77824,0.77887,0.77796,0.77843,5627
6674,29,H4,M,2026-04-20 21:00:00,0.77842,0.77924,0.778,0.77859,6866
6675,29,H4,M,2026-04-21 01:00:00,0.77862,0.77946,0.77842,0.77932,4555
6676,29,H4,M,2026-04-21 05:00:00,0.77932,0.7807,0.7785,0.78033,11387
6677,29,H4,M,2026-04-21 09:00:00,0.78034,0.7806,0.77918,0.78014,9041
6678,29,H4,M,2026-04-21 13:00:00,0.78012,0.78099,0.7783,0.78085,15627
6679,29,H4,M,2026-04-21 17:00:00,0.78087,0.78262,0.7796,0.78074,23199
6680,29,H4,M,2026-04-21 21:00:00,0.78077,0.78144,0.7799,0.7806,5324
6681,29,H4,M,2026-04-22 01:00:00,0.7806,0.78099,0.78029,0.78078,6956
6682,29,H4,M,2026-04-22 05:00:00,0.78076,0.78078,0.77921,0.78005,12318
6683,29,H4,M,2026-04-22 09:00:00,0.78008,0.78322,0.7798,0.78306,11427
6684,29,H4,M,2026-04-22 13:00:00,0.78306,0.78395,0.78173,0.7839,15631
6685,29,H4,M,2026-04-22 17:00:00,0.78392,0.78501,0.78342,0.78476,5679
6686,29,H4,M,2026-04-22 21:00:00,0.78436,0.78588,0.78406,0.78432,6742
6687,29,H4,M,2026-04-23 01:00:00,0.78429,0.7858,0.78416,0.78552,7714
6688,29,H4,M,2026-04-23 05:00:00,0.78552,0.78556,0.78407,0.78413,9415
6689,29,H4,M,2026-04-23 09:00:00,0.78414,0.7859,0.78409,0.78546,13498
6690,29,H4,M,2026-04-23 13:00:00,0.78546,0.78634,0.78321,0.78463,15521
6691,29,H4,M,2026-04-23 17:00:00,0.78462,0.78738,0.7846,0.78653,19101
6692,29,H4,M,2026-04-23 21:00:00,0.78579,0.78658,0.78546,0.7863,7231
6693,29,H4,M,2026-04-24 01:00:00,0.78631,0.78734,0.78606,0.78704,6883
6694,29,H4,M,2026-04-24 05:00:00,0.78702,0.78766,0.7858,0.78612,9352
6695,29,H4,M,2026-04-24 09:00:00,0.78612,0.78714,0.78495,0.78615,13155
6696,29,H4,M,2026-04-24 13:00:00,0.78614,0.78746,0.78458,0.7849,18600
6697,29,H4,M,2026-04-24 17:00:00,0.7849,0.78558,0.78462,0.78498,6636
6698,29,H4,M,2026-04-26 21:00:00,0.78672,0.78674,0.78511,0.78574,4792
6699,29,H4,M,2026-04-27 01:00:00,0.7857,0.7857,0.7844,0.78478,7315
6700,29,H4,M,2026-04-27 05:00:00,0.78479,0.7857,0.7834,0.78359,9767
6701,29,H4,M,2026-04-27 09:00:00,0.78356,0.78498,0.78346,0.78449,8396
6702,29,H4,M,2026-04-27 13:00:00,0.78451,0.78538,0.7831,0.78538,13083
6703,29,H4,M,2026-04-27 17:00:00,0.78538,0.78601,0.78514,0.7856,4730
6704,29,H4,M,2026-04-27 21:00:00,0.78546,0.78588,0.78485,0.78584,4910
6705,29,H4,M,2026-04-28 01:00:00,0.78586,0.78692,0.78586,0.7869,7152
6706,29,H4,M,2026-04-28 05:00:00,0.78688,0.78974,0.78685,0.7889,12404
6707,29,H4,M,2026-04-28 09:00:00,0.78891,0.79113,0.78866,0.78961,14170
6708,29,H4,M,2026-04-28 13:00:00,0.78962,0.7909,0.7887,0.7892,20345
6709,29,H4,M,2026-04-28 17:00:00,0.7892,0.78986,0.78898,0.78928,5605
6710,29,H4,M,2026-04-28 21:00:00,0.78935,0.78964,0.78863,0.789,3239
6711,29,H4,M,2026-04-29 01:00:00,0.78898,0.78972,0.78834,0.78904,8054
6712,29,H4,M,2026-04-29 05:00:00,0.78906,0.78978,0.78872,0.78964,10082
6713,29,H4,M,2026-04-29 09:00:00,0.78964,0.79036,0.78875,0.79012,11897
6714,29,H4,M,2026-04-29 13:00:00,0.79013,0.79162,0.78944,0.79062,19929
6715,29,H4,M,2026-04-29 17:00:00,0.79062,0.79252,0.78997,0.79148,17955
6716,29,H4,M,2026-04-29 21:00:00,0.79137,0.7918,0.79018,0.79084,5716
6717,29,H4,M,2026-04-30 01:00:00,0.79086,0.79234,0.79056,0.79196,10010
6718,29,H4,M,2026-04-30 05:00:00,0.79198,0.79204,0.7887,0.78957,13413
6719,29,H4,M,2026-04-30 09:00:00,0.78957,0.78964,0.78339,0.78396,29730
6720,29,H4,M,2026-04-30 13:00:00,0.78395,0.78531,0.78075,0.78252,33633
6721,29,H4,M,2026-04-30 17:00:00,0.78251,0.78266,0.78057,0.7814,9909
6722,29,H4,M,2026-04-30 21:00:00,0.78117,0.78207,0.78103,0.78162,6332
6723,29,H4,M,2026-05-01 01:00:00,0.78163,0.78227,0.78116,0.7822,5265
6724,29,H4,M,2026-05-01 05:00:00,0.7822,0.78304,0.77964,0.7809,14893
6725,29,H4,M,2026-05-01 09:00:00,0.7809,0.78189,0.77886,0.7802,11915
6726,29,H4,M,2026-05-01 13:00:00,0.78022,0.78146,0.7779,0.78056,23312
6727,29,H4,M,2026-05-01 17:00:00,0.7806,0.78238,0.78038,0.78202,8315
6728,29,H4,M,2026-05-03 21:00:00,0.782,0.782,0.77935,0.78094,4699
6729,29,H4,M,2026-05-04 01:00:00,0.78095,0.78184,0.78,0.78096,13143
6730,29,H4,M,2026-05-04 05:00:00,0.78097,0.78336,0.78046,0.7825,10292
6731,29,H4,M,2026-05-04 09:00:00,0.78248,0.78472,0.7821,0.78323,14641
6732,29,H4,M,2026-05-04 13:00:00,0.78322,0.78476,0.782,0.7847,18427
6733,29,H4,M,2026-05-04 17:00:00,0.7847,0.78477,0.78307,0.78398,8296
6734,29,H4,M,2026-05-04 21:00:00,0.78336,0.78457,0.7832,0.7844,4769
6735,29,H4,M,2026-05-05 01:00:00,0.7844,0.78475,0.78384,0.78472,6211
6736,29,H4,M,2026-05-05 05:00:00,0.78472,0.78482,0.78284,0.78347,10150
6737,29,H4,M,2026-05-05 09:00:00,0.78348,0.78426,0.78246,0.78367,11708
6738,29,H4,M,2026-05-05 13:00:00,0.78367,0.78368,0.78132,0.78292,14729
6739,29,H4,M,2026-05-05 17:00:00,0.78295,0.7832,0.78244,0.7831,5157
6740,29,H4,M,2026-05-05 21:00:00,0.78275,0.78354,0.78084,0.78131,10303
6741,29,H4,M,2026-05-06 01:00:00,0.78132,0.78192,0.77886,0.77961,16392
6742,29,H4,M,2026-05-06 05:00:00,0.7796,0.78201,0.7782,0.77888,16643
6743,29,H4,M,2026-05-06 09:00:00,0.77888,0.77998,0.77715,0.77933,20790
6744,29,H4,M,2026-05-06 13:00:00,0.77932,0.78041,0.77864,0.77977,18143
6745,29,H4,M,2026-05-06 17:00:00,0.77978,0.77984,0.77829,0.77885,6295
6746,29,H4,M,2026-05-06 21:00:00,0.77827,0.77935,0.77816,0.77906,11702
6747,29,H4,M,2026-05-07 01:00:00,0.77906,0.77932,0.77786,0.779,7974
6748,29,H4,M,2026-05-07 05:00:00,0.77901,0.7793,0.77725,0.77756,13786
6749,29,H4,M,2026-05-07 09:00:00,0.77759,0.77834,0.77694,0.7773,11913
6750,29,H4,M,2026-05-07 13:00:00,0.77733,0.77838,0.7766,0.7783,17563
6751,29,H4,M,2026-05-07 17:00:00,0.77828,0.78083,0.77825,0.78064,14918
6752,29,H4,M,2026-05-07 21:00:00,0.78008,0.78088,0.77922,0.78053,17173
6753,29,H4,M,2026-05-08 01:00:00,0.78052,0.78094,0.77988,0.77988,7877
6754,29,H4,M,2026-05-08 05:00:00,0.77989,0.78012,0.77784,0.77821,9443
6755,29,H4,M,2026-05-08 09:00:00,0.77818,0.77922,0.77712,0.77764,11511
6756,29,H4,M,2026-05-08 13:00:00,0.77764,0.77822,0.77656,0.77721,16874
6757,29,H4,M,2026-05-08 17:00:00,0.7772,0.7773,0.77618,0.77643,6080
6758,29,H4,M,2026-05-10 21:00:00,0.77811,0.7785,0.77705,0.77788,9239
6759,29,H4,M,2026-05-11 01:00:00,0.77788,0.77946,0.77782,0.77942,7126
6760,29,H4,M,2026-05-11 05:00:00,0.77944,0.77955,0.77754,0.77845,9893
6761,29,H4,M,2026-05-11 09:00:00,0.77846,0.77907,0.77804,0.77823,8705
6762,29,H4,M,2026-05-11 13:00:00,0.77819,0.77826,0.77684,0.77784,12132
6763,29,H4,M,2026-05-11 17:00:00,0.77786,0.77848,0.77758,0.77808,5109
6764,29,H4,M,2026-05-11 21:00:00,0.77788,0.77901,0.77762,0.77899,5769
6765,29,H4,M,2026-05-12 01:00:00,0.77901,0.77999,0.77884,0.77976,7603
6766,29,H4,M,2026-05-12 05:00:00,0.77976,0.7809,0.7788,0.78064,13485
6767,29,H4,M,2026-05-12 09:00:00,0.78067,0.7815,0.7803,0.78038,12930
6768,29,H4,M,2026-05-12 13:00:00,0.7804,0.78235,0.78031,0.78199,19339
6769,29,H4,M,2026-05-12 17:00:00,0.78196,0.78204,0.78027,0.78057,8059
6770,29,H4,M,2026-05-12 21:00:00,0.78093,0.78118,0.78012,0.78017,8430
6771,29,H4,M,2026-05-13 01:00:00,0.78016,0.78072,0.78004,0.78054,6641
6772,29,H4,M,2026-05-13 05:00:00,0.78056,0.78246,0.78023,0.7822,6825
6773,29,H4,M,2026-05-13 09:00:00,0.7822,0.783,0.78119,0.78268,8985
6774,29,H4,M,2026-05-13 13:00:00,0.78268,0.78308,0.78168,0.78244,13283
6775,29,H4,M,2026-05-13 17:00:00,0.78246,0.78249,0.78162,0.78176,5273
6776,29,H4,M,2026-05-13 21:00:00,0.78186,0.78211,0.78144,0.7815,4519
6777,29,H4,M,2026-05-14 01:00:00,0.7815,0.78194,0.78132,0.7818,5042
6778,29,H4,M,2026-05-14 05:00:00,0.78176,0.78252,0.78079,0.78196,7894
6779,29,H4,M,2026-05-14 09:00:00,0.78192,0.78216,0.78146,0.78204,8742
6780,29,H4,M,2026-05-14 13:00:00,0.78206,0.78358,0.78179,0.78321,14886
6781,29,H4,M,2026-05-14 17:00:00,0.7832,0.78406,0.78298,0.78378,5599
6782,29,H4,M,2026-05-14 21:00:00,0.78336,0.78502,0.78336,0.78475,4370
6783,29,H4,M,2026-05-15 01:00:00,0.78476,0.78582,0.7847,0.78567,8850
6784,29,H4,M,2026-05-15 05:00:00,0.78567,0.78634,0.78469,0.7857,12981
6785,29,H4,M,2026-05-15 09:00:00,0.7857,0.78704,0.78386,0.78667,13226
6786,29,H4,M,2026-05-15 13:00:00,0.78666,0.78734,0.78546,0.78656,17246
6787,29,H4,M,2026-05-15 17:00:00,0.78657,0.7873,0.78602,0.78696,6988
6788,29,H4,M,2026-05-17 21:00:00,0.78633,0.78752,0.78633,0.78739,6004
6789,29,H4,M,2026-05-18 01:00:00,0.78739,0.78776,0.78648,0.7869,10233
6790,29,H4,M,2026-05-18 05:00:00,0.7869,0.78714,0.78458,0.78487,10757
6791,29,H4,M,2026-05-18 09:00:00,0.78486,0.78653,0.7845,0.785,12959
6792,29,H4,M,2026-05-18 13:00:00,0.785,0.78646,0.78445,0.78482,17606
6793,29,H4,M,2026-05-18 17:00:00,0.78485,0.78612,0.78402,0.7844,10000
9236,46,H4,M,2025-12-11 22:00:00,182.632,182.858,182.526,182.677,25625
9237,46,H4,M,2025-12-12 02:00:00,182.676,182.824,182.641,182.822,22244
9238,46,H4,M,2025-12-12 06:00:00,182.822,182.947,182.604,182.9,36500
9239,46,H4,M,2025-12-12 10:00:00,182.904,183.012,182.683,183.004,30621
9240,46,H4,M,2025-12-12 14:00:00,183.003,183.159,182.684,183.011,56157
9241,46,H4,M,2025-12-12 18:00:00,183.004,183.06,182.902,182.954,23935
9242,46,H4,M,2025-12-14 22:00:00,182.967,183.007,182.703,182.712,17305
9243,46,H4,M,2025-12-15 02:00:00,182.721,182.756,181.924,181.924,25645
9244,46,H4,M,2025-12-15 06:00:00,181.924,182.19,181.838,181.984,34340
9245,46,H4,M,2025-12-15 10:00:00,181.984,182.338,181.952,182.278,27913
9246,46,H4,M,2025-12-15 14:00:00,182.277,182.618,182.088,182.425,48724
9247,46,H4,M,2025-12-15 18:00:00,182.424,182.461,182.35,182.431,17273
9248,46,H4,M,2025-12-15 22:00:00,182.44,182.473,181.932,181.995,27374
9249,46,H4,M,2025-12-16 02:00:00,181.995,182.096,181.781,181.949,31618
9250,46,H4,M,2025-12-16 06:00:00,181.948,182.168,181.918,182.027,34906
9251,46,H4,M,2025-12-16 10:00:00,182.029,182.31,181.97,182.188,41909
9252,46,H4,M,2025-12-16 14:00:00,182.191,182.474,181.962,181.968,61993
9253,46,H4,M,2025-12-16 18:00:00,181.967,181.991,181.716,181.767,29074
9254,46,H4,M,2025-12-16 22:00:00,181.758,181.91,181.571,181.706,24277
9255,46,H4,M,2025-12-17 02:00:00,181.705,182.006,181.705,181.98,27291
9256,46,H4,M,2025-12-17 06:00:00,181.981,182.26,181.892,182.223,36945
9257,46,H4,M,2025-12-17 10:00:00,182.222,182.432,182.108,182.356,35266
9258,46,H4,M,2025-12-17 14:00:00,182.356,182.849,182.308,182.742,45756
9259,46,H4,M,2025-12-17 18:00:00,182.742,182.881,182.708,182.786,19357
9260,46,H4,M,2025-12-17 22:00:00,182.762,182.856,182.512,182.854,20909
9261,46,H4,M,2025-12-18 02:00:00,182.856,183.098,182.762,183.014,23174
9262,46,H4,M,2025-12-18 06:00:00,183.012,183.172,182.647,182.786,32681
9263,46,H4,M,2025-12-18 10:00:00,182.782,182.85,182.444,182.776,40755
9264,46,H4,M,2025-12-18 14:00:00,182.772,182.774,182.291,182.396,46754
9265,46,H4,M,2025-12-18 18:00:00,182.398,182.495,182.311,182.372,18879
9266,46,H4,M,2025-12-18 22:00:00,182.285,182.69,182.261,182.598,18151
9267,46,H4,M,2025-12-19 02:00:00,182.596,183.02,182.441,182.824,29323
9268,46,H4,M,2025-12-19 06:00:00,182.828,184.131,182.667,184.12,40571
9269,46,H4,M,2025-12-19 10:00:00,184.12,184.38,184.062,184.377,35099
9270,46,H4,M,2025-12-19 14:00:00,184.376,184.688,184.11,184.506,39437
9271,46,H4,M,2025-12-19 18:00:00,184.508,184.753,184.504,184.685,20037
9272,46,H4,M,2025-12-21 22:00:00,184.828,184.828,184.26,184.306,32054
9273,46,H4,M,2025-12-22 02:00:00,184.305,184.494,184.241,184.39,18129
9274,46,H4,M,2025-12-22 06:00:00,184.39,184.924,184.292,184.701,29063
9275,46,H4,M,2025-12-22 10:00:00,184.702,184.83,184.288,184.706,35513
9276,46,H4,M,2025-12-22 14:00:00,184.707,184.785,184.324,184.428,35658
9277,46,H4,M,2025-12-22 18:00:00,184.428,184.724,184.402,184.706,17097
9278,46,H4,M,2025-12-22 22:00:00,184.588,184.692,184.139,184.158,22416
9279,46,H4,M,2025-12-23 02:00:00,184.158,184.234,183.597,183.66,27480
9280,46,H4,M,2025-12-23 06:00:00,183.66,183.908,183.436,183.882,40820
9281,46,H4,M,2025-12-23 10:00:00,183.88,184.098,183.842,184.042,35552
9282,46,H4,M,2025-12-23 14:00:00,184.041,184.233,183.85,183.929,42243
9283,46,H4,M,2025-12-23 18:00:00,183.931,184.27,183.928,184.226,18914
9284,46,H4,M,2025-12-23 22:00:00,184.27,184.294,183.634,183.702,5915
9285,46,H4,M,2025-12-24 02:00:00,183.691,183.898,183.61,183.774,4106
9286,46,H4,M,2025-12-24 06:00:00,183.77,183.836,183.58,183.824,5389
9287,46,H4,M,2025-12-24 10:00:00,183.83,183.926,183.74,183.806,4116
9288,46,H4,M,2025-12-24 14:00:00,183.81,183.832,183.306,183.622,5220
9289,46,H4,M,2025-12-24 18:00:00,183.626,183.698,183.54,183.668,4434
9290,46,H4,M,2025-12-25 22:00:00,183.707,184.434,183.509,184.216,32616
9291,46,H4,M,2025-12-26 02:00:00,184.215,184.286,183.829,184.106,26248
9292,46,H4,M,2025-12-26 06:00:00,184.104,184.202,183.932,184.158,35326
9293,46,H4,M,2025-12-26 10:00:00,184.155,184.394,184.124,184.332,28437
9294,46,H4,M,2025-12-26 14:00:00,184.332,184.413,184.179,184.286,40957
9295,46,H4,M,2025-12-26 18:00:00,184.284,184.386,184.178,184.298,25763
9296,46,H4,M,2025-12-28 22:00:00,184.325,184.415,183.806,184.256,12766
9297,46,H4,M,2025-12-29 02:00:00,184.266,184.416,183.77,183.81,7355
9298,46,H4,M,2025-12-29 06:00:00,183.818,184.252,183.734,184.15,18197
9299,46,H4,M,2025-12-29 10:00:00,184.149,184.184,183.86,183.936,11662
9300,46,H4,M,2025-12-29 14:00:00,183.93,184.158,183.464,183.602,11169
9301,46,H4,M,2025-12-29 18:00:00,183.599,183.802,183.598,183.752,3630
9302,46,H4,M,2025-12-29 22:00:00,183.686,184.091,183.601,183.994,20899
9303,46,H4,M,2025-12-30 02:00:00,183.993,184.093,183.742,183.777,20067
9304,46,H4,M,2025-12-30 06:00:00,183.776,183.878,183.466,183.542,27245
9305,46,H4,M,2025-12-30 10:00:00,183.543,183.834,183.42,183.777,31316
9306,46,H4,M,2025-12-30 14:00:00,183.778,183.982,183.637,183.826,34713
9307,46,H4,M,2025-12-30 18:00:00,183.828,183.898,183.752,183.794,17313
9308,46,H4,M,2025-12-30 22:00:00,183.679,183.79,183.644,183.702,12534
9309,46,H4,M,2025-12-31 02:00:00,183.709,183.836,183.674,183.828,14807
9310,46,H4,M,2025-12-31 06:00:00,183.826,183.89,183.541,183.815,29538
9311,46,H4,M,2025-12-31 10:00:00,183.808,184.184,183.758,184.136,37132
9312,46,H4,M,2025-12-31 14:00:00,184.137,184.248,183.938,184.06,54741
9313,46,H4,M,2025-12-31 18:00:00,184.06,184.18,183.99,184.048,22465
9314,46,H4,M,2026-01-01 22:00:00,184.04,184.286,184.024,184.218,9129
9315,46,H4,M,2026-01-02 02:00:00,184.218,184.431,184.149,184.395,10737
9316,46,H4,M,2026-01-02 06:00:00,184.394,184.422,183.896,183.928,29869
9317,46,H4,M,2026-01-02 10:00:00,183.928,184.106,183.715,183.921,29767
9318,46,H4,M,2026-01-02 14:00:00,183.926,184.05,183.822,183.905,47777
9319,46,H4,M,2026-01-02 18:00:00,183.905,183.956,183.79,183.814,23900
9320,46,H4,M,2026-01-04 22:00:00,183.781,184.064,183.508,183.716,27570
9321,46,H4,M,2026-01-05 02:00:00,183.716,183.782,183.47,183.678,23286
9322,46,H4,M,2026-01-05 06:00:00,183.68,183.72,183.146,183.331,34848
9323,46,H4,M,2026-01-05 10:00:00,183.33,183.346,182.814,183.088,36030
9324,46,H4,M,2026-01-05 14:00:00,183.087,183.326,182.986,183.137,50539
9325,46,H4,M,2026-01-05 18:00:00,183.137,183.374,183.042,183.334,25041
9326,46,H4,M,2026-01-05 22:00:00,183.287,183.65,183.255,183.452,24009
9327,46,H4,M,2026-01-06 02:00:00,183.45,183.568,183.342,183.476,23668
9328,46,H4,M,2026-01-06 06:00:00,183.476,183.614,183.056,183.172,33879
9329,46,H4,M,2026-01-06 10:00:00,183.17,183.266,183.016,183.128,40276
9330,46,H4,M,2026-01-06 14:00:00,183.13,183.353,183.014,183.34,46341
9331,46,H4,M,2026-01-06 18:00:00,183.341,183.388,183.04,183.131,23310
9332,46,H4,M,2026-01-06 22:00:00,183.041,183.358,183.036,183.298,19326
9333,46,H4,M,2026-01-07 02:00:00,183.296,183.376,182.851,182.866,21120
9334,46,H4,M,2026-01-07 06:00:00,182.865,182.961,182.71,182.813,31290
9335,46,H4,M,2026-01-07 10:00:00,182.813,183.04,182.76,182.88,29976
9336,46,H4,M,2026-01-07 14:00:00,182.882,183.235,182.851,183.058,41092
9337,46,H4,M,2026-01-07 18:00:00,183.057,183.155,183.02,183.024,17439
9338,46,H4,M,2026-01-07 22:00:00,182.998,183.222,182.943,183.204,16017
9339,46,H4,M,2026-01-08 02:00:00,183.204,183.252,182.97,183.04,20504
9340,46,H4,M,2026-01-08 06:00:00,183.039,183.042,182.718,183.038,32801
9341,46,H4,M,2026-01-08 10:00:00,183.037,183.11,182.91,183.074,27747
9342,46,H4,M,2026-01-08 14:00:00,183.076,183.252,182.636,182.704,40999
9343,46,H4,M,2026-01-08 18:00:00,182.702,182.944,182.679,182.903,19979
9344,46,H4,M,2026-01-08 22:00:00,182.856,183.126,182.78,183.092,17295
9345,46,H4,M,2026-01-09 02:00:00,183.088,183.383,183.075,183.372,17337
9346,46,H4,M,2026-01-09 06:00:00,183.37,183.676,183.332,183.62,26566
9347,46,H4,M,2026-01-09 10:00:00,183.62,183.658,183.35,183.408,31337
9348,46,H4,M,2026-01-09 14:00:00,183.408,183.956,183.369,183.852,52340
9349,46,H4,M,2026-01-09 18:00:00,183.856,183.874,183.664,183.774,19905
9350,46,H4,M,2026-01-11 22:00:00,183.87,183.951,183.753,183.878,25788
9351,46,H4,M,2026-01-12 02:00:00,183.876,184.457,183.868,184.38,19409
9352,46,H4,M,2026-01-12 06:00:00,184.382,184.554,184.214,184.452,29206
9353,46,H4,M,2026-01-12 10:00:00,184.45,184.566,184.338,184.566,29176
9354,46,H4,M,2026-01-12 14:00:00,184.562,184.671,184.344,184.464,34937
9355,46,H4,M,2026-01-12 18:00:00,184.464,184.599,184.412,184.522,15145
9356,46,H4,M,2026-01-12 22:00:00,184.521,184.79,184.261,184.77,22146
9357,46,H4,M,2026-01-13 02:00:00,184.782,185.298,184.616,185.192,20946
9358,46,H4,M,2026-01-13 06:00:00,185.192,185.544,185.072,185.459,28357
9359,46,H4,M,2026-01-13 10:00:00,185.457,185.532,185.074,185.391,33472
9360,46,H4,M,2026-01-13 14:00:00,185.394,185.456,185.122,185.202,44501
9361,46,H4,M,2026-01-13 18:00:00,185.204,185.382,185.162,185.321,15949
9362,46,H4,M,2026-01-13 22:00:00,185.307,185.572,185.202,185.441,17966
9363,46,H4,M,2026-01-14 02:00:00,185.44,185.508,185.272,185.5,15988
9364,46,H4,M,2026-01-14 06:00:00,185.5,185.574,184.826,184.988,32883
9365,46,H4,M,2026-01-14 10:00:00,184.986,185.024,184.298,184.767,36446
9366,46,H4,M,2026-01-14 14:00:00,184.768,184.85,184.292,184.372,47695
9367,46,H4,M,2026-01-14 18:00:00,184.37,184.684,184.302,184.522,23274
9368,46,H4,M,2026-01-14 22:00:00,184.512,184.616,184.182,184.304,22731
9369,46,H4,M,2026-01-15 02:00:00,184.316,184.62,184.274,184.341,20554
9370,46,H4,M,2026-01-15 06:00:00,184.339,184.638,184.196,184.312,32830
9371,46,H4,M,2026-01-15 10:00:00,184.31,184.485,184.192,184.262,27574
9372,46,H4,M,2026-01-15 14:00:00,184.262,184.308,183.866,184.012,41588
9373,46,H4,M,2026-01-15 18:00:00,184.01,184.195,184.01,184.147,19122
9374,46,H4,M,2026-01-15 22:00:00,184.143,184.19,183.916,184.088,16556
9375,46,H4,M,2026-01-16 02:00:00,184.088,184.12,183.455,183.826,22398
9376,46,H4,M,2026-01-16 06:00:00,183.826,183.933,183.498,183.638,30094
9377,46,H4,M,2026-01-16 10:00:00,183.64,183.809,183.508,183.598,33334
9378,46,H4,M,2026-01-16 14:00:00,183.596,183.663,183.205,183.377,45549
9379,46,H4,M,2026-01-16 18:00:00,183.372,183.448,183.318,183.375,17911
9380,46,H4,M,2026-01-18 22:00:00,182.878,183.368,182.762,183.276,36950
9381,46,H4,M,2026-01-19 02:00:00,183.278,183.72,183.278,183.603,24236
9382,46,H4,M,2026-01-19 06:00:00,183.605,183.848,183.502,183.58,32664
9383,46,H4,M,2026-01-19 10:00:00,183.58,183.81,183.49,183.694,23652
9384,46,H4,M,2026-01-19 14:00:00,183.694,184.141,183.642,184.044,22810
9385,46,H4,M,2026-01-19 18:00:00,184.044,184.166,184.042,184.159,4260
9386,46,H4,M,2026-01-19 22:00:00,184.054,184.195,183.774,183.914,22485
9387,46,H4,M,2026-01-20 02:00:00,183.915,184.438,183.872,184.399,28574
9388,46,H4,M,2026-01-20 06:00:00,184.398,185.21,184.394,184.963,51830
9389,46,H4,M,2026-01-20 10:00:00,184.962,185.402,184.949,185.202,47263
9390,46,H4,M,2026-01-20 14:00:00,185.202,185.432,184.964,185.308,58760
9391,46,H4,M,2026-01-20 18:00:00,185.309,185.472,185.296,185.438,25965
9392,46,H4,M,2026-01-20 22:00:00,185.424,185.542,185.216,185.272,25498
9393,46,H4,M,2026-01-21 02:00:00,185.274,185.414,185.092,185.378,28826
9394,46,H4,M,2026-01-21 06:00:00,185.376,185.444,184.822,184.922,35280
9395,46,H4,M,2026-01-21 10:00:00,184.92,185.383,184.904,185.354,43464
9396,46,H4,M,2026-01-21 14:00:00,185.354,185.44,185.018,185.074,67710
9397,46,H4,M,2026-01-21 18:00:00,185.074,185.206,184.994,185.01,30541
9398,46,H4,M,2026-01-21 22:00:00,184.982,185.123,184.807,185.096,23851
9399,46,H4,M,2026-01-22 02:00:00,185.096,185.578,185.066,185.515,24530
9400,46,H4,M,2026-01-22 06:00:00,185.514,185.768,185.459,185.558,32110
9401,46,H4,M,2026-01-22 10:00:00,185.558,186.005,185.478,185.899,40322
9402,46,H4,M,2026-01-22 14:00:00,185.9,186.018,185.711,185.962,47717
9403,46,H4,M,2026-01-22 18:00:00,185.963,186.254,185.918,186.242,20566
9404,46,H4,M,2026-01-22 22:00:00,186.172,186.424,186.146,186.392,19302
9405,46,H4,M,2026-01-23 02:00:00,186.392,186.46,186.174,186.403,18332
9406,46,H4,M,2026-01-23 06:00:00,186.403,186.874,184.802,185.428,53308
9407,46,H4,M,2026-01-23 10:00:00,185.428,185.82,185.405,185.713,31976
9408,46,H4,M,2026-01-23 14:00:00,185.712,185.996,184.194,184.42,55195
9409,46,H4,M,2026-01-23 18:00:00,184.42,184.55,183.793,184.224,41727
9410,46,H4,M,2026-01-25 22:00:00,183.747,184.106,183.062,183.116,53107
9411,46,H4,M,2026-01-26 02:00:00,183.114,183.172,182.551,182.85,46022
9412,46,H4,M,2026-01-26 06:00:00,182.85,183.012,181.918,182.314,59226
9413,46,H4,M,2026-01-26 10:00:00,182.316,182.758,181.786,182.656,53634
9414,46,H4,M,2026-01-26 14:00:00,182.656,183.106,182.505,182.902,51856
9415,46,H4,M,2026-01-26 18:00:00,182.904,183.236,182.836,183.212,32896
9416,46,H4,M,2026-01-26 22:00:00,183.104,183.384,183.09,183.344,25224
9417,46,H4,M,2026-01-27 02:00:00,183.344,183.608,183.279,183.5,34216
9418,46,H4,M,2026-01-27 06:00:00,183.5,183.692,182.106,182.786,46099
9419,46,H4,M,2026-01-27 10:00:00,182.793,183.135,182.522,182.724,66591
9420,46,H4,M,2026-01-27 14:00:00,182.726,183.438,182.676,183.016,68424
9421,46,H4,M,2026-01-27 18:00:00,183.018,183.78,182.824,183.268,54147
9422,46,H4,M,2026-01-27 22:00:00,183.306,183.571,183.159,183.482,36610
9423,46,H4,M,2026-01-28 02:00:00,183.483,183.535,182.763,183.112,37222
9424,46,H4,M,2026-01-28 06:00:00,183.124,183.246,182.799,183.058,53720
9425,46,H4,M,2026-01-28 10:00:00,183.06,183.071,182.577,182.772,48170
9426,46,H4,M,2026-01-28 14:00:00,182.774,183.575,182.698,183.337,68720
9427,46,H4,M,2026-01-28 18:00:00,183.334,183.534,183.146,183.373,45059
9428,46,H4,M,2026-01-28 22:00:00,183.41,183.487,183.09,183.324,35909
9429,46,H4,M,2026-01-29 02:00:00,183.326,183.528,183.162,183.338,37820
9430,46,H4,M,2026-01-29 06:00:00,183.338,183.746,183.228,183.299,46650
9431,46,H4,M,2026-01-29 10:00:00,183.298,183.477,183.156,183.328,44324
9432,46,H4,M,2026-01-29 14:00:00,183.332,183.398,182.086,182.81,80020
9433,46,H4,M,2026-01-29 18:00:00,182.81,183.316,182.793,183.288,31858
9434,46,H4,M,2026-01-29 22:00:00,183.28,183.414,183.034,183.23,34803
9435,46,H4,M,2026-01-30 02:00:00,183.23,183.717,183.046,183.548,48011
9436,46,H4,M,2026-01-30 06:00:00,183.548,183.819,183.358,183.724,58396
9437,46,H4,M,2026-01-30 10:00:00,183.72,183.96,183.56,183.892,54493
9438,46,H4,M,2026-01-30 14:00:00,183.892,184.072,183.236,183.364,69825
9439,46,H4,M,2026-01-30 18:00:00,183.368,183.536,183.274,183.432,49163
9440,46,H4,M,2026-02-01 22:00:00,183.58,184.28,183.564,184.042,45361
9441,46,H4,M,2026-02-02 02:00:00,184.042,184.094,183.448,183.559,48432
9442,46,H4,M,2026-02-02 06:00:00,183.56,183.916,183.19,183.6,48746
9443,46,H4,M,2026-02-02 10:00:00,183.597,183.786,183.474,183.492,43348
9444,46,H4,M,2026-02-02 14:00:00,183.492,183.755,183.372,183.5,54468
9445,46,H4,M,2026-02-02 18:00:00,183.503,183.548,183.34,183.464,26217
9446,46,H4,M,2026-02-02 22:00:00,183.497,183.737,183.368,183.674,28690
9447,46,H4,M,2026-02-03 02:00:00,183.674,183.684,183.474,183.548,28962
9448,46,H4,M,2026-02-03 06:00:00,183.55,183.889,183.488,183.812,40391
9449,46,H4,M,2026-02-03 10:00:00,183.81,183.956,183.741,183.882,35738
9450,46,H4,M,2026-02-03 14:00:00,183.885,184.091,183.732,184.006,53746
9451,46,H4,M,2026-02-03 18:00:00,184.01,184.202,183.786,184.13,29899
9452,46,H4,M,2026-02-03 22:00:00,184.124,184.747,184.01,184.646,22931
9453,46,H4,M,2026-02-04 02:00:00,184.65,185.06,184.641,184.95,20675
9454,46,H4,M,2026-02-04 06:00:00,184.954,185.167,184.886,185.064,31894
9455,46,H4,M,2026-02-04 10:00:00,185.066,185.248,184.982,185,37633
9456,46,H4,M,2026-02-04 14:00:00,185,185.024,184.684,184.837,63492
9457,46,H4,M,2026-02-04 18:00:00,184.838,185.278,184.802,185.193,32674
9458,46,H4,M,2026-02-04 22:00:00,185.137,185.28,184.972,185.16,19994
9459,46,H4,M,2026-02-05 02:00:00,185.16,185.216,184.701,185.08,29521
9460,46,H4,M,2026-02-05 06:00:00,185.082,185.508,184.898,185.344,43392
9461,46,H4,M,2026-02-05 10:00:00,185.334,185.433,184.874,184.967,56627
9462,46,H4,M,2026-02-05 14:00:00,184.966,185.276,184.56,185.046,73305
9463,46,H4,M,2026-02-05 18:00:00,185.048,185.12,184.92,184.985,29032
9464,46,H4,M,2026-02-05 22:00:00,184.89,185.048,184.36,184.628,34186
9465,46,H4,M,2026-02-06 02:00:00,184.63,184.958,184.616,184.954,24720
9466,46,H4,M,2026-02-06 06:00:00,184.947,185.284,184.762,185.196,36083
9467,46,H4,M,2026-02-06 10:00:00,185.2,185.412,185.038,185.349,32795
9468,46,H4,M,2026-02-06 14:00:00,185.346,185.65,185.3,185.607,45943
9469,46,H4,M,2026-02-06 18:00:00,185.608,185.813,185.592,185.81,19242
9470,46,H4,M,2026-02-08 22:00:00,186.084,186.234,184.864,185.236,46552
9471,46,H4,M,2026-02-09 02:00:00,185.235,185.54,185.231,185.334,29115
9472,46,H4,M,2026-02-09 06:00:00,185.334,185.918,185.195,185.822,48701
9473,46,H4,M,2026-02-09 10:00:00,185.822,185.946,185.614,185.625,59052
9474,46,H4,M,2026-02-09 14:00:00,185.626,185.848,185.315,185.739,54631
9475,46,H4,M,2026-02-09 18:00:00,185.742,185.858,185.56,185.766,23444
9476,46,H4,M,2026-02-09 22:00:00,185.66,186.001,185.404,185.42,25238
9477,46,H4,M,2026-02-10 02:00:00,185.422,185.565,184.675,184.936,28873
9478,46,H4,M,2026-02-10 06:00:00,184.936,185.331,184.868,185.024,34863
9479,46,H4,M,2026-02-10 10:00:00,185.024,185.036,184.193,184.259,40753
9480,46,H4,M,2026-02-10 14:00:00,184.26,184.314,183.449,183.658,56233
9481,46,H4,M,2026-02-10 18:00:00,183.658,183.8,183.542,183.64,21206
9482,46,H4,M,2026-02-10 22:00:00,183.663,183.702,183.081,183.207,19933
9483,46,H4,M,2026-02-11 02:00:00,183.206,183.235,182.336,182.404,28111
9484,46,H4,M,2026-02-11 06:00:00,182.41,182.743,182.218,182.596,39102
9485,46,H4,M,2026-02-11 10:00:00,182.596,183.008,181.498,182.483,52214
9486,46,H4,M,2026-02-11 14:00:00,182.483,182.64,181.434,181.65,65041
9487,46,H4,M,2026-02-11 18:00:00,181.644,181.993,181.34,181.944,27269
9488,46,H4,M,2026-02-11 22:00:00,181.851,182.136,181.52,181.604,26224
9489,46,H4,M,2026-02-12 02:00:00,181.604,181.686,180.854,181.655,34665
9490,46,H4,M,2026-02-12 06:00:00,181.656,182.014,181.493,181.772,45098
9491,46,H4,M,2026-02-12 10:00:00,181.772,182.54,181.673,182.159,40701
9492,46,H4,M,2026-02-12 14:00:00,182.158,182.224,180.808,181.368,63227
9493,46,H4,M,2026-02-12 18:00:00,181.37,181.53,181.218,181.325,30239
9494,46,H4,M,2026-02-12 22:00:00,181.296,181.944,181.219,181.885,26740
9495,46,H4,M,2026-02-13 02:00:00,181.88,181.929,181.387,181.797,28381
9496,46,H4,M,2026-02-13 06:00:00,181.801,182.284,181.605,182.07,39981
9497,46,H4,M,2026-02-13 10:00:00,182.068,182.15,181.652,181.759,48298
9498,46,H4,M,2026-02-13 14:00:00,181.752,181.782,181.25,181.457,59236
9499,46,H4,M,2026-02-13 18:00:00,181.46,181.577,181.205,181.232,25124
9500,46,H4,M,2026-02-15 22:00:00,181.277,181.664,181.182,181.567,19601
9501,46,H4,M,2026-02-16 02:00:00,181.565,181.792,181.534,181.77,18440
9502,46,H4,M,2026-02-16 06:00:00,181.771,182.26,181.701,182.206,22532
9503,46,H4,M,2026-02-16 10:00:00,182.207,182.3,181.702,181.774,21352
9504,46,H4,M,2026-02-16 14:00:00,181.774,182.012,181.734,181.838,17696
9505,46,H4,M,2026-02-16 18:00:00,181.838,181.984,181.838,181.938,3559
9506,46,H4,M,2026-02-16 22:00:00,181.869,182.182,181.355,181.397,23694
9507,46,H4,M,2026-02-17 02:00:00,181.396,181.516,181.026,181.124,29573
9508,46,H4,M,2026-02-17 06:00:00,181.123,181.249,180.82,181.142,35372
9509,46,H4,M,2026-02-17 10:00:00,181.14,181.332,181.011,181.209,43468
9510,46,H4,M,2026-02-17 14:00:00,181.205,181.79,181.199,181.702,58634
9511,46,H4,M,2026-02-17 18:00:00,181.7,181.75,181.522,181.718,22971
9512,46,H4,M,2026-02-17 22:00:00,181.667,181.784,181.416,181.776,19687
9513,46,H4,M,2026-02-18 02:00:00,181.778,182.01,181.765,181.786,17846
9514,46,H4,M,2026-02-18 06:00:00,181.786,181.982,181.691,181.956,26585
9515,46,H4,M,2026-02-18 10:00:00,181.956,182.112,181.832,182.022,29911
9516,46,H4,M,2026-02-18 14:00:00,182.022,182.548,182.016,182.443,43377
9517,46,H4,M,2026-02-18 18:00:00,182.447,182.521,182.04,182.442,24659
9518,46,H4,M,2026-02-18 22:00:00,182.411,182.814,182.284,182.77,20168
9519,46,H4,M,2026-02-19 02:00:00,182.768,183.15,182.538,183.14,25354
9520,46,H4,M,2026-02-19 06:00:00,183.14,183.159,182.592,182.683,29691
9521,46,H4,M,2026-02-19 10:00:00,182.684,182.708,182.015,182.278,36191
9522,46,H4,M,2026-02-19 14:00:00,182.276,182.606,182.187,182.404,54182
9523,46,H4,M,2026-02-19 18:00:00,182.404,182.588,182.248,182.466,20457
9524,46,H4,M,2026-02-19 22:00:00,182.49,182.692,182.354,182.44,21586
9525,46,H4,M,2026-02-20 02:00:00,182.439,182.586,182.318,182.563,20394
9526,46,H4,M,2026-02-20 06:00:00,182.562,183.05,182.224,182.86,33458
9527,46,H4,M,2026-02-20 10:00:00,182.864,182.941,182.488,182.927,35586
9528,46,H4,M,2026-02-20 14:00:00,182.922,183.11,182.474,182.594,75910
9529,46,H4,M,2026-02-20 18:00:00,182.596,182.819,182.596,182.714,34960
9530,46,H4,M,2026-02-22 22:00:00,182.753,182.805,182.176,182.38,29490
9531,46,H4,M,2026-02-23 02:00:00,182.379,182.566,182.265,182.546,24075
9532,46,H4,M,2026-02-23 06:00:00,182.546,182.814,182.45,182.693,31998
9533,46,H4,M,2026-02-23 10:00:00,182.69,182.752,182.342,182.396,33791
9534,46,H4,M,2026-02-23 14:00:00,182.394,182.63,181.995,182.164,50992
9535,46,H4,M,2026-02-23 18:00:00,182.162,182.442,182.153,182.288,21502
9536,46,H4,M,2026-02-23 22:00:00,182.345,182.689,182.202,182.59,23012
9537,46,H4,M,2026-02-24 02:00:00,182.589,182.844,182.486,182.789,22052
9538,46,H4,M,2026-02-24 06:00:00,182.79,184.186,182.523,183.722,39679
9539,46,H4,M,2026-02-24 10:00:00,183.722,183.772,183.428,183.712,34781
9540,46,H4,M,2026-02-24 14:00:00,183.714,183.804,183.41,183.57,42251
9541,46,H4,M,2026-02-24 18:00:00,183.57,183.606,183.466,183.56,18819
9542,46,H4,M,2026-02-24 22:00:00,183.518,183.677,183.314,183.483,19951
9543,46,H4,M,2026-02-25 02:00:00,183.483,183.952,183.202,183.62,37500
9544,46,H4,M,2026-02-25 06:00:00,183.623,184.68,183.556,184.548,37381
9545,46,H4,M,2026-02-25 10:00:00,184.548,184.766,184.451,184.488,29839
9546,46,H4,M,2026-02-25 14:00:00,184.488,184.678,184.394,184.585,47816
9547,46,H4,M,2026-02-25 18:00:00,184.583,184.776,184.553,184.669,19073
9548,46,H4,M,2026-02-25 22:00:00,184.657,184.76,184.278,184.31,24214
9549,46,H4,M,2026-02-26 02:00:00,184.313,184.434,184.08,184.323,28401
9550,46,H4,M,2026-02-26 06:00:00,184.316,184.498,184.01,184.119,35991
9551,46,H4,M,2026-02-26 10:00:00,184.12,184.423,183.964,184.38,29391
9552,46,H4,M,2026-02-26 14:00:00,184.384,184.428,183.826,184.17,52533
9553,46,H4,M,2026-02-26 18:00:00,184.168,184.32,184.11,184.208,22167
9554,46,H4,M,2026-02-26 22:00:00,184.204,184.224,183.702,183.905,23781
9555,46,H4,M,2026-02-27 02:00:00,183.908,184.02,183.724,184.017,23191
9556,46,H4,M,2026-02-27 06:00:00,184.019,184.476,183.959,184.09,32024
9557,46,H4,M,2026-02-27 10:00:00,184.094,184.211,183.934,184.168,34131
9558,46,H4,M,2026-02-27 14:00:00,184.168,184.552,184.129,184.406,47912
9559,46,H4,M,2026-02-27 18:00:00,184.407,184.542,184.296,184.428,26306
9560,46,H4,M,2026-03-01 22:00:00,183.794,184.456,183.73,184.216,43468
9561,46,H4,M,2026-03-02 02:00:00,184.216,184.696,184.137,184.538,37613
9562,46,H4,M,2026-03-02 06:00:00,184.54,184.562,183.748,184.224,62091
9563,46,H4,M,2026-03-02 10:00:00,184.223,184.474,184.053,184.278,49192
9564,46,H4,M,2026-03-02 14:00:00,184.276,184.622,183.882,184.226,60325
9565,46,H4,M,2026-03-02 18:00:00,184.226,184.232,183.855,183.957,32012
9566,46,H4,M,2026-03-02 22:00:00,183.958,184.337,183.813,183.983,26040
9567,46,H4,M,2026-03-03 02:00:00,183.978,184.061,183.602,183.63,34603
9568,46,H4,M,2026-03-03 06:00:00,183.63,183.706,182.878,182.992,57590
9569,46,H4,M,2026-03-03 10:00:00,182.994,183.183,182.796,182.904,67394
9570,46,H4,M,2026-03-03 14:00:00,182.902,183.072,182.026,182.94,82867
9571,46,H4,M,2026-03-03 18:00:00,182.94,183.201,182.94,183.123,45918
9572,46,H4,M,2026-03-03 22:00:00,182.948,183.231,182.561,182.711,31949
9573,46,H4,M,2026-03-04 02:00:00,182.712,182.84,182.376,182.705,35503
9574,46,H4,M,2026-03-04 06:00:00,182.716,182.985,182.46,182.49,49008
9575,46,H4,M,2026-03-04 10:00:00,182.491,183.13,182.476,182.956,57167
9576,46,H4,M,2026-03-04 14:00:00,182.954,183.075,182.481,182.614,53887
9577,46,H4,M,2026-03-04 18:00:00,182.615,182.886,182.59,182.74,21417
9578,46,H4,M,2026-03-04 22:00:00,182.682,182.776,182.171,182.286,25441
9579,46,H4,M,2026-03-05 02:00:00,182.286,182.5,182.224,182.261,33969
9580,46,H4,M,2026-03-05 06:00:00,182.257,182.726,182.112,182.663,57759
9581,46,H4,M,2026-03-05 10:00:00,182.664,183.094,182.556,182.966,50919
9582,46,H4,M,2026-03-05 14:00:00,182.966,183.025,182.361,182.73,59909
9583,46,H4,M,2026-03-05 18:00:00,182.731,182.914,182.568,182.904,42756
9584,46,H4,M,2026-03-05 22:00:00,182.926,182.982,182.724,182.918,25000
9585,46,H4,M,2026-03-06 02:00:00,182.918,183.251,182.916,183.204,22372
9586,46,H4,M,2026-03-06 06:00:00,183.203,183.272,182.69,182.714,39584
9587,46,H4,M,2026-03-06 10:00:00,182.714,182.846,182.37,182.424,55539
9588,46,H4,M,2026-03-06 14:00:00,182.426,183.086,182.375,182.987,74666
9589,46,H4,M,2026-03-06 18:00:00,182.986,183.391,182.986,183.334,40809
9590,46,H4,M,2026-03-08 21:00:00,182.582,182.849,182.4,182.724,38992
9591,46,H4,M,2026-03-09 01:00:00,182.732,183.108,182.572,182.943,41940
9592,46,H4,M,2026-03-09 05:00:00,182.942,183.326,182.656,182.981,58512
9593,46,H4,M,2026-03-09 09:00:00,182.983,183.278,182.873,183.204,58714
9594,46,H4,M,2026-03-09 13:00:00,183.205,183.402,183.048,183.247,66449
9595,46,H4,M,2026-03-09 17:00:00,183.248,183.48,183.174,183.473,43476
9596,46,H4,M,2026-03-09 21:00:00,183.461,183.634,183.174,183.225,34578
9597,46,H4,M,2026-03-10 01:00:00,183.225,183.374,183.057,183.212,34763
9598,46,H4,M,2026-03-10 05:00:00,183.211,183.701,183.122,183.656,39942
9599,46,H4,M,2026-03-10 09:00:00,183.655,183.769,183.47,183.608,53832
9600,46,H4,M,2026-03-10 13:00:00,183.606,183.72,183.508,183.602,62189
9601,46,H4,M,2026-03-10 17:00:00,183.602,183.668,183.452,183.493,63344
9602,46,H4,M,2026-03-10 21:00:00,183.511,183.867,183.46,183.794,21942
9603,46,H4,M,2026-03-11 01:00:00,183.794,184.081,183.793,183.938,34909
9604,46,H4,M,2026-03-11 05:00:00,183.94,184.026,183.726,183.948,48317
9605,46,H4,M,2026-03-11 09:00:00,183.951,183.982,183.63,183.712,59040
9606,46,H4,M,2026-03-11 13:00:00,183.718,183.894,183.593,183.79,67710
9607,46,H4,M,2026-03-11 17:00:00,183.789,183.975,183.768,183.87,36799
9608,46,H4,M,2026-03-11 21:00:00,183.824,183.93,183.545,183.558,22904
9609,46,H4,M,2026-03-12 01:00:00,183.558,183.588,183.434,183.522,40598
9610,46,H4,M,2026-03-12 05:00:00,183.522,183.687,183.342,183.472,44860
9611,46,H4,M,2026-03-12 09:00:00,183.471,183.593,183.24,183.351,38916
9612,46,H4,M,2026-03-12 13:00:00,183.354,183.531,183.224,183.443,69217
9613,46,H4,M,2026-03-12 17:00:00,183.442,183.618,183.414,183.433,35190
9614,46,H4,M,2026-03-12 21:00:00,183.444,183.578,183.286,183.332,27447
9615,46,H4,M,2026-03-13 01:00:00,183.336,183.652,183.326,183.486,42822
9616,46,H4,M,2026-03-13 05:00:00,183.49,183.49,182.305,182.36,48073
9617,46,H4,M,2026-03-13 09:00:00,182.362,182.921,182.336,182.882,45709
9618,46,H4,M,2026-03-13 13:00:00,182.884,182.926,182.48,182.637,58508
9619,46,H4,M,2026-03-13 17:00:00,182.636,182.693,182.261,182.358,30011
9620,46,H4,M,2026-03-15 21:00:00,182.317,182.558,182.272,182.479,23912
9621,46,H4,M,2026-03-16 01:00:00,182.478,182.732,182.41,182.565,28728
9622,46,H4,M,2026-03-16 05:00:00,182.565,182.59,181.874,182.377,40573
9623,46,H4,M,2026-03-16 09:00:00,182.378,182.781,182.34,182.59,44200
9624,46,H4,M,2026-03-16 13:00:00,182.588,183.077,182.572,183.052,52178
9625,46,H4,M,2026-03-16 17:00:00,183.056,183.182,182.989,182.992,34460
9626,46,H4,M,2026-03-16 21:00:00,183.001,183.096,182.93,183.096,15435
9627,46,H4,M,2026-03-17 01:00:00,183.102,183.244,183.058,183.074,21274
9628,46,H4,M,2026-03-17 05:00:00,183.074,183.228,182.822,183.144,34985
9629,46,H4,M,2026-03-17 09:00:00,183.147,183.334,183.042,183.272,34852
9630,46,H4,M,2026-03-17 13:00:00,183.274,183.384,183.14,183.234,46012
9631,46,H4,M,2026-03-17 17:00:00,183.234,183.548,183.228,183.486,18238
9632,46,H4,M,2026-03-17 21:00:00,183.524,183.578,183.291,183.476,26247
9633,46,H4,M,2026-03-18 01:00:00,183.475,183.526,183.258,183.324,20882
9634,46,H4,M,2026-03-18 05:00:00,183.322,183.368,182.987,183.337,28992
9635,46,H4,M,2026-03-18 09:00:00,183.336,183.646,183.321,183.512,37859
9636,46,H4,M,2026-03-18 13:00:00,183.512,183.831,183.381,183.588,53726
9637,46,H4,M,2026-03-18 17:00:00,183.589,183.63,183.094,183.116,46181
9638,46,H4,M,2026-03-18 21:00:00,183.088,183.349,183.021,183.34,20547
9639,46,H4,M,2026-03-19 01:00:00,183.342,183.44,183.08,183.12,26120
9640,46,H4,M,2026-03-19 05:00:00,183.118,183.262,182.055,182.29,47225
9641,46,H4,M,2026-03-19 09:00:00,182.292,182.79,182.286,182.548,58742
9642,46,H4,M,2026-03-19 13:00:00,182.548,182.624,182.053,182.33,79673
9643,46,H4,M,2026-03-19 17:00:00,182.331,182.995,182.331,182.778,41703
9644,46,H4,M,2026-03-19 21:00:00,182.745,182.906,182.63,182.708,17275
9645,46,H4,M,2026-03-20 01:00:00,182.707,183.106,182.597,183.022,25914
9646,46,H4,M,2026-03-20 05:00:00,183.02,183.428,183.019,183.338,35261
9647,46,H4,M,2026-03-20 09:00:00,183.338,183.614,183.266,183.53,47042
9648,46,H4,M,2026-03-20 13:00:00,183.532,184.134,183.438,184.106,63144
9649,46,H4,M,2026-03-20 17:00:00,184.112,184.259,183.975,184.241,46875
9650,46,H4,M,2026-03-22 21:00:00,183.842,184.21,183.616,184.132,26324
9651,46,H4,M,2026-03-23 01:00:00,184.132,184.34,184.018,184.116,41670
9652,46,H4,M,2026-03-23 05:00:00,184.116,184.154,183.746,183.828,55440
9653,46,H4,M,2026-03-23 09:00:00,183.844,184.244,183.18,184.074,109093
9654,46,H4,M,2026-03-23 13:00:00,184.074,184.248,183.65,183.939,110404
9655,46,H4,M,2026-03-23 17:00:00,183.942,184.028,183.731,183.956,40411
9656,46,H4,M,2026-03-23 21:00:00,184.006,184.017,183.643,183.766,26793
9657,46,H4,M,2026-03-24 01:00:00,183.766,183.879,183.625,183.844,42301
9658,46,H4,M,2026-03-24 05:00:00,183.844,184.064,183.679,183.857,54533
9659,46,H4,M,2026-03-24 09:00:00,183.866,184.112,183.752,183.988,49776
9660,46,H4,M,2026-03-24 13:00:00,183.988,184.128,183.817,184.075,67451
9661,46,H4,M,2026-03-24 17:00:00,184.076,184.262,183.874,184.216,52497
9662,46,H4,M,2026-03-24 21:00:00,184.196,184.56,184.044,184.405,25601
9663,46,H4,M,2026-03-25 01:00:00,184.403,184.436,184.218,184.27,29889
9664,46,H4,M,2026-03-25 05:00:00,184.269,184.606,184.19,184.224,40553
9665,46,H4,M,2026-03-25 09:00:00,184.223,184.443,184.2,184.33,44562
9666,46,H4,M,2026-03-25 13:00:00,184.329,184.388,184.04,184.213,58626
9667,46,H4,M,2026-03-25 17:00:00,184.214,184.454,184.206,184.34,33387
9668,46,H4,M,2026-03-25 21:00:00,184.339,184.376,184.222,184.322,15837
9669,46,H4,M,2026-03-26 01:00:00,184.324,184.481,184.312,184.456,23366
9670,46,H4,M,2026-03-26 05:00:00,184.458,184.466,184.166,184.344,34744
9671,46,H4,M,2026-03-26 09:00:00,184.344,184.457,183.972,184.141,34732
9672,46,H4,M,2026-03-26 13:00:00,184.144,184.314,184.118,184.182,55919
9673,46,H4,M,2026-03-26 17:00:00,184.18,184.286,184.116,184.212,37021
9674,46,H4,M,2026-03-26 21:00:00,184.19,184.294,183.872,183.984,18152
9675,46,H4,M,2026-03-27 01:00:00,183.985,184.254,183.935,184.25,24600
9676,46,H4,M,2026-03-27 05:00:00,184.252,184.344,184.107,184.147,31736
9677,46,H4,M,2026-03-27 09:00:00,184.148,184.226,183.866,184.1,34209
9678,46,H4,M,2026-03-27 13:00:00,184.105,184.659,184.104,184.475,53355
9679,46,H4,M,2026-03-27 17:00:00,184.474,184.64,184.424,184.537,28821
9680,46,H4,M,2026-03-29 21:00:00,184.29,184.517,183.97,183.971,30120
9681,46,H4,M,2026-03-30 01:00:00,183.974,184.078,183.893,183.983,28135
9682,46,H4,M,2026-03-30 05:00:00,183.985,184.024,183.471,183.582,37632
9683,46,H4,M,2026-03-30 09:00:00,183.58,183.606,182.984,183.005,41294
9684,46,H4,M,2026-03-30 13:00:00,183.004,183.08,182.594,182.726,52089
9685,46,H4,M,2026-03-30 17:00:00,182.726,183.108,182.716,183.094,24926
9686,46,H4,M,2026-03-30 21:00:00,182.993,183.467,182.956,183.462,28164
9687,46,H4,M,2026-03-31 01:00:00,183.463,183.577,183.074,183.078,33517
9688,46,H4,M,2026-03-31 05:00:00,183.078,183.266,182.828,182.993,34461
9689,46,H4,M,2026-03-31 09:00:00,182.992,183.428,182.884,183.322,44701
9690,46,H4,M,2026-03-31 13:00:00,183.322,183.65,183.073,183.442,67405
9691,46,H4,M,2026-03-31 17:00:00,183.44,183.556,183.318,183.378,43881
9692,46,H4,M,2026-03-31 21:00:00,183.411,183.794,183.307,183.734,7445
9693,46,H4,M,2026-04-01 01:00:00,183.738,183.804,183.39,183.588,3565
9694,46,H4,M,2026-04-01 05:00:00,183.592,184,183.364,183.844,8698
9695,46,H4,M,2026-04-01 09:00:00,183.85,184.024,183.65,183.918,8065
9696,46,H4,M,2026-04-01 13:00:00,183.914,184.25,183.878,184.174,9369
9697,46,H4,M,2026-04-01 17:00:00,184.17,184.172,183.817,184.002,5244
9698,46,H4,M,2026-04-01 21:00:00,184.017,184.047,183.758,183.958,25122
9699,46,H4,M,2026-04-02 01:00:00,183.961,184.104,183.783,183.809,59783
9700,46,H4,M,2026-04-02 05:00:00,183.808,184.154,183.498,184.006,47992
9701,46,H4,M,2026-04-02 09:00:00,184.008,184.056,183.767,183.94,39783
9702,46,H4,M,2026-04-02 13:00:00,183.943,184.168,183.783,184.036,70517
9703,46,H4,M,2026-04-02 17:00:00,184.036,184.205,184.024,184.166,28339
9704,46,H4,M,2026-04-02 21:00:00,184.084,184.168,183.997,184.13,11962
9705,46,H4,M,2026-04-03 01:00:00,184.13,184.198,184.01,184.094,12725
9706,46,H4,M,2026-04-03 05:00:00,184.093,184.248,184.03,184.224,14782
9707,46,H4,M,2026-04-03 09:00:00,184.222,184.276,183.911,184.048,27447
9708,46,H4,M,2026-04-03 13:00:00,184.046,184.089,183.858,183.87,22135
9709,46,H4,M,2026-04-03 17:00:00,183.873,184.044,183.701,183.861,11769
9710,46,H4,M,2026-04-05 21:00:00,184.087,184.087,183.714,183.9,28664
9711,46,H4,M,2026-04-06 01:00:00,183.898,183.928,183.704,183.896,30222
9712,46,H4,M,2026-04-06 05:00:00,183.894,184.444,183.854,184.178,35478
9713,46,H4,M,2026-04-06 09:00:00,184.185,184.247,184.093,184.174,33305
9714,46,H4,M,2026-04-06 13:00:00,184.173,184.462,184.144,184.351,54113
9715,46,H4,M,2026-04-06 17:00:00,184.351,184.456,184.304,184.326,32171
9716,46,H4,M,2026-04-06 21:00:00,184.31,184.418,184.243,184.408,21865
9717,46,H4,M,2026-04-07 01:00:00,184.406,184.437,184.274,184.313,23236
9718,46,H4,M,2026-04-07 05:00:00,184.314,184.652,184.264,184.589,39060
9719,46,H4,M,2026-04-07 09:00:00,184.588,184.822,184.442,184.717,40961
9720,46,H4,M,2026-04-07 13:00:00,184.716,185.152,184.694,185.036,53479
9721,46,H4,M,2026-04-07 17:00:00,185.038,185.176,184.928,185.111,40862
9722,46,H4,M,2026-04-07 21:00:00,185.094,185.556,185.03,185.224,64913
9723,46,H4,M,2026-04-08 01:00:00,185.226,185.267,184.81,184.903,52786
9724,46,H4,M,2026-04-08 05:00:00,184.908,185.192,184.868,185.002,58963
9725,46,H4,M,2026-04-08 09:00:00,185.002,185.324,184.938,185.103,50538
9726,46,H4,M,2026-04-08 13:00:00,185.102,185.218,184.966,185.068,65416
9727,46,H4,M,2026-04-08 17:00:00,185.068,185.108,184.872,184.931,42395
9728,46,H4,M,2026-04-08 21:00:00,184.921,185.194,184.878,185.186,21835
9729,46,H4,M,2026-04-09 01:00:00,185.185,185.248,185.102,185.194,24304
9730,46,H4,M,2026-04-09 05:00:00,185.195,185.614,185.134,185.59,32843
9731,46,H4,M,2026-04-09 09:00:00,185.588,185.88,185.57,185.81,35953
9732,46,H4,M,2026-04-09 13:00:00,185.815,186.226,185.74,185.923,52661
9733,46,H4,M,2026-04-09 17:00:00,185.922,186.234,185.911,186.006,30257
9734,46,H4,M,2026-04-09 21:00:00,186.009,186.116,185.96,186.057,15944
9735,46,H4,M,2026-04-10 01:00:00,186.062,186.172,185.944,186.122,21313
9736,46,H4,M,2026-04-10 05:00:00,186.122,186.212,186.064,186.18,24022
9737,46,H4,M,2026-04-10 09:00:00,186.185,186.555,186.135,186.544,33187
9738,46,H4,M,2026-04-10 13:00:00,186.545,186.792,186.52,186.67,46037
9739,46,H4,M,2026-04-10 17:00:00,186.672,186.884,186.67,186.755,22661
9740,46,H4,M,2026-04-12 21:00:00,186.234,186.784,186.206,186.662,30024
9741,46,H4,M,2026-04-13 01:00:00,186.661,186.73,186.58,186.66,23886
9742,46,H4,M,2026-04-13 05:00:00,186.66,186.788,186.484,186.641,36139
9743,46,H4,M,2026-04-13 09:00:00,186.642,186.879,186.6,186.876,33166
9744,46,H4,M,2026-04-13 13:00:00,186.877,187.112,186.734,187.048,55905
9745,46,H4,M,2026-04-13 17:00:00,187.048,187.516,186.996,187.488,31467
9746,46,H4,M,2026-04-13 21:00:00,187.456,187.527,187.258,187.282,18158
9747,46,H4,M,2026-04-14 01:00:00,187.284,187.347,187.126,187.129,23398
9748,46,H4,M,2026-04-14 05:00:00,187.13,187.54,187.085,187.426,37411
9749,46,H4,M,2026-04-14 09:00:00,187.424,187.524,187.258,187.358,38285
9750,46,H4,M,2026-04-14 13:00:00,187.358,187.476,187.19,187.336,47825
9751,46,H4,M,2026-04-14 17:00:00,187.336,187.382,187.193,187.327,19581
9752,46,H4,M,2026-04-14 21:00:00,187.33,187.412,187.222,187.308,17025
9753,46,H4,M,2026-04-15 01:00:00,187.308,187.455,187.296,187.422,22669
9754,46,H4,M,2026-04-15 05:00:00,187.422,187.498,187.106,187.191,33837
9755,46,H4,M,2026-04-15 09:00:00,187.192,187.596,187.105,187.555,38949
9756,46,H4,M,2026-04-15 13:00:00,187.554,187.644,187.338,187.494,44515
9757,46,H4,M,2026-04-15 17:00:00,187.496,187.698,187.49,187.588,21671
9758,46,H4,M,2026-04-15 21:00:00,187.629,187.654,187.391,187.42,16681
9759,46,H4,M,2026-04-16 01:00:00,187.42,187.542,187.104,187.434,30569
9760,46,H4,M,2026-04-16 05:00:00,187.434,187.548,187.292,187.385,32757
9761,46,H4,M,2026-04-16 09:00:00,187.386,187.476,187.267,187.462,32476
9762,46,H4,M,2026-04-16 13:00:00,187.463,187.524,187.299,187.438,50511
9763,46,H4,M,2026-04-16 17:00:00,187.436,187.572,187.406,187.516,22510
9764,46,H4,M,2026-04-16 21:00:00,187.511,187.721,187.434,187.676,12759
9765,46,H4,M,2026-04-17 01:00:00,187.684,187.906,187.61,187.898,21476
9766,46,H4,M,2026-04-17 05:00:00,187.898,187.954,187.58,187.692,34552
9767,46,H4,M,2026-04-17 09:00:00,187.694,187.827,187.454,187.491,42623
9768,46,H4,M,2026-04-17 13:00:00,187.49,187.548,186.319,186.471,78911
9769,46,H4,M,2026-04-17 17:00:00,186.471,186.681,186.46,186.595,37641
9770,46,H4,M,2026-04-19 21:00:00,186.456,187.055,186.321,186.904,25625
9771,46,H4,M,2026-04-20 01:00:00,186.91,186.924,186.743,186.852,24662
9772,46,H4,M,2026-04-20 05:00:00,186.852,187.08,186.756,186.984,39951
9773,46,H4,M,2026-04-20 09:00:00,186.983,187.092,186.842,186.922,34739
9774,46,H4,M,2026-04-20 13:00:00,186.925,187.044,186.76,186.988,51490
9775,46,H4,M,2026-04-20 17:00:00,186.986,187.294,186.98,187.206,26635
9776,46,H4,M,2026-04-20 21:00:00,187.167,187.336,187.092,187.292,21256
9777,46,H4,M,2026-04-21 01:00:00,187.295,187.324,187.165,187.184,18383
9778,46,H4,M,2026-04-21 05:00:00,187.184,187.31,186.994,187.274,39005
9779,46,H4,M,2026-04-21 09:00:00,187.276,187.31,187.096,187.185,34344
9780,46,H4,M,2026-04-21 13:00:00,187.188,187.367,187.138,187.24,53365
9781,46,H4,M,2026-04-21 17:00:00,187.238,187.297,187.03,187.213,52810
9782,46,H4,M,2026-04-21 21:00:00,187.236,187.24,186.997,187.073,22703
9783,46,H4,M,2026-04-22 01:00:00,187.072,187.156,187.016,187.064,24282
9784,46,H4,M,2026-04-22 05:00:00,187.063,187.314,186.963,187.307,36727
9785,46,H4,M,2026-04-22 09:00:00,187.308,187.328,186.766,186.893,39736
9786,46,H4,M,2026-04-22 13:00:00,186.893,186.913,186.735,186.828,52391
9787,46,H4,M,2026-04-22 17:00:00,186.829,186.84,186.688,186.688,23137
9788,46,H4,M,2026-04-22 21:00:00,186.702,186.756,186.568,186.604,20884
9789,46,H4,M,2026-04-23 01:00:00,186.604,186.705,186.572,186.672,29738
9790,46,H4,M,2026-04-23 05:00:00,186.673,186.97,186.664,186.87,32448
9791,46,H4,M,2026-04-23 09:00:00,186.869,186.879,186.438,186.495,51151
9792,46,H4,M,2026-04-23 13:00:00,186.496,186.754,186.456,186.601,54033
9793,46,H4,M,2026-04-23 17:00:00,186.601,186.664,186.521,186.632,51008
9794,46,H4,M,2026-04-23 21:00:00,186.557,186.727,186.504,186.723,15772
9795,46,H4,M,2026-04-24 01:00:00,186.724,186.756,186.543,186.608,24401
9796,46,H4,M,2026-04-24 05:00:00,186.61,186.766,186.44,186.713,33819
9797,46,H4,M,2026-04-24 09:00:00,186.712,186.883,186.642,186.815,43512
9798,46,H4,M,2026-04-24 13:00:00,186.814,186.858,186.676,186.75,54568
9799,46,H4,M,2026-04-24 17:00:00,186.752,186.842,186.71,186.734,26149
9800,46,H4,M,2026-04-26 21:00:00,186.686,186.876,186.649,186.856,14235
9801,46,H4,M,2026-04-27 01:00:00,186.856,186.896,186.7,186.744,30092
9802,46,H4,M,2026-04-27 05:00:00,186.745,187.03,186.732,186.988,40276
9803,46,H4,M,2026-04-27 09:00:00,186.988,187.084,186.862,187.015,36339
9804,46,H4,M,2026-04-27 13:00:00,187.012,187.11,186.804,186.91,48892
9805,46,H4,M,2026-04-27 17:00:00,186.909,186.936,186.848,186.87,19129
9806,46,H4,M,2026-04-27 21:00:00,186.896,186.906,186.744,186.846,13715
9807,46,H4,M,2026-04-28 01:00:00,186.845,186.88,186.208,186.298,26836
9808,46,H4,M,2026-04-28 05:00:00,186.296,186.822,186.072,186.593,38159
9809,46,H4,M,2026-04-28 09:00:00,186.59,186.78,186.448,186.493,43843
9810,46,H4,M,2026-04-28 13:00:00,186.494,186.919,186.462,186.824,60167
9811,46,H4,M,2026-04-28 17:00:00,186.824,186.95,186.799,186.925,23353
9812,46,H4,M,2026-04-28 21:00:00,186.886,186.952,186.84,186.864,2104
9813,46,H4,M,2026-04-29 01:00:00,186.866,186.92,186.782,186.806,1948
9814,46,H4,M,2026-04-29 05:00:00,186.802,186.898,186.694,186.894,3757
9815,46,H4,M,2026-04-29 09:00:00,186.89,187.1,186.838,187.1,4183
9816,46,H4,M,2026-04-29 13:00:00,187.096,187.428,187.002,187.262,7536
9817,46,H4,M,2026-04-29 17:00:00,187.258,187.286,187.02,187.282,7972
9818,46,H4,M,2026-04-29 21:00:00,187.354,187.391,187.104,187.234,19479
9819,46,H4,M,2026-04-30 01:00:00,187.232,187.247,187.044,187.208,37130
9820,46,H4,M,2026-04-30 05:00:00,187.209,187.559,186.237,186.426,56305
9821,46,H4,M,2026-04-30 09:00:00,186.41,186.474,182.296,183.39,113329
9822,46,H4,M,2026-04-30 13:00:00,183.387,183.926,182.755,183.616,77944
9823,46,H4,M,2026-04-30 17:00:00,183.613,183.774,183.418,183.746,39271
9824,46,H4,M,2026-04-30 21:00:00,183.726,184.505,183.664,184.25,23430
9825,46,H4,M,2026-05-01 01:00:00,184.25,184.589,184.196,184.427,27840
9826,46,H4,M,2026-05-01 05:00:00,184.426,184.457,182.64,183.782,55420
9827,46,H4,M,2026-05-01 09:00:00,183.788,184.184,183.655,184.144,39118
9828,46,H4,M,2026-05-01 13:00:00,184.144,184.46,183.782,184.25,61993
9829,46,H4,M,2026-05-01 17:00:00,184.252,184.256,183.971,184.149,28789
9830,46,H4,M,2026-05-03 21:00:00,184.168,184.23,183.928,184.027,18162
9831,46,H4,M,2026-05-04 01:00:00,184.024,184.407,182.8,183.85,39586
9832,46,H4,M,2026-05-04 05:00:00,183.852,184.11,183.654,183.953,33870
9833,46,H4,M,2026-05-04 09:00:00,183.958,184.04,183.754,184.02,51019
9834,46,H4,M,2026-05-04 13:00:00,184.019,184.029,183.738,183.748,66539
9835,46,H4,M,2026-05-04 17:00:00,183.748,183.908,183.152,183.872,35527
9836,46,H4,M,2026-05-04 21:00:00,183.806,183.858,183.711,183.736,12922
9837,46,H4,M,2026-05-05 01:00:00,183.738,183.816,183.684,183.69,16546
9838,46,H4,M,2026-05-05 05:00:00,183.686,183.951,183.67,183.853,35141
9839,46,H4,M,2026-05-05 09:00:00,183.852,184.524,183.704,184.481,42442
9840,46,H4,M,2026-05-05 13:00:00,184.482,184.675,184.47,184.613,45887
9841,46,H4,M,2026-05-05 17:00:00,184.612,184.762,184.608,184.642,21640
9842,46,H4,M,2026-05-05 21:00:00,184.61,184.8,184.516,184.707,24723
9843,46,H4,M,2026-05-06 01:00:00,184.702,185.044,182.048,183.024,50722
9844,46,H4,M,2026-05-06 05:00:00,183.026,183.616,182.754,183.474,55528
9845,46,H4,M,2026-05-06 09:00:00,183.474,183.859,183.435,183.688,65802
9846,46,H4,M,2026-05-06 13:00:00,183.69,183.908,183.418,183.718,60771
9847,46,H4,M,2026-05-06 17:00:00,183.722,183.872,183.656,183.712,31832
9848,46,H4,M,2026-05-06 21:00:00,183.677,183.89,183.56,183.66,21867
9849,46,H4,M,2026-05-07 01:00:00,183.656,183.814,183.502,183.738,30056
9850,46,H4,M,2026-05-07 05:00:00,183.738,184.034,183.52,184.028,40453
9851,46,H4,M,2026-05-07 09:00:00,184.029,184.168,183.935,183.998,35709
9852,46,H4,M,2026-05-07 13:00:00,183.997,184.228,183.917,184.212,54236
9853,46,H4,M,2026-05-07 17:00:00,184.214,184.244,183.984,183.989,46535
9854,46,H4,M,2026-05-07 21:00:00,184.02,184.124,183.876,184.08,17897
9855,46,H4,M,2026-05-08 01:00:00,184.082,184.129,183.934,184.07,25088
9856,46,H4,M,2026-05-08 05:00:00,184.07,184.348,184.045,184.346,34153
9857,46,H4,M,2026-05-08 09:00:00,184.346,184.498,184.281,184.435,34333
9858,46,H4,M,2026-05-08 13:00:00,184.434,184.495,184.28,184.456,46125
9859,46,H4,M,2026-05-08 17:00:00,184.454,184.746,184.406,184.646,23794
9860,46,H4,M,2026-05-10 21:00:00,184.058,184.808,184.012,184.718,16990
9861,46,H4,M,2026-05-11 01:00:00,184.717,184.876,184.61,184.634,22542
9862,46,H4,M,2026-05-11 05:00:00,184.638,185.02,184.604,184.918,27301
9863,46,H4,M,2026-05-11 09:00:00,184.916,184.999,184.84,184.998,27761
9864,46,H4,M,2026-05-11 13:00:00,184.996,185.13,184.926,185.028,37960
9865,46,H4,M,2026-05-11 17:00:00,185.028,185.258,185.014,185.25,21430
9866,46,H4,M,2026-05-11 21:00:00,185.154,185.301,185.154,185.24,14331
9867,46,H4,M,2026-05-12 01:00:00,185.24,185.396,185.207,185.279,22828
9868,46,H4,M,2026-05-12 05:00:00,185.28,185.462,184.444,185.12,39989
9869,46,H4,M,2026-05-12 09:00:00,185.118,185.204,184.93,185.09,33868
9870,46,H4,M,2026-05-12 13:00:00,185.089,185.126,184.87,185.02,47612
9871,46,H4,M,2026-05-12 17:00:00,185.019,185.078,184.952,185.048,23930
9872,46,H4,M,2026-05-12 21:00:00,184.988,185.156,184.958,185.124,12041
9873,46,H4,M,2026-05-13 01:00:00,185.125,185.158,184.988,185.08,18642
9874,46,H4,M,2026-05-13 05:00:00,185.082,185.122,184.63,184.687,26186
9875,46,H4,M,2026-05-13 09:00:00,184.686,184.885,184.642,184.712,30815
9876,46,H4,M,2026-05-13 13:00:00,184.71,184.894,184.696,184.831,38768
9877,46,H4,M,2026-05-13 17:00:00,184.83,184.957,184.816,184.948,21234
9878,46,H4,M,2026-05-13 21:00:00,184.851,184.984,184.787,184.96,12049
9879,46,H4,M,2026-05-14 01:00:00,184.96,185.052,184.554,184.936,25724
9880,46,H4,M,2026-05-14 05:00:00,184.939,185.016,184.843,184.922,29906
9881,46,H4,M,2026-05-14 09:00:00,184.921,184.954,184.768,184.788,31652
9882,46,H4,M,2026-05-14 13:00:00,184.788,184.861,184.038,184.686,54871
9883,46,H4,M,2026-05-14 17:00:00,184.688,184.848,184.679,184.832,26813
9884,46,H4,M,2026-05-14 21:00:00,184.775,184.848,184.628,184.704,16983
9885,46,H4,M,2026-05-15 01:00:00,184.705,184.746,184.572,184.634,30081
9886,46,H4,M,2026-05-15 05:00:00,184.635,184.694,184.27,184.455,49682
9887,46,H4,M,2026-05-15 09:00:00,184.454,184.562,184.177,184.364,47509
9888,46,H4,M,2026-05-15 13:00:00,184.365,184.606,184.314,184.577,47719
9889,46,H4,M,2026-05-15 17:00:00,184.578,184.621,184.413,184.58,26189
9890,46,H4,M,2026-05-17 21:00:00,184.49,184.608,184.32,184.551,19254
9891,46,H4,M,2026-05-18 01:00:00,184.552,184.89,184.484,184.752,30436
9892,46,H4,M,2026-05-18 05:00:00,184.753,184.944,184.674,184.9,35073
9893,46,H4,M,2026-05-18 09:00:00,184.897,185.042,184.779,184.9,38031
9894,46,H4,M,2026-05-18 13:00:00,184.897,185.218,184.858,185.184,51944
9895,46,H4,M,2026-05-18 17:00:00,185.18,185.202,184.982,185.168,33901
12338,48,H4,M,2025-12-11 22:00:00,155.582,155.771,155.448,155.668,30692
12339,48,H4,M,2025-12-12 02:00:00,155.668,155.773,155.632,155.743,23272
12340,48,H4,M,2025-12-12 06:00:00,155.744,155.911,155.542,155.888,38791
12341,48,H4,M,2025-12-12 10:00:00,155.888,156.13,155.774,156.046,30671
12342,48,H4,M,2025-12-12 14:00:00,156.047,156.102,155.676,155.782,56242
12343,48,H4,M,2025-12-12 18:00:00,155.782,155.939,155.719,155.838,25225
12344,48,H4,M,2025-12-14 22:00:00,155.877,155.986,155.605,155.614,18874
12345,48,H4,M,2025-12-15 02:00:00,155.617,155.651,155.031,155.034,30682
12346,48,H4,M,2025-12-15 06:00:00,155.035,155.295,154.938,154.966,39935
12347,48,H4,M,2025-12-15 10:00:00,154.968,155.161,154.854,155.161,31108
12348,48,H4,M,2025-12-15 14:00:00,155.163,155.368,154.837,155.31,51990
12349,48,H4,M,2025-12-15 18:00:00,155.309,155.4,155.193,155.206,15620
12350,48,H4,M,2025-12-15 22:00:00,155.217,155.25,154.736,154.864,35323
12351,48,H4,M,2025-12-16 02:00:00,154.862,154.925,154.684,154.844,35137
12352,48,H4,M,2025-12-16 06:00:00,154.845,154.979,154.772,154.838,40499
12353,48,H4,M,2025-12-16 10:00:00,154.838,154.905,154.396,154.718,55764
12354,48,H4,M,2025-12-16 14:00:00,154.716,154.998,154.465,154.681,81937
12355,48,H4,M,2025-12-16 18:00:00,154.682,154.926,154.57,154.721,33122
12356,48,H4,M,2025-12-16 22:00:00,154.711,154.874,154.513,154.677,29812
12357,48,H4,M,2025-12-17 02:00:00,154.676,155.175,154.676,155.152,33328
12358,48,H4,M,2025-12-17 06:00:00,155.152,155.599,155.128,155.532,42612
12359,48,H4,M,2025-12-17 10:00:00,155.532,155.64,155.385,155.438,38170
12360,48,H4,M,2025-12-17 14:00:00,155.437,155.634,155.35,155.534,52198
12361,48,H4,M,2025-12-17 18:00:00,155.535,155.752,155.496,155.693,20933
12362,48,H4,M,2025-12-17 22:00:00,155.648,155.774,155.426,155.772,25322
12363,48,H4,M,2025-12-18 02:00:00,155.771,155.888,155.663,155.81,26378
12364,48,H4,M,2025-12-18 06:00:00,155.806,155.956,155.77,155.93,35614
12365,48,H4,M,2025-12-18 10:00:00,155.93,155.978,155.38,155.594,49859
12366,48,H4,M,2025-12-18 14:00:00,155.592,155.695,155.284,155.642,61471
12367,48,H4,M,2025-12-18 18:00:00,155.638,155.71,155.494,155.562,20980
12368,48,H4,M,2025-12-18 22:00:00,155.531,155.795,155.502,155.741,20890
12369,48,H4,M,2025-12-19 02:00:00,155.742,156.18,155.589,155.995,44757
12370,48,H4,M,2025-12-19 06:00:00,155.996,157.214,155.85,157.202,64523
12371,48,H4,M,2025-12-19 10:00:00,157.203,157.402,157.133,157.326,35842
12372,48,H4,M,2025-12-19 14:00:00,157.325,157.67,156.932,157.438,48868
12373,48,H4,M,2025-12-19 18:00:00,157.438,157.786,157.402,157.723,24510
12374,48,H4,M,2025-12-21 22:00:00,157.547,157.714,157.255,157.294,41386
12375,48,H4,M,2025-12-22 02:00:00,157.293,157.472,157.23,157.364,24277
12376,48,H4,M,2025-12-22 06:00:00,157.365,157.571,157.27,157.462,31039
12377,48,H4,M,2025-12-22 10:00:00,157.462,157.466,156.872,157.188,39658
12378,48,H4,M,2025-12-22 14:00:00,157.188,157.224,156.705,156.848,44605
12379,48,H4,M,2025-12-22 18:00:00,156.848,157.048,156.848,157.036,21398
12380,48,H4,M,2025-12-22 22:00:00,157.018,157.051,156.422,156.462,24544
12381,48,H4,M,2025-12-23 02:00:00,156.462,156.484,155.914,156.012,36277
12382,48,H4,M,2025-12-23 06:00:00,156.012,156.189,155.65,155.97,48877
12383,48,H4,M,2025-12-23 10:00:00,155.969,156.366,155.866,156.341,42767
12384,48,H4,M,2025-12-23 14:00:00,156.34,156.545,156.208,156.298,53525
12385,48,H4,M,2025-12-23 18:00:00,156.296,156.344,156.18,156.236,19522
12386,48,H4,M,2025-12-23 22:00:00,156.258,156.283,155.601,155.656,37107
12387,48,H4,M,2025-12-24 02:00:00,155.655,156.068,155.555,155.798,32965
12388,48,H4,M,2025-12-24 06:00:00,155.798,155.972,155.662,155.835,45259
12389,48,H4,M,2025-12-24 10:00:00,155.836,156.072,155.82,156.012,39937
12390,48,H4,M,2025-12-24 14:00:00,156.012,156.036,155.68,155.972,43514
12391,48,H4,M,2025-12-24 18:00:00,155.972,156.02,155.836,155.952,16686
12392,48,H4,M,2025-12-25 22:00:00,155.94,156.492,155.752,156.284,35129
12393,48,H4,M,2025-12-26 02:00:00,156.284,156.31,155.988,156.206,28798
12394,48,H4,M,2025-12-26 06:00:00,156.206,156.474,156.092,156.462,31368
12395,48,H4,M,2025-12-26 10:00:00,156.464,156.49,156.228,156.324,31399
12396,48,H4,M,2025-12-26 14:00:00,156.324,156.73,156.276,156.571,45922
12397,48,H4,M,2025-12-26 18:00:00,156.57,156.61,156.439,156.569,30316
12398,48,H4,M,2025-12-28 22:00:00,156.526,156.577,156.056,156.314,38011
12399,48,H4,M,2025-12-29 02:00:00,156.32,156.512,156.244,156.309,26840
12400,48,H4,M,2025-12-29 06:00:00,156.312,156.4,156.052,156.326,35157
12401,48,H4,M,2025-12-29 10:00:00,156.328,156.424,156.194,156.233,31419
12402,48,H4,M,2025-12-29 14:00:00,156.232,156.292,155.916,156.185,47026
12403,48,H4,M,2025-12-29 18:00:00,156.186,156.249,155.987,156.042,16466
12404,48,H4,M,2025-12-29 22:00:00,156.069,156.329,155.926,156.226,26956
12405,48,H4,M,2025-12-30 02:00:00,156.224,156.34,156.012,156.043,30585
12406,48,H4,M,2025-12-30 06:00:00,156.042,156.105,155.856,155.923,37140
12407,48,H4,M,2025-12-30 10:00:00,155.926,156.214,155.744,156.196,38735
12408,48,H4,M,2025-12-30 14:00:00,156.197,156.568,156.124,156.337,38025
12409,48,H4,M,2025-12-30 18:00:00,156.337,156.525,156.311,156.421,22385
12410,48,H4,M,2025-12-30 22:00:00,156.367,156.468,156.332,156.434,15332
12411,48,H4,M,2025-12-31 02:00:00,156.435,156.64,156.424,156.593,18328
12412,48,H4,M,2025-12-31 06:00:00,156.594,156.654,156.509,156.633,30700
12413,48,H4,M,2025-12-31 10:00:00,156.632,156.836,156.552,156.812,37858
12414,48,H4,M,2025-12-31 14:00:00,156.813,156.996,156.644,156.826,59838
12415,48,H4,M,2025-12-31 18:00:00,156.826,156.923,156.616,156.684,23891
12416,48,H4,M,2026-01-01 22:00:00,156.725,156.887,156.522,156.635,11884
12417,48,H4,M,2026-01-02 02:00:00,156.636,156.946,156.594,156.912,11942
12418,48,H4,M,2026-01-02 06:00:00,156.912,157,156.77,156.914,29688
12419,48,H4,M,2026-01-02 10:00:00,156.912,157.004,156.804,156.908,26383
12420,48,H4,M,2026-01-02 14:00:00,156.907,156.922,156.563,156.772,40789
12421,48,H4,M,2026-01-02 18:00:00,156.773,156.956,156.764,156.837,16695
12422,48,H4,M,2026-01-04 22:00:00,156.756,157.252,156.711,157.014,35228
12423,48,H4,M,2026-01-05 02:00:00,157.016,157.3,156.952,157.184,27853
12424,48,H4,M,2026-01-05 06:00:00,157.186,157.234,156.69,156.928,41840
12425,48,H4,M,2026-01-05 10:00:00,156.927,156.979,156.468,156.824,44411
12426,48,H4,M,2026-01-05 14:00:00,156.824,156.856,156.268,156.332,54248
12427,48,H4,M,2026-01-05 18:00:00,156.332,156.424,156.116,156.404,20039
12428,48,H4,M,2026-01-05 22:00:00,156.377,156.798,156.325,156.454,27031
12429,48,H4,M,2026-01-06 02:00:00,156.453,156.503,156.24,156.43,27589
12430,48,H4,M,2026-01-06 06:00:00,156.43,156.484,156.164,156.378,42530
12431,48,H4,M,2026-01-06 10:00:00,156.378,156.582,156.28,156.371,43183
12432,48,H4,M,2026-01-06 14:00:00,156.371,156.744,156.301,156.692,46825
12433,48,H4,M,2026-01-06 18:00:00,156.691,156.75,156.571,156.663,16578
12434,48,H4,M,2026-01-06 22:00:00,156.634,156.81,156.542,156.72,21842
12435,48,H4,M,2026-01-07 02:00:00,156.721,156.731,156.367,156.387,23018
12436,48,H4,M,2026-01-07 06:00:00,156.388,156.586,156.294,156.464,30762
12437,48,H4,M,2026-01-07 10:00:00,156.464,156.598,156.362,156.419,27834
12438,48,H4,M,2026-01-07 14:00:00,156.418,156.802,156.393,156.62,46455
12439,48,H4,M,2026-01-07 18:00:00,156.621,156.802,156.596,156.757,16114
12440,48,H4,M,2026-01-07 22:00:00,156.748,156.945,156.643,156.913,17511
12441,48,H4,M,2026-01-08 02:00:00,156.912,156.955,156.634,156.672,20657
12442,48,H4,M,2026-01-08 06:00:00,156.671,156.784,156.46,156.746,34782
12443,48,H4,M,2026-01-08 10:00:00,156.746,156.964,156.666,156.964,24321
12444,48,H4,M,2026-01-08 14:00:00,156.966,157.072,156.775,156.811,37735
12445,48,H4,M,2026-01-08 18:00:00,156.81,156.994,156.796,156.882,14408
12446,48,H4,M,2026-01-08 22:00:00,156.846,157.17,156.795,157.162,19262
12447,48,H4,M,2026-01-09 02:00:00,157.163,157.392,157.122,157.378,21541
12448,48,H4,M,2026-01-09 06:00:00,157.377,157.736,157.34,157.709,29399
12449,48,H4,M,2026-01-09 10:00:00,157.712,157.841,157.374,157.49,40123
12450,48,H4,M,2026-01-09 14:00:00,157.49,158.188,157.371,158.053,72355
12451,48,H4,M,2026-01-09 18:00:00,158.054,158.068,157.835,157.933,20670
12452,48,H4,M,2026-01-11 22:00:00,158.076,158.21,157.517,157.751,31405
12453,48,H4,M,2026-01-12 02:00:00,157.749,158.186,157.67,158.007,21722
12454,48,H4,M,2026-01-12 06:00:00,158.007,158.07,157.676,157.895,33601
12455,48,H4,M,2026-01-12 10:00:00,157.896,157.963,157.709,157.844,30299
12456,48,H4,M,2026-01-12 14:00:00,157.845,158.174,157.834,158.088,39178
12457,48,H4,M,2026-01-12 18:00:00,158.088,158.201,158.054,158.16,14204
12458,48,H4,M,2026-01-12 22:00:00,158.128,158.504,157.898,158.485,30672
12459,48,H4,M,2026-01-13 02:00:00,158.484,158.922,158.337,158.786,30822
12460,48,H4,M,2026-01-13 06:00:00,158.786,159.05,158.734,158.89,34902
12461,48,H4,M,2026-01-13 10:00:00,158.891,158.958,158.583,158.882,37641
12462,48,H4,M,2026-01-13 14:00:00,158.884,159.192,158.804,159.024,53573
12463,48,H4,M,2026-01-13 18:00:00,159.024,159.177,159.002,159.172,17001
12464,48,H4,M,2026-01-13 22:00:00,159.146,159.453,159.096,159.339,21729
12465,48,H4,M,2026-01-14 02:00:00,159.34,159.394,159.082,159.336,23699
12466,48,H4,M,2026-01-14 06:00:00,159.335,159.35,158.668,158.762,45413
12467,48,H4,M,2026-01-14 10:00:00,158.762,158.824,158.136,158.598,53519
12468,48,H4,M,2026-01-14 14:00:00,158.598,158.675,158.094,158.302,66931
12469,48,H4,M,2026-01-14 18:00:00,158.303,158.602,158.302,158.435,25596
12470,48,H4,M,2026-01-14 22:00:00,158.423,158.577,158.222,158.356,31459
12471,48,H4,M,2026-01-15 02:00:00,158.371,158.648,158.31,158.434,28759
12472,48,H4,M,2026-01-15 06:00:00,158.433,158.734,158.303,158.4,42381
12473,48,H4,M,2026-01-15 10:00:00,158.399,158.857,158.347,158.828,32631
12474,48,H4,M,2026-01-15 14:00:00,158.829,158.881,158.414,158.51,46138
12475,48,H4,M,2026-01-15 18:00:00,158.51,158.676,158.466,158.622,24129
12476,48,H4,M,2026-01-15 22:00:00,158.633,158.706,158.472,158.602,18432
12477,48,H4,M,2026-01-16 02:00:00,158.601,158.634,157.954,158.379,33092
12478,48,H4,M,2026-01-16 06:00:00,158.38,158.452,158.01,158.197,38238
12479,48,H4,M,2026-01-16 10:00:00,158.197,158.226,157.944,158.019,35569
12480,48,H4,M,2026-01-16 14:00:00,158.018,158.269,157.823,158.143,52357
12481,48,H4,M,2026-01-16 18:00:00,158.142,158.246,158.04,158.103,15786
12482,48,H4,M,2026-01-18 22:00:00,157.92,157.969,157.425,157.688,44271
12483,48,H4,M,2026-01-19 02:00:00,157.686,157.948,157.684,157.901,28044
12484,48,H4,M,2026-01-19 06:00:00,157.902,158.166,157.745,157.925,42871
12485,48,H4,M,2026-01-19 10:00:00,157.926,158.108,157.828,157.926,28666
12486,48,H4,M,2026-01-19 14:00:00,157.928,158.139,157.863,158.033,21792
12487,48,H4,M,2026-01-19 18:00:00,158.032,158.154,158.006,158.127,3890
12488,48,H4,M,2026-01-19 22:00:00,158.087,158.284,157.848,157.95,29475
12489,48,H4,M,2026-01-20 02:00:00,157.951,158.127,157.898,158.1,30109
12490,48,H4,M,2026-01-20 06:00:00,158.1,158.605,157.558,157.734,74807
12491,48,H4,M,2026-01-20 10:00:00,157.73,157.976,157.471,157.844,65305
12492,48,H4,M,2026-01-20 14:00:00,157.843,158.11,157.741,157.958,66746
12493,48,H4,M,2026-01-20 18:00:00,157.959,158.301,157.952,158.138,26826
12494,48,H4,M,2026-01-20 22:00:00,158.148,158.28,157.858,157.961,29935
12495,48,H4,M,2026-01-21 02:00:00,157.963,158.24,157.888,158.206,30791
12496,48,H4,M,2026-01-21 06:00:00,158.204,158.258,157.822,158.004,38811
12497,48,H4,M,2026-01-21 10:00:00,158.004,158.089,157.748,157.886,43777
12498,48,H4,M,2026-01-21 14:00:00,157.887,158.31,157.874,158.143,80208
12499,48,H4,M,2026-01-21 18:00:00,158.144,158.534,158.116,158.294,38537
12500,48,H4,M,2026-01-21 22:00:00,158.312,158.496,158.18,158.352,25760
12501,48,H4,M,2026-01-22 02:00:00,158.351,158.734,158.341,158.716,25890
12502,48,H4,M,2026-01-22 06:00:00,158.718,158.894,158.61,158.696,36530
12503,48,H4,M,2026-01-22 10:00:00,158.698,158.865,158.536,158.702,46433
12504,48,H4,M,2026-01-22 14:00:00,158.703,158.762,158.238,158.31,55478
12505,48,H4,M,2026-01-22 18:00:00,158.31,158.476,158.28,158.429,24442
12506,48,H4,M,2026-01-22 22:00:00,158.409,158.664,158.367,158.64,21355
12507,48,H4,M,2026-01-23 02:00:00,158.638,158.746,158.476,158.626,22719
12508,48,H4,M,2026-01-23 06:00:00,158.627,159.228,157.317,158.006,83843
12509,48,H4,M,2026-01-23 10:00:00,158.006,158.318,157.993,158.27,34929
12510,48,H4,M,2026-01-23 14:00:00,158.269,158.341,156.126,156.362,79125
12511,48,H4,M,2026-01-23 18:00:00,156.363,156.637,155.606,155.736,60346
12512,48,H4,M,2026-01-25 22:00:00,154.876,155.348,154.208,154.426,68658
12513,48,H4,M,2026-01-26 02:00:00,154.426,154.484,153.812,154.109,65943
12514,48,H4,M,2026-01-26 06:00:00,154.108,154.422,153.398,153.67,98105
12515,48,H4,M,2026-01-26 10:00:00,153.669,154.342,153.304,154.058,69482
12516,48,H4,M,2026-01-26 14:00:00,154.06,154.134,153.618,153.972,61615
12517,48,H4,M,2026-01-26 18:00:00,153.971,154.277,153.863,154.221,37865
12518,48,H4,M,2026-01-26 22:00:00,154.181,154.457,154.111,154.35,32407
12519,48,H4,M,2026-01-27 02:00:00,154.35,154.644,154.087,154.504,35283
12520,48,H4,M,2026-01-27 06:00:00,154.503,154.88,153.174,153.743,60056
12521,48,H4,M,2026-01-27 10:00:00,153.746,154.2,152.994,153.248,93134
12522,48,H4,M,2026-01-27 14:00:00,153.249,153.376,152.61,152.771,77521
12523,48,H4,M,2026-01-27 18:00:00,152.77,152.888,152.09,152.204,60670
12524,48,H4,M,2026-01-27 22:00:00,152.251,152.997,152.206,152.993,45482
12525,48,H4,M,2026-01-28 02:00:00,152.994,153.072,152.477,152.63,43052
12526,48,H4,M,2026-01-28 06:00:00,152.63,152.81,152.28,152.717,68770
12527,48,H4,M,2026-01-28 10:00:00,152.716,152.916,152.348,152.85,56608
12528,48,H4,M,2026-01-28 14:00:00,152.85,153.789,152.652,153.532,101779
12529,48,H4,M,2026-01-28 18:00:00,153.532,154.051,153.301,153.404,62451
12530,48,H4,M,2026-01-28 22:00:00,153.405,153.442,152.77,153.261,50180
12531,48,H4,M,2026-01-29 02:00:00,153.267,153.393,152.904,153.021,45207
12532,48,H4,M,2026-01-29 06:00:00,153.02,153.46,152.924,153.316,55136
12533,48,H4,M,2026-01-29 10:00:00,153.313,153.538,153.178,153.334,56835
12534,48,H4,M,2026-01-29 14:00:00,153.334,153.514,152.682,152.907,112522
12535,48,H4,M,2026-01-29 18:00:00,152.908,153.216,152.905,153.114,41507
12536,48,H4,M,2026-01-29 22:00:00,152.975,153.793,152.865,153.756,48752
12537,48,H4,M,2026-01-30 02:00:00,153.757,154.142,153.653,153.921,67672
12538,48,H4,M,2026-01-30 06:00:00,153.92,154.287,153.712,154.282,80038
12539,48,H4,M,2026-01-30 10:00:00,154.282,154.389,153.798,154.366,73540
12540,48,H4,M,2026-01-30 14:00:00,154.366,154.764,154.166,154.445,92935
12541,48,H4,M,2026-01-30 18:00:00,154.449,154.798,154.29,154.782,60477
12542,48,H4,M,2026-02-01 22:00:00,154.903,155.512,154.824,155.04,60912
12543,48,H4,M,2026-02-02 02:00:00,155.039,155.146,154.756,154.894,62934
12544,48,H4,M,2026-02-02 06:00:00,154.881,155.072,154.552,154.774,72067
12545,48,H4,M,2026-02-02 10:00:00,154.774,155.297,154.711,155.228,52833
12546,48,H4,M,2026-02-02 14:00:00,155.227,155.704,155.144,155.508,72202
12547,48,H4,M,2026-02-02 18:00:00,155.508,155.79,155.503,155.606,34167
12548,48,H4,M,2026-02-02 22:00:00,155.66,155.66,155.412,155.47,41699
12549,48,H4,M,2026-02-03 02:00:00,155.472,155.558,155.295,155.43,42459
12550,48,H4,M,2026-02-03 06:00:00,155.432,155.878,155.308,155.874,52903
12551,48,H4,M,2026-02-03 10:00:00,155.874,155.985,155.772,155.886,39539
12552,48,H4,M,2026-02-03 14:00:00,155.886,156.086,155.528,155.723,59842
12553,48,H4,M,2026-02-03 18:00:00,155.724,155.81,155.606,155.795,33437
12554,48,H4,M,2026-02-03 22:00:00,155.791,156.19,155.689,156.139,29375
12555,48,H4,M,2026-02-04 02:00:00,156.14,156.394,156.125,156.302,27467
12556,48,H4,M,2026-02-04 06:00:00,156.302,156.671,156.236,156.648,36101
12557,48,H4,M,2026-02-04 10:00:00,156.647,156.858,156.463,156.479,46126
12558,48,H4,M,2026-02-04 14:00:00,156.48,156.738,156.354,156.672,70084
12559,48,H4,M,2026-02-04 18:00:00,156.674,156.948,156.633,156.87,37279
12560,48,H4,M,2026-02-04 22:00:00,156.815,156.987,156.708,156.864,25378
12561,48,H4,M,2026-02-05 02:00:00,156.863,156.988,156.688,156.978,36108
12562,48,H4,M,2026-02-05 06:00:00,156.98,157.339,156.854,157.329,59878
12563,48,H4,M,2026-02-05 10:00:00,157.324,157.337,156.526,156.596,79517
12564,48,H4,M,2026-02-05 14:00:00,156.596,157.02,156.55,156.806,86164
12565,48,H4,M,2026-02-05 18:00:00,156.805,157.096,156.768,157.044,25502
12566,48,H4,M,2026-02-05 22:00:00,156.998,157.072,156.512,156.658,45971
12567,48,H4,M,2026-02-06 02:00:00,156.658,156.83,156.594,156.762,30218
12568,48,H4,M,2026-02-06 06:00:00,156.762,157.076,156.675,157.052,45345
12569,48,H4,M,2026-02-06 10:00:00,157.053,157.157,156.904,156.934,34939
12570,48,H4,M,2026-02-06 14:00:00,156.934,157.134,156.784,157.053,48981
12571,48,H4,M,2026-02-06 18:00:00,157.054,157.274,157.002,157.24,20442
12572,48,H4,M,2026-02-08 22:00:00,157.53,157.662,156.212,156.632,68655
12573,48,H4,M,2026-02-09 02:00:00,156.633,156.94,156.522,156.611,35611
12574,48,H4,M,2026-02-09 06:00:00,156.612,156.782,156.295,156.644,72293
12575,48,H4,M,2026-02-09 10:00:00,156.642,156.749,155.912,155.932,83663
12576,48,H4,M,2026-02-09 14:00:00,155.931,156.146,155.524,155.964,60489
12577,48,H4,M,2026-02-09 18:00:00,155.966,156.032,155.64,155.899,23069
12578,48,H4,M,2026-02-09 22:00:00,155.86,156.294,155.674,155.734,30564
12579,48,H4,M,2026-02-10 02:00:00,155.734,155.836,155.086,155.306,38208
12580,48,H4,M,2026-02-10 06:00:00,155.308,155.637,155.249,155.286,45023
12581,48,H4,M,2026-02-10 10:00:00,155.286,155.309,154.731,154.762,54509
12582,48,H4,M,2026-02-10 14:00:00,154.762,154.799,154.055,154.38,74811
12583,48,H4,M,2026-02-10 18:00:00,154.38,154.588,154.245,154.378,22527
12584,48,H4,M,2026-02-10 22:00:00,154.4,154.522,153.837,153.983,24046
12585,48,H4,M,2026-02-11 02:00:00,153.982,153.982,152.998,153.043,33656
12586,48,H4,M,2026-02-11 06:00:00,153.044,153.41,152.8,153.208,55864
12587,48,H4,M,2026-02-11 10:00:00,153.209,154.654,152.853,153.838,78553
12588,48,H4,M,2026-02-11 14:00:00,153.839,153.966,152.55,152.83,94459
12589,48,H4,M,2026-02-11 18:00:00,152.83,153.315,152.566,153.27,34886
12590,48,H4,M,2026-02-11 22:00:00,153.173,153.447,152.792,152.852,36584
12591,48,H4,M,2026-02-12 02:00:00,152.854,153.192,152.27,153.104,50052
12592,48,H4,M,2026-02-12 06:00:00,153.105,153.554,152.804,152.914,74215
12593,48,H4,M,2026-02-12 10:00:00,152.914,153.762,152.902,153.268,54984
12594,48,H4,M,2026-02-12 14:00:00,153.269,153.4,152.366,152.854,97745
12595,48,H4,M,2026-02-12 18:00:00,152.853,152.99,152.668,152.738,37196
12596,48,H4,M,2026-02-12 22:00:00,152.752,153.35,152.674,153.268,38144
12597,48,H4,M,2026-02-13 02:00:00,153.266,153.399,152.844,153.295,35518
12598,48,H4,M,2026-02-13 06:00:00,153.296,153.668,153.116,153.508,52674
12599,48,H4,M,2026-02-13 10:00:00,153.508,153.596,152.92,153.068,62737
12600,48,H4,M,2026-02-13 14:00:00,153.068,153.226,152.596,152.808,78686
12601,48,H4,M,2026-02-13 18:00:00,152.806,152.888,152.627,152.711,22612
12602,48,H4,M,2026-02-15 22:00:00,152.728,153.166,152.632,153.022,26682
12603,48,H4,M,2026-02-16 02:00:00,153.022,153.248,152.972,153.198,23160
12604,48,H4,M,2026-02-16 06:00:00,153.199,153.616,153.078,153.572,29010
12605,48,H4,M,2026-02-16 10:00:00,153.573,153.638,153.3,153.336,24138
12606,48,H4,M,2026-02-16 14:00:00,153.336,153.574,153.255,153.473,19754
12607,48,H4,M,2026-02-16 18:00:00,153.472,153.54,153.452,153.52,3867
12608,48,H4,M,2026-02-16 22:00:00,153.462,153.761,153.134,153.149,34178
12609,48,H4,M,2026-02-17 02:00:00,153.148,153.26,152.901,152.956,40830
12610,48,H4,M,2026-02-17 06:00:00,152.953,153.184,152.7,152.908,45831
12611,48,H4,M,2026-02-17 10:00:00,152.906,153.392,152.852,153.278,46513
12612,48,H4,M,2026-02-17 14:00:00,153.276,153.927,153.27,153.47,68950
12613,48,H4,M,2026-02-17 18:00:00,153.472,153.484,153.186,153.299,23307
12614,48,H4,M,2026-02-17 22:00:00,153.246,153.466,153.071,153.442,25299
12615,48,H4,M,2026-02-18 02:00:00,153.444,153.703,153.442,153.46,22597
12616,48,H4,M,2026-02-18 06:00:00,153.46,153.798,153.393,153.729,29618
12617,48,H4,M,2026-02-18 10:00:00,153.728,153.946,153.554,153.944,34214
12618,48,H4,M,2026-02-18 14:00:00,153.943,154.606,153.916,154.534,45681
12619,48,H4,M,2026-02-18 18:00:00,154.535,154.874,154.328,154.824,32400
12620,48,H4,M,2026-02-18 22:00:00,154.788,154.985,154.62,154.951,25651
12621,48,H4,M,2026-02-19 02:00:00,154.952,155.334,154.756,155.305,36576
12622,48,H4,M,2026-02-19 06:00:00,155.306,155.344,154.706,154.81,38349
12623,48,H4,M,2026-02-19 10:00:00,154.808,155.044,154.544,154.917,40008
12624,48,H4,M,2026-02-19 14:00:00,154.916,155.284,154.858,155.018,60229
12625,48,H4,M,2026-02-19 18:00:00,155.019,155.134,154.83,155.001,23237
12626,48,H4,M,2026-02-19 22:00:00,154.98,155.316,154.897,155.144,30203
12627,48,H4,M,2026-02-20 02:00:00,155.144,155.37,155.055,155.292,27421
12628,48,H4,M,2026-02-20 06:00:00,155.292,155.644,154.948,155.394,43491
12629,48,H4,M,2026-02-20 10:00:00,155.395,155.45,155.052,155.418,39027
12630,48,H4,M,2026-02-20 14:00:00,155.419,155.54,154.716,154.996,95680
12631,48,H4,M,2026-02-20 18:00:00,154.997,155.188,154.813,155.076,37041
12632,48,H4,M,2026-02-22 22:00:00,154.925,154.972,153.996,154.216,38806
12633,48,H4,M,2026-02-23 02:00:00,154.216,154.491,154.075,154.44,29311
12634,48,H4,M,2026-02-23 06:00:00,154.439,154.864,154.226,154.812,42082
12635,48,H4,M,2026-02-23 10:00:00,154.81,155.046,154.566,154.622,40494
12636,48,H4,M,2026-02-23 14:00:00,154.622,154.826,154.222,154.392,53618
12637,48,H4,M,2026-02-23 18:00:00,154.392,154.769,154.391,154.674,20265
12638,48,H4,M,2026-02-23 22:00:00,154.669,155.14,154.526,154.974,27985
12639,48,H4,M,2026-02-24 02:00:00,154.976,155.312,154.865,155.168,30437
12640,48,H4,M,2026-02-24 06:00:00,155.167,156.282,154.946,155.856,61103
12641,48,H4,M,2026-02-24 10:00:00,155.856,156.094,155.678,156.058,39269
12642,48,H4,M,2026-02-24 14:00:00,156.058,156.176,155.584,155.758,49703
12643,48,H4,M,2026-02-24 18:00:00,155.757,155.927,155.69,155.902,16478
12644,48,H4,M,2026-02-24 22:00:00,155.866,155.994,155.62,155.778,23989
12645,48,H4,M,2026-02-25 02:00:00,155.777,156.046,155.348,155.599,50199
12646,48,H4,M,2026-02-25 06:00:00,155.6,156.662,155.528,156.559,45789
12647,48,H4,M,2026-02-25 10:00:00,156.56,156.826,156.546,156.696,30866
12648,48,H4,M,2026-02-25 14:00:00,156.696,156.762,156.238,156.328,48393
12649,48,H4,M,2026-02-25 18:00:00,156.326,156.542,156.282,156.364,19424
12650,48,H4,M,2026-02-25 22:00:00,156.342,156.438,155.81,155.831,29899
12651,48,H4,M,2026-02-26 02:00:00,155.83,156.1,155.699,155.945,36205
12652,48,H4,M,2026-02-26 06:00:00,155.944,156.178,155.896,156.07,41467
12653,48,H4,M,2026-02-26 10:00:00,156.07,156.176,155.92,156.162,29227
12654,48,H4,M,2026-02-26 14:00:00,156.162,156.402,155.83,156.393,55246
12655,48,H4,M,2026-02-26 18:00:00,156.394,156.433,156.058,156.135,21696
12656,48,H4,M,2026-02-26 22:00:00,156.146,156.17,155.67,155.984,38831
12657,48,H4,M,2026-02-27 02:00:00,155.984,155.984,155.54,155.834,27471
12658,48,H4,M,2026-02-27 06:00:00,155.834,156.233,155.776,156.073,39974
12659,48,H4,M,2026-02-27 10:00:00,156.072,156.183,155.838,156.172,36468
12660,48,H4,M,2026-02-27 14:00:00,156.17,156.228,155.915,156.058,51646
12661,48,H4,M,2026-02-27 18:00:00,156.057,156.194,155.888,156.062,21723
12662,48,H4,M,2026-03-01 22:00:00,156.154,156.81,156.128,156.22,57899
12663,48,H4,M,2026-03-02 02:00:00,156.218,156.858,156.16,156.834,48144
12664,48,H4,M,2026-03-02 06:00:00,156.834,157.251,156.798,157.011,66698
12665,48,H4,M,2026-03-02 10:00:00,157.012,157.606,156.796,157.522,48197
12666,48,H4,M,2026-03-02 14:00:00,157.522,157.753,157.336,157.362,62232
12667,48,H4,M,2026-03-02 18:00:00,157.361,157.496,157.117,157.36,37572
12668,48,H4,M,2026-03-02 22:00:00,157.409,157.6,157.179,157.292,34494
12669,48,H4,M,2026-03-03 02:00:00,157.292,157.435,157.178,157.396,38849
12670,48,H4,M,2026-03-03 06:00:00,157.396,157.824,157.151,157.674,62686
12671,48,H4,M,2026-03-03 10:00:00,157.675,157.972,157.5,157.804,63029
12672,48,H4,M,2026-03-03 14:00:00,157.804,157.954,157.602,157.836,84317
12673,48,H4,M,2026-03-03 18:00:00,157.836,157.846,157.474,157.694,43751
12674,48,H4,M,2026-03-03 22:00:00,157.536,157.865,157.484,157.59,38697
12675,48,H4,M,2026-03-04 02:00:00,157.59,157.645,157.178,157.569,35814
12676,48,H4,M,2026-03-04 06:00:00,157.572,157.656,157.092,157.202,51768
12677,48,H4,M,2026-03-04 10:00:00,157.202,157.351,156.856,157.298,60924
12678,48,H4,M,2026-03-04 14:00:00,157.3,157.416,156.882,156.977,60632
12679,48,H4,M,2026-03-04 18:00:00,156.976,157.172,156.97,157.054,23964
12680,48,H4,M,2026-03-04 22:00:00,157.028,157.098,156.454,156.765,32273
12681,48,H4,M,2026-03-05 02:00:00,156.764,157.22,156.719,157.192,40428
12682,48,H4,M,2026-03-05 06:00:00,157.195,157.38,156.901,157.16,68616
12683,48,H4,M,2026-03-05 10:00:00,157.162,157.784,157.108,157.764,47345
12684,48,H4,M,2026-03-05 14:00:00,157.764,157.851,157.396,157.69,65010
12685,48,H4,M,2026-03-05 18:00:00,157.69,157.849,157.414,157.558,42413
12686,48,H4,M,2026-03-05 22:00:00,157.583,157.622,157.384,157.484,34449
12687,48,H4,M,2026-03-06 02:00:00,157.484,157.88,157.45,157.846,27462
12688,48,H4,M,2026-03-06 06:00:00,157.844,157.904,157.502,157.863,41130
12689,48,H4,M,2026-03-06 10:00:00,157.866,158.088,157.382,157.873,65224
12690,48,H4,M,2026-03-06 14:00:00,157.874,158.096,157.514,157.802,84055
12691,48,H4,M,2026-03-06 18:00:00,157.804,157.964,157.616,157.822,39359
12692,48,H4,M,2026-03-08 21:00:00,158.094,158.696,158.071,158.65,49153
12693,48,H4,M,2026-03-09 01:00:00,158.65,158.9,158.57,158.724,46693
12694,48,H4,M,2026-03-09 05:00:00,158.722,158.776,158.328,158.633,73624
12695,48,H4,M,2026-03-09 09:00:00,158.634,158.648,158.194,158.572,78721
12696,48,H4,M,2026-03-09 13:00:00,158.57,158.584,157.972,158.14,84149
12697,48,H4,M,2026-03-09 17:00:00,158.14,158.418,157.633,157.668,56893
12698,48,H4,M,2026-03-09 21:00:00,157.665,157.958,157.564,157.594,41273
12699,48,H4,M,2026-03-10 01:00:00,157.594,157.932,157.532,157.778,40358
12700,48,H4,M,2026-03-10 05:00:00,157.778,157.787,157.276,157.702,48225
12701,48,H4,M,2026-03-10 09:00:00,157.702,157.98,157.549,157.813,56030
12702,48,H4,M,2026-03-10 13:00:00,157.814,157.916,157.532,157.574,60987
12703,48,H4,M,2026-03-10 17:00:00,157.574,158.134,157.4,158.066,65575
12704,48,H4,M,2026-03-10 21:00:00,158.06,158.226,157.918,158.197,20150
12705,48,H4,M,2026-03-11 01:00:00,158.198,158.394,158.095,158.107,36063
12706,48,H4,M,2026-03-11 05:00:00,158.106,158.447,157.864,158.404,47094
12707,48,H4,M,2026-03-11 09:00:00,158.404,158.63,158.252,158.61,55992
12708,48,H4,M,2026-03-11 13:00:00,158.614,158.868,158.304,158.834,65271
12709,48,H4,M,2026-03-11 17:00:00,158.833,158.978,158.818,158.96,29704
12710,48,H4,M,2026-03-11 21:00:00,158.922,159.238,158.832,158.981,24757
12711,48,H4,M,2026-03-12 01:00:00,158.982,159.158,158.785,159.126,31996
12712,48,H4,M,2026-03-12 05:00:00,159.126,159.127,158.673,158.887,39689
12713,48,H4,M,2026-03-12 09:00:00,158.886,158.939,158.57,158.894,41618
12714,48,H4,M,2026-03-12 13:00:00,158.894,159.29,158.806,159.211,73210
12715,48,H4,M,2026-03-12 17:00:00,159.212,159.432,159.118,159.35,37236
12716,48,H4,M,2026-03-12 21:00:00,159.342,159.426,159.012,159.097,36068
12717,48,H4,M,2026-03-13 01:00:00,159.098,159.686,159.034,159.508,44493
12718,48,H4,M,2026-03-13 05:00:00,159.508,159.544,159.316,159.335,53679
12719,48,H4,M,2026-03-13 09:00:00,159.333,159.504,159.206,159.334,46116
12720,48,H4,M,2026-03-13 13:00:00,159.334,159.638,159.008,159.616,67304
12721,48,H4,M,2026-03-13 17:00:00,159.615,159.758,159.55,159.733,27698
12722,48,H4,M,2026-03-15 21:00:00,159.566,159.748,159.254,159.301,28087
12723,48,H4,M,2026-03-16 01:00:00,159.3,159.644,159.288,159.562,30897
12724,48,H4,M,2026-03-16 05:00:00,159.562,159.585,159.175,159.351,42190
12725,48,H4,M,2026-03-16 09:00:00,159.352,159.387,158.962,159.13,41081
12726,48,H4,M,2026-03-16 13:00:00,159.13,159.36,158.851,159.265,51420
12727,48,H4,M,2026-03-16 17:00:00,159.264,159.304,158.912,159.046,35537
12728,48,H4,M,2026-03-16 21:00:00,159.061,159.345,159,159.315,16167
12729,48,H4,M,2026-03-17 01:00:00,159.321,159.454,159.216,159.232,24618
12730,48,H4,M,2026-03-17 05:00:00,159.234,159.499,159.058,159.105,30969
12731,48,H4,M,2026-03-17 09:00:00,159.104,159.218,158.967,159.032,34620
12732,48,H4,M,2026-03-17 13:00:00,159.032,159.117,158.724,158.944,56526
12733,48,H4,M,2026-03-17 17:00:00,158.944,159.066,158.89,159,19063
12734,48,H4,M,2026-03-17 21:00:00,159.041,159.14,158.805,159.068,22508
12735,48,H4,M,2026-03-18 01:00:00,159.07,159.088,158.754,158.814,23082
12736,48,H4,M,2026-03-18 05:00:00,158.813,158.99,158.57,158.951,34306
12737,48,H4,M,2026-03-18 09:00:00,158.952,159.475,158.898,159.448,40089
12738,48,H4,M,2026-03-18 13:00:00,159.45,159.585,159.371,159.468,57900
12739,48,H4,M,2026-03-18 17:00:00,159.469,159.904,159.26,159.868,50134
12740,48,H4,M,2026-03-18 21:00:00,159.868,159.868,159.686,159.777,28314
12741,48,H4,M,2026-03-19 01:00:00,159.78,159.817,159.546,159.658,30013
12742,48,H4,M,2026-03-19 05:00:00,159.658,159.806,159.04,159.186,66348
12743,48,H4,M,2026-03-19 09:00:00,159.184,159.296,158.853,158.907,64605
12744,48,H4,M,2026-03-19 13:00:00,158.908,158.942,158.044,158.046,105559
12745,48,H4,M,2026-03-19 17:00:00,158.046,158.098,157.51,157.708,55173
12746,48,H4,M,2026-03-19 21:00:00,157.69,157.994,157.639,157.862,18700
12747,48,H4,M,2026-03-20 01:00:00,157.856,158.416,157.75,158.378,27538
12748,48,H4,M,2026-03-20 05:00:00,158.378,158.492,158.26,158.491,33862
12749,48,H4,M,2026-03-20 09:00:00,158.49,158.901,158.453,158.7,52158
12750,48,H4,M,2026-03-20 13:00:00,158.7,159.288,158.672,159.272,69654
12751,48,H4,M,2026-03-20 17:00:00,159.272,159.391,159.144,159.228,41035
12752,48,H4,M,2026-03-22 21:00:00,159.346,159.527,159.014,159.504,30673
12753,48,H4,M,2026-03-23 01:00:00,159.504,159.621,159.33,159.401,37999
12754,48,H4,M,2026-03-23 05:00:00,159.4,159.658,159.312,159.439,51212
12755,48,H4,M,2026-03-23 09:00:00,159.437,159.634,158.255,158.51,165695
12756,48,H4,M,2026-03-23 13:00:00,158.51,158.848,158.202,158.688,132835
12757,48,H4,M,2026-03-23 17:00:00,158.688,158.734,158.02,158.429,41928
12758,48,H4,M,2026-03-23 21:00:00,158.429,158.71,158.276,158.578,30382
12759,48,H4,M,2026-03-24 01:00:00,158.576,158.794,158.445,158.754,40868
12760,48,H4,M,2026-03-24 05:00:00,158.755,158.785,158.404,158.654,53302
12761,48,H4,M,2026-03-24 09:00:00,158.654,158.862,158.615,158.818,48124
12762,48,H4,M,2026-03-24 13:00:00,158.818,158.957,158.558,158.92,74377
12763,48,H4,M,2026-03-24 17:00:00,158.919,159.192,158.371,158.705,63924
12764,48,H4,M,2026-03-24 21:00:00,158.702,158.837,158.574,158.644,32063
12765,48,H4,M,2026-03-25 01:00:00,158.646,158.944,158.61,158.881,28897
12766,48,H4,M,2026-03-25 05:00:00,158.887,159.204,158.728,158.776,39017
12767,48,H4,M,2026-03-25 09:00:00,158.776,159.088,158.73,159.024,49174
12768,48,H4,M,2026-03-25 13:00:00,159.023,159.299,158.938,159.248,64778
12769,48,H4,M,2026-03-25 17:00:00,159.248,159.503,159.15,159.473,26822
12770,48,H4,M,2026-03-25 21:00:00,159.469,159.504,159.332,159.476,16493
12771,48,H4,M,2026-03-26 01:00:00,159.474,159.54,159.372,159.436,24127
12772,48,H4,M,2026-03-26 05:00:00,159.435,159.546,159.286,159.468,30051
12773,48,H4,M,2026-03-26 09:00:00,159.467,159.7,159.424,159.636,30112
12774,48,H4,M,2026-03-26 13:00:00,159.639,159.704,159.431,159.664,60619
12775,48,H4,M,2026-03-26 17:00:00,159.663,159.853,159.342,159.778,36312
12776,48,H4,M,2026-03-26 21:00:00,159.718,159.791,159.49,159.562,18411
12777,48,H4,M,2026-03-27 01:00:00,159.562,159.646,159.458,159.623,20559
12778,48,H4,M,2026-03-27 05:00:00,159.622,159.977,159.575,159.838,30895
12779,48,H4,M,2026-03-27 09:00:00,159.839,159.948,159.764,159.876,30752
12780,48,H4,M,2026-03-27 13:00:00,159.877,160.299,159.7,160.148,57470
12781,48,H4,M,2026-03-27 17:00:00,160.15,160.414,160.075,160.315,29337
12782,48,H4,M,2026-03-29 21:00:00,160.197,160.464,159.88,159.882,32233
12783,48,H4,M,2026-03-30 01:00:00,159.884,160,159.656,159.796,30266
12784,48,H4,M,2026-03-30 05:00:00,159.795,159.858,159.572,159.689,43128
12785,48,H4,M,2026-03-30 09:00:00,159.688,159.728,159.342,159.373,43715
12786,48,H4,M,2026-03-30 13:00:00,159.374,159.642,159.328,159.445,47597
12787,48,H4,M,2026-03-30 17:00:00,159.446,159.747,159.42,159.742,23507
12788,48,H4,M,2026-03-30 21:00:00,159.72,159.942,159.667,159.882,33977
12789,48,H4,M,2026-03-31 01:00:00,159.882,159.975,159.592,159.623,34392
12790,48,H4,M,2026-03-31 05:00:00,159.622,159.788,159.484,159.576,35139
12791,48,H4,M,2026-03-31 09:00:00,159.576,159.774,159.345,159.369,48496
12792,48,H4,M,2026-03-31 13:00:00,159.368,159.445,158.822,158.952,80639
12793,48,H4,M,2026-03-31 17:00:00,158.951,159.003,158.658,158.724,44904
12794,48,H4,M,2026-03-31 21:00:00,158.772,158.875,158.453,158.788,33036
12795,48,H4,M,2026-04-01 01:00:00,158.788,159.014,158.584,158.786,34652
12796,48,H4,M,2026-04-01 05:00:00,158.786,158.92,158.274,158.582,61898
12797,48,H4,M,2026-04-01 09:00:00,158.584,158.773,158.318,158.532,52243
12798,48,H4,M,2026-04-01 13:00:00,158.532,158.768,158.41,158.556,70008
12799,48,H4,M,2026-04-01 17:00:00,158.554,158.948,158.45,158.79,31883
12800,48,H4,M,2026-04-01 21:00:00,158.808,158.827,158.545,158.671,25616
12801,48,H4,M,2026-04-02 01:00:00,158.672,159.476,158.608,159.347,62823
12802,48,H4,M,2026-04-02 05:00:00,159.348,159.716,159.305,159.68,43854
12803,48,H4,M,2026-04-02 09:00:00,159.68,159.747,159.546,159.633,36112
12804,48,H4,M,2026-04-02 13:00:00,159.632,159.692,159.232,159.512,69903
12805,48,H4,M,2026-04-02 17:00:00,159.514,159.728,159.496,159.606,26239
12806,48,H4,M,2026-04-02 21:00:00,159.597,159.632,159.431,159.598,14781
12807,48,H4,M,2026-04-03 01:00:00,159.597,159.718,159.538,159.623,14786
12808,48,H4,M,2026-04-03 05:00:00,159.624,159.694,159.547,159.609,19088
12809,48,H4,M,2026-04-03 09:00:00,159.61,159.824,159.532,159.62,50769
12810,48,H4,M,2026-04-03 13:00:00,159.62,159.65,159.487,159.636,17174
12811,48,H4,M,2026-04-03 17:00:00,159.636,159.719,159.505,159.632,7107
12812,48,H4,M,2026-04-05 21:00:00,159.641,159.834,159.472,159.75,30463
12813,48,H4,M,2026-04-06 01:00:00,159.747,159.747,159.528,159.572,28477
12814,48,H4,M,2026-04-06 05:00:00,159.57,159.712,159.304,159.39,32085
12815,48,H4,M,2026-04-06 09:00:00,159.389,159.588,159.348,159.41,29406
12816,48,H4,M,2026-04-06 13:00:00,159.409,159.805,159.398,159.681,49234
12817,48,H4,M,2026-04-06 17:00:00,159.68,159.798,159.594,159.686,26373
12818,48,H4,M,2026-04-06 21:00:00,159.694,159.842,159.574,159.83,18068
12819,48,H4,M,2026-04-07 01:00:00,159.83,159.934,159.732,159.738,21782
12820,48,H4,M,2026-04-07 05:00:00,159.738,159.882,159.481,159.492,36627
12821,48,H4,M,2026-04-07 09:00:00,159.492,159.876,159.468,159.781,43497
12822,48,H4,M,2026-04-07 13:00:00,159.78,160.032,159.724,159.908,52023
12823,48,H4,M,2026-04-07 17:00:00,159.908,159.957,159.504,159.61,43732
12824,48,H4,M,2026-04-07 21:00:00,159.614,159.78,158.546,158.694,69743
12825,48,H4,M,2026-04-08 01:00:00,158.695,158.716,158.294,158.354,52208
12826,48,H4,M,2026-04-08 05:00:00,158.356,158.49,158.049,158.376,55183
12827,48,H4,M,2026-04-08 09:00:00,158.375,158.538,157.95,158.018,48053
12828,48,H4,M,2026-04-08 13:00:00,158.018,158.499,157.888,158.424,73789
12829,48,H4,M,2026-04-08 17:00:00,158.424,158.798,158.38,158.569,40214
12830,48,H4,M,2026-04-08 21:00:00,158.553,158.872,158.486,158.86,20257
12831,48,H4,M,2026-04-09 01:00:00,158.858,158.954,158.644,158.737,24977
12832,48,H4,M,2026-04-09 05:00:00,158.738,159.111,158.718,159.003,31156
12833,48,H4,M,2026-04-09 09:00:00,159.004,159.116,158.84,159.002,36586
12834,48,H4,M,2026-04-09 13:00:00,159.003,159.299,158.63,158.764,63339
12835,48,H4,M,2026-04-09 17:00:00,158.764,159.133,158.679,158.998,27548
12836,48,H4,M,2026-04-09 21:00:00,158.954,159.246,158.948,159.186,16452
12837,48,H4,M,2026-04-10 01:00:00,159.188,159.23,159.024,159.185,21679
12838,48,H4,M,2026-04-10 05:00:00,159.186,159.383,159.184,159.318,25327
12839,48,H4,M,2026-04-10 09:00:00,159.318,159.332,158.894,159.156,35786
12840,48,H4,M,2026-04-10 13:00:00,159.157,159.352,159.035,159.27,47917
12841,48,H4,M,2026-04-10 17:00:00,159.27,159.342,159.239,159.275,19370
12842,48,H4,M,2026-04-12 21:00:00,159.596,159.858,159.544,159.706,27254
12843,48,H4,M,2026-04-13 01:00:00,159.704,159.786,159.656,159.726,20693
12844,48,H4,M,2026-04-13 05:00:00,159.728,159.754,159.561,159.712,30420
12845,48,H4,M,2026-04-13 09:00:00,159.711,159.862,159.647,159.745,31946
12846,48,H4,M,2026-04-13 13:00:00,159.744,159.802,159.46,159.527,59824
12847,48,H4,M,2026-04-13 17:00:00,159.526,159.538,159.291,159.445,31590
12848,48,H4,M,2026-04-13 21:00:00,159.422,159.443,159.144,159.167,16997
12849,48,H4,M,2026-04-14 01:00:00,159.166,159.268,159.013,159.031,24216
12850,48,H4,M,2026-04-14 05:00:00,159.032,159.285,158.948,159.068,35698
12851,48,H4,M,2026-04-14 09:00:00,159.068,159.094,158.701,158.715,40067
12852,48,H4,M,2026-04-14 13:00:00,158.716,158.936,158.602,158.838,50294
12853,48,H4,M,2026-04-14 17:00:00,158.839,158.912,158.688,158.802,18476
12854,48,H4,M,2026-04-14 21:00:00,158.801,158.884,158.74,158.816,27301
12855,48,H4,M,2026-04-15 01:00:00,158.816,159.068,158.816,158.986,24273
12856,48,H4,M,2026-04-15 05:00:00,158.986,159.03,158.644,158.78,32948
12857,48,H4,M,2026-04-15 09:00:00,158.78,159.153,158.718,159.108,47799
12858,48,H4,M,2026-04-15 13:00:00,159.108,159.122,158.752,158.884,47260
12859,48,H4,M,2026-04-15 17:00:00,158.883,159.122,158.88,158.969,23246
12860,48,H4,M,2026-04-15 21:00:00,159.004,159.01,158.718,158.732,17099
12861,48,H4,M,2026-04-16 01:00:00,158.732,158.827,158.266,158.714,33491
12862,48,H4,M,2026-04-16 05:00:00,158.714,159.06,158.7,158.987,32693
12863,48,H4,M,2026-04-16 09:00:00,158.988,159.134,158.881,159.114,33836
12864,48,H4,M,2026-04-16 13:00:00,159.114,159.308,158.99,159.18,54898
12865,48,H4,M,2026-04-16 17:00:00,159.178,159.292,159.099,159.145,20877
12866,48,H4,M,2026-04-16 21:00:00,159.182,159.362,159.025,159.332,12031
12867,48,H4,M,2026-04-17 01:00:00,159.332,159.484,159.302,159.47,17828
12868,48,H4,M,2026-04-17 05:00:00,159.472,159.532,159.143,159.143,34146
12869,48,H4,M,2026-04-17 09:00:00,159.143,159.228,158.406,158.416,46868
12870,48,H4,M,2026-04-17 13:00:00,158.415,158.518,157.59,158.043,108220
12871,48,H4,M,2026-04-17 17:00:00,158.042,158.64,158.04,158.616,37388
12872,48,H4,M,2026-04-19 21:00:00,158.81,159.204,158.789,159.006,25673
12873,48,H4,M,2026-04-20 01:00:00,159.007,159.018,158.791,158.898,24924
12874,48,H4,M,2026-04-20 05:00:00,158.898,159.076,158.728,158.983,46583
12875,48,H4,M,2026-04-20 09:00:00,158.981,159.033,158.76,158.88,42680
12876,48,H4,M,2026-04-20 13:00:00,158.88,158.938,158.552,158.654,65696
12877,48,H4,M,2026-04-20 17:00:00,158.652,158.926,158.61,158.825,26851
12878,48,H4,M,2026-04-20 21:00:00,158.786,158.994,158.734,158.952,23550
12879,48,H4,M,2026-04-21 01:00:00,158.953,158.997,158.912,158.958,16141
12880,48,H4,M,2026-04-21 05:00:00,158.958,159.218,158.796,159.176,35291
12881,48,H4,M,2026-04-21 09:00:00,159.175,159.256,159.019,159.179,32506
12882,48,H4,M,2026-04-21 13:00:00,159.18,159.508,159.018,159.466,55786
12883,48,H4,M,2026-04-21 17:00:00,159.466,159.642,159.168,159.412,59634
12884,48,H4,M,2026-04-21 21:00:00,159.378,159.46,159.174,159.292,27832
12885,48,H4,M,2026-04-22 01:00:00,159.292,159.402,159.227,159.344,22414
12886,48,H4,M,2026-04-22 05:00:00,159.344,159.37,159.104,159.356,39674
12887,48,H4,M,2026-04-22 09:00:00,159.358,159.373,159.15,159.36,41382
12888,48,H4,M,2026-04-22 13:00:00,159.361,159.532,159.112,159.508,56530
12889,48,H4,M,2026-04-22 17:00:00,159.505,159.576,159.416,159.477,19728
12890,48,H4,M,2026-04-22 21:00:00,159.495,159.69,159.298,159.332,26520
12891,48,H4,M,2026-04-23 01:00:00,159.329,159.586,159.295,159.546,31301
12892,48,H4,M,2026-04-23 05:00:00,159.546,159.7,159.514,159.694,30960
12893,48,H4,M,2026-04-23 09:00:00,159.696,159.782,159.436,159.506,50548
12894,48,H4,M,2026-04-23 13:00:00,159.506,159.625,159.315,159.457,52369
12895,48,H4,M,2026-04-23 17:00:00,159.456,159.847,159.453,159.749,64551
12896,48,H4,M,2026-04-23 21:00:00,159.672,159.81,159.634,159.794,14970
12897,48,H4,M,2026-04-24 01:00:00,159.794,159.842,159.728,159.778,20249
12898,48,H4,M,2026-04-24 05:00:00,159.778,159.817,159.604,159.721,32440
12899,48,H4,M,2026-04-24 09:00:00,159.72,159.773,159.338,159.554,47654
12900,48,H4,M,2026-04-24 13:00:00,159.551,159.654,159.314,159.358,64315
12901,48,H4,M,2026-04-24 17:00:00,159.358,159.468,159.308,159.348,24501
12902,48,H4,M,2026-04-26 21:00:00,159.565,159.601,159.45,159.481,13211
12903,48,H4,M,2026-04-27 01:00:00,159.48,159.48,159.152,159.238,33925
12904,48,H4,M,2026-04-27 05:00:00,159.238,159.482,159.112,159.151,32714
12905,48,H4,M,2026-04-27 09:00:00,159.152,159.274,159.096,159.229,29603
12906,48,H4,M,2026-04-27 13:00:00,159.23,159.388,159.108,159.387,41462
12907,48,H4,M,2026-04-27 17:00:00,159.388,159.464,159.348,159.425,19448
12908,48,H4,M,2026-04-27 21:00:00,159.442,159.486,159.31,159.47,11904
12909,48,H4,M,2026-04-28 01:00:00,159.47,159.568,158.96,159.084,30006
12910,48,H4,M,2026-04-28 05:00:00,159.086,159.69,159.032,159.476,44889
12911,48,H4,M,2026-04-28 09:00:00,159.476,159.788,159.416,159.464,41576
12912,48,H4,M,2026-04-28 13:00:00,159.465,159.751,159.434,159.56,65631
12913,48,H4,M,2026-04-28 17:00:00,159.562,159.69,159.51,159.616,19452
12914,48,H4,M,2026-04-28 21:00:00,159.56,159.65,159.52,159.55,10300
12915,48,H4,M,2026-04-29 01:00:00,159.548,159.666,159.526,159.638,22330
12916,48,H4,M,2026-04-29 05:00:00,159.638,159.789,159.608,159.784,33527
12917,48,H4,M,2026-04-29 09:00:00,159.785,159.98,159.738,159.978,31350
12918,48,H4,M,2026-04-29 13:00:00,159.976,160.326,159.952,160.312,66222
12919,48,H4,M,2026-04-29 17:00:00,160.31,160.478,160.166,160.449,59765
12920,48,H4,M,2026-04-29 21:00:00,160.418,160.442,160.074,160.296,22048
12921,48,H4,M,2026-04-30 01:00:00,160.298,160.582,160.211,160.537,39371
12922,48,H4,M,2026-04-30 05:00:00,160.536,160.726,159.454,159.588,68720
12923,48,H4,M,2026-04-30 09:00:00,159.586,159.598,155.556,156.824,199472
12924,48,H4,M,2026-04-30 13:00:00,156.824,156.962,156.202,156.579,95401
12925,48,H4,M,2026-04-30 17:00:00,156.578,156.701,156.308,156.624,47243
12926,48,H4,M,2026-04-30 21:00:00,156.51,157.307,156.51,157.082,30451
12927,48,H4,M,2026-05-01 01:00:00,157.083,157.33,156.992,157.247,35938
12928,48,H4,M,2026-05-01 05:00:00,157.248,157.302,155.488,156.475,77116
12929,48,H4,M,2026-05-01 09:00:00,156.476,156.762,156.386,156.594,44561
12930,48,H4,M,2026-05-01 13:00:00,156.596,156.946,156.334,156.945,83300
12931,48,H4,M,2026-05-01 17:00:00,156.944,157.122,156.855,157.088,32746
12932,48,H4,M,2026-05-03 21:00:00,156.756,156.996,156.685,156.91,17937
12933,48,H4,M,2026-05-04 01:00:00,156.91,157.25,155.702,156.731,62072
12934,48,H4,M,2026-05-04 05:00:00,156.732,156.984,156.532,156.953,43695
12935,48,H4,M,2026-05-04 09:00:00,156.952,157.204,156.892,157.14,59139
12936,48,H4,M,2026-05-04 13:00:00,157.14,157.305,156.926,157.27,80610
12937,48,H4,M,2026-05-04 17:00:00,157.271,157.288,156.545,157.25,38914
12938,48,H4,M,2026-05-04 21:00:00,157.214,157.276,157.146,157.214,12488
12939,48,H4,M,2026-05-05 01:00:00,157.212,157.305,157.188,157.289,17512
12940,48,H4,M,2026-05-05 05:00:00,157.288,157.302,157.076,157.28,32769
12941,48,H4,M,2026-05-05 09:00:00,157.28,157.898,157.104,157.77,48040
12942,48,H4,M,2026-05-05 13:00:00,157.77,157.83,157.608,157.79,53093
12943,48,H4,M,2026-05-05 17:00:00,157.792,157.921,157.77,157.896,18345
12944,48,H4,M,2026-05-05 21:00:00,157.888,157.94,157.544,157.596,30002
12945,48,H4,M,2026-05-06 01:00:00,157.597,157.894,155.032,155.94,86499
12946,48,H4,M,2026-05-06 05:00:00,155.942,156.567,155.732,155.982,94448
12947,48,H4,M,2026-05-06 09:00:00,155.982,156.303,155.615,156.281,98791
12948,48,H4,M,2026-05-06 13:00:00,156.282,156.49,156.05,156.43,75135
12949,48,H4,M,2026-05-06 17:00:00,156.43,156.515,156.298,156.37,37014
12950,48,H4,M,2026-05-06 21:00:00,156.351,156.528,156.219,156.323,26076
12951,48,H4,M,2026-05-07 01:00:00,156.323,156.437,156.024,156.358,36751
12952,48,H4,M,2026-05-07 05:00:00,156.358,156.414,156.022,156.327,46219
12953,48,H4,M,2026-05-07 09:00:00,156.328,156.476,156.243,156.286,35778
12954,48,H4,M,2026-05-07 13:00:00,156.286,156.648,156.169,156.636,50107
12955,48,H4,M,2026-05-07 17:00:00,156.636,156.956,156.608,156.938,48600
12956,48,H4,M,2026-05-07 21:00:00,156.885,156.992,156.746,156.97,19526
12957,48,H4,M,2026-05-08 01:00:00,156.97,156.978,156.77,156.849,26257
12958,48,H4,M,2026-05-08 05:00:00,156.85,156.886,156.637,156.706,34863
12959,48,H4,M,2026-05-08 09:00:00,156.706,156.832,156.522,156.642,37838
12960,48,H4,M,2026-05-08 13:00:00,156.642,156.706,156.434,156.7,48215
12961,48,H4,M,2026-05-08 17:00:00,156.7,156.778,156.592,156.686,20352
12962,48,H4,M,2026-05-10 21:00:00,156.61,157.064,156.557,156.936,17830
12963,48,H4,M,2026-05-11 01:00:00,156.937,157.176,156.924,157.125,21178
12964,48,H4,M,2026-05-11 05:00:00,157.126,157.152,156.949,157.09,24673
12965,48,H4,M,2026-05-11 09:00:00,157.09,157.162,157.064,157.119,24696
12966,48,H4,M,2026-05-11 13:00:00,157.118,157.165,156.98,157.16,33758
12967,48,H4,M,2026-05-11 17:00:00,157.159,157.273,157.094,157.226,20390
12968,48,H4,M,2026-05-11 21:00:00,157.161,157.436,157.15,157.422,13870
12969,48,H4,M,2026-05-12 01:00:00,157.422,157.655,157.376,157.586,24778
12970,48,H4,M,2026-05-12 05:00:00,157.587,157.751,156.726,157.619,55437
12971,48,H4,M,2026-05-12 09:00:00,157.62,157.668,157.496,157.554,35322
12972,48,H4,M,2026-05-12 13:00:00,157.555,157.766,157.482,157.752,43294
12973,48,H4,M,2026-05-12 17:00:00,157.753,157.754,157.519,157.615,21044
12974,48,H4,M,2026-05-12 21:00:00,157.611,157.77,157.562,157.712,11430
12975,48,H4,M,2026-05-13 01:00:00,157.712,157.783,157.566,157.72,20435
12976,48,H4,M,2026-05-13 05:00:00,157.721,157.848,157.678,157.809,23573
12977,48,H4,M,2026-05-13 09:00:00,157.81,157.911,157.746,157.848,26706
12978,48,H4,M,2026-05-13 13:00:00,157.847,157.898,157.748,157.856,36221
12979,48,H4,M,2026-05-13 17:00:00,157.854,157.926,157.834,157.894,22052
12980,48,H4,M,2026-05-13 21:00:00,157.855,157.882,157.689,157.854,11487
12981,48,H4,M,2026-05-14 01:00:00,157.855,157.998,157.509,157.868,27531
12982,48,H4,M,2026-05-14 05:00:00,157.87,157.951,157.808,157.902,34696
12983,48,H4,M,2026-05-14 09:00:00,157.902,157.995,157.876,157.971,31377
12984,48,H4,M,2026-05-14 13:00:00,157.972,158.206,157.313,158.168,69170
12985,48,H4,M,2026-05-14 17:00:00,158.167,158.423,158.136,158.384,23916
12986,48,H4,M,2026-05-14 21:00:00,158.336,158.515,158.302,158.471,20165
12987,48,H4,M,2026-05-15 01:00:00,158.47,158.593,158.425,158.516,32054
12988,48,H4,M,2026-05-15 05:00:00,158.516,158.676,158.354,158.561,55445
12989,48,H4,M,2026-05-15 09:00:00,158.56,158.606,158.294,158.574,55152
12990,48,H4,M,2026-05-15 13:00:00,158.572,158.747,158.534,158.708,50942
12991,48,H4,M,2026-05-15 17:00:00,158.707,158.847,158.644,158.776,24482
12992,48,H4,M,2026-05-17 21:00:00,158.68,158.956,158.611,158.934,18475
12993,48,H4,M,2026-05-18 01:00:00,158.934,159.075,158.808,158.986,32721
12994,48,H4,M,2026-05-18 05:00:00,158.986,159.001,158.792,158.827,40855
12995,48,H4,M,2026-05-18 09:00:00,158.826,158.96,158.612,158.69,45397
12996,48,H4,M,2026-05-18 13:00:00,158.691,158.946,158.646,158.932,62111
12997,48,H4,M,2026-05-18 17:00:00,158.932,159.082,158.746,158.858,38865
15440,54,H4,M,2025-12-11 22:00:00,208.339,208.599,208.195,208.476,28342
15441,54,H4,M,2025-12-12 02:00:00,208.477,208.627,208.426,208.625,21528
15442,54,H4,M,2025-12-12 06:00:00,208.628,208.728,208.231,208.624,34230
15443,54,H4,M,2025-12-12 10:00:00,208.625,208.747,208.386,208.626,29783
15444,54,H4,M,2025-12-12 14:00:00,208.628,208.671,207.887,208.328,52158
15445,54,H4,M,2025-12-12 18:00:00,208.328,208.432,208.134,208.378,29857
15446,54,H4,M,2025-12-14 22:00:00,208.526,208.589,208.098,208.104,22166
15447,54,H4,M,2025-12-15 02:00:00,208.116,208.145,207.16,207.19,33658
15448,54,H4,M,2025-12-15 06:00:00,207.19,207.538,207.095,207.466,40969
15449,54,H4,M,2025-12-15 10:00:00,207.468,207.741,207.301,207.717,30442
15450,54,H4,M,2025-12-15 14:00:00,207.726,207.89,207.366,207.616,55587
15451,54,H4,M,2025-12-15 18:00:00,207.616,207.7,207.546,207.645,20886
15452,54,H4,M,2025-12-15 22:00:00,207.562,207.646,206.993,207.024,34127
15453,54,H4,M,2025-12-16 02:00:00,207.024,207.117,206.777,206.904,36875
15454,54,H4,M,2025-12-16 06:00:00,206.907,207.742,206.858,207.645,44777
15455,54,H4,M,2025-12-16 10:00:00,207.638,207.965,207.524,207.719,51718
15456,54,H4,M,2025-12-16 14:00:00,207.72,208.008,207.196,207.642,69361
15457,54,H4,M,2025-12-16 18:00:00,207.64,207.884,207.524,207.656,35460
15458,54,H4,M,2025-12-16 22:00:00,207.672,207.888,207.414,207.646,24776
15459,54,H4,M,2025-12-17 02:00:00,207.646,207.87,207.548,207.647,28011
15460,54,H4,M,2025-12-17 06:00:00,207.65,207.998,207.056,207.258,43749
15461,54,H4,M,2025-12-17 10:00:00,207.262,207.67,207.147,207.608,40261
15462,54,H4,M,2025-12-17 14:00:00,207.606,208.39,207.584,208.216,57771
15463,54,H4,M,2025-12-17 18:00:00,208.215,208.41,208.14,208.235,27542
15464,54,H4,M,2025-12-17 22:00:00,208.195,208.241,207.866,208.181,23987
15465,54,H4,M,2025-12-18 02:00:00,208.182,208.424,208.102,208.316,25029
15466,54,H4,M,2025-12-18 06:00:00,208.316,208.558,207.976,208.152,36292
15467,54,H4,M,2025-12-18 10:00:00,208.148,208.998,207.922,208.928,51288
15468,54,H4,M,2025-12-18 14:00:00,208.928,209.016,208.104,208.268,60521
15469,54,H4,M,2025-12-18 18:00:00,208.267,208.38,208.142,208.17,26411
15470,54,H4,M,2025-12-18 22:00:00,208.106,208.504,208.046,208.427,24622
15471,54,H4,M,2025-12-19 02:00:00,208.426,208.862,208.214,208.656,37597
15472,54,H4,M,2025-12-19 06:00:00,208.658,210.39,208.534,210.362,45609
15473,54,H4,M,2025-12-19 10:00:00,210.364,210.6,210.17,210.378,33979
15474,54,H4,M,2025-12-19 14:00:00,210.378,210.8,210.036,210.61,43008
15475,54,H4,M,2025-12-19 18:00:00,210.609,211.07,210.596,210.974,25051
15476,54,H4,M,2025-12-21 22:00:00,211.394,211.394,210.638,210.71,46138
15477,54,H4,M,2025-12-22 02:00:00,210.709,210.932,210.63,210.824,27615
15478,54,H4,M,2025-12-22 06:00:00,210.825,211.466,210.69,211.376,38328
15479,54,H4,M,2025-12-22 10:00:00,211.378,211.594,210.842,211.227,43336
15480,54,H4,M,2025-12-22 14:00:00,211.224,211.329,211.032,211.288,42312
15481,54,H4,M,2025-12-22 18:00:00,211.288,211.426,211.146,211.414,21264
15482,54,H4,M,2025-12-22 22:00:00,211.278,211.44,210.791,210.811,24593
15483,54,H4,M,2025-12-23 02:00:00,210.81,210.889,210.296,210.39,33157
15484,54,H4,M,2025-12-23 06:00:00,210.389,210.818,210.306,210.59,41384
15485,54,H4,M,2025-12-23 10:00:00,210.59,211.033,210.44,210.922,38378
15486,54,H4,M,2025-12-23 14:00:00,210.922,211.158,210.517,210.529,42163
15487,54,H4,M,2025-12-23 18:00:00,210.528,211.246,210.528,211.159,20027
15488,54,H4,M,2025-12-23 22:00:00,211.132,211.329,210.478,210.521,32979
15489,54,H4,M,2025-12-24 02:00:00,210.508,210.808,210.414,210.555,34795
15490,54,H4,M,2025-12-24 06:00:00,210.553,210.714,210.406,210.649,47934
15491,54,H4,M,2025-12-24 10:00:00,210.648,210.76,210.543,210.618,43175
15492,54,H4,M,2025-12-24 14:00:00,210.618,210.709,210.059,210.448,38491
15493,54,H4,M,2025-12-24 18:00:00,210.448,210.643,210.332,210.632,27904
15494,54,H4,M,2025-12-25 22:00:00,210.839,211.418,210.349,211.182,32811
15495,54,H4,M,2025-12-26 02:00:00,211.182,211.252,210.684,210.794,19373
15496,54,H4,M,2025-12-26 06:00:00,210.794,211.078,210.631,210.998,26660
15497,54,H4,M,2025-12-26 10:00:00,210.996,211.391,210.926,211.305,33934
15498,54,H4,M,2025-12-26 14:00:00,211.304,211.509,211.154,211.292,43374
15499,54,H4,M,2025-12-26 18:00:00,211.292,211.427,211.17,211.352,24735
15500,54,H4,M,2025-12-28 22:00:00,211.316,211.346,210.711,211.17,36492
15501,54,H4,M,2025-12-29 02:00:00,211.171,211.356,210.822,210.878,28163
15502,54,H4,M,2025-12-29 06:00:00,210.886,210.927,210.438,210.894,54213
15503,54,H4,M,2025-12-29 10:00:00,210.892,211.185,210.61,210.815,50527
15504,54,H4,M,2025-12-29 14:00:00,210.814,210.888,210.459,210.626,69925
15505,54,H4,M,2025-12-29 18:00:00,210.626,210.91,210.62,210.866,24890
15506,54,H4,M,2025-12-29 22:00:00,210.807,211.07,210.644,211.046,26394
15507,54,H4,M,2025-12-30 02:00:00,211.042,211.098,210.793,210.89,25286
15508,54,H4,M,2025-12-30 06:00:00,210.893,210.962,210.545,210.722,43877
15509,54,H4,M,2025-12-30 10:00:00,210.724,210.776,210.433,210.676,43429
15510,54,H4,M,2025-12-30 14:00:00,210.675,210.774,210.46,210.586,53018
15511,54,H4,M,2025-12-30 18:00:00,210.586,210.756,210.556,210.673,24559
15512,54,H4,M,2025-12-30 22:00:00,210.61,210.684,210.496,210.58,16400
15513,54,H4,M,2025-12-31 02:00:00,210.586,210.836,210.577,210.789,20919
15514,54,H4,M,2025-12-31 06:00:00,210.788,210.834,210.262,210.476,33088
15515,54,H4,M,2025-12-31 10:00:00,210.482,211.1,210.384,210.98,37682
15516,54,H4,M,2025-12-31 14:00:00,210.984,211.09,210.354,210.966,53187
15517,54,H4,M,2025-12-31 18:00:00,210.969,211.228,210.832,211.113,23308
15518,54,H4,M,2026-01-01 22:00:00,211.048,211.358,210.981,211.263,10099
15519,54,H4,M,2026-01-02 02:00:00,211.266,211.44,211.205,211.384,7552
15520,54,H4,M,2026-01-02 06:00:00,211.382,211.448,210.982,211.134,29583
15521,54,H4,M,2026-01-02 10:00:00,211.135,211.206,210.758,211.163,37136
15522,54,H4,M,2026-01-02 14:00:00,211.159,211.443,211.036,211.06,57800
15523,54,H4,M,2026-01-02 18:00:00,211.058,211.184,211.005,211.104,26415
15524,54,H4,M,2026-01-04 22:00:00,210.899,211.34,210.798,211.034,29950
15525,54,H4,M,2026-01-05 02:00:00,211.034,211.176,210.868,211.068,23803
15526,54,H4,M,2026-01-05 06:00:00,211.071,211.135,210.517,210.951,46016
15527,54,H4,M,2026-01-05 10:00:00,210.95,211.018,210.712,210.975,46220
15528,54,H4,M,2026-01-05 14:00:00,210.974,211.592,210.884,211.559,56215
15529,54,H4,M,2026-01-05 18:00:00,211.562,211.848,211.348,211.814,21984
15530,54,H4,M,2026-01-05 22:00:00,211.764,212.159,211.694,211.931,27932
15531,54,H4,M,2026-01-06 02:00:00,211.929,212.052,211.816,211.95,34251
15532,54,H4,M,2026-01-06 06:00:00,211.952,212.084,211.672,211.674,44717
15533,54,H4,M,2026-01-06 10:00:00,211.674,211.78,211.31,211.472,37722
15534,54,H4,M,2026-01-06 14:00:00,211.472,211.729,211.382,211.696,46697
15535,54,H4,M,2026-01-06 18:00:00,211.695,211.744,211.396,211.522,19122
15536,54,H4,M,2026-01-06 22:00:00,211.508,211.734,211.374,211.664,24862
15537,54,H4,M,2026-01-07 02:00:00,211.662,211.758,211.204,211.257,29342
15538,54,H4,M,2026-01-07 06:00:00,211.258,211.361,211.026,211.14,38622
15539,54,H4,M,2026-01-07 10:00:00,211.135,211.428,210.977,211.082,38218
15540,54,H4,M,2026-01-07 14:00:00,211.084,211.402,210.94,211.018,47396
15541,54,H4,M,2026-01-07 18:00:00,211.018,211.103,210.95,210.958,19700
15542,54,H4,M,2026-01-07 22:00:00,210.978,211.162,210.83,211.138,20706
15543,54,H4,M,2026-01-08 02:00:00,211.139,211.149,210.786,210.852,23958
15544,54,H4,M,2026-01-08 06:00:00,210.853,210.854,210.312,210.64,41405
15545,54,H4,M,2026-01-08 10:00:00,210.64,210.832,210.516,210.702,29724
15546,54,H4,M,2026-01-08 14:00:00,210.703,211.05,210.57,210.692,43811
15547,54,H4,M,2026-01-08 18:00:00,210.69,210.954,210.553,210.86,21727
15548,54,H4,M,2026-01-08 22:00:00,210.747,211.054,210.657,211.036,24179
15549,54,H4,M,2026-01-09 02:00:00,211.038,211.384,211.021,211.362,19317
15550,54,H4,M,2026-01-09 06:00:00,211.362,211.609,211.253,211.495,26788
15551,54,H4,M,2026-01-09 10:00:00,211.496,211.74,211.296,211.6,36827
15552,54,H4,M,2026-01-09 14:00:00,211.594,212.068,211.495,211.84,63209
15553,54,H4,M,2026-01-09 18:00:00,211.84,211.856,211.594,211.666,22348
15554,54,H4,M,2026-01-11 22:00:00,211.82,211.904,211.618,211.817,32876
15555,54,H4,M,2026-01-12 02:00:00,211.815,212.374,211.798,212.264,25611
15556,54,H4,M,2026-01-12 06:00:00,212.264,212.482,212.096,212.428,35238
15557,54,H4,M,2026-01-12 10:00:00,212.428,212.798,212.384,212.798,33555
15558,54,H4,M,2026-01-12 14:00:00,212.8,213.018,212.666,212.854,41421
15559,54,H4,M,2026-01-12 18:00:00,212.854,213.016,212.74,212.96,17346
15560,54,H4,M,2026-01-12 22:00:00,212.936,213.498,212.678,213.484,28023
15561,54,H4,M,2026-01-13 02:00:00,213.496,214.069,213.356,213.92,23516
15562,54,H4,M,2026-01-13 06:00:00,213.921,214.298,213.852,214.202,29671
15563,54,H4,M,2026-01-13 10:00:00,214.204,214.273,213.708,214.098,39920
15564,54,H4,M,2026-01-13 14:00:00,214.096,214.148,213.502,213.632,51591
15565,54,H4,M,2026-01-13 18:00:00,213.631,213.804,213.498,213.651,22690
15566,54,H4,M,2026-01-13 22:00:00,213.664,214.013,213.584,213.875,23288
15567,54,H4,M,2026-01-14 02:00:00,213.876,214.116,213.83,214.077,21531
15568,54,H4,M,2026-01-14 06:00:00,214.079,214.099,213.462,213.648,43175
15569,54,H4,M,2026-01-14 10:00:00,213.646,213.659,212.844,213.232,44254
15570,54,H4,M,2026-01-14 14:00:00,213.234,213.336,212.556,212.631,62337
15571,54,H4,M,2026-01-14 18:00:00,212.632,213.098,212.588,213.066,25674
15572,54,H4,M,2026-01-14 22:00:00,212.978,213.042,212.576,212.758,32825
15573,54,H4,M,2026-01-15 02:00:00,212.765,213.029,212.676,212.731,25047
15574,54,H4,M,2026-01-15 06:00:00,212.73,213.313,212.717,212.84,39586
15575,54,H4,M,2026-01-15 10:00:00,212.84,212.846,212.322,212.404,30229
15576,54,H4,M,2026-01-15 14:00:00,212.406,212.476,212,212.204,44919
15577,54,H4,M,2026-01-15 18:00:00,212.205,212.312,212.12,212.252,21128
15578,54,H4,M,2026-01-15 22:00:00,212.236,212.312,212.053,212.2,23686
15579,54,H4,M,2026-01-16 02:00:00,212.204,212.236,211.488,211.957,28588
15580,54,H4,M,2026-01-16 06:00:00,211.958,212.003,211.65,211.935,36503
15581,54,H4,M,2026-01-16 10:00:00,211.937,212.075,211.638,211.8,39487
15582,54,H4,M,2026-01-16 14:00:00,211.798,211.904,211.388,211.574,52822
15583,54,H4,M,2026-01-16 18:00:00,211.567,211.716,211.456,211.52,21356
15584,54,H4,M,2026-01-18 22:00:00,210.886,211.332,210.716,211.17,47124
15585,54,H4,M,2026-01-19 02:00:00,211.169,211.616,211.167,211.506,36882
15586,54,H4,M,2026-01-19 06:00:00,211.512,212.068,211.43,211.72,38841
15587,54,H4,M,2026-01-19 10:00:00,211.722,211.961,211.663,211.838,34257
15588,54,H4,M,2026-01-19 14:00:00,211.836,212.398,211.752,212.26,30696
15589,54,H4,M,2026-01-19 18:00:00,212.258,212.353,212.228,212.29,12623
15590,54,H4,M,2026-01-19 22:00:00,212.252,212.351,211.851,212.029,29931
15591,54,H4,M,2026-01-20 02:00:00,212.028,212.558,211.992,212.51,32147
15592,54,H4,M,2026-01-20 06:00:00,212.513,213.498,212.382,212.544,57336
15593,54,H4,M,2026-01-20 10:00:00,212.543,212.917,212.148,212.336,54669
15594,54,H4,M,2026-01-20 14:00:00,212.337,212.854,212.102,212.551,58483
15595,54,H4,M,2026-01-20 18:00:00,212.553,212.646,212.423,212.594,30076
15596,54,H4,M,2026-01-20 22:00:00,212.64,212.715,212.402,212.49,29413
15597,54,H4,M,2026-01-21 02:00:00,212.493,212.63,212.272,212.594,33310
15598,54,H4,M,2026-01-21 06:00:00,212.592,212.63,211.878,211.893,36211
15599,54,H4,M,2026-01-21 10:00:00,211.89,212.25,211.593,212.231,49861
15600,54,H4,M,2026-01-21 14:00:00,212.23,212.768,212.084,212.356,69885
15601,54,H4,M,2026-01-21 18:00:00,212.357,212.664,212.258,212.628,34745
15602,54,H4,M,2026-01-21 22:00:00,212.639,212.698,212.384,212.668,29436
15603,54,H4,M,2026-01-22 02:00:00,212.668,213.217,212.612,213.138,23084
15604,54,H4,M,2026-01-22 06:00:00,213.14,213.436,212.918,213.353,30989
15605,54,H4,M,2026-01-22 10:00:00,213.354,213.433,212.681,213.022,52177
15606,54,H4,M,2026-01-22 14:00:00,213.024,213.668,212.986,213.6,55563
15607,54,H4,M,2026-01-22 18:00:00,213.598,213.968,213.579,213.928,23651
15608,54,H4,M,2026-01-22 22:00:00,213.778,214.161,213.707,214.13,26431
15609,54,H4,M,2026-01-23 02:00:00,214.13,214.178,213.883,214.121,31767
15610,54,H4,M,2026-01-23 06:00:00,214.12,214.856,212.515,213.789,66738
15611,54,H4,M,2026-01-23 10:00:00,213.786,214.176,213.722,214.058,44081
15612,54,H4,M,2026-01-23 14:00:00,214.056,214.628,212.668,212.786,69940
15613,54,H4,M,2026-01-23 18:00:00,212.786,212.934,212.084,212.508,59298
15614,54,H4,M,2026-01-25 22:00:00,211.664,212.122,210.887,210.961,57993
15615,54,H4,M,2026-01-26 02:00:00,210.962,211.02,210.207,210.616,53452
15616,54,H4,M,2026-01-26 06:00:00,210.617,210.911,209.637,210.099,67282
15617,54,H4,M,2026-01-26 10:00:00,210.102,210.585,209.614,210.468,55090
15618,54,H4,M,2026-01-26 14:00:00,210.464,211.074,210.39,210.762,58819
15619,54,H4,M,2026-01-26 18:00:00,210.758,211.082,210.563,210.962,36806
15620,54,H4,M,2026-01-26 22:00:00,210.878,211.204,210.782,211.145,33488
15621,54,H4,M,2026-01-27 02:00:00,211.144,211.461,211.074,211.338,36571
15622,54,H4,M,2026-01-27 06:00:00,211.336,211.764,209.801,210.614,54496
15623,54,H4,M,2026-01-27 10:00:00,210.622,211.01,210.258,210.493,71474
15624,54,H4,M,2026-01-27 14:00:00,210.49,211.154,210.27,210.631,78305
15625,54,H4,M,2026-01-27 18:00:00,210.63,210.959,210.06,210.779,58174
15626,54,H4,M,2026-01-27 22:00:00,210.793,211.229,210.519,211.132,45239
15627,54,H4,M,2026-01-28 02:00:00,211.132,211.178,210.412,210.709,47064
15628,54,H4,M,2026-01-28 06:00:00,210.716,210.85,210.316,210.551,63322
15629,54,H4,M,2026-01-28 10:00:00,210.553,210.566,210.066,210.478,55842
15630,54,H4,M,2026-01-28 14:00:00,210.478,211.9,210.466,211.71,74108
15631,54,H4,M,2026-01-28 18:00:00,211.71,212.034,211.58,211.822,53007
15632,54,H4,M,2026-01-28 22:00:00,211.786,211.846,211.338,211.548,50228
15633,54,H4,M,2026-01-29 02:00:00,211.546,211.85,211.334,211.747,36675
15634,54,H4,M,2026-01-29 06:00:00,211.749,212.167,211.589,211.63,45527
15635,54,H4,M,2026-01-29 10:00:00,211.628,211.823,211.426,211.696,42088
15636,54,H4,M,2026-01-29 14:00:00,211.696,211.92,210.05,210.978,85672
15637,54,H4,M,2026-01-29 18:00:00,210.979,211.518,210.952,211.468,38215
15638,54,H4,M,2026-01-29 22:00:00,211.408,211.688,211.142,211.586,37759
15639,54,H4,M,2026-01-30 02:00:00,211.587,211.914,211.308,211.732,55376
15640,54,H4,M,2026-01-30 06:00:00,211.731,212.001,211.512,211.89,62704
15641,54,H4,M,2026-01-30 10:00:00,211.885,212.176,211.786,212.173,58221
15642,54,H4,M,2026-01-30 14:00:00,212.172,212.472,211.54,211.728,77311
15643,54,H4,M,2026-01-30 18:00:00,211.731,211.878,211.502,211.868,53998
15644,54,H4,M,2026-02-01 22:00:00,212.184,212.84,212.021,212.304,50141
15645,54,H4,M,2026-02-02 02:00:00,212.304,212.372,211.596,211.772,45113
15646,54,H4,M,2026-02-02 06:00:00,211.774,212.272,211.296,212.183,58500
15647,54,H4,M,2026-02-02 10:00:00,212.18,212.347,211.909,211.912,51075
15648,54,H4,M,2026-02-02 14:00:00,211.912,212.496,211.794,212.428,63555
15649,54,H4,M,2026-02-02 18:00:00,212.428,212.698,212.412,212.675,28221
15650,54,H4,M,2026-02-02 22:00:00,212.694,212.866,212.496,212.78,30708
15651,54,H4,M,2026-02-03 02:00:00,212.78,212.854,212.553,212.782,36717
15652,54,H4,M,2026-02-03 06:00:00,212.782,213.14,212.728,213.033,50799
15653,54,H4,M,2026-02-03 10:00:00,213.034,213.332,212.86,213.098,42035
15654,54,H4,M,2026-02-03 14:00:00,213.101,213.467,212.992,213.272,59899
15655,54,H4,M,2026-02-03 18:00:00,213.275,213.438,212.862,213.394,32802
15656,54,H4,M,2026-02-03 22:00:00,213.378,214.069,213.284,214.014,30377
15657,54,H4,M,2026-02-04 02:00:00,214.015,214.458,214.005,214.37,26040
15658,54,H4,M,2026-02-04 06:00:00,214.37,214.858,214.339,214.75,38760
15659,54,H4,M,2026-02-04 10:00:00,214.746,215.008,214.57,214.586,40479
15660,54,H4,M,2026-02-04 14:00:00,214.588,214.642,213.68,213.802,70352
15661,54,H4,M,2026-02-04 18:00:00,213.8,214.326,213.73,214.174,38370
15662,54,H4,M,2026-02-04 22:00:00,214.214,214.241,213.926,214.09,24473
15663,54,H4,M,2026-02-05 02:00:00,214.089,214.128,213.48,213.806,34076
15664,54,H4,M,2026-02-05 06:00:00,213.808,214.204,213.204,213.432,50517
15665,54,H4,M,2026-02-05 10:00:00,213.422,213.964,212.6,212.74,70736
15666,54,H4,M,2026-02-05 14:00:00,212.738,212.914,211.788,212.492,83607
15667,54,H4,M,2026-02-05 18:00:00,212.493,212.704,212.342,212.492,29145
15668,54,H4,M,2026-02-05 22:00:00,212.455,212.62,211.61,212.12,35249
15669,54,H4,M,2026-02-06 02:00:00,212.121,212.724,212.112,212.722,24940
15670,54,H4,M,2026-02-06 06:00:00,212.72,213.295,212.536,213.23,38293
15671,54,H4,M,2026-02-06 10:00:00,213.23,213.613,213.002,213.255,33013
15672,54,H4,M,2026-02-06 14:00:00,213.254,213.916,213.174,213.878,46614
15673,54,H4,M,2026-02-06 18:00:00,213.882,214.061,213.828,214.033,20040
15674,54,H4,M,2026-02-08 22:00:00,214.214,214.44,212.605,213.04,57623
15675,54,H4,M,2026-02-09 02:00:00,213.043,213.514,213.024,213.216,32045
15676,54,H4,M,2026-02-09 06:00:00,213.215,213.215,212.56,213.048,64026
15677,54,H4,M,2026-02-09 10:00:00,213.048,213.717,212.832,212.863,61975
15678,54,H4,M,2026-02-09 14:00:00,212.862,213.392,212.13,213.234,57384
15679,54,H4,M,2026-02-09 18:00:00,213.23,213.59,213.173,213.521,27891
15680,54,H4,M,2026-02-09 22:00:00,213.397,213.819,213.083,213.114,28624
15681,54,H4,M,2026-02-10 02:00:00,213.116,213.268,212.171,212.434,28133
15682,54,H4,M,2026-02-10 06:00:00,212.428,212.792,212.18,212.246,34308
15683,54,H4,M,2026-02-10 10:00:00,212.248,212.512,211.65,211.734,40141
15684,54,H4,M,2026-02-10 14:00:00,211.731,211.774,210.548,210.786,56373
15685,54,H4,M,2026-02-10 18:00:00,210.786,210.885,210.494,210.62,24639
15686,54,H4,M,2026-02-10 22:00:00,210.661,210.778,209.949,210.097,23461
15687,54,H4,M,2026-02-11 02:00:00,210.094,210.109,209.14,209.206,21769
15688,54,H4,M,2026-02-11 06:00:00,209.207,210.016,208.989,209.829,36105
15689,54,H4,M,2026-02-11 10:00:00,209.83,210.519,208.676,209.858,48250
15690,54,H4,M,2026-02-11 14:00:00,209.856,210.121,208.453,208.732,76583
15691,54,H4,M,2026-02-11 18:00:00,208.735,208.918,208.183,208.872,25891
15692,54,H4,M,2026-02-11 22:00:00,208.7,209.011,208.352,208.498,29296
15693,54,H4,M,2026-02-12 02:00:00,208.498,208.628,207.637,208.56,33985
15694,54,H4,M,2026-02-12 06:00:00,208.56,208.966,208.386,208.716,42839
15695,54,H4,M,2026-02-12 10:00:00,208.717,209.557,208.598,209.21,36077
15696,54,H4,M,2026-02-12 14:00:00,209.212,209.284,207.567,208.177,69679
15697,54,H4,M,2026-02-12 18:00:00,208.178,208.396,207.912,208.066,33003
15698,54,H4,M,2026-02-12 22:00:00,208.072,208.786,207.928,208.705,28653
15699,54,H4,M,2026-02-13 02:00:00,208.698,208.764,208.114,208.539,23237
15700,54,H4,M,2026-02-13 06:00:00,208.542,209.336,208.314,209.119,38403
15701,54,H4,M,2026-02-13 10:00:00,209.121,209.243,208.468,208.682,41466
15702,54,H4,M,2026-02-13 14:00:00,208.684,208.98,208.052,208.558,68253
15703,54,H4,M,2026-02-13 18:00:00,208.562,208.706,208.341,208.533,29726
15704,54,H4,M,2026-02-15 22:00:00,208.413,208.902,208.264,208.776,23985
15705,54,H4,M,2026-02-16 02:00:00,208.774,209.017,208.706,208.949,15524
15706,54,H4,M,2026-02-16 06:00:00,208.952,209.644,208.889,209.548,22006
15707,54,H4,M,2026-02-16 10:00:00,209.544,209.688,208.972,209.05,19572
15708,54,H4,M,2026-02-16 14:00:00,209.046,209.276,208.978,209.142,18248
15709,54,H4,M,2026-02-16 18:00:00,209.142,209.266,209.132,209.26,4491
15710,54,H4,M,2026-02-16 22:00:00,209.208,209.498,208.508,208.536,24458
15711,54,H4,M,2026-02-17 02:00:00,208.534,208.676,208.048,208.133,23607
15712,54,H4,M,2026-02-17 06:00:00,208.13,208.243,207.354,207.816,37148
15713,54,H4,M,2026-02-17 10:00:00,207.816,208.22,207.238,207.308,34487
15714,54,H4,M,2026-02-17 14:00:00,207.301,207.941,207.272,207.904,55172
15715,54,H4,M,2026-02-17 18:00:00,207.903,208.013,207.759,207.988,24921
15716,54,H4,M,2026-02-17 22:00:00,207.904,208.052,207.628,208.048,22290
15717,54,H4,M,2026-02-18 02:00:00,208.05,208.318,208.019,208.076,16584
15718,54,H4,M,2026-02-18 06:00:00,208.076,208.73,207.986,208.683,28274
15719,54,H4,M,2026-02-18 10:00:00,208.682,208.84,208.495,208.63,26252
15720,54,H4,M,2026-02-18 14:00:00,208.63,209.221,208.558,208.96,39750
15721,54,H4,M,2026-02-18 18:00:00,208.962,209.132,208.577,208.904,29483
15722,54,H4,M,2026-02-18 22:00:00,208.854,209.158,208.644,209.13,22805
15723,54,H4,M,2026-02-19 02:00:00,209.131,209.474,208.856,209.464,24637
15724,54,H4,M,2026-02-19 06:00:00,209.466,209.542,208.884,209.064,27728
15725,54,H4,M,2026-02-19 10:00:00,209.062,209.099,208.09,208.628,32766
15726,54,H4,M,2026-02-19 14:00:00,208.628,208.896,208.279,208.541,49744
15727,54,H4,M,2026-02-19 18:00:00,208.545,208.852,208.452,208.686,24699
15728,54,H4,M,2026-02-19 22:00:00,208.698,208.954,208.529,208.622,24728
15729,54,H4,M,2026-02-20 02:00:00,208.62,208.829,208.388,208.802,20823
15730,54,H4,M,2026-02-20 06:00:00,208.799,209.503,208.557,209.272,33329
15731,54,H4,M,2026-02-20 10:00:00,209.276,209.616,208.964,209.604,32393
15732,54,H4,M,2026-02-20 14:00:00,209.594,209.7,208.974,209.086,77345
15733,54,H4,M,2026-02-20 18:00:00,209.084,209.272,208.97,209.022,41226
15734,54,H4,M,2026-02-22 22:00:00,209.017,209.196,208.222,208.49,34081
15735,54,H4,M,2026-02-23 02:00:00,208.489,208.826,208.368,208.807,21860
15736,54,H4,M,2026-02-23 06:00:00,208.804,209.207,208.708,209.128,33412
15737,54,H4,M,2026-02-23 10:00:00,209.126,209.23,208.686,208.842,33372
15738,54,H4,M,2026-02-23 14:00:00,208.84,209.114,208.143,208.366,47105
15739,54,H4,M,2026-02-23 18:00:00,208.366,208.862,208.36,208.686,22745
15740,54,H4,M,2026-02-23 22:00:00,208.688,209.15,208.546,209.071,34393
15741,54,H4,M,2026-02-24 02:00:00,209.074,209.4,208.945,209.301,21104
15742,54,H4,M,2026-02-24 06:00:00,209.302,210.738,208.983,210.402,35771
15743,54,H4,M,2026-02-24 10:00:00,210.402,210.483,209.993,210.46,28980
15744,54,H4,M,2026-02-24 14:00:00,210.459,210.848,210.32,210.557,42951
15745,54,H4,M,2026-02-24 18:00:00,210.56,210.56,210.286,210.303,18501
15746,54,H4,M,2026-02-24 22:00:00,210.29,210.514,210.172,210.344,25426
15747,54,H4,M,2026-02-25 02:00:00,210.344,210.847,210.013,210.398,42951
15748,54,H4,M,2026-02-25 06:00:00,210.394,211.708,210.322,211.638,40327
15749,54,H4,M,2026-02-25 10:00:00,211.634,212.03,211.513,211.664,29462
15750,54,H4,M,2026-02-25 14:00:00,211.666,212.03,211.478,211.915,51753
15751,54,H4,M,2026-02-25 18:00:00,211.914,212.123,211.846,212.026,18940
15752,54,H4,M,2026-02-25 22:00:00,211.959,212.06,211.462,211.519,33777
15753,54,H4,M,2026-02-26 02:00:00,211.524,211.569,211.168,211.473,29673
15754,54,H4,M,2026-02-26 06:00:00,211.466,211.629,210.835,211.123,41124
15755,54,H4,M,2026-02-26 10:00:00,211.126,211.572,211.05,211.392,30157
15756,54,H4,M,2026-02-26 14:00:00,211.392,211.558,210.306,210.364,57098
15757,54,H4,M,2026-02-26 18:00:00,210.364,210.69,210.269,210.522,22210
15758,54,H4,M,2026-02-26 22:00:00,210.542,210.563,209.986,210.216,30158
15759,54,H4,M,2026-02-27 02:00:00,210.22,210.28,209.942,210.214,25849
15760,54,H4,M,2026-02-27 06:00:00,210.216,210.837,209.932,210.46,37648
15761,54,H4,M,2026-02-27 10:00:00,210.461,210.494,209.806,209.97,39852
15762,54,H4,M,2026-02-27 14:00:00,209.974,210.195,209.8,210.056,55527
15763,54,H4,M,2026-02-27 18:00:00,210.055,210.548,210.036,210.474,29565
15764,54,H4,M,2026-03-01 22:00:00,209.462,210.468,209.366,210.122,56523
15765,54,H4,M,2026-03-02 02:00:00,210.122,210.54,210.046,210.395,44692
15766,54,H4,M,2026-03-02 06:00:00,210.398,210.421,209.356,209.963,69310
15767,54,H4,M,2026-03-02 10:00:00,209.965,211.064,209.904,210.806,60881
15768,54,H4,M,2026-03-02 14:00:00,210.796,211.388,210.512,211.11,73924
15769,54,H4,M,2026-03-02 18:00:00,211.111,211.118,210.764,210.946,35541
15770,54,H4,M,2026-03-02 22:00:00,211.048,211.366,210.75,210.92,35785
15771,54,H4,M,2026-03-03 02:00:00,210.918,210.955,210.308,210.338,47298
15772,54,H4,M,2026-03-03 06:00:00,210.337,210.388,209.452,209.676,65553
15773,54,H4,M,2026-03-03 10:00:00,209.674,210.119,209.43,209.897,78639
15774,54,H4,M,2026-03-03 14:00:00,209.897,210.388,209.226,210.286,96112
15775,54,H4,M,2026-03-03 18:00:00,210.288,210.748,210.259,210.625,50091
15776,54,H4,M,2026-03-03 22:00:00,210.423,210.698,209.8,209.996,45564
15777,54,H4,M,2026-03-04 02:00:00,209.995,210.178,209.497,209.848,56713
15778,54,H4,M,2026-03-04 06:00:00,209.864,210.457,209.736,210.034,64107
15779,54,H4,M,2026-03-04 10:00:00,210.032,210.57,209.978,210.192,61848
15780,54,H4,M,2026-03-04 14:00:00,210.192,210.491,209.491,209.738,69523
15781,54,H4,M,2026-03-04 18:00:00,209.741,210.165,209.687,210.012,25974
15782,54,H4,M,2026-03-04 22:00:00,209.962,210.111,209.364,209.551,36618
15783,54,H4,M,2026-03-05 02:00:00,209.548,209.778,209.28,209.291,42932
15784,54,H4,M,2026-03-05 06:00:00,209.292,209.927,209.189,209.885,67622
15785,54,H4,M,2026-03-05 10:00:00,209.885,210.572,209.714,210.546,51434
15786,54,H4,M,2026-03-05 14:00:00,210.538,210.626,209.788,210.202,66336
15787,54,H4,M,2026-03-05 18:00:00,210.198,210.488,210.125,210.466,48732
15788,54,H4,M,2026-03-05 22:00:00,210.431,210.574,210.2,210.48,34884
15789,54,H4,M,2026-03-06 02:00:00,210.488,210.906,210.474,210.822,26222
15790,54,H4,M,2026-03-06 06:00:00,210.824,210.996,210.268,210.338,45774
15791,54,H4,M,2026-03-06 10:00:00,210.339,210.944,210.308,210.581,73945
15792,54,H4,M,2026-03-06 14:00:00,210.58,211.363,210.289,211.25,101150
15793,54,H4,M,2026-03-06 18:00:00,211.25,211.68,211.126,211.637,54161
15794,54,H4,M,2026-03-08 21:00:00,210.885,211.148,210.606,211.01,52992
15795,54,H4,M,2026-03-09 01:00:00,211.018,211.392,210.744,211.068,53533
15796,54,H4,M,2026-03-09 05:00:00,211.066,211.497,210.998,211.283,82635
15797,54,H4,M,2026-03-09 09:00:00,211.284,211.788,211.136,211.736,83121
15798,54,H4,M,2026-03-09 13:00:00,211.738,212.052,211.496,211.764,83901
15799,54,H4,M,2026-03-09 17:00:00,211.763,212.188,211.738,211.949,61504
15800,54,H4,M,2026-03-09 21:00:00,211.96,212.071,211.706,211.732,44374
15801,54,H4,M,2026-03-10 01:00:00,211.728,211.932,211.594,211.816,50234
15802,54,H4,M,2026-03-10 05:00:00,211.816,212.267,211.688,212.253,53846
15803,54,H4,M,2026-03-10 09:00:00,212.258,212.344,212.072,212.128,62531
15804,54,H4,M,2026-03-10 13:00:00,212.125,212.418,212.017,212.14,70250
15805,54,H4,M,2026-03-10 17:00:00,212.14,212.234,211.981,212.078,65849
15806,54,H4,M,2026-03-10 21:00:00,212.086,212.529,212.041,212.47,27763
15807,54,H4,M,2026-03-11 01:00:00,212.472,212.895,212.469,212.724,29774
15808,54,H4,M,2026-03-11 05:00:00,212.724,212.794,212.369,212.686,47582
15809,54,H4,M,2026-03-11 09:00:00,212.682,212.979,212.398,212.526,47981
15810,54,H4,M,2026-03-11 13:00:00,212.528,213.077,212.48,213.001,66037
15811,54,H4,M,2026-03-11 17:00:00,213,213.308,212.974,213.209,31907
15812,54,H4,M,2026-03-11 21:00:00,213.137,213.178,212.746,212.758,26264
15813,54,H4,M,2026-03-12 01:00:00,212.758,212.812,212.57,212.636,25202
15814,54,H4,M,2026-03-12 05:00:00,212.636,212.775,212.494,212.572,36084
15815,54,H4,M,2026-03-12 09:00:00,212.574,212.689,212.442,212.573,38285
15816,54,H4,M,2026-03-12 13:00:00,212.574,212.75,212.414,212.515,72106
15817,54,H4,M,2026-03-12 17:00:00,212.516,212.874,212.514,212.639,42063
15818,54,H4,M,2026-03-12 21:00:00,212.544,212.792,212.434,212.601,25467
15819,54,H4,M,2026-03-13 01:00:00,212.602,212.882,212.576,212.648,24351
15820,54,H4,M,2026-03-13 05:00:00,212.647,212.65,211.288,211.29,47007
15821,54,H4,M,2026-03-13 09:00:00,211.292,211.624,211.1,211.46,45283
15822,54,H4,M,2026-03-13 13:00:00,211.462,211.538,211.137,211.394,66309
15823,54,H4,M,2026-03-13 17:00:00,211.394,211.517,211.077,211.226,34421
15824,54,H4,M,2026-03-15 21:00:00,211.317,211.426,210.994,211.288,20128
15825,54,H4,M,2026-03-16 01:00:00,211.288,211.594,211.24,211.44,21273
15826,54,H4,M,2026-03-16 05:00:00,211.442,211.488,210.812,211.175,38647
15827,54,H4,M,2026-03-16 09:00:00,211.174,211.373,211.024,211.296,47335
15828,54,H4,M,2026-03-16 13:00:00,211.294,211.95,211.28,211.878,52924
15829,54,H4,M,2026-03-16 17:00:00,211.878,212.12,211.834,211.838,33459
15830,54,H4,M,2026-03-16 21:00:00,211.85,211.952,211.779,211.934,17739
15831,54,H4,M,2026-03-17 01:00:00,211.938,212.146,211.893,211.966,24011
15832,54,H4,M,2026-03-17 05:00:00,211.967,212.087,211.638,212.076,38275
15833,54,H4,M,2026-03-17 09:00:00,212.072,212.276,211.827,212.034,38923
15834,54,H4,M,2026-03-17 13:00:00,212.034,212.274,211.974,212.151,59885
15835,54,H4,M,2026-03-17 17:00:00,212.15,212.492,212.15,212.36,20803
15836,54,H4,M,2026-03-17 21:00:00,212.418,212.498,212.14,212.386,27420
15837,54,H4,M,2026-03-18 01:00:00,212.388,212.45,212.152,212.234,23542
15838,54,H4,M,2026-03-18 05:00:00,212.233,212.287,211.957,212.208,32702
15839,54,H4,M,2026-03-18 09:00:00,212.205,212.496,212.194,212.298,36784
15840,54,H4,M,2026-03-18 13:00:00,212.302,212.664,212.197,212.659,60491
15841,54,H4,M,2026-03-18 17:00:00,212.661,212.732,211.904,211.949,55494
15842,54,H4,M,2026-03-18 21:00:00,211.97,212.276,211.808,212.274,21840
15843,54,H4,M,2026-03-19 01:00:00,212.274,212.354,211.836,211.905,27895
15844,54,H4,M,2026-03-19 05:00:00,211.902,212.006,210.852,210.974,48442
15845,54,H4,M,2026-03-19 09:00:00,210.976,211.708,210.974,211.337,64111
15846,54,H4,M,2026-03-19 13:00:00,211.328,211.91,210.803,211.298,92771
15847,54,H4,M,2026-03-19 17:00:00,211.3,212.16,211.291,211.817,54900
15848,54,H4,M,2026-03-19 21:00:00,211.825,212.078,211.71,211.916,16137
15849,54,H4,M,2026-03-20 01:00:00,211.916,212.366,211.822,212.275,23321
15850,54,H4,M,2026-03-20 05:00:00,212.277,212.778,212.262,212.655,32950
15851,54,H4,M,2026-03-20 09:00:00,212.654,212.7,212.238,212.36,52363
15852,54,H4,M,2026-03-20 13:00:00,212.36,212.44,211.758,212.198,66663
15853,54,H4,M,2026-03-20 17:00:00,212.2,212.608,212.189,212.434,48307
15854,54,H4,M,2026-03-22 21:00:00,212.152,212.455,211.851,212.455,27742
15855,54,H4,M,2026-03-23 01:00:00,212.456,212.75,212.257,212.382,38799
15856,54,H4,M,2026-03-23 05:00:00,212.384,212.608,211.861,212.194,57634
15857,54,H4,M,2026-03-23 09:00:00,212.201,213.034,211.586,212.871,115422
15858,54,H4,M,2026-03-23 13:00:00,212.874,213.31,212.382,212.654,132902
15859,54,H4,M,2026-03-23 17:00:00,212.658,212.838,212.504,212.716,53645
15860,54,H4,M,2026-03-23 21:00:00,212.853,212.878,212.362,212.508,34186
15861,54,H4,M,2026-03-24 01:00:00,212.508,212.718,212.289,212.642,47568
15862,54,H4,M,2026-03-24 05:00:00,212.64,212.989,212.259,212.448,60331
15863,54,H4,M,2026-03-24 09:00:00,212.444,212.848,212.382,212.696,61149
15864,54,H4,M,2026-03-24 13:00:00,212.695,212.884,212.41,212.688,81847
15865,54,H4,M,2026-03-24 17:00:00,212.687,212.936,212.492,212.848,57579
15866,54,H4,M,2026-03-24 21:00:00,212.786,213.202,212.582,213.045,34487
15867,54,H4,M,2026-03-25 01:00:00,213.048,213.122,212.744,212.772,25746
15868,54,H4,M,2026-03-25 05:00:00,212.772,213.214,212.643,212.884,40068
15869,54,H4,M,2026-03-25 09:00:00,212.883,213.216,212.776,212.998,46959
15870,54,H4,M,2026-03-25 13:00:00,212.996,213.084,212.654,213.058,70227
15871,54,H4,M,2026-03-25 17:00:00,213.058,213.202,213.01,213.138,30957
15872,54,H4,M,2026-03-25 21:00:00,213.162,213.186,212.915,213.039,18540
15873,54,H4,M,2026-03-26 01:00:00,213.038,213.127,212.932,213.094,19224
15874,54,H4,M,2026-03-26 05:00:00,213.094,213.106,212.704,212.938,35995
15875,54,H4,M,2026-03-26 09:00:00,212.937,213.091,212.717,212.804,37879
15876,54,H4,M,2026-03-26 13:00:00,212.807,213.314,212.803,212.948,61141
15877,54,H4,M,2026-03-26 17:00:00,212.946,213.098,212.736,212.99,41898
15878,54,H4,M,2026-03-26 21:00:00,212.93,213.115,212.598,212.754,23792
15879,54,H4,M,2026-03-27 01:00:00,212.754,212.995,212.692,212.984,22912
15880,54,H4,M,2026-03-27 05:00:00,212.986,213.101,212.725,212.81,31403
15881,54,H4,M,2026-03-27 09:00:00,212.796,212.878,212.232,212.346,37046
15882,54,H4,M,2026-03-27 13:00:00,212.346,213.008,212.303,212.626,62517
15883,54,H4,M,2026-03-27 17:00:00,212.625,212.802,212.524,212.606,31514
15884,54,H4,M,2026-03-29 21:00:00,212.44,212.709,211.878,211.88,30558
15885,54,H4,M,2026-03-30 01:00:00,211.88,212.078,211.762,212.02,34918
15886,54,H4,M,2026-03-30 05:00:00,212.02,212.116,211.284,211.346,43926
15887,54,H4,M,2026-03-30 09:00:00,211.348,211.388,210.798,210.82,50592
15888,54,H4,M,2026-03-30 13:00:00,210.818,210.89,210.207,210.314,60176
15889,54,H4,M,2026-03-30 17:00:00,210.314,210.624,210.294,210.606,31397
15890,54,H4,M,2026-03-30 21:00:00,210.568,211.064,210.428,211.053,28047
15891,54,H4,M,2026-03-31 01:00:00,211.056,211.224,210.654,210.656,35892
15892,54,H4,M,2026-03-31 05:00:00,210.652,210.966,210.414,210.834,43367
15893,54,H4,M,2026-03-31 09:00:00,210.83,211.208,210.724,210.956,55168
15894,54,H4,M,2026-03-31 13:00:00,210.956,211.057,209.632,210.072,81342
15895,54,H4,M,2026-03-31 17:00:00,210.072,210.426,209.913,209.97,48459
15896,54,H4,M,2026-03-31 21:00:00,209.998,210.346,209.828,210.272,31790
15897,54,H4,M,2026-04-01 01:00:00,210.272,210.338,209.878,210.207,43741
15898,54,H4,M,2026-04-01 05:00:00,210.209,210.778,210.17,210.669,73925
15899,54,H4,M,2026-04-01 09:00:00,210.668,211.16,210.584,210.87,64167
15900,54,H4,M,2026-04-01 13:00:00,210.872,211.433,210.774,211.426,88380
15901,54,H4,M,2026-04-01 17:00:00,211.423,211.444,211.05,211.243,51321
15902,54,H4,M,2026-04-01 21:00:00,211.274,211.327,210.986,211.188,26671
15903,54,H4,M,2026-04-02 01:00:00,211.188,211.286,210.85,210.874,62723
15904,54,H4,M,2026-04-02 05:00:00,210.875,211.074,210.348,210.768,50166
15905,54,H4,M,2026-04-02 09:00:00,210.768,210.966,210.476,210.91,43719
15906,54,H4,M,2026-04-02 13:00:00,210.909,211.049,210.588,211.02,79178
15907,54,H4,M,2026-04-02 17:00:00,211.02,211.214,210.986,211.094,27820
15908,54,H4,M,2026-04-02 21:00:00,211.038,211.207,210.93,211.205,15049
15909,54,H4,M,2026-04-03 01:00:00,211.204,211.226,211.012,211.114,8695
15910,54,H4,M,2026-04-03 05:00:00,211.114,211.309,211.05,211.272,14963
15911,54,H4,M,2026-04-03 09:00:00,211.27,211.286,210.681,210.888,25400
15912,54,H4,M,2026-04-03 13:00:00,210.887,210.973,210.626,210.661,23859
15913,54,H4,M,2026-04-03 17:00:00,210.664,210.853,210.437,210.797,16904
15914,54,H4,M,2026-04-05 21:00:00,210.603,210.844,210.406,210.824,27090
15915,54,H4,M,2026-04-06 01:00:00,210.814,210.895,210.608,210.838,19734
15916,54,H4,M,2026-04-06 05:00:00,210.838,211.4,210.828,211.176,30863
15917,54,H4,M,2026-04-06 09:00:00,211.181,211.298,211.11,211.145,24610
15918,54,H4,M,2026-04-06 13:00:00,211.144,211.548,211.13,211.331,39698
15919,54,H4,M,2026-04-06 17:00:00,211.332,211.418,211.211,211.38,17311
15920,54,H4,M,2026-04-06 21:00:00,211.4,211.504,211.268,211.476,22750
15921,54,H4,M,2026-04-07 01:00:00,211.476,211.523,211.238,211.38,22707
15922,54,H4,M,2026-04-07 05:00:00,211.38,211.884,211.252,211.856,47887
15923,54,H4,M,2026-04-07 09:00:00,211.856,211.87,211.474,211.722,45177
15924,54,H4,M,2026-04-07 13:00:00,211.721,211.996,211.573,211.884,55771
15925,54,H4,M,2026-04-07 17:00:00,211.886,212.31,211.86,212.186,41806
15926,54,H4,M,2026-04-07 21:00:00,212.142,212.8,212.092,212.46,70352
15927,54,H4,M,2026-04-08 01:00:00,212.462,212.66,212.146,212.448,45463
15928,54,H4,M,2026-04-08 05:00:00,212.454,212.768,212.278,212.664,59630
15929,54,H4,M,2026-04-08 09:00:00,212.664,213.158,212.548,212.902,49950
15930,54,H4,M,2026-04-08 13:00:00,212.9,213.002,212.637,212.676,67821
15931,54,H4,M,2026-04-08 17:00:00,212.672,212.705,212.382,212.408,39620
15932,54,H4,M,2026-04-08 21:00:00,212.398,212.745,212.386,212.732,21673
15933,54,H4,M,2026-04-09 01:00:00,212.732,212.774,212.568,212.695,22150
15934,54,H4,M,2026-04-09 05:00:00,212.697,213.161,212.642,213.122,33220
15935,54,H4,M,2026-04-09 09:00:00,213.123,213.406,213.077,213.32,38318
15936,54,H4,M,2026-04-09 13:00:00,213.318,213.792,213.248,213.454,57003
15937,54,H4,M,2026-04-09 17:00:00,213.453,213.852,213.451,213.636,31030
15938,54,H4,M,2026-04-09 21:00:00,213.534,213.758,213.534,213.706,22439
15939,54,H4,M,2026-04-10 01:00:00,213.706,213.746,213.552,213.656,35344
15940,54,H4,M,2026-04-10 05:00:00,213.654,213.852,213.622,213.818,31765
15941,54,H4,M,2026-04-10 09:00:00,213.824,214.214,213.744,214.198,34921
15942,54,H4,M,2026-04-10 13:00:00,214.199,214.466,214.108,214.318,52307
15943,54,H4,M,2026-04-10 17:00:00,214.319,214.586,214.308,214.386,36064
15944,54,H4,M,2026-04-12 21:00:00,213.744,214.176,213.67,214.046,24450
15945,54,H4,M,2026-04-13 01:00:00,214.045,214.168,213.982,214.114,21866
15946,54,H4,M,2026-04-13 05:00:00,214.114,214.47,214.009,214.461,37003
15947,54,H4,M,2026-04-13 09:00:00,214.462,214.7,214.394,214.636,33258
15948,54,H4,M,2026-04-13 13:00:00,214.635,215.04,214.568,214.946,57865
15949,54,H4,M,2026-04-13 17:00:00,214.946,215.379,214.885,215.34,27702
15950,54,H4,M,2026-04-13 21:00:00,215.313,215.37,215.06,215.114,16473
15951,54,H4,M,2026-04-14 01:00:00,215.113,215.164,214.913,214.998,19967
15952,54,H4,M,2026-04-14 05:00:00,215,215.381,214.926,215.344,42087
15953,54,H4,M,2026-04-14 09:00:00,215.346,215.7,215.102,215.647,42820
15954,54,H4,M,2026-04-14 13:00:00,215.645,215.788,215.442,215.502,49103
15955,54,H4,M,2026-04-14 17:00:00,215.502,215.546,215.342,215.44,20028
15956,54,H4,M,2026-04-14 21:00:00,215.464,215.647,215.368,215.562,26616
15957,54,H4,M,2026-04-15 01:00:00,215.565,215.741,215.565,215.704,29504
15958,54,H4,M,2026-04-15 05:00:00,215.706,215.791,215.192,215.374,36355
15959,54,H4,M,2026-04-15 09:00:00,215.375,215.686,215.252,215.672,43725
15960,54,H4,M,2026-04-15 13:00:00,215.67,215.835,215.483,215.662,52012
15961,54,H4,M,2026-04-15 17:00:00,215.657,215.911,215.553,215.592,22108
15962,54,H4,M,2026-04-15 21:00:00,215.675,215.692,215.417,215.462,18127
15963,54,H4,M,2026-04-16 01:00:00,215.46,215.577,215.122,215.481,26632
15964,54,H4,M,2026-04-16 05:00:00,215.481,215.738,215.368,215.433,36687
15965,54,H4,M,2026-04-16 09:00:00,215.434,215.564,215.25,215.55,39788
15966,54,H4,M,2026-04-16 13:00:00,215.55,215.649,215.166,215.354,53686
15967,54,H4,M,2026-04-16 17:00:00,215.354,215.467,215.264,215.276,24944
15968,54,H4,M,2026-04-16 21:00:00,215.33,215.484,215.198,215.43,15313
15969,54,H4,M,2026-04-17 01:00:00,215.436,215.664,215.336,215.644,17642
15970,54,H4,M,2026-04-17 05:00:00,215.645,215.696,215.246,215.335,35844
15971,54,H4,M,2026-04-17 09:00:00,215.336,215.46,215.149,215.182,48264
15972,54,H4,M,2026-04-17 13:00:00,215.17,215.206,214.006,214.211,77731
15973,54,H4,M,2026-04-17 17:00:00,214.21,214.496,214.204,214.424,35821
15974,54,H4,M,2026-04-19 21:00:00,214.226,214.728,214.178,214.584,24898
15975,54,H4,M,2026-04-20 01:00:00,214.584,214.659,214.42,214.598,23752
15976,54,H4,M,2026-04-20 05:00:00,214.592,214.762,214.326,214.592,48721
15977,54,H4,M,2026-04-20 09:00:00,214.592,214.878,214.515,214.747,46161
15978,54,H4,M,2026-04-20 13:00:00,214.75,214.922,214.544,214.792,60262
15979,54,H4,M,2026-04-20 17:00:00,214.792,215.104,214.784,214.947,24874
15980,54,H4,M,2026-04-20 21:00:00,214.929,215.039,214.806,214.974,20386
15981,54,H4,M,2026-04-21 01:00:00,214.976,215.036,214.822,214.836,16748
15982,54,H4,M,2026-04-21 05:00:00,214.838,215.007,214.606,214.944,45277
15983,54,H4,M,2026-04-21 09:00:00,214.948,215.234,214.877,215.134,32377
15984,54,H4,M,2026-04-21 13:00:00,215.135,215.422,215.062,215.248,55005
15985,54,H4,M,2026-04-21 17:00:00,215.248,215.348,215.034,215.348,48370
15986,54,H4,M,2026-04-21 21:00:00,215.258,215.368,215.146,215.202,23019
15987,54,H4,M,2026-04-22 01:00:00,215.201,215.363,215.12,215.23,19422
15988,54,H4,M,2026-04-22 05:00:00,215.23,215.607,215.093,215.592,38128
15989,54,H4,M,2026-04-22 09:00:00,215.592,215.662,214.926,215.048,42884
15990,54,H4,M,2026-04-22 13:00:00,215.048,215.428,215.007,215.409,53607
15991,54,H4,M,2026-04-22 17:00:00,215.409,215.541,215.313,215.346,22237
15992,54,H4,M,2026-04-22 21:00:00,215.382,215.416,215.157,215.236,22668
15993,54,H4,M,2026-04-23 01:00:00,215.238,215.294,215.072,215.238,27610
15994,54,H4,M,2026-04-23 05:00:00,215.239,215.692,215.188,215.663,32226
15995,54,H4,M,2026-04-23 09:00:00,215.66,215.736,215.134,215.135,53723
15996,54,H4,M,2026-04-23 13:00:00,215.134,215.545,215.046,215.138,48944
15997,54,H4,M,2026-04-23 17:00:00,215.14,215.163,214.953,215.132,49101
15998,54,H4,M,2026-04-23 21:00:00,215.054,215.214,214.964,215.206,15083
15999,54,H4,M,2026-04-24 01:00:00,215.208,215.26,215.012,215.106,21536
16000,54,H4,M,2026-04-24 05:00:00,215.107,215.336,214.949,215.248,37137
16001,54,H4,M,2026-04-24 09:00:00,215.249,215.49,215.09,215.418,51863
16002,54,H4,M,2026-04-24 13:00:00,215.416,215.5,215.248,215.464,55411
16003,54,H4,M,2026-04-24 17:00:00,215.464,215.777,215.424,215.596,22263
16004,54,H4,M,2026-04-26 21:00:00,215.534,215.732,215.457,215.646,14020
16005,54,H4,M,2026-04-27 01:00:00,215.646,215.75,215.574,215.624,27873
16006,54,H4,M,2026-04-27 05:00:00,215.624,215.762,215.523,215.712,37417
16007,54,H4,M,2026-04-27 09:00:00,215.714,216.058,215.646,215.73,37250
16008,54,H4,M,2026-04-27 13:00:00,215.74,215.974,215.542,215.86,44765
16009,54,H4,M,2026-04-27 17:00:00,215.86,215.872,215.71,215.754,19829
16010,54,H4,M,2026-04-27 21:00:00,215.888,215.91,215.682,215.802,15885
16011,54,H4,M,2026-04-28 01:00:00,215.798,215.821,215.14,215.248,25675
16012,54,H4,M,2026-04-28 05:00:00,215.248,215.684,214.952,215.38,36770
16013,54,H4,M,2026-04-28 09:00:00,215.38,215.42,215.05,215.159,48676
16014,54,H4,M,2026-04-28 13:00:00,215.16,215.652,215.118,215.64,56270
16015,54,H4,M,2026-04-28 17:00:00,215.638,215.836,215.595,215.774,20632
16016,54,H4,M,2026-04-28 21:00:00,215.674,215.843,215.607,215.786,11300
16017,54,H4,M,2026-04-29 01:00:00,215.784,215.842,215.662,215.721,19416
16018,54,H4,M,2026-04-29 05:00:00,215.72,215.755,215.49,215.7,32363
16019,54,H4,M,2026-04-29 09:00:00,215.698,216.012,215.649,215.978,35328
16020,54,H4,M,2026-04-29 13:00:00,215.974,216.284,215.802,216.117,48873
16021,54,H4,M,2026-04-29 17:00:00,216.118,216.26,215.897,216.218,42184
16022,54,H4,M,2026-04-29 21:00:00,216.188,216.242,215.985,216.146,24923
16023,54,H4,M,2026-04-30 01:00:00,216.143,216.194,215.996,216.099,36505
16024,54,H4,M,2026-04-30 05:00:00,216.1,216.602,215.029,215.206,55931
16025,54,H4,M,2026-04-30 09:00:00,215.19,215.283,210.46,211.916,115868
16026,54,H4,M,2026-04-30 13:00:00,211.912,213.074,211.13,212.6,84357
16027,54,H4,M,2026-04-30 17:00:00,212.601,213.102,212.497,213.054,40285
16028,54,H4,M,2026-04-30 21:00:00,212.976,213.963,212.974,213.692,25876
16029,54,H4,M,2026-05-01 01:00:00,213.694,214.047,213.608,213.813,33920
16030,54,H4,M,2026-05-01 05:00:00,213.813,213.852,211.81,212.935,61474
16031,54,H4,M,2026-05-01 09:00:00,212.936,213.486,212.812,213.437,42332
16032,54,H4,M,2026-05-01 13:00:00,213.436,213.661,213.022,213.427,63887
16033,54,H4,M,2026-05-01 17:00:00,213.428,213.435,213.052,213.248,33767
16034,54,H4,M,2026-05-03 21:00:00,213.194,213.268,213.014,213.19,18296
16035,54,H4,M,2026-05-04 01:00:00,213.19,213.623,211.788,212.968,42662
16036,54,H4,M,2026-05-04 05:00:00,212.97,213.248,212.744,212.84,41161
16037,54,H4,M,2026-05-04 09:00:00,212.842,213.072,212.559,213.041,55337
16038,54,H4,M,2026-05-04 13:00:00,213.04,213.116,212.538,212.615,63670
16039,54,H4,M,2026-05-04 17:00:00,212.614,212.844,211.92,212.79,37403
16040,54,H4,M,2026-05-04 21:00:00,212.786,212.8,212.604,212.629,15724
16041,54,H4,M,2026-05-05 01:00:00,212.628,212.749,212.584,212.588,17681
16042,54,H4,M,2026-05-05 05:00:00,212.582,213.095,212.56,212.992,38193
16043,54,H4,M,2026-05-05 09:00:00,212.991,213.726,212.828,213.686,44288
16044,54,H4,M,2026-05-05 13:00:00,213.685,214.076,213.666,213.901,46403
16045,54,H4,M,2026-05-05 17:00:00,213.902,213.984,213.752,213.762,20864
16046,54,H4,M,2026-05-05 21:00:00,213.83,214.027,213.7,213.935,28652
16047,54,H4,M,2026-05-06 01:00:00,213.936,214.234,210.765,211.904,49814
16048,54,H4,M,2026-05-06 05:00:00,211.902,212.728,211.676,212.542,66666
16049,54,H4,M,2026-05-06 09:00:00,212.541,212.78,212.26,212.722,77548
16050,54,H4,M,2026-05-06 13:00:00,212.727,212.768,212.366,212.488,61480
16051,54,H4,M,2026-05-06 17:00:00,212.492,212.722,212.474,212.558,30414
16052,54,H4,M,2026-05-06 21:00:00,212.558,212.748,212.362,212.482,24817
16053,54,H4,M,2026-05-07 01:00:00,212.482,212.694,212.296,212.616,31714
16054,54,H4,M,2026-05-07 05:00:00,212.614,212.963,212.404,212.954,37550
16055,54,H4,M,2026-05-07 09:00:00,212.954,213.124,212.83,212.916,32044
16056,54,H4,M,2026-05-07 13:00:00,212.918,213.094,212.864,212.936,51380
16057,54,H4,M,2026-05-07 17:00:00,212.94,212.974,212.626,212.648,44255
16058,54,H4,M,2026-05-07 21:00:00,212.667,212.754,212.442,212.71,20274
16059,54,H4,M,2026-05-08 01:00:00,212.711,212.861,212.545,212.77,26722
16060,54,H4,M,2026-05-08 05:00:00,212.772,213.335,212.762,213.33,36141
16061,54,H4,M,2026-05-08 09:00:00,213.33,213.402,213.192,213.252,33671
16062,54,H4,M,2026-05-08 13:00:00,213.258,213.488,213.116,213.382,45548
16063,54,H4,M,2026-05-08 17:00:00,213.378,213.709,213.328,213.608,22007
16064,54,H4,M,2026-05-10 21:00:00,212.299,213.495,212.299,213.423,18513
16065,54,H4,M,2026-05-11 01:00:00,213.424,213.656,213.364,213.398,22964
16066,54,H4,M,2026-05-11 05:00:00,213.402,213.808,213.331,213.764,28232
16067,54,H4,M,2026-05-11 09:00:00,213.767,213.87,213.478,213.856,32160
16068,54,H4,M,2026-05-11 13:00:00,213.858,214.425,213.851,214.384,40758
16069,54,H4,M,2026-05-11 17:00:00,214.385,214.424,213.95,213.992,21343
16070,54,H4,M,2026-05-11 21:00:00,213.942,214.028,213.826,213.999,15486
16071,54,H4,M,2026-05-12 01:00:00,214,214.204,213.96,214.077,21285
16072,54,H4,M,2026-05-12 05:00:00,214.078,214.144,212.748,213.26,44486
16073,54,H4,M,2026-05-12 09:00:00,213.26,213.493,213.01,213.286,35546
16074,54,H4,M,2026-05-12 13:00:00,213.286,213.404,212.947,213.252,56591
16075,54,H4,M,2026-05-12 17:00:00,213.252,213.442,213.14,213.426,25985
16076,54,H4,M,2026-05-12 21:00:00,213.35,213.526,213.322,213.487,14330
16077,54,H4,M,2026-05-13 01:00:00,213.488,213.526,213.321,213.462,22309
16078,54,H4,M,2026-05-13 05:00:00,213.462,213.702,213.31,213.428,28635
16079,54,H4,M,2026-05-13 09:00:00,213.428,213.454,212.886,212.938,33614
16080,54,H4,M,2026-05-13 13:00:00,212.942,213.477,212.94,213.348,43025
16081,54,H4,M,2026-05-13 17:00:00,213.343,213.568,213.315,213.524,21859
16082,54,H4,M,2026-05-13 21:00:00,213.495,213.584,213.265,213.574,13755
16083,54,H4,M,2026-05-14 01:00:00,213.572,213.71,213.14,213.569,23649
16084,54,H4,M,2026-05-14 05:00:00,213.572,213.599,213.264,213.48,26839
16085,54,H4,M,2026-05-14 09:00:00,213.476,213.503,213.188,213.385,32671
16086,54,H4,M,2026-05-14 13:00:00,213.384,213.423,212.486,212.628,51035
16087,54,H4,M,2026-05-14 17:00:00,212.63,212.664,211.884,212.253,27065
16088,54,H4,M,2026-05-14 21:00:00,212.202,212.284,211.908,212.039,21150
16089,54,H4,M,2026-05-15 01:00:00,212.04,212.05,211.779,211.837,30181
16090,54,H4,M,2026-05-15 05:00:00,211.836,211.904,211.436,211.614,52423
16091,54,H4,M,2026-05-15 09:00:00,211.616,212.067,211.296,211.751,48892
16092,54,H4,M,2026-05-15 13:00:00,211.752,211.954,211.334,211.568,54982
16093,54,H4,M,2026-05-15 17:00:00,211.564,211.626,211.402,211.553,27039
16094,54,H4,M,2026-05-17 21:00:00,211.442,211.628,211.344,211.524,25496
16095,54,H4,M,2026-05-18 01:00:00,211.526,211.818,211.395,211.699,33461
16096,54,H4,M,2026-05-18 05:00:00,211.7,212.562,211.672,212.469,42086
16097,54,H4,M,2026-05-18 09:00:00,212.466,212.72,212.119,212.572,47752
16098,54,H4,M,2026-05-18 13:00:00,212.572,213.553,212.424,213.44,57682
16099,54,H4,M,2026-05-18 17:00:00,213.438,213.5,213.174,213.404,36164
18542,60,H4,M,2025-12-11 22:00:00,0.66655,0.66745,0.66597,0.6667,8089
18543,60,H4,M,2025-12-12 02:00:00,0.6667,0.66695,0.66598,0.66674,7307
18544,60,H4,M,2025-12-12 06:00:00,0.66674,0.66771,0.66607,0.66694,12570
18545,60,H4,M,2025-12-12 10:00:00,0.66693,0.66696,0.66608,0.66634,9472
18546,60,H4,M,2025-12-12 14:00:00,0.66635,0.66705,0.66326,0.66529,23534
18547,60,H4,M,2025-12-12 18:00:00,0.66531,0.66587,0.66474,0.66533,9563
18548,60,H4,M,2025-12-14 22:00:00,0.6644,0.66538,0.66386,0.66534,10812
18549,60,H4,M,2025-12-15 02:00:00,0.66531,0.66552,0.66406,0.66454,11719
18550,60,H4,M,2025-12-15 06:00:00,0.66454,0.66534,0.66418,0.66486,11359
18551,60,H4,M,2025-12-15 10:00:00,0.66483,0.66566,0.66417,0.66502,8638
18552,60,H4,M,2025-12-15 14:00:00,0.66498,0.66552,0.66354,0.6638,20386
18553,60,H4,M,2025-12-15 18:00:00,0.66379,0.6643,0.66322,0.66408,6772
18554,60,H4,M,2025-12-15 22:00:00,0.66412,0.66484,0.66182,0.66223,9557
18555,60,H4,M,2025-12-16 02:00:00,0.66224,0.66404,0.66196,0.66324,10308
18556,60,H4,M,2025-12-16 06:00:00,0.66325,0.6644,0.66287,0.66346,9489
18557,60,H4,M,2025-12-16 10:00:00,0.66346,0.66618,0.66319,0.6646,14594
18558,60,H4,M,2025-12-16 14:00:00,0.66461,0.66596,0.6629,0.66346,23834
18559,60,H4,M,2025-12-16 18:00:00,0.66344,0.66401,0.66208,0.66326,11034
18560,60,H4,M,2025-12-16 22:00:00,0.6632,0.66352,0.66192,0.6633,9655
18561,60,H4,M,2025-12-17 02:00:00,0.66331,0.66334,0.66136,0.66194,10697
18562,60,H4,M,2025-12-17 06:00:00,0.66193,0.66234,0.66122,0.66146,13623
18563,60,H4,M,2025-12-17 10:00:00,0.66142,0.66246,0.66126,0.66234,10786
18564,60,H4,M,2025-12-17 14:00:00,0.66232,0.66288,0.66036,0.66075,19229
18565,60,H4,M,2025-12-17 18:00:00,0.66076,0.66127,0.65992,0.66048,9051
18566,60,H4,M,2025-12-17 22:00:00,0.66071,0.66132,0.65941,0.65996,7905
18567,60,H4,M,2025-12-18 02:00:00,0.65996,0.66058,0.65926,0.66051,9012
18568,60,H4,M,2025-12-18 06:00:00,0.6605,0.66124,0.6603,0.66051,11569
18569,60,H4,M,2025-12-18 10:00:00,0.6605,0.66318,0.66033,0.66227,14584
18570,60,H4,M,2025-12-18 14:00:00,0.66226,0.66308,0.66032,0.66137,23640
18571,60,H4,M,2025-12-18 18:00:00,0.66138,0.66204,0.66104,0.6613,9287
18572,60,H4,M,2025-12-18 22:00:00,0.6611,0.6623,0.66094,0.66126,6657
18573,60,H4,M,2025-12-19 02:00:00,0.66122,0.66162,0.6604,0.6604,8470
18574,60,H4,M,2025-12-19 06:00:00,0.6604,0.661,0.66002,0.66084,10513
18575,60,H4,M,2025-12-19 10:00:00,0.66085,0.66109,0.66012,0.66104,9638
18576,60,H4,M,2025-12-19 14:00:00,0.66107,0.66251,0.66067,0.66151,13600
18577,60,H4,M,2025-12-19 18:00:00,0.6615,0.66204,0.66077,0.66116,4984
18578,60,H4,M,2025-12-21 22:00:00,0.66145,0.66232,0.66056,0.66209,8966
18579,60,H4,M,2025-12-22 02:00:00,0.6621,0.6629,0.66206,0.66256,6488
18580,60,H4,M,2025-12-22 06:00:00,0.66255,0.66418,0.66254,0.66392,8611
18581,60,H4,M,2025-12-22 10:00:00,0.66394,0.66502,0.66386,0.66463,10306
18582,60,H4,M,2025-12-22 14:00:00,0.66465,0.66605,0.66437,0.6657,12836
18583,60,H4,M,2025-12-22 18:00:00,0.66568,0.66587,0.66518,0.66579,5929
18584,60,H4,M,2025-12-22 22:00:00,0.66552,0.66666,0.66552,0.66634,6241
18585,60,H4,M,2025-12-23 02:00:00,0.66633,0.66706,0.66632,0.66658,9616
18586,60,H4,M,2025-12-23 06:00:00,0.66658,0.66936,0.66648,0.66929,10250
18587,60,H4,M,2025-12-23 10:00:00,0.66929,0.67005,0.66856,0.6686,12107
18588,60,H4,M,2025-12-23 14:00:00,0.66861,0.66954,0.66758,0.6689,14958
18589,60,H4,M,2025-12-23 18:00:00,0.66891,0.67027,0.6688,0.67018,5244
18590,60,H4,M,2025-12-23 22:00:00,0.66995,0.67118,0.6698,0.67112,6077
18591,60,H4,M,2025-12-24 02:00:00,0.67114,0.67136,0.67026,0.6712,7462
18592,60,H4,M,2025-12-24 06:00:00,0.67118,0.67176,0.67054,0.67128,9285
18593,60,H4,M,2025-12-24 10:00:00,0.67126,0.6714,0.67002,0.67061,9502
18594,60,H4,M,2025-12-24 14:00:00,0.67059,0.6715,0.67027,0.67072,13196
18595,60,H4,M,2025-12-24 18:00:00,0.6707,0.6707,0.67032,0.67051,9730
18596,60,H4,M,2025-12-25 22:00:00,0.67006,0.67155,0.67004,0.67101,10128
18597,60,H4,M,2025-12-26 02:00:00,0.67102,0.6718,0.67039,0.67094,7389
18598,60,H4,M,2025-12-26 06:00:00,0.67098,0.67118,0.66972,0.66978,14269
18599,60,H4,M,2025-12-26 10:00:00,0.66978,0.6718,0.66972,0.67164,12860
18600,60,H4,M,2025-12-26 14:00:00,0.67167,0.67248,0.67056,0.67092,23763
18601,60,H4,M,2025-12-26 18:00:00,0.67092,0.67156,0.67082,0.67152,12281
18602,60,H4,M,2025-12-28 22:00:00,0.67037,0.67224,0.67022,0.67193,11137
18603,60,H4,M,2025-12-29 02:00:00,0.67192,0.67274,0.6715,0.67154,7530
18604,60,H4,M,2025-12-29 06:00:00,0.67152,0.67218,0.66932,0.66995,13726
18605,60,H4,M,2025-12-29 10:00:00,0.66996,0.67058,0.66831,0.66937,14124
18606,60,H4,M,2025-12-29 14:00:00,0.66935,0.67033,0.66852,0.66886,18632
18607,60,H4,M,2025-12-29 18:00:00,0.66887,0.66976,0.6687,0.66937,5276
18608,60,H4,M,2025-12-29 22:00:00,0.66942,0.67043,0.66902,0.6704,7384
18609,60,H4,M,2025-12-30 02:00:00,0.67044,0.67151,0.6697,0.67137,7838
18610,60,H4,M,2025-12-30 06:00:00,0.67138,0.6718,0.67025,0.67045,10642
18611,60,H4,M,2025-12-30 10:00:00,0.67046,0.67123,0.66924,0.66944,10536
18612,60,H4,M,2025-12-30 14:00:00,0.66944,0.67038,0.66878,0.67031,12394
18613,60,H4,M,2025-12-30 18:00:00,0.67032,0.6704,0.6693,0.66964,5282
18614,60,H4,M,2025-12-30 22:00:00,0.66946,0.67014,0.66937,0.66942,6891
18615,60,H4,M,2025-12-31 02:00:00,0.66942,0.66988,0.6688,0.66902,8185
18616,60,H4,M,2025-12-31 06:00:00,0.66901,0.66906,0.66803,0.66833,9945
18617,60,H4,M,2025-12-31 10:00:00,0.66834,0.669,0.66758,0.66835,11795
18618,60,H4,M,2025-12-31 14:00:00,0.66834,0.6684,0.666,0.66719,17757
18619,60,H4,M,2025-12-31 18:00:00,0.66718,0.6675,0.66683,0.66734,9051
18620,60,H4,M,2026-01-01 22:00:00,0.66717,0.66949,0.66678,0.6693,5255
18621,60,H4,M,2026-01-02 02:00:00,0.66931,0.6702,0.66912,0.66958,5747
18622,60,H4,M,2026-01-02 06:00:00,0.66955,0.67072,0.66892,0.6699,10140
18623,60,H4,M,2026-01-02 10:00:00,0.6699,0.67002,0.66868,0.6688,9530
18624,60,H4,M,2026-01-02 14:00:00,0.66884,0.66972,0.66798,0.6685,19364
18625,60,H4,M,2026-01-02 18:00:00,0.66851,0.6698,0.66776,0.6695,8693
18626,60,H4,M,2026-01-04 22:00:00,0.66831,0.66933,0.66753,0.66815,12828
18627,60,H4,M,2026-01-05 02:00:00,0.66814,0.66878,0.66652,0.66756,11606
18628,60,H4,M,2026-01-05 06:00:00,0.66756,0.66827,0.6671,0.66758,12259
18629,60,H4,M,2026-01-05 10:00:00,0.66757,0.66886,0.6663,0.66774,13729
18630,60,H4,M,2026-01-05 14:00:00,0.66776,0.67192,0.6677,0.67122,17706
18631,60,H4,M,2026-01-05 18:00:00,0.67122,0.67178,0.6711,0.67149,6287
18632,60,H4,M,2026-01-05 22:00:00,0.67128,0.67166,0.67034,0.67157,6361
18633,60,H4,M,2026-01-06 02:00:00,0.67156,0.67319,0.67136,0.67272,8761
18634,60,H4,M,2026-01-06 06:00:00,0.67273,0.67394,0.67164,0.67169,11498
18635,60,H4,M,2026-01-06 10:00:00,0.67168,0.67278,0.6712,0.67269,10530
18636,60,H4,M,2026-01-06 14:00:00,0.6727,0.67366,0.672,0.67358,16478
18637,60,H4,M,2026-01-06 18:00:00,0.67355,0.67419,0.67311,0.67384,5953
18638,60,H4,M,2026-01-06 22:00:00,0.67358,0.67518,0.67171,0.67476,12818
18639,60,H4,M,2026-01-07 02:00:00,0.67476,0.67666,0.67442,0.67524,10419
18640,60,H4,M,2026-01-07 06:00:00,0.67525,0.67564,0.6735,0.67382,10772
18641,60,H4,M,2026-01-07 10:00:00,0.6738,0.67414,0.67276,0.67394,10984
18642,60,H4,M,2026-01-07 14:00:00,0.67394,0.67464,0.67222,0.6729,17182
18643,60,H4,M,2026-01-07 18:00:00,0.67289,0.67338,0.67186,0.67208,6563
18644,60,H4,M,2026-01-07 22:00:00,0.67226,0.67254,0.67167,0.67244,5113
18645,60,H4,M,2026-01-08 02:00:00,0.67244,0.67245,0.67009,0.67038,9908
18646,60,H4,M,2026-01-08 06:00:00,0.67038,0.67044,0.66895,0.66932,12496
18647,60,H4,M,2026-01-08 10:00:00,0.66931,0.67005,0.66893,0.66928,9950
18648,60,H4,M,2026-01-08 14:00:00,0.66928,0.67012,0.66818,0.66952,16742
18649,60,H4,M,2026-01-08 18:00:00,0.6695,0.67015,0.66885,0.66992,5955
18650,60,H4,M,2026-01-08 22:00:00,0.67005,0.67042,0.66884,0.66929,6050
18651,60,H4,M,2026-01-09 02:00:00,0.66929,0.66986,0.66912,0.66949,6987
18652,60,H4,M,2026-01-09 06:00:00,0.66948,0.66966,0.66764,0.66809,8825
18653,60,H4,M,2026-01-09 10:00:00,0.66811,0.67035,0.66677,0.66898,13667
18654,60,H4,M,2026-01-09 14:00:00,0.669,0.66946,0.66636,0.66818,23609
18655,60,H4,M,2026-01-09 18:00:00,0.66815,0.66913,0.6681,0.66865,5252
18656,60,H4,M,2026-01-11 22:00:00,0.66786,0.67066,0.66786,0.66984,10812
18657,60,H4,M,2026-01-12 02:00:00,0.66984,0.67014,0.66924,0.66988,7837
18658,60,H4,M,2026-01-12 06:00:00,0.66989,0.67123,0.66958,0.67068,10538
18659,60,H4,M,2026-01-12 10:00:00,0.6707,0.67181,0.67037,0.67156,9890
18660,60,H4,M,2026-01-12 14:00:00,0.67155,0.67223,0.67032,0.6714,14170
18661,60,H4,M,2026-01-12 18:00:00,0.67138,0.67154,0.67088,0.671,5833
18662,60,H4,M,2026-01-12 22:00:00,0.67104,0.67148,0.67068,0.67111,6644
18663,60,H4,M,2026-01-13 02:00:00,0.67111,0.67169,0.67072,0.67098,7219
18664,60,H4,M,2026-01-13 06:00:00,0.67098,0.67104,0.66988,0.67061,7860
18665,60,H4,M,2026-01-13 10:00:00,0.67058,0.67275,0.66974,0.67092,12566
18666,60,H4,M,2026-01-13 14:00:00,0.6709,0.67144,0.66731,0.66812,20559
18667,60,H4,M,2026-01-13 18:00:00,0.66811,0.66852,0.66776,0.6681,8567
18668,60,H4,M,2026-01-13 22:00:00,0.66834,0.6689,0.66772,0.66824,5653
18669,60,H4,M,2026-01-14 02:00:00,0.66826,0.67005,0.66822,0.66948,8420
18670,60,H4,M,2026-01-14 06:00:00,0.66948,0.67024,0.66866,0.66959,11491
18671,60,H4,M,2026-01-14 10:00:00,0.6696,0.66965,0.66756,0.66793,12573
18672,60,H4,M,2026-01-14 14:00:00,0.66794,0.66895,0.66733,0.6674,22260
18673,60,H4,M,2026-01-14 18:00:00,0.6674,0.66864,0.66731,0.66826,11055
18674,60,H4,M,2026-01-14 22:00:00,0.66822,0.66862,0.66756,0.66808,8769
18675,60,H4,M,2026-01-15 02:00:00,0.66808,0.66815,0.66674,0.66766,8476
18676,60,H4,M,2026-01-15 06:00:00,0.66768,0.66993,0.66759,0.66955,10791
18677,60,H4,M,2026-01-15 10:00:00,0.66956,0.6701,0.66758,0.66778,10246
18678,60,H4,M,2026-01-15 14:00:00,0.66778,0.67098,0.66747,0.67047,15694
18679,60,H4,M,2026-01-15 18:00:00,0.67046,0.67088,0.66958,0.66988,7053
18680,60,H4,M,2026-01-15 22:00:00,0.66976,0.67042,0.66971,0.66976,6384
18681,60,H4,M,2026-01-16 02:00:00,0.66972,0.67072,0.66952,0.67014,6229
18682,60,H4,M,2026-01-16 06:00:00,0.67014,0.67055,0.66958,0.67018,7778
18683,60,H4,M,2026-01-16 10:00:00,0.67018,0.67096,0.66911,0.66944,9479
18684,60,H4,M,2026-01-16 14:00:00,0.66942,0.66954,0.66711,0.66811,19607
18685,60,H4,M,2026-01-16 18:00:00,0.66809,0.66864,0.66799,0.66836,5261
18686,60,H4,M,2026-01-18 22:00:00,0.66718,0.66952,0.66684,0.66834,13333
18687,60,H4,M,2026-01-19 02:00:00,0.66834,0.6701,0.66782,0.66957,8355
18688,60,H4,M,2026-01-19 06:00:00,0.66956,0.6699,0.66886,0.6697,11090
18689,60,H4,M,2026-01-19 10:00:00,0.6697,0.6708,0.6697,0.67056,7263
18690,60,H4,M,2026-01-19 14:00:00,0.67057,0.67168,0.67022,0.67164,6487
18691,60,H4,M,2026-01-19 18:00:00,0.67164,0.67174,0.67122,0.67142,1593
18692,60,H4,M,2026-01-19 22:00:00,0.67112,0.67157,0.67068,0.67114,6130
18693,60,H4,M,2026-01-20 02:00:00,0.67113,0.67411,0.67086,0.6736,8383
18694,60,H4,M,2026-01-20 06:00:00,0.6736,0.67472,0.67238,0.67283,16611
18695,60,H4,M,2026-01-20 10:00:00,0.67286,0.6739,0.67253,0.67302,17826
18696,60,H4,M,2026-01-20 14:00:00,0.67304,0.67457,0.67268,0.67394,23319
18697,60,H4,M,2026-01-20 18:00:00,0.67392,0.67428,0.67308,0.67372,9766
18698,60,H4,M,2026-01-20 22:00:00,0.67326,0.67438,0.67298,0.67426,8179
18699,60,H4,M,2026-01-21 02:00:00,0.67428,0.67431,0.67276,0.67362,9558
18700,60,H4,M,2026-01-21 06:00:00,0.67364,0.67582,0.67352,0.67473,11215
18701,60,H4,M,2026-01-21 10:00:00,0.67474,0.67734,0.67436,0.67711,12639
18702,60,H4,M,2026-01-21 14:00:00,0.6771,0.67782,0.67531,0.67594,27483
18703,60,H4,M,2026-01-21 18:00:00,0.67594,0.6765,0.67544,0.67623,15772
18704,60,H4,M,2026-01-21 22:00:00,0.67613,0.67994,0.6754,0.67974,11785
18705,60,H4,M,2026-01-22 02:00:00,0.67972,0.68108,0.67913,0.68052,8872
18706,60,H4,M,2026-01-22 06:00:00,0.68052,0.68113,0.67972,0.68022,11375
18707,60,H4,M,2026-01-22 10:00:00,0.68021,0.68155,0.67958,0.6815,12796
18708,60,H4,M,2026-01-22 14:00:00,0.68149,0.68407,0.68106,0.68404,16538
18709,60,H4,M,2026-01-22 18:00:00,0.68403,0.68444,0.68375,0.6841,6215
18710,60,H4,M,2026-01-22 22:00:00,0.68388,0.68533,0.68385,0.6845,6554
18711,60,H4,M,2026-01-23 02:00:00,0.6845,0.68506,0.68365,0.6849,7611
18712,60,H4,M,2026-01-23 06:00:00,0.6849,0.68544,0.68378,0.684,16052
18713,60,H4,M,2026-01-23 10:00:00,0.684,0.68674,0.68344,0.685,12884
18714,60,H4,M,2026-01-23 14:00:00,0.68503,0.68913,0.68484,0.68826,17569
18715,60,H4,M,2026-01-23 18:00:00,0.68826,0.6899,0.68738,0.68963,11365
18716,60,H4,M,2026-01-25 22:00:00,0.69234,0.69336,0.69062,0.69198,18914
18717,60,H4,M,2026-01-26 02:00:00,0.69196,0.69287,0.69095,0.69145,11516
18718,60,H4,M,2026-01-26 06:00:00,0.69146,0.69273,0.69085,0.69221,15661
18719,60,H4,M,2026-01-26 10:00:00,0.69222,0.69275,0.69074,0.69176,12157
18720,60,H4,M,2026-01-26 14:00:00,0.69178,0.6941,0.6915,0.69344,17400
18721,60,H4,M,2026-01-26 18:00:00,0.69345,0.69382,0.69162,0.69165,10071
18722,60,H4,M,2026-01-26 22:00:00,0.69146,0.69199,0.69073,0.69176,7394
18723,60,H4,M,2026-01-27 02:00:00,0.69174,0.69286,0.69066,0.69132,9168
18724,60,H4,M,2026-01-27 06:00:00,0.69131,0.69286,0.69016,0.69276,11005
18725,60,H4,M,2026-01-27 10:00:00,0.69274,0.69526,0.69206,0.6945,16493
18726,60,H4,M,2026-01-27 14:00:00,0.6945,0.69821,0.69437,0.69784,22813
18727,60,H4,M,2026-01-27 18:00:00,0.69784,0.70164,0.69726,0.7012,23119
18728,60,H4,M,2026-01-27 22:00:00,0.70097,0.70227,0.69836,0.69862,19457
18729,60,H4,M,2026-01-28 02:00:00,0.69863,0.70034,0.69802,0.7003,13985
18730,60,H4,M,2026-01-28 06:00:00,0.70034,0.702,0.69899,0.70023,20302
18731,60,H4,M,2026-01-28 10:00:00,0.70022,0.70144,0.6992,0.69962,17846
18732,60,H4,M,2026-01-28 14:00:00,0.69964,0.70082,0.69769,0.70005,31014
18733,60,H4,M,2026-01-28 18:00:00,0.70004,0.70432,0.6979,0.7041,23687
18734,60,H4,M,2026-01-28 22:00:00,0.70376,0.70498,0.70214,0.70282,14424
18735,60,H4,M,2026-01-29 02:00:00,0.70282,0.70942,0.7021,0.7088,17931
18736,60,H4,M,2026-01-29 06:00:00,0.7088,0.70888,0.70524,0.70562,19303
18737,60,H4,M,2026-01-29 10:00:00,0.70562,0.7071,0.70272,0.70656,19527
18738,60,H4,M,2026-01-29 14:00:00,0.70656,0.70826,0.69688,0.70185,73734
18739,60,H4,M,2026-01-29 18:00:00,0.70184,0.70544,0.70144,0.705,20560
18740,60,H4,M,2026-01-29 22:00:00,0.70464,0.70554,0.7005,0.70058,19641
18741,60,H4,M,2026-01-30 02:00:00,0.70062,0.7009,0.69774,0.69996,27313
18742,60,H4,M,2026-01-30 06:00:00,0.69997,0.70117,0.69682,0.6976,27660
18743,60,H4,M,2026-01-30 10:00:00,0.69759,0.70322,0.69758,0.69913,32191
18744,60,H4,M,2026-01-30 14:00:00,0.6991,0.70266,0.69674,0.69722,50771
18745,60,H4,M,2026-01-30 18:00:00,0.69719,0.69863,0.694,0.6963,32567
18746,60,H4,M,2026-02-01 22:00:00,0.69531,0.69708,0.69207,0.69642,40590
18747,60,H4,M,2026-02-02 02:00:00,0.69645,0.69691,0.69142,0.69254,34252
18748,60,H4,M,2026-02-02 06:00:00,0.69255,0.69661,0.69086,0.69644,32462
18749,60,H4,M,2026-02-02 10:00:00,0.69643,0.69707,0.69405,0.69476,27549
18750,60,H4,M,2026-02-02 14:00:00,0.69477,0.6968,0.694,0.69528,38508
18751,60,H4,M,2026-02-02 18:00:00,0.6953,0.69539,0.69357,0.69481,13278
18752,60,H4,M,2026-02-02 22:00:00,0.6954,0.69784,0.69456,0.69775,12928
18753,60,H4,M,2026-02-03 02:00:00,0.69774,0.70335,0.69571,0.70062,30557
18754,60,H4,M,2026-02-03 06:00:00,0.70064,0.70504,0.70026,0.7006,26526
18755,60,H4,M,2026-02-03 10:00:00,0.70062,0.70158,0.69974,0.70082,22583
18756,60,H4,M,2026-02-03 14:00:00,0.70086,0.70244,0.69808,0.70106,35544
18757,60,H4,M,2026-02-03 18:00:00,0.70104,0.70267,0.69934,0.70218,23145
18758,60,H4,M,2026-02-03 22:00:00,0.70203,0.70366,0.7014,0.7028,12074
18759,60,H4,M,2026-02-04 02:00:00,0.70281,0.70356,0.70136,0.7029,13118
18760,60,H4,M,2026-02-04 06:00:00,0.70294,0.70431,0.70148,0.70206,15949
18761,60,H4,M,2026-02-04 10:00:00,0.70206,0.7036,0.70106,0.7033,17825
18762,60,H4,M,2026-02-04 14:00:00,0.7033,0.70336,0.69724,0.69789,49670
18763,60,H4,M,2026-02-04 18:00:00,0.6979,0.70006,0.69716,0.69985,19295
18764,60,H4,M,2026-02-04 22:00:00,0.69966,0.70074,0.69931,0.6997,10105
18765,60,H4,M,2026-02-05 02:00:00,0.69972,0.6998,0.69582,0.69718,25859
18766,60,H4,M,2026-02-05 06:00:00,0.6972,0.69908,0.6965,0.6967,20403
18767,60,H4,M,2026-02-05 10:00:00,0.69669,0.69858,0.69628,0.69695,29474
18768,60,H4,M,2026-02-05 14:00:00,0.69694,0.69825,0.69402,0.69708,53295
18769,60,H4,M,2026-02-05 18:00:00,0.69707,0.6975,0.69274,0.69282,18497
18770,60,H4,M,2026-02-05 22:00:00,0.69301,0.69376,0.6897,0.69347,19214
18771,60,H4,M,2026-02-06 02:00:00,0.69345,0.69558,0.69333,0.69557,18407
18772,60,H4,M,2026-02-06 06:00:00,0.69557,0.69784,0.69522,0.69757,17395
18773,60,H4,M,2026-02-06 10:00:00,0.69757,0.69943,0.6967,0.69942,15473
18774,60,H4,M,2026-02-06 14:00:00,0.69939,0.7025,0.69905,0.70209,27964
18775,60,H4,M,2026-02-06 18:00:00,0.70208,0.70246,0.70132,0.70133,6713
18776,60,H4,M,2026-02-08 22:00:00,0.70206,0.70378,0.70101,0.70187,13205
18777,60,H4,M,2026-02-09 02:00:00,0.70186,0.70335,0.70169,0.70292,9140
18778,60,H4,M,2026-02-09 06:00:00,0.70293,0.70454,0.70236,0.70337,18117
18779,60,H4,M,2026-02-09 10:00:00,0.70336,0.70622,0.70138,0.70566,19586
18780,60,H4,M,2026-02-09 14:00:00,0.70566,0.70925,0.70562,0.7088,21991
18781,60,H4,M,2026-02-09 18:00:00,0.70879,0.70989,0.70826,0.70939,8197
18782,60,H4,M,2026-02-09 22:00:00,0.70892,0.70952,0.7076,0.70876,9466
18783,60,H4,M,2026-02-10 02:00:00,0.70879,0.70905,0.7069,0.70727,10488
18784,60,H4,M,2026-02-10 06:00:00,0.70726,0.7081,0.70646,0.70742,11794
18785,60,H4,M,2026-02-10 10:00:00,0.70738,0.70796,0.70648,0.70748,13211
18786,60,H4,M,2026-02-10 14:00:00,0.70752,0.70906,0.70684,0.70741,25441
18787,60,H4,M,2026-02-10 18:00:00,0.7074,0.70802,0.70664,0.70744,9361
18788,60,H4,M,2026-02-10 22:00:00,0.70708,0.70984,0.7069,0.70951,7314
18789,60,H4,M,2026-02-11 02:00:00,0.70952,0.71281,0.70941,0.71157,12523
18790,60,H4,M,2026-02-11 06:00:00,0.71158,0.71208,0.70986,0.7114,12155
18791,60,H4,M,2026-02-11 10:00:00,0.7114,0.7124,0.70718,0.7115,27473
18792,60,H4,M,2026-02-11 14:00:00,0.71148,0.71421,0.70924,0.71396,47536
18793,60,H4,M,2026-02-11 18:00:00,0.71398,0.71433,0.71222,0.71274,14015
18794,60,H4,M,2026-02-11 22:00:00,0.71239,0.7147,0.71192,0.71438,9991
18795,60,H4,M,2026-02-12 02:00:00,0.71436,0.71472,0.71118,0.71251,12593
18796,60,H4,M,2026-02-12 06:00:00,0.7125,0.71256,0.7105,0.71236,15829
18797,60,H4,M,2026-02-12 10:00:00,0.71238,0.71412,0.71178,0.7141,13195
18798,60,H4,M,2026-02-12 14:00:00,0.71412,0.71449,0.70842,0.70863,48684
18799,60,H4,M,2026-02-12 18:00:00,0.70863,0.7099,0.70758,0.7091,19402
18800,60,H4,M,2026-02-12 22:00:00,0.70881,0.70974,0.7081,0.7087,9847
18801,60,H4,M,2026-02-13 02:00:00,0.7087,0.7093,0.7067,0.707,10905
18802,60,H4,M,2026-02-13 06:00:00,0.70699,0.70795,0.70437,0.7072,16618
18803,60,H4,M,2026-02-13 10:00:00,0.7072,0.7076,0.70449,0.70706,25920
18804,60,H4,M,2026-02-13 14:00:00,0.70704,0.70822,0.70472,0.70766,49723
18805,60,H4,M,2026-02-13 18:00:00,0.70766,0.70861,0.70652,0.70735,14099
18806,60,H4,M,2026-02-15 22:00:00,0.70653,0.70866,0.70578,0.70844,9301
18807,60,H4,M,2026-02-16 02:00:00,0.70845,0.70898,0.70796,0.70874,9216
18808,60,H4,M,2026-02-16 06:00:00,0.70874,0.70967,0.70816,0.70838,11226
18809,60,H4,M,2026-02-16 10:00:00,0.70838,0.70889,0.70772,0.70833,8817
18810,60,H4,M,2026-02-16 14:00:00,0.70832,0.70874,0.70672,0.70726,8835
18811,60,H4,M,2026-02-16 18:00:00,0.70728,0.70768,0.7071,0.70726,1438
18812,60,H4,M,2026-02-16 22:00:00,0.70716,0.70763,0.7056,0.70588,8745
18813,60,H4,M,2026-02-17 02:00:00,0.70586,0.70694,0.70464,0.70612,11272
18814,60,H4,M,2026-02-17 06:00:00,0.70615,0.70734,0.70546,0.70728,13823
18815,60,H4,M,2026-02-17 10:00:00,0.70726,0.70769,0.70425,0.7045,19162
18816,60,H4,M,2026-02-17 14:00:00,0.7045,0.70698,0.70282,0.70661,46084
18817,60,H4,M,2026-02-17 18:00:00,0.70662,0.70902,0.70642,0.7086,12199
18818,60,H4,M,2026-02-17 22:00:00,0.70834,0.70878,0.70728,0.70761,7610
18819,60,H4,M,2026-02-18 02:00:00,0.70762,0.70775,0.70652,0.70686,6614
18820,60,H4,M,2026-02-18 06:00:00,0.7069,0.70802,0.70636,0.70778,12605
18821,60,H4,M,2026-02-18 10:00:00,0.70779,0.70811,0.70562,0.70562,11843
18822,60,H4,M,2026-02-18 14:00:00,0.70564,0.70776,0.7051,0.70644,22088
18823,60,H4,M,2026-02-18 18:00:00,0.70644,0.70662,0.7035,0.70428,12306
18824,60,H4,M,2026-02-18 22:00:00,0.70423,0.70676,0.70392,0.7067,9363
18825,60,H4,M,2026-02-19 02:00:00,0.7067,0.70714,0.70454,0.70538,7319
18826,60,H4,M,2026-02-19 06:00:00,0.70538,0.70802,0.70514,0.70602,12052
18827,60,H4,M,2026-02-19 10:00:00,0.70598,0.70632,0.70366,0.70528,16676
18828,60,H4,M,2026-02-19 14:00:00,0.70526,0.70677,0.70244,0.70498,35577
18829,60,H4,M,2026-02-19 18:00:00,0.70499,0.7061,0.70427,0.7058,10566
18830,60,H4,M,2026-02-19 22:00:00,0.70548,0.70618,0.7023,0.70316,10129
18831,60,H4,M,2026-02-20 02:00:00,0.70318,0.70439,0.70156,0.70436,12068
18832,60,H4,M,2026-02-20 06:00:00,0.70436,0.7067,0.70388,0.70584,17352
18833,60,H4,M,2026-02-20 10:00:00,0.70584,0.70612,0.70402,0.7052,16736
18834,60,H4,M,2026-02-20 14:00:00,0.70519,0.7091,0.70402,0.70764,71111
18835,60,H4,M,2026-02-20 18:00:00,0.70764,0.70946,0.7068,0.70841,24545
18836,60,H4,M,2026-02-22 22:00:00,0.70794,0.71122,0.70756,0.70806,18601
18837,60,H4,M,2026-02-23 02:00:00,0.70806,0.70818,0.70664,0.70734,12741
18838,60,H4,M,2026-02-23 06:00:00,0.70734,0.70908,0.70706,0.70842,14687
18839,60,H4,M,2026-02-23 10:00:00,0.7084,0.70843,0.7056,0.70682,15599
18840,60,H4,M,2026-02-23 14:00:00,0.70684,0.70822,0.70485,0.70589,30268
18841,60,H4,M,2026-02-23 18:00:00,0.70589,0.7067,0.70523,0.70555,8712
18842,60,H4,M,2026-02-23 22:00:00,0.70521,0.70658,0.70485,0.70583,10893
18843,60,H4,M,2026-02-24 02:00:00,0.70582,0.70735,0.70568,0.70653,10844
18844,60,H4,M,2026-02-24 06:00:00,0.70652,0.70737,0.70594,0.70633,16541
18845,60,H4,M,2026-02-24 10:00:00,0.70634,0.70655,0.70322,0.70346,13385
18846,60,H4,M,2026-02-24 14:00:00,0.70345,0.70703,0.70266,0.7065,24668
18847,60,H4,M,2026-02-24 18:00:00,0.70648,0.70658,0.70572,0.70582,5967
18848,60,H4,M,2026-02-24 22:00:00,0.70612,0.70851,0.70574,0.70786,11084
18849,60,H4,M,2026-02-25 02:00:00,0.70782,0.71114,0.70782,0.71106,16202
18850,60,H4,M,2026-02-25 06:00:00,0.71106,0.71168,0.70846,0.70861,13188
18851,60,H4,M,2026-02-25 10:00:00,0.70862,0.70972,0.7073,0.70898,12646
18852,60,H4,M,2026-02-25 14:00:00,0.70896,0.71242,0.70884,0.7119,18182
18853,60,H4,M,2026-02-25 18:00:00,0.71192,0.7126,0.71166,0.71235,5905
18854,60,H4,M,2026-02-25 22:00:00,0.71215,0.71366,0.71174,0.71314,9442
18855,60,H4,M,2026-02-26 02:00:00,0.71312,0.71354,0.71141,0.71338,10106
18856,60,H4,M,2026-02-26 06:00:00,0.7134,0.71358,0.71098,0.71187,14896
18857,60,H4,M,2026-02-26 10:00:00,0.71186,0.71243,0.71092,0.7111,11415
18858,60,H4,M,2026-02-26 14:00:00,0.71106,0.71115,0.7067,0.70774,37007
18859,60,H4,M,2026-02-26 18:00:00,0.70775,0.71124,0.70752,0.71057,10425
18860,60,H4,M,2026-02-26 22:00:00,0.71034,0.71094,0.70962,0.71043,11007
18861,60,H4,M,2026-02-27 02:00:00,0.71044,0.71322,0.71032,0.7126,9369
18862,60,H4,M,2026-02-27 06:00:00,0.7126,0.71286,0.71122,0.7114,13791
18863,60,H4,M,2026-02-27 10:00:00,0.71142,0.71149,0.70866,0.70981,17812
18864,60,H4,M,2026-02-27 14:00:00,0.70982,0.71322,0.70954,0.71158,31064
18865,60,H4,M,2026-02-27 18:00:00,0.71156,0.71221,0.7111,0.7116,11398
18866,60,H4,M,2026-03-01 22:00:00,0.70454,0.71093,0.7044,0.71066,29040
18867,60,H4,M,2026-03-02 02:00:00,0.71068,0.71168,0.70771,0.70776,21003
18868,60,H4,M,2026-03-02 06:00:00,0.70777,0.70918,0.7045,0.70787,31464
18869,60,H4,M,2026-03-02 10:00:00,0.70786,0.70978,0.70553,0.70576,22948
18870,60,H4,M,2026-03-02 14:00:00,0.70572,0.70876,0.70519,0.70833,40443
18871,60,H4,M,2026-03-02 18:00:00,0.70832,0.7106,0.7072,0.70948,19074
18872,60,H4,M,2026-03-02 22:00:00,0.70909,0.71228,0.70909,0.71006,14394
18873,60,H4,M,2026-03-03 02:00:00,0.71002,0.71144,0.70848,0.70882,24326
18874,60,H4,M,2026-03-03 06:00:00,0.70885,0.70972,0.70392,0.70403,32339
18875,60,H4,M,2026-03-03 10:00:00,0.70406,0.70464,0.70006,0.70114,40709
18876,60,H4,M,2026-03-03 14:00:00,0.70114,0.70292,0.69444,0.70212,83742
18877,60,H4,M,2026-03-03 18:00:00,0.70215,0.70577,0.70206,0.70344,31361
18878,60,H4,M,2026-03-03 22:00:00,0.70364,0.70456,0.6986,0.70056,27178
18879,60,H4,M,2026-03-04 02:00:00,0.70058,0.70222,0.69846,0.70005,31839
18880,60,H4,M,2026-03-04 06:00:00,0.70004,0.70448,0.69922,0.70386,31629
18881,60,H4,M,2026-03-04 10:00:00,0.7039,0.70735,0.70376,0.70546,46463
18882,60,H4,M,2026-03-04 14:00:00,0.70542,0.70772,0.70332,0.7071,41411
18883,60,H4,M,2026-03-04 18:00:00,0.70711,0.70834,0.70611,0.70758,11797
18884,60,H4,M,2026-03-04 22:00:00,0.70738,0.70893,0.7063,0.7065,13700
18885,60,H4,M,2026-03-05 02:00:00,0.70648,0.70747,0.7039,0.70394,22167
18886,60,H4,M,2026-03-05 06:00:00,0.70396,0.70711,0.70114,0.70447,39876
18887,60,H4,M,2026-03-05 10:00:00,0.70448,0.70584,0.70241,0.70298,26913
18888,60,H4,M,2026-03-05 14:00:00,0.70296,0.7045,0.69782,0.69842,56685
18889,60,H4,M,2026-03-05 18:00:00,0.69842,0.70148,0.69739,0.7008,32058
18890,60,H4,M,2026-03-05 22:00:00,0.7009,0.70344,0.70066,0.70316,12226
18891,60,H4,M,2026-03-06 02:00:00,0.70316,0.70408,0.70274,0.70288,15365
18892,60,H4,M,2026-03-06 06:00:00,0.70288,0.70474,0.69974,0.69995,21921
18893,60,H4,M,2026-03-06 10:00:00,0.69998,0.70286,0.69815,0.69838,43082
18894,60,H4,M,2026-03-06 14:00:00,0.69838,0.70296,0.6977,0.70102,76673
18895,60,H4,M,2026-03-06 18:00:00,0.701,0.7032,0.70096,0.703,31419
18896,60,H4,M,2026-03-08 21:00:00,0.69861,0.69984,0.69566,0.69638,26872
18897,60,H4,M,2026-03-09 01:00:00,0.69637,0.7,0.69562,0.69924,35833
18898,60,H4,M,2026-03-09 05:00:00,0.69924,0.70222,0.69818,0.69928,42479
18899,60,H4,M,2026-03-09 09:00:00,0.69932,0.70336,0.69882,0.7011,46825
18900,60,H4,M,2026-03-09 13:00:00,0.70112,0.70576,0.70112,0.70508,61945
18901,60,H4,M,2026-03-09 17:00:00,0.70509,0.70788,0.70335,0.70773,32310
18902,60,H4,M,2026-03-09 21:00:00,0.70731,0.70824,0.70614,0.70699,14717
18903,60,H4,M,2026-03-10 01:00:00,0.70694,0.70766,0.70536,0.7061,23969
18904,60,H4,M,2026-03-10 05:00:00,0.70614,0.71196,0.70592,0.70958,23673
18905,60,H4,M,2026-03-10 09:00:00,0.70956,0.7125,0.70948,0.71152,36339
18906,60,H4,M,2026-03-10 13:00:00,0.71154,0.71544,0.71082,0.715,46475
18907,60,H4,M,2026-03-10 17:00:00,0.71498,0.71686,0.71152,0.7119,41523
18908,60,H4,M,2026-03-10 21:00:00,0.71188,0.7137,0.71128,0.71301,12570
18909,60,H4,M,2026-03-11 01:00:00,0.713,0.71855,0.71274,0.7182,18661
18910,60,H4,M,2026-03-11 05:00:00,0.71816,0.71834,0.71526,0.71613,25169
18911,60,H4,M,2026-03-11 09:00:00,0.71612,0.7172,0.71432,0.71464,31659
18912,60,H4,M,2026-03-11 13:00:00,0.71464,0.71876,0.71454,0.7153,49084
18913,60,H4,M,2026-03-11 17:00:00,0.71533,0.71569,0.71368,0.71526,16436
18914,60,H4,M,2026-03-11 21:00:00,0.71526,0.71568,0.71237,0.71455,12125
18915,60,H4,M,2026-03-12 01:00:00,0.71454,0.7161,0.71232,0.7124,15980
18916,60,H4,M,2026-03-12 05:00:00,0.71238,0.71454,0.71114,0.71346,22040
18917,60,H4,M,2026-03-12 09:00:00,0.71346,0.71483,0.71234,0.71309,19440
18918,60,H4,M,2026-03-12 13:00:00,0.7131,0.71354,0.70723,0.70876,56920
18919,60,H4,M,2026-03-12 17:00:00,0.70877,0.70969,0.70757,0.70763,18310
18920,60,H4,M,2026-03-12 21:00:00,0.70783,0.7087,0.70716,0.70844,9129
18921,60,H4,M,2026-03-13 01:00:00,0.70843,0.70924,0.70592,0.7063,17068
18922,60,H4,M,2026-03-13 05:00:00,0.70633,0.70672,0.70159,0.70374,22876
18923,60,H4,M,2026-03-13 09:00:00,0.70374,0.70628,0.7032,0.70564,33411
18924,60,H4,M,2026-03-13 13:00:00,0.70563,0.70578,0.69995,0.7006,50650
18925,60,H4,M,2026-03-13 17:00:00,0.7006,0.70138,0.69798,0.69812,16860
18926,60,H4,M,2026-03-15 21:00:00,0.69926,0.70188,0.69862,0.70158,13187
18927,60,H4,M,2026-03-16 01:00:00,0.70158,0.70192,0.69969,0.70043,15198
18928,60,H4,M,2026-03-16 05:00:00,0.70044,0.70226,0.70044,0.70222,19620
18929,60,H4,M,2026-03-16 09:00:00,0.70219,0.70588,0.70162,0.70508,21254
18930,60,H4,M,2026-03-16 13:00:00,0.70508,0.70762,0.70448,0.70538,27195
18931,60,H4,M,2026-03-16 17:00:00,0.70541,0.70826,0.70525,0.70716,16642
18932,60,H4,M,2026-03-16 21:00:00,0.70712,0.70739,0.70594,0.70622,5328
18933,60,H4,M,2026-03-17 01:00:00,0.70622,0.70951,0.70492,0.7073,18115
18934,60,H4,M,2026-03-17 05:00:00,0.70728,0.70898,0.70556,0.70833,20559
18935,60,H4,M,2026-03-17 09:00:00,0.7083,0.70978,0.70772,0.70976,19772
18936,60,H4,M,2026-03-17 13:00:00,0.70978,0.71184,0.7085,0.71026,32071
18937,60,H4,M,2026-03-17 17:00:00,0.71022,0.71155,0.71016,0.71047,10241
18938,60,H4,M,2026-03-17 21:00:00,0.71048,0.71142,0.70997,0.71068,7664
18939,60,H4,M,2026-03-18 01:00:00,0.7107,0.71185,0.70998,0.71146,10939
18940,60,H4,M,2026-03-18 05:00:00,0.71148,0.71234,0.71007,0.71082,11067
18941,60,H4,M,2026-03-18 09:00:00,0.71078,0.71135,0.70577,0.70578,22319
18942,60,H4,M,2026-03-18 13:00:00,0.70579,0.70889,0.70456,0.70808,35637
18943,60,H4,M,2026-03-18 17:00:00,0.70807,0.7091,0.70182,0.70236,25082
18944,60,H4,M,2026-03-18 21:00:00,0.70247,0.70446,0.70213,0.70446,11830
18945,60,H4,M,2026-03-19 01:00:00,0.70447,0.70557,0.7034,0.7038,15337
18946,60,H4,M,2026-03-19 05:00:00,0.7038,0.7045,0.70232,0.7037,25770
18947,60,H4,M,2026-03-19 09:00:00,0.70372,0.70636,0.70111,0.70192,41321
18948,60,H4,M,2026-03-19 13:00:00,0.7019,0.70608,0.69998,0.70472,70898
18949,60,H4,M,2026-03-19 17:00:00,0.70474,0.7109,0.70378,0.70882,34677
18950,60,H4,M,2026-03-19 21:00:00,0.70881,0.70924,0.70734,0.70826,9008
18951,60,H4,M,2026-03-20 01:00:00,0.70823,0.70925,0.70788,0.70878,14756
18952,60,H4,M,2026-03-20 05:00:00,0.7088,0.70972,0.7075,0.70866,19495
18953,60,H4,M,2026-03-20 09:00:00,0.70864,0.70874,0.70524,0.70746,29687
18954,60,H4,M,2026-03-20 13:00:00,0.70746,0.70757,0.70264,0.70388,44990
18955,60,H4,M,2026-03-20 17:00:00,0.7039,0.7044,0.70053,0.70216,26068
18956,60,H4,M,2026-03-22 21:00:00,0.70042,0.70155,0.69882,0.69947,16907
18957,60,H4,M,2026-03-23 01:00:00,0.69946,0.70095,0.6976,0.69793,29145
18958,60,H4,M,2026-03-23 05:00:00,0.69796,0.6982,0.69497,0.69669,32823
18959,60,H4,M,2026-03-23 09:00:00,0.6967,0.70438,0.69107,0.70304,132873
18960,60,H4,M,2026-03-23 13:00:00,0.70306,0.70627,0.6983,0.70039,114315
18961,60,H4,M,2026-03-23 17:00:00,0.7004,0.70294,0.70004,0.70106,40082
18962,60,H4,M,2026-03-23 21:00:00,0.70162,0.70248,0.69686,0.69872,18057
18963,60,H4,M,2026-03-24 01:00:00,0.69872,0.69941,0.69598,0.69661,32652
18964,60,H4,M,2026-03-24 05:00:00,0.69662,0.70149,0.69555,0.6963,41089
18965,60,H4,M,2026-03-24 09:00:00,0.69632,0.69804,0.69516,0.69564,34190
18966,60,H4,M,2026-03-24 13:00:00,0.69564,0.6989,0.6945,0.69654,63760
18967,60,H4,M,2026-03-24 17:00:00,0.69652,0.70139,0.69384,0.69974,45455
18968,60,H4,M,2026-03-24 21:00:00,0.69914,0.7004,0.69822,0.69952,15943
18969,60,H4,M,2026-03-25 01:00:00,0.6995,0.69991,0.69697,0.69744,21915
18970,60,H4,M,2026-03-25 05:00:00,0.69746,0.69898,0.69612,0.69806,24478
18971,60,H4,M,2026-03-25 09:00:00,0.69806,0.69854,0.6951,0.69592,25570
18972,60,H4,M,2026-03-25 13:00:00,0.69594,0.69712,0.69429,0.69597,44577
18973,60,H4,M,2026-03-25 17:00:00,0.69598,0.6971,0.69457,0.69468,20254
18974,60,H4,M,2026-03-25 21:00:00,0.69509,0.6952,0.69366,0.69384,7495
18975,60,H4,M,2026-03-26 01:00:00,0.69384,0.6957,0.6932,0.69538,14743
18976,60,H4,M,2026-03-26 05:00:00,0.69542,0.69562,0.6932,0.69426,18819
18977,60,H4,M,2026-03-26 09:00:00,0.69426,0.69442,0.69015,0.69046,21213
18978,60,H4,M,2026-03-26 13:00:00,0.69044,0.69291,0.68964,0.68994,40474
18979,60,H4,M,2026-03-26 17:00:00,0.68992,0.69188,0.68758,0.68876,25080
18980,60,H4,M,2026-03-26 21:00:00,0.68908,0.68978,0.68727,0.6875,9670
18981,60,H4,M,2026-03-27 01:00:00,0.6875,0.6912,0.6872,0.69104,13787
18982,60,H4,M,2026-03-27 05:00:00,0.69102,0.69122,0.68828,0.68964,17515
18983,60,H4,M,2026-03-27 09:00:00,0.68963,0.69016,0.68812,0.6887,19205
18984,60,H4,M,2026-03-27 13:00:00,0.68873,0.69022,0.68768,0.6884,35414
18985,60,H4,M,2026-03-27 17:00:00,0.6884,0.68948,0.68642,0.68732,18856
18986,60,H4,M,2026-03-29 21:00:00,0.6866,0.68696,0.6843,0.6853,21372
18987,60,H4,M,2026-03-30 01:00:00,0.68532,0.68739,0.68488,0.68669,20270
18988,60,H4,M,2026-03-30 05:00:00,0.6867,0.68744,0.68481,0.68538,18261
18989,60,H4,M,2026-03-30 09:00:00,0.68542,0.68695,0.68477,0.68622,19532
18990,60,H4,M,2026-03-30 13:00:00,0.68621,0.68657,0.68334,0.6856,35518
18991,60,H4,M,2026-03-30 17:00:00,0.68562,0.68614,0.68418,0.68526,13038
18992,60,H4,M,2026-03-30 21:00:00,0.68496,0.68643,0.68342,0.68571,16021
18993,60,H4,M,2026-03-31 01:00:00,0.68567,0.6875,0.6844,0.6844,27205
18994,60,H4,M,2026-03-31 05:00:00,0.6844,0.68692,0.68388,0.68613,22087
18995,60,H4,M,2026-03-31 09:00:00,0.68612,0.68904,0.68499,0.68764,29080
18996,60,H4,M,2026-03-31 13:00:00,0.68766,0.68988,0.68352,0.68854,54889
18997,60,H4,M,2026-03-31 17:00:00,0.68855,0.69039,0.68822,0.69005,33140
18998,60,H4,M,2026-03-31 21:00:00,0.68962,0.69304,0.68957,0.69274,9277
18999,60,H4,M,2026-04-01 01:00:00,0.69276,0.69282,0.68999,0.69029,16251
19000,60,H4,M,2026-04-01 05:00:00,0.69028,0.69528,0.69014,0.69414,30076
19001,60,H4,M,2026-04-01 09:00:00,0.69416,0.69627,0.69344,0.6941,24300
19002,60,H4,M,2026-04-01 13:00:00,0.69412,0.69556,0.69334,0.69464,41997
19003,60,H4,M,2026-04-01 17:00:00,0.69468,0.69511,0.69128,0.6929,16537
19004,60,H4,M,2026-04-01 21:00:00,0.69238,0.6935,0.69196,0.69309,9516
19005,60,H4,M,2026-04-02 01:00:00,0.69308,0.6941,0.6874,0.68788,53070
19006,60,H4,M,2026-04-02 05:00:00,0.68789,0.68856,0.6866,0.6875,20982
19007,60,H4,M,2026-04-02 09:00:00,0.68754,0.6887,0.68598,0.68814,18692
19008,60,H4,M,2026-04-02 13:00:00,0.68816,0.69182,0.68759,0.69092,46343
19009,60,H4,M,2026-04-02 17:00:00,0.69088,0.69154,0.6903,0.69106,12015
19010,60,H4,M,2026-04-02 21:00:00,0.68997,0.6916,0.68997,0.6913,4198
19011,60,H4,M,2026-04-03 01:00:00,0.69131,0.69138,0.69047,0.69066,3028
19012,60,H4,M,2026-04-03 05:00:00,0.69064,0.69152,0.69034,0.6909,3840
19013,60,H4,M,2026-04-03 09:00:00,0.6909,0.69116,0.6894,0.68998,8175
19014,60,H4,M,2026-04-03 13:00:00,0.69002,0.69066,0.68904,0.68912,6536
19015,60,H4,M,2026-04-03 17:00:00,0.68913,0.69013,0.68852,0.6895,5547
19016,60,H4,M,2026-04-05 21:00:00,0.68882,0.68962,0.68762,0.68954,16435
19017,60,H4,M,2026-04-06 01:00:00,0.68956,0.69167,0.68918,0.69094,15213
19018,60,H4,M,2026-04-06 05:00:00,0.69094,0.69352,0.69056,0.69311,15790
19019,60,H4,M,2026-04-06 09:00:00,0.69312,0.69362,0.69186,0.69283,14940
19020,60,H4,M,2026-04-06 13:00:00,0.69282,0.69381,0.69116,0.6916,30944
19021,60,H4,M,2026-04-06 17:00:00,0.6916,0.69248,0.6906,0.69182,15238
19022,60,H4,M,2026-04-06 21:00:00,0.69168,0.69232,0.69113,0.69116,8222
19023,60,H4,M,2026-04-07 01:00:00,0.69116,0.692,0.68985,0.69176,16605
19024,60,H4,M,2026-04-07 05:00:00,0.69177,0.69488,0.69092,0.69458,23981
19025,60,H4,M,2026-04-07 09:00:00,0.69456,0.69471,0.69244,0.69378,30023
19026,60,H4,M,2026-04-07 13:00:00,0.69377,0.69525,0.69246,0.6946,39054
19027,60,H4,M,2026-04-07 17:00:00,0.6946,0.6979,0.69442,0.69761,27110
19028,60,H4,M,2026-04-07 21:00:00,0.69702,0.70847,0.69654,0.70534,46974
19029,60,H4,M,2026-04-08 01:00:00,0.70534,0.70728,0.70428,0.70675,24835
19030,60,H4,M,2026-04-08 05:00:00,0.70674,0.70834,0.70326,0.70446,25287
19031,60,H4,M,2026-04-08 09:00:00,0.70448,0.70738,0.70332,0.70708,22509
19032,60,H4,M,2026-04-08 13:00:00,0.70704,0.70783,0.70436,0.70606,43531
19033,60,H4,M,2026-04-08 17:00:00,0.70606,0.70626,0.70288,0.70436,21328
19034,60,H4,M,2026-04-08 21:00:00,0.70452,0.70508,0.70301,0.70354,8201
19035,60,H4,M,2026-04-09 01:00:00,0.70353,0.70464,0.7025,0.70403,13811
19036,60,H4,M,2026-04-09 05:00:00,0.70402,0.70452,0.70226,0.70267,18252
19037,60,H4,M,2026-04-09 09:00:00,0.70266,0.70461,0.70222,0.70413,15843
19038,60,H4,M,2026-04-09 13:00:00,0.70415,0.70923,0.70397,0.70858,33174
19039,60,H4,M,2026-04-09 17:00:00,0.70857,0.70949,0.70731,0.70837,15807
19040,60,H4,M,2026-04-09 21:00:00,0.70802,0.7087,0.70703,0.70758,6518
19041,60,H4,M,2026-04-10 01:00:00,0.70758,0.70833,0.70654,0.70671,9237
19042,60,H4,M,2026-04-10 05:00:00,0.7067,0.7073,0.70535,0.70582,11884
19043,60,H4,M,2026-04-10 09:00:00,0.70584,0.70836,0.70572,0.70764,18609
19044,60,H4,M,2026-04-10 13:00:00,0.70764,0.70938,0.7065,0.70713,26469
19045,60,H4,M,2026-04-10 17:00:00,0.70711,0.70822,0.70558,0.70639,12151
19046,60,H4,M,2026-04-12 21:00:00,0.69946,0.70339,0.69927,0.70339,14044
19047,60,H4,M,2026-04-13 01:00:00,0.7034,0.70424,0.70277,0.70368,12687
19048,60,H4,M,2026-04-13 05:00:00,0.70368,0.70588,0.70345,0.70523,14911
19049,60,H4,M,2026-04-13 09:00:00,0.70524,0.70555,0.70294,0.70437,13999
19050,60,H4,M,2026-04-13 13:00:00,0.70439,0.70844,0.70422,0.70812,33744
19051,60,H4,M,2026-04-13 17:00:00,0.70813,0.71006,0.70813,0.7096,9657
19052,60,H4,M,2026-04-13 21:00:00,0.7092,0.71025,0.70869,0.70903,6451
19053,60,H4,M,2026-04-14 01:00:00,0.70904,0.70914,0.70787,0.70882,9049
19054,60,H4,M,2026-04-14 05:00:00,0.70886,0.71076,0.70772,0.71043,16795
19055,60,H4,M,2026-04-14 09:00:00,0.71044,0.71368,0.7104,0.71364,17009
19056,60,H4,M,2026-04-14 13:00:00,0.71363,0.7148,0.7128,0.71293,22383
19057,60,H4,M,2026-04-14 17:00:00,0.71293,0.71355,0.71243,0.71266,8184
19058,60,H4,M,2026-04-14 21:00:00,0.71199,0.71332,0.71186,0.71257,6671
19059,60,H4,M,2026-04-15 01:00:00,0.71256,0.7134,0.71224,0.7133,8558
19060,60,H4,M,2026-04-15 05:00:00,0.71329,0.71483,0.71329,0.7144,12896
19061,60,H4,M,2026-04-15 09:00:00,0.7144,0.7148,0.71296,0.71388,18227
19062,60,H4,M,2026-04-15 13:00:00,0.71389,0.71684,0.71389,0.71664,20996
19063,60,H4,M,2026-04-15 17:00:00,0.71665,0.71778,0.71611,0.71706,8901
19064,60,H4,M,2026-04-15 21:00:00,0.71648,0.7178,0.71648,0.71762,5282
19065,60,H4,M,2026-04-16 01:00:00,0.7176,0.71976,0.7163,0.71888,13682
19066,60,H4,M,2026-04-16 05:00:00,0.71886,0.71913,0.71689,0.71747,16412
19067,60,H4,M,2026-04-16 09:00:00,0.71742,0.71758,0.71642,0.71723,14647
19068,60,H4,M,2026-04-16 13:00:00,0.71726,0.71782,0.71532,0.7159,29576
19069,60,H4,M,2026-04-16 17:00:00,0.71591,0.71636,0.71522,0.71621,12266
19070,60,H4,M,2026-04-16 21:00:00,0.71633,0.71652,0.7154,0.71611,7610
19071,60,H4,M,2026-04-17 01:00:00,0.7161,0.71696,0.71588,0.71686,7187
19072,60,H4,M,2026-04-17 05:00:00,0.71685,0.71811,0.71609,0.71798,11394
19073,60,H4,M,2026-04-17 09:00:00,0.71794,0.72119,0.71672,0.72114,17715
19074,60,H4,M,2026-04-17 13:00:00,0.72115,0.7222,0.71848,0.71884,42746
19075,60,H4,M,2026-04-17 17:00:00,0.71882,0.71884,0.7166,0.71674,14929
19076,60,H4,M,2026-04-19 21:00:00,0.71272,0.71504,0.71166,0.71498,13561
19077,60,H4,M,2026-04-20 01:00:00,0.715,0.71588,0.71464,0.7156,11376
19078,60,H4,M,2026-04-20 05:00:00,0.71555,0.71654,0.71422,0.71496,20217
19079,60,H4,M,2026-04-20 09:00:00,0.71495,0.71646,0.71495,0.71584,17591
19080,60,H4,M,2026-04-20 13:00:00,0.71586,0.71773,0.7154,0.71728,30821
19081,60,H4,M,2026-04-20 17:00:00,0.71729,0.71802,0.71704,0.71784,8998
19082,60,H4,M,2026-04-20 21:00:00,0.71748,0.71827,0.71692,0.71738,7186
19083,60,H4,M,2026-04-21 01:00:00,0.7174,0.71823,0.7165,0.71666,9402
19084,60,H4,M,2026-04-21 05:00:00,0.71666,0.7173,0.71436,0.71556,15643
19085,60,H4,M,2026-04-21 09:00:00,0.71554,0.71662,0.7149,0.71602,14761
19086,60,H4,M,2026-04-21 13:00:00,0.71602,0.71862,0.71506,0.71507,29816
19087,60,H4,M,2026-04-21 17:00:00,0.71505,0.71638,0.71303,0.71542,35863
19088,60,H4,M,2026-04-21 21:00:00,0.7151,0.7164,0.71478,0.71609,6354
19089,60,H4,M,2026-04-22 01:00:00,0.7161,0.71638,0.71532,0.71569,8731
19090,60,H4,M,2026-04-22 05:00:00,0.7157,0.71764,0.71565,0.71652,14596
19091,60,H4,M,2026-04-22 09:00:00,0.71649,0.71684,0.71464,0.71484,13606
19092,60,H4,M,2026-04-22 13:00:00,0.71484,0.71699,0.71466,0.71581,20963
19093,60,H4,M,2026-04-22 17:00:00,0.7158,0.71652,0.71558,0.7161,9315
19094,60,H4,M,2026-04-22 21:00:00,0.71582,0.71669,0.71368,0.71624,13181
19095,60,H4,M,2026-04-23 01:00:00,0.71619,0.71631,0.71366,0.71484,17431
19096,60,H4,M,2026-04-23 05:00:00,0.71483,0.71584,0.7147,0.71538,13547
19097,60,H4,M,2026-04-23 09:00:00,0.71537,0.71548,0.71331,0.71462,20234
19098,60,H4,M,2026-04-23 13:00:00,0.71463,0.71634,0.71378,0.7155,24766
19099,60,H4,M,2026-04-23 17:00:00,0.71551,0.71566,0.71112,0.71284,38074
19100,60,H4,M,2026-04-23 21:00:00,0.71324,0.71355,0.71251,0.71324,5412
19101,60,H4,M,2026-04-24 01:00:00,0.71326,0.71362,0.71148,0.71247,13197
19102,60,H4,M,2026-04-24 05:00:00,0.71249,0.71378,0.71202,0.71324,13821
19103,60,H4,M,2026-04-24 09:00:00,0.71325,0.7152,0.71266,0.71356,17845
19104,60,H4,M,2026-04-24 13:00:00,0.71357,0.71554,0.71258,0.71516,26998
19105,60,H4,M,2026-04-24 17:00:00,0.71516,0.71552,0.71463,0.71478,9016
19106,60,H4,M,2026-04-26 21:00:00,0.71311,0.71578,0.71304,0.71576,5432
19107,60,H4,M,2026-04-27 01:00:00,0.71577,0.71777,0.71577,0.71681,11184
19108,60,H4,M,2026-04-27 05:00:00,0.71684,0.719,0.71574,0.7188,13239
19109,60,H4,M,2026-04-27 09:00:00,0.71882,0.71958,0.71826,0.7188,9519
19110,60,H4,M,2026-04-27 13:00:00,0.7188,0.72002,0.71829,0.71898,17043
19111,60,H4,M,2026-04-27 17:00:00,0.71897,0.71938,0.71846,0.71857,6368
19112,60,H4,M,2026-04-27 21:00:00,0.7183,0.71948,0.71823,0.71912,4751
19113,60,H4,M,2026-04-28 01:00:00,0.7191,0.71918,0.7174,0.71827,10948
19114,60,H4,M,2026-04-28 05:00:00,0.71828,0.71838,0.71624,0.71782,17746
19115,60,H4,M,2026-04-28 09:00:00,0.7178,0.7178,0.7151,0.71654,21248
19116,60,H4,M,2026-04-28 13:00:00,0.71653,0.71826,0.71602,0.7181,26195
19117,60,H4,M,2026-04-28 17:00:00,0.7181,0.71869,0.71774,0.71819,7648
19118,60,H4,M,2026-04-28 21:00:00,0.71788,0.71898,0.71771,0.7186,4598
19119,60,H4,M,2026-04-29 01:00:00,0.71863,0.71863,0.71596,0.71634,14265
19120,60,H4,M,2026-04-29 05:00:00,0.71634,0.71668,0.71544,0.71558,13777
19121,60,H4,M,2026-04-29 09:00:00,0.71557,0.71664,0.71492,0.71554,12810
19122,60,H4,M,2026-04-29 13:00:00,0.71554,0.71599,0.71186,0.71272,27466
19123,60,H4,M,2026-04-29 17:00:00,0.7127,0.71335,0.71018,0.71164,29494
19124,60,H4,M,2026-04-29 21:00:00,0.71132,0.7133,0.71121,0.71218,7248
19125,60,H4,M,2026-04-30 01:00:00,0.71214,0.71308,0.71154,0.7116,16119
19126,60,H4,M,2026-04-30 05:00:00,0.71161,0.71398,0.71102,0.71298,19299
19127,60,H4,M,2026-04-30 09:00:00,0.71299,0.71671,0.71273,0.71498,33259
19128,60,H4,M,2026-04-30 13:00:00,0.71499,0.71916,0.71498,0.71824,32913
19129,60,H4,M,2026-04-30 17:00:00,0.71826,0.72034,0.71806,0.72017,12601
19130,60,H4,M,2026-04-30 21:00:00,0.71951,0.7205,0.71951,0.72009,5769
19131,60,H4,M,2026-05-01 01:00:00,0.72008,0.72052,0.71898,0.71912,6511
19132,60,H4,M,2026-05-01 05:00:00,0.7191,0.7203,0.71863,0.71952,14116
19133,60,H4,M,2026-05-01 09:00:00,0.71954,0.72086,0.71836,0.72027,14250
19134,60,H4,M,2026-05-01 13:00:00,0.72025,0.7228,0.72004,0.72115,27527
19135,60,H4,M,2026-05-01 17:00:00,0.72115,0.72158,0.7197,0.72024,11796
19136,60,H4,M,2026-05-03 21:00:00,0.72163,0.72204,0.72059,0.72096,6603
19137,60,H4,M,2026-05-04 01:00:00,0.72094,0.72176,0.7201,0.7208,12549
19138,60,H4,M,2026-05-04 05:00:00,0.72078,0.72102,0.7188,0.71948,14697
19139,60,H4,M,2026-05-04 09:00:00,0.7195,0.71998,0.71682,0.71878,25568
19140,60,H4,M,2026-05-04 13:00:00,0.71878,0.71952,0.71534,0.71578,31803
19141,60,H4,M,2026-05-04 17:00:00,0.7158,0.71748,0.71573,0.7167,12345
19142,60,H4,M,2026-05-04 21:00:00,0.71706,0.71715,0.7158,0.71599,4716
19143,60,H4,M,2026-05-05 01:00:00,0.71598,0.7171,0.71516,0.71518,9883
19144,60,H4,M,2026-05-05 05:00:00,0.71515,0.71636,0.71358,0.71576,16626
19145,60,H4,M,2026-05-05 09:00:00,0.71575,0.71828,0.71536,0.71753,14910
19146,60,H4,M,2026-05-05 13:00:00,0.71752,0.71979,0.71752,0.71872,19360
19147,60,H4,M,2026-05-05 17:00:00,0.71872,0.71912,0.71814,0.71826,6583
19148,60,H4,M,2026-05-05 21:00:00,0.71812,0.72242,0.71796,0.72238,11739
19149,60,H4,M,2026-05-06 01:00:00,0.72238,0.72508,0.7221,0.72442,17954
19150,60,H4,M,2026-05-06 05:00:00,0.72443,0.72677,0.72328,0.72604,20143
19151,60,H4,M,2026-05-06 09:00:00,0.72604,0.72777,0.72318,0.72378,30954
19152,60,H4,M,2026-05-06 13:00:00,0.72379,0.72476,0.72242,0.72268,26521
19153,60,H4,M,2026-05-06 17:00:00,0.72266,0.72414,0.72258,0.72375,8637
19154,60,H4,M,2026-05-06 21:00:00,0.72381,0.72433,0.7232,0.72356,7361
19155,60,H4,M,2026-05-07 01:00:00,0.72357,0.72506,0.72318,0.72476,12571
19156,60,H4,M,2026-05-07 05:00:00,0.72476,0.72642,0.72406,0.72591,15740
19157,60,H4,M,2026-05-07 09:00:00,0.7259,0.72638,0.72506,0.72528,13209
19158,60,H4,M,2026-05-07 13:00:00,0.72528,0.72583,0.7233,0.72387,25116
19159,60,H4,M,2026-05-07 17:00:00,0.72389,0.72418,0.72045,0.7206,23909
19160,60,H4,M,2026-05-07 21:00:00,0.72087,0.7212,0.72002,0.72076,8964
19161,60,H4,M,2026-05-08 01:00:00,0.72078,0.72222,0.7204,0.72206,12977
19162,60,H4,M,2026-05-08 05:00:00,0.72206,0.72362,0.72178,0.72343,15005
19163,60,H4,M,2026-05-08 09:00:00,0.72348,0.72491,0.7228,0.72385,15687
19164,60,H4,M,2026-05-08 13:00:00,0.72382,0.72484,0.72291,0.72408,22778
19165,60,H4,M,2026-05-08 17:00:00,0.72405,0.72492,0.72402,0.72473,8180
19166,60,H4,M,2026-05-10 21:00:00,0.72233,0.72404,0.72189,0.7238,10566
19167,60,H4,M,2026-05-11 01:00:00,0.7238,0.72396,0.72254,0.72273,9796
19168,60,H4,M,2026-05-11 05:00:00,0.72274,0.72478,0.72266,0.72384,11248
19169,60,H4,M,2026-05-11 09:00:00,0.72381,0.72486,0.72358,0.72434,10402
19170,60,H4,M,2026-05-11 13:00:00,0.72436,0.72596,0.7243,0.72507,16705
19171,60,H4,M,2026-05-11 17:00:00,0.72508,0.72556,0.72443,0.72496,7294
19172,60,H4,M,2026-05-11 21:00:00,0.72494,0.72522,0.72332,0.7235,5820
19173,60,H4,M,2026-05-12 01:00:00,0.72348,0.72382,0.72224,0.72321,10420
19174,60,H4,M,2026-05-12 05:00:00,0.7232,0.7235,0.72089,0.72176,16636
19175,60,H4,M,2026-05-12 09:00:00,0.72172,0.7233,0.72148,0.7231,15218
19176,60,H4,M,2026-05-12 13:00:00,0.72309,0.72322,0.72144,0.72158,24702
19177,60,H4,M,2026-05-12 17:00:00,0.72158,0.7242,0.72156,0.72403,10753
19178,60,H4,M,2026-05-12 21:00:00,0.72404,0.72422,0.72327,0.72368,5012
19179,60,H4,M,2026-05-13 01:00:00,0.72366,0.72478,0.72308,0.7235,9503
19180,60,H4,M,2026-05-13 05:00:00,0.7235,0.72428,0.72329,0.72412,12094
19181,60,H4,M,2026-05-13 09:00:00,0.72412,0.72534,0.72352,0.72419,14356
19182,60,H4,M,2026-05-13 13:00:00,0.7242,0.72718,0.724,0.72602,21911
19183,60,H4,M,2026-05-13 17:00:00,0.72602,0.72642,0.72508,0.72582,9903
19184,60,H4,M,2026-05-13 21:00:00,0.72614,0.72618,0.72486,0.72514,6474
19185,60,H4,M,2026-05-14 01:00:00,0.72514,0.726,0.72439,0.72565,9379
19186,60,H4,M,2026-05-14 05:00:00,0.72566,0.72644,0.72408,0.72526,14167
19187,60,H4,M,2026-05-14 09:00:00,0.72527,0.7254,0.72348,0.72348,12488
19188,60,H4,M,2026-05-14 13:00:00,0.72348,0.72364,0.7216,0.72213,20511
19189,60,H4,M,2026-05-14 17:00:00,0.72212,0.7227,0.72177,0.72202,10459
19190,60,H4,M,2026-05-14 21:00:00,0.7222,0.7223,0.72014,0.7206,7009
19191,60,H4,M,2026-05-15 01:00:00,0.7206,0.72075,0.71812,0.71814,14673
19192,60,H4,M,2026-05-15 05:00:00,0.71816,0.71816,0.71549,0.71568,21605
19193,60,H4,M,2026-05-15 09:00:00,0.71572,0.71802,0.71399,0.71534,20392
19194,60,H4,M,2026-05-15 13:00:00,0.71533,0.71664,0.71436,0.71568,27253
19195,60,H4,M,2026-05-15 17:00:00,0.71568,0.71634,0.7145,0.71482,12501
19196,60,H4,M,2026-05-17 21:00:00,0.71528,0.7156,0.71187,0.71248,12086
19197,60,H4,M,2026-05-18 01:00:00,0.71248,0.71379,0.71202,0.71316,15994
19198,60,H4,M,2026-05-18 05:00:00,0.71317,0.7165,0.71267,0.71582,17825
19199,60,H4,M,2026-05-18 09:00:00,0.71584,0.71845,0.71464,0.71786,18702
19200,60,H4,M,2026-05-18 13:00:00,0.71785,0.7181,0.71486,0.71621,29348
19201,60,H4,M,2026-05-18 17:00:00,0.7162,0.7175,0.7148,0.71688,19061
21644,69,H4,M,2025-12-11 22:00:00,1.3391,1.34,1.33884,1.33922,20148
21645,69,H4,M,2025-12-12 02:00:00,1.33922,1.33969,1.33884,1.33955,15953
21646,69,H4,M,2025-12-12 06:00:00,1.33956,1.33992,1.33736,1.33828,32929
21647,69,H4,M,2025-12-12 10:00:00,1.33829,1.33836,1.33645,1.33698,28715
21648,69,H4,M,2025-12-12 14:00:00,1.33696,1.33784,1.33424,1.33731,50530
21649,69,H4,M,2025-12-12 18:00:00,1.33732,1.33771,1.33566,1.33718,21330
21650,69,H4,M,2025-12-14 22:00:00,1.33778,1.33782,1.33559,1.33734,16510
21651,69,H4,M,2025-12-15 02:00:00,1.3373,1.33742,1.3355,1.33642,19076
21652,69,H4,M,2025-12-15 06:00:00,1.33641,1.33886,1.33575,1.33878,31744
21653,69,H4,M,2025-12-15 10:00:00,1.33876,1.33966,1.33746,1.33874,25850
21654,69,H4,M,2025-12-15 14:00:00,1.33872,1.34016,1.33657,1.33679,45455
21655,69,H4,M,2025-12-15 18:00:00,1.33678,1.33788,1.33598,1.33774,20837
21656,69,H4,M,2025-12-15 22:00:00,1.33723,1.33836,1.33617,1.33681,21146
21657,69,H4,M,2025-12-16 02:00:00,1.33682,1.3374,1.33611,1.33624,30500
21658,69,H4,M,2025-12-16 06:00:00,1.33624,1.34158,1.33554,1.34104,36148
21659,69,H4,M,2025-12-16 10:00:00,1.34104,1.34562,1.34068,1.34256,50934
21660,69,H4,M,2025-12-16 14:00:00,1.34256,1.34476,1.34042,1.34238,64393
21661,69,H4,M,2025-12-16 18:00:00,1.34238,1.34362,1.33998,1.34214,35508
21662,69,H4,M,2025-12-16 22:00:00,1.34234,1.3427,1.34196,1.34248,14489
21663,69,H4,M,2025-12-17 02:00:00,1.34246,1.34246,1.33795,1.33836,19331
21664,69,H4,M,2025-12-17 06:00:00,1.33836,1.33901,1.33116,1.33257,41435
21665,69,H4,M,2025-12-17 10:00:00,1.33258,1.33592,1.33204,1.33563,33580
21666,69,H4,M,2025-12-17 14:00:00,1.33564,1.34068,1.33487,1.33872,48473
21667,69,H4,M,2025-12-17 18:00:00,1.3387,1.33948,1.33727,1.33746,21231
21668,69,H4,M,2025-12-17 22:00:00,1.3376,1.33815,1.33617,1.33647,14341
21669,69,H4,M,2025-12-18 02:00:00,1.33648,1.33741,1.33617,1.337,16839
21670,69,H4,M,2025-12-18 06:00:00,1.33698,1.33754,1.33411,1.33488,30947
21671,69,H4,M,2025-12-18 10:00:00,1.33484,1.34426,1.33434,1.34278,53854
21672,69,H4,M,2025-12-18 14:00:00,1.34278,1.34466,1.33704,1.33814,66308
21673,69,H4,M,2025-12-18 18:00:00,1.33814,1.33907,1.33753,1.33823,23471
21674,69,H4,M,2025-12-18 22:00:00,1.33811,1.3391,1.3378,1.33826,16501
21675,69,H4,M,2025-12-19 02:00:00,1.33824,1.33862,1.33696,1.33757,23866
21676,69,H4,M,2025-12-19 06:00:00,1.33758,1.33877,1.33631,1.33818,37057
21677,69,H4,M,2025-12-19 10:00:00,1.33817,1.33867,1.33576,1.33722,31001
21678,69,H4,M,2025-12-19 14:00:00,1.33724,1.33868,1.33571,1.33774,45057
21679,69,H4,M,2025-12-19 18:00:00,1.33774,1.33942,1.33727,1.33768,23256
21680,69,H4,M,2025-12-21 22:00:00,1.33784,1.33983,1.33748,1.33958,46850
21681,69,H4,M,2025-12-22 02:00:00,1.33963,1.34018,1.33916,1.33972,13789
21682,69,H4,M,2025-12-22 06:00:00,1.33972,1.34247,1.33919,1.34244,27689
21683,69,H4,M,2025-12-22 10:00:00,1.34244,1.34444,1.34244,1.34378,35493
21684,69,H4,M,2025-12-22 14:00:00,1.34378,1.34778,1.34316,1.34709,37213
21685,69,H4,M,2025-12-22 18:00:00,1.34709,1.3471,1.3454,1.34626,20604
21686,69,H4,M,2025-12-22 22:00:00,1.34562,1.34836,1.34562,1.3477,19098
21687,69,H4,M,2025-12-23 02:00:00,1.34769,1.34937,1.34769,1.3489,20739
21688,69,H4,M,2025-12-23 06:00:00,1.3489,1.35186,1.34798,1.35056,35638
21689,69,H4,M,2025-12-23 10:00:00,1.35056,1.35188,1.34943,1.34946,41544
21690,69,H4,M,2025-12-23 14:00:00,1.34948,1.35007,1.34711,1.34734,50452
21691,69,H4,M,2025-12-23 18:00:00,1.34733,1.35242,1.34718,1.3518,16907
21692,69,H4,M,2025-12-23 22:00:00,1.35116,1.3532,1.35034,1.35292,15980
21693,69,H4,M,2025-12-24 02:00:00,1.35293,1.35343,1.35096,1.35191,21070
21694,69,H4,M,2025-12-24 06:00:00,1.3519,1.3528,1.35027,1.3522,31560
21695,69,H4,M,2025-12-24 10:00:00,1.35218,1.35239,1.35013,1.35049,35249
21696,69,H4,M,2025-12-24 14:00:00,1.35045,1.35108,1.3492,1.34978,46525
21697,69,H4,M,2025-12-24 18:00:00,1.34978,1.35088,1.34946,1.3507,28142
21698,69,H4,M,2025-12-25 22:00:00,1.35201,1.35228,1.35015,1.35128,34765
21699,69,H4,M,2025-12-26 02:00:00,1.35127,1.35192,1.34868,1.34946,27106
21700,69,H4,M,2025-12-26 06:00:00,1.34947,1.35004,1.34774,1.34854,45740
21701,69,H4,M,2025-12-26 10:00:00,1.34854,1.35274,1.34837,1.35168,49571
21702,69,H4,M,2025-12-26 14:00:00,1.35168,1.35258,1.34816,1.3495,60158
21703,69,H4,M,2025-12-26 18:00:00,1.34952,1.35066,1.34902,1.3499,38282
21704,69,H4,M,2025-12-28 22:00:00,1.3493,1.35119,1.3489,1.35092,20167
21705,69,H4,M,2025-12-29 02:00:00,1.35091,1.351,1.34837,1.3491,21650
21706,69,H4,M,2025-12-29 06:00:00,1.34914,1.3508,1.34737,1.34906,39837
21707,69,H4,M,2025-12-29 10:00:00,1.34904,1.35112,1.34692,1.34936,42166
21708,69,H4,M,2025-12-29 14:00:00,1.34936,1.35128,1.34816,1.34856,67021
21709,69,H4,M,2025-12-29 18:00:00,1.34856,1.35159,1.34844,1.35129,26067
21710,69,H4,M,2025-12-29 22:00:00,1.35076,1.35113,1.34977,1.3509,14695
21711,69,H4,M,2025-12-30 02:00:00,1.3509,1.35172,1.34999,1.35148,16830
21712,69,H4,M,2025-12-30 06:00:00,1.35148,1.35216,1.35008,1.35145,28890
21713,69,H4,M,2025-12-30 10:00:00,1.35144,1.3531,1.34869,1.34877,32645
21714,69,H4,M,2025-12-30 14:00:00,1.34878,1.34882,1.34496,1.34698,39541
21715,69,H4,M,2025-12-30 18:00:00,1.34697,1.34748,1.34612,1.34687,16176
21716,69,H4,M,2025-12-30 22:00:00,1.34686,1.34706,1.34586,1.34614,15227
21717,69,H4,M,2025-12-31 02:00:00,1.34613,1.34658,1.34574,1.34608,26287
21718,69,H4,M,2025-12-31 06:00:00,1.34609,1.34655,1.34258,1.34377,35032
21719,69,H4,M,2025-12-31 10:00:00,1.34382,1.34766,1.34328,1.34544,42346
21720,69,H4,M,2025-12-31 14:00:00,1.34544,1.34608,1.34016,1.34522,61272
21721,69,H4,M,2025-12-31 18:00:00,1.34521,1.34838,1.34469,1.34738,22381
21722,69,H4,M,2026-01-01 22:00:00,1.34688,1.34881,1.34632,1.34878,10328
21723,69,H4,M,2026-01-02 02:00:00,1.34878,1.34914,1.34696,1.34712,11594
21724,69,H4,M,2026-01-02 06:00:00,1.3471,1.34714,1.34492,1.3455,31936
21725,69,H4,M,2026-01-02 10:00:00,1.34551,1.34598,1.34342,1.34576,34138
21726,69,H4,M,2026-01-02 14:00:00,1.34576,1.3502,1.34534,1.34628,44635
21727,69,H4,M,2026-01-02 18:00:00,1.34628,1.3467,1.34464,1.34602,24292
21728,69,H4,M,2026-01-04 22:00:00,1.34545,1.34599,1.34371,1.34402,24804
21729,69,H4,M,2026-01-05 02:00:00,1.34402,1.34429,1.3414,1.34283,27504
21730,69,H4,M,2026-01-05 06:00:00,1.34282,1.34436,1.34176,1.34429,36548
21731,69,H4,M,2026-01-05 10:00:00,1.34428,1.34742,1.3425,1.34528,40708
21732,69,H4,M,2026-01-05 14:00:00,1.34529,1.35396,1.34508,1.35328,56140
21733,69,H4,M,2026-01-05 18:00:00,1.35328,1.35484,1.3529,1.35427,21669
21734,69,H4,M,2026-01-05 22:00:00,1.35415,1.35463,1.35281,1.35462,15829
21735,69,H4,M,2026-01-06 02:00:00,1.35464,1.35624,1.35418,1.35495,20627
21736,69,H4,M,2026-01-06 06:00:00,1.35494,1.3568,1.35357,1.35357,37001
21737,69,H4,M,2026-01-06 10:00:00,1.35358,1.35399,1.35066,1.35241,40787
21738,69,H4,M,2026-01-06 14:00:00,1.3524,1.35347,1.34916,1.35102,50261
21739,69,H4,M,2026-01-06 18:00:00,1.35102,1.35122,1.34926,1.3502,22142
21740,69,H4,M,2026-01-06 22:00:00,1.35044,1.35103,1.34954,1.3506,16571
21741,69,H4,M,2026-01-07 02:00:00,1.35056,1.35169,1.3503,1.35084,23352
21742,69,H4,M,2026-01-07 06:00:00,1.35084,1.35169,1.34852,1.34946,29629
21743,69,H4,M,2026-01-07 10:00:00,1.34945,1.35058,1.34822,1.34946,38268
21744,69,H4,M,2026-01-07 14:00:00,1.34947,1.35024,1.34684,1.34732,54241
21745,69,H4,M,2026-01-07 18:00:00,1.34732,1.34737,1.34564,1.3458,22004
21746,69,H4,M,2026-01-07 22:00:00,1.34596,1.34627,1.34532,1.34558,12757
21747,69,H4,M,2026-01-08 02:00:00,1.34558,1.34657,1.34508,1.34583,22014
21748,69,H4,M,2026-01-08 06:00:00,1.34584,1.34618,1.34322,1.34382,34535
21749,69,H4,M,2026-01-08 10:00:00,1.34382,1.34508,1.34158,1.34234,34385
21750,69,H4,M,2026-01-08 14:00:00,1.34232,1.34471,1.34175,1.3436,48777
21751,69,H4,M,2026-01-08 18:00:00,1.3436,1.34456,1.34196,1.34402,21946
21752,69,H4,M,2026-01-08 22:00:00,1.34363,1.34424,1.34269,1.34282,16137
21753,69,H4,M,2026-01-09 02:00:00,1.34281,1.34382,1.34246,1.34302,22603
21754,69,H4,M,2026-01-09 06:00:00,1.34302,1.34346,1.34048,1.34103,32074
21755,69,H4,M,2026-01-09 10:00:00,1.34102,1.34511,1.33977,1.34357,47927
21756,69,H4,M,2026-01-09 14:00:00,1.34357,1.34434,1.33926,1.3403,73874
21757,69,H4,M,2026-01-09 18:00:00,1.34029,1.34146,1.33972,1.34021,20567
21758,69,H4,M,2026-01-11 22:00:00,1.33999,1.3441,1.33908,1.34276,21518
21759,69,H4,M,2026-01-12 02:00:00,1.34275,1.34366,1.34165,1.34341,21029
21760,69,H4,M,2026-01-12 06:00:00,1.3434,1.34694,1.34296,1.34538,35390
21761,69,H4,M,2026-01-12 10:00:00,1.34538,1.3486,1.3448,1.34818,34012
21762,69,H4,M,2026-01-12 14:00:00,1.34818,1.34834,1.34553,1.34643,44892
21763,69,H4,M,2026-01-12 18:00:00,1.34642,1.34702,1.34572,1.34646,15698
21764,69,H4,M,2026-01-12 22:00:00,1.34662,1.34771,1.34622,1.34703,15408
21765,69,H4,M,2026-01-13 02:00:00,1.34704,1.34788,1.34696,1.34724,21924
21766,69,H4,M,2026-01-13 06:00:00,1.34724,1.34854,1.34624,1.34811,31033
21767,69,H4,M,2026-01-13 10:00:00,1.3481,1.34949,1.34544,1.34753,41783
21768,69,H4,M,2026-01-13 14:00:00,1.34754,1.34774,1.34251,1.34336,58482
21769,69,H4,M,2026-01-13 18:00:00,1.34336,1.3441,1.34216,1.34222,21593
21770,69,H4,M,2026-01-13 22:00:00,1.34255,1.34284,1.34198,1.34227,13531
21771,69,H4,M,2026-01-14 02:00:00,1.34228,1.34478,1.34212,1.34357,18807
21772,69,H4,M,2026-01-14 06:00:00,1.34358,1.3459,1.34345,1.3457,31178
21773,69,H4,M,2026-01-14 10:00:00,1.34569,1.34588,1.34387,1.34449,36141
21774,69,H4,M,2026-01-14 14:00:00,1.34446,1.34643,1.34303,1.3432,52033
21775,69,H4,M,2026-01-14 18:00:00,1.34319,1.34473,1.34248,1.3447,22190
21776,69,H4,M,2026-01-14 22:00:00,1.3443,1.34464,1.34274,1.34354,20591
21777,69,H4,M,2026-01-15 02:00:00,1.34348,1.34348,1.34232,1.34274,21353
21778,69,H4,M,2026-01-15 06:00:00,1.34274,1.34453,1.34237,1.34368,35222
21779,69,H4,M,2026-01-15 10:00:00,1.34369,1.34388,1.33689,1.33731,35182
21780,69,H4,M,2026-01-15 14:00:00,1.33732,1.3394,1.33628,1.33876,45103
21781,69,H4,M,2026-01-15 18:00:00,1.33875,1.3394,1.33745,1.33823,20446
21782,69,H4,M,2026-01-15 22:00:00,1.33777,1.33838,1.33706,1.33797,15921
21783,69,H4,M,2026-01-16 02:00:00,1.33798,1.33914,1.33788,1.33831,21377
21784,69,H4,M,2026-01-16 06:00:00,1.33832,1.34053,1.33771,1.3397,26760
21785,69,H4,M,2026-01-16 10:00:00,1.3397,1.34132,1.33886,1.34036,32640
21786,69,H4,M,2026-01-16 14:00:00,1.34034,1.34053,1.33662,1.33787,57121
21787,69,H4,M,2026-01-16 18:00:00,1.33786,1.33873,1.33738,1.33796,22379
21788,69,H4,M,2026-01-18 22:00:00,1.3354,1.3409,1.33436,1.33917,40971
21789,69,H4,M,2026-01-19 02:00:00,1.33918,1.34062,1.33814,1.3395,46609
21790,69,H4,M,2026-01-19 06:00:00,1.33949,1.34157,1.33843,1.34062,43054
21791,69,H4,M,2026-01-19 10:00:00,1.34061,1.34169,1.3402,1.34136,31471
21792,69,H4,M,2026-01-19 14:00:00,1.34136,1.34353,1.34104,1.34314,27263
21793,69,H4,M,2026-01-19 18:00:00,1.34314,1.34338,1.34225,1.34258,8017
21794,69,H4,M,2026-01-19 22:00:00,1.34264,1.34282,1.34102,1.34239,15886
21795,69,H4,M,2026-01-20 02:00:00,1.3424,1.34498,1.34199,1.34416,20720
21796,69,H4,M,2026-01-20 06:00:00,1.34416,1.34918,1.34258,1.34748,60276
21797,69,H4,M,2026-01-20 10:00:00,1.34747,1.34852,1.34396,1.34524,60513
21798,69,H4,M,2026-01-20 14:00:00,1.34528,1.34772,1.34406,1.34564,61757
21799,69,H4,M,2026-01-20 18:00:00,1.34563,1.34576,1.34253,1.34438,25878
21800,69,H4,M,2026-01-20 22:00:00,1.34449,1.34568,1.34334,1.34522,19139
21801,69,H4,M,2026-01-21 02:00:00,1.34522,1.34547,1.34331,1.34376,22550
21802,69,H4,M,2026-01-21 06:00:00,1.34376,1.34492,1.34088,1.34104,35932
21803,69,H4,M,2026-01-21 10:00:00,1.34104,1.34442,1.34015,1.34419,47378
21804,69,H4,M,2026-01-21 14:00:00,1.34418,1.34594,1.34164,1.3428,72553
21805,69,H4,M,2026-01-21 18:00:00,1.3428,1.34328,1.34096,1.34326,36955
21806,69,H4,M,2026-01-21 22:00:00,1.34325,1.34351,1.34169,1.34304,20268
21807,69,H4,M,2026-01-22 02:00:00,1.34304,1.34394,1.34226,1.34292,21429
21808,69,H4,M,2026-01-22 06:00:00,1.34292,1.34466,1.34096,1.34442,38231
21809,69,H4,M,2026-01-22 10:00:00,1.34442,1.34529,1.34014,1.3423,56602
21810,69,H4,M,2026-01-22 14:00:00,1.3423,1.3499,1.34223,1.34924,55749
21811,69,H4,M,2026-01-22 18:00:00,1.34922,1.35072,1.34863,1.35028,20602
21812,69,H4,M,2026-01-22 22:00:00,1.3495,1.3509,1.34918,1.3498,21238
21813,69,H4,M,2026-01-23 02:00:00,1.3498,1.35007,1.34888,1.34984,24564
21814,69,H4,M,2026-01-23 06:00:00,1.34984,1.3535,1.34826,1.35302,55821
21815,69,H4,M,2026-01-23 10:00:00,1.35303,1.35365,1.35146,1.35251,41524
21816,69,H4,M,2026-01-23 14:00:00,1.3525,1.36232,1.35207,1.36084,61478
21817,69,H4,M,2026-01-23 18:00:00,1.36084,1.36466,1.3592,1.36454,45979
21818,69,H4,M,2026-01-25 22:00:00,1.36671,1.36844,1.36434,1.3661,38828
21819,69,H4,M,2026-01-26 02:00:00,1.3661,1.36798,1.36534,1.36668,34386
21820,69,H4,M,2026-01-26 06:00:00,1.36668,1.3677,1.36432,1.36722,54111
21821,69,H4,M,2026-01-26 10:00:00,1.36724,1.36758,1.36432,1.36616,42951
21822,69,H4,M,2026-01-26 14:00:00,1.36617,1.37134,1.36582,1.36882,55638
21823,69,H4,M,2026-01-26 18:00:00,1.36884,1.37015,1.36746,1.36791,30063
21824,69,H4,M,2026-01-26 22:00:00,1.36777,1.36828,1.367,1.36798,20937
21825,69,H4,M,2026-01-27 02:00:00,1.36798,1.37007,1.36716,1.36784,28305
21826,69,H4,M,2026-01-27 06:00:00,1.36783,1.37001,1.36638,1.36994,44914
21827,69,H4,M,2026-01-27 10:00:00,1.36993,1.37488,1.36832,1.37352,66312
21828,69,H4,M,2026-01-27 14:00:00,1.37354,1.3791,1.37314,1.37876,77080
21829,69,H4,M,2026-01-27 18:00:00,1.37875,1.387,1.37747,1.38482,68728
21830,69,H4,M,2026-01-27 22:00:00,1.38436,1.38494,1.37992,1.38001,30350
21831,69,H4,M,2026-01-28 02:00:00,1.38002,1.38106,1.37892,1.3805,34942
21832,69,H4,M,2026-01-28 06:00:00,1.38051,1.38314,1.37752,1.37872,59972
21833,69,H4,M,2026-01-28 10:00:00,1.37872,1.38,1.3765,1.37702,55492
21834,69,H4,M,2026-01-28 14:00:00,1.37702,1.38016,1.37494,1.37894,89972
21835,69,H4,M,2026-01-28 18:00:00,1.37894,1.38114,1.37522,1.38082,65574
21836,69,H4,M,2026-01-28 22:00:00,1.38054,1.38352,1.37982,1.3803,47856
21837,69,H4,M,2026-01-29 02:00:00,1.3803,1.3844,1.37934,1.3838,43291
21838,69,H4,M,2026-01-29 06:00:00,1.3838,1.38481,1.38006,1.38036,58091
21839,69,H4,M,2026-01-29 10:00:00,1.38036,1.38186,1.37805,1.38062,52847
21840,69,H4,M,2026-01-29 14:00:00,1.38064,1.38341,1.37424,1.3798,125325
21841,69,H4,M,2026-01-29 18:00:00,1.37978,1.38139,1.37882,1.38106,48255
21842,69,H4,M,2026-01-29 22:00:00,1.38066,1.38149,1.37585,1.37612,39381
21843,69,H4,M,2026-01-30 02:00:00,1.37614,1.37676,1.37318,1.37558,64735
21844,69,H4,M,2026-01-30 06:00:00,1.37559,1.37832,1.37251,1.3734,77138
21845,69,H4,M,2026-01-30 10:00:00,1.3734,1.37878,1.37325,1.37448,71997
21846,69,H4,M,2026-01-30 14:00:00,1.37446,1.37578,1.36998,1.3709,112771
21847,69,H4,M,2026-01-30 18:00:00,1.37089,1.37187,1.36793,1.36882,71376
21848,69,H4,M,2026-02-01 22:00:00,1.36965,1.3706,1.36623,1.36938,58773
21849,69,H4,M,2026-02-02 02:00:00,1.36937,1.37001,1.36606,1.36724,66850
21850,69,H4,M,2026-02-02 06:00:00,1.36724,1.37108,1.36618,1.37091,73058
21851,69,H4,M,2026-02-02 10:00:00,1.37088,1.37154,1.36494,1.36516,67402
21852,69,H4,M,2026-02-02 14:00:00,1.36516,1.3677,1.36232,1.36603,82596
21853,69,H4,M,2026-02-02 18:00:00,1.36602,1.36689,1.36436,1.36676,35400
21854,69,H4,M,2026-02-02 22:00:00,1.36646,1.36864,1.36604,1.36863,24519
21855,69,H4,M,2026-02-03 02:00:00,1.36861,1.36944,1.36714,1.36899,34849
21856,69,H4,M,2026-02-03 06:00:00,1.369,1.37066,1.36666,1.36668,54839
21857,69,H4,M,2026-02-03 10:00:00,1.36669,1.36897,1.36506,1.36702,49782
21858,69,H4,M,2026-02-03 14:00:00,1.36702,1.37072,1.36564,1.36958,72214
21859,69,H4,M,2026-02-03 18:00:00,1.36958,1.37024,1.36733,1.36974,37893
21860,69,H4,M,2026-02-03 22:00:00,1.36962,1.37104,1.3691,1.37064,22230
21861,69,H4,M,2026-02-04 02:00:00,1.37066,1.37199,1.36969,1.37152,26696
21862,69,H4,M,2026-02-04 06:00:00,1.37152,1.37334,1.37012,1.3709,44133
21863,69,H4,M,2026-02-04 10:00:00,1.3709,1.37292,1.36948,1.37134,45896
21864,69,H4,M,2026-02-04 14:00:00,1.37136,1.3718,1.36432,1.36464,79472
21865,69,H4,M,2026-02-04 18:00:00,1.36463,1.36636,1.36424,1.3653,35643
21866,69,H4,M,2026-02-04 22:00:00,1.36603,1.36603,1.36433,1.36481,20333
21867,69,H4,M,2026-02-05 02:00:00,1.36482,1.36484,1.36163,1.362,32318
21868,69,H4,M,2026-02-05 06:00:00,1.362,1.36329,1.35567,1.35658,45908
21869,69,H4,M,2026-02-05 10:00:00,1.35659,1.36158,1.35402,1.35852,76289
21870,69,H4,M,2026-02-05 14:00:00,1.35851,1.35894,1.35178,1.35511,87144
21871,69,H4,M,2026-02-05 18:00:00,1.35512,1.35572,1.3525,1.35312,31452
21872,69,H4,M,2026-02-05 22:00:00,1.35349,1.3543,1.35087,1.35404,26652
21873,69,H4,M,2026-02-06 02:00:00,1.35402,1.35702,1.35401,1.35696,25722
21874,69,H4,M,2026-02-06 06:00:00,1.35694,1.35825,1.35582,1.35772,40822
21875,69,H4,M,2026-02-06 10:00:00,1.35771,1.35964,1.3572,1.35889,32789
21876,69,H4,M,2026-02-06 14:00:00,1.35888,1.36238,1.35876,1.36182,47078
21877,69,H4,M,2026-02-06 18:00:00,1.36182,1.36232,1.36088,1.3612,20602
21878,69,H4,M,2026-02-08 22:00:00,1.3598,1.36208,1.3588,1.36014,26959
21879,69,H4,M,2026-02-09 02:00:00,1.36014,1.36173,1.3591,1.36144,12965
21880,69,H4,M,2026-02-09 06:00:00,1.36141,1.36292,1.35865,1.36008,44420
21881,69,H4,M,2026-02-09 10:00:00,1.36007,1.36702,1.35934,1.36511,51235
21882,69,H4,M,2026-02-09 14:00:00,1.36512,1.36913,1.36216,1.36718,59685
21883,69,H4,M,2026-02-09 18:00:00,1.36716,1.37005,1.36646,1.36962,30038
21884,69,H4,M,2026-02-09 22:00:00,1.36956,1.36996,1.36723,1.36845,18118
21885,69,H4,M,2026-02-10 02:00:00,1.36846,1.36964,1.36745,1.36783,20209
21886,69,H4,M,2026-02-10 06:00:00,1.3678,1.36844,1.36637,1.36682,33026
21887,69,H4,M,2026-02-10 10:00:00,1.36681,1.36928,1.3658,1.36813,42104
21888,69,H4,M,2026-02-10 14:00:00,1.36814,1.36967,1.36438,1.36536,56533
21889,69,H4,M,2026-02-10 18:00:00,1.36537,1.36576,1.36389,1.36432,23256
21890,69,H4,M,2026-02-10 22:00:00,1.36459,1.36531,1.36317,1.36443,22104
21891,69,H4,M,2026-02-11 02:00:00,1.36442,1.36702,1.36442,1.36699,19222
21892,69,H4,M,2026-02-11 06:00:00,1.367,1.36992,1.36644,1.36956,31584
21893,69,H4,M,2026-02-11 10:00:00,1.36956,1.37124,1.36096,1.36418,56992
21894,69,H4,M,2026-02-11 14:00:00,1.36416,1.36703,1.36266,1.36578,83879
21895,69,H4,M,2026-02-11 18:00:00,1.36578,1.36592,1.36191,1.36288,29168
21896,69,H4,M,2026-02-11 22:00:00,1.3624,1.36402,1.36158,1.364,16495
21897,69,H4,M,2026-02-12 02:00:00,1.364,1.36423,1.36176,1.36219,23903
21898,69,H4,M,2026-02-12 06:00:00,1.3622,1.3654,1.36046,1.36492,37885
21899,69,H4,M,2026-02-12 10:00:00,1.36494,1.3652,1.36219,1.365,34797
21900,69,H4,M,2026-02-12 14:00:00,1.36502,1.36716,1.36162,1.36192,78275
21901,69,H4,M,2026-02-12 18:00:00,1.36192,1.36267,1.36049,1.36224,34459
21902,69,H4,M,2026-02-12 22:00:00,1.36219,1.36268,1.36121,1.3617,15988
21903,69,H4,M,2026-02-13 02:00:00,1.3617,1.36242,1.35998,1.3604,18393
21904,69,H4,M,2026-02-13 06:00:00,1.36039,1.36296,1.35906,1.36226,33821
21905,69,H4,M,2026-02-13 10:00:00,1.36228,1.3646,1.35989,1.36336,44548
21906,69,H4,M,2026-02-13 14:00:00,1.36334,1.36596,1.3607,1.36486,64928
21907,69,H4,M,2026-02-13 18:00:00,1.36486,1.36582,1.36414,1.36553,28379
21908,69,H4,M,2026-02-15 22:00:00,1.36461,1.36495,1.36371,1.36435,22081
21909,69,H4,M,2026-02-16 02:00:00,1.36435,1.36456,1.36355,1.36392,14919
21910,69,H4,M,2026-02-16 06:00:00,1.36391,1.36621,1.36358,1.36448,24056
21911,69,H4,M,2026-02-16 10:00:00,1.36446,1.36521,1.36289,1.36334,19565
21912,69,H4,M,2026-02-16 14:00:00,1.36332,1.36405,1.36258,1.36272,15954
21913,69,H4,M,2026-02-16 18:00:00,1.36272,1.36332,1.36254,1.36306,5095
21914,69,H4,M,2026-02-16 22:00:00,1.36326,1.36348,1.3614,1.36167,15022
21915,69,H4,M,2026-02-17 02:00:00,1.36166,1.36204,1.36036,1.36074,16617
21916,69,H4,M,2026-02-17 06:00:00,1.36074,1.36149,1.35524,1.35914,30556
21917,69,H4,M,2026-02-17 10:00:00,1.35914,1.36064,1.35246,1.35249,34618
21918,69,H4,M,2026-02-17 14:00:00,1.35248,1.35502,1.34959,1.35466,51673
21919,69,H4,M,2026-02-17 18:00:00,1.35467,1.35692,1.35412,1.35675,18380
21920,69,H4,M,2026-02-17 22:00:00,1.35645,1.35726,1.35542,1.35585,13795
21921,69,H4,M,2026-02-18 02:00:00,1.35588,1.35596,1.35498,1.3559,11791
21922,69,H4,M,2026-02-18 06:00:00,1.3559,1.35794,1.35537,1.35746,26640
21923,69,H4,M,2026-02-18 10:00:00,1.35746,1.35822,1.3552,1.35521,22953
21924,69,H4,M,2026-02-18 14:00:00,1.35522,1.35586,1.35127,1.35221,41448
21925,69,H4,M,2026-02-18 18:00:00,1.35222,1.35256,1.3492,1.34934,25099
21926,69,H4,M,2026-02-18 22:00:00,1.34934,1.35018,1.34883,1.34964,13840
21927,69,H4,M,2026-02-19 02:00:00,1.34964,1.3498,1.34806,1.34874,12851
21928,69,H4,M,2026-02-19 06:00:00,1.34875,1.3517,1.34851,1.35046,21932
21929,69,H4,M,2026-02-19 10:00:00,1.35046,1.35074,1.34491,1.34672,32574
21930,69,H4,M,2026-02-19 14:00:00,1.3467,1.34742,1.34341,1.34525,55965
21931,69,H4,M,2026-02-19 18:00:00,1.34526,1.34734,1.34472,1.3464,23154
21932,69,H4,M,2026-02-19 22:00:00,1.34652,1.34716,1.34416,1.3447,16271
21933,69,H4,M,2026-02-20 02:00:00,1.3447,1.3449,1.34352,1.34456,18973
21934,69,H4,M,2026-02-20 06:00:00,1.34458,1.34792,1.34362,1.3467,32519
21935,69,H4,M,2026-02-20 10:00:00,1.34672,1.3498,1.34618,1.34866,34404
21936,69,H4,M,2026-02-20 14:00:00,1.34864,1.35153,1.3461,1.34896,94445
21937,69,H4,M,2026-02-20 18:00:00,1.34896,1.35072,1.34776,1.34785,40979
21938,69,H4,M,2026-02-22 22:00:00,1.34915,1.35336,1.34828,1.35193,26531
21939,69,H4,M,2026-02-23 02:00:00,1.35192,1.35288,1.35105,1.35204,22231
21940,69,H4,M,2026-02-23 06:00:00,1.35204,1.35354,1.35058,1.35085,31092
21941,69,H4,M,2026-02-23 10:00:00,1.35084,1.3513,1.34756,1.35062,33260
21942,69,H4,M,2026-02-23 14:00:00,1.35062,1.3525,1.34848,1.34958,55363
21943,69,H4,M,2026-02-23 18:00:00,1.34958,1.35016,1.34856,1.34922,24157
21944,69,H4,M,2026-02-23 22:00:00,1.34929,1.34998,1.34779,1.34908,34704
21945,69,H4,M,2026-02-24 02:00:00,1.34907,1.35015,1.34792,1.34888,19077
21946,69,H4,M,2026-02-24 06:00:00,1.34888,1.35028,1.347,1.34998,35280
21947,69,H4,M,2026-02-24 10:00:00,1.34999,1.35062,1.34766,1.34862,31891
21948,69,H4,M,2026-02-24 14:00:00,1.34861,1.35366,1.348,1.35184,47903
21949,69,H4,M,2026-02-24 18:00:00,1.35183,1.35201,1.34881,1.34892,20154
21950,69,H4,M,2026-02-24 22:00:00,1.3492,1.35068,1.34878,1.35028,15988
21951,69,H4,M,2026-02-25 02:00:00,1.35028,1.35252,1.35025,1.35218,30158
21952,69,H4,M,2026-02-25 06:00:00,1.35218,1.3534,1.35098,1.3518,34072
21953,69,H4,M,2026-02-25 10:00:00,1.3518,1.35356,1.34912,1.35083,30463
21954,69,H4,M,2026-02-25 14:00:00,1.35082,1.3566,1.35066,1.35559,43077
21955,69,H4,M,2026-02-25 18:00:00,1.3556,1.3561,1.3548,1.35594,15702
21956,69,H4,M,2026-02-25 22:00:00,1.3557,1.3574,1.35518,1.35735,19348
21957,69,H4,M,2026-02-26 02:00:00,1.35736,1.35752,1.35497,1.35607,18727
21958,69,H4,M,2026-02-26 06:00:00,1.35608,1.35626,1.35193,1.35276,30905
21959,69,H4,M,2026-02-26 10:00:00,1.35276,1.35568,1.35238,1.35368,29003
21960,69,H4,M,2026-02-26 14:00:00,1.35366,1.35542,1.34492,1.3451,57021
21961,69,H4,M,2026-02-26 18:00:00,1.3451,1.34933,1.34454,1.34836,22278
21962,69,H4,M,2026-02-26 22:00:00,1.34837,1.34936,1.34764,1.34768,17569
21963,69,H4,M,2026-02-27 02:00:00,1.34772,1.35014,1.34772,1.34899,19268
21964,69,H4,M,2026-02-27 06:00:00,1.34896,1.35082,1.34616,1.34846,33076
21965,69,H4,M,2026-02-27 10:00:00,1.34848,1.34867,1.34396,1.34448,35411
21966,69,H4,M,2026-02-27 14:00:00,1.3445,1.34769,1.34412,1.34601,53754
21967,69,H4,M,2026-02-27 18:00:00,1.34602,1.34906,1.34599,1.34868,22754
21968,69,H4,M,2026-03-01 22:00:00,1.34086,1.34541,1.34006,1.34506,43019
21969,69,H4,M,2026-03-02 02:00:00,1.34506,1.34561,1.34146,1.34151,30761
21970,69,H4,M,2026-03-02 06:00:00,1.3415,1.34158,1.33144,1.33728,65504
21971,69,H4,M,2026-03-02 10:00:00,1.33727,1.34264,1.33726,1.33828,52402
21972,69,H4,M,2026-03-02 14:00:00,1.33824,1.34256,1.33599,1.34156,74529
21973,69,H4,M,2026-03-02 18:00:00,1.34156,1.34319,1.33862,1.34054,36885
21974,69,H4,M,2026-03-02 22:00:00,1.34075,1.34254,1.33979,1.34092,21854
21975,69,H4,M,2026-03-03 02:00:00,1.34093,1.34127,1.33611,1.33634,37257
21976,69,H4,M,2026-03-03 06:00:00,1.33634,1.33666,1.3281,1.32979,58719
21977,69,H4,M,2026-03-03 10:00:00,1.32978,1.33276,1.32626,1.33012,73293
21978,69,H4,M,2026-03-03 14:00:00,1.33012,1.33376,1.32532,1.33233,111121
21979,69,H4,M,2026-03-03 18:00:00,1.33232,1.33702,1.33226,1.33565,51332
21980,69,H4,M,2026-03-03 22:00:00,1.33571,1.33638,1.33034,1.33258,34013
21981,69,H4,M,2026-03-04 02:00:00,1.33256,1.33416,1.33112,1.33178,41231
21982,69,H4,M,2026-03-04 06:00:00,1.33178,1.33763,1.33056,1.33608,60676
21983,69,H4,M,2026-03-04 10:00:00,1.3361,1.34036,1.33486,1.33628,69767
21984,69,H4,M,2026-03-04 14:00:00,1.33625,1.33849,1.33466,1.33611,78074
21985,69,H4,M,2026-03-04 18:00:00,1.33612,1.33809,1.33468,1.33726,26611
21986,69,H4,M,2026-03-04 22:00:00,1.33728,1.33872,1.33648,1.33673,28306
21987,69,H4,M,2026-03-05 02:00:00,1.33672,1.33716,1.33136,1.33142,36630
21988,69,H4,M,2026-03-05 06:00:00,1.33142,1.33771,1.3306,1.3355,75172
21989,69,H4,M,2026-03-05 10:00:00,1.33549,1.33739,1.33328,1.33458,57520
21990,69,H4,M,2026-03-05 14:00:00,1.33456,1.336,1.32975,1.33298,81551
21991,69,H4,M,2026-03-05 18:00:00,1.333,1.33655,1.3318,1.33589,54202
21992,69,H4,M,2026-03-05 22:00:00,1.33517,1.33718,1.3337,1.33652,26439
21993,69,H4,M,2026-03-06 02:00:00,1.33652,1.33734,1.33553,1.33564,27896
21994,69,H4,M,2026-03-06 06:00:00,1.33564,1.33796,1.33182,1.3324,45421
21995,69,H4,M,2026-03-06 10:00:00,1.3324,1.33928,1.33114,1.33386,81506
21996,69,H4,M,2026-03-06 14:00:00,1.33387,1.34098,1.33254,1.33872,112253
21997,69,H4,M,2026-03-06 18:00:00,1.33872,1.34124,1.33782,1.34105,58412
21998,69,H4,M,2026-03-08 21:00:00,1.33384,1.33553,1.32965,1.33004,36069
21999,69,H4,M,2026-03-09 01:00:00,1.33004,1.33105,1.32832,1.32978,54484
22000,69,H4,M,2026-03-09 05:00:00,1.32979,1.33513,1.32962,1.33191,79428
22001,69,H4,M,2026-03-09 09:00:00,1.33192,1.33638,1.3314,1.33524,82860
22002,69,H4,M,2026-03-09 13:00:00,1.33526,1.34088,1.33463,1.3391,87898
22003,69,H4,M,2026-03-09 17:00:00,1.33909,1.3447,1.33821,1.34434,67358
22004,69,H4,M,2026-03-09 21:00:00,1.34441,1.34488,1.34181,1.34352,27021
22005,69,H4,M,2026-03-10 01:00:00,1.34352,1.34394,1.34136,1.34248,38819
22006,69,H4,M,2026-03-10 05:00:00,1.34246,1.34835,1.34245,1.34594,46435
22007,69,H4,M,2026-03-10 09:00:00,1.34598,1.34688,1.34306,1.34416,61317
22008,69,H4,M,2026-03-10 13:00:00,1.34415,1.3473,1.34378,1.34629,65399
22009,69,H4,M,2026-03-10 17:00:00,1.3463,1.34811,1.34122,1.34168,68894
22010,69,H4,M,2026-03-10 21:00:00,1.3418,1.34374,1.34102,1.34308,23798
22011,69,H4,M,2026-03-11 01:00:00,1.34308,1.34577,1.34264,1.34543,34689
22012,69,H4,M,2026-03-11 05:00:00,1.34544,1.34567,1.34101,1.34268,46788
22013,69,H4,M,2026-03-11 09:00:00,1.34268,1.34497,1.33946,1.33994,63839
22014,69,H4,M,2026-03-11 13:00:00,1.33994,1.3444,1.33935,1.34101,75494
22015,69,H4,M,2026-03-11 17:00:00,1.34103,1.34224,1.33987,1.34127,31782
22016,69,H4,M,2026-03-11 21:00:00,1.34109,1.3415,1.337,1.33828,17598
22017,69,H4,M,2026-03-12 01:00:00,1.33828,1.33972,1.33614,1.33629,30996
22018,69,H4,M,2026-03-12 05:00:00,1.33628,1.33978,1.33617,1.33788,37858
22019,69,H4,M,2026-03-12 09:00:00,1.33788,1.34098,1.3368,1.33782,39936
22020,69,H4,M,2026-03-12 13:00:00,1.33782,1.33919,1.33382,1.33483,84215
22021,69,H4,M,2026-03-12 17:00:00,1.33481,1.33616,1.33401,1.33436,37374
22022,69,H4,M,2026-03-12 21:00:00,1.33388,1.33652,1.33387,1.33634,22609
22023,69,H4,M,2026-03-13 01:00:00,1.33633,1.33698,1.33296,1.33316,27456
22024,69,H4,M,2026-03-13 05:00:00,1.33316,1.33377,1.32557,1.32606,45541
22025,69,H4,M,2026-03-13 09:00:00,1.32611,1.3286,1.32456,1.32714,57730
22026,69,H4,M,2026-03-13 13:00:00,1.32714,1.32898,1.32304,1.32442,77601
22027,69,H4,M,2026-03-13 17:00:00,1.32444,1.32532,1.32186,1.32243,33094
22028,69,H4,M,2026-03-15 21:00:00,1.32432,1.32645,1.32254,1.32634,21881
22029,69,H4,M,2026-03-16 01:00:00,1.32636,1.32661,1.32473,1.32514,23945
22030,69,H4,M,2026-03-16 05:00:00,1.32513,1.32566,1.32303,1.32521,31691
22031,69,H4,M,2026-03-16 09:00:00,1.3252,1.32901,1.32413,1.3278,42611
22032,69,H4,M,2026-03-16 13:00:00,1.3278,1.33176,1.3278,1.33034,49938
22033,69,H4,M,2026-03-16 17:00:00,1.33036,1.334,1.33001,1.33194,39818
22034,69,H4,M,2026-03-16 21:00:00,1.33199,1.33215,1.32997,1.33027,13320
22035,69,H4,M,2026-03-17 01:00:00,1.33028,1.33156,1.32956,1.33118,23100
22036,69,H4,M,2026-03-17 05:00:00,1.33118,1.33314,1.32733,1.33291,38497
22037,69,H4,M,2026-03-17 09:00:00,1.3329,1.33398,1.33115,1.33325,40391
22038,69,H4,M,2026-03-17 13:00:00,1.3333,1.33604,1.33328,1.33474,57923
22039,69,H4,M,2026-03-17 17:00:00,1.33475,1.33647,1.33444,1.33558,22758
22040,69,H4,M,2026-03-17 21:00:00,1.33562,1.33635,1.33512,1.33519,25852
22041,69,H4,M,2026-03-18 01:00:00,1.3352,1.33654,1.33504,1.33638,20250
22042,69,H4,M,2026-03-18 05:00:00,1.33638,1.33746,1.33414,1.33502,24568
22043,69,H4,M,2026-03-18 09:00:00,1.33502,1.33714,1.33126,1.33147,44663
22044,69,H4,M,2026-03-18 13:00:00,1.33147,1.33373,1.33028,1.33354,64426
22045,69,H4,M,2026-03-18 17:00:00,1.33354,1.33508,1.32525,1.32576,56610
22046,69,H4,M,2026-03-18 21:00:00,1.32591,1.32856,1.32513,1.32855,16697
22047,69,H4,M,2026-03-19 01:00:00,1.32856,1.3298,1.32686,1.32728,24257
22048,69,H4,M,2026-03-19 05:00:00,1.32725,1.32771,1.3246,1.32535,45112
22049,69,H4,M,2026-03-19 09:00:00,1.32534,1.33102,1.32534,1.32991,70510
22050,69,H4,M,2026-03-19 13:00:00,1.3299,1.339,1.32812,1.33694,119794
22051,69,H4,M,2026-03-19 17:00:00,1.33694,1.34674,1.33689,1.34312,66480
22052,69,H4,M,2026-03-19 21:00:00,1.34318,1.34425,1.34182,1.3424,13221
22053,69,H4,M,2026-03-20 01:00:00,1.34241,1.34294,1.3402,1.3403,21993
22054,69,H4,M,2026-03-20 05:00:00,1.34031,1.34366,1.33983,1.34174,30535
22055,69,H4,M,2026-03-20 09:00:00,1.34174,1.34182,1.33634,1.33814,48712
22056,69,H4,M,2026-03-20 13:00:00,1.33814,1.33829,1.32988,1.33232,90319
22057,69,H4,M,2026-03-20 17:00:00,1.33232,1.33536,1.33162,1.33406,56384
22058,69,H4,M,2026-03-22 21:00:00,1.33136,1.33394,1.3304,1.332,22690
22059,69,H4,M,2026-03-23 01:00:00,1.33198,1.33434,1.3313,1.3324,39291
22060,69,H4,M,2026-03-23 05:00:00,1.33239,1.33312,1.32814,1.33089,60068
22061,69,H4,M,2026-03-23 09:00:00,1.33091,1.34346,1.32571,1.34294,187890
22062,69,H4,M,2026-03-23 13:00:00,1.34296,1.34795,1.33778,1.34008,179985
22063,69,H4,M,2026-03-23 17:00:00,1.34008,1.34584,1.33944,1.34268,68178
22064,69,H4,M,2026-03-23 21:00:00,1.34352,1.34376,1.33934,1.3401,25575
22065,69,H4,M,2026-03-24 01:00:00,1.34008,1.34088,1.33864,1.33944,39157
22066,69,H4,M,2026-03-24 05:00:00,1.33944,1.34456,1.33856,1.33902,67186
22067,69,H4,M,2026-03-24 09:00:00,1.33904,1.34153,1.338,1.3393,58210
22068,69,H4,M,2026-03-24 13:00:00,1.33927,1.34256,1.33652,1.33832,93773
22069,69,H4,M,2026-03-24 17:00:00,1.33832,1.34322,1.33522,1.34116,79546
22070,69,H4,M,2026-03-24 21:00:00,1.34066,1.34361,1.34036,1.3429,31435
22071,69,H4,M,2026-03-25 01:00:00,1.34289,1.3433,1.33914,1.3392,32879
22072,69,H4,M,2026-03-25 05:00:00,1.3392,1.34244,1.337,1.34077,49128
22073,69,H4,M,2026-03-25 09:00:00,1.34076,1.34271,1.33895,1.33938,51915
22074,69,H4,M,2026-03-25 13:00:00,1.33938,1.3401,1.3359,1.33788,71020
22075,69,H4,M,2026-03-25 17:00:00,1.33789,1.33927,1.33584,1.33652,36154
22076,69,H4,M,2026-03-25 21:00:00,1.33657,1.33716,1.33544,1.3359,14521
22077,69,H4,M,2026-03-26 01:00:00,1.3359,1.33682,1.33484,1.33655,22180
22078,69,H4,M,2026-03-26 05:00:00,1.33656,1.33673,1.33367,1.3353,35365
22079,69,H4,M,2026-03-26 09:00:00,1.3353,1.33616,1.33218,1.33304,37059
22080,69,H4,M,2026-03-26 13:00:00,1.33304,1.33784,1.33302,1.33374,67148
22081,69,H4,M,2026-03-26 17:00:00,1.33374,1.3369,1.33102,1.33308,47187
22082,69,H4,M,2026-03-26 21:00:00,1.33316,1.33406,1.33222,1.33338,19877
22083,69,H4,M,2026-03-27 01:00:00,1.33338,1.3347,1.3332,1.33431,25807
22084,69,H4,M,2026-03-27 05:00:00,1.3343,1.33474,1.33094,1.3314,38122
22085,69,H4,M,2026-03-27 09:00:00,1.33136,1.33181,1.3272,1.3282,38813
22086,69,H4,M,2026-03-27 13:00:00,1.3282,1.33328,1.3274,1.32767,71103
22087,69,H4,M,2026-03-27 17:00:00,1.32766,1.32886,1.32602,1.32617,36682
22088,69,H4,M,2026-03-29 21:00:00,1.32613,1.3272,1.32326,1.32524,31257
22089,69,H4,M,2026-03-30 01:00:00,1.32524,1.32774,1.32454,1.32681,36423
22090,69,H4,M,2026-03-30 05:00:00,1.32682,1.32828,1.32328,1.3235,36335
22091,69,H4,M,2026-03-30 09:00:00,1.3235,1.3254,1.32205,1.3228,41618
22092,69,H4,M,2026-03-30 13:00:00,1.3228,1.32342,1.31738,1.31906,67528
22093,69,H4,M,2026-03-30 17:00:00,1.31907,1.31972,1.31742,1.3184,31971
22094,69,H4,M,2026-03-30 21:00:00,1.31845,1.3203,1.31596,1.32006,24223
22095,69,H4,M,2026-03-31 01:00:00,1.32006,1.32246,1.31962,1.31972,35755
22096,69,H4,M,2026-03-31 05:00:00,1.31972,1.32197,1.31912,1.3212,37651
22097,69,H4,M,2026-03-31 09:00:00,1.3212,1.32488,1.3192,1.3237,50422
22098,69,H4,M,2026-03-31 13:00:00,1.32372,1.32644,1.31722,1.3216,104914
22099,69,H4,M,2026-03-31 17:00:00,1.3216,1.32484,1.32158,1.32288,68339
22100,69,H4,M,2026-03-31 21:00:00,1.32281,1.32547,1.32212,1.32466,16333
22101,69,H4,M,2026-04-01 01:00:00,1.32468,1.32478,1.32198,1.3243,33973
22102,69,H4,M,2026-04-01 05:00:00,1.3243,1.3301,1.32416,1.3289,57666
22103,69,H4,M,2026-04-01 09:00:00,1.32889,1.3327,1.32774,1.33058,56209
22104,69,H4,M,2026-04-01 13:00:00,1.3306,1.3339,1.32932,1.33389,80698
22105,69,H4,M,2026-04-01 17:00:00,1.3339,1.33464,1.3293,1.3307,41717
22106,69,H4,M,2026-04-01 21:00:00,1.33044,1.33148,1.32963,1.33124,23877
22107,69,H4,M,2026-04-02 01:00:00,1.33121,1.33208,1.32298,1.32361,74802
22108,69,H4,M,2026-04-02 05:00:00,1.32362,1.32382,1.31962,1.32016,45573
22109,69,H4,M,2026-04-02 09:00:00,1.32016,1.3219,1.31818,1.32145,34606
22110,69,H4,M,2026-04-02 13:00:00,1.32143,1.32516,1.32021,1.32316,84807
22111,69,H4,M,2026-04-02 17:00:00,1.32314,1.32427,1.3221,1.3227,31172
22112,69,H4,M,2026-04-02 21:00:00,1.3225,1.32381,1.32196,1.32348,11350
22113,69,H4,M,2026-04-03 01:00:00,1.32347,1.3235,1.32218,1.32268,6827
22114,69,H4,M,2026-04-03 05:00:00,1.32267,1.32429,1.32222,1.32384,8634
22115,69,H4,M,2026-04-03 09:00:00,1.32382,1.32396,1.32007,1.32128,14897
22116,69,H4,M,2026-04-03 13:00:00,1.3213,1.32201,1.3195,1.31976,19334
22117,69,H4,M,2026-04-03 17:00:00,1.31976,1.32109,1.31874,1.31984,13627
22118,69,H4,M,2026-04-05 21:00:00,1.31924,1.31984,1.3177,1.3197,24041
22119,69,H4,M,2026-04-06 01:00:00,1.3197,1.32184,1.31908,1.32126,30814
22120,69,H4,M,2026-04-06 05:00:00,1.32125,1.32594,1.32094,1.32492,32827
22121,69,H4,M,2026-04-06 09:00:00,1.32491,1.3256,1.32328,1.32456,31075
22122,69,H4,M,2026-04-06 13:00:00,1.32456,1.32687,1.32239,1.3235,54670
22123,69,H4,M,2026-04-06 17:00:00,1.32349,1.32445,1.3218,1.3237,35854
22124,69,H4,M,2026-04-06 21:00:00,1.3238,1.32425,1.32296,1.32312,20694
22125,69,H4,M,2026-04-07 01:00:00,1.32313,1.32354,1.32116,1.32328,29861
22126,69,H4,M,2026-04-07 05:00:00,1.3233,1.32854,1.3219,1.32834,52260
22127,69,H4,M,2026-04-07 09:00:00,1.32831,1.32844,1.32366,1.32507,51901
22128,69,H4,M,2026-04-07 13:00:00,1.3251,1.32672,1.3236,1.32504,75971
22129,69,H4,M,2026-04-07 17:00:00,1.32504,1.33009,1.32476,1.32942,58567
22130,69,H4,M,2026-04-07 21:00:00,1.32896,1.34106,1.32882,1.33881,81998
22131,69,H4,M,2026-04-08 01:00:00,1.33881,1.34176,1.33862,1.34162,53808
22132,69,H4,M,2026-04-08 05:00:00,1.34165,1.34461,1.34066,1.3428,64765
22133,69,H4,M,2026-04-08 09:00:00,1.3428,1.34846,1.34204,1.34734,51768
22134,69,H4,M,2026-04-08 13:00:00,1.34732,1.34826,1.342,1.34246,79145
22135,69,H4,M,2026-04-08 17:00:00,1.34244,1.34283,1.33812,1.33956,46181
22136,69,H4,M,2026-04-08 21:00:00,1.33969,1.34048,1.33854,1.33911,18300
22137,69,H4,M,2026-04-09 01:00:00,1.3391,1.34066,1.33814,1.33994,27452
22138,69,H4,M,2026-04-09 05:00:00,1.33994,1.34078,1.3381,1.34037,37669
22139,69,H4,M,2026-04-09 09:00:00,1.34036,1.34304,1.33958,1.34163,32730
22140,69,H4,M,2026-04-09 13:00:00,1.34162,1.3456,1.34038,1.34448,63765
22141,69,H4,M,2026-04-09 17:00:00,1.34448,1.34587,1.34298,1.34367,32776
22142,69,H4,M,2026-04-09 21:00:00,1.34335,1.34384,1.34211,1.34253,18247
22143,69,H4,M,2026-04-10 01:00:00,1.34254,1.34322,1.34204,1.34215,19883
22144,69,H4,M,2026-04-10 05:00:00,1.34216,1.34288,1.34108,1.3421,28248
22145,69,H4,M,2026-04-10 09:00:00,1.3421,1.34698,1.34174,1.34586,38019
22146,69,H4,M,2026-04-10 13:00:00,1.34584,1.34792,1.3448,1.3456,56598
22147,69,H4,M,2026-04-10 17:00:00,1.34563,1.34721,1.34533,1.346,26731
22148,69,H4,M,2026-04-12 21:00:00,1.33942,1.34115,1.33809,1.34026,23791
22149,69,H4,M,2026-04-13 01:00:00,1.34026,1.34096,1.33984,1.34052,23149
22150,69,H4,M,2026-04-13 05:00:00,1.34051,1.34344,1.34019,1.3428,32932
22151,69,H4,M,2026-04-13 09:00:00,1.3428,1.3443,1.34162,1.34361,31861
22152,69,H4,M,2026-04-13 13:00:00,1.34362,1.3483,1.34346,1.3474,63554
22153,69,H4,M,2026-04-13 17:00:00,1.34742,1.35088,1.3474,1.35056,25016
22154,69,H4,M,2026-04-13 21:00:00,1.35042,1.35168,1.35004,1.35148,12223
22155,69,H4,M,2026-04-14 01:00:00,1.35148,1.3522,1.35036,1.35192,16674
22156,69,H4,M,2026-04-14 05:00:00,1.35196,1.35394,1.3511,1.35378,34381
22157,69,H4,M,2026-04-14 09:00:00,1.35378,1.359,1.35339,1.3587,33851
22158,69,H4,M,2026-04-14 13:00:00,1.35869,1.35889,1.35583,1.35676,50901
22159,69,H4,M,2026-04-14 17:00:00,1.35676,1.3573,1.35606,1.35664,21872
22160,69,H4,M,2026-04-14 21:00:00,1.35681,1.35796,1.35608,1.35734,18314
22161,69,H4,M,2026-04-15 01:00:00,1.35733,1.35776,1.35572,1.35675,19468
22162,69,H4,M,2026-04-15 05:00:00,1.35676,1.35789,1.35557,1.35644,30294
22163,69,H4,M,2026-04-15 09:00:00,1.35644,1.357,1.35435,1.35551,41582
22164,69,H4,M,2026-04-15 13:00:00,1.35552,1.35792,1.35528,1.35736,53116
22165,69,H4,M,2026-04-15 17:00:00,1.35732,1.35766,1.35592,1.35607,23437
22166,69,H4,M,2026-04-15 21:00:00,1.35641,1.35751,1.35588,1.35738,13252
22167,69,H4,M,2026-04-16 01:00:00,1.35736,1.35951,1.35612,1.35766,20992
22168,69,H4,M,2026-04-16 05:00:00,1.35767,1.35816,1.35474,1.35507,32887
22169,69,H4,M,2026-04-16 09:00:00,1.35506,1.35538,1.35318,1.35468,29066
22170,69,H4,M,2026-04-16 13:00:00,1.35472,1.35552,1.35166,1.3529,59270
22171,69,H4,M,2026-04-16 17:00:00,1.35291,1.35351,1.35216,1.3527,26284
22172,69,H4,M,2026-04-16 21:00:00,1.35283,1.3537,1.35192,1.35208,14347
22173,69,H4,M,2026-04-17 01:00:00,1.35207,1.35274,1.35144,1.35226,18653
22174,69,H4,M,2026-04-17 05:00:00,1.35226,1.35342,1.35046,1.35312,27389
22175,69,H4,M,2026-04-17 09:00:00,1.35312,1.3586,1.35194,1.35836,40297
22176,69,H4,M,2026-04-17 13:00:00,1.35834,1.35996,1.35444,1.3554,87747
22177,69,H4,M,2026-04-17 17:00:00,1.35539,1.35548,1.35133,1.35184,35930
22178,69,H4,M,2026-04-19 21:00:00,1.34894,1.34962,1.34759,1.34956,24111
22179,69,H4,M,2026-04-20 01:00:00,1.34956,1.35088,1.34896,1.35054,21643
22180,69,H4,M,2026-04-20 05:00:00,1.3505,1.3519,1.3482,1.34976,45110
22181,69,H4,M,2026-04-20 09:00:00,1.34976,1.35282,1.34968,1.35163,37739
22182,69,H4,M,2026-04-20 13:00:00,1.35164,1.35446,1.35069,1.35384,65788
22183,69,H4,M,2026-04-20 17:00:00,1.35384,1.35444,1.35304,1.35332,25916
22184,69,H4,M,2026-04-20 21:00:00,1.35337,1.35394,1.35224,1.35246,13857
22185,69,H4,M,2026-04-21 01:00:00,1.35246,1.35294,1.35148,1.35154,19794
22186,69,H4,M,2026-04-21 05:00:00,1.35154,1.35312,1.34826,1.35037,47497
22187,69,H4,M,2026-04-21 09:00:00,1.35038,1.35236,1.34958,1.35148,34656
22188,69,H4,M,2026-04-21 13:00:00,1.35151,1.35396,1.34975,1.3498,53927
22189,69,H4,M,2026-04-21 17:00:00,1.3498,1.35258,1.34748,1.35085,67864
22190,69,H4,M,2026-04-21 21:00:00,1.35063,1.35204,1.3498,1.351,16421
22191,69,H4,M,2026-04-22 01:00:00,1.35101,1.35151,1.35033,1.35076,20975
22192,69,H4,M,2026-04-22 05:00:00,1.35077,1.35346,1.35071,1.35286,36950
22193,69,H4,M,2026-04-22 09:00:00,1.35286,1.35354,1.34926,1.34943,33058
22194,69,H4,M,2026-04-22 13:00:00,1.34942,1.35246,1.3492,1.35048,55049
22195,69,H4,M,2026-04-22 17:00:00,1.35047,1.35166,1.34984,1.35038,23211
22196,69,H4,M,2026-04-22 21:00:00,1.3504,1.35104,1.3479,1.35086,22781
22197,69,H4,M,2026-04-23 01:00:00,1.35088,1.35104,1.34825,1.34905,29776
22198,69,H4,M,2026-04-23 05:00:00,1.34906,1.35078,1.34816,1.35048,33869
22199,69,H4,M,2026-04-23 09:00:00,1.35046,1.35133,1.34834,1.34878,43434
22200,69,H4,M,2026-04-23 13:00:00,1.34877,1.35182,1.34786,1.3492,48646
22201,69,H4,M,2026-04-23 17:00:00,1.34922,1.34937,1.34479,1.34668,61108
22202,69,H4,M,2026-04-23 21:00:00,1.34685,1.34728,1.34628,1.3468,13152
22203,69,H4,M,2026-04-24 01:00:00,1.3468,1.34732,1.34536,1.34629,23896
22204,69,H4,M,2026-04-24 05:00:00,1.3463,1.34845,1.34602,1.34768,30570
22205,69,H4,M,2026-04-24 09:00:00,1.34769,1.35048,1.34743,1.35016,43789
22206,69,H4,M,2026-04-24 13:00:00,1.35016,1.35217,1.34865,1.35211,60143
22207,69,H4,M,2026-04-24 17:00:00,1.3521,1.3538,1.35174,1.35308,24131
22208,69,H4,M,2026-04-26 21:00:00,1.35076,1.35232,1.35043,1.35217,12072
22209,69,H4,M,2026-04-27 01:00:00,1.3522,1.35486,1.3522,1.35408,26050
22210,69,H4,M,2026-04-27 05:00:00,1.35408,1.35576,1.35246,1.35542,32979
22211,69,H4,M,2026-04-27 09:00:00,1.35544,1.35763,1.35477,1.35488,30192
22212,69,H4,M,2026-04-27 13:00:00,1.3549,1.35646,1.35371,1.35432,43225
22213,69,H4,M,2026-04-27 17:00:00,1.35433,1.35449,1.35306,1.35334,19263
22214,69,H4,M,2026-04-27 21:00:00,1.35406,1.35415,1.35314,1.35324,13051
22215,69,H4,M,2026-04-28 01:00:00,1.35324,1.35364,1.35209,1.35304,23295
22216,69,H4,M,2026-04-28 05:00:00,1.35304,1.35314,1.35024,1.35056,36153
22217,69,H4,M,2026-04-28 09:00:00,1.35053,1.35056,1.34632,1.34927,44348
22218,69,H4,M,2026-04-28 13:00:00,1.34926,1.35167,1.34812,1.35146,56617
22219,69,H4,M,2026-04-28 17:00:00,1.35146,1.35226,1.35081,1.3518,22308
22220,69,H4,M,2026-04-28 21:00:00,1.35168,1.35282,1.35126,1.35247,9457
22221,69,H4,M,2026-04-29 01:00:00,1.35248,1.35255,1.35103,1.35133,20300
22222,69,H4,M,2026-04-29 05:00:00,1.35134,1.35136,1.34948,1.34996,30576
22223,69,H4,M,2026-04-29 09:00:00,1.34996,1.3514,1.34962,1.35006,31547
22224,69,H4,M,2026-04-29 13:00:00,1.35006,1.35075,1.34714,1.34813,62038
22225,69,H4,M,2026-04-29 17:00:00,1.34814,1.34934,1.34578,1.34764,49804
22226,69,H4,M,2026-04-29 21:00:00,1.34771,1.34957,1.34719,1.34846,23575
22227,69,H4,M,2026-04-30 01:00:00,1.34846,1.34867,1.34554,1.34609,37374
22228,69,H4,M,2026-04-30 05:00:00,1.3461,1.35006,1.34542,1.3485,52609
22229,69,H4,M,2026-04-30 09:00:00,1.3485,1.35355,1.34792,1.3513,86273
22230,69,H4,M,2026-04-30 13:00:00,1.35128,1.35938,1.35048,1.35779,82712
22231,69,H4,M,2026-04-30 17:00:00,1.3578,1.36124,1.35762,1.36034,31532
22232,69,H4,M,2026-04-30 21:00:00,1.3604,1.36094,1.35994,1.36038,14102
22233,69,H4,M,2026-05-01 01:00:00,1.36038,1.36122,1.3596,1.35974,21630
22234,69,H4,M,2026-05-01 05:00:00,1.35974,1.36228,1.35868,1.36084,41484
22235,69,H4,M,2026-05-01 09:00:00,1.36086,1.36432,1.35918,1.36299,30327
22236,69,H4,M,2026-05-01 13:00:00,1.36296,1.36578,1.3599,1.3599,67252
22237,69,H4,M,2026-05-01 17:00:00,1.3599,1.36018,1.35688,1.3575,30271
22238,69,H4,M,2026-05-03 21:00:00,1.36003,1.36053,1.35751,1.35867,14267
22239,69,H4,M,2026-05-04 01:00:00,1.35866,1.36016,1.35764,1.3588,29556
22240,69,H4,M,2026-05-04 05:00:00,1.3588,1.35986,1.35594,1.35609,32874
22241,69,H4,M,2026-05-04 09:00:00,1.35612,1.35664,1.35235,1.35574,47624
22242,69,H4,M,2026-05-04 13:00:00,1.35572,1.35695,1.35122,1.35188,70589
22243,69,H4,M,2026-05-04 17:00:00,1.35189,1.35425,1.35188,1.35322,34315
22244,69,H4,M,2026-05-04 21:00:00,1.3532,1.35356,1.35232,1.35248,12241
22245,69,H4,M,2026-05-05 01:00:00,1.3525,1.3532,1.3515,1.3516,18216
22246,69,H4,M,2026-05-05 05:00:00,1.35158,1.35508,1.35138,1.35422,36377
22247,69,H4,M,2026-05-05 09:00:00,1.35422,1.35514,1.3531,1.3544,36784
22248,69,H4,M,2026-05-05 13:00:00,1.3544,1.35786,1.35436,1.3556,50602
22249,69,H4,M,2026-05-05 17:00:00,1.35561,1.35592,1.35379,1.35382,18061
22250,69,H4,M,2026-05-05 21:00:00,1.35446,1.35802,1.35382,1.35748,25450
22251,69,H4,M,2026-05-06 01:00:00,1.35748,1.35958,1.35634,1.35894,39460
22252,69,H4,M,2026-05-06 05:00:00,1.35895,1.36346,1.35812,1.36259,49839
22253,69,H4,M,2026-05-06 09:00:00,1.36258,1.36436,1.3608,1.36117,64377
22254,69,H4,M,2026-05-06 13:00:00,1.36116,1.36196,1.35788,1.35837,57885
22255,69,H4,M,2026-05-06 17:00:00,1.35838,1.35996,1.35816,1.35936,22357
22256,69,H4,M,2026-05-06 21:00:00,1.35946,1.35994,1.35898,1.35922,15154
22257,69,H4,M,2026-05-07 01:00:00,1.35924,1.36085,1.35904,1.35977,25696
22258,69,H4,M,2026-05-07 05:00:00,1.35974,1.36248,1.35912,1.36224,41792
22259,69,H4,M,2026-05-07 09:00:00,1.36224,1.36306,1.36096,1.36236,36088
22260,69,H4,M,2026-05-07 13:00:00,1.36236,1.36324,1.35908,1.35942,57340
22261,69,H4,M,2026-05-07 17:00:00,1.35944,1.35952,1.35482,1.35506,46417
22262,69,H4,M,2026-05-07 21:00:00,1.35556,1.35612,1.35472,1.35509,16385
22263,69,H4,M,2026-05-08 01:00:00,1.35512,1.35686,1.35494,1.35654,24666
22264,69,H4,M,2026-05-08 05:00:00,1.35653,1.36154,1.35652,1.36136,31846
22265,69,H4,M,2026-05-08 09:00:00,1.36138,1.36246,1.36005,1.3614,34604
22266,69,H4,M,2026-05-08 13:00:00,1.36138,1.36308,1.36062,1.36173,47857
22267,69,H4,M,2026-05-08 17:00:00,1.36171,1.36371,1.36162,1.36324,22665
22268,69,H4,M,2026-05-10 21:00:00,1.35589,1.36011,1.35575,1.35992,18820
22269,69,H4,M,2026-05-11 01:00:00,1.35991,1.3601,1.35792,1.3581,26019
22270,69,H4,M,2026-05-11 05:00:00,1.3581,1.36148,1.35803,1.36079,31137
22271,69,H4,M,2026-05-11 09:00:00,1.36076,1.36159,1.35858,1.36112,33353
22272,69,H4,M,2026-05-11 13:00:00,1.36112,1.36536,1.3611,1.36412,43131
22273,69,H4,M,2026-05-11 17:00:00,1.36412,1.36452,1.3607,1.36101,21835
22274,69,H4,M,2026-05-11 21:00:00,1.36138,1.36141,1.35931,1.35941,12594
22275,69,H4,M,2026-05-12 01:00:00,1.3594,1.35958,1.35799,1.35848,30352
22276,69,H4,M,2026-05-12 05:00:00,1.35848,1.3586,1.35024,1.35304,47489
22277,69,H4,M,2026-05-12 09:00:00,1.35303,1.35532,1.3513,1.35374,52041
22278,69,H4,M,2026-05-12 13:00:00,1.35374,1.3543,1.35002,1.3518,66972
22279,69,H4,M,2026-05-12 17:00:00,1.3518,1.35442,1.35167,1.3541,27683
22280,69,H4,M,2026-05-12 21:00:00,1.3536,1.35427,1.35304,1.35368,14144
22281,69,H4,M,2026-05-13 01:00:00,1.35368,1.35463,1.35284,1.35342,25422
22282,69,H4,M,2026-05-13 05:00:00,1.35341,1.35514,1.3519,1.35242,37591
22283,69,H4,M,2026-05-13 09:00:00,1.35243,1.35251,1.34846,1.34904,48455
22284,69,H4,M,2026-05-13 13:00:00,1.34904,1.35294,1.34904,1.35154,47614
22285,69,H4,M,2026-05-13 17:00:00,1.35152,1.35268,1.35111,1.35239,22859
22286,69,H4,M,2026-05-13 21:00:00,1.35246,1.3533,1.35198,1.35298,11615
22287,69,H4,M,2026-05-14 01:00:00,1.35297,1.35328,1.35209,1.35284,24241
22288,69,H4,M,2026-05-14 05:00:00,1.35284,1.35326,1.35035,1.352,33270
22289,69,H4,M,2026-05-14 09:00:00,1.352,1.3521,1.3495,1.35078,31219
22290,69,H4,M,2026-05-14 13:00:00,1.35076,1.3513,1.34322,1.34432,49844
22291,69,H4,M,2026-05-14 17:00:00,1.34433,1.34464,1.3395,1.3401,25456
22292,69,H4,M,2026-05-14 21:00:00,1.3402,1.34057,1.33746,1.33806,17864
22293,69,H4,M,2026-05-15 01:00:00,1.33806,1.33824,1.3363,1.33636,29119
22294,69,H4,M,2026-05-15 05:00:00,1.33636,1.33756,1.3335,1.33462,48966
22295,69,H4,M,2026-05-15 09:00:00,1.33462,1.33936,1.33282,1.33535,45532
22296,69,H4,M,2026-05-15 13:00:00,1.33536,1.33634,1.33164,1.33308,62369
22297,69,H4,M,2026-05-15 17:00:00,1.33308,1.33387,1.33152,1.33242,28218
22298,69,H4,M,2026-05-17 21:00:00,1.33254,1.33277,1.33048,1.3309,21174
22299,69,H4,M,2026-05-18 01:00:00,1.3309,1.33197,1.33026,1.33156,39919
22300,69,H4,M,2026-05-18 05:00:00,1.33155,1.33844,1.33132,1.33772,42473
22301,69,H4,M,2026-05-18 09:00:00,1.3377,1.34032,1.33464,1.33954,47322
22302,69,H4,M,2026-05-18 13:00:00,1.33953,1.34498,1.33802,1.34294,67475
22303,69,H4,M,2026-05-18 17:00:00,1.34296,1.34394,1.34006,1.34336,44699
24746,78,H4,M,2025-12-11 22:00:00,1.37716,1.3779,1.37674,1.37734,12271
24747,78,H4,M,2025-12-12 02:00:00,1.37736,1.37793,1.3771,1.37724,11121
24748,78,H4,M,2025-12-12 06:00:00,1.37724,1.37756,1.37552,1.37612,15524
24749,78,H4,M,2025-12-12 10:00:00,1.37613,1.37699,1.37544,1.37615,16209
24750,78,H4,M,2025-12-12 14:00:00,1.37616,1.3795,1.37536,1.37665,31391
24751,78,H4,M,2025-12-12 18:00:00,1.37664,1.37747,1.37604,1.37708,15001
24752,78,H4,M,2025-12-14 22:00:00,1.37698,1.37749,1.37606,1.3761,10416
24753,78,H4,M,2025-12-15 02:00:00,1.37609,1.37706,1.37602,1.3765,17118
24754,78,H4,M,2025-12-15 06:00:00,1.37652,1.37686,1.37578,1.37654,16572
24755,78,H4,M,2025-12-15 10:00:00,1.37656,1.37771,1.3748,1.3769,16300
24756,78,H4,M,2025-12-15 14:00:00,1.3769,1.37762,1.3755,1.3775,29661
24757,78,H4,M,2025-12-15 18:00:00,1.3775,1.37886,1.3767,1.37673,15670
24758,78,H4,M,2025-12-15 22:00:00,1.37698,1.37814,1.37666,1.37782,13138
24759,78,H4,M,2025-12-16 02:00:00,1.3778,1.37799,1.37651,1.377,16360
24760,78,H4,M,2025-12-16 06:00:00,1.37702,1.37785,1.3764,1.37756,18132
24761,78,H4,M,2025-12-16 10:00:00,1.37756,1.37802,1.37378,1.37536,21782
24762,78,H4,M,2025-12-16 14:00:00,1.37537,1.3764,1.373,1.37461,33896
24763,78,H4,M,2025-12-16 18:00:00,1.37462,1.37622,1.37377,1.37528,20153
24764,78,H4,M,2025-12-16 22:00:00,1.3756,1.37642,1.37527,1.37596,10569
24765,78,H4,M,2025-12-17 02:00:00,1.37595,1.37781,1.37593,1.37751,13885
24766,78,H4,M,2025-12-17 06:00:00,1.37749,1.37859,1.37715,1.37772,16079
24767,78,H4,M,2025-12-17 10:00:00,1.37773,1.37958,1.37742,1.37773,17138
24768,78,H4,M,2025-12-17 14:00:00,1.37776,1.37982,1.37622,1.37832,32134
24769,78,H4,M,2025-12-17 18:00:00,1.37834,1.37924,1.37758,1.37876,16969
24770,78,H4,M,2025-12-17 22:00:00,1.37846,1.37892,1.37785,1.37866,9074
24771,78,H4,M,2025-12-18 02:00:00,1.37864,1.37884,1.3777,1.37776,10566
24772,78,H4,M,2025-12-18 06:00:00,1.37775,1.37838,1.37684,1.37822,16158
24773,78,H4,M,2025-12-18 10:00:00,1.37825,1.37962,1.37638,1.37768,23827
24774,78,H4,M,2025-12-18 14:00:00,1.37768,1.37814,1.3756,1.37724,39835
24775,78,H4,M,2025-12-18 18:00:00,1.37722,1.37841,1.37662,1.3778,17939
24776,78,H4,M,2025-12-18 22:00:00,1.37748,1.37812,1.37702,1.37788,8275
24777,78,H4,M,2025-12-19 02:00:00,1.37788,1.37892,1.37756,1.3789,12421
24778,78,H4,M,2025-12-19 06:00:00,1.37888,1.37973,1.37862,1.37944,16874
24779,78,H4,M,2025-12-19 10:00:00,1.37944,1.38015,1.37806,1.37826,16266
24780,78,H4,M,2025-12-19 14:00:00,1.37824,1.37882,1.37552,1.37796,24848
24781,78,H4,M,2025-12-19 18:00:00,1.37796,1.3806,1.37734,1.38018,13578
24782,78,H4,M,2025-12-21 22:00:00,1.37953,1.38052,1.37902,1.37986,20025
24783,78,H4,M,2025-12-22 02:00:00,1.37985,1.37988,1.37922,1.37926,8289
24784,78,H4,M,2025-12-22 06:00:00,1.37926,1.37964,1.37698,1.37716,12961
24785,78,H4,M,2025-12-22 10:00:00,1.37716,1.37736,1.37552,1.37554,15712
24786,78,H4,M,2025-12-22 14:00:00,1.37554,1.37644,1.3736,1.37384,25150
24787,78,H4,M,2025-12-22 18:00:00,1.37384,1.37541,1.3736,1.37472,12225
24788,78,H4,M,2025-12-22 22:00:00,1.37519,1.37538,1.37392,1.3741,6814
24789,78,H4,M,2025-12-23 02:00:00,1.3741,1.3741,1.37334,1.37396,10108
24790,78,H4,M,2025-12-23 06:00:00,1.37397,1.37433,1.3705,1.37051,15619
24791,78,H4,M,2025-12-23 10:00:00,1.3705,1.37113,1.36885,1.36993,18279
24792,78,H4,M,2025-12-23 14:00:00,1.3699,1.37272,1.36962,1.37094,31265
24793,78,H4,M,2025-12-23 18:00:00,1.37094,1.37134,1.36862,1.36878,12990
24794,78,H4,M,2025-12-23 22:00:00,1.36904,1.36924,1.36774,1.36776,9382
24795,78,H4,M,2025-12-24 02:00:00,1.36776,1.36844,1.36748,1.36804,9868
24796,78,H4,M,2025-12-24 06:00:00,1.36803,1.36884,1.36726,1.36748,13462
24797,78,H4,M,2025-12-24 10:00:00,1.36746,1.36863,1.36664,1.36754,13454
24798,78,H4,M,2025-12-24 14:00:00,1.36753,1.36803,1.3665,1.36714,22898
24799,78,H4,M,2025-12-24 18:00:00,1.36717,1.36796,1.36676,1.36785,6087
24800,78,H4,M,2025-12-25 22:00:00,1.36825,1.36825,1.36697,1.36758,14300
24801,78,H4,M,2025-12-26 02:00:00,1.36757,1.3682,1.36702,1.36756,9615
24802,78,H4,M,2025-12-26 06:00:00,1.36755,1.36828,1.36662,1.36826,21115
24803,78,H4,M,2025-12-26 10:00:00,1.36828,1.36852,1.36494,1.36546,18294
24804,78,H4,M,2025-12-26 14:00:00,1.36546,1.36734,1.36426,1.36688,28946
24805,78,H4,M,2025-12-26 18:00:00,1.36687,1.36766,1.36668,1.36714,21625
24806,78,H4,M,2025-12-28 22:00:00,1.36649,1.3676,1.36608,1.36624,10070
24807,78,H4,M,2025-12-29 02:00:00,1.36623,1.36742,1.36576,1.36739,10150
24808,78,H4,M,2025-12-29 06:00:00,1.36741,1.3697,1.36714,1.36877,19471
24809,78,H4,M,2025-12-29 10:00:00,1.36878,1.37014,1.36803,1.36876,17909
24810,78,H4,M,2025-12-29 14:00:00,1.36876,1.36984,1.36633,1.36911,29473
24811,78,H4,M,2025-12-29 18:00:00,1.3691,1.36988,1.36826,1.36888,13116
24812,78,H4,M,2025-12-29 22:00:00,1.369,1.36958,1.36845,1.36845,6751
24813,78,H4,M,2025-12-30 02:00:00,1.36844,1.36907,1.36832,1.36867,9278
24814,78,H4,M,2025-12-30 06:00:00,1.36866,1.3692,1.3679,1.3685,13957
24815,78,H4,M,2025-12-30 10:00:00,1.36848,1.37086,1.36825,1.37041,17744
24816,78,H4,M,2025-12-30 14:00:00,1.37042,1.3709,1.36798,1.36863,25032
24817,78,H4,M,2025-12-30 18:00:00,1.36864,1.36996,1.36832,1.36968,11962
24818,78,H4,M,2025-12-30 22:00:00,1.3696,1.36994,1.36923,1.36964,6112
24819,78,H4,M,2025-12-31 02:00:00,1.36963,1.37046,1.36958,1.37017,9992
24820,78,H4,M,2025-12-31 06:00:00,1.37016,1.37102,1.36995,1.37032,15131
24821,78,H4,M,2025-12-31 10:00:00,1.37032,1.37125,1.36886,1.3698,17975
24822,78,H4,M,2025-12-31 14:00:00,1.3698,1.3727,1.36926,1.37208,34402
24823,78,H4,M,2025-12-31 18:00:00,1.37208,1.37284,1.37146,1.37254,22212
24824,78,H4,M,2026-01-01 22:00:00,1.3722,1.37232,1.3707,1.37086,4223
24825,78,H4,M,2026-01-02 02:00:00,1.37084,1.37178,1.37048,1.37165,6523
24826,78,H4,M,2026-01-02 06:00:00,1.37168,1.37224,1.37006,1.37214,16509
24827,78,H4,M,2026-01-02 10:00:00,1.37213,1.37417,1.37176,1.37398,14519
24828,78,H4,M,2026-01-02 14:00:00,1.374,1.37476,1.37211,1.37404,30383
24829,78,H4,M,2026-01-02 18:00:00,1.37404,1.37478,1.37271,1.37322,15968
24830,78,H4,M,2026-01-04 22:00:00,1.37435,1.37488,1.37361,1.3747,14154
24831,78,H4,M,2026-01-05 02:00:00,1.37471,1.3778,1.3746,1.3769,17183
24832,78,H4,M,2026-01-05 06:00:00,1.3769,1.3789,1.37648,1.3778,19004
24833,78,H4,M,2026-01-05 10:00:00,1.3778,1.38154,1.37622,1.37988,23081
24834,78,H4,M,2026-01-05 14:00:00,1.37988,1.38002,1.37452,1.37617,38561
24835,78,H4,M,2026-01-05 18:00:00,1.37616,1.37741,1.37551,1.37734,17062
24836,78,H4,M,2026-01-05 22:00:00,1.3771,1.37764,1.37643,1.37644,9305
24837,78,H4,M,2026-01-06 02:00:00,1.37644,1.37703,1.37605,1.37643,12305
24838,78,H4,M,2026-01-06 06:00:00,1.37642,1.37703,1.37517,1.37686,18299
24839,78,H4,M,2026-01-06 10:00:00,1.37686,1.37855,1.37606,1.37714,18166
24840,78,H4,M,2026-01-06 14:00:00,1.37712,1.37968,1.3757,1.37904,31927
24841,78,H4,M,2026-01-06 18:00:00,1.37904,1.38171,1.37887,1.38146,12556
24842,78,H4,M,2026-01-06 22:00:00,1.38128,1.38252,1.38108,1.38202,10350
24843,78,H4,M,2026-01-07 02:00:00,1.38202,1.38206,1.38106,1.38134,16561
24844,78,H4,M,2026-01-07 06:00:00,1.38134,1.38271,1.38118,1.3814,13438
24845,78,H4,M,2026-01-07 10:00:00,1.38142,1.38146,1.37946,1.3796,14804
24846,78,H4,M,2026-01-07 14:00:00,1.3796,1.38329,1.37904,1.38314,29567
24847,78,H4,M,2026-01-07 18:00:00,1.38314,1.38618,1.38298,1.38609,14194
24848,78,H4,M,2026-01-07 22:00:00,1.38579,1.38664,1.3856,1.38636,7618
24849,78,H4,M,2026-01-08 02:00:00,1.38636,1.38704,1.38585,1.38672,13692
24850,78,H4,M,2026-01-08 06:00:00,1.38672,1.38884,1.38671,1.3879,18058
24851,78,H4,M,2026-01-08 10:00:00,1.3879,1.38821,1.38536,1.38636,16910
24852,78,H4,M,2026-01-08 14:00:00,1.38636,1.38757,1.38506,1.3869,28675
24853,78,H4,M,2026-01-08 18:00:00,1.3869,1.38771,1.38552,1.38664,15649
24854,78,H4,M,2026-01-08 22:00:00,1.3863,1.3873,1.38618,1.38724,7500
24855,78,H4,M,2026-01-09 02:00:00,1.38724,1.38764,1.38681,1.38706,11517
24856,78,H4,M,2026-01-09 06:00:00,1.38706,1.38793,1.3865,1.38747,14112
24857,78,H4,M,2026-01-09 10:00:00,1.38746,1.38898,1.38674,1.3878,19952
24858,78,H4,M,2026-01-09 14:00:00,1.3878,1.39064,1.38744,1.39017,36637
24859,78,H4,M,2026-01-09 18:00:00,1.39016,1.39202,1.3901,1.39144,13547
24860,78,H4,M,2026-01-11 22:00:00,1.39152,1.39182,1.38836,1.38937,14382
24861,78,H4,M,2026-01-12 02:00:00,1.38938,1.3899,1.38878,1.38908,12881
24862,78,H4,M,2026-01-12 06:00:00,1.38912,1.38938,1.38674,1.38806,16710
24863,78,H4,M,2026-01-12 10:00:00,1.38806,1.38846,1.38686,1.38709,18926
24864,78,H4,M,2026-01-12 14:00:00,1.3871,1.38948,1.38688,1.38726,25738
24865,78,H4,M,2026-01-12 18:00:00,1.38725,1.38811,1.38684,1.38804,12637
24866,78,H4,M,2026-01-12 22:00:00,1.38784,1.3884,1.38744,1.38804,9409
24867,78,H4,M,2026-01-13 02:00:00,1.38804,1.3881,1.38675,1.38718,8959
24868,78,H4,M,2026-01-13 06:00:00,1.3872,1.38879,1.38697,1.38761,13795
24869,78,H4,M,2026-01-13 10:00:00,1.3876,1.38847,1.38552,1.38712,18548
24870,78,H4,M,2026-01-13 14:00:00,1.38713,1.38984,1.38631,1.38948,32167
24871,78,H4,M,2026-01-13 18:00:00,1.38948,1.38973,1.38806,1.38908,15856
24872,78,H4,M,2026-01-13 22:00:00,1.38896,1.38976,1.3884,1.38956,7991
24873,78,H4,M,2026-01-14 02:00:00,1.38954,1.38981,1.38834,1.38872,11716
24874,78,H4,M,2026-01-14 06:00:00,1.38871,1.38968,1.38804,1.3892,14860
24875,78,H4,M,2026-01-14 10:00:00,1.3892,1.3894,1.38706,1.3879,16551
24876,78,H4,M,2026-01-14 14:00:00,1.3879,1.3885,1.38664,1.38786,33848
24877,78,H4,M,2026-01-14 18:00:00,1.38787,1.38865,1.38714,1.38836,17817
24878,78,H4,M,2026-01-14 22:00:00,1.388,1.38932,1.38785,1.38894,8365
24879,78,H4,M,2026-01-15 02:00:00,1.38896,1.3903,1.38886,1.39004,8364
24880,78,H4,M,2026-01-15 06:00:00,1.39004,1.3908,1.38966,1.3905,12914
24881,78,H4,M,2026-01-15 10:00:00,1.39052,1.39138,1.38962,1.39112,14578
24882,78,H4,M,2026-01-15 14:00:00,1.39112,1.39199,1.38898,1.38973,24354
24883,78,H4,M,2026-01-15 18:00:00,1.38974,1.38998,1.3885,1.38944,15301
24884,78,H4,M,2026-01-15 22:00:00,1.38921,1.38985,1.38876,1.38956,11061
24885,78,H4,M,2026-01-16 02:00:00,1.38956,1.38976,1.38846,1.38918,12911
24886,78,H4,M,2026-01-16 06:00:00,1.38918,1.38976,1.38884,1.38952,16766
24887,78,H4,M,2026-01-16 10:00:00,1.38952,1.39006,1.38846,1.38998,19478
24888,78,H4,M,2026-01-16 14:00:00,1.38999,1.39285,1.38903,1.39248,33003
24889,78,H4,M,2026-01-16 18:00:00,1.39248,1.39288,1.39138,1.39154,14527
24890,78,H4,M,2026-01-18 22:00:00,1.39108,1.39187,1.38906,1.38971,16097
24891,78,H4,M,2026-01-19 02:00:00,1.3897,1.39026,1.38896,1.38929,15378
24892,78,H4,M,2026-01-19 06:00:00,1.38931,1.38986,1.38844,1.38866,19359
24893,78,H4,M,2026-01-19 10:00:00,1.38866,1.38936,1.38776,1.38839,15582
24894,78,H4,M,2026-01-19 14:00:00,1.3884,1.38847,1.38598,1.38666,15088
24895,78,H4,M,2026-01-19 18:00:00,1.38667,1.38739,1.38638,1.38698,3926
24896,78,H4,M,2026-01-19 22:00:00,1.38679,1.38792,1.38646,1.38688,11701
24897,78,H4,M,2026-01-20 02:00:00,1.38688,1.38737,1.38448,1.38525,11549
24898,78,H4,M,2026-01-20 06:00:00,1.38526,1.38656,1.38242,1.38277,26958
24899,78,H4,M,2026-01-20 10:00:00,1.38276,1.38386,1.38144,1.38282,30464
24900,78,H4,M,2026-01-20 14:00:00,1.38282,1.38411,1.38182,1.38314,36144
24901,78,H4,M,2026-01-20 18:00:00,1.38314,1.38436,1.38253,1.38368,17103
24902,78,H4,M,2026-01-20 22:00:00,1.3837,1.38407,1.38238,1.38266,10006
24903,78,H4,M,2026-01-21 02:00:00,1.38267,1.38409,1.3826,1.3837,11827
24904,78,H4,M,2026-01-21 06:00:00,1.3837,1.3843,1.38285,1.3841,18421
24905,78,H4,M,2026-01-21 10:00:00,1.38408,1.38421,1.37912,1.3794,20875
24906,78,H4,M,2026-01-21 14:00:00,1.37939,1.38289,1.37854,1.38162,46498
24907,78,H4,M,2026-01-21 18:00:00,1.38162,1.38402,1.3816,1.38321,28999
24908,78,H4,M,2026-01-21 22:00:00,1.38335,1.3845,1.38266,1.3827,13685
24909,78,H4,M,2026-01-22 02:00:00,1.38272,1.38314,1.38168,1.38212,15132
24910,78,H4,M,2026-01-22 06:00:00,1.38212,1.38307,1.38149,1.38256,19284
24911,78,H4,M,2026-01-22 10:00:00,1.38256,1.38334,1.3804,1.38083,22269
24912,78,H4,M,2026-01-22 14:00:00,1.38084,1.38212,1.37845,1.37855,33584
24913,78,H4,M,2026-01-22 18:00:00,1.37857,1.37934,1.37832,1.37872,15236
24914,78,H4,M,2026-01-22 22:00:00,1.3788,1.37929,1.3782,1.37882,12600
24915,78,H4,M,2026-01-23 02:00:00,1.37881,1.37966,1.37838,1.3789,10557
24916,78,H4,M,2026-01-23 06:00:00,1.37892,1.37998,1.3784,1.37924,22734
24917,78,H4,M,2026-01-23 10:00:00,1.37922,1.37958,1.3759,1.37662,18287
24918,78,H4,M,2026-01-23 14:00:00,1.37664,1.37704,1.3704,1.37136,32345
24919,78,H4,M,2026-01-23 18:00:00,1.37136,1.3726,1.3694,1.3703,24384
24920,78,H4,M,2026-01-25 22:00:00,1.37001,1.371,1.36782,1.36844,23270
24921,78,H4,M,2026-01-26 02:00:00,1.36843,1.36899,1.36754,1.36811,16761
24922,78,H4,M,2026-01-26 06:00:00,1.36812,1.36966,1.36748,1.36769,27829
24923,78,H4,M,2026-01-26 10:00:00,1.36768,1.3713,1.36716,1.37034,23810
24924,78,H4,M,2026-01-26 14:00:00,1.37034,1.37118,1.36758,1.37036,38455
24925,78,H4,M,2026-01-26 18:00:00,1.37036,1.37202,1.36998,1.37086,23343
24926,78,H4,M,2026-01-26 22:00:00,1.3707,1.37206,1.37066,1.37186,12603
24927,78,H4,M,2026-01-27 02:00:00,1.37186,1.37394,1.37086,1.37351,13492
24928,78,H4,M,2026-01-27 06:00:00,1.37354,1.37394,1.37065,1.3708,17519
24929,78,H4,M,2026-01-27 10:00:00,1.37082,1.37144,1.36579,1.36712,27528
24930,78,H4,M,2026-01-27 14:00:00,1.36712,1.36733,1.35914,1.35983,47046
24931,78,H4,M,2026-01-27 18:00:00,1.35982,1.36236,1.3559,1.35772,44687
24932,78,H4,M,2026-01-27 22:00:00,1.3579,1.36136,1.35708,1.36124,22583
24933,78,H4,M,2026-01-28 02:00:00,1.36124,1.3615,1.35843,1.35851,20956
24934,78,H4,M,2026-01-28 06:00:00,1.3585,1.3587,1.3561,1.35646,32521
24935,78,H4,M,2026-01-28 10:00:00,1.35645,1.35779,1.35511,1.3558,27446
24936,78,H4,M,2026-01-28 14:00:00,1.3558,1.35918,1.35357,1.35738,60947
24937,78,H4,M,2026-01-28 18:00:00,1.35739,1.3608,1.35464,1.3559,41994
24938,78,H4,M,2026-01-28 22:00:00,1.35578,1.35714,1.35312,1.35517,20980
24939,78,H4,M,2026-01-29 02:00:00,1.35518,1.35584,1.35163,1.35262,22389
24940,78,H4,M,2026-01-29 06:00:00,1.35263,1.3541,1.35096,1.35352,30875
24941,78,H4,M,2026-01-29 10:00:00,1.35351,1.35626,1.35072,1.352,32604
24942,78,H4,M,2026-01-29 14:00:00,1.35198,1.35781,1.3492,1.35152,99167
24943,78,H4,M,2026-01-29 18:00:00,1.35154,1.35218,1.3485,1.34894,37694
24944,78,H4,M,2026-01-29 22:00:00,1.34908,1.35294,1.34818,1.35288,22496
24945,78,H4,M,2026-01-30 02:00:00,1.3529,1.35459,1.35099,1.35172,32378
24946,78,H4,M,2026-01-30 06:00:00,1.35172,1.35535,1.35075,1.35454,42858
24947,78,H4,M,2026-01-30 10:00:00,1.35456,1.35558,1.34932,1.35458,50231
24948,78,H4,M,2026-01-30 14:00:00,1.35458,1.35892,1.35118,1.35833,80357
24949,78,H4,M,2026-01-30 18:00:00,1.35834,1.3624,1.35714,1.36197,59152
24950,78,H4,M,2026-02-01 22:00:00,1.36132,1.3658,1.36088,1.36258,42207
24951,78,H4,M,2026-02-02 02:00:00,1.36257,1.36722,1.36196,1.36624,35992
24952,78,H4,M,2026-02-02 06:00:00,1.36624,1.36752,1.36271,1.36317,46523
24953,78,H4,M,2026-02-02 10:00:00,1.3632,1.36666,1.36252,1.36632,43834
24954,78,H4,M,2026-02-02 14:00:00,1.36633,1.36933,1.36375,1.36854,65887
24955,78,H4,M,2026-02-02 18:00:00,1.36853,1.37028,1.36676,1.3682,28390
24956,78,H4,M,2026-02-02 22:00:00,1.36782,1.3684,1.3659,1.36614,13204
24957,78,H4,M,2026-02-03 02:00:00,1.36614,1.36806,1.3655,1.36652,29639
24958,78,H4,M,2026-02-03 06:00:00,1.36653,1.36856,1.36515,1.36844,39185
24959,78,H4,M,2026-02-03 10:00:00,1.36844,1.3686,1.3647,1.3666,29692
24960,78,H4,M,2026-02-03 14:00:00,1.3666,1.36807,1.36362,1.36494,58491
24961,78,H4,M,2026-02-03 18:00:00,1.36494,1.3659,1.36325,1.36424,39879
24962,78,H4,M,2026-02-03 22:00:00,1.36394,1.3646,1.36334,1.36378,13550
24963,78,H4,M,2026-02-04 02:00:00,1.36376,1.36509,1.36324,1.36349,17148
24964,78,H4,M,2026-02-04 06:00:00,1.36348,1.36496,1.36288,1.36472,26872
24965,78,H4,M,2026-02-04 10:00:00,1.36474,1.36744,1.36441,1.36494,31645
24966,78,H4,M,2026-02-04 14:00:00,1.36494,1.36835,1.36488,1.36724,61034
24967,78,H4,M,2026-02-04 18:00:00,1.36724,1.36844,1.3658,1.36636,29364
24968,78,H4,M,2026-02-04 22:00:00,1.36634,1.36721,1.36604,1.36679,11970
24969,78,H4,M,2026-02-05 02:00:00,1.36678,1.36933,1.36666,1.36846,29023
24970,78,H4,M,2026-02-05 06:00:00,1.36844,1.37004,1.3677,1.36998,28609
24971,78,H4,M,2026-02-05 10:00:00,1.36997,1.37006,1.36626,1.36681,36363
24972,78,H4,M,2026-02-05 14:00:00,1.3668,1.3694,1.36526,1.3674,60856
24973,78,H4,M,2026-02-05 18:00:00,1.36742,1.37114,1.36698,1.37108,22949
24974,78,H4,M,2026-02-05 22:00:00,1.37074,1.37248,1.37016,1.37044,21131
24975,78,H4,M,2026-02-06 02:00:00,1.37044,1.37054,1.36888,1.36906,19273
24976,78,H4,M,2026-02-06 06:00:00,1.36908,1.3695,1.3678,1.36832,24521
24977,78,H4,M,2026-02-06 10:00:00,1.36834,1.3691,1.36475,1.36568,21950
24978,78,H4,M,2026-02-06 14:00:00,1.36569,1.3658,1.36246,1.36446,35029
24979,78,H4,M,2026-02-06 18:00:00,1.36446,1.36778,1.364,1.36742,17719
24980,78,H4,M,2026-02-08 22:00:00,1.3674,1.36744,1.36512,1.36602,16482
24981,78,H4,M,2026-02-09 02:00:00,1.36603,1.36676,1.36527,1.36554,12893
24982,78,H4,M,2026-02-09 06:00:00,1.36552,1.3658,1.36335,1.36444,26521
24983,78,H4,M,2026-02-09 10:00:00,1.36443,1.36558,1.36024,1.36034,26062
24984,78,H4,M,2026-02-09 14:00:00,1.36034,1.36084,1.35675,1.35706,34152
24985,78,H4,M,2026-02-09 18:00:00,1.35706,1.35754,1.35529,1.35567,16378
24986,78,H4,M,2026-02-09 22:00:00,1.35635,1.35704,1.3557,1.35589,11187
24987,78,H4,M,2026-02-10 02:00:00,1.3559,1.3559,1.35484,1.3557,11120
24988,78,H4,M,2026-02-10 06:00:00,1.3557,1.35688,1.35542,1.35644,16934
24989,78,H4,M,2026-02-10 10:00:00,1.35642,1.35768,1.35486,1.3549,18934
24990,78,H4,M,2026-02-10 14:00:00,1.3549,1.35543,1.35233,1.3543,33861
24991,78,H4,M,2026-02-10 18:00:00,1.3543,1.35582,1.35417,1.35535,17044
24992,78,H4,M,2026-02-10 22:00:00,1.35539,1.35558,1.35398,1.35399,13833
24993,78,H4,M,2026-02-11 02:00:00,1.354,1.354,1.35172,1.35212,13509
24994,78,H4,M,2026-02-11 06:00:00,1.35212,1.3532,1.35092,1.35116,17529
24995,78,H4,M,2026-02-11 10:00:00,1.35118,1.36074,1.35044,1.35836,38730
24996,78,H4,M,2026-02-11 14:00:00,1.3584,1.36192,1.35518,1.35556,60724
24997,78,H4,M,2026-02-11 18:00:00,1.35553,1.35847,1.35505,1.35762,19433
24998,78,H4,M,2026-02-11 22:00:00,1.35737,1.3585,1.35685,1.35692,11258
24999,78,H4,M,2026-02-12 02:00:00,1.35692,1.35864,1.35651,1.35802,14206
25000,78,H4,M,2026-02-12 06:00:00,1.35802,1.35968,1.35634,1.35644,21409
25001,78,H4,M,2026-02-12 10:00:00,1.35644,1.35824,1.35555,1.3567,19328
25002,78,H4,M,2026-02-12 14:00:00,1.3567,1.36358,1.35594,1.36258,55022
25003,78,H4,M,2026-02-12 18:00:00,1.36257,1.36346,1.36062,1.361,26869
25004,78,H4,M,2026-02-12 22:00:00,1.36149,1.36178,1.36078,1.36144,11052
25005,78,H4,M,2026-02-13 02:00:00,1.36144,1.36274,1.36108,1.36254,12534
25006,78,H4,M,2026-02-13 06:00:00,1.36254,1.36378,1.35975,1.3605,20977
25007,78,H4,M,2026-02-13 10:00:00,1.36049,1.36362,1.36002,1.36022,28310
25008,78,H4,M,2026-02-13 14:00:00,1.36021,1.36366,1.35936,1.36045,49414
25009,78,H4,M,2026-02-13 18:00:00,1.36044,1.3626,1.35989,1.36178,17327
25010,78,H4,M,2026-02-15 22:00:00,1.36096,1.36256,1.36094,1.36148,11189
25011,78,H4,M,2026-02-16 02:00:00,1.36148,1.36194,1.36105,1.3617,10296
25012,78,H4,M,2026-02-16 06:00:00,1.36173,1.36202,1.36036,1.36188,15948
25013,78,H4,M,2026-02-16 10:00:00,1.36189,1.36334,1.36097,1.36266,13282
25014,78,H4,M,2026-02-16 14:00:00,1.3627,1.36388,1.3619,1.36384,13109
25015,78,H4,M,2026-02-16 18:00:00,1.36383,1.36388,1.3634,1.36374,2583
25016,78,H4,M,2026-02-16 22:00:00,1.36335,1.36444,1.36324,1.36428,7780
25017,78,H4,M,2026-02-17 02:00:00,1.3643,1.36483,1.36371,1.36409,10833
25018,78,H4,M,2026-02-17 06:00:00,1.36408,1.36532,1.36382,1.3644,14868
25019,78,H4,M,2026-02-17 10:00:00,1.3644,1.36719,1.3637,1.36714,19592
25020,78,H4,M,2026-02-17 14:00:00,1.36714,1.36931,1.36462,1.36486,47754
25021,78,H4,M,2026-02-17 18:00:00,1.36486,1.36508,1.36329,1.36365,17303
25022,78,H4,M,2026-02-17 22:00:00,1.36366,1.36484,1.36322,1.36458,9609
25023,78,H4,M,2026-02-18 02:00:00,1.36458,1.3655,1.36444,1.36528,8953
25024,78,H4,M,2026-02-18 06:00:00,1.36528,1.36686,1.36495,1.36558,12076
25025,78,H4,M,2026-02-18 10:00:00,1.36559,1.36689,1.36374,1.36684,14645
25026,78,H4,M,2026-02-18 14:00:00,1.36685,1.36879,1.36596,1.368,29121
25027,78,H4,M,2026-02-18 18:00:00,1.368,1.37005,1.36778,1.36955,19267
25028,78,H4,M,2026-02-18 22:00:00,1.3695,1.37014,1.36895,1.36898,7466
25029,78,H4,M,2026-02-19 02:00:00,1.36897,1.37046,1.3687,1.37019,8445
25030,78,H4,M,2026-02-19 06:00:00,1.3702,1.37028,1.36716,1.36738,14486
25031,78,H4,M,2026-02-19 10:00:00,1.36739,1.37068,1.36678,1.3686,19894
25032,78,H4,M,2026-02-19 14:00:00,1.3686,1.3715,1.36759,1.36964,43217
25033,78,H4,M,2026-02-19 18:00:00,1.36963,1.37075,1.36803,1.36817,17498
25034,78,H4,M,2026-02-19 22:00:00,1.3681,1.37024,1.36791,1.36978,10929
25035,78,H4,M,2026-02-20 02:00:00,1.36978,1.37031,1.36843,1.36862,11345
25036,78,H4,M,2026-02-20 06:00:00,1.36862,1.3703,1.3681,1.36896,22008
25037,78,H4,M,2026-02-20 10:00:00,1.36894,1.36985,1.36814,1.36893,21387
25038,78,H4,M,2026-02-20 14:00:00,1.36894,1.37111,1.36698,1.36865,71622
25039,78,H4,M,2026-02-20 18:00:00,1.36864,1.36935,1.36694,1.36826,32387
25040,78,H4,M,2026-02-22 22:00:00,1.36767,1.36812,1.36487,1.36644,17410
25041,78,H4,M,2026-02-23 02:00:00,1.36646,1.36746,1.36606,1.36695,15948
25042,78,H4,M,2026-02-23 06:00:00,1.36694,1.36738,1.36622,1.36707,16948
25043,78,H4,M,2026-02-23 10:00:00,1.36706,1.37004,1.36706,1.36784,21074
25044,78,H4,M,2026-02-23 14:00:00,1.36784,1.36969,1.36676,1.36902,42930
25045,78,H4,M,2026-02-23 18:00:00,1.36902,1.37044,1.36876,1.36975,15005
25046,78,H4,M,2026-02-23 22:00:00,1.36954,1.37176,1.36917,1.37062,12504
25047,78,H4,M,2026-02-24 02:00:00,1.37063,1.371,1.36965,1.36992,11127
25048,78,H4,M,2026-02-24 06:00:00,1.36992,1.37084,1.36962,1.36982,21143
25049,78,H4,M,2026-02-24 10:00:00,1.36982,1.37176,1.36962,1.37142,16705
25050,78,H4,M,2026-02-24 14:00:00,1.37143,1.37251,1.37009,1.37054,27752
25051,78,H4,M,2026-02-24 18:00:00,1.37056,1.37068,1.36946,1.36994,11115
25052,78,H4,M,2026-02-24 22:00:00,1.37,1.3706,1.36933,1.36995,11010
25053,78,H4,M,2026-02-25 02:00:00,1.36996,1.36999,1.3676,1.36774,18947
25054,78,H4,M,2026-02-25 06:00:00,1.36778,1.36974,1.36743,1.36924,14938
25055,78,H4,M,2026-02-25 10:00:00,1.36922,1.37068,1.36848,1.37005,17641
25056,78,H4,M,2026-02-25 14:00:00,1.37006,1.37048,1.36748,1.3684,28366
25057,78,H4,M,2026-02-25 18:00:00,1.3684,1.3686,1.36736,1.36747,11768
25058,78,H4,M,2026-02-25 22:00:00,1.36792,1.36804,1.36616,1.36624,11247
25059,78,H4,M,2026-02-26 02:00:00,1.36624,1.36756,1.36592,1.36658,13315
25060,78,H4,M,2026-02-26 06:00:00,1.36658,1.3679,1.36597,1.36778,19336
25061,78,H4,M,2026-02-26 10:00:00,1.36778,1.36916,1.36724,1.36876,15126
25062,78,H4,M,2026-02-26 14:00:00,1.36876,1.37126,1.36796,1.36992,37996
25063,78,H4,M,2026-02-26 18:00:00,1.36992,1.3703,1.36782,1.36815,13842
25064,78,H4,M,2026-02-26 22:00:00,1.36796,1.3685,1.36735,1.368,10687
25065,78,H4,M,2026-02-27 02:00:00,1.368,1.368,1.3663,1.36642,10940
25066,78,H4,M,2026-02-27 06:00:00,1.3664,1.36778,1.36622,1.36693,15304
25067,78,H4,M,2026-02-27 10:00:00,1.36692,1.36849,1.36628,1.36746,19857
25068,78,H4,M,2026-02-27 14:00:00,1.36744,1.36754,1.36252,1.36304,40799
25069,78,H4,M,2026-02-27 18:00:00,1.36302,1.36522,1.36258,1.36414,15601
25070,78,H4,M,2026-03-01 22:00:00,1.36535,1.36738,1.3637,1.36468,33256
25071,78,H4,M,2026-03-02 02:00:00,1.36467,1.36596,1.36409,1.36592,20698
25072,78,H4,M,2026-03-02 06:00:00,1.36592,1.3687,1.3642,1.36529,36283
25073,78,H4,M,2026-03-02 10:00:00,1.36528,1.36856,1.36409,1.3684,30055
25074,78,H4,M,2026-03-02 14:00:00,1.36841,1.3719,1.36653,1.37024,50335
25075,78,H4,M,2026-03-02 18:00:00,1.37023,1.37118,1.36602,1.36778,28776
25076,78,H4,M,2026-03-02 22:00:00,1.36782,1.36792,1.36612,1.36693,18962
25077,78,H4,M,2026-03-03 02:00:00,1.36694,1.36802,1.36604,1.36762,27575
25078,78,H4,M,2026-03-03 06:00:00,1.36762,1.37108,1.36674,1.37003,40982
25079,78,H4,M,2026-03-03 10:00:00,1.37002,1.37224,1.36826,1.37083,47770
25080,78,H4,M,2026-03-03 14:00:00,1.37082,1.3753,1.36591,1.36765,94728
25081,78,H4,M,2026-03-03 18:00:00,1.36764,1.36862,1.36534,1.36781,40940
25082,78,H4,M,2026-03-03 22:00:00,1.36735,1.37002,1.36716,1.36896,21394
25083,78,H4,M,2026-03-04 02:00:00,1.36896,1.36952,1.36774,1.36893,29361
25084,78,H4,M,2026-03-04 06:00:00,1.36894,1.36954,1.36484,1.36757,34328
25085,78,H4,M,2026-03-04 10:00:00,1.36756,1.36791,1.36442,1.36715,41921
25086,78,H4,M,2026-03-04 14:00:00,1.36716,1.36907,1.36514,1.36638,47573
25087,78,H4,M,2026-03-04 18:00:00,1.36636,1.36733,1.36272,1.36442,18444
25088,78,H4,M,2026-03-04 22:00:00,1.36435,1.3649,1.36306,1.36452,16916
25089,78,H4,M,2026-03-05 02:00:00,1.36453,1.36642,1.36402,1.36638,20819
25090,78,H4,M,2026-03-05 06:00:00,1.36638,1.36707,1.36278,1.36467,47346
25091,78,H4,M,2026-03-05 10:00:00,1.36466,1.36508,1.36148,1.36483,29808
25092,78,H4,M,2026-03-05 14:00:00,1.36486,1.37164,1.36348,1.37015,60406
25093,78,H4,M,2026-03-05 18:00:00,1.37016,1.37054,1.36654,1.36751,41552
25094,78,H4,M,2026-03-05 22:00:00,1.36756,1.36796,1.36566,1.36578,15862
25095,78,H4,M,2026-03-06 02:00:00,1.36578,1.3665,1.36535,1.36644,13419
25096,78,H4,M,2026-03-06 06:00:00,1.36643,1.36728,1.36448,1.36698,26740
25097,78,H4,M,2026-03-06 10:00:00,1.36698,1.3672,1.36286,1.3649,41881
25098,78,H4,M,2026-03-06 14:00:00,1.36488,1.36746,1.35952,1.35989,77107
25099,78,H4,M,2026-03-06 18:00:00,1.3599,1.36014,1.35642,1.35654,36981
25100,78,H4,M,2026-03-08 21:00:00,1.36009,1.36075,1.35544,1.35992,24974
25101,78,H4,M,2026-03-09 01:00:00,1.35992,1.36063,1.35512,1.35528,36311
25102,78,H4,M,2026-03-09 05:00:00,1.35528,1.35815,1.35454,1.35746,52107
25103,78,H4,M,2026-03-09 09:00:00,1.35744,1.35788,1.35256,1.35685,46172
25104,78,H4,M,2026-03-09 13:00:00,1.35686,1.35908,1.35532,1.35706,63895
25105,78,H4,M,2026-03-09 17:00:00,1.35704,1.35988,1.35602,1.35866,42787
25106,78,H4,M,2026-03-09 21:00:00,1.35855,1.35951,1.35728,1.35915,14548
25107,78,H4,M,2026-03-10 01:00:00,1.35914,1.36016,1.35892,1.35897,22296
25108,78,H4,M,2026-03-10 05:00:00,1.35896,1.3593,1.35658,1.35841,25422
25109,78,H4,M,2026-03-10 09:00:00,1.35842,1.35859,1.35423,1.35497,35663
25110,78,H4,M,2026-03-10 13:00:00,1.35498,1.35802,1.35464,1.35708,44247
25111,78,H4,M,2026-03-10 17:00:00,1.35705,1.35858,1.3566,1.358,45426
25112,78,H4,M,2026-03-10 21:00:00,1.35801,1.35856,1.35752,1.3579,10569
25113,78,H4,M,2026-03-11 01:00:00,1.35791,1.35811,1.35555,1.35593,23845
25114,78,H4,M,2026-03-11 05:00:00,1.35592,1.35734,1.35549,1.35643,35446
25115,78,H4,M,2026-03-11 09:00:00,1.35641,1.35934,1.35604,1.35924,34265
25116,78,H4,M,2026-03-11 13:00:00,1.35922,1.36052,1.35738,1.35838,47078
25117,78,H4,M,2026-03-11 17:00:00,1.35838,1.35957,1.35748,1.35918,26472
25118,78,H4,M,2026-03-11 21:00:00,1.3594,1.36049,1.35864,1.35875,13592
25119,78,H4,M,2026-03-12 01:00:00,1.35876,1.35932,1.35785,1.35923,29740
25120,78,H4,M,2026-03-12 05:00:00,1.35921,1.35945,1.35768,1.35878,31723
25121,78,H4,M,2026-03-12 09:00:00,1.35878,1.36046,1.3584,1.36008,23073
25122,78,H4,M,2026-03-12 13:00:00,1.36008,1.3634,1.35946,1.36282,55629
25123,78,H4,M,2026-03-12 17:00:00,1.36284,1.36429,1.36192,1.36378,26903
25124,78,H4,M,2026-03-12 21:00:00,1.3641,1.3646,1.3623,1.36264,11079
25125,78,H4,M,2026-03-13 01:00:00,1.36264,1.36472,1.36212,1.36452,34480
25126,78,H4,M,2026-03-13 05:00:00,1.3645,1.3672,1.36432,1.36636,26705
25127,78,H4,M,2026-03-13 09:00:00,1.36638,1.37036,1.3655,1.37024,34500
25128,78,H4,M,2026-03-13 13:00:00,1.37026,1.37418,1.36809,1.37338,53790
25129,78,H4,M,2026-03-13 17:00:00,1.37337,1.37389,1.37187,1.37206,29422
25130,78,H4,M,2026-03-15 21:00:00,1.37254,1.37296,1.37064,1.37072,14787
25131,78,H4,M,2026-03-16 01:00:00,1.37072,1.37172,1.37048,1.37171,16021
25132,78,H4,M,2026-03-16 05:00:00,1.37172,1.37232,1.36982,1.36986,20877
25133,78,H4,M,2026-03-16 09:00:00,1.36986,1.37046,1.36739,1.36924,23627
25134,78,H4,M,2026-03-16 13:00:00,1.36921,1.36921,1.36531,1.36788,36532
25135,78,H4,M,2026-03-16 17:00:00,1.36788,1.3687,1.36692,1.36856,24089
25136,78,H4,M,2026-03-16 21:00:00,1.36868,1.36908,1.36812,1.36867,6324
25137,78,H4,M,2026-03-17 01:00:00,1.36866,1.36902,1.36798,1.36848,14421
25138,78,H4,M,2026-03-17 05:00:00,1.3685,1.37016,1.36834,1.36894,20083
25139,78,H4,M,2026-03-17 09:00:00,1.36894,1.37099,1.36866,1.37029,18407
25140,78,H4,M,2026-03-17 13:00:00,1.37028,1.3723,1.36806,1.37007,34164
25141,78,H4,M,2026-03-17 17:00:00,1.37008,1.37016,1.3689,1.36905,13288
25142,78,H4,M,2026-03-17 21:00:00,1.36922,1.36969,1.36882,1.36927,12035
25143,78,H4,M,2026-03-18 01:00:00,1.36928,1.37019,1.36874,1.37004,12977
25144,78,H4,M,2026-03-18 05:00:00,1.37006,1.37128,1.36954,1.36968,15252
25145,78,H4,M,2026-03-18 09:00:00,1.36968,1.37086,1.36882,1.37085,26604
25146,78,H4,M,2026-03-18 13:00:00,1.37084,1.37244,1.36878,1.3698,38779
25147,78,H4,M,2026-03-18 17:00:00,1.36981,1.37378,1.36923,1.37324,27933
25148,78,H4,M,2026-03-18 21:00:00,1.37342,1.37384,1.37198,1.37199,10444
25149,78,H4,M,2026-03-19 01:00:00,1.37198,1.373,1.37142,1.37279,17098
25150,78,H4,M,2026-03-19 05:00:00,1.3728,1.37476,1.37216,1.37446,23410
25151,78,H4,M,2026-03-19 09:00:00,1.37446,1.37486,1.37263,1.37264,31910
25152,78,H4,M,2026-03-19 13:00:00,1.37263,1.37405,1.3706,1.37284,71792
25153,78,H4,M,2026-03-19 17:00:00,1.37285,1.37452,1.37048,1.37397,32054
25154,78,H4,M,2026-03-19 21:00:00,1.37368,1.3743,1.37324,1.37378,9831
25155,78,H4,M,2026-03-20 01:00:00,1.37378,1.37397,1.37251,1.37323,15810
25156,78,H4,M,2026-03-20 05:00:00,1.37322,1.3741,1.37131,1.37164,22007
25157,78,H4,M,2026-03-20 09:00:00,1.37165,1.3729,1.36998,1.37144,28715
25158,78,H4,M,2026-03-20 13:00:00,1.37142,1.3748,1.37042,1.37144,45753
25159,78,H4,M,2026-03-20 17:00:00,1.37144,1.37288,1.37044,1.37235,35746
25160,78,H4,M,2026-03-22 21:00:00,1.37183,1.37329,1.37051,1.37206,18099
25161,78,H4,M,2026-03-23 01:00:00,1.37206,1.37208,1.3701,1.37164,26257
25162,78,H4,M,2026-03-23 05:00:00,1.37165,1.37394,1.37152,1.37344,30256
25163,78,H4,M,2026-03-23 09:00:00,1.37344,1.37551,1.36836,1.36973,97842
25164,78,H4,M,2026-03-23 13:00:00,1.3697,1.37294,1.36697,1.37243,80466
25165,78,H4,M,2026-03-23 17:00:00,1.37242,1.37358,1.37134,1.37275,30371
25166,78,H4,M,2026-03-23 21:00:00,1.37274,1.3743,1.37209,1.37424,15307
25167,78,H4,M,2026-03-24 01:00:00,1.37425,1.37596,1.37397,1.3757,24645
25168,78,H4,M,2026-03-24 05:00:00,1.37569,1.37618,1.37256,1.37479,43280
25169,78,H4,M,2026-03-24 09:00:00,1.37478,1.37568,1.37286,1.37441,32476
25170,78,H4,M,2026-03-24 13:00:00,1.37443,1.37748,1.37299,1.37728,60206
25171,78,H4,M,2026-03-24 17:00:00,1.37728,1.37856,1.37416,1.37653,41135
25172,78,H4,M,2026-03-24 21:00:00,1.3763,1.37672,1.37503,1.37564,15923
25173,78,H4,M,2026-03-25 01:00:00,1.37564,1.37747,1.37546,1.37729,20935
25174,78,H4,M,2026-03-25 05:00:00,1.37728,1.37875,1.37716,1.37872,23050
25175,78,H4,M,2026-03-25 09:00:00,1.37871,1.38006,1.3785,1.3786,22071
25176,78,H4,M,2026-03-25 13:00:00,1.37858,1.38098,1.37727,1.38092,35721
25177,78,H4,M,2026-03-25 17:00:00,1.38092,1.382,1.37995,1.38116,19907
25178,78,H4,M,2026-03-25 21:00:00,1.38076,1.3825,1.38052,1.3823,7358
25179,78,H4,M,2026-03-26 01:00:00,1.38232,1.3832,1.3817,1.38206,15224
25180,78,H4,M,2026-03-26 05:00:00,1.38205,1.38386,1.38176,1.38319,21014
25181,78,H4,M,2026-03-26 09:00:00,1.38322,1.38498,1.38248,1.38356,18697
25182,78,H4,M,2026-03-26 13:00:00,1.38352,1.3858,1.38214,1.38434,34530
25183,78,H4,M,2026-03-26 17:00:00,1.38436,1.3866,1.38362,1.38603,23569
25184,78,H4,M,2026-03-26 21:00:00,1.38602,1.38632,1.38453,1.38588,12771
25185,78,H4,M,2026-03-27 01:00:00,1.38587,1.38609,1.38454,1.3852,17681
25186,78,H4,M,2026-03-27 05:00:00,1.38522,1.38564,1.38462,1.38515,16786
25187,78,H4,M,2026-03-27 09:00:00,1.38518,1.38707,1.3847,1.38686,18904
25188,78,H4,M,2026-03-27 13:00:00,1.38686,1.38844,1.38508,1.38806,35126
25189,78,H4,M,2026-03-27 17:00:00,1.38806,1.38958,1.38762,1.3894,17703
25190,78,H4,M,2026-03-29 21:00:00,1.38832,1.39032,1.38832,1.38872,20232
25191,78,H4,M,2026-03-30 01:00:00,1.38872,1.38956,1.3886,1.38936,18404
25192,78,H4,M,2026-03-30 05:00:00,1.38936,1.39192,1.38862,1.39184,18271
25193,78,H4,M,2026-03-30 09:00:00,1.39184,1.39265,1.39073,1.39258,19054
25194,78,H4,M,2026-03-30 13:00:00,1.39258,1.39456,1.3915,1.39242,32686
25195,78,H4,M,2026-03-30 17:00:00,1.39241,1.39314,1.3917,1.39248,19007
25196,78,H4,M,2026-03-30 21:00:00,1.39234,1.3936,1.39193,1.39222,15460
25197,78,H4,M,2026-03-31 01:00:00,1.39224,1.39324,1.39166,1.39312,31046
25198,78,H4,M,2026-03-31 05:00:00,1.39312,1.39422,1.39261,1.39403,21653
25199,78,H4,M,2026-03-31 09:00:00,1.39402,1.39452,1.39314,1.39399,21630
25200,78,H4,M,2026-03-31 13:00:00,1.394,1.3967,1.39243,1.39346,48114
25201,78,H4,M,2026-03-31 17:00:00,1.39345,1.39398,1.39058,1.39144,31084
25202,78,H4,M,2026-03-31 21:00:00,1.39115,1.39188,1.3897,1.38988,9376
25203,78,H4,M,2026-04-01 01:00:00,1.38988,1.39122,1.38982,1.39095,21036
25204,78,H4,M,2026-04-01 05:00:00,1.39093,1.39117,1.38868,1.38902,27732
25205,78,H4,M,2026-04-01 09:00:00,1.389,1.38992,1.38838,1.38954,22462
25206,78,H4,M,2026-04-01 13:00:00,1.38952,1.39048,1.38738,1.38752,38990
25207,78,H4,M,2026-04-01 17:00:00,1.3875,1.3896,1.38721,1.38742,20844
25208,78,H4,M,2026-04-01 21:00:00,1.38739,1.38798,1.38708,1.38727,23387
25209,78,H4,M,2026-04-02 01:00:00,1.38728,1.39152,1.38693,1.39116,40595
25210,78,H4,M,2026-04-02 05:00:00,1.39115,1.39219,1.39064,1.39207,24578
25211,78,H4,M,2026-04-02 09:00:00,1.39208,1.39336,1.39069,1.39188,16667
25212,78,H4,M,2026-04-02 13:00:00,1.39187,1.39266,1.3909,1.3914,37798
25213,78,H4,M,2026-04-02 17:00:00,1.39141,1.39228,1.391,1.39204,14553
25214,78,H4,M,2026-04-02 21:00:00,1.3919,1.39226,1.39143,1.3921,3727
25215,78,H4,M,2026-04-03 01:00:00,1.3921,1.3926,1.39206,1.39252,4870
25216,78,H4,M,2026-04-03 05:00:00,1.39252,1.39272,1.39186,1.39198,4981
25217,78,H4,M,2026-04-03 09:00:00,1.39201,1.39433,1.3918,1.394,9411
25218,78,H4,M,2026-04-03 13:00:00,1.39402,1.39494,1.39351,1.39426,13577
25219,78,H4,M,2026-04-03 17:00:00,1.39426,1.39486,1.39372,1.39464,15118
25220,78,H4,M,2026-04-05 21:00:00,1.39368,1.39482,1.3936,1.39447,10799
25221,78,H4,M,2026-04-06 01:00:00,1.39444,1.3948,1.39358,1.39381,17541
25222,78,H4,M,2026-04-06 05:00:00,1.3938,1.39426,1.39161,1.3922,16777
25223,78,H4,M,2026-04-06 09:00:00,1.39222,1.39293,1.39094,1.39116,16529
25224,78,H4,M,2026-04-06 13:00:00,1.39116,1.3924,1.39024,1.39174,30917
25225,78,H4,M,2026-04-06 17:00:00,1.39173,1.3924,1.39094,1.39096,19823
25226,78,H4,M,2026-04-06 21:00:00,1.39108,1.39192,1.3906,1.3919,9390
25227,78,H4,M,2026-04-07 01:00:00,1.3919,1.39302,1.39154,1.39178,18357
25228,78,H4,M,2026-04-07 05:00:00,1.39178,1.39268,1.39092,1.39108,26994
25229,78,H4,M,2026-04-07 09:00:00,1.39107,1.39293,1.39064,1.39147,20899
25230,78,H4,M,2026-04-07 13:00:00,1.39146,1.39256,1.3891,1.39019,30086
25231,78,H4,M,2026-04-07 17:00:00,1.39019,1.39059,1.38857,1.38858,20742
25232,78,H4,M,2026-04-07 21:00:00,1.38878,1.39003,1.38346,1.38494,43927
25233,78,H4,M,2026-04-08 01:00:00,1.38494,1.38504,1.38322,1.38344,29810
25234,78,H4,M,2026-04-08 05:00:00,1.38346,1.38664,1.38239,1.38664,29643
25235,78,H4,M,2026-04-08 09:00:00,1.38665,1.3875,1.38354,1.38416,23154
25236,78,H4,M,2026-04-08 13:00:00,1.38416,1.38696,1.38396,1.38423,37555
25237,78,H4,M,2026-04-08 17:00:00,1.3842,1.3861,1.38356,1.38452,25911
25238,78,H4,M,2026-04-08 21:00:00,1.38449,1.38558,1.38412,1.38536,10872
25239,78,H4,M,2026-04-09 01:00:00,1.38537,1.38596,1.3845,1.38494,13786
25240,78,H4,M,2026-04-09 05:00:00,1.38493,1.38608,1.38455,1.38496,17414
25241,78,H4,M,2026-04-09 09:00:00,1.38498,1.38574,1.38307,1.38348,16180
25242,78,H4,M,2026-04-09 13:00:00,1.38348,1.38352,1.38048,1.38174,35244
25243,78,H4,M,2026-04-09 17:00:00,1.38174,1.38246,1.38092,1.38176,16692
25244,78,H4,M,2026-04-09 21:00:00,1.38158,1.3827,1.38138,1.38246,7828
25245,78,H4,M,2026-04-10 01:00:00,1.38246,1.38278,1.38184,1.38252,10174
25246,78,H4,M,2026-04-10 05:00:00,1.38252,1.38443,1.38235,1.38374,11559
25247,78,H4,M,2026-04-10 09:00:00,1.38374,1.38417,1.38113,1.38203,19681
25248,78,H4,M,2026-04-10 13:00:00,1.38203,1.38389,1.37992,1.38342,24828
25249,78,H4,M,2026-04-10 17:00:00,1.38341,1.38446,1.38218,1.38431,15083
25250,78,H4,M,2026-04-12 21:00:00,1.38644,1.3878,1.38592,1.38628,15536
25251,78,H4,M,2026-04-13 01:00:00,1.38628,1.38676,1.38578,1.38596,17265
25252,78,H4,M,2026-04-13 05:00:00,1.38596,1.38638,1.38422,1.38426,19867
25253,78,H4,M,2026-04-13 09:00:00,1.38425,1.38522,1.38346,1.38423,17049
25254,78,H4,M,2026-04-13 13:00:00,1.38424,1.38427,1.3797,1.37977,30981
25255,78,H4,M,2026-04-13 17:00:00,1.37976,1.37996,1.37862,1.37936,15653
25256,78,H4,M,2026-04-13 21:00:00,1.37924,1.37932,1.37854,1.3786,8890
25257,78,H4,M,2026-04-14 01:00:00,1.3786,1.379,1.37816,1.37832,9915
25258,78,H4,M,2026-04-14 05:00:00,1.37831,1.37888,1.37616,1.37633,18476
25259,78,H4,M,2026-04-14 09:00:00,1.37632,1.37668,1.37372,1.37373,17944
25260,78,H4,M,2026-04-14 13:00:00,1.37374,1.37634,1.37311,1.37617,29821
25261,78,H4,M,2026-04-14 17:00:00,1.37618,1.37785,1.3757,1.3767,14470
25262,78,H4,M,2026-04-14 21:00:00,1.37688,1.37708,1.37596,1.37676,8168
25263,78,H4,M,2026-04-15 01:00:00,1.37676,1.37825,1.37649,1.37754,11263
25264,78,H4,M,2026-04-15 05:00:00,1.37753,1.37764,1.3761,1.37663,15100
25265,78,H4,M,2026-04-15 09:00:00,1.37664,1.37886,1.37652,1.37746,19819
25266,78,H4,M,2026-04-15 13:00:00,1.37746,1.37762,1.37337,1.37344,29628
25267,78,H4,M,2026-04-15 17:00:00,1.37344,1.37432,1.37269,1.3742,14005
25268,78,H4,M,2026-04-15 21:00:00,1.37375,1.37406,1.37286,1.37288,8027
25269,78,H4,M,2026-04-16 01:00:00,1.37288,1.37346,1.37132,1.37189,17306
25270,78,H4,M,2026-04-16 05:00:00,1.37188,1.37346,1.37146,1.37286,20042
25271,78,H4,M,2026-04-16 09:00:00,1.37285,1.37383,1.37204,1.37233,18371
25272,78,H4,M,2026-04-16 13:00:00,1.37234,1.37252,1.37019,1.37031,30189
25273,78,H4,M,2026-04-16 17:00:00,1.3703,1.3709,1.36955,1.37035,16205
25274,78,H4,M,2026-04-16 21:00:00,1.37047,1.3709,1.36982,1.3701,6473
25275,78,H4,M,2026-04-17 01:00:00,1.3701,1.37038,1.36878,1.3688,8725
25276,78,H4,M,2026-04-17 05:00:00,1.36879,1.3689,1.36702,1.36728,14271
25277,78,H4,M,2026-04-17 09:00:00,1.36729,1.3684,1.36604,1.36611,18457
25278,78,H4,M,2026-04-17 13:00:00,1.3661,1.36764,1.36494,1.3668,44624
25279,78,H4,M,2026-04-17 17:00:00,1.36681,1.3695,1.3668,1.36934,23224
25280,78,H4,M,2026-04-19 21:00:00,1.36863,1.37099,1.3685,1.36951,12785
25281,78,H4,M,2026-04-20 01:00:00,1.36951,1.37026,1.36928,1.3695,14118
25282,78,H4,M,2026-04-20 05:00:00,1.3695,1.37034,1.36874,1.36934,18394
25283,78,H4,M,2026-04-20 09:00:00,1.36934,1.37008,1.3683,1.36922,15750
25284,78,H4,M,2026-04-20 13:00:00,1.36919,1.36988,1.364,1.36452,29135
25285,78,H4,M,2026-04-20 17:00:00,1.36451,1.36511,1.3635,1.36446,13640
25286,78,H4,M,2026-04-20 21:00:00,1.36491,1.36531,1.36387,1.36434,10942
25287,78,H4,M,2026-04-21 01:00:00,1.36434,1.36514,1.36412,1.36482,10139
25288,78,H4,M,2026-04-21 05:00:00,1.36482,1.36639,1.36434,1.36578,16063
25289,78,H4,M,2026-04-21 09:00:00,1.36577,1.36626,1.36512,1.36512,14766
25290,78,H4,M,2026-04-21 13:00:00,1.36512,1.36592,1.36312,1.3659,28239
25291,78,H4,M,2026-04-21 17:00:00,1.3659,1.3677,1.36497,1.3662,39327
25292,78,H4,M,2026-04-21 21:00:00,1.36646,1.36656,1.36543,1.36565,9810
25293,78,H4,M,2026-04-22 01:00:00,1.36564,1.36636,1.36561,1.36568,11875
25294,78,H4,M,2026-04-22 05:00:00,1.36567,1.36612,1.36434,1.36472,15976
25295,78,H4,M,2026-04-22 09:00:00,1.3647,1.36725,1.36449,1.36682,15889
25296,78,H4,M,2026-04-22 13:00:00,1.36681,1.36696,1.36464,1.36578,25916
25297,78,H4,M,2026-04-22 17:00:00,1.36579,1.36749,1.36546,1.3672,14033
25298,78,H4,M,2026-04-22 21:00:00,1.36694,1.36798,1.36643,1.36657,13945
25299,78,H4,M,2026-04-23 01:00:00,1.36658,1.3677,1.3665,1.36714,20919
25300,78,H4,M,2026-04-23 05:00:00,1.36715,1.36744,1.36604,1.36639,18066
25301,78,H4,M,2026-04-23 09:00:00,1.36641,1.36846,1.36626,1.36802,19248
25302,78,H4,M,2026-04-23 13:00:00,1.36802,1.36956,1.36673,1.36937,26233
25303,78,H4,M,2026-04-23 17:00:00,1.36934,1.37146,1.36894,1.3699,32575
25304,78,H4,M,2026-04-23 21:00:00,1.37036,1.37054,1.36944,1.36984,9022
25305,78,H4,M,2026-04-24 01:00:00,1.36984,1.37146,1.36968,1.371,13167
25306,78,H4,M,2026-04-24 05:00:00,1.371,1.37139,1.3687,1.36894,15614
25307,78,H4,M,2026-04-24 09:00:00,1.36894,1.36921,1.36784,1.36812,19801
25308,78,H4,M,2026-04-24 13:00:00,1.36813,1.36996,1.36728,1.36741,28747
25309,78,H4,M,2026-04-24 17:00:00,1.36739,1.36744,1.36632,1.36692,15804
25310,78,H4,M,2026-04-26 21:00:00,1.36743,1.36825,1.36691,1.367,9529
25311,78,H4,M,2026-04-27 01:00:00,1.367,1.367,1.36611,1.36643,13992
25312,78,H4,M,2026-04-27 05:00:00,1.36644,1.36676,1.36106,1.36169,15102
25313,78,H4,M,2026-04-27 09:00:00,1.36168,1.3618,1.35976,1.36027,15808
25314,78,H4,M,2026-04-27 13:00:00,1.36026,1.36224,1.35987,1.36176,22881
25315,78,H4,M,2026-04-27 17:00:00,1.36176,1.36361,1.36152,1.36266,11707
25316,78,H4,M,2026-04-27 21:00:00,1.36265,1.36294,1.3613,1.3625,6656
25317,78,H4,M,2026-04-28 01:00:00,1.36251,1.36408,1.36248,1.36334,13575
25318,78,H4,M,2026-04-28 05:00:00,1.36333,1.36488,1.36302,1.36471,20389
25319,78,H4,M,2026-04-28 09:00:00,1.3647,1.36799,1.36452,1.36748,23536
25320,78,H4,M,2026-04-28 13:00:00,1.36748,1.36916,1.3664,1.36814,30356
25321,78,H4,M,2026-04-28 17:00:00,1.36814,1.36882,1.36742,1.36842,15390
25322,78,H4,M,2026-04-28 21:00:00,1.368,1.3683,1.36761,1.3681,5745
25323,78,H4,M,2026-04-29 01:00:00,1.36811,1.36897,1.36788,1.36862,14935
25324,78,H4,M,2026-04-29 05:00:00,1.3686,1.36924,1.36762,1.36846,17264
25325,78,H4,M,2026-04-29 09:00:00,1.36848,1.36934,1.36732,1.36772,15020
25326,78,H4,M,2026-04-29 13:00:00,1.36771,1.37111,1.36674,1.36758,35030
25327,78,H4,M,2026-04-29 17:00:00,1.36758,1.3692,1.36742,1.36838,28726
25328,78,H4,M,2026-04-29 21:00:00,1.36896,1.369,1.36672,1.36758,11999
25329,78,H4,M,2026-04-30 01:00:00,1.36759,1.3689,1.36744,1.36862,20374
25330,78,H4,M,2026-04-30 05:00:00,1.3686,1.3689,1.36643,1.36712,22575
25331,78,H4,M,2026-04-30 09:00:00,1.36712,1.36766,1.36474,1.36712,35095
25332,78,H4,M,2026-04-30 13:00:00,1.36712,1.36716,1.36037,1.36124,40144
25333,78,H4,M,2026-04-30 17:00:00,1.36125,1.36156,1.35802,1.35822,21087
25334,78,H4,M,2026-04-30 21:00:00,1.35842,1.35864,1.35724,1.35798,10132
25335,78,H4,M,2026-05-01 01:00:00,1.35803,1.3587,1.35728,1.35867,12651
25336,78,H4,M,2026-05-01 05:00:00,1.35868,1.35883,1.35704,1.35728,18982
25337,78,H4,M,2026-05-01 09:00:00,1.35727,1.35807,1.35501,1.35642,18374
25338,78,H4,M,2026-05-01 13:00:00,1.35642,1.35883,1.35544,1.3588,31170
25339,78,H4,M,2026-05-01 17:00:00,1.35882,1.35946,1.35842,1.35928,21484
25340,78,H4,M,2026-05-03 21:00:00,1.35882,1.359,1.35778,1.35884,7715
25341,78,H4,M,2026-05-04 01:00:00,1.35884,1.35961,1.35841,1.35902,17346
25342,78,H4,M,2026-05-04 05:00:00,1.35902,1.3608,1.3588,1.36016,16953
25343,78,H4,M,2026-05-04 09:00:00,1.36016,1.36196,1.3598,1.36172,23537
25344,78,H4,M,2026-05-04 13:00:00,1.36172,1.36198,1.36013,1.36159,36471
25345,78,H4,M,2026-05-04 17:00:00,1.3616,1.36264,1.36038,1.36246,17023
25346,78,H4,M,2026-05-04 21:00:00,1.36238,1.36276,1.36179,1.36262,7316
25347,78,H4,M,2026-05-05 01:00:00,1.36263,1.36286,1.36191,1.36283,11013
25348,78,H4,M,2026-05-05 05:00:00,1.36284,1.36304,1.36118,1.36174,17603
25349,78,H4,M,2026-05-05 09:00:00,1.36176,1.36274,1.36044,1.36228,17714
25350,78,H4,M,2026-05-05 13:00:00,1.36228,1.3623,1.36067,1.36203,22626
25351,78,H4,M,2026-05-05 17:00:00,1.36202,1.36266,1.36163,1.36203,12405
25352,78,H4,M,2026-05-05 21:00:00,1.36163,1.36223,1.35962,1.35974,16737
25353,78,H4,M,2026-05-06 01:00:00,1.35976,1.36036,1.35834,1.35874,22111
25354,78,H4,M,2026-05-06 05:00:00,1.35877,1.35996,1.35781,1.35854,24933
25355,78,H4,M,2026-05-06 09:00:00,1.35856,1.3614,1.35834,1.3611,28509
25356,78,H4,M,2026-05-06 13:00:00,1.36112,1.3636,1.36072,1.36347,31302
25357,78,H4,M,2026-05-06 17:00:00,1.36349,1.36416,1.3629,1.36336,13752
25358,78,H4,M,2026-05-06 21:00:00,1.36315,1.3642,1.36286,1.36385,8721
25359,78,H4,M,2026-05-07 01:00:00,1.36384,1.36424,1.3628,1.36356,11065
25360,78,H4,M,2026-05-07 05:00:00,1.36356,1.36438,1.36234,1.36258,17194
25361,78,H4,M,2026-05-07 09:00:00,1.36261,1.36358,1.36202,1.36346,15687
25362,78,H4,M,2026-05-07 13:00:00,1.36348,1.36452,1.36286,1.36314,26144
25363,78,H4,M,2026-05-07 17:00:00,1.36314,1.36658,1.36266,1.3665,22077
25364,78,H4,M,2026-05-07 21:00:00,1.366,1.36648,1.36562,1.366,10428
25365,78,H4,M,2026-05-08 01:00:00,1.36598,1.36643,1.36548,1.3656,13361
25366,78,H4,M,2026-05-08 05:00:00,1.3656,1.36595,1.36501,1.36514,16732
25367,78,H4,M,2026-05-08 09:00:00,1.36512,1.36932,1.36428,1.36906,17909
25368,78,H4,M,2026-05-08 13:00:00,1.36907,1.37104,1.36772,1.36896,27096
25369,78,H4,M,2026-05-08 17:00:00,1.36898,1.369,1.36707,1.36764,14971
25370,78,H4,M,2026-05-10 21:00:00,1.36863,1.36921,1.36791,1.36836,10454
25371,78,H4,M,2026-05-11 01:00:00,1.36834,1.36951,1.36825,1.36942,14031
25372,78,H4,M,2026-05-11 05:00:00,1.36942,1.36944,1.36669,1.36696,16461
25373,78,H4,M,2026-05-11 09:00:00,1.36694,1.36828,1.3661,1.36672,15814
25374,78,H4,M,2026-05-11 13:00:00,1.36672,1.36702,1.36482,1.36642,21688
25375,78,H4,M,2026-05-11 17:00:00,1.36642,1.3682,1.36626,1.36782,13195
25376,78,H4,M,2026-05-11 21:00:00,1.36765,1.36888,1.36718,1.36884,8869
25377,78,H4,M,2026-05-12 01:00:00,1.36884,1.36946,1.3687,1.36928,14436
25378,78,H4,M,2026-05-12 05:00:00,1.36929,1.37098,1.3684,1.3705,20323
25379,78,H4,M,2026-05-12 09:00:00,1.37048,1.37126,1.37004,1.37016,18408
25380,78,H4,M,2026-05-12 13:00:00,1.37015,1.37246,1.36988,1.37134,31021
25381,78,H4,M,2026-05-12 17:00:00,1.37138,1.37162,1.36933,1.3697,15140
25382,78,H4,M,2026-05-12 21:00:00,1.36968,1.36997,1.36938,1.3695,7571
25383,78,H4,M,2026-05-13 01:00:00,1.36948,1.36982,1.36844,1.36948,12708
25384,78,H4,M,2026-05-13 05:00:00,1.3695,1.37108,1.36938,1.36998,16152
25385,78,H4,M,2026-05-13 09:00:00,1.36998,1.37088,1.36898,1.36963,17401
25386,78,H4,M,2026-05-13 13:00:00,1.36962,1.37124,1.36925,1.37056,26348
25387,78,H4,M,2026-05-13 17:00:00,1.37056,1.37188,1.37024,1.37064,14370
25388,78,H4,M,2026-05-13 21:00:00,1.37087,1.37101,1.37016,1.37057,8043
25389,78,H4,M,2026-05-14 01:00:00,1.37058,1.37096,1.37024,1.37048,14304
25390,78,H4,M,2026-05-14 05:00:00,1.37048,1.3716,1.37016,1.37056,15267
25391,78,H4,M,2026-05-14 09:00:00,1.37058,1.37277,1.37044,1.3725,13780
25392,78,H4,M,2026-05-14 13:00:00,1.3725,1.3738,1.37136,1.37224,24702
25393,78,H4,M,2026-05-14 17:00:00,1.37224,1.37305,1.37179,1.37202,16420
25394,78,H4,M,2026-05-14 21:00:00,1.37226,1.37374,1.37154,1.37355,8283
25395,78,H4,M,2026-05-15 01:00:00,1.37357,1.37472,1.37353,1.37461,14535
25396,78,H4,M,2026-05-15 05:00:00,1.37462,1.37576,1.37393,1.37481,24868
25397,78,H4,M,2026-05-15 09:00:00,1.37478,1.37598,1.37348,1.3754,22516
25398,78,H4,M,2026-05-15 13:00:00,1.37539,1.37674,1.37332,1.37352,33041
25399,78,H4,M,2026-05-15 17:00:00,1.37354,1.37586,1.3731,1.37495,16227
25400,78,H4,M,2026-05-17 21:00:00,1.37497,1.37638,1.37488,1.37608,13703
25401,78,H4,M,2026-05-18 01:00:00,1.37609,1.37632,1.375,1.37538,18494
25402,78,H4,M,2026-05-18 05:00:00,1.37536,1.37562,1.37336,1.37372,19760
25403,78,H4,M,2026-05-18 09:00:00,1.37373,1.37539,1.37324,1.37395,19355
25404,78,H4,M,2026-05-18 13:00:00,1.37394,1.3752,1.37346,1.37414,29376
25405,78,H4,M,2026-05-18 17:00:00,1.37416,1.37508,1.37358,1.37396,19461
27848,88,H4,M,2025-12-11 22:00:00,0.87663,0.87689,0.87618,0.87628,5033
27849,88,H4,M,2025-12-12 02:00:00,0.87628,0.87648,0.8761,0.87632,5312
27850,88,H4,M,2025-12-12 06:00:00,0.87632,0.8775,0.87613,0.87672,9715
27851,88,H4,M,2025-12-12 10:00:00,0.87672,0.87722,0.87656,0.87718,8243
27852,88,H4,M,2025-12-12 14:00:00,0.87716,0.87924,0.87706,0.87848,13542
27853,88,H4,M,2025-12-12 18:00:00,0.87847,0.87888,0.87796,0.878,7980
27854,88,H4,M,2025-12-14 22:00:00,0.87706,0.87834,0.87704,0.878,5916
27855,88,H4,M,2025-12-15 02:00:00,0.87799,0.87858,0.87796,0.87806,6878
27856,88,H4,M,2025-12-15 06:00:00,0.87805,0.87823,0.87708,0.87716,8582
27857,88,H4,M,2025-12-15 10:00:00,0.87717,0.87822,0.87716,0.87753,6945
27858,88,H4,M,2025-12-15 14:00:00,0.8775,0.87881,0.87742,0.87868,12932
27859,88,H4,M,2025-12-15 18:00:00,0.87868,0.87881,0.87832,0.87865,5216
27860,88,H4,M,2025-12-15 22:00:00,0.87884,0.87926,0.87841,0.87912,6507
27861,88,H4,M,2025-12-16 02:00:00,0.87912,0.87946,0.87904,0.87939,6118
27862,88,H4,M,2025-12-16 06:00:00,0.8794,0.87957,0.87618,0.87666,10139
27863,88,H4,M,2025-12-16 10:00:00,0.8767,0.87726,0.87562,0.8771,13270
27864,88,H4,M,2025-12-16 14:00:00,0.8771,0.87872,0.87622,0.87636,16443
27865,88,H4,M,2025-12-16 18:00:00,0.87636,0.87639,0.8747,0.87532,8975
27866,88,H4,M,2025-12-16 22:00:00,0.87516,0.87572,0.875,0.87506,4399
27867,88,H4,M,2025-12-17 02:00:00,0.87506,0.87654,0.87506,0.8764,5668
27868,88,H4,M,2025-12-17 06:00:00,0.87638,0.87969,0.87532,0.87921,14133
27869,88,H4,M,2025-12-17 10:00:00,0.87922,0.8795,0.87815,0.87837,11045
27870,88,H4,M,2025-12-17 14:00:00,0.87836,0.87928,0.87688,0.87768,14861
27871,88,H4,M,2025-12-17 18:00:00,0.87768,0.8781,0.87746,0.87778,6332
27872,88,H4,M,2025-12-17 22:00:00,0.87775,0.87836,0.87748,0.87834,4829
27873,88,H4,M,2025-12-18 02:00:00,0.87834,0.87859,0.8781,0.87855,4242
27874,88,H4,M,2025-12-18 06:00:00,0.87854,0.87875,0.87728,0.87815,9039
27875,88,H4,M,2025-12-18 10:00:00,0.87812,0.87844,0.87402,0.87482,16241
27876,88,H4,M,2025-12-18 14:00:00,0.87482,0.87649,0.87354,0.87576,18387
27877,88,H4,M,2025-12-18 18:00:00,0.8758,0.87626,0.87571,0.87606,5696
27878,88,H4,M,2025-12-18 22:00:00,0.87586,0.87633,0.8753,0.8761,6530
27879,88,H4,M,2025-12-19 02:00:00,0.8761,0.87632,0.87603,0.8762,4920
27880,88,H4,M,2025-12-19 06:00:00,0.87622,0.87624,0.87502,0.87526,10408
27881,88,H4,M,2025-12-19 10:00:00,0.87526,0.87655,0.87524,0.8764,9285
27882,88,H4,M,2025-12-19 14:00:00,0.8764,0.8774,0.87576,0.87606,13632
27883,88,H4,M,2025-12-19 18:00:00,0.87606,0.87614,0.87518,0.87538,6302
27884,88,H4,M,2025-12-21 22:00:00,0.87549,0.87576,0.87464,0.87468,18538
27885,88,H4,M,2025-12-22 02:00:00,0.87468,0.87494,0.8745,0.87462,4364
27886,88,H4,M,2025-12-22 06:00:00,0.8746,0.87478,0.87368,0.87382,8992
27887,88,H4,M,2025-12-22 10:00:00,0.8738,0.87448,0.87283,0.87446,10266
27888,88,H4,M,2025-12-22 14:00:00,0.87446,0.87482,0.87262,0.87288,11019
27889,88,H4,M,2025-12-22 18:00:00,0.87286,0.87377,0.87283,0.8737,4585
27890,88,H4,M,2025-12-22 22:00:00,0.87352,0.87378,0.8732,0.87357,8655
27891,88,H4,M,2025-12-23 02:00:00,0.87356,0.87363,0.87282,0.87296,5689
27892,88,H4,M,2025-12-23 06:00:00,0.87296,0.8733,0.872,0.87318,11364
27893,88,H4,M,2025-12-23 10:00:00,0.87316,0.87369,0.87206,0.87254,11909
27894,88,H4,M,2025-12-23 14:00:00,0.87254,0.87372,0.87228,0.87366,12916
27895,88,H4,M,2025-12-23 18:00:00,0.87364,0.87374,0.87226,0.87244,6081
27896,88,H4,M,2025-12-23 22:00:00,0.8728,0.87342,0.87198,0.87258,5211
27897,88,H4,M,2025-12-24 02:00:00,0.8726,0.87286,0.87204,0.87278,5494
27898,88,H4,M,2025-12-24 06:00:00,0.87277,0.87292,0.87217,0.87264,10148
27899,88,H4,M,2025-12-24 10:00:00,0.87266,0.87298,0.87234,0.87268,11396
27900,88,H4,M,2025-12-24 14:00:00,0.87268,0.873,0.8719,0.87252,12712
27901,88,H4,M,2025-12-24 18:00:00,0.87247,0.87268,0.8719,0.87194,9305
27902,88,H4,M,2025-12-25 22:00:00,0.8713,0.87278,0.87121,0.87232,15740
27903,88,H4,M,2025-12-26 02:00:00,0.87232,0.87361,0.87213,0.8734,6494
27904,88,H4,M,2025-12-26 06:00:00,0.87338,0.87342,0.8725,0.87282,11689
27905,88,H4,M,2025-12-26 10:00:00,0.87281,0.87338,0.87202,0.87236,11753
27906,88,H4,M,2025-12-26 14:00:00,0.87237,0.87258,0.87165,0.87221,13898
27907,88,H4,M,2025-12-26 18:00:00,0.8722,0.87252,0.87173,0.872,8410
27908,88,H4,M,2025-12-28 22:00:00,0.87183,0.87291,0.87182,0.87232,6874
27909,88,H4,M,2025-12-29 02:00:00,0.87233,0.8725,0.87134,0.8714,5393
27910,88,H4,M,2025-12-29 06:00:00,0.8714,0.87402,0.87137,0.87296,11527
27911,88,H4,M,2025-12-29 10:00:00,0.87296,0.87308,0.87102,0.87226,12627
27912,88,H4,M,2025-12-29 14:00:00,0.87224,0.87345,0.87096,0.87146,15208
27913,88,H4,M,2025-12-29 18:00:00,0.87144,0.87168,0.87108,0.87122,5388
27914,88,H4,M,2025-12-29 22:00:00,0.87146,0.87214,0.87114,0.87166,7107
27915,88,H4,M,2025-12-30 02:00:00,0.87165,0.87208,0.87119,0.87128,4339
27916,88,H4,M,2025-12-30 06:00:00,0.87128,0.87174,0.8708,0.87088,9281
27917,88,H4,M,2025-12-30 10:00:00,0.87086,0.87221,0.8703,0.87214,9545
27918,88,H4,M,2025-12-30 14:00:00,0.87216,0.87366,0.8719,0.8728,12709
27919,88,H4,M,2025-12-30 18:00:00,0.87282,0.87292,0.87214,0.87224,4323
27920,88,H4,M,2025-12-30 22:00:00,0.87214,0.87268,0.872,0.87234,3719
27921,88,H4,M,2025-12-31 02:00:00,0.87235,0.87236,0.87182,0.87206,4054
27922,88,H4,M,2025-12-31 06:00:00,0.87206,0.87355,0.87174,0.8733,8588
27923,88,H4,M,2025-12-31 10:00:00,0.87326,0.87412,0.87236,0.87274,12697
27924,88,H4,M,2025-12-31 14:00:00,0.87275,0.87462,0.8723,0.87244,17484
27925,88,H4,M,2025-12-31 18:00:00,0.87245,0.8727,0.87153,0.87176,5991
27926,88,H4,M,2026-01-01 22:00:00,0.8724,0.87286,0.8717,0.87198,4433
27927,88,H4,M,2026-01-02 02:00:00,0.87199,0.87244,0.8718,0.87234,2677
27928,88,H4,M,2026-01-02 06:00:00,0.87233,0.87254,0.87106,0.87118,8543
27929,88,H4,M,2026-01-02 10:00:00,0.87116,0.87252,0.8708,0.871,8419
27930,88,H4,M,2026-01-02 14:00:00,0.87102,0.87156,0.87006,0.87136,12380
27931,88,H4,M,2026-01-02 18:00:00,0.87136,0.87144,0.87054,0.87075,6353
27932,88,H4,M,2026-01-04 22:00:00,0.87151,0.87151,0.87027,0.87054,7675
27933,88,H4,M,2026-01-05 02:00:00,0.87054,0.87066,0.86996,0.87023,5967
27934,88,H4,M,2026-01-05 06:00:00,0.87023,0.87091,0.86902,0.86904,9638
27935,88,H4,M,2026-01-05 10:00:00,0.86905,0.86915,0.86718,0.86783,11338
27936,88,H4,M,2026-01-05 14:00:00,0.86782,0.86807,0.86544,0.86566,15059
27937,88,H4,M,2026-01-05 18:00:00,0.86566,0.86626,0.86547,0.86554,6170
27938,88,H4,M,2026-01-05 22:00:00,0.86553,0.86578,0.86531,0.86558,4720
27939,88,H4,M,2026-01-06 02:00:00,0.86556,0.86593,0.86528,0.86566,5296
27940,88,H4,M,2026-01-06 06:00:00,0.86566,0.86603,0.86444,0.86536,10979
27941,88,H4,M,2026-01-06 10:00:00,0.86532,0.86635,0.86516,0.86596,11312
27942,88,H4,M,2026-01-06 14:00:00,0.86598,0.86632,0.86522,0.86606,15174
27943,88,H4,M,2026-01-06 18:00:00,0.86608,0.86616,0.8656,0.86573,5959
27944,88,H4,M,2026-01-06 22:00:00,0.8654,0.86613,0.86537,0.86599,5245
27945,88,H4,M,2026-01-07 02:00:00,0.86599,0.86604,0.86554,0.86562,5542
27946,88,H4,M,2026-01-07 06:00:00,0.86563,0.86628,0.86539,0.86588,8789
27947,88,H4,M,2026-01-07 10:00:00,0.86586,0.86655,0.86558,0.86639,9364
27948,88,H4,M,2026-01-07 14:00:00,0.8664,0.86789,0.86614,0.86751,14235
27949,88,H4,M,2026-01-07 18:00:00,0.8675,0.8678,0.86734,0.86758,5857
27950,88,H4,M,2026-01-07 22:00:00,0.86743,0.86774,0.86734,0.86763,3343
27951,88,H4,M,2026-01-08 02:00:00,0.86762,0.86816,0.86752,0.86805,5073
27952,88,H4,M,2026-01-08 06:00:00,0.86804,0.86901,0.8678,0.86893,8382
27953,88,H4,M,2026-01-08 10:00:00,0.86891,0.86912,0.86821,0.86884,9472
27954,88,H4,M,2026-01-08 14:00:00,0.86887,0.86904,0.86705,0.86714,12712
27955,88,H4,M,2026-01-08 18:00:00,0.86717,0.86769,0.86705,0.86746,6298
27956,88,H4,M,2026-01-08 22:00:00,0.86764,0.86794,0.86734,0.86754,4479
27957,88,H4,M,2026-01-09 02:00:00,0.86754,0.86772,0.86732,0.86754,5455
27958,88,H4,M,2026-01-09 06:00:00,0.86756,0.86856,0.86712,0.86818,8188
27959,88,H4,M,2026-01-09 10:00:00,0.86818,0.86867,0.86668,0.86675,12081
27960,88,H4,M,2026-01-09 14:00:00,0.86672,0.86812,0.86668,0.86785,17645
27961,88,H4,M,2026-01-09 18:00:00,0.86786,0.86823,0.86768,0.86814,5193
27962,88,H4,M,2026-01-11 22:00:00,0.86822,0.86844,0.86773,0.8681,7630
27963,88,H4,M,2026-01-12 02:00:00,0.86812,0.86868,0.86802,0.86866,5760
27964,88,H4,M,2026-01-12 06:00:00,0.86865,0.86926,0.8681,0.8683,10460
27965,88,H4,M,2026-01-12 10:00:00,0.8683,0.8685,0.86728,0.86733,9441
27966,88,H4,M,2026-01-12 14:00:00,0.86732,0.86736,0.86654,0.86664,11501
27967,88,H4,M,2026-01-12 18:00:00,0.86664,0.86716,0.86626,0.86644,4866
27968,88,H4,M,2026-01-12 22:00:00,0.86662,0.86682,0.86538,0.86552,5130
27969,88,H4,M,2026-01-13 02:00:00,0.8655,0.86586,0.86518,0.8657,5175
27970,88,H4,M,2026-01-13 06:00:00,0.8657,0.8662,0.86532,0.8658,8017
27971,88,H4,M,2026-01-13 10:00:00,0.8658,0.86623,0.86525,0.86592,10551
27972,88,H4,M,2026-01-13 14:00:00,0.86593,0.86733,0.8659,0.86695,13521
27973,88,H4,M,2026-01-13 18:00:00,0.86696,0.86751,0.86694,0.86742,5271
27974,88,H4,M,2026-01-13 22:00:00,0.86737,0.86759,0.86692,0.86705,3927
27975,88,H4,M,2026-01-14 02:00:00,0.86706,0.86707,0.86618,0.8665,5023
27976,88,H4,M,2026-01-14 06:00:00,0.8665,0.86686,0.86573,0.86587,7931
27977,88,H4,M,2026-01-14 10:00:00,0.8659,0.86692,0.86572,0.86652,9889
27978,88,H4,M,2026-01-14 14:00:00,0.86648,0.86734,0.86583,0.8671,13224
27979,88,H4,M,2026-01-14 18:00:00,0.8671,0.86722,0.866,0.86602,5941
27980,88,H4,M,2026-01-14 22:00:00,0.86636,0.86664,0.86608,0.86628,6585
27981,88,H4,M,2026-01-15 02:00:00,0.86629,0.86687,0.86629,0.86655,4512
27982,88,H4,M,2026-01-15 06:00:00,0.86652,0.86657,0.86532,0.86597,8678
27983,88,H4,M,2026-01-15 10:00:00,0.86598,0.8679,0.86594,0.86752,9702
27984,88,H4,M,2026-01-15 14:00:00,0.8675,0.8677,0.8667,0.86716,12253
27985,88,H4,M,2026-01-15 18:00:00,0.86715,0.86786,0.86706,0.86753,5517
27986,88,H4,M,2026-01-15 22:00:00,0.86768,0.868,0.86724,0.86749,4980
27987,88,H4,M,2026-01-16 02:00:00,0.8675,0.86762,0.86714,0.86728,4883
27988,88,H4,M,2026-01-16 06:00:00,0.86729,0.8678,0.86618,0.86648,7473
27989,88,H4,M,2026-01-16 10:00:00,0.86649,0.86736,0.86607,0.86684,9743
27990,88,H4,M,2026-01-16 14:00:00,0.86686,0.86767,0.86643,0.86673,15356
27991,88,H4,M,2026-01-16 18:00:00,0.86674,0.86728,0.86638,0.86697,6397
27992,88,H4,M,2026-01-18 22:00:00,0.86717,0.86828,0.86701,0.8679,13292
27993,88,H4,M,2026-01-19 02:00:00,0.86792,0.86856,0.86773,0.86808,8381
27994,88,H4,M,2026-01-19 06:00:00,0.86808,0.86862,0.86674,0.8671,10057
27995,88,H4,M,2026-01-19 10:00:00,0.8671,0.8674,0.86666,0.86717,6691
27996,88,H4,M,2026-01-19 14:00:00,0.86716,0.86752,0.86662,0.86708,6969
27997,88,H4,M,2026-01-19 18:00:00,0.86708,0.86747,0.86706,0.86747,1992
27998,88,H4,M,2026-01-19 22:00:00,0.86716,0.86761,0.86716,0.8674,4666
27999,88,H4,M,2026-01-20 02:00:00,0.8674,0.86797,0.86726,0.8677,5526
28000,88,H4,M,2026-01-20 06:00:00,0.8677,0.87038,0.86698,0.87023,15349
28001,88,H4,M,2026-01-20 10:00:00,0.87022,0.87315,0.86944,0.87224,16226
28002,88,H4,M,2026-01-20 14:00:00,0.87224,0.87245,0.8706,0.87182,17697
28003,88,H4,M,2026-01-20 18:00:00,0.87183,0.87252,0.87174,0.87236,7950
28004,88,H4,M,2026-01-20 22:00:00,0.87207,0.87257,0.87176,0.87193,6044
28005,88,H4,M,2026-01-21 02:00:00,0.87192,0.87234,0.87174,0.872,5096
28006,88,H4,M,2026-01-21 06:00:00,0.87199,0.87286,0.8709,0.87272,10712
28007,88,H4,M,2026-01-21 10:00:00,0.87272,0.87458,0.87268,0.87337,12154
28008,88,H4,M,2026-01-21 14:00:00,0.87338,0.8735,0.87098,0.87154,19886
28009,88,H4,M,2026-01-21 18:00:00,0.87154,0.87181,0.87004,0.87006,9790
28010,88,H4,M,2026-01-21 22:00:00,0.86994,0.87054,0.86956,0.87033,6325
28011,88,H4,M,2026-01-22 02:00:00,0.87032,0.87066,0.87022,0.87038,4789
28012,88,H4,M,2026-01-22 06:00:00,0.8704,0.87142,0.86958,0.86972,8913
28013,88,H4,M,2026-01-22 10:00:00,0.86974,0.87332,0.8693,0.8727,15231
28014,88,H4,M,2026-01-22 14:00:00,0.87268,0.87285,0.87006,0.87062,14543
28015,88,H4,M,2026-01-22 18:00:00,0.87064,0.87069,0.87002,0.87058,5931
28016,88,H4,M,2026-01-22 22:00:00,0.87088,0.8712,0.87031,0.87046,5896
28017,88,H4,M,2026-01-23 02:00:00,0.87044,0.87072,0.87037,0.87055,4407
28018,88,H4,M,2026-01-23 06:00:00,0.87057,0.87091,0.86722,0.86736,13989
28019,88,H4,M,2026-01-23 10:00:00,0.86736,0.86846,0.86675,0.86759,10378
28020,88,H4,M,2026-01-23 14:00:00,0.86756,0.86834,0.86584,0.86672,16159
28021,88,H4,M,2026-01-23 18:00:00,0.86672,0.86735,0.8663,0.86688,12340
28022,88,H4,M,2026-01-25 22:00:00,0.86798,0.86973,0.86713,0.868,14309
28023,88,H4,M,2026-01-26 02:00:00,0.868,0.86856,0.86796,0.86817,9287
28024,88,H4,M,2026-01-26 06:00:00,0.86818,0.86818,0.8669,0.86775,16055
28025,88,H4,M,2026-01-26 10:00:00,0.86776,0.86828,0.86702,0.86785,11601
28026,88,H4,M,2026-01-26 14:00:00,0.86784,0.86828,0.86684,0.86783,16727
28027,88,H4,M,2026-01-26 18:00:00,0.8678,0.86864,0.86746,0.86848,8086
28028,88,H4,M,2026-01-26 22:00:00,0.86836,0.86872,0.86817,0.86834,6867
28029,88,H4,M,2026-01-27 02:00:00,0.86836,0.86858,0.8679,0.86826,6757
28030,88,H4,M,2026-01-27 06:00:00,0.86828,0.86828,0.86712,0.86786,11844
28031,88,H4,M,2026-01-27 10:00:00,0.86786,0.8686,0.86708,0.8681,16372
28032,88,H4,M,2026-01-27 14:00:00,0.86808,0.86985,0.86706,0.86891,22337
28033,88,H4,M,2026-01-27 18:00:00,0.86892,0.87168,0.8688,0.86948,20498
28034,88,H4,M,2026-01-27 22:00:00,0.86962,0.87014,0.86878,0.86904,10066
28035,88,H4,M,2026-01-28 02:00:00,0.86906,0.8697,0.8683,0.86902,8818
28036,88,H4,M,2026-01-28 06:00:00,0.86902,0.86962,0.86822,0.86942,15640
28037,88,H4,M,2026-01-28 10:00:00,0.86942,0.86955,0.86797,0.86838,13915
28038,88,H4,M,2026-01-28 14:00:00,0.86838,0.8685,0.8656,0.86598,23569
28039,88,H4,M,2026-01-28 18:00:00,0.86596,0.86618,0.86493,0.8657,16339
28040,88,H4,M,2026-01-28 22:00:00,0.866,0.86674,0.86582,0.86657,15020
28041,88,H4,M,2026-01-29 02:00:00,0.86658,0.86698,0.86582,0.86584,9819
28042,88,H4,M,2026-01-29 06:00:00,0.86584,0.86636,0.86496,0.86614,14328
28043,88,H4,M,2026-01-29 10:00:00,0.86616,0.8665,0.86536,0.866,13908
28044,88,H4,M,2026-01-29 14:00:00,0.86602,0.86712,0.86502,0.86651,29252
28045,88,H4,M,2026-01-29 18:00:00,0.8665,0.86688,0.86632,0.86674,10069
28046,88,H4,M,2026-01-29 22:00:00,0.86693,0.86711,0.86562,0.866,10968
28047,88,H4,M,2026-01-30 02:00:00,0.86597,0.86732,0.86563,0.8669,13031
28048,88,H4,M,2026-01-30 06:00:00,0.86688,0.86742,0.86634,0.86705,19316
28049,88,H4,M,2026-01-30 10:00:00,0.86707,0.86754,0.86588,0.86672,17834
28050,88,H4,M,2026-01-30 14:00:00,0.8667,0.86741,0.86552,0.86602,26339
28051,88,H4,M,2026-01-30 18:00:00,0.86605,0.8668,0.8657,0.86578,17140
28052,88,H4,M,2026-02-01 22:00:00,0.86523,0.86704,0.86512,0.86688,18090
28053,88,H4,M,2026-02-02 02:00:00,0.86689,0.8674,0.86664,0.86677,12430
28054,88,H4,M,2026-02-02 06:00:00,0.86678,0.86714,0.86526,0.8653,17823
28055,88,H4,M,2026-02-02 10:00:00,0.86528,0.86627,0.86518,0.8659,16092
28056,88,H4,M,2026-02-02 14:00:00,0.86591,0.86617,0.86379,0.86384,22599
28057,88,H4,M,2026-02-02 18:00:00,0.86386,0.86392,0.86252,0.86266,10027
28058,88,H4,M,2026-02-02 22:00:00,0.86272,0.86332,0.86266,0.86322,6412
28059,88,H4,M,2026-02-03 02:00:00,0.8632,0.86328,0.86253,0.86262,6591
28060,88,H4,M,2026-02-03 06:00:00,0.86262,0.86352,0.86234,0.86285,12813
28061,88,H4,M,2026-02-03 10:00:00,0.86285,0.86367,0.86206,0.86292,11882
28062,88,H4,M,2026-02-03 14:00:00,0.86292,0.86309,0.86199,0.86278,17091
28063,88,H4,M,2026-02-03 18:00:00,0.86279,0.86358,0.86274,0.86281,7933
28064,88,H4,M,2026-02-03 22:00:00,0.86288,0.86314,0.86244,0.86282,7055
28065,88,H4,M,2026-02-04 02:00:00,0.86281,0.86312,0.86258,0.86277,5845
28066,88,H4,M,2026-02-04 06:00:00,0.86278,0.86288,0.8615,0.86178,11860
28067,88,H4,M,2026-02-04 10:00:00,0.86179,0.86248,0.86126,0.86212,11550
28068,88,H4,M,2026-02-04 14:00:00,0.86211,0.86466,0.86183,0.86454,21106
28069,88,H4,M,2026-02-04 18:00:00,0.86454,0.86486,0.86416,0.8647,9562
28070,88,H4,M,2026-02-04 22:00:00,0.86428,0.8651,0.86428,0.86488,5419
28071,88,H4,M,2026-02-05 02:00:00,0.8649,0.86574,0.86486,0.86564,7843
28072,88,H4,M,2026-02-05 06:00:00,0.86562,0.86936,0.8656,0.86842,11458
28073,88,H4,M,2026-02-05 10:00:00,0.86841,0.87047,0.86616,0.86948,20461
28074,88,H4,M,2026-02-05 14:00:00,0.86946,0.87212,0.86922,0.87086,22772
28075,88,H4,M,2026-02-05 18:00:00,0.87084,0.87118,0.86996,0.87055,7511
28076,88,H4,M,2026-02-05 22:00:00,0.87022,0.87136,0.8699,0.8704,7878
28077,88,H4,M,2026-02-06 02:00:00,0.87039,0.87047,0.86946,0.86948,6059
28078,88,H4,M,2026-02-06 06:00:00,0.86946,0.86948,0.86848,0.86854,10231
28079,88,H4,M,2026-02-06 10:00:00,0.86853,0.86933,0.8673,0.86913,8735
28080,88,H4,M,2026-02-06 14:00:00,0.86912,0.8694,0.86762,0.86782,13556
28081,88,H4,M,2026-02-06 18:00:00,0.8678,0.86836,0.86768,0.86811,5895
28082,88,H4,M,2026-02-08 22:00:00,0.86876,0.8697,0.8683,0.86944,8577
28083,88,H4,M,2026-02-09 02:00:00,0.86945,0.86959,0.8686,0.86922,4039
28084,88,H4,M,2026-02-09 06:00:00,0.86921,0.87266,0.8692,0.87218,12474
28085,88,H4,M,2026-02-09 10:00:00,0.87217,0.87228,0.86958,0.872,15676
28086,88,H4,M,2026-02-09 14:00:00,0.87201,0.87417,0.86988,0.87102,16465
28087,88,H4,M,2026-02-09 18:00:00,0.87102,0.87132,0.8696,0.86998,6806
28088,88,H4,M,2026-02-09 22:00:00,0.87013,0.87039,0.86973,0.87002,6503
28089,88,H4,M,2026-02-10 02:00:00,0.87002,0.8706,0.86998,0.87052,5654
28090,88,H4,M,2026-02-10 06:00:00,0.87054,0.872,0.87046,0.8717,8680
28091,88,H4,M,2026-02-10 10:00:00,0.87171,0.87204,0.8686,0.87022,12439
28092,88,H4,M,2026-02-10 14:00:00,0.87022,0.8718,0.87016,0.87126,15367
28093,88,H4,M,2026-02-10 18:00:00,0.87124,0.87218,0.87122,0.87187,6034
28094,88,H4,M,2026-02-10 22:00:00,0.87168,0.8724,0.87131,0.872,6463
28095,88,H4,M,2026-02-11 02:00:00,0.87202,0.87222,0.8715,0.87188,5002
28096,88,H4,M,2026-02-11 06:00:00,0.87188,0.87197,0.86993,0.87023,9095
28097,88,H4,M,2026-02-11 10:00:00,0.87021,0.87074,0.8691,0.86954,15647
28098,88,H4,M,2026-02-11 14:00:00,0.86954,0.87062,0.8683,0.87026,20714
28099,88,H4,M,2026-02-11 18:00:00,0.87026,0.87162,0.87026,0.87108,6412
28100,88,H4,M,2026-02-11 22:00:00,0.87136,0.87174,0.87099,0.87102,5514
28101,88,H4,M,2026-02-12 02:00:00,0.87102,0.8714,0.87054,0.871,6087
28102,88,H4,M,2026-02-12 06:00:00,0.87101,0.8715,0.87055,0.87092,10651
28103,88,H4,M,2026-02-12 10:00:00,0.87091,0.87125,0.8705,0.87071,9424
28104,88,H4,M,2026-02-12 14:00:00,0.8707,0.87168,0.86941,0.87122,20079
28105,88,H4,M,2026-02-12 18:00:00,0.87123,0.87176,0.87098,0.87146,8098
28106,88,H4,M,2026-02-12 22:00:00,0.87128,0.87175,0.87102,0.8715,4471
28107,88,H4,M,2026-02-13 02:00:00,0.87148,0.87202,0.87128,0.87176,4424
28108,88,H4,M,2026-02-13 06:00:00,0.87177,0.87215,0.87032,0.87068,8639
28109,88,H4,M,2026-02-13 10:00:00,0.87067,0.87194,0.87006,0.87099,10467
28110,88,H4,M,2026-02-13 14:00:00,0.87098,0.87122,0.86974,0.87006,17389
28111,88,H4,M,2026-02-13 18:00:00,0.87008,0.87022,0.8691,0.8691,7163
28112,88,H4,M,2026-02-15 22:00:00,0.86997,0.87014,0.86936,0.86967,6672
28113,88,H4,M,2026-02-16 02:00:00,0.86966,0.86999,0.86959,0.8699,3660
28114,88,H4,M,2026-02-16 06:00:00,0.86992,0.86994,0.86871,0.86953,6822
28115,88,H4,M,2026-02-16 10:00:00,0.86955,0.86962,0.86872,0.86954,6101
28116,88,H4,M,2026-02-16 14:00:00,0.86955,0.86986,0.86928,0.86946,5320
28117,88,H4,M,2026-02-16 18:00:00,0.86946,0.86982,0.86926,0.86944,1273
28118,88,H4,M,2026-02-16 22:00:00,0.86935,0.86988,0.86925,0.86986,4522
28119,88,H4,M,2026-02-17 02:00:00,0.86986,0.87025,0.86978,0.87023,3712
28120,88,H4,M,2026-02-17 06:00:00,0.87024,0.87306,0.86997,0.87165,8942
28121,88,H4,M,2026-02-17 10:00:00,0.87164,0.87414,0.87062,0.87412,9679
28122,88,H4,M,2026-02-17 14:00:00,0.87415,0.87491,0.87377,0.87398,14891
28123,88,H4,M,2026-02-17 18:00:00,0.87398,0.87434,0.87348,0.87369,5725
28124,88,H4,M,2026-02-17 22:00:00,0.87382,0.87416,0.87356,0.87372,5136
28125,88,H4,M,2026-02-18 02:00:00,0.87371,0.87388,0.87353,0.87365,2775
28126,88,H4,M,2026-02-18 06:00:00,0.87364,0.8737,0.87176,0.87194,7190
28127,88,H4,M,2026-02-18 10:00:00,0.87194,0.87274,0.87171,0.87247,7862
28128,88,H4,M,2026-02-18 14:00:00,0.87248,0.8735,0.8719,0.87312,12986
28129,88,H4,M,2026-02-18 18:00:00,0.8731,0.87338,0.8724,0.8733,7206
28130,88,H4,M,2026-02-18 22:00:00,0.87338,0.87407,0.87286,0.8739,3462
28131,88,H4,M,2026-02-19 02:00:00,0.87391,0.87438,0.87362,0.87427,3331
28132,88,H4,M,2026-02-19 06:00:00,0.87426,0.87436,0.87315,0.87379,6533
28133,88,H4,M,2026-02-19 10:00:00,0.87379,0.875,0.8732,0.87366,9843
28134,88,H4,M,2026-02-19 14:00:00,0.87366,0.87518,0.87362,0.87464,15332
28135,88,H4,M,2026-02-19 18:00:00,0.87462,0.87468,0.87406,0.87434,6917
28136,88,H4,M,2026-02-19 22:00:00,0.87422,0.87465,0.87398,0.87448,5325
28137,88,H4,M,2026-02-20 02:00:00,0.87446,0.87488,0.8742,0.8743,4324
28138,88,H4,M,2026-02-20 06:00:00,0.8743,0.87444,0.87292,0.87376,9243
28139,88,H4,M,2026-02-20 10:00:00,0.87374,0.87392,0.87264,0.87268,10231
28140,88,H4,M,2026-02-20 14:00:00,0.8727,0.87406,0.87252,0.87328,24926
28141,88,H4,M,2026-02-20 18:00:00,0.87328,0.87418,0.87319,0.87413,10589
28142,88,H4,M,2026-02-22 22:00:00,0.87441,0.87496,0.8736,0.87478,10289
28143,88,H4,M,2026-02-23 02:00:00,0.87478,0.87478,0.87422,0.87422,5161
28144,88,H4,M,2026-02-23 06:00:00,0.87423,0.87446,0.87351,0.87361,8272
28145,88,H4,M,2026-02-23 10:00:00,0.87362,0.87388,0.87296,0.87338,8956
28146,88,H4,M,2026-02-23 14:00:00,0.87339,0.8745,0.8728,0.87424,13873
28147,88,H4,M,2026-02-23 18:00:00,0.87426,0.87427,0.87335,0.87352,5495
28148,88,H4,M,2026-02-23 22:00:00,0.87378,0.87396,0.87324,0.87332,14774
28149,88,H4,M,2026-02-24 02:00:00,0.87334,0.87342,0.8729,0.87332,4051
28150,88,H4,M,2026-02-24 06:00:00,0.87332,0.87433,0.87306,0.87319,8911
28151,88,H4,M,2026-02-24 10:00:00,0.87318,0.87363,0.87288,0.87292,7673
28152,88,H4,M,2026-02-24 14:00:00,0.87292,0.87323,0.87076,0.87182,11573
28153,88,H4,M,2026-02-24 18:00:00,0.8718,0.87294,0.87166,0.87284,4340
28154,88,H4,M,2026-02-24 22:00:00,0.87263,0.87289,0.87215,0.8723,4830
28155,88,H4,M,2026-02-25 02:00:00,0.87228,0.87294,0.87198,0.87276,6490
28156,88,H4,M,2026-02-25 06:00:00,0.87274,0.87318,0.8718,0.87202,8478
28157,88,H4,M,2026-02-25 10:00:00,0.87204,0.87276,0.871,0.8716,8058
28158,88,H4,M,2026-02-25 14:00:00,0.87162,0.87239,0.87078,0.87102,12377
28159,88,H4,M,2026-02-25 18:00:00,0.87102,0.87131,0.87084,0.87098,4112
28160,88,H4,M,2026-02-25 22:00:00,0.87104,0.87164,0.87098,0.87136,5557
28161,88,H4,M,2026-02-26 02:00:00,0.87136,0.87187,0.87119,0.87162,4877
28162,88,H4,M,2026-02-26 06:00:00,0.87162,0.8731,0.87152,0.8721,8495
28163,88,H4,M,2026-02-26 10:00:00,0.87209,0.87231,0.87146,0.87222,8125
28164,88,H4,M,2026-02-26 14:00:00,0.87223,0.8755,0.87156,0.8755,15682
28165,88,H4,M,2026-02-26 18:00:00,0.87548,0.87582,0.87458,0.87498,6966
28166,88,H4,M,2026-02-26 22:00:00,0.8749,0.87529,0.8746,0.87484,5789
28167,88,H4,M,2026-02-27 02:00:00,0.87484,0.87553,0.87474,0.87537,4234
28168,88,H4,M,2026-02-27 06:00:00,0.8754,0.8765,0.8746,0.87473,9227
28169,88,H4,M,2026-02-27 10:00:00,0.87474,0.87739,0.87468,0.87712,9879
28170,88,H4,M,2026-02-27 14:00:00,0.8771,0.87894,0.8765,0.87792,15701
28171,88,H4,M,2026-02-27 18:00:00,0.8779,0.87793,0.87617,0.8763,7000
28172,88,H4,M,2026-03-01 22:00:00,0.87766,0.87796,0.87622,0.8767,14900
28173,88,H4,M,2026-03-02 02:00:00,0.87672,0.87734,0.8765,0.87712,7127
28174,88,H4,M,2026-03-02 06:00:00,0.87711,0.87876,0.87624,0.8774,19827
28175,88,H4,M,2026-03-02 10:00:00,0.8774,0.87758,0.87351,0.87416,15612
28176,88,H4,M,2026-03-02 14:00:00,0.8742,0.87452,0.87229,0.87265,19757
28177,88,H4,M,2026-03-02 18:00:00,0.87264,0.8728,0.87195,0.87208,10431
28178,88,H4,M,2026-03-02 22:00:00,0.87166,0.87239,0.87166,0.8723,6974
28179,88,H4,M,2026-03-03 02:00:00,0.8723,0.8731,0.87224,0.87303,8478
28180,88,H4,M,2026-03-03 06:00:00,0.87302,0.87396,0.87264,0.8727,17489
28181,88,H4,M,2026-03-03 10:00:00,0.87272,0.87334,0.87114,0.8714,21052
28182,88,H4,M,2026-03-03 14:00:00,0.8714,0.87162,0.86974,0.86996,28375
28183,88,H4,M,2026-03-03 18:00:00,0.86996,0.87026,0.86912,0.86942,13224
28184,88,H4,M,2026-03-03 22:00:00,0.86946,0.8703,0.86914,0.87005,10285
28185,88,H4,M,2026-03-04 02:00:00,0.87002,0.87082,0.86974,0.87066,8819
28186,88,H4,M,2026-03-04 06:00:00,0.87065,0.87128,0.86863,0.86887,14962
28187,88,H4,M,2026-03-04 10:00:00,0.86888,0.87123,0.86858,0.87043,17017
28188,88,H4,M,2026-03-04 14:00:00,0.87042,0.87123,0.86946,0.87067,17898
28189,88,H4,M,2026-03-04 18:00:00,0.87068,0.87104,0.87006,0.8702,6600
28190,88,H4,M,2026-03-04 22:00:00,0.86976,0.87045,0.86966,0.8699,6662
28191,88,H4,M,2026-03-05 02:00:00,0.86992,0.87085,0.86982,0.87084,7932
28192,88,H4,M,2026-03-05 06:00:00,0.87083,0.87122,0.86963,0.87031,19197
28193,88,H4,M,2026-03-05 10:00:00,0.87032,0.87072,0.86861,0.86902,14053
28194,88,H4,M,2026-03-05 14:00:00,0.86902,0.86986,0.86867,0.86932,20111
28195,88,H4,M,2026-03-05 18:00:00,0.86933,0.86937,0.86849,0.86897,13547
28196,88,H4,M,2026-03-05 22:00:00,0.86956,0.87018,0.86888,0.86906,7813
28197,88,H4,M,2026-03-06 02:00:00,0.86904,0.86924,0.86886,0.86898,5687
28198,88,H4,M,2026-03-06 06:00:00,0.869,0.86906,0.86792,0.86868,11616
28199,88,H4,M,2026-03-06 10:00:00,0.86868,0.86888,0.86564,0.86628,20497
28200,88,H4,M,2026-03-06 14:00:00,0.8663,0.86778,0.86577,0.8662,26234
28201,88,H4,M,2026-03-06 18:00:00,0.86622,0.8672,0.866,0.86628,13279
28202,88,H4,M,2026-03-08 21:00:00,0.8659,0.86636,0.86532,0.86598,13413
28203,88,H4,M,2026-03-09 01:00:00,0.86596,0.8668,0.86596,0.86676,11306
28204,88,H4,M,2026-03-09 05:00:00,0.86673,0.86772,0.86536,0.86604,21222
28205,88,H4,M,2026-03-09 09:00:00,0.86604,0.86688,0.86508,0.86528,19424
28206,88,H4,M,2026-03-09 13:00:00,0.86527,0.86606,0.86451,0.86534,22126
28207,88,H4,M,2026-03-09 17:00:00,0.86536,0.86564,0.8644,0.86562,16201
28208,88,H4,M,2026-03-09 21:00:00,0.86556,0.86612,0.86518,0.86534,8329
28209,88,H4,M,2026-03-10 01:00:00,0.86534,0.86546,0.86488,0.86497,8058
28210,88,H4,M,2026-03-10 05:00:00,0.86495,0.86568,0.86422,0.86526,11914
28211,88,H4,M,2026-03-10 09:00:00,0.86524,0.8661,0.86466,0.86556,14573
28212,88,H4,M,2026-03-10 13:00:00,0.86556,0.86569,0.86464,0.8655,15774
28213,88,H4,M,2026-03-10 17:00:00,0.8655,0.86582,0.86485,0.86522,17725
28214,88,H4,M,2026-03-10 21:00:00,0.86525,0.86554,0.86492,0.86504,7299
28215,88,H4,M,2026-03-11 01:00:00,0.86504,0.86506,0.86448,0.8647,8409
28216,88,H4,M,2026-03-11 05:00:00,0.8647,0.86575,0.86458,0.8649,12987
28217,88,H4,M,2026-03-11 09:00:00,0.86492,0.86519,0.8631,0.8644,17614
28218,88,H4,M,2026-03-11 13:00:00,0.86442,0.86443,0.86268,0.86285,19347
28219,88,H4,M,2026-03-11 17:00:00,0.86286,0.86324,0.86221,0.86239,9347
28220,88,H4,M,2026-03-11 21:00:00,0.86252,0.86298,0.86234,0.86276,6291
28221,88,H4,M,2026-03-12 01:00:00,0.86275,0.86315,0.8625,0.86308,10604
28222,88,H4,M,2026-03-12 05:00:00,0.8631,0.86371,0.8624,0.8631,9253
28223,88,H4,M,2026-03-12 09:00:00,0.86311,0.8635,0.86226,0.86254,10012
28224,88,H4,M,2026-03-12 13:00:00,0.86256,0.86341,0.86172,0.86319,20562
28225,88,H4,M,2026-03-12 17:00:00,0.86318,0.86327,0.86242,0.86265,8877
28226,88,H4,M,2026-03-12 21:00:00,0.86307,0.86307,0.86232,0.86234,8273
28227,88,H4,M,2026-03-13 01:00:00,0.86233,0.86289,0.86213,0.86287,7487
28228,88,H4,M,2026-03-13 05:00:00,0.86287,0.86336,0.862,0.86308,13464
28229,88,H4,M,2026-03-13 09:00:00,0.86308,0.86526,0.86286,0.86488,16309
28230,88,H4,M,2026-03-13 13:00:00,0.86488,0.86544,0.86395,0.86396,20118
28231,88,H4,M,2026-03-13 17:00:00,0.86395,0.86402,0.86302,0.86332,9631
28232,88,H4,M,2026-03-15 21:00:00,0.86264,0.86404,0.8626,0.86364,8486
28233,88,H4,M,2026-03-16 01:00:00,0.86364,0.86383,0.86325,0.86343,5732
28234,88,H4,M,2026-03-16 05:00:00,0.86344,0.86389,0.86254,0.86364,8941
28235,88,H4,M,2026-03-16 09:00:00,0.86366,0.86502,0.86364,0.86412,11748
28236,88,H4,M,2026-03-16 13:00:00,0.86414,0.86428,0.86338,0.86396,13797
28237,88,H4,M,2026-03-16 17:00:00,0.86394,0.86422,0.86348,0.86384,10423
28238,88,H4,M,2026-03-16 21:00:00,0.8639,0.86424,0.86359,0.86394,3836
28239,88,H4,M,2026-03-17 01:00:00,0.86392,0.86414,0.8636,0.8637,5117
28240,88,H4,M,2026-03-17 05:00:00,0.86372,0.86423,0.86346,0.86358,8934
28241,88,H4,M,2026-03-17 09:00:00,0.86361,0.86444,0.86324,0.86438,9371
28242,88,H4,M,2026-03-17 13:00:00,0.86437,0.86454,0.86346,0.8637,14578
28243,88,H4,M,2026-03-17 17:00:00,0.8637,0.86416,0.86356,0.86402,5739
28244,88,H4,M,2026-03-17 21:00:00,0.86378,0.86404,0.86354,0.86376,10745
28245,88,H4,M,2026-03-18 01:00:00,0.86376,0.86388,0.86352,0.86365,3637
28246,88,H4,M,2026-03-18 05:00:00,0.86366,0.86396,0.86284,0.86384,5520
28247,88,H4,M,2026-03-18 09:00:00,0.86382,0.86458,0.86362,0.86427,11555
28248,88,H4,M,2026-03-18 13:00:00,0.86424,0.86509,0.86316,0.86318,16360
28249,88,H4,M,2026-03-18 17:00:00,0.86316,0.8642,0.86282,0.86378,14832
28250,88,H4,M,2026-03-18 21:00:00,0.8637,0.86469,0.86366,0.86368,5799
28251,88,H4,M,2026-03-19 01:00:00,0.86367,0.86432,0.86356,0.86413,5717
28252,88,H4,M,2026-03-19 05:00:00,0.86414,0.8649,0.86318,0.864,11762
28253,88,H4,M,2026-03-19 09:00:00,0.86398,0.86436,0.86245,0.86376,18797
28254,88,H4,M,2026-03-19 13:00:00,0.86376,0.8644,0.86118,0.86288,29032
28255,88,H4,M,2026-03-19 17:00:00,0.8629,0.86326,0.8621,0.86285,15626
28256,88,H4,M,2026-03-19 21:00:00,0.86284,0.8632,0.86202,0.86218,4868
28257,88,H4,M,2026-03-20 01:00:00,0.86218,0.86232,0.86196,0.86218,4435
28258,88,H4,M,2026-03-20 05:00:00,0.86216,0.86262,0.86148,0.86216,7650
28259,88,H4,M,2026-03-20 09:00:00,0.86216,0.86442,0.8621,0.86424,13733
28260,88,H4,M,2026-03-20 13:00:00,0.86428,0.86792,0.8639,0.86762,20754
28261,88,H4,M,2026-03-20 17:00:00,0.86762,0.86764,0.86592,0.86734,14498
28262,88,H4,M,2026-03-22 21:00:00,0.86662,0.86798,0.86634,0.8667,7431
28263,88,H4,M,2026-03-23 01:00:00,0.8667,0.86733,0.86629,0.8669,8614
28264,88,H4,M,2026-03-23 05:00:00,0.8669,0.86794,0.86597,0.86632,14417
28265,88,H4,M,2026-03-23 09:00:00,0.86636,0.86687,0.86338,0.86475,48036
28266,88,H4,M,2026-03-23 13:00:00,0.86476,0.86577,0.8631,0.86496,46746
28267,88,H4,M,2026-03-23 17:00:00,0.86496,0.86513,0.86412,0.8648,16213
28268,88,H4,M,2026-03-23 21:00:00,0.86446,0.86518,0.86424,0.86474,7261
28269,88,H4,M,2026-03-24 01:00:00,0.86476,0.86531,0.8643,0.86458,9151
28270,88,H4,M,2026-03-24 05:00:00,0.86458,0.86549,0.86376,0.86544,16487
28271,88,H4,M,2026-03-24 09:00:00,0.86548,0.86582,0.86432,0.865,15369
28272,88,H4,M,2026-03-24 13:00:00,0.865,0.86582,0.86444,0.8655,22410
28273,88,H4,M,2026-03-24 17:00:00,0.86546,0.86587,0.86522,0.8655,18027
28274,88,H4,M,2026-03-24 21:00:00,0.8657,0.866,0.86519,0.86556,8657
28275,88,H4,M,2026-03-25 01:00:00,0.86554,0.86611,0.8653,0.86603,7146
28276,88,H4,M,2026-03-25 05:00:00,0.86604,0.86682,0.86508,0.86538,11901
28277,88,H4,M,2026-03-25 09:00:00,0.86538,0.86606,0.86479,0.86542,13191
28278,88,H4,M,2026-03-25 13:00:00,0.86544,0.86632,0.86463,0.86464,18446
28279,88,H4,M,2026-03-25 17:00:00,0.86462,0.86555,0.86456,0.86488,8007
28280,88,H4,M,2026-03-25 21:00:00,0.86484,0.86536,0.8647,0.8652,4020
28281,88,H4,M,2026-03-26 01:00:00,0.86518,0.86581,0.86516,0.8656,3915
28282,88,H4,M,2026-03-26 05:00:00,0.86562,0.86625,0.86502,0.86572,8731
28283,88,H4,M,2026-03-26 09:00:00,0.86572,0.8661,0.86446,0.86531,11351
28284,88,H4,M,2026-03-26 13:00:00,0.86532,0.86532,0.86368,0.86493,18038
28285,88,H4,M,2026-03-26 17:00:00,0.86492,0.86557,0.86448,0.8649,10515
28286,88,H4,M,2026-03-26 21:00:00,0.86504,0.8653,0.8645,0.86478,6852
28287,88,H4,M,2026-03-27 01:00:00,0.86478,0.86514,0.86474,0.86509,5322
28288,88,H4,M,2026-03-27 05:00:00,0.86508,0.86558,0.86488,0.86532,7882
28289,88,H4,M,2026-03-27 09:00:00,0.86531,0.86718,0.86526,0.86696,10095
28290,88,H4,M,2026-03-27 13:00:00,0.86698,0.86772,0.86587,0.86763,17215
28291,88,H4,M,2026-03-27 17:00:00,0.86761,0.86802,0.8674,0.86792,8299
28292,88,H4,M,2026-03-29 21:00:00,0.8674,0.86848,0.86597,0.8683,8811
28293,88,H4,M,2026-03-30 01:00:00,0.8683,0.86848,0.86763,0.86777,7937
28294,88,H4,M,2026-03-30 05:00:00,0.86776,0.86876,0.86726,0.86862,9157
28295,88,H4,M,2026-03-30 09:00:00,0.86864,0.86865,0.86756,0.86807,11522
28296,88,H4,M,2026-03-30 13:00:00,0.86808,0.86982,0.8679,0.8688,16530
28297,88,H4,M,2026-03-30 17:00:00,0.86881,0.86948,0.86868,0.86939,8567
28298,88,H4,M,2026-03-30 21:00:00,0.8691,0.87002,0.86902,0.86926,9579
28299,88,H4,M,2026-03-31 01:00:00,0.86927,0.86952,0.86856,0.86906,7750
28300,88,H4,M,2026-03-31 05:00:00,0.86908,0.86914,0.8679,0.86794,10720
28301,88,H4,M,2026-03-31 09:00:00,0.868,0.86908,0.86762,0.86901,14144
28302,88,H4,M,2026-03-31 13:00:00,0.869,0.87428,0.86889,0.87324,27520
28303,88,H4,M,2026-03-31 17:00:00,0.87322,0.87374,0.87187,0.87346,15161
28304,88,H4,M,2026-03-31 21:00:00,0.8734,0.87397,0.87327,0.87378,4900
28305,88,H4,M,2026-04-01 01:00:00,0.87378,0.87424,0.87329,0.87334,6737
28306,88,H4,M,2026-04-01 05:00:00,0.87333,0.8734,0.8718,0.87264,16232
28307,88,H4,M,2026-04-01 09:00:00,0.87264,0.87273,0.871,0.87214,16662
28308,88,H4,M,2026-04-01 13:00:00,0.87214,0.87274,0.87091,0.87108,18345
28309,88,H4,M,2026-04-01 17:00:00,0.8711,0.87122,0.8704,0.871,9175
28310,88,H4,M,2026-04-01 21:00:00,0.87103,0.87154,0.87044,0.87106,6082
28311,88,H4,M,2026-04-02 01:00:00,0.87108,0.87209,0.871,0.87163,18785
28312,88,H4,M,2026-04-02 05:00:00,0.87165,0.87336,0.87162,0.87302,12293
28313,88,H4,M,2026-04-02 09:00:00,0.87304,0.87343,0.87197,0.87214,11277
28314,88,H4,M,2026-04-02 13:00:00,0.87212,0.87322,0.87201,0.87214,21546
28315,88,H4,M,2026-04-02 17:00:00,0.87214,0.87274,0.87208,0.87244,5984
28316,88,H4,M,2026-04-02 21:00:00,0.87253,0.87296,0.87182,0.87182,3353
28317,88,H4,M,2026-04-03 01:00:00,0.87182,0.87224,0.8718,0.87202,2214
28318,88,H4,M,2026-04-03 05:00:00,0.872,0.87216,0.87176,0.87196,2720
28319,88,H4,M,2026-04-03 09:00:00,0.87196,0.87303,0.87192,0.87271,6034
28320,88,H4,M,2026-04-03 13:00:00,0.8727,0.87322,0.8721,0.87279,8337
28321,88,H4,M,2026-04-03 17:00:00,0.8728,0.8736,0.87217,0.87217,7036
28322,88,H4,M,2026-04-05 21:00:00,0.8735,0.87357,0.8723,0.8723,7263
28323,88,H4,M,2026-04-06 01:00:00,0.8723,0.87244,0.87188,0.87223,6366
28324,88,H4,M,2026-04-06 05:00:00,0.87223,0.87294,0.87198,0.87216,8536
28325,88,H4,M,2026-04-06 09:00:00,0.87214,0.87234,0.87161,0.87224,8270
28326,88,H4,M,2026-04-06 13:00:00,0.87224,0.87258,0.87164,0.87232,13687
28327,88,H4,M,2026-04-06 17:00:00,0.8723,0.8727,0.87194,0.87205,7184
28328,88,H4,M,2026-04-06 21:00:00,0.87186,0.87228,0.87167,0.872,4180
28329,88,H4,M,2026-04-07 01:00:00,0.872,0.8725,0.87184,0.87196,5948
28330,88,H4,M,2026-04-07 05:00:00,0.87195,0.8726,0.87122,0.8713,11461
28331,88,H4,M,2026-04-07 09:00:00,0.87132,0.87283,0.8713,0.87245,13623
28332,88,H4,M,2026-04-07 13:00:00,0.87244,0.87409,0.87229,0.87331,16428
28333,88,H4,M,2026-04-07 17:00:00,0.87328,0.87336,0.87214,0.87238,12245
28334,88,H4,M,2026-04-07 21:00:00,0.87254,0.8731,0.8714,0.87181,26115
28335,88,H4,M,2026-04-08 01:00:00,0.87182,0.8719,0.87026,0.87034,13363
28336,88,H4,M,2026-04-08 05:00:00,0.87034,0.8714,0.8699,0.86992,17852
28337,88,H4,M,2026-04-08 09:00:00,0.86992,0.87024,0.86862,0.86942,15139
28338,88,H4,M,2026-04-08 13:00:00,0.86944,0.8705,0.86898,0.8702,18778
28339,88,H4,M,2026-04-08 17:00:00,0.8702,0.8708,0.86992,0.87062,10218
28340,88,H4,M,2026-04-08 21:00:00,0.87056,0.87077,0.87017,0.87052,3947
28341,88,H4,M,2026-04-09 01:00:00,0.87052,0.87098,0.87038,0.87068,5320
28342,88,H4,M,2026-04-09 05:00:00,0.87068,0.87122,0.87047,0.87079,8172
28343,88,H4,M,2026-04-09 09:00:00,0.87079,0.87128,0.87028,0.87104,8546
28344,88,H4,M,2026-04-09 13:00:00,0.87104,0.87136,0.87022,0.87101,15919
28345,88,H4,M,2026-04-09 17:00:00,0.871,0.87132,0.8706,0.87068,8427
28346,88,H4,M,2026-04-09 21:00:00,0.8711,0.8711,0.87046,0.8706,5484
28347,88,H4,M,2026-04-10 01:00:00,0.87062,0.87122,0.8706,0.87114,4155
28348,88,H4,M,2026-04-10 05:00:00,0.87114,0.87132,0.87034,0.87073,6388
28349,88,H4,M,2026-04-10 09:00:00,0.87074,0.87191,0.87013,0.87088,9719
28350,88,H4,M,2026-04-10 13:00:00,0.87089,0.87168,0.87058,0.871,13296
28351,88,H4,M,2026-04-10 17:00:00,0.871,0.87137,0.8707,0.87112,6954
28352,88,H4,M,2026-04-12 21:00:00,0.87089,0.87222,0.87053,0.87206,9222
28353,88,H4,M,2026-04-13 01:00:00,0.87204,0.87213,0.87168,0.87179,4418
28354,88,H4,M,2026-04-13 05:00:00,0.87178,0.87201,0.87024,0.87028,7519
28355,88,H4,M,2026-04-13 09:00:00,0.87028,0.87081,0.87012,0.87068,7218
28356,88,H4,M,2026-04-13 13:00:00,0.8707,0.8707,0.86962,0.8702,14415
28357,88,H4,M,2026-04-13 17:00:00,0.87021,0.87107,0.86984,0.87067,7428
28358,88,H4,M,2026-04-13 21:00:00,0.87062,0.871,0.87042,0.87063,4162
28359,88,H4,M,2026-04-14 01:00:00,0.87064,0.87096,0.87037,0.87038,3802
28360,88,H4,M,2026-04-14 05:00:00,0.87034,0.87142,0.87012,0.87035,9124
28361,88,H4,M,2026-04-14 09:00:00,0.87034,0.87081,0.86846,0.86882,9868
28362,88,H4,M,2026-04-14 13:00:00,0.86882,0.86958,0.86861,0.86929,11777
28363,88,H4,M,2026-04-14 17:00:00,0.8693,0.86956,0.86912,0.86948,4878
28364,88,H4,M,2026-04-14 21:00:00,0.86944,0.86957,0.86879,0.86892,4834
28365,88,H4,M,2026-04-15 01:00:00,0.86892,0.86914,0.86874,0.86888,4330
28366,88,H4,M,2026-04-15 05:00:00,0.86889,0.86956,0.86871,0.86915,8441
28367,88,H4,M,2026-04-15 09:00:00,0.86915,0.86982,0.86892,0.86965,9943
28368,88,H4,M,2026-04-15 13:00:00,0.86963,0.8698,0.86893,0.86941,11432
28369,88,H4,M,2026-04-15 17:00:00,0.86944,0.87013,0.86918,0.87012,5587
28370,88,H4,M,2026-04-15 21:00:00,0.87002,0.8703,0.86976,0.86986,5634
28371,88,H4,M,2026-04-16 01:00:00,0.86987,0.86998,0.8696,0.86984,4608
28372,88,H4,M,2026-04-16 05:00:00,0.86984,0.87014,0.86912,0.86982,7934
28373,88,H4,M,2026-04-16 09:00:00,0.86982,0.87023,0.86963,0.8697,7351
28374,88,H4,M,2026-04-16 13:00:00,0.8697,0.87128,0.869,0.87037,14191
28375,88,H4,M,2026-04-16 17:00:00,0.87034,0.8711,0.87024,0.87105,5254
28376,88,H4,M,2026-04-16 21:00:00,0.8708,0.87125,0.8706,0.87119,4155
28377,88,H4,M,2026-04-17 01:00:00,0.87118,0.87139,0.87108,0.87135,4509
28378,88,H4,M,2026-04-17 05:00:00,0.87136,0.87199,0.87111,0.87163,6628
28379,88,H4,M,2026-04-17 09:00:00,0.87162,0.87234,0.87096,0.87132,10538
28380,88,H4,M,2026-04-17 13:00:00,0.87132,0.87214,0.87034,0.8705,20411
28381,88,H4,M,2026-04-17 17:00:00,0.8705,0.87066,0.87006,0.87024,9157
28382,88,H4,M,2026-04-19 21:00:00,0.8704,0.87128,0.86968,0.87102,7220
28383,88,H4,M,2026-04-20 01:00:00,0.87102,0.87117,0.87066,0.87071,4468
28384,88,H4,M,2026-04-20 05:00:00,0.87073,0.87162,0.87054,0.87134,10261
28385,88,H4,M,2026-04-20 09:00:00,0.87134,0.87142,0.87014,0.87044,9077
28386,88,H4,M,2026-04-20 13:00:00,0.87044,0.87089,0.87006,0.87057,13556
28387,88,H4,M,2026-04-20 17:00:00,0.87056,0.87108,0.87034,0.87095,5237
28388,88,H4,M,2026-04-20 21:00:00,0.87088,0.87128,0.87062,0.87124,4585
28389,88,H4,M,2026-04-21 01:00:00,0.87123,0.87132,0.87093,0.8713,3671
28390,88,H4,M,2026-04-21 05:00:00,0.87128,0.87203,0.8704,0.87128,10816
28391,88,H4,M,2026-04-21 09:00:00,0.87126,0.87134,0.86972,0.87011,8448
28392,88,H4,M,2026-04-21 13:00:00,0.87011,0.87032,0.86941,0.86988,13268
28393,88,H4,M,2026-04-21 17:00:00,0.86986,0.87007,0.86929,0.86931,16524
28394,88,H4,M,2026-04-21 21:00:00,0.86978,0.87016,0.86898,0.86928,5595
28395,88,H4,M,2026-04-22 01:00:00,0.8693,0.86943,0.86898,0.86911,4051
28396,88,H4,M,2026-04-22 05:00:00,0.8691,0.86946,0.86862,0.86882,7971
28397,88,H4,M,2026-04-22 09:00:00,0.86881,0.86936,0.86848,0.86909,8086
28398,88,H4,M,2026-04-22 13:00:00,0.86908,0.86912,0.86728,0.86732,12519
28399,88,H4,M,2026-04-22 17:00:00,0.86732,0.86732,0.8667,0.86692,5136
28400,88,H4,M,2026-04-22 21:00:00,0.86684,0.8676,0.86665,0.86699,6098
28401,88,H4,M,2026-04-23 01:00:00,0.86698,0.86756,0.86694,0.8673,5769
28402,88,H4,M,2026-04-23 05:00:00,0.86728,0.8679,0.86611,0.8665,7846
28403,88,H4,M,2026-04-23 09:00:00,0.86651,0.86691,0.86536,0.86688,11408
28404,88,H4,M,2026-04-23 13:00:00,0.86688,0.86759,0.86592,0.86736,12011
28405,88,H4,M,2026-04-23 17:00:00,0.86738,0.86782,0.86723,0.86754,13287
28406,88,H4,M,2026-04-23 21:00:00,0.86744,0.86796,0.8672,0.86765,5048
28407,88,H4,M,2026-04-24 01:00:00,0.86764,0.8678,0.86752,0.86753,4988
28408,88,H4,M,2026-04-24 05:00:00,0.86752,0.86774,0.86719,0.86742,6368
28409,88,H4,M,2026-04-24 09:00:00,0.86742,0.8683,0.86675,0.86724,11118
28410,88,H4,M,2026-04-24 13:00:00,0.86722,0.86774,0.86658,0.86674,13534
28411,88,H4,M,2026-04-24 17:00:00,0.86674,0.86688,0.8658,0.8662,6376
28412,88,H4,M,2026-04-26 21:00:00,0.86618,0.86674,0.8659,0.86646,3642
28413,88,H4,M,2026-04-27 01:00:00,0.86646,0.86654,0.86588,0.86604,5669
28414,88,H4,M,2026-04-27 05:00:00,0.86604,0.86712,0.86599,0.8668,7365
28415,88,H4,M,2026-04-27 09:00:00,0.8668,0.86686,0.86574,0.86686,7608
28416,88,H4,M,2026-04-27 13:00:00,0.86683,0.86764,0.86553,0.86582,11396
28417,88,H4,M,2026-04-27 17:00:00,0.86583,0.86628,0.8658,0.8661,4645
28418,88,H4,M,2026-04-27 21:00:00,0.8657,0.86612,0.86558,0.86598,3371
28419,88,H4,M,2026-04-28 01:00:00,0.86598,0.86616,0.86556,0.86565,4456
28420,88,H4,M,2026-04-28 05:00:00,0.86566,0.86668,0.86536,0.86648,8675
28421,88,H4,M,2026-04-28 09:00:00,0.86647,0.86784,0.86641,0.86692,12228
28422,88,H4,M,2026-04-28 13:00:00,0.86694,0.86726,0.86644,0.86651,13352
28423,88,H4,M,2026-04-28 17:00:00,0.8665,0.86672,0.86627,0.86647,5155
28424,88,H4,M,2026-04-28 21:00:00,0.86653,0.86696,0.86627,0.86628,3222
28425,88,H4,M,2026-04-29 01:00:00,0.8663,0.86664,0.8662,0.8663,5217
28426,88,H4,M,2026-04-29 05:00:00,0.86628,0.86709,0.86626,0.86675,6492
28427,88,H4,M,2026-04-29 09:00:00,0.86676,0.86702,0.86619,0.8666,8980
28428,88,H4,M,2026-04-29 13:00:00,0.86659,0.86742,0.86621,0.86678,15400
28429,88,H4,M,2026-04-29 17:00:00,0.86678,0.86691,0.86618,0.86645,13069
28430,88,H4,M,2026-04-29 21:00:00,0.86661,0.8667,0.86605,0.86612,9744
28431,88,H4,M,2026-04-30 01:00:00,0.86614,0.86629,0.86566,0.86623,6874
28432,88,H4,M,2026-04-30 05:00:00,0.86622,0.86656,0.86575,0.86614,12577
28433,88,H4,M,2026-04-30 09:00:00,0.86614,0.86662,0.86501,0.8653,23606
28434,88,H4,M,2026-04-30 13:00:00,0.8653,0.86576,0.86304,0.86358,22632
28435,88,H4,M,2026-04-30 17:00:00,0.86358,0.86367,0.86226,0.8624,8521
28436,88,H4,M,2026-04-30 21:00:00,0.86228,0.86267,0.86208,0.86213,4239
28437,88,H4,M,2026-05-01 01:00:00,0.86214,0.86258,0.86212,0.86248,3925
28438,88,H4,M,2026-05-01 05:00:00,0.86248,0.86324,0.86202,0.86302,11211
28439,88,H4,M,2026-05-01 09:00:00,0.86302,0.86332,0.8625,0.86268,10783
28440,88,H4,M,2026-05-01 13:00:00,0.86268,0.86408,0.86234,0.86321,16397
28441,88,H4,M,2026-05-01 17:00:00,0.86322,0.86363,0.86308,0.86346,8072
28442,88,H4,M,2026-05-03 21:00:00,0.8638,0.86388,0.86295,0.86314,4813
28443,88,H4,M,2026-05-04 01:00:00,0.86314,0.86338,0.86296,0.8632,6527
28444,88,H4,M,2026-05-04 05:00:00,0.8632,0.86431,0.863,0.8642,7798
28445,88,H4,M,2026-05-04 09:00:00,0.86421,0.86453,0.86336,0.8637,11792
28446,88,H4,M,2026-05-04 13:00:00,0.8637,0.86483,0.86336,0.86414,17208
28447,88,H4,M,2026-05-04 17:00:00,0.86414,0.86422,0.86369,0.86401,8096
28448,88,H4,M,2026-05-04 21:00:00,0.86373,0.86452,0.86366,0.86408,3934
28449,88,H4,M,2026-05-05 01:00:00,0.86409,0.86414,0.8639,0.86401,2965
28450,88,H4,M,2026-05-05 05:00:00,0.864,0.86422,0.863,0.86316,8221
28451,88,H4,M,2026-05-05 09:00:00,0.86315,0.86361,0.86288,0.8633,10448
28452,88,H4,M,2026-05-05 13:00:00,0.8633,0.86349,0.86234,0.86306,12529
28453,88,H4,M,2026-05-05 17:00:00,0.86304,0.86374,0.86297,0.86368,4485
28454,88,H4,M,2026-05-05 21:00:00,0.86326,0.86376,0.86314,0.8634,6118
28455,88,H4,M,2026-05-06 01:00:00,0.86338,0.86394,0.86328,0.8637,8985
28456,88,H4,M,2026-05-06 05:00:00,0.86368,0.8638,0.86278,0.86327,12027
28457,88,H4,M,2026-05-06 09:00:00,0.86326,0.86493,0.86322,0.86352,15504
28458,88,H4,M,2026-05-06 13:00:00,0.86352,0.86493,0.86336,0.86456,14160
28459,88,H4,M,2026-05-06 17:00:00,0.86459,0.86468,0.86418,0.86428,6303
28460,88,H4,M,2026-05-06 21:00:00,0.86418,0.86453,0.864,0.86436,5062
28461,88,H4,M,2026-05-07 01:00:00,0.86436,0.86451,0.8641,0.8642,4998
28462,88,H4,M,2026-05-07 05:00:00,0.86422,0.86448,0.86367,0.86416,10157
28463,88,H4,M,2026-05-07 09:00:00,0.86416,0.86458,0.86366,0.86417,10431
28464,88,H4,M,2026-05-07 13:00:00,0.86418,0.86519,0.86391,0.8651,14219
28465,88,H4,M,2026-05-07 17:00:00,0.86511,0.86552,0.86485,0.86522,12558
28466,88,H4,M,2026-05-07 21:00:00,0.86547,0.86564,0.86516,0.86541,4513
28467,88,H4,M,2026-05-08 01:00:00,0.8654,0.86564,0.86482,0.86511,5226
28468,88,H4,M,2026-05-08 05:00:00,0.86512,0.86512,0.86398,0.86414,9520
28469,88,H4,M,2026-05-08 09:00:00,0.86412,0.86496,0.86402,0.86486,9827
28470,88,H4,M,2026-05-08 13:00:00,0.86488,0.86494,0.86387,0.86444,12979
28471,88,H4,M,2026-05-08 17:00:00,0.86444,0.86473,0.86423,0.86452,6277
28472,88,H4,M,2026-05-10 21:00:00,0.86664,0.86722,0.86544,0.8655,6230
28473,88,H4,M,2026-05-11 01:00:00,0.86546,0.86558,0.86496,0.86522,5049
28474,88,H4,M,2026-05-11 05:00:00,0.86522,0.86584,0.86488,0.86504,8265
28475,88,H4,M,2026-05-11 09:00:00,0.86506,0.86635,0.86471,0.86508,10173
28476,88,H4,M,2026-05-11 13:00:00,0.86507,0.86524,0.86298,0.8631,11099
28477,88,H4,M,2026-05-11 17:00:00,0.86312,0.86572,0.86309,0.8657,5888
28478,88,H4,M,2026-05-11 21:00:00,0.86544,0.86627,0.86538,0.86561,3303
28479,88,H4,M,2026-05-12 01:00:00,0.86559,0.86585,0.86532,0.86549,5902
28480,88,H4,M,2026-05-12 05:00:00,0.86548,0.86977,0.86545,0.86804,13544
28481,88,H4,M,2026-05-12 09:00:00,0.86804,0.86858,0.86688,0.86781,15267
28482,88,H4,M,2026-05-12 13:00:00,0.8678,0.86848,0.8668,0.8676,16349
28483,88,H4,M,2026-05-12 17:00:00,0.86761,0.86784,0.86702,0.86703,6840
28484,88,H4,M,2026-05-12 21:00:00,0.86704,0.86728,0.86678,0.86714,3467
28485,88,H4,M,2026-05-13 01:00:00,0.86714,0.86723,0.86678,0.86702,5327
28486,88,H4,M,2026-05-13 05:00:00,0.86704,0.86708,0.86478,0.86533,9004
28487,88,H4,M,2026-05-13 09:00:00,0.86532,0.86766,0.86528,0.86744,13657
28488,88,H4,M,2026-05-13 13:00:00,0.86742,0.86744,0.86596,0.86634,12264
28489,88,H4,M,2026-05-13 17:00:00,0.86634,0.86644,0.86588,0.86616,5252
28490,88,H4,M,2026-05-13 21:00:00,0.8658,0.86652,0.8658,0.86602,2843
28491,88,H4,M,2026-05-14 01:00:00,0.86602,0.8663,0.86584,0.86594,5307
28492,88,H4,M,2026-05-14 05:00:00,0.86594,0.86688,0.8659,0.86624,8137
28493,88,H4,M,2026-05-14 09:00:00,0.86624,0.86698,0.86576,0.86598,8443
28494,88,H4,M,2026-05-14 13:00:00,0.86597,0.86904,0.86573,0.86858,13710
28495,88,H4,M,2026-05-14 17:00:00,0.86857,0.87176,0.86848,0.87076,7235
28496,88,H4,M,2026-05-14 21:00:00,0.87072,0.87134,0.87054,0.87108,5076
28497,88,H4,M,2026-05-15 01:00:00,0.8711,0.8716,0.87102,0.87158,7018
28498,88,H4,M,2026-05-15 05:00:00,0.87161,0.87276,0.8705,0.87166,13250
28499,88,H4,M,2026-05-15 09:00:00,0.87164,0.8721,0.8701,0.87066,13581
28500,88,H4,M,2026-05-15 13:00:00,0.87068,0.87282,0.8704,0.87243,16050
28501,88,H4,M,2026-05-15 17:00:00,0.87242,0.87294,0.87214,0.8725,7111
28502,88,H4,M,2026-05-17 21:00:00,0.87202,0.87298,0.87192,0.87247,5511
28503,88,H4,M,2026-05-18 01:00:00,0.87249,0.873,0.87244,0.87273,7746
28504,88,H4,M,2026-05-18 05:00:00,0.87274,0.87278,0.86998,0.87025,10763
28505,88,H4,M,2026-05-18 09:00:00,0.87028,0.87113,0.86968,0.86983,10851
28506,88,H4,M,2026-05-18 13:00:00,0.8698,0.87029,0.86654,0.86762,15963
28507,88,H4,M,2026-05-18 17:00:00,0.8676,0.86806,0.86731,0.8677,10260
30950,100,H4,M,2025-12-11 22:00:00,0.58081,0.58206,0.58058,0.58124,7279
30951,100,H4,M,2025-12-12 02:00:00,0.58124,0.58161,0.58078,0.58139,6715
30952,100,H4,M,2025-12-12 06:00:00,0.5814,0.58196,0.58076,0.5815,10957
30953,100,H4,M,2025-12-12 10:00:00,0.5815,0.58156,0.58048,0.58088,9568
30954,100,H4,M,2025-12-12 14:00:00,0.58088,0.58158,0.57877,0.58038,19099
30955,100,H4,M,2025-12-12 18:00:00,0.58038,0.58081,0.57994,0.58043,6416
30956,100,H4,M,2025-12-14 22:00:00,0.58012,0.58088,0.57922,0.58081,8676
30957,100,H4,M,2025-12-15 02:00:00,0.58078,0.5808,0.57656,0.57812,14129
30958,100,H4,M,2025-12-15 06:00:00,0.57811,0.5788,0.5777,0.57862,11697
30959,100,H4,M,2025-12-15 10:00:00,0.57858,0.5799,0.57803,0.57917,8844
30960,100,H4,M,2025-12-15 14:00:00,0.57914,0.5803,0.57866,0.57872,17992
30961,100,H4,M,2025-12-15 18:00:00,0.57872,0.57908,0.57825,0.5783,4557
30962,100,H4,M,2025-12-15 22:00:00,0.57808,0.57894,0.57582,0.5765,9947
30963,100,H4,M,2025-12-16 02:00:00,0.5765,0.57818,0.57636,0.57775,10786
30964,100,H4,M,2025-12-16 06:00:00,0.57774,0.57914,0.57754,0.57833,8413
30965,100,H4,M,2025-12-16 10:00:00,0.57832,0.58074,0.5777,0.57924,15180
30966,100,H4,M,2025-12-16 14:00:00,0.57922,0.58061,0.57854,0.57892,23042
30967,100,H4,M,2025-12-16 18:00:00,0.57892,0.57923,0.57726,0.57834,7483
30968,100,H4,M,2025-12-16 22:00:00,0.57826,0.57889,0.57761,0.5788,7346
30969,100,H4,M,2025-12-17 02:00:00,0.57882,0.57885,0.57714,0.57756,11291
30970,100,H4,M,2025-12-17 06:00:00,0.57756,0.5779,0.57673,0.57705,13071
30971,100,H4,M,2025-12-17 10:00:00,0.57705,0.57805,0.57691,0.57793,10512
30972,100,H4,M,2025-12-17 14:00:00,0.57792,0.57943,0.57737,0.57764,18742
30973,100,H4,M,2025-12-17 18:00:00,0.57764,0.57844,0.5772,0.57739,7367
30974,100,H4,M,2025-12-17 22:00:00,0.57736,0.5779,0.57608,0.57646,8401
30975,100,H4,M,2025-12-18 02:00:00,0.57648,0.57707,0.57546,0.57644,8593
30976,100,H4,M,2025-12-18 06:00:00,0.57644,0.57682,0.57585,0.57635,11474
30977,100,H4,M,2025-12-18 10:00:00,0.57634,0.57884,0.5761,0.57798,13733
30978,100,H4,M,2025-12-18 14:00:00,0.57796,0.57875,0.57664,0.57735,21860
30979,100,H4,M,2025-12-18 18:00:00,0.57735,0.5777,0.5771,0.57756,6240
30980,100,H4,M,2025-12-18 22:00:00,0.5772,0.57834,0.57706,0.57724,7220
30981,100,H4,M,2025-12-19 02:00:00,0.57722,0.57756,0.57584,0.57586,8796
30982,100,H4,M,2025-12-19 06:00:00,0.57586,0.57637,0.57449,0.57488,11604
30983,100,H4,M,2025-12-19 10:00:00,0.57487,0.57508,0.5736,0.57452,9244
30984,100,H4,M,2025-12-19 14:00:00,0.57454,0.5761,0.57446,0.57594,14731
30985,100,H4,M,2025-12-19 18:00:00,0.57594,0.57657,0.57531,0.57558,5179
30986,100,H4,M,2025-12-21 22:00:00,0.57539,0.57696,0.57464,0.57628,15328
30987,100,H4,M,2025-12-22 02:00:00,0.5763,0.57716,0.57626,0.5769,6469
30988,100,H4,M,2025-12-22 06:00:00,0.5769,0.5785,0.57668,0.57828,8319
30989,100,H4,M,2025-12-22 10:00:00,0.57827,0.57926,0.57824,0.57888,9121
30990,100,H4,M,2025-12-22 14:00:00,0.5789,0.58016,0.57852,0.5798,13079
30991,100,H4,M,2025-12-22 18:00:00,0.5798,0.57982,0.5792,0.57952,4334
30992,100,H4,M,2025-12-22 22:00:00,0.57901,0.58098,0.57878,0.5807,6005
30993,100,H4,M,2025-12-23 02:00:00,0.58073,0.58169,0.58072,0.58122,9373
30994,100,H4,M,2025-12-23 06:00:00,0.58124,0.58381,0.5808,0.5838,11197
30995,100,H4,M,2025-12-23 10:00:00,0.58381,0.58434,0.5828,0.58286,11413
30996,100,H4,M,2025-12-23 14:00:00,0.58284,0.58338,0.58198,0.58289,17333
30997,100,H4,M,2025-12-23 18:00:00,0.58289,0.58428,0.58285,0.58413,4642
30998,100,H4,M,2025-12-23 22:00:00,0.58382,0.58488,0.58362,0.58488,7341
30999,100,H4,M,2025-12-24 02:00:00,0.58488,0.58534,0.58392,0.58447,6891
31000,100,H4,M,2025-12-24 06:00:00,0.58444,0.58481,0.58385,0.58465,10013
31001,100,H4,M,2025-12-24 10:00:00,0.58464,0.5847,0.58337,0.58368,9403
31002,100,H4,M,2025-12-24 14:00:00,0.58366,0.58426,0.58324,0.58332,12780
31003,100,H4,M,2025-12-24 18:00:00,0.58332,0.58368,0.58307,0.58348,9384
31004,100,H4,M,2025-12-25 22:00:00,0.58391,0.5842,0.58313,0.58349,9186
31005,100,H4,M,2025-12-26 02:00:00,0.5835,0.58406,0.58294,0.58349,6206
31006,100,H4,M,2025-12-26 06:00:00,0.58352,0.58368,0.5819,0.5819,9348
31007,100,H4,M,2025-12-26 10:00:00,0.58188,0.58336,0.5818,0.5832,9410
31008,100,H4,M,2025-12-26 14:00:00,0.58322,0.58424,0.58243,0.58298,19985
31009,100,H4,M,2025-12-26 18:00:00,0.583,0.58331,0.58253,0.58306,7619
31010,100,H4,M,2025-12-28 22:00:00,0.58267,0.58332,0.58249,0.58293,9218
31011,100,H4,M,2025-12-29 02:00:00,0.5829,0.58336,0.58195,0.58196,7237
31012,100,H4,M,2025-12-29 06:00:00,0.58196,0.58251,0.5803,0.58075,13025
31013,100,H4,M,2025-12-29 10:00:00,0.58076,0.58109,0.57902,0.57981,10862
31014,100,H4,M,2025-12-29 14:00:00,0.57981,0.58108,0.57929,0.58032,17633
31015,100,H4,M,2025-12-29 18:00:00,0.58032,0.58076,0.57983,0.58037,5448
31016,100,H4,M,2025-12-29 22:00:00,0.57999,0.58098,0.5798,0.58092,7220
31017,100,H4,M,2025-12-30 02:00:00,0.58093,0.5818,0.5803,0.58165,5916
31018,100,H4,M,2025-12-30 06:00:00,0.58166,0.58196,0.58066,0.5807,7987
31019,100,H4,M,2025-12-30 10:00:00,0.5807,0.58118,0.57942,0.57974,9463
31020,100,H4,M,2025-12-30 14:00:00,0.57974,0.58066,0.57902,0.58036,12641
31021,100,H4,M,2025-12-30 18:00:00,0.58036,0.5805,0.57886,0.57932,4114
31022,100,H4,M,2025-12-30 22:00:00,0.57913,0.57927,0.57809,0.5781,5455
31023,100,H4,M,2025-12-31 02:00:00,0.57808,0.57841,0.57703,0.57726,6979
31024,100,H4,M,2025-12-31 06:00:00,0.57726,0.57744,0.5764,0.5766,9072
31025,100,H4,M,2025-12-31 10:00:00,0.57662,0.57736,0.57602,0.57686,10019
31026,100,H4,M,2025-12-31 14:00:00,0.57686,0.57689,0.574,0.57546,17134
31027,100,H4,M,2025-12-31 18:00:00,0.57546,0.57586,0.57506,0.5756,5435
31028,100,H4,M,2026-01-01 22:00:00,0.57588,0.57704,0.57514,0.57672,5357
31029,100,H4,M,2026-01-02 02:00:00,0.57674,0.57708,0.57578,0.57592,4691
31030,100,H4,M,2026-01-02 06:00:00,0.5759,0.57724,0.57556,0.57696,10036
31031,100,H4,M,2026-01-02 10:00:00,0.57696,0.5774,0.57642,0.57657,8294
31032,100,H4,M,2026-01-02 14:00:00,0.57656,0.5778,0.57638,0.57674,16440
31033,100,H4,M,2026-01-02 18:00:00,0.57674,0.57709,0.57592,0.57694,4979
31034,100,H4,M,2026-01-04 22:00:00,0.57652,0.57694,0.57476,0.57568,13623
31035,100,H4,M,2026-01-05 02:00:00,0.57568,0.57629,0.57424,0.57547,11573
31036,100,H4,M,2026-01-05 06:00:00,0.57548,0.5759,0.57454,0.57498,12422
31037,100,H4,M,2026-01-05 10:00:00,0.57498,0.5764,0.57418,0.57566,13529
31038,100,H4,M,2026-01-05 14:00:00,0.57566,0.57911,0.57556,0.57862,20212
31039,100,H4,M,2026-01-05 18:00:00,0.57862,0.57919,0.57859,0.5789,3633
31040,100,H4,M,2026-01-05 22:00:00,0.57867,0.57968,0.57793,0.57946,8189
31041,100,H4,M,2026-01-06 02:00:00,0.57945,0.58064,0.57928,0.57996,9396
31042,100,H4,M,2026-01-06 06:00:00,0.57996,0.58105,0.57896,0.57916,12638
31043,100,H4,M,2026-01-06 10:00:00,0.57914,0.57954,0.57816,0.57904,11454
31044,100,H4,M,2026-01-06 14:00:00,0.57902,0.57979,0.57688,0.57829,17566
31045,100,H4,M,2026-01-06 18:00:00,0.57829,0.5787,0.57782,0.57845,4267
31046,100,H4,M,2026-01-06 22:00:00,0.5782,0.57963,0.5777,0.57876,12384
31047,100,H4,M,2026-01-07 02:00:00,0.57874,0.57921,0.57789,0.5781,9681
31048,100,H4,M,2026-01-07 06:00:00,0.5781,0.57884,0.57742,0.57874,10593
31049,100,H4,M,2026-01-07 10:00:00,0.57874,0.57932,0.57834,0.5792,10003
31050,100,H4,M,2026-01-07 14:00:00,0.5792,0.57932,0.57746,0.57818,17761
31051,100,H4,M,2026-01-07 18:00:00,0.57818,0.5785,0.57698,0.57728,5126
31052,100,H4,M,2026-01-07 22:00:00,0.57748,0.57776,0.57658,0.57699,6703
31053,100,H4,M,2026-01-08 02:00:00,0.57701,0.5771,0.57604,0.57626,9480
31054,100,H4,M,2026-01-08 06:00:00,0.57624,0.57625,0.57407,0.57448,12691
31055,100,H4,M,2026-01-08 10:00:00,0.5745,0.57519,0.57424,0.57456,10629
31056,100,H4,M,2026-01-08 14:00:00,0.57454,0.5755,0.57376,0.57494,19160
31057,100,H4,M,2026-01-08 18:00:00,0.57494,0.5754,0.57427,0.57518,4306
31058,100,H4,M,2026-01-08 22:00:00,0.5751,0.57537,0.57384,0.57432,6822
31059,100,H4,M,2026-01-09 02:00:00,0.57431,0.57467,0.57396,0.5741,8935
31060,100,H4,M,2026-01-09 06:00:00,0.57411,0.57433,0.57272,0.57283,9797
31061,100,H4,M,2026-01-09 10:00:00,0.57284,0.57457,0.57159,0.57356,13883
31062,100,H4,M,2026-01-09 14:00:00,0.57356,0.57406,0.57112,0.57268,23938
31063,100,H4,M,2026-01-09 18:00:00,0.57267,0.57342,0.57261,0.57318,3810
31064,100,H4,M,2026-01-11 22:00:00,0.57273,0.575,0.57264,0.57449,9423
31065,100,H4,M,2026-01-12 02:00:00,0.57448,0.57496,0.57402,0.57492,7612
31066,100,H4,M,2026-01-12 06:00:00,0.5749,0.57602,0.57464,0.5755,10176
31067,100,H4,M,2026-01-12 10:00:00,0.5755,0.5769,0.57517,0.57662,9655
31068,100,H4,M,2026-01-12 14:00:00,0.5766,0.57682,0.57559,0.5768,14768
31069,100,H4,M,2026-01-12 18:00:00,0.5768,0.5775,0.57639,0.5772,4009
31070,100,H4,M,2026-01-12 22:00:00,0.57732,0.57794,0.57708,0.57756,6348
31071,100,H4,M,2026-01-13 02:00:00,0.57756,0.57806,0.57746,0.57771,8266
31072,100,H4,M,2026-01-13 06:00:00,0.5777,0.57776,0.57641,0.57706,9782
31073,100,H4,M,2026-01-13 10:00:00,0.57705,0.57827,0.57552,0.57654,14191
31074,100,H4,M,2026-01-13 14:00:00,0.57654,0.57705,0.57351,0.574,22283
31075,100,H4,M,2026-01-13 18:00:00,0.574,0.57428,0.5736,0.57371,6236
31076,100,H4,M,2026-01-13 22:00:00,0.57392,0.57434,0.57306,0.57342,5651
31077,100,H4,M,2026-01-14 02:00:00,0.57342,0.57482,0.57338,0.57426,7920
31078,100,H4,M,2026-01-14 06:00:00,0.57426,0.5751,0.5741,0.57475,10063
31079,100,H4,M,2026-01-14 10:00:00,0.57474,0.57484,0.57369,0.57424,11276
31080,100,H4,M,2026-01-14 14:00:00,0.57422,0.5756,0.57406,0.5742,19857
31081,100,H4,M,2026-01-14 18:00:00,0.5742,0.575,0.5741,0.57478,7005
31082,100,H4,M,2026-01-14 22:00:00,0.57498,0.5752,0.57354,0.5739,10792
31083,100,H4,M,2026-01-15 02:00:00,0.57388,0.57396,0.57314,0.57342,8958
31084,100,H4,M,2026-01-15 06:00:00,0.57342,0.57522,0.57339,0.57496,11452
31085,100,H4,M,2026-01-15 10:00:00,0.57496,0.57524,0.57274,0.573,9824
31086,100,H4,M,2026-01-15 14:00:00,0.573,0.57474,0.57255,0.57432,16891
31087,100,H4,M,2026-01-15 18:00:00,0.57432,0.57474,0.57362,0.57428,4891
31088,100,H4,M,2026-01-15 22:00:00,0.57428,0.57507,0.57395,0.57472,5695
31089,100,H4,M,2026-01-16 02:00:00,0.5747,0.57585,0.57454,0.57546,5075
31090,100,H4,M,2026-01-16 06:00:00,0.57548,0.57638,0.57516,0.57594,6039
31091,100,H4,M,2026-01-16 10:00:00,0.57594,0.57674,0.57546,0.57566,7455
31092,100,H4,M,2026-01-16 14:00:00,0.57566,0.57602,0.5742,0.57499,14890
31093,100,H4,M,2026-01-16 18:00:00,0.57496,0.57556,0.57477,0.57527,3757
31094,100,H4,M,2026-01-18 22:00:00,0.57434,0.5773,0.57413,0.57645,15659
31095,100,H4,M,2026-01-19 02:00:00,0.57646,0.57798,0.57598,0.57742,12769
31096,100,H4,M,2026-01-19 06:00:00,0.5774,0.57796,0.57691,0.57762,13872
31097,100,H4,M,2026-01-19 10:00:00,0.57762,0.57895,0.57762,0.57852,7390
31098,100,H4,M,2026-01-19 14:00:00,0.5785,0.5797,0.57792,0.57958,7421
31099,100,H4,M,2026-01-19 18:00:00,0.57958,0.58034,0.57892,0.57986,2360
31100,100,H4,M,2026-01-19 22:00:00,0.57982,0.58064,0.57888,0.58055,6463
31101,100,H4,M,2026-01-20 02:00:00,0.58058,0.58355,0.5804,0.5832,8522
31102,100,H4,M,2026-01-20 06:00:00,0.5832,0.58438,0.58252,0.58375,15910
31103,100,H4,M,2026-01-20 10:00:00,0.58374,0.58431,0.58289,0.5833,16970
31104,100,H4,M,2026-01-20 14:00:00,0.58328,0.58513,0.58298,0.58416,19833
31105,100,H4,M,2026-01-20 18:00:00,0.58416,0.58434,0.58274,0.58332,6492
31106,100,H4,M,2026-01-20 22:00:00,0.58297,0.58361,0.5821,0.58346,7998
31107,100,H4,M,2026-01-21 02:00:00,0.58346,0.5839,0.58278,0.58374,7836
31108,100,H4,M,2026-01-21 06:00:00,0.58376,0.58536,0.58362,0.58431,11226
31109,100,H4,M,2026-01-21 10:00:00,0.58431,0.5865,0.58408,0.58624,12150
31110,100,H4,M,2026-01-21 14:00:00,0.58623,0.58664,0.58392,0.58448,25851
31111,100,H4,M,2026-01-21 18:00:00,0.58448,0.5848,0.58383,0.58445,9437
31112,100,H4,M,2026-01-21 22:00:00,0.58422,0.5853,0.58352,0.58517,9906
31113,100,H4,M,2026-01-22 02:00:00,0.58518,0.58632,0.5849,0.58584,8426
31114,100,H4,M,2026-01-22 06:00:00,0.58583,0.58702,0.5854,0.58658,10514
31115,100,H4,M,2026-01-22 10:00:00,0.58659,0.58886,0.58622,0.58874,11179
31116,100,H4,M,2026-01-22 14:00:00,0.58872,0.59078,0.58836,0.59069,14615
31117,100,H4,M,2026-01-22 18:00:00,0.59069,0.59288,0.59042,0.59265,5597
31118,100,H4,M,2026-01-22 22:00:00,0.59268,0.59268,0.59104,0.59175,7978
31119,100,H4,M,2026-01-23 02:00:00,0.59173,0.59214,0.5906,0.59106,8644
31120,100,H4,M,2026-01-23 06:00:00,0.59106,0.59126,0.58963,0.58976,15745
31121,100,H4,M,2026-01-23 10:00:00,0.58974,0.5916,0.58914,0.59026,12233
31122,100,H4,M,2026-01-23 14:00:00,0.59027,0.59416,0.59012,0.59343,17959
31123,100,H4,M,2026-01-23 18:00:00,0.59342,0.59514,0.59258,0.59494,8738
31124,100,H4,M,2026-01-25 22:00:00,0.59492,0.59754,0.5945,0.59607,15065
31125,100,H4,M,2026-01-26 02:00:00,0.59607,0.59722,0.5956,0.59607,13104
31126,100,H4,M,2026-01-26 06:00:00,0.59607,0.5974,0.59519,0.59706,16327
31127,100,H4,M,2026-01-26 10:00:00,0.59705,0.59751,0.59542,0.59645,12564
31128,100,H4,M,2026-01-26 14:00:00,0.59647,0.5999,0.59638,0.5991,17877
31129,100,H4,M,2026-01-26 18:00:00,0.5991,0.59966,0.59718,0.59735,7384
31130,100,H4,M,2026-01-26 22:00:00,0.59732,0.59732,0.59591,0.5968,7012
31131,100,H4,M,2026-01-27 02:00:00,0.59678,0.59789,0.59608,0.59671,9149
31132,100,H4,M,2026-01-27 06:00:00,0.5967,0.59746,0.5955,0.59735,11326
31133,100,H4,M,2026-01-27 10:00:00,0.59734,0.59966,0.59642,0.5991,17182
31134,100,H4,M,2026-01-27 14:00:00,0.59912,0.60224,0.5989,0.60159,21654
31135,100,H4,M,2026-01-27 18:00:00,0.60159,0.60508,0.60123,0.60442,18606
31136,100,H4,M,2026-01-27 22:00:00,0.60425,0.60444,0.6011,0.6012,16448
31137,100,H4,M,2026-01-28 02:00:00,0.60122,0.60263,0.60078,0.60263,12601
31138,100,H4,M,2026-01-28 06:00:00,0.60265,0.60449,0.60214,0.60312,20301
31139,100,H4,M,2026-01-28 10:00:00,0.60314,0.6042,0.60225,0.60284,17207
31140,100,H4,M,2026-01-28 14:00:00,0.60285,0.60408,0.60158,0.60348,30272
31141,100,H4,M,2026-01-28 18:00:00,0.60348,0.6062,0.60148,0.60608,18376
31142,100,H4,M,2026-01-28 22:00:00,0.60581,0.60706,0.60444,0.60498,16005
31143,100,H4,M,2026-01-29 02:00:00,0.60498,0.60927,0.60446,0.60876,17808
31144,100,H4,M,2026-01-29 06:00:00,0.60876,0.60889,0.60617,0.60666,18468
31145,100,H4,M,2026-01-29 10:00:00,0.60666,0.60826,0.60488,0.60765,18822
31146,100,H4,M,2026-01-29 14:00:00,0.60768,0.60894,0.60226,0.60595,59241
31147,100,H4,M,2026-01-29 18:00:00,0.60595,0.60826,0.60595,0.60786,17031
31148,100,H4,M,2026-01-29 22:00:00,0.60745,0.60806,0.60481,0.60494,19696
31149,100,H4,M,2026-01-30 02:00:00,0.60492,0.60554,0.60315,0.6048,27475
31150,100,H4,M,2026-01-30 06:00:00,0.60479,0.60611,0.60312,0.60363,28777
31151,100,H4,M,2026-01-30 10:00:00,0.6036,0.60792,0.60358,0.60542,30312
31152,100,H4,M,2026-01-30 14:00:00,0.6054,0.60782,0.60292,0.6033,43492
31153,100,H4,M,2026-01-30 18:00:00,0.60328,0.6042,0.601,0.60202,25118
31154,100,H4,M,2026-02-01 22:00:00,0.60126,0.60338,0.59932,0.6028,33177
31155,100,H4,M,2026-02-02 02:00:00,0.60281,0.60314,0.59966,0.6004,35390
31156,100,H4,M,2026-02-02 06:00:00,0.6004,0.60243,0.59906,0.60234,30366
31157,100,H4,M,2026-02-02 10:00:00,0.60232,0.60264,0.59993,0.6004,25568
31158,100,H4,M,2026-02-02 14:00:00,0.60038,0.60157,0.59907,0.6004,40594
31159,100,H4,M,2026-02-02 18:00:00,0.6004,0.60068,0.59928,0.59996,10439
31160,100,H4,M,2026-02-02 22:00:00,0.59993,0.60231,0.59963,0.60204,9792
31161,100,H4,M,2026-02-03 02:00:00,0.60204,0.60425,0.60062,0.60338,23061
31162,100,H4,M,2026-02-03 06:00:00,0.60337,0.60582,0.6032,0.60339,25547
31163,100,H4,M,2026-02-03 10:00:00,0.60341,0.60441,0.60268,0.6041,20424
31164,100,H4,M,2026-02-03 14:00:00,0.60411,0.60544,0.60197,0.60446,34447
31165,100,H4,M,2026-02-03 18:00:00,0.60446,0.60634,0.6034,0.60462,14266
31166,100,H4,M,2026-02-03 22:00:00,0.60439,0.60536,0.6033,0.60418,12205
31167,100,H4,M,2026-02-04 02:00:00,0.60419,0.60464,0.60272,0.60396,13513
31168,100,H4,M,2026-02-04 06:00:00,0.60397,0.60475,0.60202,0.60238,15458
31169,100,H4,M,2026-02-04 10:00:00,0.60238,0.60344,0.6012,0.60296,15519
31170,100,H4,M,2026-02-04 14:00:00,0.60296,0.60302,0.59877,0.59916,39338
31171,100,H4,M,2026-02-04 18:00:00,0.59916,0.60075,0.59892,0.60027,12804
31172,100,H4,M,2026-02-04 22:00:00,0.6005,0.60099,0.59966,0.59992,8913
31173,100,H4,M,2026-02-05 02:00:00,0.59994,0.6,0.59768,0.59868,21649
31174,100,H4,M,2026-02-05 06:00:00,0.5987,0.59979,0.59808,0.59808,17621
31175,100,H4,M,2026-02-05 10:00:00,0.59808,0.60026,0.59802,0.59978,26232
31176,100,H4,M,2026-02-05 14:00:00,0.59976,0.60012,0.59688,0.59843,44820
31177,100,H4,M,2026-02-05 18:00:00,0.59843,0.59872,0.59481,0.59508,12260
31178,100,H4,M,2026-02-05 22:00:00,0.59485,0.59584,0.59285,0.59548,14591
31179,100,H4,M,2026-02-06 02:00:00,0.5955,0.59776,0.59548,0.59773,15755
31180,100,H4,M,2026-02-06 06:00:00,0.59772,0.59894,0.59718,0.59867,14458
31181,100,H4,M,2026-02-06 10:00:00,0.59866,0.60026,0.59822,0.60025,16375
31182,100,H4,M,2026-02-06 14:00:00,0.60026,0.60264,0.6001,0.60234,23291
31183,100,H4,M,2026-02-06 18:00:00,0.60235,0.6027,0.60154,0.60162,5102
31184,100,H4,M,2026-02-08 22:00:00,0.60159,0.6034,0.60132,0.60152,14715
31185,100,H4,M,2026-02-09 02:00:00,0.6015,0.60222,0.60116,0.60192,8800
31186,100,H4,M,2026-02-09 06:00:00,0.60192,0.6027,0.60085,0.60111,15875
31187,100,H4,M,2026-02-09 10:00:00,0.6011,0.60425,0.59971,0.60372,18414
31188,100,H4,M,2026-02-09 14:00:00,0.6037,0.60568,0.60363,0.60498,20992
31189,100,H4,M,2026-02-09 18:00:00,0.60498,0.606,0.60452,0.60566,6425
31190,100,H4,M,2026-02-09 22:00:00,0.60527,0.60564,0.60422,0.60494,8513
31191,100,H4,M,2026-02-10 02:00:00,0.60494,0.60522,0.6036,0.60389,9669
31192,100,H4,M,2026-02-10 06:00:00,0.60388,0.60501,0.60336,0.60455,13377
31193,100,H4,M,2026-02-10 10:00:00,0.60454,0.60541,0.60378,0.60488,13869
31194,100,H4,M,2026-02-10 14:00:00,0.60489,0.60616,0.6042,0.60439,24717
31195,100,H4,M,2026-02-10 18:00:00,0.60433,0.60512,0.60392,0.60438,8094
31196,100,H4,M,2026-02-10 22:00:00,0.60398,0.60514,0.60359,0.6049,7051
31197,100,H4,M,2026-02-11 02:00:00,0.60492,0.60659,0.60484,0.60614,10349
31198,100,H4,M,2026-02-11 06:00:00,0.60615,0.60668,0.6053,0.60644,11911
31199,100,H4,M,2026-02-11 10:00:00,0.60643,0.60734,0.60238,0.60524,26077
31200,100,H4,M,2026-02-11 14:00:00,0.60521,0.60654,0.60318,0.60584,40906
31201,100,H4,M,2026-02-11 18:00:00,0.60584,0.60636,0.60468,0.60482,8627
31202,100,H4,M,2026-02-11 22:00:00,0.60444,0.60591,0.60433,0.6059,9034
31203,100,H4,M,2026-02-12 02:00:00,0.60589,0.60617,0.60434,0.60486,9363
31204,100,H4,M,2026-02-12 06:00:00,0.60488,0.60718,0.60393,0.60717,14045
31205,100,H4,M,2026-02-12 10:00:00,0.60717,0.60762,0.60594,0.6074,12108
31206,100,H4,M,2026-02-12 14:00:00,0.6074,0.60757,0.60332,0.60342,37465
31207,100,H4,M,2026-02-12 18:00:00,0.60342,0.60382,0.60258,0.60356,11463
31208,100,H4,M,2026-02-12 22:00:00,0.60338,0.60406,0.60278,0.6034,10097
31209,100,H4,M,2026-02-13 02:00:00,0.6034,0.60397,0.6024,0.60258,10549
31210,100,H4,M,2026-02-13 06:00:00,0.60259,0.60427,0.60146,0.60381,13909
31211,100,H4,M,2026-02-13 10:00:00,0.60382,0.60436,0.60176,0.60384,20355
31212,100,H4,M,2026-02-13 14:00:00,0.60384,0.60506,0.60223,0.60444,36039
31213,100,H4,M,2026-02-13 18:00:00,0.60445,0.60492,0.60357,0.60398,8245
31214,100,H4,M,2026-02-15 22:00:00,0.60291,0.60396,0.60262,0.60389,7785
31215,100,H4,M,2026-02-16 02:00:00,0.60388,0.60406,0.60276,0.60358,6606
31216,100,H4,M,2026-02-16 06:00:00,0.60356,0.60484,0.60351,0.604,8322
31217,100,H4,M,2026-02-16 10:00:00,0.60401,0.60461,0.60374,0.60392,7717
31218,100,H4,M,2026-02-16 14:00:00,0.60393,0.6043,0.603,0.60322,7327
31219,100,H4,M,2026-02-16 18:00:00,0.60322,0.6036,0.6032,0.60334,1637
31220,100,H4,M,2026-02-16 22:00:00,0.60322,0.60352,0.60224,0.6024,7203
31221,100,H4,M,2026-02-17 02:00:00,0.60237,0.6037,0.60192,0.6032,10889
31222,100,H4,M,2026-02-17 06:00:00,0.6032,0.60426,0.60238,0.60422,11921
31223,100,H4,M,2026-02-17 10:00:00,0.60421,0.60501,0.60208,0.60239,14762
31224,100,H4,M,2026-02-17 14:00:00,0.6024,0.60342,0.60043,0.60298,34420
31225,100,H4,M,2026-02-17 18:00:00,0.6032,0.60507,0.6032,0.60496,7122
31226,100,H4,M,2026-02-17 22:00:00,0.60492,0.60532,0.60102,0.60186,8969
31227,100,H4,M,2026-02-18 02:00:00,0.60186,0.60186,0.59957,0.59984,8227
31228,100,H4,M,2026-02-18 06:00:00,0.59986,0.6014,0.59894,0.60108,11660
31229,100,H4,M,2026-02-18 10:00:00,0.60108,0.60134,0.59873,0.59874,11799
31230,100,H4,M,2026-02-18 14:00:00,0.59874,0.59986,0.59766,0.59827,18822
31231,100,H4,M,2026-02-18 18:00:00,0.59827,0.59856,0.59616,0.59654,9442
31232,100,H4,M,2026-02-18 22:00:00,0.5963,0.5975,0.59581,0.59741,7450
31233,100,H4,M,2026-02-19 02:00:00,0.5974,0.5979,0.59648,0.59702,8087
31234,100,H4,M,2026-02-19 06:00:00,0.59702,0.59904,0.5969,0.59753,9958
31235,100,H4,M,2026-02-19 10:00:00,0.5975,0.59781,0.59564,0.5966,13312
31236,100,H4,M,2026-02-19 14:00:00,0.59662,0.59804,0.59458,0.59675,29191
31237,100,H4,M,2026-02-19 18:00:00,0.59675,0.59756,0.59626,0.59727,8121
31238,100,H4,M,2026-02-19 22:00:00,0.59714,0.59755,0.5944,0.59514,9035
31239,100,H4,M,2026-02-20 02:00:00,0.59516,0.59572,0.5938,0.59534,10563
31240,100,H4,M,2026-02-20 06:00:00,0.59534,0.5965,0.59444,0.59579,12338
31241,100,H4,M,2026-02-20 10:00:00,0.59578,0.59606,0.59454,0.59536,14871
31242,100,H4,M,2026-02-20 14:00:00,0.59534,0.59853,0.59449,0.59703,49926
31243,100,H4,M,2026-02-20 18:00:00,0.59704,0.59841,0.59661,0.59752,14495
31244,100,H4,M,2026-02-22 22:00:00,0.59772,0.60036,0.59749,0.59897,16306
31245,100,H4,M,2026-02-23 02:00:00,0.59896,0.59912,0.59796,0.59845,12441
31246,100,H4,M,2026-02-23 06:00:00,0.59846,0.59905,0.59756,0.598,14128
31247,100,H4,M,2026-02-23 10:00:00,0.598,0.59804,0.59571,0.59702,12451
31248,100,H4,M,2026-02-23 14:00:00,0.597,0.5979,0.59554,0.5962,25716
31249,100,H4,M,2026-02-23 18:00:00,0.5962,0.59662,0.59516,0.59558,6294
31250,100,H4,M,2026-02-23 22:00:00,0.59528,0.5963,0.595,0.59588,12814
31251,100,H4,M,2026-02-24 02:00:00,0.59588,0.59716,0.59562,0.59626,10680
31252,100,H4,M,2026-02-24 06:00:00,0.59626,0.59714,0.59564,0.59674,15011
31253,100,H4,M,2026-02-24 10:00:00,0.59674,0.59692,0.5947,0.59484,11544
31254,100,H4,M,2026-02-24 14:00:00,0.59481,0.5974,0.59425,0.59698,20641
31255,100,H4,M,2026-02-24 18:00:00,0.59698,0.59736,0.5964,0.59664,4892
31256,100,H4,M,2026-02-24 22:00:00,0.59598,0.59757,0.59594,0.59694,10392
31257,100,H4,M,2026-02-25 02:00:00,0.59692,0.59856,0.59688,0.59834,15738
31258,100,H4,M,2026-02-25 06:00:00,0.59834,0.59918,0.59717,0.59717,12338
31259,100,H4,M,2026-02-25 10:00:00,0.59718,0.59794,0.59596,0.59686,10772
31260,100,H4,M,2026-02-25 14:00:00,0.59686,0.60002,0.59675,0.59948,16159
31261,100,H4,M,2026-02-25 18:00:00,0.59948,0.60025,0.59948,0.60012,3957
31262,100,H4,M,2026-02-25 22:00:00,0.59974,0.60118,0.59946,0.60105,9720
31263,100,H4,M,2026-02-26 02:00:00,0.60106,0.6013,0.59975,0.6009,9627
31264,100,H4,M,2026-02-26 06:00:00,0.60088,0.601,0.59856,0.59882,11593
31265,100,H4,M,2026-02-26 10:00:00,0.5988,0.59955,0.5981,0.59844,9189
31266,100,H4,M,2026-02-26 14:00:00,0.59844,0.59876,0.59574,0.5959,25348
31267,100,H4,M,2026-02-26 18:00:00,0.5959,0.59872,0.59577,0.598,5998
31268,100,H4,M,2026-02-26 22:00:00,0.5977,0.59901,0.59734,0.59779,12707
31269,100,H4,M,2026-02-27 02:00:00,0.59782,0.5995,0.5977,0.59899,9298
31270,100,H4,M,2026-02-27 06:00:00,0.59898,0.5994,0.59842,0.59875,10849
31271,100,H4,M,2026-02-27 10:00:00,0.59876,0.59882,0.59706,0.59768,12831
31272,100,H4,M,2026-02-27 14:00:00,0.59768,0.60049,0.59752,0.5998,21630
31273,100,H4,M,2026-02-27 18:00:00,0.5998,0.60026,0.5993,0.5997,5904
31274,100,H4,M,2026-03-01 22:00:00,0.5953,0.59914,0.59488,0.5988,22440
31275,100,H4,M,2026-03-02 02:00:00,0.5988,0.59948,0.59594,0.59596,16017
31276,100,H4,M,2026-03-02 06:00:00,0.59597,0.59612,0.59282,0.59534,23353
31277,100,H4,M,2026-03-02 10:00:00,0.59536,0.59676,0.59337,0.59348,18435
31278,100,H4,M,2026-03-02 14:00:00,0.59346,0.59531,0.59162,0.59402,28076
31279,100,H4,M,2026-03-02 18:00:00,0.59378,0.5957,0.59309,0.59408,11825
31280,100,H4,M,2026-03-02 22:00:00,0.59469,0.59556,0.59336,0.59454,12200
31281,100,H4,M,2026-03-03 02:00:00,0.59454,0.59501,0.59252,0.59272,17444
31282,100,H4,M,2026-03-03 06:00:00,0.59274,0.5932,0.5886,0.5889,24239
31283,100,H4,M,2026-03-03 10:00:00,0.58892,0.59036,0.58633,0.58879,34057
31284,100,H4,M,2026-03-03 14:00:00,0.58878,0.58942,0.58361,0.58775,55443
31285,100,H4,M,2026-03-03 18:00:00,0.58775,0.5907,0.58775,0.58879,19592
31286,100,H4,M,2026-03-03 22:00:00,0.58911,0.59005,0.58614,0.58778,20095
31287,100,H4,M,2026-03-04 02:00:00,0.58778,0.59058,0.58745,0.58938,24534
31288,100,H4,M,2026-03-04 06:00:00,0.58936,0.59152,0.58858,0.59094,23008
31289,100,H4,M,2026-03-04 10:00:00,0.59094,0.59332,0.59053,0.59107,29779
31290,100,H4,M,2026-03-04 14:00:00,0.59106,0.59364,0.5901,0.59304,29847
31291,100,H4,M,2026-03-04 18:00:00,0.59304,0.59424,0.59262,0.59404,7073
31292,100,H4,M,2026-03-04 22:00:00,0.59392,0.59486,0.59314,0.59322,11691
31293,100,H4,M,2026-03-05 02:00:00,0.59322,0.59412,0.59148,0.59154,17586
31294,100,H4,M,2026-03-05 06:00:00,0.59154,0.59462,0.5902,0.59208,29581
31295,100,H4,M,2026-03-05 10:00:00,0.59206,0.59324,0.59064,0.59086,20632
31296,100,H4,M,2026-03-05 14:00:00,0.59084,0.59174,0.58745,0.58803,34334
31297,100,H4,M,2026-03-05 18:00:00,0.58803,0.59022,0.5873,0.58964,15988
31298,100,H4,M,2026-03-05 22:00:00,0.59028,0.59132,0.58928,0.59096,9885
31299,100,H4,M,2026-03-06 02:00:00,0.59096,0.59148,0.59013,0.59016,13137
31300,100,H4,M,2026-03-06 06:00:00,0.59018,0.59156,0.5871,0.58722,16660
31301,100,H4,M,2026-03-06 10:00:00,0.58724,0.58984,0.58576,0.586,32826
31302,100,H4,M,2026-03-06 14:00:00,0.58602,0.59076,0.58592,0.58932,45584
31303,100,H4,M,2026-03-06 18:00:00,0.58932,0.59102,0.58925,0.59005,13098
31304,100,H4,M,2026-03-08 21:00:00,0.58665,0.58795,0.58484,0.58557,19245
31305,100,H4,M,2026-03-09 01:00:00,0.58558,0.58798,0.58504,0.58706,27099
31306,100,H4,M,2026-03-09 05:00:00,0.58707,0.58978,0.58678,0.58875,36038
31307,100,H4,M,2026-03-09 09:00:00,0.58876,0.59162,0.58838,0.58996,35791
31308,100,H4,M,2026-03-09 13:00:00,0.59,0.59285,0.5894,0.59238,40345
31309,100,H4,M,2026-03-09 17:00:00,0.59237,0.59352,0.59118,0.5934,19870
31310,100,H4,M,2026-03-09 21:00:00,0.59334,0.59395,0.59234,0.59263,12578
31311,100,H4,M,2026-03-10 01:00:00,0.59262,0.59278,0.59075,0.59104,20203
31312,100,H4,M,2026-03-10 05:00:00,0.59104,0.59438,0.59099,0.59248,20658
31313,100,H4,M,2026-03-10 09:00:00,0.59246,0.59456,0.5924,0.59377,22832
31314,100,H4,M,2026-03-10 13:00:00,0.5938,0.59623,0.593,0.59524,27779
31315,100,H4,M,2026-03-10 17:00:00,0.59522,0.59645,0.5925,0.59292,25555
31316,100,H4,M,2026-03-10 21:00:00,0.59287,0.59354,0.59212,0.59276,7082
31317,100,H4,M,2026-03-11 01:00:00,0.59277,0.59483,0.59251,0.59464,13144
31318,100,H4,M,2026-03-11 05:00:00,0.59464,0.59486,0.59217,0.59276,16447
31319,100,H4,M,2026-03-11 09:00:00,0.59276,0.59336,0.59096,0.59144,21226
31320,100,H4,M,2026-03-11 13:00:00,0.59142,0.59411,0.59058,0.59158,32069
31321,100,H4,M,2026-03-11 17:00:00,0.5916,0.592,0.5905,0.5914,9788
31322,100,H4,M,2026-03-11 21:00:00,0.59132,0.59155,0.58922,0.59054,9675
31323,100,H4,M,2026-03-12 01:00:00,0.59052,0.59139,0.58952,0.58996,10936
31324,100,H4,M,2026-03-12 05:00:00,0.58996,0.59117,0.58954,0.59017,13827
31325,100,H4,M,2026-03-12 09:00:00,0.59021,0.59116,0.58916,0.58935,14815
31326,100,H4,M,2026-03-12 13:00:00,0.58936,0.58982,0.5855,0.58589,34671
31327,100,H4,M,2026-03-12 17:00:00,0.5859,0.58655,0.5851,0.5854,11597
31328,100,H4,M,2026-03-12 21:00:00,0.58558,0.5859,0.58485,0.58542,7418
31329,100,H4,M,2026-03-13 01:00:00,0.58541,0.5862,0.583,0.58302,9839
31330,100,H4,M,2026-03-13 05:00:00,0.58302,0.58336,0.58032,0.5818,13311
31331,100,H4,M,2026-03-13 09:00:00,0.58182,0.58396,0.58166,0.58352,19175
31332,100,H4,M,2026-03-13 13:00:00,0.58351,0.58406,0.57995,0.58003,29410
31333,100,H4,M,2026-03-13 17:00:00,0.58005,0.5806,0.57732,0.57747,9994
31334,100,H4,M,2026-03-15 21:00:00,0.57905,0.58072,0.57784,0.58037,10971
31335,100,H4,M,2026-03-16 01:00:00,0.5804,0.58152,0.57948,0.58052,11861
31336,100,H4,M,2026-03-16 05:00:00,0.58052,0.58178,0.5799,0.58171,14030
31337,100,H4,M,2026-03-16 09:00:00,0.5817,0.58486,0.58134,0.58411,13321
31338,100,H4,M,2026-03-16 13:00:00,0.58412,0.58582,0.58386,0.58444,18789
31339,100,H4,M,2026-03-16 17:00:00,0.58446,0.58692,0.58446,0.5861,10343
31340,100,H4,M,2026-03-16 21:00:00,0.58597,0.58614,0.58434,0.58456,6311
31341,100,H4,M,2026-03-17 01:00:00,0.58456,0.5854,0.58412,0.58418,12544
31342,100,H4,M,2026-03-17 05:00:00,0.58416,0.58416,0.58168,0.5838,15283
31343,100,H4,M,2026-03-17 09:00:00,0.58378,0.58512,0.58356,0.58511,12079
31344,100,H4,M,2026-03-17 13:00:00,0.5851,0.58652,0.58465,0.58592,19113
31345,100,H4,M,2026-03-17 17:00:00,0.58592,0.58688,0.58554,0.58579,5768
31346,100,H4,M,2026-03-17 21:00:00,0.58578,0.5863,0.58508,0.58586,9968
31347,100,H4,M,2026-03-18 01:00:00,0.58588,0.58664,0.5853,0.58625,7377
31348,100,H4,M,2026-03-18 05:00:00,0.58626,0.58726,0.58532,0.58616,8628
31349,100,H4,M,2026-03-18 09:00:00,0.58615,0.58642,0.58212,0.58219,15873
31350,100,H4,M,2026-03-18 13:00:00,0.58222,0.58507,0.58132,0.58405,24835
31351,100,H4,M,2026-03-18 17:00:00,0.58404,0.58468,0.57888,0.57962,18183
31352,100,H4,M,2026-03-18 21:00:00,0.58024,0.58185,0.57852,0.58168,11734
31353,100,H4,M,2026-03-19 01:00:00,0.58167,0.58278,0.58091,0.5818,11406
31354,100,H4,M,2026-03-19 05:00:00,0.5818,0.58223,0.58042,0.58126,18497
31355,100,H4,M,2026-03-19 09:00:00,0.58126,0.58272,0.57984,0.58071,25031
31356,100,H4,M,2026-03-19 13:00:00,0.58069,0.58504,0.57997,0.58385,50490
31357,100,H4,M,2026-03-19 17:00:00,0.58386,0.58926,0.58354,0.58743,22648
31358,100,H4,M,2026-03-19 21:00:00,0.58732,0.58836,0.58659,0.5883,8742
31359,100,H4,M,2026-03-20 01:00:00,0.58831,0.58916,0.5879,0.5881,11349
31360,100,H4,M,2026-03-20 05:00:00,0.58812,0.5892,0.58718,0.58822,13709
31361,100,H4,M,2026-03-20 09:00:00,0.58823,0.5883,0.58525,0.58658,20717
31362,100,H4,M,2026-03-20 13:00:00,0.58659,0.5867,0.58299,0.5842,30495
31363,100,H4,M,2026-03-20 17:00:00,0.58422,0.5845,0.58179,0.58308,16638
31364,100,H4,M,2026-03-22 21:00:00,0.5817,0.58385,0.5811,0.5823,13913
31365,100,H4,M,2026-03-23 01:00:00,0.58228,0.58338,0.58093,0.58122,21785
31366,100,H4,M,2026-03-23 05:00:00,0.58122,0.58134,0.57894,0.57968,26883
31367,100,H4,M,2026-03-23 09:00:00,0.5797,0.58544,0.57622,0.5852,95838
31368,100,H4,M,2026-03-23 13:00:00,0.58521,0.58874,0.58308,0.58514,77982
31369,100,H4,M,2026-03-23 17:00:00,0.58514,0.58816,0.58496,0.58585,23136
31370,100,H4,M,2026-03-23 21:00:00,0.58604,0.58706,0.5832,0.58434,17122
31371,100,H4,M,2026-03-24 01:00:00,0.58435,0.58462,0.58258,0.58296,20394
31372,100,H4,M,2026-03-24 05:00:00,0.58297,0.58609,0.58214,0.58234,28434
31373,100,H4,M,2026-03-24 09:00:00,0.58236,0.58413,0.58158,0.58249,23897
31374,100,H4,M,2026-03-24 13:00:00,0.5825,0.58414,0.58118,0.58144,43185
31375,100,H4,M,2026-03-24 17:00:00,0.58144,0.58518,0.57936,0.58367,28251
31376,100,H4,M,2026-03-24 21:00:00,0.5836,0.58434,0.58284,0.58392,12551
31377,100,H4,M,2026-03-25 01:00:00,0.58388,0.58436,0.58156,0.58164,15166
31378,100,H4,M,2026-03-25 05:00:00,0.58164,0.58327,0.5808,0.58284,18002
31379,100,H4,M,2026-03-25 09:00:00,0.58282,0.58312,0.58102,0.58172,19300
31380,100,H4,M,2026-03-25 13:00:00,0.58172,0.58236,0.5804,0.58172,28284
31381,100,H4,M,2026-03-25 17:00:00,0.58171,0.58262,0.58042,0.5806,9731
31382,100,H4,M,2026-03-25 21:00:00,0.58068,0.58112,0.57958,0.58001,5124
31383,100,H4,M,2026-03-26 01:00:00,0.58,0.58088,0.5795,0.5807,10312
31384,100,H4,M,2026-03-26 05:00:00,0.58071,0.58076,0.5782,0.57871,14365
31385,100,H4,M,2026-03-26 09:00:00,0.57872,0.57928,0.5771,0.57776,13966
31386,100,H4,M,2026-03-26 13:00:00,0.57776,0.57936,0.57656,0.57679,27132
31387,100,H4,M,2026-03-26 17:00:00,0.57679,0.5783,0.57504,0.57619,15266
31388,100,H4,M,2026-03-26 21:00:00,0.57604,0.57755,0.57524,0.57566,8661
31389,100,H4,M,2026-03-27 01:00:00,0.57566,0.57756,0.57528,0.57747,12257
31390,100,H4,M,2026-03-27 05:00:00,0.57746,0.57778,0.57625,0.5767,14057
31391,100,H4,M,2026-03-27 09:00:00,0.57668,0.57751,0.57494,0.57536,12698
31392,100,H4,M,2026-03-27 13:00:00,0.57538,0.57684,0.575,0.57524,25444
31393,100,H4,M,2026-03-27 17:00:00,0.57521,0.57585,0.5738,0.5745,8998
31394,100,H4,M,2026-03-29 21:00:00,0.57468,0.57484,0.57236,0.5732,13879
31395,100,H4,M,2026-03-30 01:00:00,0.57322,0.57414,0.57256,0.57356,14379
31396,100,H4,M,2026-03-30 05:00:00,0.57356,0.57496,0.57216,0.57228,14452
31397,100,H4,M,2026-03-30 09:00:00,0.57226,0.57308,0.5715,0.57235,13909
31398,100,H4,M,2026-03-30 13:00:00,0.57236,0.57264,0.56998,0.57175,24354
31399,100,H4,M,2026-03-30 17:00:00,0.57177,0.5722,0.57112,0.57214,9052
31400,100,H4,M,2026-03-30 21:00:00,0.57202,0.57282,0.57064,0.57225,10546
31401,100,H4,M,2026-03-31 01:00:00,0.57224,0.57356,0.57084,0.57084,17285
31402,100,H4,M,2026-03-31 05:00:00,0.57082,0.57186,0.57042,0.57142,13325
31403,100,H4,M,2026-03-31 09:00:00,0.57144,0.57335,0.57002,0.57234,20265
31404,100,H4,M,2026-03-31 13:00:00,0.57235,0.57385,0.56979,0.57294,36825
31405,100,H4,M,2026-03-31 17:00:00,0.57296,0.57488,0.57294,0.57468,19737
31406,100,H4,M,2026-03-31 21:00:00,0.5743,0.57597,0.57413,0.5754,8855
31407,100,H4,M,2026-04-01 01:00:00,0.5754,0.57544,0.57307,0.57376,11522
31408,100,H4,M,2026-04-01 05:00:00,0.57376,0.57729,0.5737,0.57642,22280
31409,100,H4,M,2026-04-01 09:00:00,0.57644,0.57776,0.57598,0.57624,20237
31410,100,H4,M,2026-04-01 13:00:00,0.57622,0.57734,0.57565,0.5773,30348
31411,100,H4,M,2026-04-01 17:00:00,0.57732,0.5776,0.57428,0.57534,11003
31412,100,H4,M,2026-04-01 21:00:00,0.57522,0.57582,0.57464,0.57556,7812
31413,100,H4,M,2026-04-02 01:00:00,0.57554,0.57592,0.57066,0.57099,37671
31414,100,H4,M,2026-04-02 05:00:00,0.571,0.57172,0.56996,0.57111,14103
31415,100,H4,M,2026-04-02 09:00:00,0.57112,0.5716,0.57006,0.57113,13825
31416,100,H4,M,2026-04-02 13:00:00,0.57115,0.57362,0.57069,0.57228,35130
31417,100,H4,M,2026-04-02 17:00:00,0.57227,0.57268,0.57138,0.57172,8235
31418,100,H4,M,2026-04-02 21:00:00,0.57121,0.57204,0.57086,0.57168,3387
31419,100,H4,M,2026-04-03 01:00:00,0.57168,0.57172,0.57074,0.57079,1678
31420,100,H4,M,2026-04-03 05:00:00,0.5708,0.57132,0.57038,0.57061,2802
31421,100,H4,M,2026-04-03 09:00:00,0.57062,0.57128,0.56978,0.57032,5608
31422,100,H4,M,2026-04-03 13:00:00,0.57032,0.57086,0.56926,0.56934,5150
31423,100,H4,M,2026-04-03 17:00:00,0.56936,0.57055,0.5683,0.56923,3597
31424,100,H4,M,2026-04-05 21:00:00,0.56914,0.56949,0.56812,0.56941,8075
31425,100,H4,M,2026-04-06 01:00:00,0.56943,0.57066,0.56888,0.57033,9711
31426,100,H4,M,2026-04-06 05:00:00,0.57033,0.57272,0.57008,0.57238,12057
31427,100,H4,M,2026-04-06 09:00:00,0.57239,0.57263,0.57142,0.5721,11673
31428,100,H4,M,2026-04-06 13:00:00,0.5721,0.57298,0.5711,0.57148,21326
31429,100,H4,M,2026-04-06 17:00:00,0.57148,0.57192,0.57058,0.57124,11309
31430,100,H4,M,2026-04-06 21:00:00,0.57149,0.57217,0.57051,0.57053,7699
31431,100,H4,M,2026-04-07 01:00:00,0.57053,0.57092,0.56896,0.57026,10767
31432,100,H4,M,2026-04-07 05:00:00,0.57027,0.57224,0.5696,0.57202,17045
31433,100,H4,M,2026-04-07 09:00:00,0.57202,0.57218,0.56986,0.5702,19892
31434,100,H4,M,2026-04-07 13:00:00,0.5702,0.57146,0.56942,0.57072,24629
31435,100,H4,M,2026-04-07 17:00:00,0.57072,0.57335,0.57043,0.5733,16592
31436,100,H4,M,2026-04-07 21:00:00,0.57252,0.58188,0.5714,0.57879,39287
31437,100,H4,M,2026-04-08 01:00:00,0.57878,0.58345,0.5787,0.58331,24330
31438,100,H4,M,2026-04-08 05:00:00,0.58333,0.58501,0.58121,0.58172,23411
31439,100,H4,M,2026-04-08 09:00:00,0.58171,0.58542,0.58135,0.5852,17656
31440,100,H4,M,2026-04-08 13:00:00,0.58516,0.58591,0.58296,0.58362,27923
31441,100,H4,M,2026-04-08 17:00:00,0.58362,0.58379,0.58106,0.58223,12590
31442,100,H4,M,2026-04-08 21:00:00,0.58218,0.5828,0.58164,0.58242,7723
31443,100,H4,M,2026-04-09 01:00:00,0.58242,0.5838,0.58224,0.58334,10926
31444,100,H4,M,2026-04-09 05:00:00,0.58336,0.58386,0.5826,0.58295,13790
31445,100,H4,M,2026-04-09 09:00:00,0.58292,0.58416,0.5826,0.58362,11123
31446,100,H4,M,2026-04-09 13:00:00,0.58362,0.58736,0.58357,0.58668,23540
31447,100,H4,M,2026-04-09 17:00:00,0.58669,0.58734,0.58534,0.58596,9841
31448,100,H4,M,2026-04-09 21:00:00,0.5862,0.58641,0.58462,0.585,5926
31449,100,H4,M,2026-04-10 01:00:00,0.58502,0.58552,0.5845,0.58467,7235
31450,100,H4,M,2026-04-10 05:00:00,0.58467,0.58512,0.58326,0.58351,9093
31451,100,H4,M,2026-04-10 09:00:00,0.58353,0.58565,0.58338,0.58514,13601
31452,100,H4,M,2026-04-10 13:00:00,0.58512,0.58691,0.58329,0.58385,17638
31453,100,H4,M,2026-04-10 17:00:00,0.58385,0.5848,0.58345,0.58363,5880
31454,100,H4,M,2026-04-12 21:00:00,0.57997,0.58182,0.57954,0.58182,12779
31455,100,H4,M,2026-04-13 01:00:00,0.58182,0.58278,0.58151,0.58252,10947
31456,100,H4,M,2026-04-13 05:00:00,0.58254,0.58414,0.58226,0.58302,11314
31457,100,H4,M,2026-04-13 09:00:00,0.58303,0.58362,0.58154,0.58266,10289
31458,100,H4,M,2026-04-13 13:00:00,0.58266,0.58602,0.58244,0.58576,23634
31459,100,H4,M,2026-04-13 17:00:00,0.58576,0.58732,0.58576,0.58668,6091
31460,100,H4,M,2026-04-13 21:00:00,0.58612,0.58732,0.58612,0.58663,6739
31461,100,H4,M,2026-04-14 01:00:00,0.58662,0.58725,0.5857,0.58719,5841
31462,100,H4,M,2026-04-14 05:00:00,0.5872,0.58941,0.5868,0.58928,13095
31463,100,H4,M,2026-04-14 09:00:00,0.5893,0.59104,0.58888,0.59102,13244
31464,100,H4,M,2026-04-14 13:00:00,0.59103,0.59202,0.59029,0.59056,16058
31465,100,H4,M,2026-04-14 17:00:00,0.59055,0.59102,0.59003,0.59013,6024
31466,100,H4,M,2026-04-14 21:00:00,0.58988,0.59064,0.58972,0.5901,7335
31467,100,H4,M,2026-04-15 01:00:00,0.59012,0.5904,0.58928,0.5901,7648
31468,100,H4,M,2026-04-15 05:00:00,0.59012,0.59094,0.58994,0.59062,12326
31469,100,H4,M,2026-04-15 09:00:00,0.59062,0.5908,0.58918,0.58964,14463
31470,100,H4,M,2026-04-15 13:00:00,0.58966,0.59136,0.5892,0.59124,16829
31471,100,H4,M,2026-04-15 17:00:00,0.59122,0.59196,0.59066,0.59136,6568
31472,100,H4,M,2026-04-15 21:00:00,0.59098,0.59168,0.59083,0.59128,6328
31473,100,H4,M,2026-04-16 01:00:00,0.59128,0.59222,0.5904,0.59142,8406
31474,100,H4,M,2026-04-16 05:00:00,0.59142,0.5916,0.58936,0.58949,12419
31475,100,H4,M,2026-04-16 09:00:00,0.58948,0.58967,0.5886,0.58906,9113
31476,100,H4,M,2026-04-16 13:00:00,0.58906,0.5899,0.58828,0.58866,19007
31477,100,H4,M,2026-04-16 17:00:00,0.58867,0.58917,0.58823,0.58911,7398
31478,100,H4,M,2026-04-16 21:00:00,0.5891,0.58954,0.58827,0.58866,6003
31479,100,H4,M,2026-04-17 01:00:00,0.58869,0.58884,0.588,0.5888,7989
31480,100,H4,M,2026-04-17 05:00:00,0.5888,0.5894,0.58804,0.5893,9401
31481,100,H4,M,2026-04-17 09:00:00,0.58932,0.5921,0.58808,0.59207,14558
31482,100,H4,M,2026-04-17 13:00:00,0.59209,0.5929,0.59036,0.5907,31121
31483,100,H4,M,2026-04-17 17:00:00,0.5907,0.5907,0.5881,0.58812,14398
31484,100,H4,M,2026-04-19 21:00:00,0.58596,0.58784,0.58493,0.5876,10615
31485,100,H4,M,2026-04-20 01:00:00,0.58756,0.5883,0.58736,0.58787,8910
31486,100,H4,M,2026-04-20 05:00:00,0.58785,0.58796,0.58632,0.58702,16297
31487,100,H4,M,2026-04-20 09:00:00,0.58701,0.5885,0.587,0.58788,12375
31488,100,H4,M,2026-04-20 13:00:00,0.58791,0.58956,0.58753,0.58902,22234
31489,100,H4,M,2026-04-20 17:00:00,0.58903,0.58936,0.58878,0.5891,5918
31490,100,H4,M,2026-04-20 21:00:00,0.58832,0.59164,0.58823,0.5913,9303
31491,100,H4,M,2026-04-21 01:00:00,0.5913,0.59208,0.58996,0.59055,7954
31492,100,H4,M,2026-04-21 05:00:00,0.59056,0.59158,0.58961,0.59034,14997
31493,100,H4,M,2026-04-21 09:00:00,0.59035,0.59128,0.58987,0.59044,11220
31494,100,H4,M,2026-04-21 13:00:00,0.59044,0.59199,0.58932,0.58934,19513
31495,100,H4,M,2026-04-21 17:00:00,0.58934,0.59061,0.58721,0.58941,26634
31496,100,H4,M,2026-04-21 21:00:00,0.58939,0.59074,0.58871,0.59052,8461
31497,100,H4,M,2026-04-22 01:00:00,0.59052,0.5909,0.5901,0.5905,8352
31498,100,H4,M,2026-04-22 05:00:00,0.5905,0.59228,0.59046,0.59169,12563
31499,100,H4,M,2026-04-22 09:00:00,0.5917,0.59192,0.58986,0.58998,10638
31500,100,H4,M,2026-04-22 13:00:00,0.59001,0.59212,0.58986,0.59054,16168
31501,100,H4,M,2026-04-22 17:00:00,0.59052,0.59106,0.59024,0.59052,6348
31502,100,H4,M,2026-04-22 21:00:00,0.59096,0.59122,0.58878,0.59068,12410
31503,100,H4,M,2026-04-23 01:00:00,0.5907,0.59078,0.58764,0.58859,14001
31504,100,H4,M,2026-04-23 05:00:00,0.5886,0.58932,0.58844,0.58868,10785
31505,100,H4,M,2026-04-23 09:00:00,0.58864,0.58892,0.58722,0.58772,13858
31506,100,H4,M,2026-04-23 13:00:00,0.58771,0.58867,0.58684,0.5875,16808
31507,100,H4,M,2026-04-23 17:00:00,0.5875,0.58764,0.58404,0.58536,23729
31508,100,H4,M,2026-04-23 21:00:00,0.58535,0.58656,0.58498,0.58578,9065
31509,100,H4,M,2026-04-24 01:00:00,0.58578,0.58614,0.58402,0.5853,11010
31510,100,H4,M,2026-04-24 05:00:00,0.5853,0.58618,0.58455,0.5857,11867
31511,100,H4,M,2026-04-24 09:00:00,0.58571,0.58782,0.58546,0.58698,14090
31512,100,H4,M,2026-04-24 13:00:00,0.58701,0.58808,0.58618,0.58794,20767
31513,100,H4,M,2026-04-24 17:00:00,0.58796,0.58833,0.58758,0.5879,6201
31514,100,H4,M,2026-04-26 21:00:00,0.58657,0.58831,0.5862,0.58824,9200
31515,100,H4,M,2026-04-27 01:00:00,0.58826,0.58954,0.58826,0.58875,10289
31516,100,H4,M,2026-04-27 05:00:00,0.58876,0.5914,0.5879,0.59112,10839
31517,100,H4,M,2026-04-27 09:00:00,0.59112,0.59219,0.59079,0.5916,8244
31518,100,H4,M,2026-04-27 13:00:00,0.59162,0.5924,0.59092,0.59139,15966
31519,100,H4,M,2026-04-27 17:00:00,0.59142,0.59171,0.59076,0.5908,5565
31520,100,H4,M,2026-04-27 21:00:00,0.59078,0.59179,0.59032,0.5912,9971
31521,100,H4,M,2026-04-28 01:00:00,0.5912,0.59126,0.58962,0.58993,9953
31522,100,H4,M,2026-04-28 05:00:00,0.58994,0.59004,0.5882,0.58909,17319
31523,100,H4,M,2026-04-28 09:00:00,0.58909,0.58914,0.58659,0.5878,15335
31524,100,H4,M,2026-04-28 13:00:00,0.58778,0.58902,0.5871,0.58852,19429
31525,100,H4,M,2026-04-28 17:00:00,0.58852,0.5889,0.58814,0.58856,5381
31526,100,H4,M,2026-04-28 21:00:00,0.58814,0.58922,0.58782,0.58881,9064
31527,100,H4,M,2026-04-29 01:00:00,0.58879,0.58908,0.58563,0.5863,12364
31528,100,H4,M,2026-04-29 05:00:00,0.5863,0.58698,0.58576,0.58586,11519
31529,100,H4,M,2026-04-29 09:00:00,0.58586,0.58616,0.5852,0.5852,9182
31530,100,H4,M,2026-04-29 13:00:00,0.5852,0.58563,0.58288,0.58342,21911
31531,100,H4,M,2026-04-29 17:00:00,0.58341,0.58405,0.5815,0.58295,17524
31532,100,H4,M,2026-04-29 21:00:00,0.58259,0.58458,0.58208,0.58379,9613
31533,100,H4,M,2026-04-30 01:00:00,0.58377,0.58377,0.58252,0.58266,15597
31534,100,H4,M,2026-04-30 05:00:00,0.58268,0.58476,0.58212,0.58396,17458
31535,100,H4,M,2026-04-30 09:00:00,0.58395,0.5877,0.58361,0.58672,29621
31536,100,H4,M,2026-04-30 13:00:00,0.5867,0.58954,0.58644,0.5891,27744
31537,100,H4,M,2026-04-30 17:00:00,0.5891,0.59106,0.58883,0.5909,10324
31538,100,H4,M,2026-04-30 21:00:00,0.59038,0.59092,0.59012,0.59046,9051
31539,100,H4,M,2026-05-01 01:00:00,0.59047,0.5909,0.58935,0.58936,7143
31540,100,H4,M,2026-05-01 05:00:00,0.58937,0.59005,0.5887,0.58966,14379
31541,100,H4,M,2026-05-01 09:00:00,0.58968,0.59072,0.58882,0.59012,14433
31542,100,H4,M,2026-05-01 13:00:00,0.59008,0.5925,0.58973,0.59101,24833
31543,100,H4,M,2026-05-01 17:00:00,0.591,0.59116,0.58923,0.58973,8901
31544,100,H4,M,2026-05-03 21:00:00,0.58993,0.59142,0.58993,0.59044,6206
31545,100,H4,M,2026-05-04 01:00:00,0.59044,0.59266,0.58991,0.59186,13883
31546,100,H4,M,2026-05-04 05:00:00,0.59187,0.59206,0.58942,0.59005,12260
31547,100,H4,M,2026-05-04 09:00:00,0.59006,0.5904,0.58739,0.58927,19656
31548,100,H4,M,2026-05-04 13:00:00,0.58926,0.58987,0.58606,0.5865,27223
31549,100,H4,M,2026-05-04 17:00:00,0.58649,0.58783,0.58648,0.58722,9836
31550,100,H4,M,2026-05-04 21:00:00,0.58738,0.58752,0.5862,0.58631,5781
31551,100,H4,M,2026-05-05 01:00:00,0.58632,0.58708,0.58573,0.5858,8849
31552,100,H4,M,2026-05-05 05:00:00,0.58578,0.58844,0.58568,0.58792,14368
31553,100,H4,M,2026-05-05 09:00:00,0.58791,0.58912,0.58748,0.5883,13591
31554,100,H4,M,2026-05-05 13:00:00,0.5883,0.59059,0.58805,0.58918,18255
31555,100,H4,M,2026-05-05 17:00:00,0.58918,0.58952,0.5885,0.5886,4917
31556,100,H4,M,2026-05-05 21:00:00,0.58859,0.59197,0.58749,0.59196,16511
31557,100,H4,M,2026-05-06 01:00:00,0.59197,0.59524,0.59173,0.59475,17910
31558,100,H4,M,2026-05-06 05:00:00,0.59473,0.59767,0.59404,0.59699,19780
31559,100,H4,M,2026-05-06 09:00:00,0.59695,0.5991,0.59583,0.59605,28483
31560,100,H4,M,2026-05-06 13:00:00,0.59602,0.59698,0.5947,0.59492,21792
31561,100,H4,M,2026-05-06 17:00:00,0.59491,0.59602,0.59477,0.59544,6364
31562,100,H4,M,2026-05-06 21:00:00,0.59548,0.59653,0.59488,0.59547,13719
31563,100,H4,M,2026-05-07 01:00:00,0.59546,0.59658,0.59505,0.59617,10571
31564,100,H4,M,2026-05-07 05:00:00,0.59617,0.59796,0.59542,0.59754,14835
31565,100,H4,M,2026-05-07 09:00:00,0.59753,0.59834,0.59706,0.59786,11804
31566,100,H4,M,2026-05-07 13:00:00,0.59786,0.59809,0.59564,0.59603,20855
31567,100,H4,M,2026-05-07 17:00:00,0.59604,0.59628,0.59368,0.59377,16492
31568,100,H4,M,2026-05-07 21:00:00,0.59418,0.59432,0.59318,0.59381,8061
31569,100,H4,M,2026-05-08 01:00:00,0.59382,0.59459,0.59307,0.5944,13275
31570,100,H4,M,2026-05-08 05:00:00,0.5944,0.59654,0.5943,0.59623,14252
31571,100,H4,M,2026-05-08 09:00:00,0.59626,0.5969,0.59472,0.59589,13123
31572,100,H4,M,2026-05-08 13:00:00,0.59588,0.59658,0.59489,0.59578,19349
31573,100,H4,M,2026-05-08 17:00:00,0.59576,0.59662,0.59571,0.59654,6729
31574,100,H4,M,2026-05-10 21:00:00,0.59388,0.5958,0.59356,0.59562,8683
31575,100,H4,M,2026-05-11 01:00:00,0.59561,0.59576,0.59401,0.59408,9010
31576,100,H4,M,2026-05-11 05:00:00,0.59408,0.59561,0.59388,0.59494,11134
31577,100,H4,M,2026-05-11 09:00:00,0.59494,0.59535,0.5943,0.59518,10280
31578,100,H4,M,2026-05-11 13:00:00,0.5952,0.5969,0.59514,0.59628,14487
31579,100,H4,M,2026-05-11 17:00:00,0.5963,0.59667,0.59576,0.59636,6139
31580,100,H4,M,2026-05-11 21:00:00,0.59627,0.5969,0.59553,0.59556,10589
31581,100,H4,M,2026-05-12 01:00:00,0.59556,0.5962,0.59476,0.59564,12371
31582,100,H4,M,2026-05-12 05:00:00,0.59562,0.59588,0.59374,0.59448,15541
31583,100,H4,M,2026-05-12 09:00:00,0.59448,0.59585,0.59426,0.59568,13644
31584,100,H4,M,2026-05-12 13:00:00,0.59568,0.59578,0.59342,0.59376,20911
31585,100,H4,M,2026-05-12 17:00:00,0.59376,0.59556,0.59376,0.59522,6973
31586,100,H4,M,2026-05-12 21:00:00,0.59533,0.59564,0.59456,0.59556,13929
31587,100,H4,M,2026-05-13 01:00:00,0.59557,0.5966,0.59381,0.59394,13243
31588,100,H4,M,2026-05-13 05:00:00,0.59393,0.59452,0.59286,0.59298,12084
31589,100,H4,M,2026-05-13 09:00:00,0.59298,0.59338,0.592,0.59237,12660
31590,100,H4,M,2026-05-13 13:00:00,0.59238,0.59428,0.59215,0.59362,18015
31591,100,H4,M,2026-05-13 17:00:00,0.59362,0.5938,0.59286,0.59363,6958
31592,100,H4,M,2026-05-13 21:00:00,0.5935,0.59388,0.5928,0.5932,6772
31593,100,H4,M,2026-05-14 01:00:00,0.59319,0.5935,0.59267,0.59326,12072
31594,100,H4,M,2026-05-14 05:00:00,0.59325,0.5942,0.59276,0.59395,14147
31595,100,H4,M,2026-05-14 09:00:00,0.59398,0.5941,0.59283,0.59286,11274
31596,100,H4,M,2026-05-14 13:00:00,0.59288,0.59302,0.59144,0.59186,17725
31597,100,H4,M,2026-05-14 17:00:00,0.59189,0.59218,0.59092,0.59116,7974
31598,100,H4,M,2026-05-14 21:00:00,0.59142,0.59178,0.58891,0.58918,6520
31599,100,H4,M,2026-05-15 01:00:00,0.58916,0.58932,0.58728,0.58736,13276
31600,100,H4,M,2026-05-15 05:00:00,0.58737,0.58738,0.58478,0.58496,19382
31601,100,H4,M,2026-05-15 09:00:00,0.58498,0.58671,0.58383,0.58446,17208
31602,100,H4,M,2026-05-15 13:00:00,0.58447,0.5852,0.58364,0.58443,22623
31603,100,H4,M,2026-05-15 17:00:00,0.58444,0.58499,0.58358,0.58391,9080
31604,100,H4,M,2026-05-17 21:00:00,0.58446,0.58456,0.58251,0.58265,13114
31605,100,H4,M,2026-05-18 01:00:00,0.58266,0.58422,0.58232,0.58367,15099
31606,100,H4,M,2026-05-18 05:00:00,0.58368,0.58628,0.58331,0.58608,16380
31607,100,H4,M,2026-05-18 09:00:00,0.58606,0.58816,0.5852,0.58776,17374
31608,100,H4,M,2026-05-18 13:00:00,0.58776,0.58812,0.58566,0.58712,26583
31609,100,H4,M,2026-05-18 17:00:00,0.58712,0.58802,0.58597,0.58753,13062
31610,7,D,M,2026-05-17 21:00:00,1.16196,1.16611,1.16082,1.16563,152248
31982,29,D,M,2025-10-22 21:00:00,0.79598,0.7987,0.79501,0.79518,42451
31983,29,D,M,2025-10-23 21:00:00,0.79574,0.79684,0.79351,0.7957,56281
31984,29,D,M,2025-10-26 21:00:00,0.79672,0.7973,0.79451,0.7954,45197
31985,29,D,M,2025-10-27 21:00:00,0.79564,0.79671,0.7925,0.79336,57962
31986,29,D,M,2025-10-28 21:00:00,0.79374,0.80201,0.79258,0.80007,81303
31987,29,D,M,2025-10-29 21:00:00,0.79956,0.80372,0.79756,0.80193,67842
31988,29,D,M,2025-10-30 21:00:00,0.80203,0.8052,0.80091,0.80454,54980
31989,29,D,M,2025-11-02 22:00:00,0.8046,0.80918,0.80384,0.80808,60856
31990,29,D,M,2025-11-03 22:00:00,0.80798,0.81084,0.80672,0.81052,55909
31991,29,D,M,2025-11-04 22:00:00,0.8101,0.81244,0.80792,0.81028,58838
31992,29,D,M,2025-11-05 22:00:00,0.80996,0.8105,0.80602,0.80622,51114
31993,29,D,M,2025-11-06 22:00:00,0.80684,0.80844,0.80322,0.80504,53896
31994,29,D,M,2025-11-09 22:00:00,0.80542,0.80728,0.80444,0.80498,60206
31995,29,D,M,2025-11-10 22:00:00,0.805,0.80624,0.79862,0.80058,45765
31996,29,D,M,2025-11-11 22:00:00,0.80042,0.80134,0.79676,0.79774,46762
31997,29,D,M,2025-11-12 22:00:00,0.79753,0.79944,0.79084,0.79283,55514
31998,29,D,M,2025-11-13 22:00:00,0.7927,0.7948,0.78782,0.7939,73175
31999,29,D,M,2025-11-16 22:00:00,0.79346,0.79658,0.7932,0.79616,47776
32000,29,D,M,2025-11-17 22:00:00,0.79581,0.80008,0.79378,0.79972,58449
32001,29,D,M,2025-11-18 22:00:00,0.79932,0.80672,0.79858,0.80552,60047
32002,29,D,M,2025-11-19 22:00:00,0.80549,0.8078,0.80488,0.8058,70778
32003,29,D,M,2025-11-20 22:00:00,0.80585,0.80986,0.80357,0.8085,66963
32004,29,D,M,2025-11-23 22:00:00,0.80771,0.8102,0.80606,0.8084,43911
32005,29,D,M,2025-11-24 22:00:00,0.80879,0.8102,0.80579,0.80771,57554
32006,29,D,M,2025-11-25 22:00:00,0.8077,0.80836,0.80388,0.80432,66123
32007,29,D,M,2025-11-26 22:00:00,0.80472,0.80626,0.80265,0.80483,34758
32008,29,D,M,2025-11-27 22:00:00,0.80478,0.80718,0.80265,0.80398,155791
32009,29,D,M,2025-11-30 22:00:00,0.80466,0.8049,0.79964,0.80476,66175
32010,29,D,M,2025-12-01 22:00:00,0.804,0.80532,0.80272,0.80294,44894
32011,29,D,M,2025-12-02 22:00:00,0.80311,0.80336,0.79918,0.79961,56743
32012,29,D,M,2025-12-03 22:00:00,0.79991,0.80398,0.79934,0.80369,53587
32013,29,D,M,2025-12-04 22:00:00,0.80348,0.80554,0.8019,0.80466,53815
32014,29,D,M,2025-12-07 22:00:00,0.80424,0.80856,0.80282,0.8068,51525
32015,29,D,M,2025-12-08 22:00:00,0.80723,0.80826,0.80501,0.8062,56638
32016,29,D,M,2025-12-09 22:00:00,0.80659,0.8069,0.79922,0.80006,67423
32017,29,D,M,2025-12-10 22:00:00,0.79984,0.80014,0.79244,0.79533,55364
32018,29,D,M,2025-12-11 22:00:00,0.79566,0.79649,0.79415,0.79598,50708
32019,29,D,M,2025-12-14 22:00:00,0.79309,0.79738,0.79309,0.7962,53633
32020,29,D,M,2025-12-15 22:00:00,0.79588,0.7971,0.79263,0.79512,65713
32021,29,D,M,2025-12-16 22:00:00,0.79476,0.79876,0.79354,0.79561,57682
32022,29,D,M,2025-12-17 22:00:00,0.79521,0.79661,0.79283,0.79415,60434
32023,29,D,M,2025-12-18 22:00:00,0.79449,0.79625,0.79403,0.79566,52594
32024,29,D,M,2025-12-21 22:00:00,0.79513,0.79592,0.7916,0.79187,59241
32025,29,D,M,2025-12-22 22:00:00,0.79269,0.79271,0.78668,0.78766,55339
32026,29,D,M,2025-12-23 22:00:00,0.78869,0.78968,0.78616,0.78859,55030
32027,29,D,M,2025-12-25 22:00:00,0.78685,0.79033,0.78685,0.78938,99824
32028,29,D,M,2025-12-28 22:00:00,0.78943,0.7916,0.78734,0.78924,67959
32029,29,D,M,2025-12-29 22:00:00,0.78931,0.7924,0.78762,0.79179,41231
32030,29,D,M,2025-12-30 22:00:00,0.79163,0.79424,0.79148,0.7927,52489
32031,29,D,M,2026-01-01 22:00:00,0.79276,0.79412,0.79013,0.79232,40546
32032,29,D,M,2026-01-04 22:00:00,0.79166,0.79675,0.79126,0.79152,57603
32033,29,D,M,2026-01-05 22:00:00,0.79188,0.79595,0.79064,0.79572,47041
32034,29,D,M,2026-01-06 22:00:00,0.79552,0.79792,0.79447,0.7979,58570
32035,29,D,M,2026-01-07 22:00:00,0.79719,0.79999,0.79684,0.79876,44750
32036,29,D,M,2026-01-08 22:00:00,0.7987,0.80176,0.79834,0.80133,56486
32037,29,D,M,2026-01-11 22:00:00,0.80053,0.8018,0.7956,0.79741,53720
32038,29,D,M,2026-01-12 22:00:00,0.79703,0.8016,0.79678,0.80102,57038
32039,29,D,M,2026-01-13 22:00:00,0.80082,0.80278,0.79838,0.79991,66473
32040,29,D,M,2026-01-14 22:00:00,0.79958,0.80409,0.79916,0.80322,54594
32041,29,D,M,2026-01-15 22:00:00,0.80308,0.80395,0.80062,0.80304,48945
32042,29,D,M,2026-01-18 22:00:00,0.80208,0.80257,0.79626,0.79744,78449
32043,29,D,M,2026-01-19 22:00:00,0.7978,0.79847,0.78782,0.78984,83465
32044,29,D,M,2026-01-20 22:00:00,0.78962,0.7969,0.78898,0.79544,81746
32045,29,D,M,2026-01-21 22:00:00,0.79578,0.79654,0.78896,0.78903,63496
32046,29,D,M,2026-01-22 22:00:00,0.79,0.79145,0.77887,0.78025,72464
32047,29,D,M,2026-01-25 22:00:00,0.77586,0.7794,0.77308,0.77697,106258
32048,29,D,M,2026-01-26 22:00:00,0.77686,0.77842,0.76038,0.76127,109800
32049,29,D,M,2026-01-27 22:00:00,0.76135,0.7728,0.76084,0.7684,142227
32050,29,D,M,2026-01-28 22:00:00,0.76826,0.77061,0.764,0.76435,120843
32051,29,D,M,2026-01-29 22:00:00,0.76507,0.77324,0.76364,0.77296,149262
32052,29,D,M,2026-02-01 22:00:00,0.77222,0.78174,0.77145,0.77968,108505
32053,29,D,M,2026-02-02 22:00:00,0.77967,0.78019,0.77386,0.77526,84305
32054,29,D,M,2026-02-03 22:00:00,0.77524,0.7776,0.77458,0.77746,84585
32055,29,D,M,2026-02-04 22:00:00,0.77716,0.77872,0.77424,0.77814,97316
32056,29,D,M,2026-02-05 22:00:00,0.7782,0.77862,0.7751,0.77569,57921
32057,29,D,M,2026-02-08 22:00:00,0.77588,0.77716,0.76576,0.76632,71929
32058,29,D,M,2026-02-09 22:00:00,0.76663,0.7688,0.76292,0.76804,61204
32059,29,D,M,2026-02-10 22:00:00,0.76814,0.77302,0.76484,0.77172,87208
32060,29,D,M,2026-02-11 22:00:00,0.77111,0.77252,0.76669,0.76942,74416
32061,29,D,M,2026-02-12 22:00:00,0.76869,0.77184,0.76704,0.76771,59440
32062,29,D,M,2026-02-15 22:00:00,0.76869,0.77047,0.76746,0.76952,29368
32063,29,D,M,2026-02-16 22:00:00,0.76952,0.77399,0.76878,0.77012,53906
32064,29,D,M,2026-02-17 22:00:00,0.7707,0.77323,0.76974,0.77308,46561
32065,29,D,M,2026-02-18 22:00:00,0.7731,0.77628,0.77204,0.7752,55242
32066,29,D,M,2026-02-19 22:00:00,0.77515,0.77722,0.77306,0.77588,73784
32067,29,D,M,2026-02-22 22:00:00,0.77445,0.77683,0.77105,0.7748,59307
32068,29,D,M,2026-02-23 22:00:00,0.77418,0.77662,0.77304,0.77402,58326
32069,29,D,M,2026-02-24 22:00:00,0.77431,0.77576,0.77188,0.7727,55780
32070,29,D,M,2026-02-25 22:00:00,0.7727,0.77541,0.77104,0.77411,56295
32071,29,D,M,2026-02-26 22:00:00,0.77418,0.7746,0.76716,0.76909,61958
32072,29,D,M,2026-03-01 22:00:00,0.76747,0.78135,0.76742,0.77942,96390
32073,29,D,M,2026-03-02 22:00:00,0.77941,0.78788,0.77848,0.78196,116233
32074,29,D,M,2026-03-03 22:00:00,0.78289,0.78352,0.77873,0.77916,92953
32075,29,D,M,2026-03-04 22:00:00,0.77943,0.78374,0.77826,0.78103,103560
32076,29,D,M,2026-03-05 22:00:00,0.78125,0.78275,0.77582,0.77598,99724
32077,29,D,M,2026-03-08 21:00:00,0.77948,0.78256,0.77694,0.77729,128226
32078,29,D,M,2026-03-09 21:00:00,0.77768,0.77931,0.77482,0.77854,87798
32079,29,D,M,2026-03-10 21:00:00,0.7783,0.78085,0.77651,0.7806,95962
32080,29,D,M,2026-03-11 21:00:00,0.77968,0.78635,0.77968,0.7861,79271
32081,29,D,M,2026-03-12 21:00:00,0.78522,0.7917,0.78472,0.79136,79879
32082,29,D,M,2026-03-15 21:00:00,0.78996,0.7923,0.78652,0.78767,60745
32083,29,D,M,2026-03-16 21:00:00,0.78741,0.79003,0.78438,0.78478,50999
32084,29,D,M,2026-03-17 21:00:00,0.78478,0.79362,0.78455,0.79322,65294
32085,29,D,M,2026-03-18 21:00:00,0.79327,0.79582,0.78576,0.78808,118515
32086,29,D,M,2026-03-19 21:00:00,0.7881,0.79056,0.78554,0.788,74216
32087,29,D,M,2026-03-22 21:00:00,0.78794,0.79398,0.78345,0.78641,172266
32088,29,D,M,2026-03-23 21:00:00,0.78628,0.79248,0.78598,0.78822,110774
32089,29,D,M,2026-03-24 21:00:00,0.78824,0.79244,0.78701,0.79156,80253
32090,29,D,M,2026-03-25 21:00:00,0.79161,0.79594,0.79134,0.79516,65199
32091,29,D,M,2026-03-26 21:00:00,0.79536,0.79936,0.79423,0.79891,66459
32092,29,D,M,2026-03-29 21:00:00,0.79891,0.8013,0.79707,0.79954,69697
32093,29,D,M,2026-03-30 21:00:00,0.79864,0.80427,0.79793,0.79945,95531
32094,29,D,M,2026-03-31 21:00:00,0.80029,0.80035,0.7905,0.79428,85689
32095,29,D,M,2026-04-01 21:00:00,0.79471,0.80087,0.79282,0.79882,83301
32096,29,D,M,2026-04-02 21:00:00,0.7989,0.80125,0.7977,0.79987,43986
32097,29,D,M,2026-04-05 21:00:00,0.80007,0.80185,0.79614,0.79808,70019
32098,29,D,M,2026-04-06 21:00:00,0.79802,0.80112,0.79731,0.7977,71970
32099,29,D,M,2026-04-07 21:00:00,0.79815,0.79878,0.78695,0.79132,100682
32100,29,D,M,2026-04-08 21:00:00,0.79187,0.7922,0.78792,0.79049,66427
32101,29,D,M,2026-04-09 21:00:00,0.79046,0.7914,0.78548,0.78916,55838
32102,29,D,M,2026-04-12 21:00:00,0.79086,0.79345,0.78302,0.78386,57135
32103,29,D,M,2026-04-13 21:00:00,0.78391,0.78407,0.77906,0.78092,49682
32104,29,D,M,2026-04-14 21:00:00,0.78126,0.78318,0.77986,0.78195,56955
32105,29,D,M,2026-04-15 21:00:00,0.78253,0.78454,0.77989,0.78354,55710
32106,29,D,M,2026-04-16 21:00:00,0.78412,0.78412,0.77753,0.78179,61390
32107,29,D,M,2026-04-19 21:00:00,0.78162,0.78396,0.7776,0.77843,60014
32108,29,D,M,2026-04-20 21:00:00,0.77842,0.78262,0.778,0.78074,70675
32109,29,D,M,2026-04-21 21:00:00,0.78077,0.78501,0.77921,0.78476,57335
32110,29,D,M,2026-04-22 21:00:00,0.78436,0.78738,0.78321,0.78653,71991
32111,29,D,M,2026-04-23 21:00:00,0.78579,0.78766,0.78458,0.78498,61857
32112,29,D,M,2026-04-26 21:00:00,0.78672,0.78674,0.7831,0.7856,48083
32113,29,D,M,2026-04-27 21:00:00,0.78546,0.79113,0.78485,0.78928,64586
32114,29,D,M,2026-04-28 21:00:00,0.78935,0.79252,0.78834,0.79148,71156
32115,29,D,M,2026-04-29 21:00:00,0.79137,0.79234,0.78057,0.7814,102411
32116,29,D,M,2026-04-30 21:00:00,0.78117,0.78304,0.7779,0.78202,70032
32117,29,D,M,2026-05-03 21:00:00,0.782,0.78477,0.77935,0.78398,69498
32118,29,D,M,2026-05-04 21:00:00,0.78336,0.78482,0.78132,0.7831,52724
32119,29,D,M,2026-05-05 21:00:00,0.78275,0.78354,0.77715,0.77885,88566
32120,29,D,M,2026-05-06 21:00:00,0.77827,0.78083,0.7766,0.78064,77856
32121,29,D,M,2026-05-07 21:00:00,0.78008,0.78094,0.77618,0.77643,68958
32122,29,D,M,2026-05-10 21:00:00,0.77811,0.77955,0.77684,0.77808,52204
32123,29,D,M,2026-05-11 21:00:00,0.77788,0.78235,0.77762,0.78057,67185
32124,29,D,M,2026-05-12 21:00:00,0.78093,0.78308,0.78004,0.78176,49437
32125,29,D,M,2026-05-13 21:00:00,0.78186,0.78406,0.78079,0.78378,46682
32126,29,D,M,2026-05-14 21:00:00,0.78336,0.78734,0.78336,0.78696,63661
32127,29,D,M,2026-05-17 21:00:00,0.78633,0.78776,0.78402,0.7844,67559
32499,46,D,M,2025-10-22 21:00:00,176.42,177.448,176.31,177.286,169635
32500,46,D,M,2025-10-23 21:00:00,177.247,177.833,177.201,177.735,175780
32501,46,D,M,2025-10-26 21:00:00,177.858,178.232,177.63,178.028,178671
32502,46,D,M,2025-10-27 21:00:00,178.036,178.056,176.992,177.246,189023
32503,46,D,M,2025-10-28 21:00:00,177.243,177.596,176.635,177.184,216699
32504,46,D,M,2025-10-29 21:00:00,177.135,178.822,176.82,178.272,225573
32505,46,D,M,2025-10-30 21:00:00,178.288,178.566,177.45,177.682,181864
32506,46,D,M,2025-11-02 22:00:00,177.62,177.98,177.236,177.634,165861
32507,46,D,M,2025-11-03 22:00:00,177.692,177.712,176.094,176.442,204469
32508,46,D,M,2025-11-04 22:00:00,176.462,177.14,175.706,177.106,195863
32509,46,D,M,2025-11-05 22:00:00,177.106,177.22,176.284,176.753,171997
32510,46,D,M,2025-11-06 22:00:00,176.692,177.608,176.51,177.444,202960
32511,46,D,M,2025-11-09 22:00:00,177.702,178.454,177.334,178.131,160120
32512,46,D,M,2025-11-10 22:00:00,178.094,178.748,178.056,178.544,139809
32513,46,D,M,2025-11-11 22:00:00,178.591,179.482,178.473,179.474,150435
32514,46,D,M,2025-11-12 22:00:00,179.43,179.94,179.226,179.798,190678
32515,46,D,M,2025-11-13 22:00:00,179.791,179.984,178.978,179.584,214528
32516,46,D,M,2025-11-16 22:00:00,179.79,180.02,179.262,179.988,163737
32517,46,D,M,2025-11-17 22:00:00,179.965,180.294,179.604,180.11,218066
32518,46,D,M,2025-11-18 22:00:00,180.093,181.38,179.779,181.356,194087
32519,46,D,M,2025-11-19 22:00:00,181.331,182.01,180.965,181.542,232123
32520,46,D,M,2025-11-20 22:00:00,181.563,181.66,179.772,180.077,243605
32521,46,D,M,2025-11-23 22:00:00,180.079,181.268,180.079,180.804,159343
32522,46,D,M,2025-11-24 22:00:00,180.747,180.858,180.1,180.573,183433
32523,46,D,M,2025-11-25 22:00:00,180.501,181.464,180.352,181.452,189607
32524,46,D,M,2025-11-26 22:00:00,181.471,181.471,180.76,181.244,104813
32525,46,D,M,2025-11-27 22:00:00,181.23,181.524,180.53,181.138,388012
32526,46,D,M,2025-11-30 22:00:00,180.999,181.166,180.137,180.5,216821
32527,46,D,M,2025-12-01 22:00:00,180.501,181.361,180.448,181.208,169133
32528,46,D,M,2025-12-02 22:00:00,181.116,181.462,180.8,181.166,175637
32529,46,D,M,2025-12-03 22:00:00,181.223,181.294,180.398,180.638,191119
32530,46,D,M,2025-12-04 22:00:00,180.604,180.928,180.098,180.874,167993
32531,46,D,M,2025-12-07 22:00:00,180.678,181.496,180.498,181.458,162159
32532,46,D,M,2025-12-08 22:00:00,181.367,182.648,181.352,182.406,179217
32533,46,D,M,2025-12-09 22:00:00,182.363,182.62,182.008,182.482,200368
32534,46,D,M,2025-12-10 22:00:00,182.351,182.75,181.881,182.616,206688
32535,46,D,M,2025-12-11 22:00:00,182.632,183.159,182.526,182.954,195082
32536,46,D,M,2025-12-14 22:00:00,182.967,183.007,181.838,182.431,171200
32537,46,D,M,2025-12-15 22:00:00,182.44,182.474,181.716,181.767,226874
32538,46,D,M,2025-12-16 22:00:00,181.758,182.881,181.571,182.786,188892
32539,46,D,M,2025-12-17 22:00:00,182.762,183.172,182.291,182.372,183152
32540,46,D,M,2025-12-18 22:00:00,182.285,184.753,182.261,184.685,182618
32541,46,D,M,2025-12-21 22:00:00,184.828,184.924,184.241,184.706,167514
32542,46,D,M,2025-12-22 22:00:00,184.588,184.692,183.436,184.226,187425
32543,46,D,M,2025-12-23 22:00:00,184.27,184.294,183.306,183.668,29180
32544,46,D,M,2025-12-25 22:00:00,183.707,184.434,183.509,184.298,189347
32545,46,D,M,2025-12-28 22:00:00,184.325,184.416,183.464,183.752,64779
32546,46,D,M,2025-12-29 22:00:00,183.686,184.093,183.42,183.794,151553
32547,46,D,M,2025-12-30 22:00:00,183.679,184.248,183.541,184.048,171217
32548,46,D,M,2026-01-01 22:00:00,184.04,184.431,183.715,183.814,151179
32549,46,D,M,2026-01-04 22:00:00,183.781,184.064,182.814,183.334,197314
32550,46,D,M,2026-01-05 22:00:00,183.287,183.65,183.014,183.131,191483
32551,46,D,M,2026-01-06 22:00:00,183.041,183.376,182.71,183.024,160243
32552,46,D,M,2026-01-07 22:00:00,182.998,183.252,182.636,182.903,158047
32553,46,D,M,2026-01-08 22:00:00,182.856,183.956,182.78,183.774,164780
32554,46,D,M,2026-01-11 22:00:00,183.87,184.671,183.753,184.522,153661
32555,46,D,M,2026-01-12 22:00:00,184.521,185.544,184.261,185.321,165371
32556,46,D,M,2026-01-13 22:00:00,185.307,185.574,184.292,184.522,174252
32557,46,D,M,2026-01-14 22:00:00,184.512,184.638,183.866,184.147,164399
32558,46,D,M,2026-01-15 22:00:00,184.143,184.19,183.205,183.375,165842
32559,46,D,M,2026-01-18 22:00:00,182.878,184.166,182.762,184.159,144572
32560,46,D,M,2026-01-19 22:00:00,184.054,185.472,183.774,185.438,234877
32561,46,D,M,2026-01-20 22:00:00,185.424,185.542,184.822,185.01,231319
32562,46,D,M,2026-01-21 22:00:00,184.982,186.254,184.807,186.242,189096
32563,46,D,M,2026-01-22 22:00:00,186.172,186.874,183.793,184.224,219840
32564,46,D,M,2026-01-25 22:00:00,183.747,184.106,181.786,183.212,296741
32565,46,D,M,2026-01-26 22:00:00,183.104,183.78,182.106,183.268,294701
32566,46,D,M,2026-01-27 22:00:00,183.306,183.575,182.577,183.373,289501
32567,46,D,M,2026-01-28 22:00:00,183.41,183.746,182.086,183.288,276581
32568,46,D,M,2026-01-29 22:00:00,183.28,184.072,183.034,183.432,314691
32569,46,D,M,2026-02-01 22:00:00,183.58,184.28,183.19,183.464,266572
32570,46,D,M,2026-02-02 22:00:00,183.497,184.202,183.368,184.13,217426
32571,46,D,M,2026-02-03 22:00:00,184.124,185.278,184.01,185.193,209299
32572,46,D,M,2026-02-04 22:00:00,185.137,185.508,184.56,184.985,251871
32573,46,D,M,2026-02-05 22:00:00,184.89,185.813,184.36,185.81,192969
32574,46,D,M,2026-02-08 22:00:00,186.084,186.234,184.864,185.766,261495
32575,46,D,M,2026-02-09 22:00:00,185.66,186.001,183.449,183.64,207166
32576,46,D,M,2026-02-10 22:00:00,183.663,183.702,181.34,181.944,231670
32577,46,D,M,2026-02-11 22:00:00,181.851,182.54,180.808,181.325,240154
32578,46,D,M,2026-02-12 22:00:00,181.296,182.284,181.205,181.232,227760
32579,46,D,M,2026-02-15 22:00:00,181.277,182.3,181.182,181.938,103180
32580,46,D,M,2026-02-16 22:00:00,181.869,182.182,180.82,181.718,213712
32581,46,D,M,2026-02-17 22:00:00,181.667,182.548,181.416,182.442,162065
32582,46,D,M,2026-02-18 22:00:00,182.411,183.159,182.015,182.466,186043
32583,46,D,M,2026-02-19 22:00:00,182.49,183.11,182.224,182.714,221894
32584,46,D,M,2026-02-22 22:00:00,182.753,182.814,181.995,182.288,191848
32585,46,D,M,2026-02-23 22:00:00,182.345,184.186,182.202,183.56,180594
32586,46,D,M,2026-02-24 22:00:00,183.518,184.776,183.202,184.669,191560
32587,46,D,M,2026-02-25 22:00:00,184.657,184.76,183.826,184.208,192697
32588,46,D,M,2026-02-26 22:00:00,184.204,184.552,183.702,184.428,187345
32589,46,D,M,2026-03-01 22:00:00,183.794,184.696,183.73,183.957,284701
32590,46,D,M,2026-03-02 22:00:00,183.958,184.337,182.026,183.123,314412
32591,46,D,M,2026-03-03 22:00:00,182.948,183.231,182.376,182.74,248931
32592,46,D,M,2026-03-04 22:00:00,182.682,183.094,182.112,182.904,270753
32593,46,D,M,2026-03-05 22:00:00,182.926,183.391,182.37,183.334,257970
32594,46,D,M,2026-03-08 21:00:00,182.582,183.48,182.4,183.473,308083
32595,46,D,M,2026-03-09 21:00:00,183.461,183.769,183.057,183.493,288648
32596,46,D,M,2026-03-10 21:00:00,183.511,184.081,183.46,183.87,268717
32597,46,D,M,2026-03-11 21:00:00,183.824,183.93,183.224,183.433,251685
32598,46,D,M,2026-03-12 21:00:00,183.444,183.652,182.261,182.358,252570
32599,46,D,M,2026-03-15 21:00:00,182.317,183.182,181.874,182.992,224051
32600,46,D,M,2026-03-16 21:00:00,183.001,183.548,182.822,183.486,170796
32601,46,D,M,2026-03-17 21:00:00,183.524,183.831,182.987,183.116,213887
32602,46,D,M,2026-03-18 21:00:00,183.088,183.44,182.053,182.778,274010
32603,46,D,M,2026-03-19 21:00:00,182.745,184.259,182.597,184.241,235511
32604,46,D,M,2026-03-22 21:00:00,183.842,184.34,183.18,183.956,383342
32605,46,D,M,2026-03-23 21:00:00,184.006,184.262,183.625,184.216,293351
32606,46,D,M,2026-03-24 21:00:00,184.196,184.606,184.04,184.34,232618
32607,46,D,M,2026-03-25 21:00:00,184.339,184.481,183.972,184.212,201619
32608,46,D,M,2026-03-26 21:00:00,184.19,184.659,183.866,184.537,190873
32609,46,D,M,2026-03-29 21:00:00,184.29,184.517,182.594,183.094,214196
32610,46,D,M,2026-03-30 21:00:00,182.993,183.65,182.828,183.378,252129
32611,46,D,M,2026-03-31 21:00:00,183.411,184.25,183.307,184.002,42386
32612,46,D,M,2026-04-01 21:00:00,184.017,184.205,183.498,184.166,271536
32613,46,D,M,2026-04-02 21:00:00,184.084,184.276,183.701,183.861,100820
32614,46,D,M,2026-04-05 21:00:00,184.087,184.462,183.704,184.326,213953
32615,46,D,M,2026-04-06 21:00:00,184.31,185.176,184.243,185.111,219463
32616,46,D,M,2026-04-07 21:00:00,185.094,185.556,184.81,184.931,335011
32617,46,D,M,2026-04-08 21:00:00,184.921,186.234,184.878,186.006,197853
32618,46,D,M,2026-04-09 21:00:00,186.009,186.884,185.944,186.755,163164
32619,46,D,M,2026-04-12 21:00:00,186.234,187.516,186.206,187.488,210587
32620,46,D,M,2026-04-13 21:00:00,187.456,187.54,187.085,187.327,184658
32621,46,D,M,2026-04-14 21:00:00,187.33,187.698,187.105,187.588,178666
32622,46,D,M,2026-04-15 21:00:00,187.629,187.654,187.104,187.516,185504
32623,46,D,M,2026-04-16 21:00:00,187.511,187.954,186.319,186.595,227962
32624,46,D,M,2026-04-19 21:00:00,186.456,187.294,186.321,187.206,203102
32625,46,D,M,2026-04-20 21:00:00,187.167,187.367,186.994,187.213,219163
32626,46,D,M,2026-04-21 21:00:00,187.236,187.328,186.688,186.688,198976
32627,46,D,M,2026-04-22 21:00:00,186.702,186.97,186.438,186.632,239262
32628,46,D,M,2026-04-23 21:00:00,186.557,186.883,186.44,186.734,198221
32629,46,D,M,2026-04-26 21:00:00,186.686,187.11,186.649,186.87,188963
32630,46,D,M,2026-04-27 21:00:00,186.896,186.95,186.072,186.925,206073
32631,46,D,M,2026-04-28 21:00:00,186.886,187.428,186.694,187.282,27500
32632,46,D,M,2026-04-29 21:00:00,187.354,187.559,182.296,183.746,343458
32633,46,D,M,2026-04-30 21:00:00,183.726,184.589,182.64,184.149,236590
32634,46,D,M,2026-05-03 21:00:00,184.168,184.407,182.8,183.872,244703
32635,46,D,M,2026-05-04 21:00:00,183.806,184.762,183.67,184.642,174578
32636,46,D,M,2026-05-05 21:00:00,184.61,185.044,182.048,183.712,289378
32637,46,D,M,2026-05-06 21:00:00,183.677,184.244,183.502,183.989,228856
32638,46,D,M,2026-05-07 21:00:00,184.02,184.746,183.876,184.646,181390
32639,46,D,M,2026-05-10 21:00:00,184.058,185.258,184.012,185.25,153984
32640,46,D,M,2026-05-11 21:00:00,185.154,185.462,184.444,185.048,182558
32641,46,D,M,2026-05-12 21:00:00,184.988,185.158,184.63,184.948,147686
32642,46,D,M,2026-05-13 21:00:00,184.851,185.052,184.038,184.832,181015
32643,46,D,M,2026-05-14 21:00:00,184.775,184.848,184.177,184.58,218163
32644,46,D,M,2026-05-17 21:00:00,184.49,185.218,184.32,185.168,208639
33016,48,D,M,2025-10-22 21:00:00,151.944,152.799,151.824,152.596,199975
33017,48,D,M,2025-10-23 21:00:00,152.587,153.064,152.235,152.882,217474
33018,48,D,M,2025-10-26 21:00:00,152.858,153.258,152.566,152.88,226804
33019,48,D,M,2025-10-27 21:00:00,152.862,152.885,151.76,152.116,255609
33020,48,D,M,2025-10-28 21:00:00,152.119,153.064,151.538,152.74,289708
33021,48,D,M,2025-10-29 21:00:00,152.694,154.449,152.163,154.149,309967
33022,48,D,M,2025-10-30 21:00:00,154.136,154.416,153.653,154.017,223334
33023,48,D,M,2025-11-02 22:00:00,154.043,154.3,153.926,154.212,154439
33024,48,D,M,2025-11-03 22:00:00,154.25,154.486,153.318,153.666,251402
33025,48,D,M,2025-11-04 22:00:00,153.668,154.357,152.958,154.114,238670
33026,48,D,M,2025-11-05 22:00:00,154.106,154.142,152.832,153.072,194132
33027,48,D,M,2025-11-06 22:00:00,153.041,153.596,152.82,153.41,235888
33028,48,D,M,2025-11-09 22:00:00,153.75,154.25,153.404,154.132,208279
33029,48,D,M,2025-11-10 22:00:00,154.062,154.496,153.666,154.156,188539
33030,48,D,M,2025-11-11 22:00:00,154.13,155.047,154.05,154.815,193397
33031,48,D,M,2025-11-12 22:00:00,154.773,155.02,154.128,154.536,250484
33032,48,D,M,2025-11-13 22:00:00,154.499,154.764,153.617,154.524,267834
33033,48,D,M,2025-11-16 22:00:00,154.575,155.31,154.419,155.264,189780
33034,48,D,M,2025-11-17 22:00:00,155.239,155.735,154.816,155.522,314338
33035,48,D,M,2025-11-18 22:00:00,155.5,157.186,155.215,157.169,285532
33036,48,D,M,2025-11-19 22:00:00,157.144,157.895,156.88,157.466,354316
33037,48,D,M,2025-11-20 22:00:00,157.506,157.543,156.202,156.409,370039
33038,48,D,M,2025-11-23 22:00:00,156.443,157.188,156.407,156.922,233966
33039,48,D,M,2025-11-24 22:00:00,156.861,156.984,155.804,156.073,253111
33040,48,D,M,2025-11-25 22:00:00,156,156.738,155.652,156.47,260418
33041,48,D,M,2025-11-26 22:00:00,156.481,156.49,155.72,156.303,128764
33042,48,D,M,2025-11-27 22:00:00,156.29,156.583,155.984,156.191,461593
33043,48,D,M,2025-11-30 22:00:00,156.12,156.153,154.663,155.484,278219
33044,48,D,M,2025-12-01 22:00:00,155.474,156.181,155.429,155.884,218387
33045,48,D,M,2025-12-02 22:00:00,155.875,155.906,155.01,155.229,223222
33046,48,D,M,2025-12-03 22:00:00,155.268,155.542,154.509,155.12,274362
33047,48,D,M,2025-12-04 22:00:00,155.079,155.494,154.343,155.34,222032
33048,48,D,M,2025-12-07 22:00:00,155.219,155.986,154.9,155.928,220081
33049,48,D,M,2025-12-08 22:00:00,155.875,156.956,155.744,156.894,228869
33050,48,D,M,2025-12-09 22:00:00,156.838,156.94,155.795,156.023,231161
33051,48,D,M,2025-12-10 22:00:00,155.959,156.164,154.945,155.572,261964
33052,48,D,M,2025-12-11 22:00:00,155.582,156.13,155.448,155.838,204893
33053,48,D,M,2025-12-14 22:00:00,155.877,155.986,154.837,155.206,188209
33054,48,D,M,2025-12-15 22:00:00,155.217,155.25,154.396,154.721,281782
33055,48,D,M,2025-12-16 22:00:00,154.711,155.752,154.513,155.693,217053
33056,48,D,M,2025-12-17 22:00:00,155.648,155.978,155.284,155.562,219624
33057,48,D,M,2025-12-18 22:00:00,155.531,157.786,155.502,157.723,239390
33058,48,D,M,2025-12-21 22:00:00,157.547,157.714,156.705,157.036,202363
33059,48,D,M,2025-12-22 22:00:00,157.018,157.051,155.65,156.236,225512
33060,48,D,M,2025-12-23 22:00:00,156.258,156.283,155.555,155.952,215468
33061,48,D,M,2025-12-25 22:00:00,155.94,156.73,155.752,156.569,202932
33062,48,D,M,2025-12-28 22:00:00,156.526,156.577,155.916,156.042,194919
33063,48,D,M,2025-12-29 22:00:00,156.069,156.568,155.744,156.421,193826
33064,48,D,M,2025-12-30 22:00:00,156.367,156.996,156.332,156.684,185947
33065,48,D,M,2026-01-01 22:00:00,156.725,157.004,156.522,156.837,137381
33066,48,D,M,2026-01-04 22:00:00,156.756,157.3,156.116,156.404,223619
33067,48,D,M,2026-01-05 22:00:00,156.377,156.798,156.164,156.663,203736
33068,48,D,M,2026-01-06 22:00:00,156.634,156.81,156.294,156.757,166025
33069,48,D,M,2026-01-07 22:00:00,156.748,157.072,156.46,156.882,149414
33070,48,D,M,2026-01-08 22:00:00,156.846,158.188,156.795,157.933,203350
33071,48,D,M,2026-01-11 22:00:00,158.076,158.21,157.517,158.16,170409
33072,48,D,M,2026-01-12 22:00:00,158.128,159.192,157.898,159.172,204611
33073,48,D,M,2026-01-13 22:00:00,159.146,159.453,158.094,158.435,236887
33074,48,D,M,2026-01-14 22:00:00,158.423,158.881,158.222,158.622,205497
33075,48,D,M,2026-01-15 22:00:00,158.633,158.706,157.823,158.103,193474
33076,48,D,M,2026-01-18 22:00:00,157.92,158.166,157.425,158.127,169534
33077,48,D,M,2026-01-19 22:00:00,158.087,158.605,157.471,158.138,293268
33078,48,D,M,2026-01-20 22:00:00,158.148,158.534,157.748,158.294,262059
33079,48,D,M,2026-01-21 22:00:00,158.312,158.894,158.18,158.429,214533
33080,48,D,M,2026-01-22 22:00:00,158.409,159.228,155.606,155.736,302317
33081,48,D,M,2026-01-25 22:00:00,154.876,155.348,153.304,154.221,401668
33082,48,D,M,2026-01-26 22:00:00,154.181,154.88,152.09,152.204,359071
33083,48,D,M,2026-01-27 22:00:00,152.251,154.051,152.206,153.404,378142
33084,48,D,M,2026-01-28 22:00:00,153.405,153.538,152.682,153.114,361387
33085,48,D,M,2026-01-29 22:00:00,152.975,154.798,152.865,154.782,423414
33086,48,D,M,2026-02-01 22:00:00,154.903,155.79,154.552,155.606,355115
33087,48,D,M,2026-02-02 22:00:00,155.66,156.086,155.295,155.795,269879
33088,48,D,M,2026-02-03 22:00:00,155.791,156.948,155.689,156.87,246432
33089,48,D,M,2026-02-04 22:00:00,156.815,157.339,156.526,157.044,312547
33090,48,D,M,2026-02-05 22:00:00,156.998,157.274,156.512,157.24,225896
33091,48,D,M,2026-02-08 22:00:00,157.53,157.662,155.524,155.899,343780
33092,48,D,M,2026-02-09 22:00:00,155.86,156.294,154.055,154.378,265642
33093,48,D,M,2026-02-10 22:00:00,154.4,154.654,152.55,153.27,321464
33094,48,D,M,2026-02-11 22:00:00,153.173,153.762,152.27,152.738,350776
33095,48,D,M,2026-02-12 22:00:00,152.752,153.668,152.596,152.711,290371
33096,48,D,M,2026-02-15 22:00:00,152.728,153.638,152.632,153.52,126611
33097,48,D,M,2026-02-16 22:00:00,153.462,153.927,152.7,153.299,259609
33098,48,D,M,2026-02-17 22:00:00,153.246,154.874,153.071,154.824,189809
33099,48,D,M,2026-02-18 22:00:00,154.788,155.344,154.544,155.001,224050
33100,48,D,M,2026-02-19 22:00:00,154.98,155.644,154.716,155.076,272863
33101,48,D,M,2026-02-22 22:00:00,154.925,155.046,153.996,154.674,224576
33102,48,D,M,2026-02-23 22:00:00,154.669,156.282,154.526,155.902,224975
33103,48,D,M,2026-02-24 22:00:00,155.866,156.826,155.348,156.364,218660
33104,48,D,M,2026-02-25 22:00:00,156.342,156.438,155.699,156.135,213740
33105,48,D,M,2026-02-26 22:00:00,156.146,156.233,155.54,156.062,216113
33106,48,D,M,2026-03-01 22:00:00,156.154,157.753,156.128,157.36,320742
33107,48,D,M,2026-03-02 22:00:00,157.409,157.972,157.151,157.694,327126
33108,48,D,M,2026-03-03 22:00:00,157.536,157.865,156.856,157.054,271799
33109,48,D,M,2026-03-04 22:00:00,157.028,157.851,156.454,157.558,296085
33110,48,D,M,2026-03-05 22:00:00,157.583,158.096,157.382,157.822,291679
33111,48,D,M,2026-03-08 21:00:00,158.094,158.9,157.633,157.668,389233
33112,48,D,M,2026-03-09 21:00:00,157.665,158.134,157.276,158.066,312448
33113,48,D,M,2026-03-10 21:00:00,158.06,158.978,157.864,158.96,254274
33114,48,D,M,2026-03-11 21:00:00,158.922,159.432,158.57,159.35,248506
33115,48,D,M,2026-03-12 21:00:00,159.342,159.758,159.008,159.733,275358
33116,48,D,M,2026-03-15 21:00:00,159.566,159.748,158.851,159.046,229212
33117,48,D,M,2026-03-16 21:00:00,159.061,159.499,158.724,159,181963
33118,48,D,M,2026-03-17 21:00:00,159.041,159.904,158.57,159.868,228019
33119,48,D,M,2026-03-18 21:00:00,159.868,159.868,157.51,157.708,350012
33120,48,D,M,2026-03-19 21:00:00,157.69,159.391,157.639,159.228,242947
33121,48,D,M,2026-03-22 21:00:00,159.346,159.658,158.02,158.429,460342
33122,48,D,M,2026-03-23 21:00:00,158.429,159.192,158.276,158.705,310977
33123,48,D,M,2026-03-24 21:00:00,158.702,159.503,158.574,159.473,240751
33124,48,D,M,2026-03-25 21:00:00,159.469,159.853,159.286,159.778,197714
33125,48,D,M,2026-03-26 21:00:00,159.718,160.414,159.458,160.315,187424
33126,48,D,M,2026-03-29 21:00:00,160.197,160.464,159.328,159.742,220446
33127,48,D,M,2026-03-30 21:00:00,159.72,159.975,158.658,158.724,277547
33128,48,D,M,2026-03-31 21:00:00,158.772,159.014,158.274,158.79,283720
33129,48,D,M,2026-04-01 21:00:00,158.808,159.747,158.545,159.606,264547
33130,48,D,M,2026-04-02 21:00:00,159.597,159.824,159.431,159.632,123705
33131,48,D,M,2026-04-05 21:00:00,159.641,159.834,159.304,159.686,196038
33132,48,D,M,2026-04-06 21:00:00,159.694,160.032,159.468,159.61,215729
33133,48,D,M,2026-04-07 21:00:00,159.614,159.78,157.888,158.569,339190
33134,48,D,M,2026-04-08 21:00:00,158.553,159.299,158.486,158.998,203863
33135,48,D,M,2026-04-09 21:00:00,158.954,159.383,158.894,159.275,166531
33136,48,D,M,2026-04-12 21:00:00,159.596,159.862,159.291,159.445,201727
33137,48,D,M,2026-04-13 21:00:00,159.422,159.443,158.602,158.802,185748
33138,48,D,M,2026-04-14 21:00:00,158.801,159.153,158.644,158.969,202827
33139,48,D,M,2026-04-15 21:00:00,159.004,159.308,158.266,159.145,192894
33140,48,D,M,2026-04-16 21:00:00,159.182,159.532,157.59,158.616,256481
33141,48,D,M,2026-04-19 21:00:00,158.81,159.204,158.552,158.825,232407
33142,48,D,M,2026-04-20 21:00:00,158.786,159.642,158.734,159.412,222908
33143,48,D,M,2026-04-21 21:00:00,159.378,159.576,159.104,159.477,207560
33144,48,D,M,2026-04-22 21:00:00,159.495,159.847,159.295,159.749,256249
33145,48,D,M,2026-04-23 21:00:00,159.672,159.842,159.308,159.348,204129
33146,48,D,M,2026-04-26 21:00:00,159.565,159.601,159.096,159.425,170363
33147,48,D,M,2026-04-27 21:00:00,159.442,159.788,158.96,159.616,213458
33148,48,D,M,2026-04-28 21:00:00,159.56,160.478,159.52,160.449,223494
33149,48,D,M,2026-04-29 21:00:00,160.418,160.726,155.556,156.624,472255
33150,48,D,M,2026-04-30 21:00:00,156.51,157.33,155.488,157.088,304112
33151,48,D,M,2026-05-03 21:00:00,156.756,157.305,155.702,157.25,302367
33152,48,D,M,2026-05-04 21:00:00,157.214,157.921,157.076,157.896,182247
33153,48,D,M,2026-05-05 21:00:00,157.888,157.94,155.032,156.37,421889
33154,48,D,M,2026-05-06 21:00:00,156.351,156.956,156.022,156.938,243531
33155,48,D,M,2026-05-07 21:00:00,156.885,156.992,156.434,156.686,187051
33156,48,D,M,2026-05-10 21:00:00,156.61,157.273,156.557,157.226,142525
33157,48,D,M,2026-05-11 21:00:00,157.161,157.766,156.726,157.615,193745
33158,48,D,M,2026-05-12 21:00:00,157.611,157.926,157.562,157.894,140417
33159,48,D,M,2026-05-13 21:00:00,157.855,158.423,157.313,158.384,198177
33160,48,D,M,2026-05-14 21:00:00,158.336,158.847,158.294,158.776,238240
33161,48,D,M,2026-05-17 21:00:00,158.68,159.082,158.611,158.858,238424
33533,54,D,M,2025-10-22 21:00:00,202.891,203.796,202.82,203.348,180732
33534,54,D,M,2025-10-23 21:00:00,203.289,203.989,203.09,203.504,219894
33535,54,D,M,2025-10-26 21:00:00,203.697,204.248,203.54,203.866,199399
33536,54,D,M,2025-10-27 21:00:00,203.863,203.924,201.672,201.882,223782
33537,54,D,M,2025-10-28 21:00:00,201.912,201.982,200.568,201.532,255942
33538,54,D,M,2025-10-29 21:00:00,201.446,203.267,200.99,202.706,304738
33539,54,D,M,2025-10-30 21:00:00,202.688,202.93,201.852,202.546,224688
33540,54,D,M,2025-11-02 22:00:00,202.248,202.804,201.958,202.612,165774
33541,54,D,M,2025-11-03 22:00:00,202.7,202.73,199.878,200.073,237543
33542,54,D,M,2025-11-04 22:00:00,200.1,201.246,199.07,201.14,223487
33543,54,D,M,2025-11-05 22:00:00,201.092,201.384,200.306,201.116,201227
33544,54,D,M,2025-11-06 22:00:00,200.939,202.1,200.652,201.954,224901
33545,54,D,M,2025-11-09 22:00:00,202.328,203.241,201.777,203.065,201449
33546,54,D,M,2025-11-10 22:00:00,202.982,203.284,202.328,202.703,185115
33547,54,D,M,2025-11-11 22:00:00,202.789,203.574,202.609,203.325,189224
33548,54,D,M,2025-11-12 22:00:00,203.276,204.078,202.973,203.864,247143
33549,54,D,M,2025-11-13 22:00:00,203.872,204.016,202.347,203.572,254030
33550,54,D,M,2025-11-16 22:00:00,203.418,204.53,203.138,204.246,188371
33551,54,D,M,2025-11-17 22:00:00,204.286,204.748,203.702,204.446,257002
33552,54,D,M,2025-11-18 22:00:00,204.488,205.37,203.984,205.256,230607
33553,54,D,M,2025-11-19 22:00:00,205.219,206.863,204.808,205.846,264533
33554,54,D,M,2025-11-20 22:00:00,205.934,206.055,204.296,204.855,298695
33555,54,D,M,2025-11-23 22:00:00,204.974,205.915,204.93,205.642,234653
33556,54,D,M,2025-11-24 22:00:00,205.592,205.996,205.005,205.484,222148
33557,54,D,M,2025-11-25 22:00:00,205.456,207.228,205.346,207.219,249519
33558,54,D,M,2025-11-26 22:00:00,207.184,207.208,206.435,206.93,138672
33559,54,D,M,2025-11-27 22:00:00,206.913,207.206,206.162,206.645,467017
33560,54,D,M,2025-11-30 22:00:00,206.496,206.762,205.203,205.441,264925
33561,54,D,M,2025-12-01 22:00:00,205.502,206.26,205.338,205.964,181454
33562,54,D,M,2025-12-02 22:00:00,205.866,207.35,205.79,207.27,226832
33563,54,D,M,2025-12-03 22:00:00,207.326,207.362,206.348,206.746,239921
33564,54,D,M,2025-12-04 22:00:00,206.673,207.298,206.194,207.094,201749
33565,54,D,M,2025-12-07 22:00:00,206.863,207.81,206.598,207.72,169677
33566,54,D,M,2025-12-08 22:00:00,207.652,208.946,207.596,208.644,188170
33567,54,D,M,2025-12-09 22:00:00,208.562,208.904,208.24,208.783,212588
33568,54,D,M,2025-12-10 22:00:00,208.664,208.816,207.912,208.25,218800
33569,54,D,M,2025-12-11 22:00:00,208.339,208.747,207.887,208.378,195898
33570,54,D,M,2025-12-14 22:00:00,208.526,208.589,207.095,207.645,203708
33571,54,D,M,2025-12-15 22:00:00,207.562,208.008,206.777,207.656,272318
33572,54,D,M,2025-12-16 22:00:00,207.672,208.41,207.056,208.235,222110
33573,54,D,M,2025-12-17 22:00:00,208.195,209.016,207.866,208.17,223528
33574,54,D,M,2025-12-18 22:00:00,208.106,211.07,208.046,210.974,209866
33575,54,D,M,2025-12-21 22:00:00,211.394,211.594,210.63,211.414,218993
33576,54,D,M,2025-12-22 22:00:00,211.278,211.44,210.296,211.159,199702
33577,54,D,M,2025-12-23 22:00:00,211.132,211.329,210.059,210.632,225278
33578,54,D,M,2025-12-25 22:00:00,210.839,211.509,210.349,211.352,180887
33579,54,D,M,2025-12-28 22:00:00,211.316,211.356,210.438,210.866,264210
33580,54,D,M,2025-12-29 22:00:00,210.807,211.098,210.433,210.673,216563
33581,54,D,M,2025-12-30 22:00:00,210.61,211.228,210.262,211.113,184584
33582,54,D,M,2026-01-01 22:00:00,211.048,211.448,210.758,211.104,168585
33583,54,D,M,2026-01-04 22:00:00,210.899,211.848,210.517,211.814,224188
33584,54,D,M,2026-01-05 22:00:00,211.764,212.159,211.31,211.522,210441
33585,54,D,M,2026-01-06 22:00:00,211.508,211.758,210.94,210.958,198140
33586,54,D,M,2026-01-07 22:00:00,210.978,211.162,210.312,210.86,181331
33587,54,D,M,2026-01-08 22:00:00,210.747,212.068,210.657,211.666,192668
33588,54,D,M,2026-01-11 22:00:00,211.82,213.018,211.618,212.96,186047
33589,54,D,M,2026-01-12 22:00:00,212.936,214.298,212.678,213.651,195411
33590,54,D,M,2026-01-13 22:00:00,213.664,214.116,212.556,213.066,220259
33591,54,D,M,2026-01-14 22:00:00,212.978,213.313,212,212.252,193734
33592,54,D,M,2026-01-15 22:00:00,212.236,212.312,211.388,211.52,202442
33593,54,D,M,2026-01-18 22:00:00,210.886,212.398,210.716,212.29,200423
33594,54,D,M,2026-01-19 22:00:00,212.252,213.498,211.851,212.594,262642
33595,54,D,M,2026-01-20 22:00:00,212.64,212.768,211.593,212.628,253425
33596,54,D,M,2026-01-21 22:00:00,212.639,213.968,212.384,213.928,214900
33597,54,D,M,2026-01-22 22:00:00,213.778,214.856,212.084,212.508,298255
33598,54,D,M,2026-01-25 22:00:00,211.664,212.122,209.614,210.962,329442
33599,54,D,M,2026-01-26 22:00:00,210.878,211.764,209.801,210.779,332508
33600,54,D,M,2026-01-27 22:00:00,210.793,212.034,210.066,211.822,338582
33601,54,D,M,2026-01-28 22:00:00,211.786,212.167,210.05,211.468,298405
33602,54,D,M,2026-01-29 22:00:00,211.408,212.472,211.142,211.868,345369
33603,54,D,M,2026-02-01 22:00:00,212.184,212.84,211.296,212.675,296605
33604,54,D,M,2026-02-02 22:00:00,212.694,213.467,212.496,213.394,252960
33605,54,D,M,2026-02-03 22:00:00,213.378,215.008,213.284,214.174,244378
33606,54,D,M,2026-02-04 22:00:00,214.214,214.241,211.788,212.492,292554
33607,54,D,M,2026-02-05 22:00:00,212.455,214.061,211.61,214.033,198149
33608,54,D,M,2026-02-08 22:00:00,214.214,214.44,212.13,213.521,300944
33609,54,D,M,2026-02-09 22:00:00,213.397,213.819,210.494,210.62,212218
33610,54,D,M,2026-02-10 22:00:00,210.661,210.778,208.183,208.872,232059
33611,54,D,M,2026-02-11 22:00:00,208.7,209.557,207.567,208.066,244879
33612,54,D,M,2026-02-12 22:00:00,208.072,209.336,207.928,208.533,229738
33613,54,D,M,2026-02-15 22:00:00,208.413,209.688,208.264,209.26,103826
33614,54,D,M,2026-02-16 22:00:00,209.208,209.498,207.238,207.988,199793
33615,54,D,M,2026-02-17 22:00:00,207.904,209.221,207.628,208.904,162633
33616,54,D,M,2026-02-18 22:00:00,208.854,209.542,208.09,208.686,182379
33617,54,D,M,2026-02-19 22:00:00,208.698,209.7,208.388,209.022,229844
33618,54,D,M,2026-02-22 22:00:00,209.017,209.23,208.143,208.686,192575
33619,54,D,M,2026-02-23 22:00:00,208.688,210.848,208.546,210.303,181700
33620,54,D,M,2026-02-24 22:00:00,210.29,212.123,210.013,212.026,208859
33621,54,D,M,2026-02-25 22:00:00,211.959,212.06,210.269,210.522,214039
33622,54,D,M,2026-02-26 22:00:00,210.542,210.837,209.8,210.474,218599
33623,54,D,M,2026-03-01 22:00:00,209.462,211.388,209.356,210.946,340871
33624,54,D,M,2026-03-02 22:00:00,211.048,211.366,209.226,210.625,373478
33625,54,D,M,2026-03-03 22:00:00,210.423,210.698,209.491,210.012,323729
33626,54,D,M,2026-03-04 22:00:00,209.962,210.626,209.189,210.466,313674
33627,54,D,M,2026-03-05 22:00:00,210.431,211.68,210.2,211.637,336136
33628,54,D,M,2026-03-08 21:00:00,210.885,212.188,210.606,211.949,417686
33629,54,D,M,2026-03-09 21:00:00,211.96,212.418,211.594,212.078,347084
33630,54,D,M,2026-03-10 21:00:00,212.086,213.308,212.041,213.209,251044
33631,54,D,M,2026-03-11 21:00:00,213.137,213.178,212.414,212.639,240004
33632,54,D,M,2026-03-12 21:00:00,212.544,212.882,211.077,211.226,242838
33633,54,D,M,2026-03-15 21:00:00,211.317,212.12,210.812,211.838,213766
33634,54,D,M,2026-03-16 21:00:00,211.85,212.492,211.638,212.36,199636
33635,54,D,M,2026-03-17 21:00:00,212.418,212.732,211.904,211.949,236433
33636,54,D,M,2026-03-18 21:00:00,211.97,212.354,210.803,211.817,309959
33637,54,D,M,2026-03-19 21:00:00,211.825,212.778,211.71,212.434,239741
33638,54,D,M,2026-03-22 21:00:00,212.152,213.31,211.586,212.716,426144
33639,54,D,M,2026-03-23 21:00:00,212.853,212.989,212.259,212.848,342660
33640,54,D,M,2026-03-24 21:00:00,212.786,213.216,212.582,213.138,248444
33641,54,D,M,2026-03-25 21:00:00,213.162,213.314,212.704,212.99,214677
33642,54,D,M,2026-03-26 21:00:00,212.93,213.115,212.232,212.606,209184
33643,54,D,M,2026-03-29 21:00:00,212.44,212.709,210.207,210.606,251567
33644,54,D,M,2026-03-30 21:00:00,210.568,211.224,209.632,209.97,292275
33645,54,D,M,2026-03-31 21:00:00,209.998,211.444,209.828,211.243,353324
33646,54,D,M,2026-04-01 21:00:00,211.274,211.327,210.348,211.094,290277
33647,54,D,M,2026-04-02 21:00:00,211.038,211.309,210.437,210.797,104870
33648,54,D,M,2026-04-05 21:00:00,210.603,211.548,210.406,211.38,159306
33649,54,D,M,2026-04-06 21:00:00,211.4,212.31,211.238,212.186,236098
33650,54,D,M,2026-04-07 21:00:00,212.142,213.158,212.092,212.408,332836
33651,54,D,M,2026-04-08 21:00:00,212.398,213.852,212.386,213.636,203394
33652,54,D,M,2026-04-09 21:00:00,213.534,214.586,213.534,214.386,212840
33653,54,D,M,2026-04-12 21:00:00,213.744,215.379,213.67,215.34,202144
33654,54,D,M,2026-04-13 21:00:00,215.313,215.788,214.913,215.44,190478
33655,54,D,M,2026-04-14 21:00:00,215.464,215.911,215.192,215.592,210320
33656,54,D,M,2026-04-15 21:00:00,215.675,215.738,215.122,215.276,199864
33657,54,D,M,2026-04-16 21:00:00,215.33,215.696,214.006,214.424,230615
33658,54,D,M,2026-04-19 21:00:00,214.226,215.104,214.178,214.947,228668
33659,54,D,M,2026-04-20 21:00:00,214.929,215.422,214.606,215.348,218163
33660,54,D,M,2026-04-21 21:00:00,215.258,215.662,214.926,215.346,199297
33661,54,D,M,2026-04-22 21:00:00,215.382,215.736,214.953,215.132,234272
33662,54,D,M,2026-04-23 21:00:00,215.054,215.777,214.949,215.596,203293
33663,54,D,M,2026-04-26 21:00:00,215.534,216.058,215.457,215.754,181154
33664,54,D,M,2026-04-27 21:00:00,215.888,215.91,214.952,215.774,203908
33665,54,D,M,2026-04-28 21:00:00,215.674,216.284,215.49,216.218,189464
33666,54,D,M,2026-04-29 21:00:00,216.188,216.602,210.46,213.054,357869
33667,54,D,M,2026-04-30 21:00:00,212.976,214.047,211.81,213.248,261256
33668,54,D,M,2026-05-03 21:00:00,213.194,213.623,211.788,212.79,258529
33669,54,D,M,2026-05-04 21:00:00,212.786,214.076,212.56,213.762,183153
33670,54,D,M,2026-05-05 21:00:00,213.83,214.234,210.765,212.558,314574
33671,54,D,M,2026-05-06 21:00:00,212.558,213.124,212.296,212.648,221760
33672,54,D,M,2026-05-07 21:00:00,212.667,213.709,212.442,213.608,184363
33673,54,D,M,2026-05-10 21:00:00,212.299,214.425,212.299,213.992,163970
33674,54,D,M,2026-05-11 21:00:00,213.942,214.204,212.748,213.426,199379
33675,54,D,M,2026-05-12 21:00:00,213.35,213.702,212.886,213.524,163772
33676,54,D,M,2026-05-13 21:00:00,213.495,213.71,211.884,212.253,175014
33677,54,D,M,2026-05-14 21:00:00,212.202,212.284,211.296,211.553,234667
33678,54,D,M,2026-05-17 21:00:00,211.442,213.553,211.344,213.404,242641
34050,60,D,M,2025-10-22 21:00:00,0.64891,0.6518,0.64789,0.65133,54548
34051,60,D,M,2025-10-23 21:00:00,0.65104,0.6529,0.64928,0.65141,59613
34052,60,D,M,2025-10-26 21:00:00,0.65388,0.65596,0.65284,0.65562,58025
34053,60,D,M,2025-10-27 21:00:00,0.65526,0.65908,0.65444,0.65854,51508
34054,60,D,M,2025-10-28 21:00:00,0.65833,0.66178,0.65573,0.65748,93459
34055,60,D,M,2025-10-29 21:00:00,0.65698,0.65978,0.65326,0.65544,86646
34056,60,D,M,2025-10-30 21:00:00,0.65552,0.65604,0.65334,0.65447,60987
34057,60,D,M,2025-11-02 22:00:00,0.65446,0.65625,0.65176,0.65377,51388
34058,60,D,M,2025-11-03 22:00:00,0.65356,0.65408,0.6481,0.64894,71537
34059,60,D,M,2025-11-04 22:00:00,0.64894,0.65129,0.64586,0.65066,63989
34060,60,D,M,2025-11-05 22:00:00,0.65056,0.65187,0.64633,0.64794,69597
34061,60,D,M,2025-11-06 22:00:00,0.64804,0.64992,0.64675,0.64931,74923
34062,60,D,M,2025-11-09 22:00:00,0.64975,0.65403,0.64904,0.65363,55294
34063,60,D,M,2025-11-10 22:00:00,0.65333,0.6538,0.65148,0.65272,55732
34064,60,D,M,2025-11-11 22:00:00,0.65232,0.65501,0.65158,0.65416,59029
34065,60,D,M,2025-11-12 22:00:00,0.65408,0.65804,0.6524,0.65308,85377
34066,60,D,M,2025-11-13 22:00:00,0.65294,0.65514,0.65036,0.65353,92429
34067,60,D,M,2025-11-16 22:00:00,0.65346,0.65376,0.6482,0.64935,68138
34068,60,D,M,2025-11-17 22:00:00,0.64928,0.65184,0.6465,0.6508,86716
34069,60,D,M,2025-11-18 22:00:00,0.65061,0.65118,0.64512,0.64787,81248
34070,60,D,M,2025-11-19 22:00:00,0.64752,0.65028,0.64363,0.64399,100878
34071,60,D,M,2025-11-20 22:00:00,0.64424,0.64608,0.64214,0.64557,100698
34072,60,D,M,2025-11-23 22:00:00,0.6461,0.64684,0.64423,0.64648,67173
34073,60,D,M,2025-11-24 22:00:00,0.64628,0.64758,0.64363,0.64698,80956
34074,60,D,M,2025-11-25 22:00:00,0.64668,0.65212,0.64659,0.65182,82367
34075,60,D,M,2025-11-26 22:00:00,0.65173,0.654,0.65168,0.65342,41172
34076,60,D,M,2025-11-27 22:00:00,0.65328,0.65596,0.65204,0.65496,202594
34077,60,D,M,2025-11-30 22:00:00,0.65409,0.65666,0.65371,0.65437,82142
34078,60,D,M,2025-12-01 22:00:00,0.65447,0.65708,0.65367,0.65658,55721
34079,60,D,M,2025-12-02 22:00:00,0.65632,0.6602,0.65526,0.66014,63025
34080,60,D,M,2025-12-03 22:00:00,0.65986,0.6624,0.65986,0.66099,73762
34081,60,D,M,2025-12-04 22:00:00,0.66108,0.6649,0.66054,0.66411,54082
34082,60,D,M,2025-12-07 22:00:00,0.66354,0.6649,0.66144,0.66242,58646
34083,60,D,M,2025-12-08 22:00:00,0.66206,0.66544,0.66084,0.6642,66499
34084,60,D,M,2025-12-09 22:00:00,0.66374,0.6686,0.6629,0.66754,81762
34085,60,D,M,2025-12-10 22:00:00,0.66763,0.6679,0.66266,0.66642,75276
34086,60,D,M,2025-12-11 22:00:00,0.66655,0.66771,0.66326,0.66533,70535
34087,60,D,M,2025-12-14 22:00:00,0.6644,0.66566,0.66322,0.66408,69686
34088,60,D,M,2025-12-15 22:00:00,0.66412,0.66618,0.66182,0.66326,78816
34089,60,D,M,2025-12-16 22:00:00,0.6632,0.66352,0.65992,0.66048,73041
34090,60,D,M,2025-12-17 22:00:00,0.66071,0.66318,0.65926,0.6613,75997
34091,60,D,M,2025-12-18 22:00:00,0.6611,0.66251,0.66002,0.66116,53862
34092,60,D,M,2025-12-21 22:00:00,0.66145,0.66605,0.66056,0.66579,53136
34093,60,D,M,2025-12-22 22:00:00,0.66552,0.67027,0.66552,0.67018,58416
34094,60,D,M,2025-12-23 22:00:00,0.66995,0.67176,0.6698,0.67051,55252
34095,60,D,M,2025-12-25 22:00:00,0.67006,0.67248,0.66972,0.67152,80690
34096,60,D,M,2025-12-28 22:00:00,0.67037,0.67274,0.66831,0.66937,70425
34097,60,D,M,2025-12-29 22:00:00,0.66942,0.6718,0.66878,0.66964,54076
34098,60,D,M,2025-12-30 22:00:00,0.66946,0.67014,0.666,0.66734,63624
34099,60,D,M,2026-01-01 22:00:00,0.66717,0.67072,0.66678,0.6695,58729
34100,60,D,M,2026-01-04 22:00:00,0.66831,0.67192,0.6663,0.67149,74415
34101,60,D,M,2026-01-05 22:00:00,0.67128,0.67419,0.67034,0.67384,59581
34102,60,D,M,2026-01-06 22:00:00,0.67358,0.67666,0.67171,0.67208,68738
34103,60,D,M,2026-01-07 22:00:00,0.67226,0.67254,0.66818,0.66992,60164
34104,60,D,M,2026-01-08 22:00:00,0.67005,0.67042,0.66636,0.66865,64390
34105,60,D,M,2026-01-11 22:00:00,0.66786,0.67223,0.66786,0.671,59080
34106,60,D,M,2026-01-12 22:00:00,0.67104,0.67275,0.66731,0.6681,63415
34107,60,D,M,2026-01-13 22:00:00,0.66834,0.67024,0.66731,0.66826,71452
34108,60,D,M,2026-01-14 22:00:00,0.66822,0.67098,0.66674,0.66988,61029
34109,60,D,M,2026-01-15 22:00:00,0.66976,0.67096,0.66711,0.66836,54738
34110,60,D,M,2026-01-18 22:00:00,0.66718,0.67174,0.66684,0.67142,48121
34111,60,D,M,2026-01-19 22:00:00,0.67112,0.67472,0.67068,0.67372,82035
34112,60,D,M,2026-01-20 22:00:00,0.67326,0.67782,0.67276,0.67623,84846
34113,60,D,M,2026-01-21 22:00:00,0.67613,0.68444,0.6754,0.6841,67581
34114,60,D,M,2026-01-22 22:00:00,0.68388,0.6899,0.68344,0.68963,72035
34115,60,D,M,2026-01-25 22:00:00,0.69234,0.6941,0.69062,0.69165,85719
34116,60,D,M,2026-01-26 22:00:00,0.69146,0.70164,0.69016,0.7012,89992
34117,60,D,M,2026-01-27 22:00:00,0.70097,0.70432,0.69769,0.7041,126291
34118,60,D,M,2026-01-28 22:00:00,0.70376,0.70942,0.69688,0.705,165479
34119,60,D,M,2026-01-29 22:00:00,0.70464,0.70554,0.694,0.6963,190143
34120,60,D,M,2026-02-01 22:00:00,0.69531,0.69708,0.69086,0.69481,186639
34121,60,D,M,2026-02-02 22:00:00,0.6954,0.70504,0.69456,0.70218,151283
34122,60,D,M,2026-02-03 22:00:00,0.70203,0.70431,0.69716,0.69985,127931
34123,60,D,M,2026-02-04 22:00:00,0.69966,0.70074,0.69274,0.69282,157633
34124,60,D,M,2026-02-05 22:00:00,0.69301,0.7025,0.6897,0.70133,105166
34125,60,D,M,2026-02-08 22:00:00,0.70206,0.70989,0.70101,0.70939,90236
34126,60,D,M,2026-02-09 22:00:00,0.70892,0.70952,0.70646,0.70744,79761
34127,60,D,M,2026-02-10 22:00:00,0.70708,0.71433,0.7069,0.71274,121016
34128,60,D,M,2026-02-11 22:00:00,0.71239,0.71472,0.70758,0.7091,119694
34129,60,D,M,2026-02-12 22:00:00,0.70881,0.70974,0.70437,0.70735,127112
34130,60,D,M,2026-02-15 22:00:00,0.70653,0.70967,0.70578,0.70726,48833
34131,60,D,M,2026-02-16 22:00:00,0.70716,0.70902,0.70282,0.7086,111285
34132,60,D,M,2026-02-17 22:00:00,0.70834,0.70878,0.7035,0.70428,73066
34133,60,D,M,2026-02-18 22:00:00,0.70423,0.70802,0.70244,0.7058,91553
34134,60,D,M,2026-02-19 22:00:00,0.70548,0.70946,0.70156,0.70841,151941
34135,60,D,M,2026-02-22 22:00:00,0.70794,0.71122,0.70485,0.70555,100608
34136,60,D,M,2026-02-23 22:00:00,0.70521,0.70737,0.70266,0.70582,82298
34137,60,D,M,2026-02-24 22:00:00,0.70612,0.7126,0.70574,0.71235,77207
34138,60,D,M,2026-02-25 22:00:00,0.71215,0.71366,0.7067,0.71057,93291
34139,60,D,M,2026-02-26 22:00:00,0.71034,0.71322,0.70866,0.7116,94441
34140,60,D,M,2026-03-01 22:00:00,0.70454,0.71168,0.7044,0.70948,163972
34141,60,D,M,2026-03-02 22:00:00,0.70909,0.71228,0.69444,0.70344,226871
34142,60,D,M,2026-03-03 22:00:00,0.70364,0.70834,0.69846,0.70758,190317
34143,60,D,M,2026-03-04 22:00:00,0.70738,0.70893,0.69739,0.7008,191399
34144,60,D,M,2026-03-05 22:00:00,0.7009,0.70474,0.6977,0.703,200686
34145,60,D,M,2026-03-08 21:00:00,0.69861,0.70788,0.69562,0.70773,246264
34146,60,D,M,2026-03-09 21:00:00,0.70731,0.71686,0.70536,0.7119,186696
34147,60,D,M,2026-03-10 21:00:00,0.71188,0.71876,0.71128,0.71526,153579
34148,60,D,M,2026-03-11 21:00:00,0.71526,0.7161,0.70723,0.70763,144815
34149,60,D,M,2026-03-12 21:00:00,0.70783,0.70924,0.69798,0.69812,149994
34150,60,D,M,2026-03-15 21:00:00,0.69926,0.70826,0.69862,0.70716,113096
34151,60,D,M,2026-03-16 21:00:00,0.70712,0.71184,0.70492,0.71047,106086
34152,60,D,M,2026-03-17 21:00:00,0.71048,0.71234,0.70182,0.70236,112708
34153,60,D,M,2026-03-18 21:00:00,0.70247,0.7109,0.69998,0.70882,199833
34154,60,D,M,2026-03-19 21:00:00,0.70881,0.70972,0.70053,0.70216,144004
34155,60,D,M,2026-03-22 21:00:00,0.70042,0.70627,0.69107,0.70106,366145
34156,60,D,M,2026-03-23 21:00:00,0.70162,0.70248,0.69384,0.69974,235203
34157,60,D,M,2026-03-24 21:00:00,0.69914,0.7004,0.69429,0.69468,152737
34158,60,D,M,2026-03-25 21:00:00,0.69509,0.6957,0.68758,0.68876,127824
34159,60,D,M,2026-03-26 21:00:00,0.68908,0.69122,0.68642,0.68732,114447
34160,60,D,M,2026-03-29 21:00:00,0.6866,0.68744,0.68334,0.68526,127991
34161,60,D,M,2026-03-30 21:00:00,0.68496,0.69039,0.68342,0.69005,182422
34162,60,D,M,2026-03-31 21:00:00,0.68962,0.69627,0.68957,0.6929,138438
34163,60,D,M,2026-04-01 21:00:00,0.69238,0.6941,0.68598,0.69106,160618
34164,60,D,M,2026-04-02 21:00:00,0.68997,0.6916,0.68852,0.6895,31324
34165,60,D,M,2026-04-05 21:00:00,0.68882,0.69381,0.68762,0.69182,108560
34166,60,D,M,2026-04-06 21:00:00,0.69168,0.6979,0.68985,0.69761,144995
34167,60,D,M,2026-04-07 21:00:00,0.69702,0.70847,0.69654,0.70436,184464
34168,60,D,M,2026-04-08 21:00:00,0.70452,0.70949,0.70222,0.70837,105088
34169,60,D,M,2026-04-09 21:00:00,0.70802,0.70938,0.70535,0.70639,84868
34170,60,D,M,2026-04-12 21:00:00,0.69946,0.71006,0.69927,0.7096,99042
34171,60,D,M,2026-04-13 21:00:00,0.7092,0.7148,0.70772,0.71266,79871
34172,60,D,M,2026-04-14 21:00:00,0.71199,0.71778,0.71186,0.71706,76249
34173,60,D,M,2026-04-15 21:00:00,0.71648,0.71976,0.71522,0.71621,91865
34174,60,D,M,2026-04-16 21:00:00,0.71633,0.7222,0.7154,0.71674,101581
34175,60,D,M,2026-04-19 21:00:00,0.71272,0.71802,0.71166,0.71784,102564
34176,60,D,M,2026-04-20 21:00:00,0.71748,0.71862,0.71303,0.71542,112671
34177,60,D,M,2026-04-21 21:00:00,0.7151,0.71764,0.71464,0.7161,73565
34178,60,D,M,2026-04-22 21:00:00,0.71582,0.71669,0.71112,0.71284,127233
34179,60,D,M,2026-04-23 21:00:00,0.71324,0.71554,0.71148,0.71478,86289
34180,60,D,M,2026-04-26 21:00:00,0.71311,0.72002,0.71304,0.71857,62785
34181,60,D,M,2026-04-27 21:00:00,0.7183,0.71948,0.7151,0.71819,88536
34182,60,D,M,2026-04-28 21:00:00,0.71788,0.71898,0.71018,0.71164,102410
34183,60,D,M,2026-04-29 21:00:00,0.71132,0.72034,0.71102,0.72017,121439
34184,60,D,M,2026-04-30 21:00:00,0.71951,0.7228,0.71836,0.72024,79969
34185,60,D,M,2026-05-03 21:00:00,0.72163,0.72204,0.71534,0.7167,103565
34186,60,D,M,2026-05-04 21:00:00,0.71706,0.71979,0.71358,0.71826,72078
34187,60,D,M,2026-05-05 21:00:00,0.71812,0.72777,0.71796,0.72375,115948
34188,60,D,M,2026-05-06 21:00:00,0.72381,0.72642,0.72045,0.7206,97906
34189,60,D,M,2026-05-07 21:00:00,0.72087,0.72492,0.72002,0.72473,83591
34190,60,D,M,2026-05-10 21:00:00,0.72233,0.72596,0.72189,0.72496,66011
34191,60,D,M,2026-05-11 21:00:00,0.72494,0.72522,0.72089,0.72403,83549
34192,60,D,M,2026-05-12 21:00:00,0.72404,0.72718,0.72308,0.72582,72779
34193,60,D,M,2026-05-13 21:00:00,0.72614,0.72644,0.7216,0.72202,73478
34194,60,D,M,2026-05-14 21:00:00,0.7222,0.7223,0.71399,0.71482,103433
34195,60,D,M,2026-05-17 21:00:00,0.71528,0.71845,0.71187,0.71688,113016
34567,69,D,M,2025-10-22 21:00:00,1.3353,1.336,1.33082,1.3326,149631
34568,69,D,M,2025-10-23 21:00:00,1.33248,1.33708,1.32874,1.33108,217866
34569,69,D,M,2025-10-26 21:00:00,1.3326,1.33532,1.33104,1.3335,161447
34570,69,D,M,2025-10-27 21:00:00,1.33366,1.33696,1.32476,1.32718,202632
34571,69,D,M,2025-10-28 21:00:00,1.32736,1.32808,1.31403,1.31944,241247
34572,69,D,M,2025-10-29 21:00:00,1.31934,1.3219,1.31166,1.3151,215699
34573,69,D,M,2025-10-30 21:00:00,1.31505,1.31649,1.30973,1.31506,162742
34574,69,D,M,2025-11-02 22:00:00,1.31311,1.31624,1.31084,1.31388,148561
34575,69,D,M,2025-11-03 22:00:00,1.31416,1.31454,1.30102,1.30202,180088
34576,69,D,M,2025-11-04 22:00:00,1.302,1.30544,1.30103,1.30523,159872
34577,69,D,M,2025-11-05 22:00:00,1.30489,1.31428,1.3046,1.31388,176506
34578,69,D,M,2025-11-06 22:00:00,1.31298,1.31751,1.30949,1.31633,177162
34579,69,D,M,2025-11-09 22:00:00,1.31588,1.31912,1.31368,1.31752,212689
34580,69,D,M,2025-11-10 22:00:00,1.31744,1.31846,1.31166,1.31496,199826
34581,69,D,M,2025-11-11 22:00:00,1.3157,1.31576,1.30844,1.31334,166974
34582,69,D,M,2025-11-12 22:00:00,1.31326,1.32158,1.31006,1.31916,233179
34583,69,D,M,2025-11-13 22:00:00,1.31959,1.32012,1.3108,1.31738,223484
34584,69,D,M,2025-11-16 22:00:00,1.3164,1.31934,1.3136,1.31546,176960
34585,69,D,M,2025-11-17 22:00:00,1.31576,1.31772,1.3134,1.31454,221800
34586,69,D,M,2025-11-18 22:00:00,1.31508,1.3156,1.30436,1.30594,207378
34587,69,D,M,2025-11-19 22:00:00,1.30592,1.3124,1.3038,1.3073,208120
34588,69,D,M,2025-11-20 22:00:00,1.30747,1.31096,1.30386,1.30982,263159
34589,69,D,M,2025-11-23 22:00:00,1.31024,1.31181,1.30806,1.31042,225653
34590,69,D,M,2025-11-24 22:00:00,1.31078,1.32142,1.30958,1.3166,239859
34591,69,D,M,2025-11-25 22:00:00,1.31702,1.32446,1.3124,1.32428,271625
34592,69,D,M,2025-11-26 22:00:00,1.32406,1.3269,1.32102,1.32393,133457
34593,69,D,M,2025-11-27 22:00:00,1.32393,1.32548,1.32013,1.32318,428135
34594,69,D,M,2025-11-30 22:00:00,1.32234,1.32758,1.32056,1.32127,274182
34595,69,D,M,2025-12-01 22:00:00,1.3218,1.32218,1.31797,1.32136,174545
34596,69,D,M,2025-12-02 22:00:00,1.3207,1.33545,1.32058,1.33531,196854
34597,69,D,M,2025-12-03 22:00:00,1.33527,1.33858,1.33221,1.33278,188126
34598,69,D,M,2025-12-04 22:00:00,1.33272,1.33624,1.33162,1.33316,165319
34599,69,D,M,2025-12-07 22:00:00,1.33268,1.33466,1.33058,1.33213,164159
34600,69,D,M,2025-12-08 22:00:00,1.33217,1.33564,1.32874,1.32985,187127
34601,69,D,M,2025-12-09 22:00:00,1.32976,1.3389,1.32961,1.33814,215891
34602,69,D,M,2025-12-10 22:00:00,1.33796,1.34384,1.33549,1.33866,185488
34603,69,D,M,2025-12-11 22:00:00,1.3391,1.34,1.33424,1.33718,169605
34604,69,D,M,2025-12-14 22:00:00,1.33778,1.34016,1.3355,1.33774,159472
34605,69,D,M,2025-12-15 22:00:00,1.33723,1.34562,1.33554,1.34214,238629
34606,69,D,M,2025-12-16 22:00:00,1.34234,1.3427,1.33116,1.33746,178539
34607,69,D,M,2025-12-17 22:00:00,1.3376,1.34466,1.33411,1.33823,205760
34608,69,D,M,2025-12-18 22:00:00,1.33811,1.33942,1.33571,1.33768,176738
34609,69,D,M,2025-12-21 22:00:00,1.33784,1.34778,1.33748,1.34626,181638
34610,69,D,M,2025-12-22 22:00:00,1.34562,1.35242,1.34562,1.3518,184378
34611,69,D,M,2025-12-23 22:00:00,1.35116,1.35343,1.3492,1.3507,178526
34612,69,D,M,2025-12-25 22:00:00,1.35201,1.35274,1.34774,1.3499,255622
34613,69,D,M,2025-12-28 22:00:00,1.3493,1.35159,1.34692,1.35129,216908
34614,69,D,M,2025-12-29 22:00:00,1.35076,1.3531,1.34496,1.34687,148777
34615,69,D,M,2025-12-30 22:00:00,1.34686,1.34838,1.34016,1.34738,202545
34616,69,D,M,2026-01-01 22:00:00,1.34688,1.3502,1.34342,1.34602,156923
34617,69,D,M,2026-01-04 22:00:00,1.34545,1.35484,1.3414,1.35427,207373
34618,69,D,M,2026-01-05 22:00:00,1.35415,1.3568,1.34916,1.3502,186647
34619,69,D,M,2026-01-06 22:00:00,1.35044,1.35169,1.34564,1.3458,184065
34620,69,D,M,2026-01-07 22:00:00,1.34596,1.34657,1.34158,1.34402,174414
34621,69,D,M,2026-01-08 22:00:00,1.34363,1.34511,1.33926,1.34021,213182
34622,69,D,M,2026-01-11 22:00:00,1.33999,1.3486,1.33908,1.34646,172539
34623,69,D,M,2026-01-12 22:00:00,1.34662,1.34949,1.34216,1.34222,190223
34624,69,D,M,2026-01-13 22:00:00,1.34255,1.34643,1.34198,1.3447,173880
34625,69,D,M,2026-01-14 22:00:00,1.3443,1.34464,1.33628,1.33823,177897
34626,69,D,M,2026-01-15 22:00:00,1.33777,1.34132,1.33662,1.33796,176198
34627,69,D,M,2026-01-18 22:00:00,1.3354,1.34353,1.33436,1.34258,197385
34628,69,D,M,2026-01-19 22:00:00,1.34264,1.34918,1.34102,1.34438,245030
34629,69,D,M,2026-01-20 22:00:00,1.34449,1.34594,1.34015,1.34326,234507
34630,69,D,M,2026-01-21 22:00:00,1.34325,1.35072,1.34014,1.35028,212881
34631,69,D,M,2026-01-22 22:00:00,1.3495,1.36466,1.34826,1.36454,250604
34632,69,D,M,2026-01-25 22:00:00,1.36671,1.37134,1.36432,1.36791,255977
34633,69,D,M,2026-01-26 22:00:00,1.36777,1.387,1.36638,1.38482,306276
34634,69,D,M,2026-01-27 22:00:00,1.38436,1.38494,1.37494,1.38082,336302
34635,69,D,M,2026-01-28 22:00:00,1.38054,1.38481,1.37424,1.38106,375665
34636,69,D,M,2026-01-29 22:00:00,1.38066,1.38149,1.36793,1.36882,437398
34637,69,D,M,2026-02-01 22:00:00,1.36965,1.37154,1.36232,1.36676,384079
34638,69,D,M,2026-02-02 22:00:00,1.36646,1.37072,1.36506,1.36974,274096
34639,69,D,M,2026-02-03 22:00:00,1.36962,1.37334,1.36424,1.3653,254070
34640,69,D,M,2026-02-04 22:00:00,1.36603,1.36603,1.35178,1.35312,293444
34641,69,D,M,2026-02-05 22:00:00,1.35349,1.36238,1.35087,1.3612,193665
34642,69,D,M,2026-02-08 22:00:00,1.3598,1.37005,1.35865,1.36962,225302
34643,69,D,M,2026-02-09 22:00:00,1.36956,1.36996,1.36389,1.36432,193246
34644,69,D,M,2026-02-10 22:00:00,1.36459,1.37124,1.36096,1.36288,242949
34645,69,D,M,2026-02-11 22:00:00,1.3624,1.36716,1.36046,1.36224,225814
34646,69,D,M,2026-02-12 22:00:00,1.36219,1.36596,1.35906,1.36553,206057
34647,69,D,M,2026-02-15 22:00:00,1.36461,1.36621,1.36254,1.36306,101670
34648,69,D,M,2026-02-16 22:00:00,1.36326,1.36348,1.34959,1.35675,166866
34649,69,D,M,2026-02-17 22:00:00,1.35645,1.35822,1.3492,1.34934,141726
34650,69,D,M,2026-02-18 22:00:00,1.34934,1.3517,1.34341,1.3464,160316
34651,69,D,M,2026-02-19 22:00:00,1.34652,1.35153,1.34352,1.34785,237591
34652,69,D,M,2026-02-22 22:00:00,1.34915,1.35354,1.34756,1.34922,192634
34653,69,D,M,2026-02-23 22:00:00,1.34929,1.35366,1.347,1.34892,189009
34654,69,D,M,2026-02-24 22:00:00,1.3492,1.3566,1.34878,1.35594,169460
34655,69,D,M,2026-02-25 22:00:00,1.3557,1.35752,1.34454,1.34836,177282
34656,69,D,M,2026-02-26 22:00:00,1.34837,1.35082,1.34396,1.34868,181832
34657,69,D,M,2026-03-01 22:00:00,1.34086,1.34561,1.33144,1.34054,303100
34658,69,D,M,2026-03-02 22:00:00,1.34075,1.34254,1.32532,1.33565,353576
34659,69,D,M,2026-03-03 22:00:00,1.33571,1.34036,1.33034,1.33726,310372
34660,69,D,M,2026-03-04 22:00:00,1.33728,1.33872,1.32975,1.33589,333381
34661,69,D,M,2026-03-05 22:00:00,1.33517,1.34124,1.33114,1.34105,351927
34662,69,D,M,2026-03-08 21:00:00,1.33384,1.3447,1.32832,1.34434,408097
34663,69,D,M,2026-03-09 21:00:00,1.34441,1.34835,1.34122,1.34168,307885
34664,69,D,M,2026-03-10 21:00:00,1.3418,1.34577,1.33935,1.34127,276390
34665,69,D,M,2026-03-11 21:00:00,1.34109,1.3415,1.33382,1.33436,247977
34666,69,D,M,2026-03-12 21:00:00,1.33388,1.33698,1.32186,1.32243,264031
34667,69,D,M,2026-03-15 21:00:00,1.32432,1.334,1.32254,1.33194,209884
34668,69,D,M,2026-03-16 21:00:00,1.33199,1.33647,1.32733,1.33558,195989
34669,69,D,M,2026-03-17 21:00:00,1.33562,1.33746,1.32525,1.32576,236369
34670,69,D,M,2026-03-18 21:00:00,1.32591,1.34674,1.3246,1.34312,342850
34671,69,D,M,2026-03-19 21:00:00,1.34318,1.34425,1.32988,1.33406,261164
34672,69,D,M,2026-03-22 21:00:00,1.33136,1.34795,1.32571,1.34268,558102
34673,69,D,M,2026-03-23 21:00:00,1.34352,1.34456,1.33522,1.34116,363447
34674,69,D,M,2026-03-24 21:00:00,1.34066,1.34361,1.33584,1.33652,272531
34675,69,D,M,2026-03-25 21:00:00,1.33657,1.33784,1.33102,1.33308,223460
34676,69,D,M,2026-03-26 21:00:00,1.33316,1.33474,1.32602,1.32617,230404
34677,69,D,M,2026-03-29 21:00:00,1.32613,1.32828,1.31738,1.3184,245132
34678,69,D,M,2026-03-30 21:00:00,1.31845,1.32644,1.31596,1.32288,321304
34679,69,D,M,2026-03-31 21:00:00,1.32281,1.33464,1.32198,1.3307,286596
34680,69,D,M,2026-04-01 21:00:00,1.33044,1.33208,1.31818,1.3227,294837
34681,69,D,M,2026-04-02 21:00:00,1.3225,1.32429,1.31874,1.31984,74669
34682,69,D,M,2026-04-05 21:00:00,1.31924,1.32687,1.3177,1.3237,209281
34683,69,D,M,2026-04-06 21:00:00,1.3238,1.33009,1.32116,1.32942,289254
34684,69,D,M,2026-04-07 21:00:00,1.32896,1.34846,1.32882,1.33956,377665
34685,69,D,M,2026-04-08 21:00:00,1.33969,1.34587,1.3381,1.34367,212692
34686,69,D,M,2026-04-09 21:00:00,1.34335,1.34792,1.34108,1.346,187726
34687,69,D,M,2026-04-12 21:00:00,1.33942,1.35088,1.33809,1.35056,200303
34688,69,D,M,2026-04-13 21:00:00,1.35042,1.359,1.35004,1.35664,169902
34689,69,D,M,2026-04-14 21:00:00,1.35681,1.35796,1.35435,1.35607,186211
34690,69,D,M,2026-04-15 21:00:00,1.35641,1.35951,1.35166,1.3527,181751
34691,69,D,M,2026-04-16 21:00:00,1.35283,1.35996,1.35046,1.35184,224363
34692,69,D,M,2026-04-19 21:00:00,1.34894,1.35446,1.34759,1.35332,220307
34693,69,D,M,2026-04-20 21:00:00,1.35337,1.35396,1.34748,1.35085,237595
34694,69,D,M,2026-04-21 21:00:00,1.35063,1.35354,1.3492,1.35038,185664
34695,69,D,M,2026-04-22 21:00:00,1.3504,1.35182,1.34479,1.34668,239614
34696,69,D,M,2026-04-23 21:00:00,1.34685,1.3538,1.34536,1.35308,195681
34697,69,D,M,2026-04-26 21:00:00,1.35076,1.35763,1.35043,1.35334,163781
34698,69,D,M,2026-04-27 21:00:00,1.35406,1.35415,1.34632,1.3518,195772
34699,69,D,M,2026-04-28 21:00:00,1.35168,1.35282,1.34578,1.34764,203722
34700,69,D,M,2026-04-29 21:00:00,1.34771,1.36124,1.34542,1.36034,314075
34701,69,D,M,2026-04-30 21:00:00,1.3604,1.36578,1.35688,1.3575,205066
34702,69,D,M,2026-05-03 21:00:00,1.36003,1.36053,1.35122,1.35322,229225
34703,69,D,M,2026-05-04 21:00:00,1.3532,1.35786,1.35138,1.35382,172281
34704,69,D,M,2026-05-05 21:00:00,1.35446,1.36436,1.35382,1.35936,259368
34705,69,D,M,2026-05-06 21:00:00,1.35946,1.36324,1.35482,1.35506,222487
34706,69,D,M,2026-05-07 21:00:00,1.35556,1.36371,1.35472,1.36324,178023
34707,69,D,M,2026-05-10 21:00:00,1.35589,1.36536,1.35575,1.36101,174295
34708,69,D,M,2026-05-11 21:00:00,1.36138,1.36141,1.35002,1.3541,237131
34709,69,D,M,2026-05-12 21:00:00,1.3536,1.35514,1.34846,1.35239,196085
34710,69,D,M,2026-05-13 21:00:00,1.35246,1.3533,1.3395,1.3401,175645
34711,69,D,M,2026-05-14 21:00:00,1.3402,1.34057,1.33152,1.33242,232068
34712,69,D,M,2026-05-17 21:00:00,1.33254,1.34498,1.33026,1.34336,263062
35084,78,D,M,2025-10-22 21:00:00,1.3993,1.4005,1.39798,1.3992,74548
35085,78,D,M,2025-10-23 21:00:00,1.39906,1.40391,1.39729,1.39968,96025
35086,78,D,M,2025-10-26 21:00:00,1.40094,1.40103,1.39704,1.39904,91047
35087,78,D,M,2025-10-27 21:00:00,1.39918,1.40056,1.39334,1.39459,95549
35088,78,D,M,2025-10-28 21:00:00,1.39472,1.39552,1.3888,1.39438,129073
35089,78,D,M,2025-10-29 21:00:00,1.39436,1.40144,1.3927,1.3986,119060
35090,78,D,M,2025-10-30 21:00:00,1.3987,1.40356,1.3979,1.40104,101712
35091,78,D,M,2025-11-02 22:00:00,1.40106,1.40762,1.40088,1.40562,84132
35092,78,D,M,2025-11-03 22:00:00,1.40578,1.41082,1.40542,1.41032,99424
35093,78,D,M,2025-11-04 22:00:00,1.41008,1.41408,1.40987,1.41088,100768
35094,78,D,M,2025-11-05 22:00:00,1.41085,1.41405,1.40904,1.4118,106223
35095,78,D,M,2025-11-06 22:00:00,1.41147,1.41264,1.40274,1.40462,103717
35096,78,D,M,2025-11-09 22:00:00,1.40543,1.40578,1.40011,1.40207,132408
35097,78,D,M,2025-11-10 22:00:00,1.40186,1.40414,1.4002,1.40198,93157
35098,78,D,M,2025-11-11 22:00:00,1.40151,1.4022,1.399,1.40058,115316
35099,78,D,M,2025-11-12 22:00:00,1.40047,1.40381,1.39853,1.40351,103529
35100,78,D,M,2025-11-13 22:00:00,1.40308,1.40454,1.40144,1.40261,128038
35101,78,D,M,2025-11-16 22:00:00,1.40244,1.4058,1.40162,1.40558,109251
35102,78,D,M,2025-11-17 22:00:00,1.40515,1.40623,1.39715,1.39888,127755
35103,78,D,M,2025-11-18 22:00:00,1.39875,1.40654,1.3984,1.40494,123360
35104,78,D,M,2025-11-19 22:00:00,1.40484,1.41072,1.40406,1.40972,123894
35105,78,D,M,2025-11-20 22:00:00,1.40967,1.41311,1.40818,1.41038,140273
35106,78,D,M,2025-11-23 22:00:00,1.40997,1.4119,1.40914,1.41072,89950
35107,78,D,M,2025-11-24 22:00:00,1.41082,1.41251,1.40898,1.41,110855
35108,78,D,M,2025-11-25 22:00:00,1.4098,1.41052,1.40348,1.40436,113166
35109,78,D,M,2025-11-26 22:00:00,1.40473,1.405,1.4028,1.40302,75400
35110,78,D,M,2025-11-27 22:00:00,1.40317,1.40518,1.39384,1.39761,362548
35111,78,D,M,2025-11-30 22:00:00,1.39794,1.4002,1.39548,1.39976,122885
35112,78,D,M,2025-12-01 22:00:00,1.39968,1.40148,1.39674,1.39677,95695
35113,78,D,M,2025-12-02 22:00:00,1.3969,1.39756,1.39386,1.39502,99287
35114,78,D,M,2025-12-03 22:00:00,1.39486,1.39776,1.39254,1.39577,118931
35115,78,D,M,2025-12-04 22:00:00,1.39556,1.39608,1.38168,1.38171,91672
35116,78,D,M,2025-12-07 22:00:00,1.38323,1.38598,1.37999,1.38577,93292
35117,78,D,M,2025-12-08 22:00:00,1.38546,1.38608,1.38237,1.38452,96613
35118,78,D,M,2025-12-09 22:00:00,1.38472,1.38724,1.3784,1.37938,127517
35119,78,D,M,2025-12-10 22:00:00,1.37918,1.3823,1.3757,1.37708,117299
35120,78,D,M,2025-12-11 22:00:00,1.37716,1.3795,1.37536,1.37708,101517
35121,78,D,M,2025-12-14 22:00:00,1.37698,1.37886,1.3748,1.37673,105737
35122,78,D,M,2025-12-15 22:00:00,1.37698,1.37814,1.373,1.37528,123461
35123,78,D,M,2025-12-16 22:00:00,1.3756,1.37982,1.37527,1.37876,106774
35124,78,D,M,2025-12-17 22:00:00,1.37846,1.37962,1.3756,1.3778,117399
35125,78,D,M,2025-12-18 22:00:00,1.37748,1.3806,1.37552,1.38018,92262
35126,78,D,M,2025-12-21 22:00:00,1.37953,1.38052,1.3736,1.37472,94362
35127,78,D,M,2025-12-22 22:00:00,1.37519,1.37538,1.36862,1.36878,95075
35128,78,D,M,2025-12-23 22:00:00,1.36904,1.36924,1.3665,1.36785,75151
35129,78,D,M,2025-12-25 22:00:00,1.36825,1.36852,1.36426,1.36714,113895
35130,78,D,M,2025-12-28 22:00:00,1.36649,1.37014,1.36576,1.36888,100189
35131,78,D,M,2025-12-29 22:00:00,1.369,1.3709,1.3679,1.36968,84724
35132,78,D,M,2025-12-30 22:00:00,1.3696,1.37284,1.36886,1.37254,105824
35133,78,D,M,2026-01-01 22:00:00,1.3722,1.37478,1.37006,1.37322,88125
35134,78,D,M,2026-01-04 22:00:00,1.37435,1.38154,1.37361,1.37734,129045
35135,78,D,M,2026-01-05 22:00:00,1.3771,1.38171,1.37517,1.38146,102558
35136,78,D,M,2026-01-06 22:00:00,1.38128,1.38618,1.37904,1.38609,98914
35137,78,D,M,2026-01-07 22:00:00,1.38579,1.38884,1.38506,1.38664,100602
35138,78,D,M,2026-01-08 22:00:00,1.3863,1.39202,1.38618,1.39144,103265
35139,78,D,M,2026-01-11 22:00:00,1.39152,1.39182,1.38674,1.38804,101274
35140,78,D,M,2026-01-12 22:00:00,1.38784,1.38984,1.38552,1.38908,98734
35141,78,D,M,2026-01-13 22:00:00,1.38896,1.38981,1.38664,1.38836,102783
35142,78,D,M,2026-01-14 22:00:00,1.388,1.39199,1.38785,1.38944,83876
35143,78,D,M,2026-01-15 22:00:00,1.38921,1.39288,1.38846,1.39154,107746
35144,78,D,M,2026-01-18 22:00:00,1.39108,1.39187,1.38598,1.38698,85430
35145,78,D,M,2026-01-19 22:00:00,1.38679,1.38792,1.38144,1.38368,133919
35146,78,D,M,2026-01-20 22:00:00,1.3837,1.3843,1.37854,1.38321,136626
35147,78,D,M,2026-01-21 22:00:00,1.38335,1.3845,1.37832,1.37872,119190
35148,78,D,M,2026-01-22 22:00:00,1.3788,1.37998,1.3694,1.3703,120907
35149,78,D,M,2026-01-25 22:00:00,1.37001,1.37202,1.36716,1.37086,153468
35150,78,D,M,2026-01-26 22:00:00,1.3707,1.37394,1.3559,1.35772,162875
35151,78,D,M,2026-01-27 22:00:00,1.3579,1.3615,1.35357,1.3559,206447
35152,78,D,M,2026-01-28 22:00:00,1.35578,1.35781,1.3485,1.34894,243709
35153,78,D,M,2026-01-29 22:00:00,1.34908,1.3624,1.34818,1.36197,287472
35154,78,D,M,2026-02-01 22:00:00,1.36132,1.37028,1.36088,1.3682,262833
35155,78,D,M,2026-02-02 22:00:00,1.36782,1.3686,1.36325,1.36424,210090
35156,78,D,M,2026-02-03 22:00:00,1.36394,1.36844,1.36288,1.36636,179613
35157,78,D,M,2026-02-04 22:00:00,1.36634,1.37114,1.36526,1.37108,189770
35158,78,D,M,2026-02-05 22:00:00,1.37074,1.37248,1.36246,1.36742,139623
35159,78,D,M,2026-02-08 22:00:00,1.3674,1.36744,1.35529,1.35567,132488
35160,78,D,M,2026-02-09 22:00:00,1.35635,1.35768,1.35233,1.35535,109080
35161,78,D,M,2026-02-10 22:00:00,1.35539,1.36192,1.35044,1.35762,163758
35162,78,D,M,2026-02-11 22:00:00,1.35737,1.36358,1.35555,1.361,148092
35163,78,D,M,2026-02-12 22:00:00,1.36149,1.36378,1.35936,1.36178,139614
35164,78,D,M,2026-02-15 22:00:00,1.36096,1.36388,1.36036,1.36374,66407
35165,78,D,M,2026-02-16 22:00:00,1.36335,1.36931,1.36324,1.36365,118130
35166,78,D,M,2026-02-17 22:00:00,1.36366,1.37005,1.36322,1.36955,93671
35167,78,D,M,2026-02-18 22:00:00,1.3695,1.3715,1.36678,1.36817,111006
35168,78,D,M,2026-02-19 22:00:00,1.3681,1.37111,1.36694,1.36826,169678
35169,78,D,M,2026-02-22 22:00:00,1.36767,1.37044,1.36487,1.36975,129315
35170,78,D,M,2026-02-23 22:00:00,1.36954,1.37251,1.36917,1.36994,100346
35171,78,D,M,2026-02-24 22:00:00,1.37,1.37068,1.36736,1.36747,102670
35172,78,D,M,2026-02-25 22:00:00,1.36792,1.37126,1.36592,1.36815,110862
35173,78,D,M,2026-02-26 22:00:00,1.36796,1.3685,1.36252,1.36414,113188
35174,78,D,M,2026-03-01 22:00:00,1.36535,1.3719,1.3637,1.36778,199403
35175,78,D,M,2026-03-02 22:00:00,1.36782,1.3753,1.36534,1.36781,270957
35176,78,D,M,2026-03-03 22:00:00,1.36735,1.37002,1.36272,1.36442,193021
35177,78,D,M,2026-03-04 22:00:00,1.36435,1.37164,1.36148,1.36751,216847
35178,78,D,M,2026-03-05 22:00:00,1.36756,1.36796,1.35642,1.35654,211990
35179,78,D,M,2026-03-08 21:00:00,1.36009,1.36075,1.35256,1.35866,266246
35180,78,D,M,2026-03-09 21:00:00,1.35855,1.36016,1.35423,1.358,187602
35181,78,D,M,2026-03-10 21:00:00,1.35801,1.36052,1.35549,1.35918,177675
35182,78,D,M,2026-03-11 21:00:00,1.3594,1.36429,1.35768,1.36378,180660
35183,78,D,M,2026-03-12 21:00:00,1.3641,1.37418,1.36212,1.37206,189976
35184,78,D,M,2026-03-15 21:00:00,1.37254,1.37296,1.36531,1.36856,135933
35185,78,D,M,2026-03-16 21:00:00,1.36868,1.3723,1.36798,1.36905,106687
35186,78,D,M,2026-03-17 21:00:00,1.36922,1.37378,1.36874,1.37324,133580
35187,78,D,M,2026-03-18 21:00:00,1.37342,1.37486,1.37048,1.37397,186708
35188,78,D,M,2026-03-19 21:00:00,1.37368,1.3748,1.36998,1.37235,157862
35189,78,D,M,2026-03-22 21:00:00,1.37183,1.37551,1.36697,1.37275,283291
35190,78,D,M,2026-03-23 21:00:00,1.37274,1.37856,1.37209,1.37653,217049
35191,78,D,M,2026-03-24 21:00:00,1.3763,1.382,1.37503,1.38116,137607
35192,78,D,M,2026-03-25 21:00:00,1.38076,1.3866,1.38052,1.38603,120392
35193,78,D,M,2026-03-26 21:00:00,1.38602,1.38958,1.38453,1.3894,118971
35194,78,D,M,2026-03-29 21:00:00,1.38832,1.39456,1.38832,1.39248,127654
35195,78,D,M,2026-03-30 21:00:00,1.39234,1.3967,1.39058,1.39144,168987
35196,78,D,M,2026-03-31 21:00:00,1.39115,1.39188,1.38721,1.38742,140440
35197,78,D,M,2026-04-01 21:00:00,1.38739,1.39336,1.38693,1.39204,157578
35198,78,D,M,2026-04-02 21:00:00,1.3919,1.39494,1.39143,1.39464,51684
35199,78,D,M,2026-04-05 21:00:00,1.39368,1.39482,1.39024,1.39096,112386
35200,78,D,M,2026-04-06 21:00:00,1.39108,1.39302,1.38857,1.38858,126468
35201,78,D,M,2026-04-07 21:00:00,1.38878,1.39003,1.38239,1.38452,190000
35202,78,D,M,2026-04-08 21:00:00,1.38449,1.38608,1.38048,1.38176,110188
35203,78,D,M,2026-04-09 21:00:00,1.38158,1.38446,1.37992,1.38431,89153
35204,78,D,M,2026-04-12 21:00:00,1.38644,1.3878,1.37862,1.37936,116351
35205,78,D,M,2026-04-13 21:00:00,1.37924,1.37932,1.37311,1.3767,99516
35206,78,D,M,2026-04-14 21:00:00,1.37688,1.37886,1.37269,1.3742,97983
35207,78,D,M,2026-04-15 21:00:00,1.37375,1.37406,1.36955,1.37035,110140
35208,78,D,M,2026-04-16 21:00:00,1.37047,1.3709,1.36494,1.36934,115774
35209,78,D,M,2026-04-19 21:00:00,1.36863,1.37099,1.3635,1.36446,103822
35210,78,D,M,2026-04-20 21:00:00,1.36491,1.3677,1.36312,1.3662,119476
35211,78,D,M,2026-04-21 21:00:00,1.36646,1.36749,1.36434,1.3672,93499
35212,78,D,M,2026-04-22 21:00:00,1.36694,1.37146,1.36604,1.3699,130986
35213,78,D,M,2026-04-23 21:00:00,1.37036,1.37146,1.36632,1.36692,102155
35214,78,D,M,2026-04-26 21:00:00,1.36743,1.36825,1.35976,1.36266,89019
35215,78,D,M,2026-04-27 21:00:00,1.36265,1.36916,1.3613,1.36842,109902
35216,78,D,M,2026-04-28 21:00:00,1.368,1.37111,1.36674,1.36838,116720
35217,78,D,M,2026-04-29 21:00:00,1.36896,1.369,1.35802,1.35822,151274
35218,78,D,M,2026-04-30 21:00:00,1.35842,1.35946,1.35501,1.35928,112793
35219,78,D,M,2026-05-03 21:00:00,1.35882,1.36264,1.35778,1.36246,119045
35220,78,D,M,2026-05-04 21:00:00,1.36238,1.36304,1.36044,1.36203,88677
35221,78,D,M,2026-05-05 21:00:00,1.36163,1.36416,1.35781,1.36336,137344
35222,78,D,M,2026-05-06 21:00:00,1.36315,1.36658,1.36202,1.3665,100888
35223,78,D,M,2026-05-07 21:00:00,1.366,1.37104,1.36428,1.36764,100497
35224,78,D,M,2026-05-10 21:00:00,1.36863,1.36951,1.36482,1.36782,91643
35225,78,D,M,2026-05-11 21:00:00,1.36765,1.37246,1.36718,1.3697,108197
35226,78,D,M,2026-05-12 21:00:00,1.36968,1.37188,1.36844,1.37064,94550
35227,78,D,M,2026-05-13 21:00:00,1.37087,1.3738,1.37016,1.37202,92516
35228,78,D,M,2026-05-14 21:00:00,1.37226,1.37674,1.37154,1.37495,119470
35229,78,D,M,2026-05-17 21:00:00,1.37497,1.37638,1.37324,1.37396,120149
35601,88,D,M,2025-10-22 21:00:00,0.86952,0.87214,0.86819,0.87186,40288
35602,88,D,M,2025-10-23 21:00:00,0.8719,0.87471,0.87058,0.87334,57073
35603,88,D,M,2025-10-26 21:00:00,0.87315,0.87366,0.872,0.87326,43730
35604,88,D,M,2025-10-27 21:00:00,0.87322,0.87898,0.87256,0.87798,54943
35605,88,D,M,2025-10-28 21:00:00,0.8778,0.8818,0.87766,0.87922,70335
35606,88,D,M,2025-10-29 21:00:00,0.87924,0.88133,0.87888,0.87948,60938
35607,88,D,M,2025-10-30 21:00:00,0.87968,0.88178,0.87707,0.87722,51247
35608,88,D,M,2025-11-02 22:00:00,0.87826,0.87838,0.87628,0.87671,47345
35609,88,D,M,2025-11-03 22:00:00,0.87664,0.88214,0.8764,0.88192,53508
35610,88,D,M,2025-11-04 22:00:00,0.88184,0.88299,0.87994,0.88049,49276
35611,88,D,M,2025-11-05 22:00:00,0.88068,0.88187,0.87874,0.87888,52627
35612,88,D,M,2025-11-06 22:00:00,0.87928,0.88162,0.87828,0.87863,50107
35613,88,D,M,2025-11-09 22:00:00,0.8783,0.87946,0.8769,0.8772,51420
35614,88,D,M,2025-11-10 22:00:00,0.87718,0.88132,0.87706,0.88084,56018
35615,88,D,M,2025-11-11 22:00:00,0.88067,0.88386,0.88042,0.88272,45428
35616,88,D,M,2025-11-12 22:00:00,0.88277,0.88436,0.88155,0.88198,58619
35617,88,D,M,2025-11-13 22:00:00,0.8819,0.88654,0.8813,0.88216,72602
35618,88,D,M,2025-11-16 22:00:00,0.88336,0.88347,0.87926,0.88124,49121
35619,88,D,M,2025-11-17 22:00:00,0.88095,0.8824,0.8805,0.88098,58109
35620,88,D,M,2025-11-18 22:00:00,0.88062,0.88407,0.88056,0.88356,59323
35621,88,D,M,2025-11-19 22:00:00,0.88352,0.88401,0.87956,0.88187,58605
35622,88,D,M,2025-11-20 22:00:00,0.8816,0.88314,0.87804,0.87896,74757
35623,88,D,M,2025-11-23 22:00:00,0.87899,0.88201,0.87838,0.87922,54766
35624,88,D,M,2025-11-24 22:00:00,0.87909,0.87989,0.87657,0.8788,63024
35625,88,D,M,2025-11-25 22:00:00,0.8787,0.88183,0.87548,0.87568,73325
35626,88,D,M,2025-11-26 22:00:00,0.87568,0.87705,0.87461,0.87588,37750
35627,88,D,M,2025-11-27 22:00:00,0.87586,0.8773,0.87474,0.87658,186820
35628,88,D,M,2025-11-30 22:00:00,0.87671,0.87938,0.87592,0.87864,70349
35629,88,D,M,2025-12-01 22:00:00,0.87834,0.88018,0.8783,0.8798,48866
35630,88,D,M,2025-12-02 22:00:00,0.88012,0.88019,0.87373,0.87406,57654
35631,88,D,M,2025-12-03 22:00:00,0.8741,0.8754,0.87216,0.87372,54717
35632,88,D,M,2025-12-04 22:00:00,0.87386,0.87418,0.87247,0.8734,53621
35633,88,D,M,2025-12-07 22:00:00,0.87339,0.87526,0.87254,0.87356,46783
35634,88,D,M,2025-12-08 22:00:00,0.87342,0.87474,0.87206,0.87428,52171
35635,88,D,M,2025-12-09 22:00:00,0.8744,0.87514,0.87281,0.87404,57634
35636,88,D,M,2025-12-10 22:00:00,0.87393,0.87709,0.87363,0.87688,52313
35637,88,D,M,2025-12-11 22:00:00,0.87663,0.87924,0.8761,0.878,49825
35638,88,D,M,2025-12-14 22:00:00,0.87706,0.87881,0.87704,0.87865,46469
35639,88,D,M,2025-12-15 22:00:00,0.87884,0.87957,0.8747,0.87532,61452
35640,88,D,M,2025-12-16 22:00:00,0.87516,0.87969,0.875,0.87778,56438
35641,88,D,M,2025-12-17 22:00:00,0.87775,0.87875,0.87354,0.87606,58434
35642,88,D,M,2025-12-18 22:00:00,0.87586,0.8774,0.87502,0.87538,51077
35643,88,D,M,2025-12-21 22:00:00,0.87549,0.87576,0.87262,0.8737,57764
35644,88,D,M,2025-12-22 22:00:00,0.87352,0.87378,0.872,0.87244,56614
35645,88,D,M,2025-12-23 22:00:00,0.8728,0.87342,0.8719,0.87194,54266
35646,88,D,M,2025-12-25 22:00:00,0.8713,0.87361,0.87121,0.872,67984
35647,88,D,M,2025-12-28 22:00:00,0.87183,0.87402,0.87096,0.87122,57017
35648,88,D,M,2025-12-29 22:00:00,0.87146,0.87366,0.8703,0.87224,47304
35649,88,D,M,2025-12-30 22:00:00,0.87214,0.87462,0.87153,0.87176,52533
35650,88,D,M,2026-01-01 22:00:00,0.8724,0.87286,0.87006,0.87075,42805
35651,88,D,M,2026-01-04 22:00:00,0.87151,0.87151,0.86544,0.86554,55847
35652,88,D,M,2026-01-05 22:00:00,0.86553,0.86635,0.86444,0.86573,53440
35653,88,D,M,2026-01-06 22:00:00,0.8654,0.86789,0.86537,0.86758,49032
35654,88,D,M,2026-01-07 22:00:00,0.86743,0.86912,0.86705,0.86746,45280
35655,88,D,M,2026-01-08 22:00:00,0.86764,0.86867,0.86668,0.86814,53041
35656,88,D,M,2026-01-11 22:00:00,0.86822,0.86926,0.86626,0.86644,49658
35657,88,D,M,2026-01-12 22:00:00,0.86662,0.86751,0.86518,0.86742,47665
35658,88,D,M,2026-01-13 22:00:00,0.86737,0.86759,0.86572,0.86602,45935
35659,88,D,M,2026-01-14 22:00:00,0.86636,0.8679,0.86532,0.86753,47247
35660,88,D,M,2026-01-15 22:00:00,0.86768,0.868,0.86607,0.86697,48832
35661,88,D,M,2026-01-18 22:00:00,0.86717,0.86862,0.86662,0.86747,47382
35662,88,D,M,2026-01-19 22:00:00,0.86716,0.87315,0.86698,0.87236,67414
35663,88,D,M,2026-01-20 22:00:00,0.87207,0.87458,0.87004,0.87006,63682
35664,88,D,M,2026-01-21 22:00:00,0.86994,0.87332,0.8693,0.87058,55732
35665,88,D,M,2026-01-22 22:00:00,0.87088,0.8712,0.86584,0.86688,63169
35666,88,D,M,2026-01-25 22:00:00,0.86798,0.86973,0.86684,0.86848,76065
35667,88,D,M,2026-01-26 22:00:00,0.86836,0.87168,0.86706,0.86948,84675
35668,88,D,M,2026-01-27 22:00:00,0.86962,0.87014,0.86493,0.8657,88347
35669,88,D,M,2026-01-28 22:00:00,0.866,0.86712,0.86496,0.86674,92396
35670,88,D,M,2026-01-29 22:00:00,0.86693,0.86754,0.86552,0.86578,104628
35671,88,D,M,2026-02-01 22:00:00,0.86523,0.8674,0.86252,0.86266,97061
35672,88,D,M,2026-02-02 22:00:00,0.86272,0.86367,0.86199,0.86281,62722
35673,88,D,M,2026-02-03 22:00:00,0.86288,0.86486,0.86126,0.8647,66978
35674,88,D,M,2026-02-04 22:00:00,0.86428,0.87212,0.86428,0.87055,75464
35675,88,D,M,2026-02-05 22:00:00,0.87022,0.87136,0.8673,0.86811,52354
35676,88,D,M,2026-02-08 22:00:00,0.86876,0.87417,0.8683,0.86998,64037
35677,88,D,M,2026-02-09 22:00:00,0.87013,0.87218,0.8686,0.87187,54677
35678,88,D,M,2026-02-10 22:00:00,0.87168,0.8724,0.8683,0.87108,63333
35679,88,D,M,2026-02-11 22:00:00,0.87136,0.87176,0.86941,0.87146,59853
35680,88,D,M,2026-02-12 22:00:00,0.87128,0.87215,0.8691,0.8691,52553
35681,88,D,M,2026-02-15 22:00:00,0.86997,0.87014,0.86871,0.86944,29848
35682,88,D,M,2026-02-16 22:00:00,0.86935,0.87491,0.86925,0.87369,47471
35683,88,D,M,2026-02-17 22:00:00,0.87382,0.87416,0.87171,0.8733,43155
35684,88,D,M,2026-02-18 22:00:00,0.87338,0.87518,0.87286,0.87434,45418
35685,88,D,M,2026-02-19 22:00:00,0.87422,0.87488,0.87252,0.87413,64638
35686,88,D,M,2026-02-22 22:00:00,0.87441,0.87496,0.8728,0.87352,52046
35687,88,D,M,2026-02-23 22:00:00,0.87378,0.87433,0.87076,0.87284,51322
35688,88,D,M,2026-02-24 22:00:00,0.87263,0.87318,0.87078,0.87098,44345
35689,88,D,M,2026-02-25 22:00:00,0.87104,0.87582,0.87098,0.87498,49702
35690,88,D,M,2026-02-26 22:00:00,0.8749,0.87894,0.8746,0.8763,51830
35691,88,D,M,2026-03-01 22:00:00,0.87766,0.87876,0.87195,0.87208,87654
35692,88,D,M,2026-03-02 22:00:00,0.87166,0.87396,0.86912,0.86942,95592
35693,88,D,M,2026-03-03 22:00:00,0.86946,0.87128,0.86858,0.8702,75581
35694,88,D,M,2026-03-04 22:00:00,0.86976,0.87122,0.86849,0.86897,81502
35695,88,D,M,2026-03-05 22:00:00,0.86956,0.87018,0.86564,0.86628,85126
35696,88,D,M,2026-03-08 21:00:00,0.8659,0.86772,0.8644,0.86562,103692
35697,88,D,M,2026-03-09 21:00:00,0.86556,0.86612,0.86422,0.86522,76373
35698,88,D,M,2026-03-10 21:00:00,0.86525,0.86575,0.86221,0.86239,75003
35699,88,D,M,2026-03-11 21:00:00,0.86252,0.86371,0.86172,0.86265,65599
35700,88,D,M,2026-03-12 21:00:00,0.86307,0.86544,0.862,0.86332,75282
35701,88,D,M,2026-03-15 21:00:00,0.86264,0.86502,0.86254,0.86384,59127
35702,88,D,M,2026-03-16 21:00:00,0.8639,0.86454,0.86324,0.86402,47575
35703,88,D,M,2026-03-17 21:00:00,0.86378,0.86509,0.86282,0.86378,62649
35704,88,D,M,2026-03-18 21:00:00,0.8637,0.8649,0.86118,0.86285,86733
35705,88,D,M,2026-03-19 21:00:00,0.86284,0.86792,0.86148,0.86734,65938
35706,88,D,M,2026-03-22 21:00:00,0.86662,0.86798,0.8631,0.8648,141457
35707,88,D,M,2026-03-23 21:00:00,0.86446,0.86587,0.86376,0.8655,88705
35708,88,D,M,2026-03-24 21:00:00,0.8657,0.86682,0.86456,0.86488,67348
35709,88,D,M,2026-03-25 21:00:00,0.86484,0.86625,0.86368,0.8649,56570
35710,88,D,M,2026-03-26 21:00:00,0.86504,0.86802,0.8645,0.86792,55665
35711,88,D,M,2026-03-29 21:00:00,0.8674,0.86982,0.86597,0.86939,62524
35712,88,D,M,2026-03-30 21:00:00,0.8691,0.87428,0.86762,0.87346,84874
35713,88,D,M,2026-03-31 21:00:00,0.8734,0.87424,0.8704,0.871,72051
35714,88,D,M,2026-04-01 21:00:00,0.87103,0.87343,0.87044,0.87244,75967
35715,88,D,M,2026-04-02 21:00:00,0.87253,0.8736,0.87176,0.87217,29694
35716,88,D,M,2026-04-05 21:00:00,0.8735,0.87357,0.87161,0.87205,51306
35717,88,D,M,2026-04-06 21:00:00,0.87186,0.87409,0.87122,0.87238,63885
35718,88,D,M,2026-04-07 21:00:00,0.87254,0.8731,0.86862,0.87062,101465
35719,88,D,M,2026-04-08 21:00:00,0.87056,0.87136,0.87017,0.87068,50331
35720,88,D,M,2026-04-09 21:00:00,0.8711,0.87191,0.87013,0.87112,45996
35721,88,D,M,2026-04-12 21:00:00,0.87089,0.87222,0.86962,0.87067,50220
35722,88,D,M,2026-04-13 21:00:00,0.87062,0.87142,0.86846,0.86948,43611
35723,88,D,M,2026-04-14 21:00:00,0.86944,0.87013,0.86871,0.87012,44567
35724,88,D,M,2026-04-15 21:00:00,0.87002,0.87128,0.869,0.87105,44972
35725,88,D,M,2026-04-16 21:00:00,0.8708,0.87234,0.87006,0.87024,55398
35726,88,D,M,2026-04-19 21:00:00,0.8704,0.87162,0.86968,0.87095,49819
35727,88,D,M,2026-04-20 21:00:00,0.87088,0.87203,0.86929,0.86931,57312
35728,88,D,M,2026-04-21 21:00:00,0.86978,0.87016,0.8667,0.86692,43358
35729,88,D,M,2026-04-22 21:00:00,0.86684,0.8679,0.86536,0.86754,56419
35730,88,D,M,2026-04-23 21:00:00,0.86744,0.8683,0.8658,0.8662,47432
35731,88,D,M,2026-04-26 21:00:00,0.86618,0.86764,0.86553,0.8661,40325
35732,88,D,M,2026-04-27 21:00:00,0.8657,0.86784,0.86536,0.86647,47237
35733,88,D,M,2026-04-28 21:00:00,0.86653,0.86742,0.86618,0.86645,52380
35734,88,D,M,2026-04-29 21:00:00,0.86661,0.8667,0.86226,0.8624,83954
35735,88,D,M,2026-04-30 21:00:00,0.86228,0.86408,0.86202,0.86346,54627
35736,88,D,M,2026-05-03 21:00:00,0.8638,0.86483,0.86295,0.86401,56234
35737,88,D,M,2026-05-04 21:00:00,0.86373,0.86452,0.86234,0.86368,42582
35738,88,D,M,2026-05-05 21:00:00,0.86326,0.86493,0.86278,0.86428,63097
35739,88,D,M,2026-05-06 21:00:00,0.86418,0.86552,0.86366,0.86522,57425
35740,88,D,M,2026-05-07 21:00:00,0.86547,0.86564,0.86387,0.86452,48342
35741,88,D,M,2026-05-10 21:00:00,0.86664,0.86722,0.86298,0.8657,46704
35742,88,D,M,2026-05-11 21:00:00,0.86544,0.86977,0.86532,0.86703,61205
35743,88,D,M,2026-05-12 21:00:00,0.86704,0.86766,0.86478,0.86616,48971
35744,88,D,M,2026-05-13 21:00:00,0.8658,0.87176,0.86573,0.87076,45675
35745,88,D,M,2026-05-14 21:00:00,0.87072,0.87294,0.8701,0.8725,62086
35746,88,D,M,2026-05-17 21:00:00,0.87202,0.873,0.86654,0.8677,61094
36118,100,D,M,2025-10-22 21:00:00,0.57396,0.57553,0.57246,0.57522,45191
36119,100,D,M,2025-10-23 21:00:00,0.5752,0.5779,0.57383,0.57482,56243
36120,100,D,M,2025-10-26 21:00:00,0.57778,0.57784,0.57518,0.5769,48759
36121,100,D,M,2025-10-27 21:00:00,0.57687,0.57894,0.57589,0.57814,51667
36122,100,D,M,2025-10-28 21:00:00,0.57808,0.58015,0.5749,0.57634,77662
36123,100,D,M,2025-10-29 21:00:00,0.57624,0.57885,0.57259,0.57418,67256
36124,100,D,M,2025-10-30 21:00:00,0.57422,0.5745,0.5714,0.57252,52270
36125,100,D,M,2025-11-02 22:00:00,0.57212,0.57302,0.56924,0.57072,43978
36126,100,D,M,2025-11-03 22:00:00,0.57064,0.57106,0.56353,0.56431,55559
36127,100,D,M,2025-11-04 22:00:00,0.56546,0.56655,0.56306,0.56624,53297
36128,100,D,M,2025-11-05 22:00:00,0.56574,0.56702,0.56259,0.56352,48899
36129,100,D,M,2025-11-06 22:00:00,0.56366,0.56406,0.56062,0.56266,51789
36130,100,D,M,2025-11-09 22:00:00,0.56282,0.56506,0.56204,0.5645,45660
36131,100,D,M,2025-11-10 22:00:00,0.56481,0.5669,0.56314,0.56544,43678
36132,100,D,M,2025-11-11 22:00:00,0.56522,0.56709,0.56456,0.56666,46867
36133,100,D,M,2025-11-12 22:00:00,0.56675,0.56827,0.56346,0.5654,68003
36134,100,D,M,2025-11-13 22:00:00,0.5658,0.56916,0.56457,0.56806,62777
36135,100,D,M,2025-11-16 22:00:00,0.56794,0.56892,0.56489,0.56578,53964
36136,100,D,M,2025-11-17 22:00:00,0.56596,0.56751,0.56384,0.56578,64625
36137,100,D,M,2025-11-18 22:00:00,0.56602,0.56619,0.559,0.56039,59354
36138,100,D,M,2025-11-19 22:00:00,0.56034,0.56389,0.55828,0.55833,72898
36139,100,D,M,2025-11-20 22:00:00,0.559,0.56158,0.55808,0.5613,79402
36140,100,D,M,2025-11-23 22:00:00,0.56104,0.5615,0.55955,0.56111,48291
36141,100,D,M,2025-11-24 22:00:00,0.56111,0.56287,0.55914,0.56199,58787
36142,100,D,M,2025-11-25 22:00:00,0.56176,0.57018,0.56158,0.5699,75141
36143,100,D,M,2025-11-26 22:00:00,0.5701,0.5732,0.5694,0.57294,42047
36144,100,D,M,2025-11-27 22:00:00,0.57258,0.57438,0.57038,0.57348,273178
36145,100,D,M,2025-11-30 22:00:00,0.57268,0.5752,0.57246,0.5729,64176
36146,100,D,M,2025-12-01 22:00:00,0.57244,0.57448,0.57111,0.57382,42951
36147,100,D,M,2025-12-02 22:00:00,0.57358,0.57774,0.57346,0.57742,54106
36148,100,D,M,2025-12-03 22:00:00,0.57714,0.57788,0.5758,0.57622,53347
36149,100,D,M,2025-12-04 22:00:00,0.57641,0.5787,0.57583,0.57769,60852
36150,100,D,M,2025-12-07 22:00:00,0.57788,0.57927,0.57587,0.57754,59416
36151,100,D,M,2025-12-08 22:00:00,0.57754,0.5795,0.57674,0.57813,63371
36152,100,D,M,2025-12-09 22:00:00,0.57783,0.58246,0.57614,0.58162,77822
36153,100,D,M,2025-12-10 22:00:00,0.5815,0.58314,0.57882,0.58092,65998
36154,100,D,M,2025-12-11 22:00:00,0.58081,0.58206,0.57877,0.58043,60034
36155,100,D,M,2025-12-14 22:00:00,0.58012,0.58088,0.57656,0.5783,65895
36156,100,D,M,2025-12-15 22:00:00,0.57808,0.58074,0.57582,0.57834,74851
36157,100,D,M,2025-12-16 22:00:00,0.57826,0.57943,0.57673,0.57739,68329
36158,100,D,M,2025-12-17 22:00:00,0.57736,0.57884,0.57546,0.57756,70301
36159,100,D,M,2025-12-18 22:00:00,0.5772,0.57834,0.5736,0.57558,56774
36160,100,D,M,2025-12-21 22:00:00,0.57539,0.58016,0.57464,0.57952,56650
36161,100,D,M,2025-12-22 22:00:00,0.57901,0.58434,0.57878,0.58413,59963
36162,100,D,M,2025-12-23 22:00:00,0.58382,0.58534,0.58307,0.58348,55812
36163,100,D,M,2025-12-25 22:00:00,0.58391,0.58424,0.5818,0.58306,61754
36164,100,D,M,2025-12-28 22:00:00,0.58267,0.58336,0.57902,0.58037,63423
36165,100,D,M,2025-12-29 22:00:00,0.57999,0.58196,0.57886,0.57932,47341
36166,100,D,M,2025-12-30 22:00:00,0.57913,0.57927,0.574,0.5756,54094
36167,100,D,M,2026-01-01 22:00:00,0.57588,0.5778,0.57514,0.57694,49797
36168,100,D,M,2026-01-04 22:00:00,0.57652,0.57919,0.57418,0.5789,74992
36169,100,D,M,2026-01-05 22:00:00,0.57867,0.58105,0.57688,0.57845,63510
36170,100,D,M,2026-01-06 22:00:00,0.5782,0.57963,0.57698,0.57728,65548
36171,100,D,M,2026-01-07 22:00:00,0.57748,0.57776,0.57376,0.57518,62969
36172,100,D,M,2026-01-08 22:00:00,0.5751,0.57537,0.57112,0.57318,67185
36173,100,D,M,2026-01-11 22:00:00,0.57273,0.5775,0.57264,0.5772,55643
36174,100,D,M,2026-01-12 22:00:00,0.57732,0.57827,0.57351,0.57371,67106
36175,100,D,M,2026-01-13 22:00:00,0.57392,0.5756,0.57306,0.57478,61772
36176,100,D,M,2026-01-14 22:00:00,0.57498,0.57524,0.57255,0.57428,62808
36177,100,D,M,2026-01-15 22:00:00,0.57428,0.57674,0.57395,0.57527,42911
36178,100,D,M,2026-01-18 22:00:00,0.57434,0.58034,0.57413,0.57986,59471
36179,100,D,M,2026-01-19 22:00:00,0.57982,0.58513,0.57888,0.58332,74190
36180,100,D,M,2026-01-20 22:00:00,0.58297,0.58664,0.5821,0.58445,74498
36181,100,D,M,2026-01-21 22:00:00,0.58422,0.59288,0.58352,0.59265,60237
36182,100,D,M,2026-01-22 22:00:00,0.59268,0.59514,0.58914,0.59494,71297
36183,100,D,M,2026-01-25 22:00:00,0.59492,0.5999,0.5945,0.59735,82321
36184,100,D,M,2026-01-26 22:00:00,0.59732,0.60508,0.5955,0.60442,84929
36185,100,D,M,2026-01-27 22:00:00,0.60425,0.6062,0.60078,0.60608,115205
36186,100,D,M,2026-01-28 22:00:00,0.60581,0.60927,0.60226,0.60786,147375
36187,100,D,M,2026-01-29 22:00:00,0.60745,0.60806,0.601,0.60202,174870
36188,100,D,M,2026-02-01 22:00:00,0.60126,0.60338,0.59906,0.59996,175534
36189,100,D,M,2026-02-02 22:00:00,0.59993,0.60634,0.59963,0.60462,127537
36190,100,D,M,2026-02-03 22:00:00,0.60439,0.60536,0.59877,0.60027,108837
36191,100,D,M,2026-02-04 22:00:00,0.6005,0.60099,0.59481,0.59508,131495
36192,100,D,M,2026-02-05 22:00:00,0.59485,0.6027,0.59285,0.60162,89572
36193,100,D,M,2026-02-08 22:00:00,0.60159,0.606,0.59971,0.60566,85221
36194,100,D,M,2026-02-09 22:00:00,0.60527,0.60616,0.60336,0.60438,78239
36195,100,D,M,2026-02-10 22:00:00,0.60398,0.60734,0.60238,0.60482,104921
36196,100,D,M,2026-02-11 22:00:00,0.60444,0.60762,0.60258,0.60356,93478
36197,100,D,M,2026-02-12 22:00:00,0.60338,0.60506,0.60146,0.60398,99194
36198,100,D,M,2026-02-15 22:00:00,0.60291,0.60484,0.60262,0.60334,39394
36199,100,D,M,2026-02-16 22:00:00,0.60322,0.60507,0.60043,0.60496,86317
36200,100,D,M,2026-02-17 22:00:00,0.60492,0.60532,0.59616,0.59654,68919
36201,100,D,M,2026-02-18 22:00:00,0.5963,0.59904,0.59458,0.59727,76119
36202,100,D,M,2026-02-19 22:00:00,0.59714,0.59853,0.5938,0.59752,111228
36203,100,D,M,2026-02-22 22:00:00,0.59772,0.60036,0.59516,0.59558,87336
36204,100,D,M,2026-02-23 22:00:00,0.59528,0.5974,0.59425,0.59664,75582
36205,100,D,M,2026-02-24 22:00:00,0.59598,0.60025,0.59594,0.60012,69356
36206,100,D,M,2026-02-25 22:00:00,0.59974,0.6013,0.59574,0.598,71475
36207,100,D,M,2026-02-26 22:00:00,0.5977,0.60049,0.59706,0.5997,73219
36208,100,D,M,2026-03-01 22:00:00,0.5953,0.59948,0.59162,0.59408,120146
36209,100,D,M,2026-03-02 22:00:00,0.59469,0.59556,0.58361,0.58879,162975
36210,100,D,M,2026-03-03 22:00:00,0.58911,0.59424,0.58614,0.59404,134336
36211,100,D,M,2026-03-04 22:00:00,0.59392,0.59486,0.5873,0.58964,129812
36212,100,D,M,2026-03-05 22:00:00,0.59028,0.59156,0.58576,0.59005,131190
36213,100,D,M,2026-03-08 21:00:00,0.58665,0.59352,0.58484,0.5934,178388
36214,100,D,M,2026-03-09 21:00:00,0.59334,0.59645,0.59075,0.59292,129605
36215,100,D,M,2026-03-10 21:00:00,0.59287,0.59486,0.5905,0.5914,99756
36216,100,D,M,2026-03-11 21:00:00,0.59132,0.59155,0.5851,0.5854,95521
36217,100,D,M,2026-03-12 21:00:00,0.58558,0.5862,0.57732,0.57747,89147
36218,100,D,M,2026-03-15 21:00:00,0.57905,0.58692,0.57784,0.5861,79315
36219,100,D,M,2026-03-16 21:00:00,0.58597,0.58688,0.58168,0.58579,71098
36220,100,D,M,2026-03-17 21:00:00,0.58578,0.58726,0.57888,0.57962,84864
36221,100,D,M,2026-03-18 21:00:00,0.58024,0.58926,0.57852,0.58743,139806
36222,100,D,M,2026-03-19 21:00:00,0.58732,0.5892,0.58179,0.58308,101650
36223,100,D,M,2026-03-22 21:00:00,0.5817,0.58874,0.57622,0.58585,259537
36224,100,D,M,2026-03-23 21:00:00,0.58604,0.58706,0.57936,0.58367,161283
36225,100,D,M,2026-03-24 21:00:00,0.5836,0.58436,0.5804,0.5806,103034
36226,100,D,M,2026-03-25 21:00:00,0.58068,0.58112,0.57504,0.57619,86165
36227,100,D,M,2026-03-26 21:00:00,0.57604,0.57778,0.5738,0.5745,82115
36228,100,D,M,2026-03-29 21:00:00,0.57468,0.57496,0.56998,0.57214,90025
36229,100,D,M,2026-03-30 21:00:00,0.57202,0.57488,0.56979,0.57468,117983
36230,100,D,M,2026-03-31 21:00:00,0.5743,0.57776,0.57307,0.57534,104245
36231,100,D,M,2026-04-01 21:00:00,0.57522,0.57592,0.56996,0.57172,116776
36232,100,D,M,2026-04-02 21:00:00,0.57121,0.57204,0.5683,0.56923,22222
36233,100,D,M,2026-04-05 21:00:00,0.56914,0.57298,0.56812,0.57124,74151
36234,100,D,M,2026-04-06 21:00:00,0.57149,0.57335,0.56896,0.5733,96624
36235,100,D,M,2026-04-07 21:00:00,0.57252,0.58591,0.5714,0.58223,145197
36236,100,D,M,2026-04-08 21:00:00,0.58218,0.58736,0.58164,0.58596,76943
36237,100,D,M,2026-04-09 21:00:00,0.5862,0.58691,0.58326,0.58363,59373
36238,100,D,M,2026-04-12 21:00:00,0.57997,0.58732,0.57954,0.58668,75054
36239,100,D,M,2026-04-13 21:00:00,0.58612,0.59202,0.5857,0.59013,61001
36240,100,D,M,2026-04-14 21:00:00,0.58988,0.59196,0.58918,0.59136,65169
36241,100,D,M,2026-04-15 21:00:00,0.59098,0.59222,0.58823,0.58911,62671
36242,100,D,M,2026-04-16 21:00:00,0.5891,0.5929,0.588,0.58812,83470
36243,100,D,M,2026-04-19 21:00:00,0.58596,0.58956,0.58493,0.5891,76349
36244,100,D,M,2026-04-20 21:00:00,0.58832,0.59208,0.58721,0.58941,89621
36245,100,D,M,2026-04-21 21:00:00,0.58939,0.59228,0.58871,0.59052,62530
36246,100,D,M,2026-04-22 21:00:00,0.59096,0.59122,0.58404,0.58536,91591
36247,100,D,M,2026-04-23 21:00:00,0.58535,0.58833,0.58402,0.5879,73000
36248,100,D,M,2026-04-26 21:00:00,0.58657,0.5924,0.5862,0.5908,60103
36249,100,D,M,2026-04-27 21:00:00,0.59078,0.59179,0.58659,0.58856,77388
36250,100,D,M,2026-04-28 21:00:00,0.58814,0.58922,0.5815,0.58295,81564
36251,100,D,M,2026-04-29 21:00:00,0.58259,0.59106,0.58208,0.5909,110357
36252,100,D,M,2026-04-30 21:00:00,0.59038,0.5925,0.5887,0.58973,78740
36253,100,D,M,2026-05-03 21:00:00,0.58993,0.59266,0.58606,0.58722,89064
36254,100,D,M,2026-05-04 21:00:00,0.58738,0.59059,0.58568,0.5886,65761
36255,100,D,M,2026-05-05 21:00:00,0.58859,0.5991,0.58749,0.59544,110840
36256,100,D,M,2026-05-06 21:00:00,0.59548,0.59834,0.59368,0.59377,88276
36257,100,D,M,2026-05-07 21:00:00,0.59418,0.5969,0.59307,0.59654,74789
36258,100,D,M,2026-05-10 21:00:00,0.59388,0.5969,0.59356,0.59636,59733
36259,100,D,M,2026-05-11 21:00:00,0.59627,0.5969,0.59342,0.59522,80029
36260,100,D,M,2026-05-12 21:00:00,0.59533,0.5966,0.592,0.59363,76889
36261,100,D,M,2026-05-13 21:00:00,0.5935,0.5942,0.59092,0.59116,69964
36262,100,D,M,2026-05-14 21:00:00,0.59142,0.59178,0.58358,0.58391,88089
36263,100,D,M,2026-05-17 21:00:00,0.58446,0.58816,0.58232,0.58753,101612
36264,7,H4,M,2026-05-18 21:00:00,1.16558,1.16618,1.16438,1.16444,9304
36265,7,H4,M,2026-05-19 01:00:00,1.16446,1.16528,1.16354,1.16366,15375
36266,7,H4,M,2026-05-19 05:00:00,1.16368,1.16458,1.16223,1.16234,22608
36267,7,H4,M,2026-05-19 09:00:00,1.16232,1.16266,1.1611,1.16165,27141
36268,7,H4,M,2026-05-19 13:00:00,1.16165,1.1618,1.15922,1.16072,43362
36269,7,H4,M,2026-05-19 17:00:00,1.1607,1.16149,1.16026,1.16066,14804
36270,7,H4,M,2026-05-19 21:00:00,1.16055,1.1613,1.16009,1.16014,9230
36271,7,H4,M,2026-05-20 01:00:00,1.16013,1.16068,1.15936,1.15973,19398
36272,7,H4,M,2026-05-20 05:00:00,1.15972,1.1606,1.15834,1.15904,22109
36273,7,H4,M,2026-05-20 09:00:00,1.15904,1.16056,1.15874,1.15954,19118
36274,7,H4,M,2026-05-20 13:00:00,1.15953,1.16452,1.15828,1.16256,59188
36275,7,H4,M,2026-05-20 17:00:00,1.16256,1.16358,1.1616,1.16255,21612
36276,7,H4,M,2026-05-20 21:00:00,1.16242,1.1629,1.1622,1.16286,8450
36277,7,H4,M,2026-05-21 01:00:00,1.16287,1.16353,1.16156,1.16222,13352
36278,7,H4,M,2026-05-21 05:00:00,1.16222,1.16357,1.15942,1.16237,34287
36279,7,H4,M,2026-05-21 09:00:00,1.16238,1.16334,1.15934,1.15972,34555
36280,7,H4,M,2026-05-21 13:00:00,1.15972,1.16012,1.15763,1.15954,45151
36281,7,D,M,2026-05-18 21:00:00,1.16558,1.16618,1.15922,1.16066,132594
36282,7,D,M,2026-05-19 21:00:00,1.16055,1.16452,1.15828,1.16255,150655
36283,69,H4,M,2026-05-18 21:00:00,1.34316,1.34376,1.3419,1.34196,17155
36284,69,H4,M,2026-05-19 01:00:00,1.34194,1.34252,1.34062,1.34063,35348
36285,69,H4,M,2026-05-19 05:00:00,1.34064,1.3418,1.33892,1.33928,43328
36286,69,H4,M,2026-05-19 09:00:00,1.33928,1.342,1.33872,1.3407,44991
36287,69,H4,M,2026-05-19 13:00:00,1.3407,1.34077,1.33785,1.33996,71017
36288,69,H4,M,2026-05-19 17:00:00,1.33996,1.34122,1.3394,1.33948,28696
36289,69,H4,M,2026-05-19 21:00:00,1.34022,1.34044,1.33876,1.33894,29118
36290,69,H4,M,2026-05-20 01:00:00,1.33892,1.34065,1.33783,1.33908,44775
36291,69,H4,M,2026-05-20 05:00:00,1.33907,1.34069,1.3375,1.33822,49650
36292,69,H4,M,2026-05-20 09:00:00,1.33821,1.34082,1.33804,1.33976,35629
36293,69,H4,M,2026-05-20 13:00:00,1.33976,1.34638,1.33833,1.34419,93020
36294,69,H4,M,2026-05-20 17:00:00,1.3442,1.3451,1.34326,1.34349,38688
36295,69,H4,M,2026-05-20 21:00:00,1.34385,1.34426,1.34285,1.34374,13876
36296,69,H4,M,2026-05-21 01:00:00,1.34374,1.34454,1.34192,1.34316,28542
36297,69,H4,M,2026-05-21 05:00:00,1.34316,1.34551,1.34156,1.34354,57273
36298,69,H4,M,2026-05-21 09:00:00,1.34354,1.34466,1.34119,1.34138,51897
36299,69,H4,M,2026-05-21 13:00:00,1.34136,1.34209,1.33923,1.34082,67831
36300,69,D,M,2026-05-18 21:00:00,1.34316,1.34376,1.33785,1.33948,240535
36301,69,D,M,2026-05-19 21:00:00,1.34022,1.34638,1.3375,1.34349,290880
36302,7,H4,M,2026-05-21 17:00:00,1.15956,1.16302,1.15928,1.16175,38474
36303,29,H4,M,2026-05-18 21:00:00,0.78462,0.7853,0.78402,0.78526,5585
36304,29,H4,M,2026-05-19 01:00:00,0.78526,0.78598,0.78476,0.78586,9528
36305,29,H4,M,2026-05-19 05:00:00,0.78585,0.78704,0.78512,0.78686,11714
36306,29,H4,M,2026-05-19 09:00:00,0.7869,0.788,0.78663,0.78786,12152
36307,29,H4,M,2026-05-19 13:00:00,0.78789,0.79062,0.78784,0.78896,20158
36308,29,H4,M,2026-05-19 17:00:00,0.78897,0.78928,0.78841,0.78896,6712
36309,29,H4,M,2026-05-19 21:00:00,0.78902,0.7894,0.78845,0.78936,6963
36310,29,H4,M,2026-05-20 01:00:00,0.78936,0.79016,0.78916,0.78994,10944
36311,29,H4,M,2026-05-20 05:00:00,0.78993,0.7907,0.78932,0.79026,11260
36312,29,H4,M,2026-05-20 09:00:00,0.79027,0.79064,0.78946,0.79048,9246
36313,29,H4,M,2026-05-20 13:00:00,0.79048,0.79069,0.78574,0.78724,26136
36314,29,H4,M,2026-05-20 17:00:00,0.78722,0.78786,0.78641,0.78724,8686
36315,29,H4,M,2026-05-20 21:00:00,0.78692,0.78757,0.78673,0.78704,4696
36316,29,H4,M,2026-05-21 01:00:00,0.78704,0.78761,0.7862,0.78692,7951
36317,29,H4,M,2026-05-21 05:00:00,0.78692,0.78847,0.78598,0.78703,13283
36318,29,H4,M,2026-05-21 09:00:00,0.78704,0.789,0.7859,0.78882,15190
36319,29,H4,M,2026-05-21 13:00:00,0.78883,0.7904,0.78854,0.78887,19954
36320,29,H4,M,2026-05-21 17:00:00,0.78885,0.78904,0.78578,0.78674,17972
36321,46,H4,M,2026-05-18 21:00:00,185.136,185.213,185.043,185.164,12435
36322,46,H4,M,2026-05-19 01:00:00,185.164,185.171,184.99,185.016,22607
36323,46,H4,M,2026-05-19 05:00:00,185.018,185.188,184.921,184.978,33038
36324,46,H4,M,2026-05-19 09:00:00,184.976,184.985,184.372,184.784,39000
36325,46,H4,M,2026-05-19 13:00:00,184.78,184.872,184.208,184.348,57653
36326,46,H4,M,2026-05-19 17:00:00,184.347,184.651,184.34,184.64,28686
36327,46,H4,M,2026-05-19 21:00:00,184.609,184.688,184.45,184.46,17576
36328,46,H4,M,2026-05-20 01:00:00,184.457,184.504,184.289,184.376,34504
36329,46,H4,M,2026-05-20 05:00:00,184.379,184.42,184.274,184.344,36556
36330,46,H4,M,2026-05-20 09:00:00,184.339,184.528,184.318,184.388,29494
36331,46,H4,M,2026-05-20 13:00:00,184.384,184.704,184.342,184.656,63574
36332,46,H4,M,2026-05-20 17:00:00,184.656,184.788,184.608,184.77,33131
36333,46,H4,M,2026-05-20 21:00:00,184.734,184.76,184.662,184.738,13032
36334,46,H4,M,2026-05-21 01:00:00,184.74,184.814,184.628,184.792,21519
36335,46,H4,M,2026-05-21 05:00:00,184.792,184.943,184.407,184.795,39373
36336,46,H4,M,2026-05-21 09:00:00,184.795,184.911,184.533,184.589,38006
36337,46,H4,M,2026-05-21 13:00:00,184.586,184.64,184.394,184.532,51867
36338,46,H4,M,2026-05-21 17:00:00,184.532,184.774,184.506,184.702,40708
36339,48,H4,M,2026-05-18 21:00:00,158.832,159.022,158.75,159.012,11666
36340,48,H4,M,2026-05-19 01:00:00,159.013,159.031,158.892,158.996,22924
36341,48,H4,M,2026-05-19 05:00:00,158.996,159.148,158.952,159.142,30910
36342,48,H4,M,2026-05-19 09:00:00,159.142,159.18,158.649,159.07,45756
36343,48,H4,M,2026-05-19 13:00:00,159.068,159.252,158.779,158.824,69456
36344,48,H4,M,2026-05-19 17:00:00,158.824,159.108,158.786,159.08,29120
36345,48,H4,M,2026-05-19 21:00:00,159.07,159.108,158.954,158.999,19448
36346,48,H4,M,2026-05-20 01:00:00,158.998,159.094,158.821,158.981,34178
36347,48,H4,M,2026-05-20 05:00:00,158.984,159.102,158.871,159.045,36974
36348,48,H4,M,2026-05-20 09:00:00,159.044,159.08,158.959,159.016,30059
36349,48,H4,M,2026-05-20 13:00:00,159.017,159.168,158.588,158.836,85034
36350,48,H4,M,2026-05-20 17:00:00,158.836,158.962,158.782,158.934,34403
36351,48,H4,M,2026-05-20 21:00:00,158.914,158.933,158.828,158.866,14069
36352,48,H4,M,2026-05-21 01:00:00,158.865,159.004,158.808,158.998,24190
36353,48,H4,M,2026-05-21 05:00:00,158.998,159.088,158.903,158.981,38432
36354,48,H4,M,2026-05-21 09:00:00,158.982,159.188,158.912,159.162,39820
36355,48,H4,M,2026-05-21 13:00:00,159.162,159.347,159.12,159.142,63242
36356,48,H4,M,2026-05-21 17:00:00,159.142,159.175,158.82,158.99,58625
36357,54,H4,M,2026-05-18 21:00:00,213.354,213.482,213.186,213.386,17567
36358,54,H4,M,2026-05-19 01:00:00,213.385,213.398,213.134,213.156,28119
36359,54,H4,M,2026-05-19 05:00:00,213.158,213.367,213.001,213.135,39706
36360,54,H4,M,2026-05-19 09:00:00,213.133,213.514,212.856,213.27,45632
36361,54,H4,M,2026-05-19 13:00:00,213.262,213.304,212.653,212.813,59261
36362,54,H4,M,2026-05-19 17:00:00,212.812,213.217,212.812,213.088,28523
36363,54,H4,M,2026-05-19 21:00:00,213.183,213.218,212.872,212.888,23918
36364,54,H4,M,2026-05-20 01:00:00,212.888,212.962,212.76,212.886,37515
36365,54,H4,M,2026-05-20 05:00:00,212.888,213.01,212.637,212.834,44965
36366,54,H4,M,2026-05-20 09:00:00,212.834,213.176,212.829,213.046,35555
36367,54,H4,M,2026-05-20 13:00:00,213.045,213.601,213.008,213.506,70840
36368,54,H4,M,2026-05-20 17:00:00,213.505,213.622,213.454,213.523,32442
36369,54,H4,M,2026-05-20 21:00:00,213.556,213.572,213.391,213.474,15241
36370,54,H4,M,2026-05-21 01:00:00,213.473,213.573,213.293,213.562,22082
36371,54,H4,M,2026-05-21 05:00:00,213.562,213.829,213.376,213.598,37380
36372,54,H4,M,2026-05-21 09:00:00,213.601,213.784,213.46,213.496,42068
36373,54,H4,M,2026-05-21 13:00:00,213.493,213.593,213.289,213.384,54477
36374,54,H4,M,2026-05-21 17:00:00,213.384,213.712,213.368,213.512,43907
36375,60,H4,M,2026-05-18 21:00:00,0.7165,0.71768,0.71506,0.71512,8607
36376,60,H4,M,2026-05-19 01:00:00,0.7151,0.71528,0.71276,0.71294,14481
36377,60,H4,M,2026-05-19 05:00:00,0.71296,0.71366,0.71147,0.71176,17324
36378,60,H4,M,2026-05-19 09:00:00,0.71175,0.71231,0.71088,0.71148,17354
36379,60,H4,M,2026-05-19 13:00:00,0.71144,0.71152,0.70796,0.71111,29978
36380,60,H4,M,2026-05-19 17:00:00,0.71111,0.71164,0.71053,0.71073,11162
36381,60,H4,M,2026-05-19 21:00:00,0.71094,0.71128,0.70922,0.70926,8078
36382,60,H4,M,2026-05-20 01:00:00,0.70924,0.71097,0.7087,0.70999,16252
36383,60,H4,M,2026-05-20 05:00:00,0.70998,0.71163,0.70975,0.71118,15664
36384,60,H4,M,2026-05-20 09:00:00,0.71117,0.7135,0.7109,0.71246,10217
36385,60,H4,M,2026-05-20 13:00:00,0.71243,0.71746,0.71151,0.71546,36202
36386,60,H4,M,2026-05-20 17:00:00,0.71549,0.71624,0.71494,0.71528,13229
36387,60,H4,M,2026-05-20 21:00:00,0.71492,0.71562,0.71444,0.71481,6556
36388,60,H4,M,2026-05-21 01:00:00,0.71482,0.71569,0.71,0.71272,17517
36389,60,H4,M,2026-05-21 05:00:00,0.71274,0.71396,0.71082,0.71319,20475
36390,60,H4,M,2026-05-21 09:00:00,0.71317,0.71424,0.71176,0.71252,24170
36391,60,H4,M,2026-05-21 13:00:00,0.7125,0.71392,0.71164,0.7137,28730
36392,60,H4,M,2026-05-21 17:00:00,0.71373,0.71686,0.71352,0.71492,23216
36393,69,H4,M,2026-05-21 17:00:00,1.34083,1.34493,1.34056,1.34296,54965
36394,78,H4,M,2026-05-18 21:00:00,1.37386,1.37485,1.37362,1.37481,9363
36395,78,H4,M,2026-05-19 01:00:00,1.37482,1.37532,1.37437,1.37524,20847
36396,78,H4,M,2026-05-19 05:00:00,1.37524,1.37607,1.37432,1.37604,18100
36397,78,H4,M,2026-05-19 09:00:00,1.37606,1.37742,1.37438,1.37656,19107
36398,78,H4,M,2026-05-19 13:00:00,1.37657,1.37722,1.3747,1.37492,30793
36399,78,H4,M,2026-05-19 17:00:00,1.37491,1.37537,1.37436,1.37445,16582
36400,78,H4,M,2026-05-19 21:00:00,1.37444,1.37585,1.37422,1.37578,10182
36401,78,H4,M,2026-05-20 01:00:00,1.37582,1.3761,1.37517,1.37595,21422
36402,78,H4,M,2026-05-20 05:00:00,1.37594,1.37728,1.37562,1.37728,18100
36403,78,H4,M,2026-05-20 09:00:00,1.37728,1.37788,1.37528,1.3762,13991
36404,78,H4,M,2026-05-20 13:00:00,1.3762,1.37763,1.37312,1.37478,39490
36405,78,H4,M,2026-05-20 17:00:00,1.37478,1.37562,1.37405,1.37454,18106
36406,78,H4,M,2026-05-20 21:00:00,1.37432,1.37518,1.37376,1.37496,7403
36407,78,H4,M,2026-05-21 01:00:00,1.37495,1.37668,1.3746,1.3763,15034
36408,78,H4,M,2026-05-21 05:00:00,1.37629,1.37768,1.37596,1.3768,21728
36409,78,H4,M,2026-05-21 09:00:00,1.3768,1.37754,1.37608,1.37753,19725
36410,78,H4,M,2026-05-21 13:00:00,1.37754,1.38004,1.37736,1.3786,29535
36411,78,H4,M,2026-05-21 17:00:00,1.3786,1.37884,1.37675,1.37786,25258
36412,88,H4,M,2026-05-18 21:00:00,0.86779,0.86838,0.86746,0.86774,4569
36413,88,H4,M,2026-05-19 01:00:00,0.86772,0.86827,0.86768,0.868,5561
36414,88,H4,M,2026-05-19 05:00:00,0.868,0.8687,0.86765,0.86788,9614
36415,88,H4,M,2026-05-19 09:00:00,0.86788,0.8679,0.8661,0.86644,11087
36416,88,H4,M,2026-05-19 13:00:00,0.86645,0.86702,0.86562,0.86625,15806
36417,88,H4,M,2026-05-19 17:00:00,0.86624,0.86653,0.86571,0.86651,5670
36418,88,H4,M,2026-05-19 21:00:00,0.86607,0.86663,0.8658,0.86646,6174
36419,88,H4,M,2026-05-20 01:00:00,0.86645,0.86668,0.86574,0.86608,7940
36420,88,H4,M,2026-05-20 05:00:00,0.86608,0.86683,0.86563,0.8661,11072
36421,88,H4,M,2026-05-20 09:00:00,0.86611,0.86617,0.86532,0.86548,8028
36422,88,H4,M,2026-05-20 13:00:00,0.8655,0.86557,0.86428,0.86489,19093
36423,88,H4,M,2026-05-20 17:00:00,0.86488,0.86542,0.86448,0.86534,8533
36424,88,H4,M,2026-05-20 21:00:00,0.86506,0.86558,0.86494,0.8654,3677
36425,88,H4,M,2026-05-21 01:00:00,0.86542,0.86569,0.86526,0.8653,5561
36426,88,H4,M,2026-05-21 05:00:00,0.8653,0.86558,0.86418,0.86516,12459
36427,88,H4,M,2026-05-21 09:00:00,0.86516,0.86532,0.86397,0.86458,12205
36428,88,H4,M,2026-05-21 13:00:00,0.86458,0.86511,0.86424,0.86478,15040
36429,88,H4,M,2026-05-21 17:00:00,0.86479,0.86513,0.8644,0.86512,11328
36430,100,H4,M,2026-05-18 21:00:00,0.58718,0.58792,0.58597,0.58602,12569
36431,100,H4,M,2026-05-19 01:00:00,0.58602,0.58628,0.58508,0.58516,16349
36432,100,H4,M,2026-05-19 05:00:00,0.58518,0.586,0.58434,0.58458,16727
36433,100,H4,M,2026-05-19 09:00:00,0.58456,0.58488,0.58368,0.58408,15543
36434,100,H4,M,2026-05-19 13:00:00,0.58405,0.58408,0.58176,0.58371,24467
36435,100,H4,M,2026-05-19 17:00:00,0.58372,0.58414,0.58334,0.58352,8701
36436,100,H4,M,2026-05-19 21:00:00,0.58376,0.58402,0.58209,0.58214,10004
36437,100,H4,M,2026-05-20 01:00:00,0.58214,0.58388,0.58152,0.58282,19371
36438,100,H4,M,2026-05-20 05:00:00,0.5828,0.58424,0.5826,0.58391,16283
36439,100,H4,M,2026-05-20 09:00:00,0.5839,0.58512,0.58351,0.5841,10092
36440,100,H4,M,2026-05-20 13:00:00,0.58412,0.58881,0.58353,0.5871,32320
36441,100,H4,M,2026-05-20 17:00:00,0.5871,0.58778,0.58659,0.58702,10464
36442,100,H4,M,2026-05-20 21:00:00,0.58676,0.5872,0.58604,0.58632,7213
36443,100,H4,M,2026-05-21 01:00:00,0.58632,0.58746,0.58502,0.58634,17280
36444,100,H4,M,2026-05-21 05:00:00,0.58636,0.58738,0.58498,0.58653,20525
36445,100,H4,M,2026-05-21 09:00:00,0.58651,0.58744,0.58492,0.58536,20684
36446,100,H4,M,2026-05-21 13:00:00,0.58535,0.58637,0.58462,0.58602,23999
36447,100,H4,M,2026-05-21 17:00:00,0.58602,0.58882,0.58582,0.58746,19453
39038,7,H4,M,2026-05-21 21:00:00,1.16194,1.16232,1.16124,1.16144,6316
39039,7,H4,M,2026-05-22 01:00:00,1.16142,1.16158,1.16087,1.16152,8273
39040,7,H4,M,2026-05-22 05:00:00,1.16151,1.1617,1.16013,1.16078,19088
39041,7,H4,M,2026-05-22 09:00:00,1.16078,1.16081,1.15934,1.16044,21456
39042,7,H4,M,2026-05-22 13:00:00,1.16044,1.16185,1.15883,1.16112,33846
39043,7,H4,M,2026-05-22 17:00:00,1.16114,1.16192,1.15982,1.16023,18322
39044,7,H4,M,2026-05-24 21:00:00,1.16394,1.1649,1.16306,1.16366,10617
39045,7,H4,M,2026-05-25 01:00:00,1.16367,1.16471,1.16356,1.1642,12057
39046,7,H4,M,2026-05-25 05:00:00,1.16421,1.16452,1.16296,1.16437,15819
39047,7,H4,M,2026-05-25 09:00:00,1.16436,1.16528,1.16404,1.16482,11700
39048,7,H4,M,2026-05-25 13:00:00,1.16482,1.16498,1.16368,1.16412,13425
39049,7,H4,M,2026-05-25 17:00:00,1.16412,1.16441,1.16404,1.16433,4028
39050,7,H4,M,2026-05-25 21:00:00,1.16404,1.16443,1.1634,1.16387,8524
39051,7,H4,M,2026-05-26 01:00:00,1.16388,1.16398,1.16294,1.16298,9415
39052,7,H4,M,2026-05-26 05:00:00,1.16297,1.16422,1.1624,1.16365,17155
39053,7,H4,M,2026-05-26 09:00:00,1.16366,1.16452,1.16312,1.1632,17624
39054,7,H4,M,2026-05-26 13:00:00,1.16318,1.16331,1.16164,1.1624,26605
39055,7,H4,M,2026-05-26 17:00:00,1.1624,1.1633,1.16214,1.16317,9445
39056,7,H4,M,2026-05-26 21:00:00,1.16286,1.16406,1.16276,1.16381,8816
39057,7,H4,M,2026-05-27 01:00:00,1.1638,1.16426,1.16327,1.16413,9958
39058,7,H4,M,2026-05-27 05:00:00,1.16412,1.16494,1.16374,1.1645,16735
39059,7,H4,M,2026-05-27 09:00:00,1.16448,1.16615,1.1633,1.1644,29901
39060,7,H4,M,2026-05-27 13:00:00,1.16439,1.16523,1.16225,1.16324,40640
39061,7,H4,M,2026-05-27 17:00:00,1.16324,1.1633,1.16222,1.16258,11252
39062,7,H4,M,2026-05-27 21:00:00,1.1628,1.16312,1.16162,1.16206,9119
39063,7,H4,M,2026-05-28 01:00:00,1.16206,1.16212,1.15864,1.15918,16224
39064,7,H4,M,2026-05-28 05:00:00,1.15918,1.16178,1.15891,1.16156,19124
39065,7,H4,M,2026-05-28 09:00:00,1.16157,1.16384,1.16034,1.16366,22463
39066,7,H4,M,2026-05-28 13:00:00,1.16367,1.16614,1.1627,1.16569,43384
39067,7,H4,M,2026-05-28 17:00:00,1.1657,1.16574,1.1645,1.16497,13966
39068,7,H4,M,2026-05-28 21:00:00,1.16522,1.16556,1.16475,1.16488,6649
39069,7,H4,M,2026-05-29 01:00:00,1.16489,1.16566,1.16343,1.16391,11717
39070,7,H4,M,2026-05-29 05:00:00,1.16392,1.16544,1.1625,1.16283,18191
39071,7,H4,M,2026-05-29 09:00:00,1.16282,1.16491,1.16266,1.1649,19901
39072,7,H4,M,2026-05-29 13:00:00,1.16492,1.16859,1.16406,1.16723,40081
39073,7,H4,M,2026-05-29 17:00:00,1.16722,1.16734,1.16587,1.16621,17052
39074,7,H4,M,2026-05-31 21:00:00,1.16543,1.16618,1.1645,1.16477,17030
39075,7,H4,M,2026-06-01 01:00:00,1.16478,1.16491,1.16416,1.16482,9084
39076,7,H4,M,2026-06-01 05:00:00,1.16482,1.16648,1.16479,1.16578,17295
39077,7,H4,M,2026-06-01 09:00:00,1.16577,1.16606,1.16416,1.16474,18061
39078,7,H4,M,2026-06-01 13:00:00,1.16474,1.16482,1.16068,1.16298,47400
39079,7,H4,M,2026-06-01 17:00:00,1.163,1.1638,1.16252,1.16321,14802
39080,7,H4,M,2026-06-01 21:00:00,1.163,1.1637,1.16294,1.16315,6347
39081,7,H4,M,2026-06-02 01:00:00,1.16316,1.16388,1.16284,1.16379,9522
39082,7,H4,M,2026-06-02 05:00:00,1.1638,1.16526,1.16362,1.16436,15999
39083,7,H4,M,2026-06-02 09:00:00,1.16437,1.16558,1.16384,1.16505,16514
39084,29,H4,M,2026-05-21 21:00:00,0.78672,0.78735,0.78644,0.78689,4715
39085,29,H4,M,2026-05-22 01:00:00,0.7869,0.78712,0.78626,0.7863,5467
39086,29,H4,M,2026-05-22 05:00:00,0.78632,0.78761,0.78555,0.78618,8824
39087,29,H4,M,2026-05-22 09:00:00,0.78619,0.78703,0.78542,0.78576,8842
39088,29,H4,M,2026-05-22 13:00:00,0.78576,0.7871,0.78425,0.7843,14636
39089,29,H4,M,2026-05-22 17:00:00,0.78427,0.78534,0.78382,0.78509,7472
39090,29,H4,M,2026-05-24 21:00:00,0.7842,0.78465,0.78163,0.78242,5658
39091,29,H4,M,2026-05-25 01:00:00,0.78242,0.78248,0.7816,0.7819,7674
39092,29,H4,M,2026-05-25 05:00:00,0.7819,0.78236,0.78143,0.7817,6699
39093,29,H4,M,2026-05-25 09:00:00,0.7817,0.7818,0.78082,0.78108,4134
39094,29,H4,M,2026-05-25 13:00:00,0.78108,0.7835,0.78098,0.78303,5592
39095,29,H4,M,2026-05-25 17:00:00,0.78305,0.78311,0.78254,0.78265,1112
39096,29,H4,M,2026-05-25 21:00:00,0.7827,0.78372,0.78262,0.78332,5317
39097,29,H4,M,2026-05-26 01:00:00,0.78334,0.78388,0.78292,0.78349,7698
39098,29,H4,M,2026-05-26 05:00:00,0.7835,0.78521,0.78338,0.78463,8861
39099,29,H4,M,2026-05-26 09:00:00,0.78462,0.78546,0.78399,0.7851,8407
39100,29,H4,M,2026-05-26 13:00:00,0.78512,0.78646,0.78456,0.78578,12718
39101,29,H4,M,2026-05-26 17:00:00,0.7858,0.78604,0.7855,0.78568,4671
39102,29,H4,M,2026-05-26 21:00:00,0.78612,0.78612,0.78496,0.7852,5249
39103,29,H4,M,2026-05-27 01:00:00,0.7852,0.78566,0.78502,0.78517,5154
39104,29,H4,M,2026-05-27 05:00:00,0.78518,0.78622,0.78462,0.78614,8175
39105,29,H4,M,2026-05-27 09:00:00,0.78616,0.7867,0.78434,0.78529,12203
39106,29,H4,M,2026-05-27 13:00:00,0.78528,0.78757,0.78452,0.78656,17588
39107,29,H4,M,2026-05-27 17:00:00,0.78655,0.78737,0.78652,0.78713,5482
39108,29,H4,M,2026-05-27 21:00:00,0.78684,0.78808,0.7864,0.78783,6310
39109,29,H4,M,2026-05-28 01:00:00,0.78782,0.78994,0.7878,0.78958,8375
39110,29,H4,M,2026-05-28 05:00:00,0.78956,0.78963,0.78737,0.78887,8805
39111,29,H4,M,2026-05-28 09:00:00,0.78888,0.78992,0.78669,0.78682,11035
39112,29,H4,M,2026-05-28 13:00:00,0.7868,0.78751,0.78346,0.78359,20916
39113,29,H4,M,2026-05-28 17:00:00,0.78358,0.78419,0.78334,0.78405,7024
39114,29,H4,M,2026-05-28 21:00:00,0.78417,0.78436,0.78361,0.78386,3940
39115,29,H4,M,2026-05-29 01:00:00,0.78385,0.78459,0.7831,0.78412,6641
39116,29,H4,M,2026-05-29 05:00:00,0.78412,0.78472,0.78329,0.78434,9770
39117,29,H4,M,2026-05-29 09:00:00,0.78435,0.78436,0.78138,0.78138,11040
39118,29,H4,M,2026-05-29 13:00:00,0.78138,0.78284,0.77954,0.78136,22250
39119,29,H4,M,2026-05-29 17:00:00,0.78136,0.78256,0.77998,0.78098,8313
39120,29,H4,M,2026-05-31 21:00:00,0.78142,0.78292,0.7808,0.78278,6449
39121,29,H4,M,2026-06-01 01:00:00,0.78276,0.78338,0.7827,0.78302,6806
39122,29,H4,M,2026-06-01 05:00:00,0.783,0.78364,0.78204,0.78312,11706
39123,29,H4,M,2026-06-01 09:00:00,0.78312,0.78512,0.78289,0.7851,10294
39124,29,H4,M,2026-06-01 13:00:00,0.7851,0.78845,0.78504,0.7864,22770
39125,29,H4,M,2026-06-01 17:00:00,0.78639,0.78693,0.78573,0.78668,7848
39126,29,H4,M,2026-06-01 21:00:00,0.78651,0.7871,0.78628,0.78694,14748
39127,29,H4,M,2026-06-02 01:00:00,0.7869,0.7872,0.78614,0.78621,7437
39128,29,H4,M,2026-06-02 05:00:00,0.7862,0.78657,0.78444,0.786,11000
39129,29,H4,M,2026-06-02 09:00:00,0.786,0.7862,0.78496,0.78572,9510
39130,46,H4,M,2026-05-21 21:00:00,184.666,184.803,184.635,184.778,11088
39131,46,H4,M,2026-05-22 01:00:00,184.775,184.811,184.63,184.766,17423
39132,46,H4,M,2026-05-22 05:00:00,184.762,184.807,184.628,184.672,25870
39133,46,H4,M,2026-05-22 09:00:00,184.67,184.688,184.493,184.598,30809
39134,46,H4,M,2026-05-22 13:00:00,184.598,184.826,184.45,184.824,41447
39135,46,H4,M,2026-05-22 17:00:00,184.824,184.86,184.63,184.718,28382
39136,46,H4,M,2026-05-24 21:00:00,184.887,185.074,184.774,184.91,15933
39137,46,H4,M,2026-05-25 01:00:00,184.911,184.974,184.845,184.949,21304
39138,46,H4,M,2026-05-25 05:00:00,184.948,185.09,184.923,185.038,25304
39139,46,H4,M,2026-05-25 09:00:00,185.036,185.142,185.006,185.096,20051
39140,46,H4,M,2026-05-25 13:00:00,185.095,185.118,184.926,184.976,20703
39141,46,H4,M,2026-05-25 17:00:00,184.976,185.051,184.962,185.046,6525
39142,46,H4,M,2026-05-25 21:00:00,184.975,185.058,184.902,185.024,12772
39143,46,H4,M,2026-05-26 01:00:00,185.024,185.043,184.89,184.918,17813
39144,46,H4,M,2026-05-26 05:00:00,184.918,185.363,184.884,185.267,26268
39145,46,H4,M,2026-05-26 09:00:00,185.27,185.348,185.191,185.216,28251
39146,46,H4,M,2026-05-26 13:00:00,185.214,185.256,185.064,185.181,35810
39147,46,H4,M,2026-05-26 17:00:00,185.184,185.328,185.153,185.31,17481
39148,46,H4,M,2026-05-26 21:00:00,185.239,185.422,185.228,185.372,13827
39149,46,H4,M,2026-05-27 01:00:00,185.368,185.391,185.276,185.38,19952
39150,46,H4,M,2026-05-27 05:00:00,185.379,185.707,185.375,185.613,24116
39151,46,H4,M,2026-05-27 09:00:00,185.613,185.789,185.456,185.624,33690
39152,46,H4,M,2026-05-27 13:00:00,185.624,185.75,185.408,185.534,45942
39153,46,H4,M,2026-05-27 17:00:00,185.534,185.554,185.432,185.457,16689
39154,46,H4,M,2026-05-27 21:00:00,185.461,185.512,185.36,185.416,12638
39155,46,H4,M,2026-05-28 01:00:00,185.42,185.427,184.899,184.98,25442
39156,46,H4,M,2026-05-28 05:00:00,184.98,185.268,184.916,185.222,28520
39157,46,H4,M,2026-05-28 09:00:00,185.22,185.454,185.026,185.45,30617
39158,46,H4,M,2026-05-28 13:00:00,185.45,185.658,185.396,185.536,47265
39159,46,H4,M,2026-05-28 17:00:00,185.54,185.548,185.452,185.523,19555
39160,46,H4,M,2026-05-28 21:00:00,185.519,185.65,185.509,185.553,12463
39161,46,H4,M,2026-05-29 01:00:00,185.554,185.647,185.394,185.416,21358
39162,46,H4,M,2026-05-29 05:00:00,185.414,185.577,185.188,185.236,28762
39163,46,H4,M,2026-05-29 09:00:00,185.232,185.528,185.208,185.522,31943
39164,46,H4,M,2026-05-29 13:00:00,185.523,185.983,185.48,185.821,46914
39165,46,H4,M,2026-05-29 17:00:00,185.822,185.838,185.678,185.748,27898
39166,46,H4,M,2026-05-31 21:00:00,185.734,185.822,185.63,185.731,26168
39167,46,H4,M,2026-06-01 01:00:00,185.732,185.754,185.66,185.741,16297
39168,46,H4,M,2026-06-01 05:00:00,185.743,185.981,185.74,185.89,29991
39169,46,H4,M,2026-06-01 09:00:00,185.888,185.924,185.65,185.762,30920
39170,46,H4,M,2026-06-01 13:00:00,185.762,185.794,185.394,185.618,53887
39171,46,H4,M,2026-06-01 17:00:00,185.618,185.823,185.582,185.734,22742
39172,46,H4,M,2026-06-01 21:00:00,185.688,185.794,185.666,185.714,13002
39173,46,H4,M,2026-06-02 01:00:00,185.714,185.902,185.705,185.891,17508
39174,46,H4,M,2026-06-02 05:00:00,185.891,186.099,185.874,186,25418
39175,46,H4,M,2026-06-02 09:00:00,186.003,186.204,185.911,186.154,25876
39176,48,H4,M,2026-05-21 21:00:00,158.929,159.128,158.928,159.092,10659
39177,48,H4,M,2026-05-22 01:00:00,159.092,159.124,159.002,159.07,17943
39178,48,H4,M,2026-05-22 05:00:00,159.071,159.146,159.057,159.092,25943
39179,48,H4,M,2026-05-22 09:00:00,159.091,159.15,159.06,159.08,29736
39180,48,H4,M,2026-05-22 13:00:00,159.079,159.234,158.992,159.176,44842
39181,48,H4,M,2026-05-22 17:00:00,159.176,159.215,159.064,159.206,33237
39182,48,H4,M,2026-05-24 21:00:00,158.817,159.01,158.816,158.9,15105
39183,48,H4,M,2026-05-25 01:00:00,158.899,158.916,158.759,158.863,14210
39184,48,H4,M,2026-05-25 05:00:00,158.862,159.042,158.846,158.918,18911
39185,48,H4,M,2026-05-25 09:00:00,158.917,158.96,158.882,158.904,14218
39186,48,H4,M,2026-05-25 13:00:00,158.904,158.952,158.882,158.9,15996
39187,48,H4,M,2026-05-25 17:00:00,158.898,158.946,158.888,158.929,4917
39188,48,H4,M,2026-05-25 21:00:00,158.904,158.994,158.864,158.972,12962
39189,48,H4,M,2026-05-26 01:00:00,158.972,159.025,158.912,159.004,17071
39190,48,H4,M,2026-05-26 05:00:00,159.005,159.241,158.974,159.212,25236
39191,48,H4,M,2026-05-26 09:00:00,159.211,159.23,159.108,159.228,25348
39192,48,H4,M,2026-05-26 13:00:00,159.228,159.383,159.226,159.308,28110
39193,48,H4,M,2026-05-26 17:00:00,159.31,159.382,159.286,159.314,14213
39194,48,H4,M,2026-05-26 21:00:00,159.298,159.32,159.179,159.281,12656
39195,48,H4,M,2026-05-27 01:00:00,159.278,159.308,159.189,159.244,19454
39196,48,H4,M,2026-05-27 05:00:00,159.244,159.445,159.231,159.396,19557
39197,48,H4,M,2026-05-27 09:00:00,159.395,159.45,159.248,159.42,30321
39198,48,H4,M,2026-05-27 13:00:00,159.418,159.538,159.37,159.498,40401
39199,48,H4,M,2026-05-27 17:00:00,159.499,159.581,159.494,159.518,16920
39200,48,H4,M,2026-05-27 21:00:00,159.483,159.603,159.454,159.556,11130
39201,48,H4,M,2026-05-28 01:00:00,159.558,159.654,159.522,159.577,22650
39202,48,H4,M,2026-05-28 05:00:00,159.578,159.584,159.442,159.458,26657
39203,48,H4,M,2026-05-28 09:00:00,159.457,159.472,159.316,159.37,32327
39204,48,H4,M,2026-05-28 13:00:00,159.368,159.493,159.112,159.164,59012
39205,48,H4,M,2026-05-28 17:00:00,159.164,159.288,159.148,159.246,23098
39206,48,H4,M,2026-05-28 21:00:00,159.212,159.324,159.204,159.29,14669
39207,48,H4,M,2026-05-29 01:00:00,159.289,159.38,159.254,159.302,21057
39208,48,H4,M,2026-05-29 05:00:00,159.302,159.335,159.201,159.296,24676
39209,48,H4,M,2026-05-29 09:00:00,159.296,159.322,159.238,159.258,28164
39210,48,H4,M,2026-05-29 13:00:00,159.258,159.358,159.099,159.2,47844
39211,48,H4,M,2026-05-29 17:00:00,159.2,159.305,159.184,159.271,23295
39212,48,H4,M,2026-05-31 21:00:00,159.368,159.471,159.298,159.456,20935
39213,48,H4,M,2026-06-01 01:00:00,159.459,159.498,159.441,159.459,16970
39214,48,H4,M,2026-06-01 05:00:00,159.46,159.5,159.409,159.452,25346
39215,48,H4,M,2026-06-01 09:00:00,159.452,159.496,159.436,159.488,24272
39216,48,H4,M,2026-06-01 13:00:00,159.487,159.766,159.487,159.604,62451
39217,48,H4,M,2026-06-01 17:00:00,159.605,159.763,159.572,159.672,27168
39218,48,H4,M,2026-06-01 21:00:00,159.662,159.726,159.6,159.666,13767
39219,48,H4,M,2026-06-02 01:00:00,159.664,159.73,159.639,159.729,20133
39220,48,H4,M,2026-06-02 05:00:00,159.73,159.747,159.658,159.742,24359
39221,48,H4,M,2026-06-02 09:00:00,159.744,159.786,159.698,159.784,18784
39222,54,H4,M,2026-05-21 21:00:00,213.406,213.636,213.366,213.575,18829
39223,54,H4,M,2026-05-22 01:00:00,213.575,213.634,213.47,213.623,20866
39224,54,H4,M,2026-05-22 05:00:00,213.623,213.739,213.444,213.583,23677
39225,54,H4,M,2026-05-22 09:00:00,213.58,213.74,213.496,213.73,33783
39226,54,H4,M,2026-05-22 13:00:00,213.731,214.049,213.556,213.984,46328
39227,54,H4,M,2026-05-22 17:00:00,213.984,214.014,213.786,213.825,25877
39228,54,H4,M,2026-05-24 21:00:00,213.753,214.31,213.635,214.182,15781
39229,54,H4,M,2026-05-25 01:00:00,214.179,214.23,214.052,214.197,17608
39230,54,H4,M,2026-05-25 05:00:00,214.195,214.444,214.192,214.436,24798
39231,54,H4,M,2026-05-25 09:00:00,214.436,214.614,214.387,214.532,18636
39232,54,H4,M,2026-05-25 13:00:00,214.53,214.602,214.422,214.575,20670
39233,54,H4,M,2026-05-25 17:00:00,214.574,214.684,214.567,214.674,6286
39234,54,H4,M,2026-05-25 21:00:00,214.56,214.652,214.426,214.52,16495
39235,54,H4,M,2026-05-26 01:00:00,214.518,214.551,214.322,214.355,18991
39236,54,H4,M,2026-05-26 05:00:00,214.356,214.646,214.268,214.538,27766
39237,54,H4,M,2026-05-26 09:00:00,214.538,214.684,214.39,214.432,33997
39238,54,H4,M,2026-05-26 13:00:00,214.433,214.512,214.079,214.132,38716
39239,54,H4,M,2026-05-26 17:00:00,214.135,214.326,214.11,214.226,17900
39240,54,H4,M,2026-05-26 21:00:00,214.208,214.356,214.198,214.318,14740
39241,54,H4,M,2026-05-27 01:00:00,214.318,214.324,214.164,214.252,21776
39242,54,H4,M,2026-05-27 05:00:00,214.252,214.421,214.192,214.329,25295
39243,54,H4,M,2026-05-27 09:00:00,214.33,214.378,214.134,214.262,40406
39244,54,H4,M,2026-05-27 13:00:00,214.26,214.484,214.01,214.222,49322
39245,54,H4,M,2026-05-27 17:00:00,214.223,214.286,214.077,214.202,18938
39246,54,H4,M,2026-05-27 21:00:00,214.084,214.216,213.984,214.022,14618
39247,54,H4,M,2026-05-28 01:00:00,214.026,214.032,213.332,213.478,29163
39248,54,H4,M,2026-05-28 05:00:00,213.478,213.89,213.424,213.702,36154
39249,54,H4,M,2026-05-28 09:00:00,213.702,213.894,213.426,213.89,39159
39250,54,H4,M,2026-05-28 13:00:00,213.892,214.136,213.809,214.02,55938
39251,54,H4,M,2026-05-28 17:00:00,214.021,214.103,213.983,214.086,23926
39252,54,H4,M,2026-05-28 21:00:00,214.072,214.186,213.994,214.102,15326
39253,54,H4,M,2026-05-29 01:00:00,214.1,214.222,214.024,214.077,23182
39254,54,H4,M,2026-05-29 05:00:00,214.08,214.168,213.596,213.642,31780
39255,54,H4,M,2026-05-29 09:00:00,213.644,213.963,213.594,213.956,38043
39256,54,H4,M,2026-05-29 13:00:00,213.956,214.637,213.908,214.397,53303
39257,54,H4,M,2026-05-29 17:00:00,214.4,214.542,214.25,214.321,35561
39258,54,H4,M,2026-05-31 21:00:00,214.467,214.587,214.318,214.495,28185
39259,54,H4,M,2026-06-01 01:00:00,214.496,214.616,214.478,214.59,19167
39260,54,H4,M,2026-06-01 05:00:00,214.59,214.884,214.584,214.796,34607
39261,54,H4,M,2026-06-01 09:00:00,214.796,214.864,214.579,214.732,36127
39262,54,H4,M,2026-06-01 13:00:00,214.733,214.848,214.17,214.838,60766
39263,54,H4,M,2026-06-01 17:00:00,214.84,215.014,214.767,214.836,26954
39264,54,H4,M,2026-06-01 21:00:00,214.9,214.967,214.755,214.812,21301
39265,54,H4,M,2026-06-02 01:00:00,214.81,215.067,214.8,215.06,23152
39266,54,H4,M,2026-06-02 05:00:00,215.062,215.322,215.017,215.072,35498
39267,54,H4,M,2026-06-02 09:00:00,215.072,215.317,215.029,215.262,32436
39268,60,H4,M,2026-05-21 21:00:00,0.71542,0.71554,0.71404,0.71414,5518
39269,60,H4,M,2026-05-22 01:00:00,0.71412,0.71443,0.71345,0.71408,8089
39270,60,H4,M,2026-05-22 05:00:00,0.71407,0.71462,0.71273,0.71336,13239
39271,60,H4,M,2026-05-22 09:00:00,0.71332,0.7134,0.71198,0.71318,13674
39272,60,H4,M,2026-05-22 13:00:00,0.7132,0.71428,0.71166,0.71354,20363
39273,60,H4,M,2026-05-22 17:00:00,0.71354,0.71424,0.71262,0.71281,12721
39274,60,H4,M,2026-05-24 21:00:00,0.71577,0.71654,0.71536,0.71588,6555
39275,60,H4,M,2026-05-25 01:00:00,0.71588,0.7173,0.71585,0.71692,7798
39276,60,H4,M,2026-05-25 05:00:00,0.7169,0.71718,0.71521,0.71668,8725
39277,60,H4,M,2026-05-25 09:00:00,0.7167,0.71752,0.71642,0.71698,6544
39278,60,H4,M,2026-05-25 13:00:00,0.71696,0.71822,0.71671,0.71734,6963
39279,60,H4,M,2026-05-25 17:00:00,0.71735,0.71769,0.7173,0.71754,1422
39280,60,H4,M,2026-05-25 21:00:00,0.7172,0.71758,0.71641,0.71704,6103
39281,60,H4,M,2026-05-26 01:00:00,0.71704,0.71726,0.71611,0.71612,9311
39282,60,H4,M,2026-05-26 05:00:00,0.71608,0.71691,0.71554,0.71638,12001
39283,60,H4,M,2026-05-26 09:00:00,0.71638,0.7169,0.71591,0.71682,10885
39284,60,H4,M,2026-05-26 13:00:00,0.71681,0.71766,0.71584,0.71629,16883
39285,60,H4,M,2026-05-26 17:00:00,0.71628,0.71702,0.7161,0.71672,5959
39286,60,H4,M,2026-05-26 21:00:00,0.71698,0.71798,0.71663,0.71756,4999
39287,60,H4,M,2026-05-27 01:00:00,0.71753,0.71786,0.71526,0.71611,12862
39288,60,H4,M,2026-05-27 05:00:00,0.71609,0.71626,0.71359,0.71418,13504
39289,60,H4,M,2026-05-27 09:00:00,0.71416,0.71496,0.71238,0.7134,15703
39290,60,H4,M,2026-05-27 13:00:00,0.7134,0.71422,0.71248,0.71392,24654
39291,60,H4,M,2026-05-27 17:00:00,0.71392,0.71428,0.7132,0.71416,8143
39292,60,H4,M,2026-05-27 21:00:00,0.71409,0.71446,0.71283,0.71317,8238
39293,60,H4,M,2026-05-28 01:00:00,0.71314,0.71332,0.70979,0.71044,15359
39294,60,H4,M,2026-05-28 05:00:00,0.71045,0.71272,0.71018,0.71176,13929
39295,60,H4,M,2026-05-28 09:00:00,0.71175,0.71332,0.71084,0.7132,13652
39296,60,H4,M,2026-05-28 13:00:00,0.71321,0.71698,0.71253,0.71683,24893
39297,60,H4,M,2026-05-28 17:00:00,0.71684,0.71688,0.71606,0.71628,8501
39298,60,H4,M,2026-05-28 21:00:00,0.71644,0.71674,0.71586,0.71604,7884
39299,60,H4,M,2026-05-29 01:00:00,0.71604,0.71657,0.71534,0.71634,8976
39300,60,H4,M,2026-05-29 05:00:00,0.71634,0.71674,0.71493,0.71529,11597
39301,60,H4,M,2026-05-29 09:00:00,0.71531,0.71792,0.7151,0.71792,11147
39302,60,H4,M,2026-05-29 13:00:00,0.71792,0.72006,0.71758,0.71886,24960
39303,60,H4,M,2026-05-29 17:00:00,0.7189,0.71896,0.71812,0.71842,11475
39304,60,H4,M,2026-05-31 21:00:00,0.71711,0.71852,0.71711,0.71838,7253
39305,60,H4,M,2026-06-01 01:00:00,0.71839,0.71876,0.71758,0.71856,7744
39306,60,H4,M,2026-06-01 05:00:00,0.71859,0.71903,0.71768,0.71842,10089
39307,60,H4,M,2026-06-01 09:00:00,0.71844,0.71858,0.71677,0.717,10848
39308,60,H4,M,2026-06-01 13:00:00,0.71698,0.71704,0.71347,0.71604,28149
39309,60,H4,M,2026-06-01 17:00:00,0.71606,0.71718,0.71576,0.7161,8532
39310,60,H4,M,2026-06-01 21:00:00,0.71662,0.71666,0.71575,0.7159,6039
39311,60,H4,M,2026-06-02 01:00:00,0.71592,0.71677,0.71528,0.71624,10629
39312,60,H4,M,2026-06-02 05:00:00,0.71623,0.71868,0.71614,0.71798,12097
39313,60,H4,M,2026-06-02 09:00:00,0.71797,0.7185,0.7176,0.71773,9610
39314,69,H4,M,2026-05-21 21:00:00,1.34264,1.3437,1.34232,1.34256,19734
39315,69,H4,M,2026-05-22 01:00:00,1.34252,1.3432,1.34233,1.34306,26987
39316,69,H4,M,2026-05-22 05:00:00,1.34304,1.34388,1.34133,1.34262,34898
39317,69,H4,M,2026-05-22 09:00:00,1.3426,1.34372,1.34168,1.34368,33931
39318,69,H4,M,2026-05-22 13:00:00,1.3437,1.34632,1.3418,1.34443,52462
39319,69,H4,M,2026-05-22 17:00:00,1.34446,1.34538,1.34296,1.34312,30091
39320,69,H4,M,2026-05-24 21:00:00,1.3459,1.34884,1.34514,1.3479,13471
39321,69,H4,M,2026-05-25 01:00:00,1.3479,1.34908,1.34742,1.34832,19526
39322,69,H4,M,2026-05-25 05:00:00,1.34832,1.3494,1.34706,1.34936,24650
39323,69,H4,M,2026-05-25 09:00:00,1.34936,1.35066,1.34876,1.35008,16280
39324,69,H4,M,2026-05-25 13:00:00,1.35006,1.35054,1.34927,1.3504,18695
39325,69,H4,M,2026-05-25 17:00:00,1.3504,1.35091,1.35035,1.3507,6226
39326,69,H4,M,2026-05-25 21:00:00,1.35024,1.35068,1.34881,1.34943,14917
39327,69,H4,M,2026-05-26 01:00:00,1.34942,1.34951,1.34806,1.34808,19813
39328,69,H4,M,2026-05-26 05:00:00,1.34809,1.34852,1.34648,1.3475,32507
39329,69,H4,M,2026-05-26 09:00:00,1.3475,1.34895,1.34658,1.3467,32376
39330,69,H4,M,2026-05-26 13:00:00,1.3467,1.34704,1.34346,1.34412,45236
39331,69,H4,M,2026-05-26 17:00:00,1.34414,1.34538,1.34386,1.34471,17055
39332,69,H4,M,2026-05-26 21:00:00,1.3448,1.34591,1.34466,1.34556,11776
39333,69,H4,M,2026-05-27 01:00:00,1.34556,1.34586,1.34462,1.34542,21356
39334,69,H4,M,2026-05-27 05:00:00,1.34541,1.34569,1.34415,1.34465,28652
39335,69,H4,M,2026-05-27 09:00:00,1.34464,1.3457,1.34304,1.34402,39498
39336,69,H4,M,2026-05-27 13:00:00,1.344,1.34582,1.34164,1.3431,58740
39337,69,H4,M,2026-05-27 17:00:00,1.3431,1.34332,1.34174,1.34276,21835
39338,69,H4,M,2026-05-27 21:00:00,1.34228,1.34308,1.34096,1.34136,14565
39339,69,H4,M,2026-05-28 01:00:00,1.34136,1.34142,1.33676,1.33778,32937
39340,69,H4,M,2026-05-28 05:00:00,1.33778,1.34116,1.33754,1.34018,42588
39341,69,H4,M,2026-05-28 09:00:00,1.34017,1.34251,1.33866,1.3421,40687
39342,69,H4,M,2026-05-28 13:00:00,1.34211,1.34514,1.34075,1.34467,66829
39343,69,H4,M,2026-05-28 17:00:00,1.34468,1.34482,1.34366,1.34439,30133
39344,69,H4,M,2026-05-28 21:00:00,1.34458,1.34489,1.34395,1.34409,11659
39345,69,H4,M,2026-05-29 01:00:00,1.3441,1.34508,1.34306,1.34386,22357
39346,69,H4,M,2026-05-29 05:00:00,1.34386,1.34448,1.34084,1.34117,33358
39347,69,H4,M,2026-05-29 09:00:00,1.34116,1.34346,1.34096,1.34342,37224
39348,69,H4,M,2026-05-29 13:00:00,1.34343,1.34854,1.34297,1.34674,67949
39349,69,H4,M,2026-05-29 17:00:00,1.34675,1.34711,1.34534,1.34564,30657
39350,69,H4,M,2026-05-31 21:00:00,1.34574,1.34644,1.34457,1.34515,29079
39351,69,H4,M,2026-06-01 01:00:00,1.34515,1.34596,1.34486,1.34572,21933
39352,69,H4,M,2026-06-01 05:00:00,1.34573,1.34762,1.34555,1.34708,36481
39353,69,H4,M,2026-06-01 09:00:00,1.34708,1.34752,1.34556,1.34638,35374
39354,69,H4,M,2026-06-01 13:00:00,1.34638,1.3464,1.34069,1.34608,70713
39355,69,H4,M,2026-06-01 17:00:00,1.34608,1.34702,1.34534,1.34552,26900
39356,69,H4,M,2026-06-01 21:00:00,1.34596,1.3465,1.34526,1.34538,19276
39357,69,H4,M,2026-06-02 01:00:00,1.3454,1.34648,1.34509,1.3464,22321
39358,69,H4,M,2026-06-02 05:00:00,1.3464,1.34818,1.34608,1.34636,37357
39359,69,H4,M,2026-06-02 09:00:00,1.34636,1.34774,1.34607,1.3472,30217
39360,78,H4,M,2026-05-21 21:00:00,1.37804,1.3788,1.37741,1.37837,6761
39361,78,H4,M,2026-05-22 01:00:00,1.3784,1.37928,1.37834,1.37894,11133
39362,78,H4,M,2026-05-22 05:00:00,1.37894,1.37956,1.37838,1.37848,15904
39363,78,H4,M,2026-05-22 09:00:00,1.3785,1.38072,1.37842,1.3804,15435
39364,78,H4,M,2026-05-22 13:00:00,1.38039,1.38226,1.3791,1.38083,24560
39365,78,H4,M,2026-05-22 17:00:00,1.38083,1.38246,1.38046,1.38212,13205
39366,78,H4,M,2026-05-24 21:00:00,1.38054,1.38152,1.37986,1.38039,9291
39367,78,H4,M,2026-05-25 01:00:00,1.3804,1.38109,1.37957,1.38062,12156
39368,78,H4,M,2026-05-25 05:00:00,1.38061,1.38207,1.3804,1.38129,12317
39369,78,H4,M,2026-05-25 09:00:00,1.38128,1.38183,1.38049,1.38071,9506
39370,78,H4,M,2026-05-25 13:00:00,1.3807,1.38106,1.3795,1.38031,13645
39371,78,H4,M,2026-05-25 17:00:00,1.38031,1.38054,1.37992,1.38032,3446
39372,78,H4,M,2026-05-25 21:00:00,1.38032,1.3809,1.38019,1.38038,7185
39373,78,H4,M,2026-05-26 01:00:00,1.38037,1.38114,1.38026,1.38114,14855
39374,78,H4,M,2026-05-26 05:00:00,1.38115,1.38154,1.3799,1.38032,19556
39375,78,H4,M,2026-05-26 09:00:00,1.38032,1.38215,1.37994,1.38182,16972
39376,78,H4,M,2026-05-26 13:00:00,1.38182,1.38191,1.37999,1.38124,30233
39377,78,H4,M,2026-05-26 17:00:00,1.38124,1.38198,1.38086,1.38126,16508
39378,78,H4,M,2026-05-26 21:00:00,1.38097,1.38148,1.38038,1.38073,8917
39379,78,H4,M,2026-05-27 01:00:00,1.38074,1.3815,1.38065,1.38093,15518
39380,78,H4,M,2026-05-27 05:00:00,1.38092,1.38296,1.38087,1.38284,16508
39381,78,H4,M,2026-05-27 09:00:00,1.38284,1.38397,1.38203,1.38283,19063
39382,78,H4,M,2026-05-27 13:00:00,1.38283,1.38522,1.3823,1.38265,33553
39383,78,H4,M,2026-05-27 17:00:00,1.38266,1.38412,1.38265,1.38407,15035
39384,78,H4,M,2026-05-27 21:00:00,1.38386,1.38497,1.38369,1.38478,10079
39385,78,H4,M,2026-05-28 01:00:00,1.38478,1.38698,1.38472,1.38618,16474
39386,78,H4,M,2026-05-28 05:00:00,1.38616,1.38652,1.38456,1.38601,22985
39387,78,H4,M,2026-05-28 09:00:00,1.38603,1.387,1.38402,1.3844,26840
39388,78,H4,M,2026-05-28 13:00:00,1.38438,1.38522,1.37894,1.37918,39747
39389,78,H4,M,2026-05-28 17:00:00,1.37918,1.37924,1.37739,1.3784,19466
39390,78,H4,M,2026-05-28 21:00:00,1.37811,1.37876,1.37782,1.37843,11180
39391,78,H4,M,2026-05-29 01:00:00,1.37842,1.37917,1.37782,1.37894,16986
39392,78,H4,M,2026-05-29 05:00:00,1.37894,1.38078,1.37849,1.38058,19645
39393,78,H4,M,2026-05-29 09:00:00,1.38057,1.38296,1.37998,1.38181,24858
39394,78,H4,M,2026-05-29 13:00:00,1.3818,1.3821,1.37702,1.37992,46568
39395,78,H4,M,2026-05-29 17:00:00,1.3799,1.38013,1.3785,1.37958,22991
39396,78,H4,M,2026-05-31 21:00:00,1.38018,1.38066,1.37898,1.38051,13494
39397,78,H4,M,2026-06-01 01:00:00,1.3805,1.38138,1.38046,1.38085,22908
39398,78,H4,M,2026-06-01 05:00:00,1.38084,1.38204,1.38019,1.38151,17529
39399,78,H4,M,2026-06-01 09:00:00,1.38154,1.38385,1.38123,1.38264,21562
39400,78,H4,M,2026-06-01 13:00:00,1.38266,1.38496,1.38264,1.38286,39685
39401,78,H4,M,2026-06-01 17:00:00,1.38285,1.3843,1.38275,1.38412,18508
39402,78,H4,M,2026-06-01 21:00:00,1.38446,1.38458,1.3835,1.3845,7195
39403,78,H4,M,2026-06-02 01:00:00,1.38449,1.38486,1.38426,1.38447,17617
39404,78,H4,M,2026-06-02 05:00:00,1.38448,1.38486,1.38355,1.38478,18014
39405,78,H4,M,2026-06-02 09:00:00,1.38476,1.38544,1.38358,1.3837,20305
39406,88,H4,M,2026-05-21 21:00:00,0.86538,0.86557,0.86477,0.86514,6302
39407,88,H4,M,2026-05-22 01:00:00,0.86514,0.86517,0.86478,0.86488,4252
39408,88,H4,M,2026-05-22 05:00:00,0.86488,0.86531,0.86429,0.8646,7313
39409,88,H4,M,2026-05-22 09:00:00,0.86461,0.86464,0.86366,0.86368,7608
39410,88,H4,M,2026-05-22 13:00:00,0.8637,0.86402,0.863,0.8637,13054
39411,88,H4,M,2026-05-22 17:00:00,0.8637,0.86406,0.86336,0.86385,6718
39412,88,H4,M,2026-05-24 21:00:00,0.86474,0.86519,0.8633,0.86332,4993
39413,88,H4,M,2026-05-25 01:00:00,0.86333,0.86366,0.86324,0.86345,4107
39414,88,H4,M,2026-05-25 05:00:00,0.86346,0.86348,0.86288,0.86291,5851
39415,88,H4,M,2026-05-25 09:00:00,0.8629,0.8631,0.86246,0.86278,4007
39416,88,H4,M,2026-05-25 13:00:00,0.86278,0.86284,0.862,0.86204,4791
39417,88,H4,M,2026-05-25 17:00:00,0.86206,0.86212,0.8618,0.862,1342
39418,88,H4,M,2026-05-25 21:00:00,0.86209,0.86257,0.86191,0.86251,5970
39419,88,H4,M,2026-05-26 01:00:00,0.86253,0.86274,0.86245,0.86268,3431
39420,88,H4,M,2026-05-26 05:00:00,0.86268,0.86388,0.86267,0.86357,7093
39421,88,H4,M,2026-05-26 09:00:00,0.86356,0.86392,0.86312,0.86372,7840
39422,88,H4,M,2026-05-26 13:00:00,0.86374,0.86494,0.86329,0.8648,11749
39423,88,H4,M,2026-05-26 17:00:00,0.86478,0.86506,0.86454,0.865,3969
39424,88,H4,M,2026-05-26 21:00:00,0.86473,0.86504,0.86464,0.86493,4495
39425,88,H4,M,2026-05-27 01:00:00,0.86494,0.86528,0.86494,0.86527,4204
39426,88,H4,M,2026-05-27 05:00:00,0.86526,0.86625,0.86522,0.86604,6342
39427,88,H4,M,2026-05-27 09:00:00,0.866,0.86672,0.86564,0.86636,9871
39428,88,H4,M,2026-05-27 13:00:00,0.86639,0.86662,0.86553,0.86608,13648
39429,88,H4,M,2026-05-27 17:00:00,0.86609,0.86629,0.8657,0.8658,4808
39430,88,H4,M,2026-05-27 21:00:00,0.86622,0.86638,0.8658,0.86636,3655
39431,88,H4,M,2026-05-28 01:00:00,0.86634,0.8669,0.86632,0.86651,6800
39432,88,H4,M,2026-05-28 05:00:00,0.8665,0.86679,0.86575,0.86672,8433
39433,88,H4,M,2026-05-28 09:00:00,0.86673,0.86718,0.86626,0.86706,8318
39434,88,H4,M,2026-05-28 13:00:00,0.86708,0.86741,0.86634,0.8669,14600
39435,88,H4,M,2026-05-28 17:00:00,0.86692,0.86694,0.86646,0.86657,5043
39436,88,H4,M,2026-05-28 21:00:00,0.86649,0.86679,0.86649,0.86666,2895
39437,88,H4,M,2026-05-29 01:00:00,0.86667,0.86686,0.86606,0.86612,4731
39438,88,H4,M,2026-05-29 05:00:00,0.8661,0.86756,0.86608,0.86703,7261
39439,88,H4,M,2026-05-29 09:00:00,0.86702,0.86818,0.86696,0.86712,8350
39440,88,H4,M,2026-05-29 13:00:00,0.86712,0.86716,0.8655,0.8667,14815
39441,88,H4,M,2026-05-29 17:00:00,0.86668,0.8668,0.86607,0.86667,7083
39442,88,H4,M,2026-05-31 21:00:00,0.86602,0.86666,0.8657,0.8659,7588
39443,88,H4,M,2026-06-01 01:00:00,0.8659,0.86593,0.8654,0.86556,4435
39444,88,H4,M,2026-06-01 05:00:00,0.86558,0.86611,0.86514,0.86542,7676
39445,88,H4,M,2026-06-01 09:00:00,0.8654,0.8657,0.86478,0.86508,8273
39446,88,H4,M,2026-06-01 13:00:00,0.86509,0.86584,0.86388,0.864,15468
39447,88,H4,M,2026-06-01 17:00:00,0.864,0.86455,0.86374,0.86454,5453
39448,88,H4,M,2026-06-01 21:00:00,0.86408,0.8647,0.86404,0.86454,8426
39449,88,H4,M,2026-06-02 01:00:00,0.86454,0.86469,0.86432,0.86437,4984
39450,88,H4,M,2026-06-02 05:00:00,0.86438,0.86502,0.86412,0.86483,7495
39451,88,H4,M,2026-06-02 09:00:00,0.86482,0.8649,0.86413,0.86479,6616
39452,100,H4,M,2026-05-21 21:00:00,0.58776,0.58816,0.58706,0.58729,7556
39453,100,H4,M,2026-05-22 01:00:00,0.58728,0.58784,0.58696,0.58741,8798
39454,100,H4,M,2026-05-22 05:00:00,0.5874,0.5877,0.58586,0.58613,13105
39455,100,H4,M,2026-05-22 09:00:00,0.58612,0.58613,0.58502,0.58591,12951
39456,100,H4,M,2026-05-22 13:00:00,0.58593,0.58679,0.58444,0.58583,17511
39457,100,H4,M,2026-05-22 17:00:00,0.58584,0.58648,0.5847,0.58492,8218
39458,100,H4,M,2026-05-24 21:00:00,0.5881,0.5881,0.58698,0.58726,6776
39459,100,H4,M,2026-05-25 01:00:00,0.58725,0.58819,0.58688,0.58766,9223
39460,100,H4,M,2026-05-25 05:00:00,0.58765,0.58784,0.58623,0.58722,9047
39461,100,H4,M,2026-05-25 09:00:00,0.58722,0.58788,0.58677,0.58754,5369
39462,100,H4,M,2026-05-25 13:00:00,0.58754,0.5878,0.5869,0.58724,5558
39463,100,H4,M,2026-05-25 17:00:00,0.58724,0.58744,0.58715,0.58731,1571
39464,100,H4,M,2026-05-25 21:00:00,0.58723,0.58748,0.58554,0.58594,9361
39465,100,H4,M,2026-05-26 01:00:00,0.58594,0.58606,0.5848,0.58498,9851
39466,100,H4,M,2026-05-26 05:00:00,0.58498,0.58546,0.58432,0.5845,11479
39467,100,H4,M,2026-05-26 09:00:00,0.58449,0.58486,0.58394,0.584,9193
39468,100,H4,M,2026-05-26 13:00:00,0.584,0.58456,0.5833,0.58344,13669
39469,100,H4,M,2026-05-26 17:00:00,0.58344,0.5839,0.5832,0.5837,4255
39470,100,H4,M,2026-05-26 21:00:00,0.58365,0.5848,0.58358,0.58456,5634
39471,100,H4,M,2026-05-27 01:00:00,0.58454,0.58784,0.58373,0.58774,16149
39472,100,H4,M,2026-05-27 05:00:00,0.58772,0.58806,0.58682,0.58776,13261
39473,100,H4,M,2026-05-27 09:00:00,0.58779,0.59047,0.58766,0.5896,15580
39474,100,H4,M,2026-05-27 13:00:00,0.58959,0.5912,0.58896,0.58938,23162
39475,100,H4,M,2026-05-27 17:00:00,0.58938,0.59032,0.58866,0.59026,7403
39476,100,H4,M,2026-05-27 21:00:00,0.58973,0.59058,0.58902,0.59012,10282
39477,100,H4,M,2026-05-28 01:00:00,0.59014,0.59108,0.58644,0.58662,17655
39478,100,H4,M,2026-05-28 05:00:00,0.58664,0.58928,0.58664,0.58872,14272
39479,100,H4,M,2026-05-28 09:00:00,0.5887,0.59088,0.58847,0.59074,14102
39480,100,H4,M,2026-05-28 13:00:00,0.59076,0.59358,0.59012,0.59333,25176
39481,100,H4,M,2026-05-28 17:00:00,0.59333,0.59351,0.59272,0.59348,7802
39482,100,H4,M,2026-05-28 21:00:00,0.59308,0.59504,0.59284,0.5946,10513
39483,100,H4,M,2026-05-29 01:00:00,0.59462,0.59604,0.59456,0.59585,11752
39484,100,H4,M,2026-05-29 05:00:00,0.59588,0.59634,0.59545,0.59604,12905
39485,100,H4,M,2026-05-29 09:00:00,0.59605,0.59803,0.59604,0.59795,13361
39486,100,H4,M,2026-05-29 13:00:00,0.59796,0.59942,0.59784,0.59896,22796
39487,100,H4,M,2026-05-29 17:00:00,0.59897,0.59908,0.59806,0.59891,8575
39488,100,H4,M,2026-05-31 21:00:00,0.5972,0.59906,0.5972,0.5978,8554
39489,100,H4,M,2026-06-01 01:00:00,0.5978,0.5979,0.59648,0.59694,8068
39490,100,H4,M,2026-06-01 05:00:00,0.59697,0.59735,0.59626,0.59661,10375
39491,100,H4,M,2026-06-01 09:00:00,0.59662,0.59666,0.59501,0.5955,10676
39492,100,H4,M,2026-06-01 13:00:00,0.5955,0.59554,0.59111,0.5937,28532
39493,100,H4,M,2026-06-01 17:00:00,0.59372,0.59446,0.5932,0.59332,7997
39494,100,H4,M,2026-06-01 21:00:00,0.5933,0.5942,0.59181,0.59199,10143
39495,100,H4,M,2026-06-02 01:00:00,0.59202,0.59348,0.59184,0.59334,11449
39496,100,H4,M,2026-06-02 05:00:00,0.59336,0.59456,0.59286,0.59292,9939
39497,100,H4,M,2026-06-02 09:00:00,0.59293,0.59388,0.59234,0.5929,9059
50030,60,H4,M,2026-06-02 13:00:00,0.71774,0.7188,0.71697,0.71792,14184
50031,60,H4,M,2026-06-02 17:00:00,0.71792,0.7183,0.71712,0.71794,5660
50032,60,H4,M,2026-06-02 21:00:00,0.71802,0.7182,0.71716,0.71811,5569
50033,60,H4,M,2026-06-03 01:00:00,0.71812,0.71818,0.71674,0.71689,8441
50034,60,H4,M,2026-06-03 05:00:00,0.71691,0.71716,0.71526,0.71608,13493
56761,60,D,M,2026-05-18 21:00:00,0.7165,0.71768,0.70796,0.71073,98906
56762,60,D,M,2026-05-19 21:00:00,0.71094,0.71746,0.7087,0.71528,99642
56763,60,D,M,2026-05-20 21:00:00,0.71492,0.71686,0.71,0.71492,120664
56764,60,D,M,2026-05-21 21:00:00,0.71542,0.71554,0.71166,0.71281,73604
56765,60,D,M,2026-05-24 21:00:00,0.71577,0.71822,0.71521,0.71754,38007
56766,60,D,M,2026-05-25 21:00:00,0.7172,0.71766,0.71554,0.71672,61142
56767,60,D,M,2026-05-26 21:00:00,0.71698,0.71798,0.71238,0.71416,79865
56768,60,D,M,2026-05-27 21:00:00,0.71409,0.71698,0.70979,0.71628,84572
56769,60,D,M,2026-05-28 21:00:00,0.71644,0.72006,0.71493,0.71842,76039
56770,60,D,M,2026-05-31 21:00:00,0.71711,0.71903,0.71347,0.7161,72615
56771,60,D,M,2026-06-01 21:00:00,0.71662,0.7188,0.71528,0.71794,58219
1536158,88,H4,M,2026-06-02 13:00:00,0.8648,0.86488,0.86322,0.86352,9188
1536159,88,H4,M,2026-06-02 17:00:00,0.86353,0.86398,0.86318,0.86384,4512
1536160,88,H4,M,2026-06-02 21:00:00,0.86355,0.86396,0.8635,0.86358,4574
1536161,88,H4,M,2026-06-03 01:00:00,0.86359,0.86383,0.86341,0.8637,3070
1536162,88,H4,M,2026-06-03 05:00:00,0.86372,0.86427,0.86316,0.86352,7340
1542889,88,D,M,2026-05-18 21:00:00,0.86779,0.8687,0.86562,0.86651,52307
1542890,88,D,M,2026-05-19 21:00:00,0.86607,0.86683,0.86428,0.86534,60840
1542891,88,D,M,2026-05-20 21:00:00,0.86506,0.86569,0.86397,0.86512,60270
1542892,88,D,M,2026-05-21 21:00:00,0.86538,0.86557,0.863,0.86385,45247
1542893,88,D,M,2026-05-24 21:00:00,0.86474,0.86519,0.8618,0.862,25091
1542894,88,D,M,2026-05-25 21:00:00,0.86209,0.86506,0.86191,0.865,40052
1542895,88,D,M,2026-05-26 21:00:00,0.86473,0.86672,0.86464,0.8658,43368
1542896,88,D,M,2026-05-27 21:00:00,0.86622,0.86741,0.86575,0.86657,46849
1542897,88,D,M,2026-05-28 21:00:00,0.86649,0.86818,0.8655,0.86667,45135
1542898,88,D,M,2026-05-31 21:00:00,0.86602,0.86666,0.86374,0.86454,48893
1542899,88,D,M,2026-06-01 21:00:00,0.86408,0.86502,0.86318,0.86384,41221
3019274,46,H4,M,2026-06-02 13:00:00,186.154,186.187,185.932,185.948,30796
3019275,46,H4,M,2026-06-02 17:00:00,185.948,186.068,185.803,186.025,15813
3019276,46,H4,M,2026-06-02 21:00:00,185.944,186.046,185.903,185.992,12524
3019277,46,H4,M,2026-06-03 01:00:00,185.992,185.996,185.856,185.882,16935
3019278,46,H4,M,2026-06-03 05:00:00,185.882,185.906,185.114,185.449,37779
3026005,46,D,M,2026-05-18 21:00:00,185.136,185.213,184.208,184.64,193419
3026006,46,D,M,2026-05-19 21:00:00,184.609,184.788,184.274,184.77,214835
3026007,46,D,M,2026-05-20 21:00:00,184.734,184.943,184.394,184.702,204505
3026008,46,D,M,2026-05-21 21:00:00,184.666,184.86,184.45,184.718,155019
3026009,46,D,M,2026-05-24 21:00:00,184.887,185.142,184.774,185.046,109820
3026010,46,D,M,2026-05-25 21:00:00,184.975,185.363,184.884,185.31,138395
3026011,46,D,M,2026-05-26 21:00:00,185.239,185.789,185.228,185.457,154216
3026012,46,D,M,2026-05-27 21:00:00,185.461,185.658,184.899,185.523,164037
3026013,46,D,M,2026-05-28 21:00:00,185.519,185.983,185.188,185.748,169338
3026014,46,D,M,2026-05-31 21:00:00,185.734,185.981,185.394,185.734,180005
3026015,46,D,M,2026-06-01 21:00:00,185.688,186.204,185.666,186.025,128413
4511302,7,H4,M,2026-06-02 13:00:00,1.16505,1.16524,1.16268,1.16284,25566
4511303,7,H4,M,2026-06-02 17:00:00,1.16283,1.16349,1.16135,1.1631,10056
4511304,7,H4,M,2026-06-02 21:00:00,1.16299,1.16332,1.16198,1.16289,7649
4511305,7,H4,M,2026-06-03 01:00:00,1.1629,1.16336,1.16244,1.16256,9046
4511306,7,H4,M,2026-06-03 05:00:00,1.16256,1.16271,1.16051,1.16082,20942
4518035,7,D,M,2026-05-20 21:00:00,1.16242,1.16357,1.15763,1.16175,174269
4518036,7,D,M,2026-05-21 21:00:00,1.16194,1.16232,1.15883,1.16023,107301
4518037,7,D,M,2026-05-24 21:00:00,1.16394,1.16528,1.16296,1.16433,67646
4518038,7,D,M,2026-05-25 21:00:00,1.16404,1.16452,1.16164,1.16317,88768
4518039,7,D,M,2026-05-26 21:00:00,1.16286,1.16615,1.16222,1.16258,117302
4518040,7,D,M,2026-05-27 21:00:00,1.1628,1.16614,1.15864,1.16497,124280
4518041,7,D,M,2026-05-28 21:00:00,1.16522,1.16859,1.1625,1.16621,113591
4518042,7,D,M,2026-05-31 21:00:00,1.16543,1.16648,1.16068,1.16321,123672
4518043,7,D,M,2026-06-01 21:00:00,1.163,1.16558,1.16135,1.1631,84004
6002936,54,H4,M,2026-06-02 13:00:00,215.262,215.529,215.218,215.334,37011
6002937,54,H4,M,2026-06-02 17:00:00,215.336,215.45,215.226,215.341,20086
6002938,54,H4,M,2026-06-02 21:00:00,215.325,215.412,215.196,215.372,17314
6002939,54,H4,M,2026-06-03 01:00:00,215.374,215.382,215.188,215.214,19656
6002940,54,H4,M,2026-06-03 05:00:00,215.215,215.256,214.43,214.76,41876
6009667,54,D,M,2026-05-18 21:00:00,213.354,213.514,212.653,213.088,218808
6009668,54,D,M,2026-05-19 21:00:00,213.183,213.622,212.637,213.523,245235
6009669,54,D,M,2026-05-20 21:00:00,213.556,213.829,213.289,213.512,215155
6009670,54,D,M,2026-05-21 21:00:00,213.406,214.049,213.366,213.825,169360
6009671,54,D,M,2026-05-24 21:00:00,213.753,214.684,213.635,214.674,103779
6009672,54,D,M,2026-05-25 21:00:00,214.56,214.684,214.079,214.226,153865
6009673,54,D,M,2026-05-26 21:00:00,214.208,214.484,214.01,214.202,170477
6009674,54,D,M,2026-05-27 21:00:00,214.084,214.216,213.332,214.086,198958
6009675,54,D,M,2026-05-28 21:00:00,214.072,214.637,213.594,214.321,197195
6009676,54,D,M,2026-05-31 21:00:00,214.467,215.014,214.17,214.836,205806
6009677,54,D,M,2026-06-01 21:00:00,214.9,215.529,214.755,215.341,169484
7498552,69,H4,M,2026-06-02 13:00:00,1.34722,1.34808,1.34632,1.34662,42029
7498553,69,H4,M,2026-06-02 17:00:00,1.34664,1.34724,1.34534,1.34644,20097
7498554,69,H4,M,2026-06-02 21:00:00,1.34676,1.34694,1.34506,1.3466,15059
7498555,69,H4,M,2026-06-03 01:00:00,1.3466,1.3472,1.34588,1.34605,19209
7498556,69,H4,M,2026-06-03 05:00:00,1.34603,1.34638,1.34368,1.3443,37708
7505285,69,D,M,2026-05-20 21:00:00,1.34385,1.34551,1.33923,1.34296,274384
7505286,69,D,M,2026-05-21 21:00:00,1.34264,1.34632,1.34133,1.34312,198103
7505287,69,D,M,2026-05-24 21:00:00,1.3459,1.35091,1.34514,1.3507,98848
7505288,69,D,M,2026-05-25 21:00:00,1.35024,1.35068,1.34346,1.34471,161904
7505289,69,D,M,2026-05-26 21:00:00,1.3448,1.34591,1.34164,1.34276,181857
7505290,69,D,M,2026-05-27 21:00:00,1.34228,1.34514,1.33676,1.34439,227739
7505291,69,D,M,2026-05-28 21:00:00,1.34458,1.34854,1.34084,1.34564,203204
7505292,69,D,M,2026-05-31 21:00:00,1.34574,1.34762,1.34069,1.34552,220480
7505293,69,D,M,2026-06-01 21:00:00,1.34596,1.34818,1.34509,1.34644,171297
8991232,100,H4,M,2026-06-02 13:00:00,0.59291,0.59341,0.59221,0.5925,13383
8991233,100,H4,M,2026-06-02 17:00:00,0.5925,0.59271,0.59185,0.59249,4002
8991234,100,H4,M,2026-06-02 21:00:00,0.59307,0.59338,0.592,0.5931,7406
8991235,100,H4,M,2026-06-03 01:00:00,0.5931,0.59355,0.59124,0.59132,8734
8991236,100,H4,M,2026-06-03 05:00:00,0.59132,0.59148,0.58933,0.58946,12810
8997963,100,D,M,2026-05-18 21:00:00,0.58718,0.58792,0.58176,0.58352,94356
8997964,100,D,M,2026-05-19 21:00:00,0.58376,0.58881,0.58152,0.58702,98534
8997965,100,D,M,2026-05-20 21:00:00,0.58676,0.58882,0.58462,0.58746,109154
8997966,100,D,M,2026-05-21 21:00:00,0.58776,0.58816,0.58444,0.58492,68139
8997967,100,D,M,2026-05-24 21:00:00,0.5881,0.58819,0.58623,0.58731,37544
8997968,100,D,M,2026-05-25 21:00:00,0.58723,0.58748,0.5832,0.5837,57808
8997969,100,D,M,2026-05-26 21:00:00,0.58365,0.5912,0.58358,0.59026,81189
8997970,100,D,M,2026-05-27 21:00:00,0.58973,0.59358,0.58644,0.59348,89289
8997971,100,D,M,2026-05-28 21:00:00,0.59308,0.59942,0.59284,0.59891,79902
8997972,100,D,M,2026-05-31 21:00:00,0.5972,0.59906,0.59111,0.59332,74202
8997973,100,D,M,2026-06-01 21:00:00,0.5933,0.59456,0.59181,0.59249,57975
10474538,78,H4,M,2026-06-02 13:00:00,1.3837,1.38438,1.38151,1.38332,31651
10474539,78,H4,M,2026-06-02 17:00:00,1.38332,1.38407,1.38295,1.38399,13139
10474540,78,H4,M,2026-06-02 21:00:00,1.38382,1.38471,1.38337,1.3841,9682
10474541,78,H4,M,2026-06-03 01:00:00,1.3841,1.38506,1.38366,1.38489,11714
10474542,78,H4,M,2026-06-03 05:00:00,1.38488,1.38596,1.38464,1.38574,24287
10481269,78,D,M,2026-05-18 21:00:00,1.37386,1.37742,1.37362,1.37445,114792
10481270,78,D,M,2026-05-19 21:00:00,1.37444,1.37788,1.37312,1.37454,121291
10481271,78,D,M,2026-05-20 21:00:00,1.37432,1.38004,1.37376,1.37786,118683
10481272,78,D,M,2026-05-21 21:00:00,1.37804,1.38246,1.37741,1.38212,86998
10481273,78,D,M,2026-05-24 21:00:00,1.38054,1.38207,1.3795,1.38032,60361
10481274,78,D,M,2026-05-25 21:00:00,1.38032,1.38215,1.3799,1.38126,105309
10481275,78,D,M,2026-05-26 21:00:00,1.38097,1.38522,1.38038,1.38407,108594
10481276,78,D,M,2026-05-27 21:00:00,1.38386,1.387,1.37739,1.3784,135591
10481277,78,D,M,2026-05-28 21:00:00,1.37811,1.38296,1.37702,1.37958,142228
10481278,78,D,M,2026-05-31 21:00:00,1.38018,1.38496,1.37898,1.38412,133686
10481279,78,D,M,2026-06-01 21:00:00,1.38446,1.38544,1.38151,1.38399,107921
11964676,29,H4,M,2026-06-02 13:00:00,0.7857,0.78745,0.78526,0.78717,13312
11964677,29,H4,M,2026-06-02 17:00:00,0.78716,0.78843,0.7868,0.7873,5337
11964678,29,H4,M,2026-06-02 21:00:00,0.78752,0.78848,0.78669,0.78773,8473
11964679,29,H4,M,2026-06-03 01:00:00,0.78772,0.78856,0.78734,0.78836,5420
11964680,29,H4,M,2026-06-03 05:00:00,0.78835,0.78954,0.78818,0.7895,9623
11971407,29,D,M,2026-05-18 21:00:00,0.78462,0.79062,0.78402,0.78896,65849
11971408,29,D,M,2026-05-19 21:00:00,0.78902,0.7907,0.78574,0.78724,73235
11971409,29,D,M,2026-05-20 21:00:00,0.78692,0.7904,0.78578,0.78674,79046
11971410,29,D,M,2026-05-21 21:00:00,0.78672,0.78761,0.78382,0.78509,49956
11971411,29,D,M,2026-05-24 21:00:00,0.7842,0.78465,0.78082,0.78265,30869
11971412,29,D,M,2026-05-25 21:00:00,0.7827,0.78646,0.78262,0.78568,47672
11971413,29,D,M,2026-05-26 21:00:00,0.78612,0.78757,0.78434,0.78713,53851
11971414,29,D,M,2026-05-27 21:00:00,0.78684,0.78994,0.78334,0.78405,62465
11971415,29,D,M,2026-05-28 21:00:00,0.78417,0.78472,0.77954,0.78098,61954
11971416,29,D,M,2026-05-31 21:00:00,0.78142,0.78845,0.7808,0.78668,65873
11971417,29,D,M,2026-06-01 21:00:00,0.78651,0.78843,0.78444,0.7873,61344
13450012,48,H4,M,2026-06-02 13:00:00,159.782,159.947,159.766,159.908,23254
13450013,48,H4,M,2026-06-02 17:00:00,159.908,159.988,159.889,159.938,13956
13450014,48,H4,M,2026-06-02 21:00:00,159.887,159.998,159.872,159.94,11853
13450015,48,H4,M,2026-06-03 01:00:00,159.941,159.945,159.816,159.89,17020
13450016,48,H4,M,2026-06-03 05:00:00,159.89,159.996,159.368,159.756,46070
13456743,48,D,M,2026-05-18 21:00:00,158.832,159.252,158.649,159.08,209832
13456744,48,D,M,2026-05-19 21:00:00,159.07,159.168,158.588,158.934,240096
13456745,48,D,M,2026-05-20 21:00:00,158.914,159.347,158.808,158.99,238378
13456746,48,D,M,2026-05-21 21:00:00,158.929,159.234,158.928,159.206,162360
13456747,48,D,M,2026-05-24 21:00:00,158.817,159.042,158.759,158.929,83357
13456748,48,D,M,2026-05-25 21:00:00,158.904,159.383,158.864,159.314,122940
13456749,48,D,M,2026-05-26 21:00:00,159.298,159.581,159.179,159.518,139309
13456750,48,D,M,2026-05-27 21:00:00,159.483,159.654,159.112,159.246,174874
13456751,48,D,M,2026-05-28 21:00:00,159.212,159.38,159.099,159.271,159705
13456752,48,D,M,2026-05-31 21:00:00,159.368,159.766,159.298,159.672,177142
13456753,48,D,M,2026-06-01 21:00:00,159.662,159.988,159.6,159.938,114253
37959253,7,D,M,2026-06-02 21:00:00,1.16299,1.16336,1.15949,1.15986,105799
37959254,7,D,M,2026-06-03 21:00:00,1.15998,1.16455,1.15946,1.1611,90191
37959255,7,D,M,2026-06-04 21:00:00,1.16154,1.16445,1.1518,1.15226,131400
37959256,7,D,M,2026-06-07 21:00:00,1.15115,1.15548,1.14997,1.15324,144995
37959257,7,D,M,2026-06-08 21:00:00,1.1537,1.15781,1.1527,1.1544,126138
37959258,7,D,M,2026-06-09 21:00:00,1.15454,1.15731,1.15332,1.15357,150032
37959259,7,D,M,2026-06-10 21:00:00,1.15366,1.15899,1.1503,1.15792,182751
37959260,7,D,M,2026-06-11 21:00:00,1.15786,1.15897,1.15572,1.15669,146772
37959261,7,D,M,2026-06-14 21:00:00,1.15752,1.16221,1.15726,1.15894,103808
37959262,7,D,M,2026-06-15 21:00:00,1.15939,1.16198,1.15748,1.16085,92683
37959263,7,D,M,2026-06-16 21:00:00,1.16098,1.16168,1.14779,1.1502,158671
37959264,7,D,M,2026-06-17 21:00:00,1.15013,1.15283,1.14513,1.14579,149104
37959265,7,D,M,2026-06-18 21:00:00,1.1463,1.14807,1.1418,1.14712,97012
37959266,7,D,M,2026-06-21 21:00:00,1.14638,1.14737,1.1419,1.14284,121715
37959267,7,D,M,2026-06-22 21:00:00,1.14272,1.14391,1.13757,1.13818,110927
37959268,7,D,M,2026-06-23 21:00:00,1.13837,1.13845,1.13246,1.13586,128937
37959269,7,D,M,2026-06-24 21:00:00,1.13618,1.13882,1.13335,1.13702,123279
37959270,7,D,M,2026-06-25 21:00:00,1.13719,1.1434,1.13542,1.1385,125139
37959271,7,D,M,2026-06-28 21:00:00,1.13897,1.14306,1.13809,1.14242,102520
37959272,7,D,M,2026-06-29 21:00:00,1.14244,1.14367,1.13827,1.14218,114859
37959273,7,D,M,2026-06-30 21:00:00,1.14219,1.14233,1.13618,1.13782,126627
37959274,7,D,M,2026-07-01 21:00:00,1.1378,1.1473,1.1375,1.14337,156369
37959275,7,D,M,2026-07-02 21:00:00,1.1433,1.14622,1.14207,1.14376,83573
37959276,7,D,M,2026-07-05 21:00:00,1.14385,1.1445,1.14085,1.14408,87599
37959277,7,D,M,2026-07-06 21:00:00,1.1442,1.14481,1.1408,1.14114,98316
37959278,7,D,M,2026-07-07 21:00:00,1.14136,1.14316,1.13912,1.14162,140497
37959279,7,D,M,2026-07-08 21:00:00,1.14186,1.14494,1.14158,1.14302,87172
37959280,7,D,M,2026-07-09 21:00:00,1.14329,1.14608,1.14116,1.1415,105553
37959281,7,D,M,2026-07-12 21:00:00,1.14018,1.14458,1.13775,1.13806,127018
37959282,7,D,M,2026-07-13 21:00:00,1.13843,1.14628,1.13782,1.14209,149996
37959283,7,D,M,2026-07-14 21:00:00,1.14222,1.14824,1.1406,1.14636,120202
37959284,7,D,M,2026-07-15 21:00:00,1.14642,1.14764,1.1431,1.14431,101977
37959285,7,D,M,2026-07-16 21:00:00,1.14412,1.14522,1.14244,1.14382,91487
37959286,7,D,M,2026-07-19 21:00:00,1.14268,1.14496,1.14025,1.14141,89812
37959287,7,D,M,2026-07-20 21:00:00,1.14148,1.14287,1.13974,1.1398,75734
37959288,7,D,M,2026-07-21 21:00:00,1.13988,1.14217,1.13982,1.1412,83047
37959289,7,D,M,2026-07-22 21:00:00,1.14104,1.14358,1.13638,1.13775,112516
37959290,7,D,M,2026-07-23 21:00:00,1.13754,1.14012,1.1365,1.13706,88776
37959291,7,D,M,2026-07-26 21:00:00,1.13958,1.14184,1.1367,1.13683,96717
37959292,7,D,M,2026-07-27 21:00:00,1.13686,1.14053,1.13532,1.13864,87145
37959293,7,D,M,2026-07-28 21:00:00,1.13904,1.14709,1.13746,1.14668,141953
37959294,7,D,M,2026-07-29 21:00:00,1.14599,1.1537,1.14344,1.1528,166326
37959295,29,D,M,2026-06-02 21:00:00,0.78752,0.79273,0.78669,0.79216,53238
37959296,29,D,M,2026-06-03 21:00:00,0.79154,0.7924,0.78681,0.78958,57126
37959297,29,D,M,2026-06-04 21:00:00,0.78955,0.7968,0.7872,0.79632,73945
37959298,29,D,M,2026-06-07 21:00:00,0.7959,0.79866,0.79457,0.79788,70016
37959299,29,D,M,2026-06-08 21:00:00,0.79754,0.79919,0.79486,0.7982,60534
37959300,29,D,M,2026-06-09 21:00:00,0.79806,0.80024,0.79651,0.80006,73087
37959301,29,D,M,2026-06-10 21:00:00,0.79881,0.8013,0.79419,0.79488,91434
37959302,29,D,M,2026-06-11 21:00:00,0.79575,0.79758,0.79422,0.7971,68010
37959303,29,D,M,2026-06-14 21:00:00,0.79655,0.79716,0.79211,0.79473,54639
37959304,29,D,M,2026-06-15 21:00:00,0.79413,0.79599,0.79216,0.79322,48798
37959305,29,D,M,2026-06-16 21:00:00,0.79309,0.80155,0.791,0.79976,74133
37959306,29,D,M,2026-06-17 21:00:00,0.79964,0.80622,0.7982,0.80468,80820
37959307,29,D,M,2026-06-18 21:00:00,0.80509,0.80918,0.80427,0.80703,57727
37959308,29,D,M,2026-06-21 21:00:00,0.80745,0.80974,0.80694,0.8086,65286
37959309,29,D,M,2026-06-22 21:00:00,0.80905,0.81065,0.8075,0.80962,57425
37959310,29,D,M,2026-06-23 21:00:00,0.80996,0.81396,0.80933,0.81234,66885
37959311,29,D,M,2026-06-24 21:00:00,0.81227,0.81349,0.80897,0.81017,61499
37959312,29,D,M,2026-06-25 21:00:00,0.80991,0.8112,0.8066,0.80983,64700
37959313,29,D,M,2026-06-28 21:00:00,0.81013,0.81036,0.80716,0.80754,47719
37959314,29,D,M,2026-06-29 21:00:00,0.80816,0.81015,0.80631,0.80833,60971
37959315,29,D,M,2026-06-30 21:00:00,0.80818,0.81202,0.8077,0.80953,60570
37959316,29,D,M,2026-07-01 21:00:00,0.80962,0.80997,0.801,0.80351,86101
37959317,29,D,M,2026-07-02 21:00:00,0.80351,0.8047,0.80106,0.80341,61549
37959318,29,D,M,2026-07-05 21:00:00,0.80342,0.80732,0.80327,0.80521,40511
37959319,29,D,M,2026-07-06 21:00:00,0.80482,0.8088,0.80464,0.80846,46873
37959320,29,D,M,2026-07-07 21:00:00,0.80791,0.81081,0.80638,0.80843,71661
37959321,29,D,M,2026-07-08 21:00:00,0.80838,0.80903,0.8053,0.80692,48409
37959322,29,D,M,2026-07-09 21:00:00,0.80639,0.80896,0.80306,0.80839,58079
37959323,29,D,M,2026-07-12 21:00:00,0.80844,0.81494,0.80747,0.81482,79609
37959324,29,D,M,2026-07-13 21:00:00,0.81466,0.81518,0.80606,0.80929,90507
37959325,29,D,M,2026-07-14 21:00:00,0.80922,0.81146,0.8034,0.80534,65400
37959326,29,D,M,2026-07-15 21:00:00,0.80472,0.80972,0.80418,0.8087,56737
37959327,29,D,M,2026-07-16 21:00:00,0.80866,0.8093,0.80604,0.8075,59981
37959328,29,D,M,2026-07-19 21:00:00,0.80862,0.81079,0.80614,0.81029,49511
37959329,29,D,M,2026-07-20 21:00:00,0.80984,0.81326,0.8091,0.81286,50700
37959330,29,D,M,2026-07-21 21:00:00,0.81251,0.81482,0.81136,0.8144,45941
37959331,29,D,M,2026-07-22 21:00:00,0.81448,0.81804,0.81302,0.81692,63582
37959332,29,D,M,2026-07-23 21:00:00,0.81658,0.81857,0.8153,0.81816,51113
37959333,29,D,M,2026-07-26 21:00:00,0.816,0.81939,0.8139,0.81926,55129
37959334,29,D,M,2026-07-27 21:00:00,0.81865,0.82052,0.81678,0.81932,44498
37959335,29,D,M,2026-07-28 21:00:00,0.81932,0.8207,0.81327,0.81358,80132
37959336,29,D,M,2026-07-29 21:00:00,0.81356,0.81748,0.80391,0.8051,108657
37959337,46,D,M,2026-06-02 21:00:00,185.944,186.046,185.114,185.684,163366
37959338,46,D,M,2026-06-03 21:00:00,185.662,186.116,185.352,185.809,154302
37959339,46,D,M,2026-06-04 21:00:00,185.876,186.209,184.498,184.727,179434
37959340,46,D,M,2026-06-07 21:00:00,184.481,185,183.977,184.724,205786
37959341,46,D,M,2026-06-08 21:00:00,184.758,185.468,184.607,185.122,185592
37959342,46,D,M,2026-06-09 21:00:00,185.117,185.576,184.958,185.215,200692
37959343,46,D,M,2026-06-10 21:00:00,185.168,185.473,184.659,185.233,217926
37959344,46,D,M,2026-06-11 21:00:00,185.194,185.557,185.156,185.338,202862
37959345,46,D,M,2026-06-14 21:00:00,185.379,186.058,185.279,185.847,157141
37959346,46,D,M,2026-06-15 21:00:00,185.87,186.322,185.456,186.276,155708
37959347,46,D,M,2026-06-16 21:00:00,186.292,186.32,184.541,184.815,172780
37959348,46,D,M,2026-06-17 21:00:00,184.774,185.374,184.292,184.944,210518
37959349,46,D,M,2026-06-18 21:00:00,184.992,185.14,184.303,185.012,151361
37959350,46,D,M,2026-06-21 21:00:00,184.874,185.398,184.382,184.683,189666
37959351,46,D,M,2026-06-22 21:00:00,184.604,184.846,183.781,183.905,174345
37959352,46,D,M,2026-06-23 21:00:00,183.888,183.933,183.171,183.795,187988
37959353,46,D,M,2026-06-24 21:00:00,183.815,184.104,183.406,183.979,172300
37959354,46,D,M,2026-06-25 21:00:00,183.954,184.83,183.721,184.162,173202
37959355,46,D,M,2026-06-28 21:00:00,184.231,185.1,184.116,185.006,144037
37959356,46,D,M,2026-06-29 21:00:00,184.976,185.866,184.646,185.707,173369
37959357,46,D,M,2026-06-30 21:00:00,185.691,185.768,184.857,185.01,178048
37959358,46,D,M,2026-07-01 21:00:00,184.99,185.091,183.76,184.22,223273
37959359,46,D,M,2026-07-02 21:00:00,184.169,184.618,183.925,184.571,159868
37959360,46,D,M,2026-07-05 21:00:00,184.51,185.534,184.479,185.45,147307
37959361,46,D,M,2026-07-06 21:00:00,185.462,185.57,184.804,185,167219
37959362,46,D,M,2026-07-07 21:00:00,185.016,185.712,184.9,185.671,184037
37959363,46,D,M,2026-07-08 21:00:00,185.624,185.818,185.528,185.618,140812
37959364,46,D,M,2026-07-09 21:00:00,185.644,185.682,184.466,184.591,198752
37959365,46,D,M,2026-07-12 21:00:00,184.408,185.472,184.392,184.888,218265
37959366,46,D,M,2026-07-13 21:00:00,184.908,185.494,184.766,185.324,219671
37959367,46,D,M,2026-07-14 21:00:00,185.266,186.002,185.212,185.93,178028
37959368,46,D,M,2026-07-15 21:00:00,185.88,186.036,185.718,185.81,162880
37959369,46,D,M,2026-07-16 21:00:00,185.834,185.964,185.484,185.772,151149
37959370,46,D,M,2026-07-19 21:00:00,185.645,185.878,185.348,185.477,152406
37959371,46,D,M,2026-07-20 21:00:00,185.499,186.124,185.408,186.01,137917
37959372,46,D,M,2026-07-21 21:00:00,186.002,186.211,185.735,186.202,164946
37959373,46,D,M,2026-07-22 21:00:00,186.145,186.666,186.046,186.443,192914
37959374,46,D,M,2026-07-23 21:00:00,186.401,186.606,186.231,186.307,162103
37959375,46,D,M,2026-07-26 21:00:00,186.416,186.738,186.126,186.145,171848
37959376,46,D,M,2026-07-27 21:00:00,186.116,186.688,186.046,186.588,160236
37959377,46,D,M,2026-07-28 21:00:00,186.571,187.478,186.188,187.414,210689
37959378,46,D,M,2026-07-29 21:00:00,187.265,187.442,182.107,183.926,283243
37959379,48,D,M,2026-06-02 21:00:00,159.887,160.098,159.368,160.092,164351
37959380,48,D,M,2026-06-03 21:00:00,160.056,160.078,159.59,160.028,156177
37959381,48,D,M,2026-06-04 21:00:00,160.025,160.342,159.724,160.318,176900
37959382,48,D,M,2026-06-07 21:00:00,160.258,160.394,159.84,160.178,192603
37959383,48,D,M,2026-06-08 21:00:00,160.146,160.448,160.053,160.364,159683
37959384,48,D,M,2026-06-09 21:00:00,160.342,160.578,160.238,160.554,158249
37959385,48,D,M,2026-06-10 21:00:00,160.505,160.596,159.536,159.968,183076
37959386,48,D,M,2026-06-11 21:00:00,159.946,160.376,159.92,160.228,191690
37959387,48,D,M,2026-06-14 21:00:00,160.148,160.396,159.738,160.356,133719
37959388,48,D,M,2026-06-15 21:00:00,160.344,160.483,160.051,160.466,144674
37959389,48,D,M,2026-06-16 21:00:00,160.421,160.798,160.115,160.684,177230
37959390,48,D,M,2026-06-17 21:00:00,160.662,161.81,160.476,161.41,204428
37959391,48,D,M,2026-06-18 21:00:00,161.397,161.459,160.986,161.31,159939
37959392,48,D,M,2026-06-21 21:00:00,161.266,161.928,161.072,161.6,207149
37959393,48,D,M,2026-06-22 21:00:00,161.562,161.742,161.264,161.578,171024
37959394,48,D,M,2026-06-23 21:00:00,161.54,161.84,161.514,161.81,144786
37959395,48,D,M,2026-06-24 21:00:00,161.776,161.95,161.557,161.804,158164
37959396,48,D,M,2026-06-25 21:00:00,161.793,161.848,161.532,161.75,152816
37959397,48,D,M,2026-06-28 21:00:00,161.74,161.983,161.72,161.944,120246
37959398,48,D,M,2026-06-29 21:00:00,161.912,162.672,161.891,162.589,186181
37959399,48,D,M,2026-06-30 21:00:00,162.558,162.84,162.294,162.602,170938
37959400,48,D,M,2026-07-01 21:00:00,162.589,162.598,160.624,161.121,333671
37959401,48,D,M,2026-07-02 21:00:00,161.089,161.524,160.48,161.383,189131
37959402,48,D,M,2026-07-05 21:00:00,161.306,162.427,161.294,162.096,157311
37959403,48,D,M,2026-07-06 21:00:00,162.094,162.182,161.654,162.118,176930
37959404,48,D,M,2026-07-07 21:00:00,162.102,162.711,162.078,162.64,185101
37959405,48,D,M,2026-07-08 21:00:00,162.562,162.616,162.247,162.396,137390
37959406,48,D,M,2026-07-09 21:00:00,162.39,162.44,161.282,161.705,238733
37959407,48,D,M,2026-07-12 21:00:00,161.733,162.488,161.68,162.464,253743
37959408,48,D,M,2026-07-13 21:00:00,162.426,162.487,161.606,162.268,249444
37959409,48,D,M,2026-07-14 21:00:00,162.197,162.424,161.895,162.195,179438
37959410,48,D,M,2026-07-15 21:00:00,162.161,162.549,161.982,162.373,154618
37959411,48,D,M,2026-07-16 21:00:00,162.43,162.522,162.127,162.414,137351
37959412,48,D,M,2026-07-19 21:00:00,162.463,162.602,162.2,162.504,121414
37959413,48,D,M,2026-07-20 21:00:00,162.507,163.241,162.432,163.198,129179
37959414,48,D,M,2026-07-21 21:00:00,163.182,163.229,162.666,163.166,157656
37959415,48,D,M,2026-07-22 21:00:00,163.131,163.988,162.996,163.868,183303
37959416,48,D,M,2026-07-23 21:00:00,163.868,163.938,163.644,163.85,153923
37959417,48,D,M,2026-07-26 21:00:00,163.587,163.799,163.33,163.746,168128
37959418,48,D,M,2026-07-27 21:00:00,163.714,163.951,163.645,163.869,136793
37959419,48,D,M,2026-07-28 21:00:00,163.796,163.908,163.23,163.438,221037
37959420,48,D,M,2026-07-29 21:00:00,163.406,163.74,157.953,159.547,464505
37959421,54,D,M,2026-06-02 21:00:00,215.325,215.412,214.43,214.804,192159
37959422,54,D,M,2026-06-03 21:00:00,214.789,215.162,214.365,214.816,191458
37959423,54,D,M,2026-06-04 21:00:00,214.906,215.614,213.529,213.866,232906
37959424,54,D,M,2026-06-07 21:00:00,213.631,214.05,212.933,213.656,258434
37959425,54,D,M,2026-06-08 21:00:00,213.664,214.796,213.501,214.548,231139
37959426,54,D,M,2026-06-09 21:00:00,214.432,215.24,214.374,214.628,252346
37959427,54,D,M,2026-06-10 21:00:00,214.616,214.948,213.874,214.611,244814
37959428,54,D,M,2026-06-11 21:00:00,214.606,215.027,214.514,214.812,255284
37959429,54,D,M,2026-06-14 21:00:00,214.747,215.377,214.424,215.074,176984
37959430,54,D,M,2026-06-15 21:00:00,215.156,215.566,214.531,215.459,195100
37959431,54,D,M,2026-06-16 21:00:00,215.445,215.459,213.222,213.608,216511
37959432,54,D,M,2026-06-17 21:00:00,213.488,214.063,212.4,213.139,243224
37959433,54,D,M,2026-06-18 21:00:00,213.096,213.599,212.466,213.488,199761
37959434,54,D,M,2026-06-21 21:00:00,212.749,214.681,212.742,214.123,222611
37959435,54,D,M,2026-06-22 21:00:00,214.054,214.216,212.985,213.336,218576
37959436,54,D,M,2026-06-23 21:00:00,213.201,213.506,212.543,213.072,233146
37959437,54,D,M,2026-06-24 21:00:00,213.019,213.732,212.81,213.432,211363
37959438,54,D,M,2026-06-25 21:00:00,213.553,213.821,213.22,213.478,209359
37959439,54,D,M,2026-06-28 21:00:00,213.598,214.776,213.404,214.734,173726
37959440,54,D,M,2026-06-29 21:00:00,214.544,215.779,214.18,215.614,185485
37959441,54,D,M,2026-06-30 21:00:00,215.51,215.94,215.116,215.87,198832
37959442,54,D,M,2026-07-01 21:00:00,215.856,216.076,214.63,215.05,284615
37959443,54,D,M,2026-07-02 21:00:00,215.001,215.528,214.704,215.464,182880
37959444,54,D,M,2026-07-05 21:00:00,215.346,217.163,215.301,217.042,178787
37959445,54,D,M,2026-07-06 21:00:00,217.016,217.219,216.366,216.58,185051
37959446,54,D,M,2026-07-07 21:00:00,216.456,217.836,216.428,217.75,242793
37959447,54,D,M,2026-07-08 21:00:00,217.761,218.015,217.359,217.752,170926
37959448,54,D,M,2026-07-09 21:00:00,217.714,217.814,216.462,216.718,222934
37959449,54,D,M,2026-07-12 21:00:00,216.546,217.312,216.474,216.83,243737
37959450,54,D,M,2026-07-13 21:00:00,216.926,217.41,216.676,217.292,257432
37959451,54,D,M,2026-07-14 21:00:00,217.16,219.614,217.015,219.594,208663
37959452,54,D,M,2026-07-15 21:00:00,219.489,219.573,218.678,218.864,197146
37959453,54,D,M,2026-07-16 21:00:00,218.93,218.95,217.998,218.471,200259
37959454,54,D,M,2026-07-19 21:00:00,218.496,218.844,218.043,218.248,185866
37959455,54,D,M,2026-07-20 21:00:00,218.303,218.729,217.524,218.28,161583
37959456,54,D,M,2026-07-21 21:00:00,218.236,218.42,217.84,218.241,192321
37959457,54,D,M,2026-07-22 21:00:00,218.267,218.631,217.972,218.184,216040
37959458,54,D,M,2026-07-23 21:00:00,218.192,218.48,217.972,218.322,209845
37959459,54,D,M,2026-07-26 21:00:00,218.173,218.526,217.478,217.592,232815
37959460,54,D,M,2026-07-27 21:00:00,217.639,217.996,217.532,217.77,203813
37959461,54,D,M,2026-07-28 21:00:00,217.777,218.565,217.164,218.474,273843
37959462,54,D,M,2026-07-29 21:00:00,218.424,218.688,212.344,214.819,367177
37959463,60,D,M,2026-06-02 21:00:00,0.71802,0.7182,0.7127,0.71278,65346
37959464,60,D,M,2026-06-03 21:00:00,0.71313,0.71492,0.71226,0.71332,67682
37959465,60,D,M,2026-06-04 21:00:00,0.71363,0.71439,0.70376,0.70452,91855
37959466,60,D,M,2026-06-07 21:00:00,0.70276,0.70784,0.70244,0.7045,127119
37959467,60,D,M,2026-06-08 21:00:00,0.70435,0.70706,0.70052,0.70277,132523
37959468,60,D,M,2026-06-09 21:00:00,0.70304,0.70375,0.69948,0.69971,156921
37959469,60,D,M,2026-06-10 21:00:00,0.69984,0.7055,0.69789,0.7052,161485
37959470,60,D,M,2026-06-11 21:00:00,0.70478,0.70599,0.70212,0.70452,131467
37959471,60,D,M,2026-06-14 21:00:00,0.70436,0.70884,0.70422,0.70706,65922
37959472,60,D,M,2026-06-15 21:00:00,0.7073,0.70798,0.70421,0.70671,58626
37959473,60,D,M,2026-06-16 21:00:00,0.7068,0.70754,0.69951,0.70136,98163
37959474,60,D,M,2026-06-17 21:00:00,0.70155,0.70416,0.7001,0.7014,83137
37959475,60,D,M,2026-06-18 21:00:00,0.702,0.70244,0.69895,0.70138,81599
37959476,60,D,M,2026-06-21 21:00:00,0.7011,0.70194,0.6994,0.70008,75917
37959477,60,D,M,2026-06-22 21:00:00,0.7004,0.70053,0.6907,0.69164,72502
37959478,60,D,M,2026-06-23 21:00:00,0.69177,0.69236,0.68825,0.69004,83916
37959479,60,D,M,2026-06-24 21:00:00,0.68941,0.69276,0.68869,0.69105,85999
37959480,60,D,M,2026-06-25 21:00:00,0.69118,0.69172,0.68754,0.68947,77815
37959481,60,D,M,2026-06-28 21:00:00,0.68921,0.69044,0.68774,0.68869,65216
37959482,60,D,M,2026-06-29 21:00:00,0.6889,0.69298,0.68654,0.69196,61075
37959483,60,D,M,2026-06-30 21:00:00,0.69166,0.69202,0.68831,0.68938,60659
37959484,60,D,M,2026-07-01 21:00:00,0.68924,0.69434,0.68842,0.6922,94920
37959485,60,D,M,2026-07-02 21:00:00,0.69169,0.69498,0.69108,0.69409,53968
37959486,60,D,M,2026-07-05 21:00:00,0.694,0.6959,0.69218,0.69568,46256
37959487,60,D,M,2026-07-06 21:00:00,0.6952,0.69604,0.69213,0.6929,58320
37959488,60,D,M,2026-07-07 21:00:00,0.69284,0.69467,0.69066,0.69306,87418
37959489,60,D,M,2026-07-08 21:00:00,0.69312,0.69471,0.69252,0.69415,55113
37959490,60,D,M,2026-07-09 21:00:00,0.69434,0.69699,0.69338,0.69524,57187
37959491,60,D,M,2026-07-12 21:00:00,0.69487,0.69497,0.69133,0.69176,78701
37959492,60,D,M,2026-07-13 21:00:00,0.69214,0.69932,0.6913,0.69745,90775
37959493,60,D,M,2026-07-14 21:00:00,0.69802,0.70212,0.69707,0.70064,64240
37959494,60,D,M,2026-07-15 21:00:00,0.70059,0.70126,0.69863,0.69974,64409
37959495,60,D,M,2026-07-16 21:00:00,0.69932,0.70012,0.69662,0.69816,65430
37959496,60,D,M,2026-07-19 21:00:00,0.69664,0.70148,0.69644,0.69989,64649
37959497,60,D,M,2026-07-20 21:00:00,0.70027,0.70269,0.69934,0.69984,51884
37959498,60,D,M,2026-07-21 21:00:00,0.70013,0.70126,0.69802,0.6997,52155
37959499,60,D,M,2026-07-22 21:00:00,0.69956,0.70213,0.69622,0.6968,70748
37959500,60,D,M,2026-07-23 21:00:00,0.69652,0.7001,0.69642,0.69837,56080
37959501,60,D,M,2026-07-26 21:00:00,0.70016,0.70113,0.69855,0.69897,59069
37959502,60,D,M,2026-07-27 21:00:00,0.69901,0.69968,0.69628,0.69741,60866
37959503,60,D,M,2026-07-28 21:00:00,0.69782,0.6989,0.69222,0.69546,102368
37959504,60,D,M,2026-07-29 21:00:00,0.69558,0.70334,0.69464,0.70298,91249
37959505,69,D,M,2026-06-02 21:00:00,1.34676,1.3472,1.34126,1.34172,186338
37959506,69,D,M,2026-06-03 21:00:00,1.34186,1.34626,1.34116,1.3424,168123
37959507,69,D,M,2026-06-04 21:00:00,1.34295,1.34832,1.33302,1.33391,214731
37959508,69,D,M,2026-06-07 21:00:00,1.33305,1.33698,1.3306,1.3339,233807
37959509,69,D,M,2026-06-08 21:00:00,1.3342,1.34112,1.3331,1.33788,211992
37959510,69,D,M,2026-06-09 21:00:00,1.3373,1.34236,1.33672,1.33678,244845
37959511,69,D,M,2026-06-10 21:00:00,1.33722,1.34334,1.33246,1.34159,276875
37959512,69,D,M,2026-06-11 21:00:00,1.3416,1.34278,1.33836,1.34066,256157
37959513,69,D,M,2026-06-14 21:00:00,1.34092,1.3461,1.34064,1.3412,169075
37959514,69,D,M,2026-06-15 21:00:00,1.3418,1.34434,1.33907,1.3427,162823
37959515,69,D,M,2026-06-16 21:00:00,1.343,1.34416,1.3262,1.32942,231869
37959516,69,D,M,2026-06-17 21:00:00,1.32888,1.3325,1.31929,1.3205,229214
37959517,69,D,M,2026-06-18 21:00:00,1.32063,1.3241,1.31633,1.32345,179281
37959518,69,D,M,2026-06-21 21:00:00,1.31951,1.32732,1.31836,1.32504,220096
37959519,69,D,M,2026-06-22 21:00:00,1.32508,1.32572,1.31822,1.32031,190487
37959520,69,D,M,2026-06-23 21:00:00,1.32002,1.32093,1.31402,1.31681,209345
37959521,69,D,M,2026-06-24 21:00:00,1.31634,1.32192,1.31512,1.3191,206993
37959522,69,D,M,2026-06-25 21:00:00,1.32001,1.32321,1.31804,1.31974,218096
37959523,69,D,M,2026-06-28 21:00:00,1.32062,1.32626,1.3191,1.32594,161607
37959524,69,D,M,2026-06-29 21:00:00,1.32503,1.32768,1.32122,1.3261,188402
37959525,69,D,M,2026-06-30 21:00:00,1.32575,1.32923,1.3219,1.32758,204741
37959526,69,D,M,2026-07-01 21:00:00,1.32769,1.33849,1.32682,1.3347,269818
37959527,69,D,M,2026-07-02 21:00:00,1.33457,1.33813,1.33345,1.33536,140883
37959528,69,D,M,2026-07-05 21:00:00,1.33501,1.33974,1.33287,1.33897,156171
37959529,69,D,M,2026-07-06 21:00:00,1.33888,1.34018,1.33489,1.3359,154461
37959530,69,D,M,2026-07-07 21:00:00,1.33534,1.34104,1.33222,1.33888,244332
37959531,69,D,M,2026-07-08 21:00:00,1.33955,1.3431,1.33808,1.34088,149911
37959532,69,D,M,2026-07-09 21:00:00,1.34059,1.34519,1.33922,1.3402,183891
37959533,69,D,M,2026-07-12 21:00:00,1.3389,1.34119,1.33426,1.33465,273419
37959534,69,D,M,2026-07-13 21:00:00,1.33556,1.34438,1.33424,1.33914,277397
37959535,69,D,M,2026-07-14 21:00:00,1.33864,1.35582,1.33802,1.35392,202526
37959536,69,D,M,2026-07-15 21:00:00,1.35366,1.35446,1.34597,1.34793,203165
37959537,69,D,M,2026-07-16 21:00:00,1.34784,1.34814,1.34262,1.34522,204591
37959538,69,D,M,2026-07-19 21:00:00,1.34489,1.34814,1.34126,1.34307,174084
37959539,69,D,M,2026-07-20 21:00:00,1.34345,1.34557,1.33594,1.33751,161920
37959540,69,D,M,2026-07-21 21:00:00,1.33748,1.33954,1.33546,1.33756,171615
37959541,69,D,M,2026-07-22 21:00:00,1.33781,1.33934,1.3299,1.33144,205937
37959542,69,D,M,2026-07-23 21:00:00,1.33172,1.33491,1.33059,1.33239,159195
37959543,69,D,M,2026-07-26 21:00:00,1.33478,1.33637,1.32845,1.32882,186640
37959544,69,D,M,2026-07-27 21:00:00,1.32881,1.33112,1.32735,1.32894,163366
37959545,69,D,M,2026-07-28 21:00:00,1.32895,1.33874,1.32789,1.3367,224623
37959546,69,D,M,2026-07-29 21:00:00,1.33692,1.34768,1.3333,1.34644,298591
37959547,78,D,M,2026-06-02 21:00:00,1.38382,1.38998,1.38337,1.38976,116202
37959548,78,D,M,2026-06-03 21:00:00,1.38956,1.39255,1.38811,1.39107,117793
37959549,78,D,M,2026-06-04 21:00:00,1.39018,1.39509,1.38666,1.39402,121372
37959550,78,D,M,2026-06-07 21:00:00,1.3939,1.39613,1.39264,1.39538,142056
37959551,78,D,M,2026-06-08 21:00:00,1.39488,1.39694,1.39192,1.39496,136650
37959552,78,D,M,2026-06-09 21:00:00,1.39499,1.39575,1.38992,1.39439,141486
37959553,78,D,M,2026-06-10 21:00:00,1.39446,1.40241,1.39316,1.39658,150262
37959554,78,D,M,2026-06-11 21:00:00,1.39593,1.3996,1.39581,1.39894,153553
37959555,78,D,M,2026-06-14 21:00:00,1.39906,1.39942,1.39506,1.39908,114667
37959556,78,D,M,2026-06-15 21:00:00,1.39884,1.40186,1.39802,1.39951,103366
37959557,78,D,M,2026-06-16 21:00:00,1.39954,1.4123,1.39902,1.41005,118001
37959558,78,D,M,2026-06-17 21:00:00,1.4099,1.41467,1.40945,1.41372,121910
37959559,78,D,M,2026-06-18 21:00:00,1.4135,1.41834,1.41312,1.41536,87816
37959560,78,D,M,2026-06-21 21:00:00,1.41691,1.41936,1.41449,1.41594,101603
37959561,78,D,M,2026-06-22 21:00:00,1.41603,1.42173,1.41511,1.42104,110263
37959562,78,D,M,2026-06-23 21:00:00,1.42104,1.42484,1.42058,1.42334,106937
37959563,78,D,M,2026-06-24 21:00:00,1.42309,1.42486,1.41776,1.42012,103462
37959564,78,D,M,2026-06-25 21:00:00,1.42024,1.42098,1.41694,1.41958,116921
37959565,78,D,M,2026-06-28 21:00:00,1.41944,1.4218,1.41754,1.4212,87131
37959566,78,D,M,2026-06-29 21:00:00,1.42087,1.42478,1.41784,1.41963,101674
37959567,78,D,M,2026-06-30 21:00:00,1.4197,1.42353,1.41918,1.42159,88860
37959568,78,D,M,2026-07-01 21:00:00,1.42125,1.42246,1.41502,1.41816,126046
37959569,78,D,M,2026-07-02 21:00:00,1.41834,1.42104,1.41594,1.42004,87845
37959570,78,D,M,2026-07-05 21:00:00,1.41958,1.42389,1.41953,1.42058,82118
37959571,78,D,M,2026-07-06 21:00:00,1.4204,1.42264,1.41838,1.42004,77788
37959572,78,D,M,2026-07-07 21:00:00,1.41974,1.42086,1.4155,1.41738,114476
37959573,78,D,M,2026-07-08 21:00:00,1.41671,1.41899,1.41528,1.4168,78937
37959574,78,D,M,2026-07-09 21:00:00,1.4167,1.41744,1.41176,1.41574,91750
37959575,78,D,M,2026-07-12 21:00:00,1.41578,1.41749,1.41252,1.41568,107514
37959576,78,D,M,2026-07-13 21:00:00,1.4154,1.4157,1.40477,1.40604,130067
37959577,78,D,M,2026-07-14 21:00:00,1.40651,1.40772,1.40247,1.40412,92227
37959578,78,D,M,2026-07-15 21:00:00,1.40378,1.40584,1.40103,1.40426,87027
37959579,78,D,M,2026-07-16 21:00:00,1.40459,1.40474,1.40055,1.40223,90971
37959580,78,D,M,2026-07-19 21:00:00,1.40144,1.40723,1.40032,1.40706,75922
37959581,78,D,M,2026-07-20 21:00:00,1.40766,1.41112,1.40544,1.41095,85996
37959582,78,D,M,2026-07-21 21:00:00,1.411,1.41114,1.40766,1.40874,77734
37959583,78,D,M,2026-07-22 21:00:00,1.40865,1.40999,1.4057,1.40848,108257
37959584,78,D,M,2026-07-23 21:00:00,1.40853,1.41152,1.40664,1.40942,97734
37959585,78,D,M,2026-07-26 21:00:00,1.40884,1.41266,1.40707,1.41241,86553
37959586,78,D,M,2026-07-27 21:00:00,1.41241,1.41292,1.40862,1.41082,76572
37959587,78,D,M,2026-07-28 21:00:00,1.41044,1.411,1.40234,1.40476,120028
37959588,78,D,M,2026-07-29 21:00:00,1.40462,1.40682,1.3991,1.40108,131527
37959589,88,D,M,2026-06-02 21:00:00,0.86355,0.8646,0.86316,0.86444,39657
37959590,88,D,M,2026-06-03 21:00:00,0.86455,0.86565,0.86423,0.86496,36231
37959591,88,D,M,2026-06-04 21:00:00,0.86492,0.86552,0.86306,0.8637,55796
37959592,88,D,M,2026-06-07 21:00:00,0.8636,0.86516,0.86324,0.86459,52281
37959593,88,D,M,2026-06-08 21:00:00,0.86469,0.86497,0.8625,0.86285,48513
37959594,88,D,M,2026-06-09 21:00:00,0.86326,0.86334,0.86198,0.86296,53186
37959595,88,D,M,2026-06-10 21:00:00,0.86274,0.86444,0.86246,0.8631,67314
37959596,88,D,M,2026-06-11 21:00:00,0.8629,0.86368,0.86233,0.86279,55871
37959597,88,D,M,2026-06-14 21:00:00,0.8633,0.86521,0.86249,0.8641,42839
37959598,88,D,M,2026-06-15 21:00:00,0.86406,0.86514,0.86342,0.86457,42771
37959599,88,D,M,2026-06-16 21:00:00,0.86444,0.86604,0.86426,0.86515,58291
37959600,88,D,M,2026-06-17 21:00:00,0.8655,0.86824,0.86472,0.86773,60207
37959601,88,D,M,2026-06-18 21:00:00,0.86773,0.86822,0.86572,0.86664,51729
37959602,88,D,M,2026-06-21 21:00:00,0.86872,0.86898,0.8623,0.86251,53473
37959603,88,D,M,2026-06-22 21:00:00,0.86234,0.8635,0.8615,0.86206,46736
37959604,88,D,M,2026-06-23 21:00:00,0.86253,0.86287,0.86029,0.8626,51933
37959605,88,D,M,2026-06-24 21:00:00,0.86291,0.86291,0.86106,0.862,50312
37959606,88,D,M,2026-06-25 21:00:00,0.86146,0.86516,0.8611,0.86272,58192
37959607,88,D,M,2026-06-28 21:00:00,0.86246,0.86326,0.86108,0.86157,42097
37959608,88,D,M,2026-06-29 21:00:00,0.86214,0.86244,0.86063,0.86132,47058
37959609,88,D,M,2026-06-30 21:00:00,0.86156,0.8618,0.85662,0.85706,48069
37959610,88,D,M,2026-07-01 21:00:00,0.85698,0.85751,0.85462,0.85664,64320
37959611,88,D,M,2026-07-02 21:00:00,0.85651,0.85744,0.85618,0.85652,41300
37959612,88,D,M,2026-07-05 21:00:00,0.85675,0.85693,0.85409,0.85444,39268
37959613,88,D,M,2026-07-06 21:00:00,0.85454,0.85546,0.8533,0.85422,42077
37959614,88,D,M,2026-07-07 21:00:00,0.85475,0.85553,0.85195,0.85269,57375
37959615,88,D,M,2026-07-08 21:00:00,0.85251,0.8541,0.85182,0.85244,42670
37959616,88,D,M,2026-07-09 21:00:00,0.85272,0.85301,0.85088,0.85179,46011
37959617,88,D,M,2026-07-12 21:00:00,0.85155,0.8541,0.8515,0.8527,60860
37959618,88,D,M,2026-07-13 21:00:00,0.85278,0.85448,0.85178,0.85288,69596
37959619,88,D,M,2026-07-14 21:00:00,0.85315,0.85374,0.8455,0.8467,56945
37959620,88,D,M,2026-07-15 21:00:00,0.84685,0.84932,0.8467,0.84894,45339
37959621,88,D,M,2026-07-16 21:00:00,0.84881,0.85145,0.84878,0.85031,48857
37959622,88,D,M,2026-07-19 21:00:00,0.8497,0.85082,0.84832,0.84985,47673
37959623,88,D,M,2026-07-20 21:00:00,0.84971,0.85387,0.84906,0.85218,39225
37959624,88,D,M,2026-07-21 21:00:00,0.85232,0.85402,0.8519,0.8532,41657
37959625,88,D,M,2026-07-22 21:00:00,0.8528,0.85469,0.85267,0.85453,48716
37959626,88,D,M,2026-07-23 21:00:00,0.85438,0.85542,0.85302,0.85339,43391
37959627,88,D,M,2026-07-26 21:00:00,0.85423,0.85599,0.85342,0.8555,48863
37959628,88,D,M,2026-07-27 21:00:00,0.85486,0.85708,0.85456,0.85682,48344
37959629,88,D,M,2026-07-28 21:00:00,0.85696,0.85857,0.85596,0.85784,59669
37959630,88,D,M,2026-07-29 21:00:00,0.85759,0.85864,0.8557,0.85619,78196
37959631,100,D,M,2026-06-02 21:00:00,0.59307,0.59355,0.58579,0.58596,62830
37959632,100,D,M,2026-06-03 21:00:00,0.58626,0.58873,0.58586,0.58668,60893
37959633,100,D,M,2026-06-04 21:00:00,0.58675,0.58847,0.57898,0.57952,82463
37959634,100,D,M,2026-06-07 21:00:00,0.57828,0.58372,0.57816,0.58093,89651
37959635,100,D,M,2026-06-08 21:00:00,0.58114,0.58479,0.5799,0.58165,94109
37959636,100,D,M,2026-06-09 21:00:00,0.58164,0.5833,0.57952,0.57964,114341
37959637,100,D,M,2026-06-10 21:00:00,0.58102,0.58447,0.57694,0.58364,113980
37959638,100,D,M,2026-06-11 21:00:00,0.58362,0.58436,0.58112,0.58307,104291
37959639,100,D,M,2026-06-14 21:00:00,0.58318,0.58641,0.58198,0.58222,58984
37959640,100,D,M,2026-06-15 21:00:00,0.58276,0.58434,0.5795,0.58313,53598
37959641,100,D,M,2026-06-16 21:00:00,0.58277,0.58354,0.57522,0.57674,77378
37959642,100,D,M,2026-06-17 21:00:00,0.57728,0.5799,0.5749,0.57542,74649
37959643,100,D,M,2026-06-18 21:00:00,0.5765,0.57657,0.57232,0.57385,60957
37959644,100,D,M,2026-06-21 21:00:00,0.57337,0.57408,0.57094,0.57138,64961
37959645,100,D,M,2026-06-22 21:00:00,0.57194,0.57247,0.56631,0.5668,64074
37959646,100,D,M,2026-06-23 21:00:00,0.5675,0.56764,0.5631,0.56506,67622
37959647,100,D,M,2026-06-24 21:00:00,0.56506,0.56624,0.56336,0.56478,68698
37959648,100,D,M,2026-06-25 21:00:00,0.56489,0.56583,0.56264,0.56379,71086
37959649,100,D,M,2026-06-28 21:00:00,0.5645,0.56588,0.56318,0.56508,52216
37959650,100,D,M,2026-06-29 21:00:00,0.56538,0.56904,0.56408,0.56767,56395
37959651,100,D,M,2026-06-30 21:00:00,0.56757,0.56897,0.56578,0.5673,61232
37959652,100,D,M,2026-07-01 21:00:00,0.56738,0.57172,0.5668,0.5698,82216
37959653,100,D,M,2026-07-02 21:00:00,0.56956,0.57272,0.56896,0.57135,37532
37959654,100,D,M,2026-07-05 21:00:00,0.57142,0.57142,0.56768,0.57016,57441
37959655,100,D,M,2026-07-06 21:00:00,0.57012,0.57066,0.56722,0.5678,53366
37959656,100,D,M,2026-07-07 21:00:00,0.5678,0.57204,0.56732,0.57001,79854
37959657,100,D,M,2026-07-08 21:00:00,0.57001,0.57631,0.56942,0.57552,56739
37959658,100,D,M,2026-07-09 21:00:00,0.57544,0.57931,0.57471,0.5763,60258
37959659,100,D,M,2026-07-12 21:00:00,0.57626,0.57886,0.5744,0.57503,75060
37959660,100,D,M,2026-07-13 21:00:00,0.57497,0.58458,0.57474,0.58109,89660
37959661,100,D,M,2026-07-14 21:00:00,0.58166,0.58634,0.58055,0.58498,69653
37959662,100,D,M,2026-07-15 21:00:00,0.58496,0.58583,0.58336,0.58427,61819
37959663,100,D,M,2026-07-16 21:00:00,0.58421,0.58486,0.58251,0.58431,62861
37959664,100,D,M,2026-07-19 21:00:00,0.58287,0.58638,0.58266,0.58386,61128
37959665,100,D,M,2026-07-20 21:00:00,0.58376,0.58726,0.58226,0.58274,57078
37959666,100,D,M,2026-07-21 21:00:00,0.5827,0.58337,0.58106,0.58161,58309
37959667,100,D,M,2026-07-22 21:00:00,0.58157,0.58234,0.57623,0.57719,64896
37959668,100,D,M,2026-07-23 21:00:00,0.57721,0.58028,0.57688,0.57906,57967
37959669,100,D,M,2026-07-26 21:00:00,0.58035,0.58102,0.57727,0.57744,55739
37959670,100,D,M,2026-07-27 21:00:00,0.57772,0.57986,0.57621,0.57864,61156
37959671,100,D,M,2026-07-28 21:00:00,0.57848,0.58269,0.5762,0.57962,86055
37959672,100,D,M,2026-07-29 21:00:00,0.57953,0.58834,0.57908,0.58798,90872
37959673,7,H4,M,2026-06-03 09:00:00,1.16082,1.1623,1.15968,1.16005,21928
37959674,7,H4,M,2026-06-03 13:00:00,1.16006,1.1613,1.15949,1.16002,36273
37959675,7,H4,M,2026-06-03 17:00:00,1.16004,1.16036,1.15954,1.15986,9961
37959676,7,H4,M,2026-06-03 21:00:00,1.15998,1.16126,1.15946,1.16068,9050
37959677,7,H4,M,2026-06-04 01:00:00,1.16068,1.16132,1.16026,1.16098,9817
37959678,7,H4,M,2026-06-04 05:00:00,1.16098,1.1615,1.15986,1.16133,17748
37959679,7,H4,M,2026-06-04 09:00:00,1.16132,1.16455,1.16132,1.1637,24964
37959680,7,H4,M,2026-06-04 13:00:00,1.1637,1.164,1.16224,1.16234,21287
37959681,7,H4,M,2026-06-04 17:00:00,1.16233,1.1624,1.16082,1.1611,7325
37959682,7,H4,M,2026-06-04 21:00:00,1.16154,1.16162,1.1611,1.16128,5801
37959683,7,H4,M,2026-06-05 01:00:00,1.16128,1.1617,1.161,1.16162,10690
37959684,7,H4,M,2026-06-05 05:00:00,1.16162,1.164,1.1613,1.16368,15004
37959685,7,H4,M,2026-06-05 09:00:00,1.16366,1.16445,1.15863,1.15866,26670
37959686,7,H4,M,2026-06-05 13:00:00,1.15868,1.15998,1.15226,1.15322,51496
37959687,7,H4,M,2026-06-05 17:00:00,1.15324,1.15332,1.1518,1.15226,21739
37959688,7,H4,M,2026-06-07 21:00:00,1.15115,1.15337,1.15088,1.15335,11106
37959689,7,H4,M,2026-06-08 01:00:00,1.15336,1.15348,1.15118,1.15314,21873
37959690,7,H4,M,2026-06-08 05:00:00,1.15316,1.15398,1.15079,1.15084,28807
37959691,7,H4,M,2026-06-08 09:00:00,1.15084,1.15438,1.14997,1.15422,34409
37959692,7,H4,M,2026-06-08 13:00:00,1.15424,1.15548,1.15318,1.15389,33634
37959693,7,H4,M,2026-06-08 17:00:00,1.1539,1.15421,1.15278,1.15324,15166
37959694,7,H4,M,2026-06-08 21:00:00,1.1537,1.1539,1.1527,1.15314,7592
37959695,7,H4,M,2026-06-09 01:00:00,1.15315,1.15484,1.15305,1.15456,11870
37959696,7,H4,M,2026-06-09 05:00:00,1.15456,1.15536,1.15365,1.15508,21408
37959697,7,H4,M,2026-06-09 09:00:00,1.15509,1.15749,1.15504,1.15736,15690
37959698,7,H4,M,2026-06-09 13:00:00,1.15738,1.15781,1.15286,1.1541,46312
37959699,7,H4,M,2026-06-09 17:00:00,1.15408,1.15532,1.15396,1.1544,23266
37959700,7,H4,M,2026-06-09 21:00:00,1.15454,1.15456,1.15332,1.15424,10243
37959701,7,H4,M,2026-06-10 01:00:00,1.15426,1.15522,1.15354,1.15464,17038
37959702,7,H4,M,2026-06-10 05:00:00,1.15464,1.15588,1.15454,1.15536,21162
37959703,7,H4,M,2026-06-10 09:00:00,1.15538,1.15649,1.15357,1.15486,34469
37959704,7,H4,M,2026-06-10 13:00:00,1.15485,1.15731,1.15344,1.15539,46124
37959705,7,H4,M,2026-06-10 17:00:00,1.1554,1.15577,1.1535,1.15357,20996
37959706,7,H4,M,2026-06-10 21:00:00,1.15366,1.1543,1.15257,1.15425,16484
37959707,7,H4,M,2026-06-11 01:00:00,1.15426,1.15561,1.15416,1.15484,18379
37959708,7,H4,M,2026-06-11 05:00:00,1.15484,1.15556,1.15307,1.15323,20792
37959709,7,H4,M,2026-06-11 09:00:00,1.15322,1.15435,1.15164,1.15398,29903
37959710,7,H4,M,2026-06-11 13:00:00,1.15399,1.15406,1.15074,1.1509,38324
37959711,7,H4,M,2026-06-11 17:00:00,1.15088,1.15899,1.1503,1.15792,58869
37959712,7,H4,M,2026-06-11 21:00:00,1.15786,1.15866,1.15662,1.15696,11628
37959713,7,H4,M,2026-06-12 01:00:00,1.15697,1.15753,1.15616,1.15716,16925
37959714,7,H4,M,2026-06-12 05:00:00,1.15716,1.15858,1.15572,1.15768,31306
37959715,7,H4,M,2026-06-12 09:00:00,1.15769,1.15897,1.15601,1.15635,27440
37959716,7,H4,M,2026-06-12 13:00:00,1.15636,1.15835,1.15618,1.15746,44523
37959717,7,H4,M,2026-06-12 17:00:00,1.15747,1.15786,1.15658,1.15669,14950
37959718,7,H4,M,2026-06-14 21:00:00,1.15752,1.16176,1.15726,1.15988,16753
37959719,7,H4,M,2026-06-15 01:00:00,1.15988,1.16134,1.15942,1.16127,10393
37959720,7,H4,M,2026-06-15 05:00:00,1.16128,1.16221,1.15972,1.16016,21043
37959721,7,H4,M,2026-06-15 09:00:00,1.16016,1.16197,1.16007,1.16156,18492
37959722,7,H4,M,2026-06-15 13:00:00,1.16154,1.16205,1.15967,1.16036,24405
37959723,7,H4,M,2026-06-15 17:00:00,1.16035,1.16041,1.15836,1.15894,12722
37959724,7,H4,M,2026-06-15 21:00:00,1.15939,1.15958,1.15856,1.15931,6621
37959725,7,H4,M,2026-06-16 01:00:00,1.1593,1.15952,1.15758,1.1579,11621
37959726,7,H4,M,2026-06-16 05:00:00,1.1579,1.16065,1.15748,1.16058,16861
37959727,7,H4,M,2026-06-16 09:00:00,1.16058,1.16131,1.15914,1.15996,18072
37959728,7,H4,M,2026-06-16 13:00:00,1.15995,1.16198,1.1588,1.16133,27318
37959729,7,H4,M,2026-06-16 17:00:00,1.16132,1.16142,1.16058,1.16085,12190
37959730,7,H4,M,2026-06-16 21:00:00,1.16098,1.16168,1.16085,1.16148,10783
37959731,7,H4,M,2026-06-17 01:00:00,1.16146,1.16161,1.16084,1.16124,6308
37959732,7,H4,M,2026-06-17 05:00:00,1.16124,1.16149,1.15982,1.1602,13775
37959733,7,H4,M,2026-06-17 09:00:00,1.1602,1.1606,1.15854,1.16022,15057
37959734,7,H4,M,2026-06-17 13:00:00,1.16022,1.16028,1.1581,1.15917,23563
37959735,7,H4,M,2026-06-17 17:00:00,1.15917,1.15963,1.14779,1.1502,89185
37959736,7,H4,M,2026-06-17 21:00:00,1.15013,1.15208,1.15003,1.15155,11733
37959737,7,H4,M,2026-06-18 01:00:00,1.15154,1.15264,1.15131,1.15232,12146
37959738,7,H4,M,2026-06-18 05:00:00,1.15232,1.15283,1.14821,1.14826,25985
37959739,7,H4,M,2026-06-18 09:00:00,1.14826,1.1486,1.14532,1.14694,38005
37959740,7,H4,M,2026-06-18 13:00:00,1.14694,1.14876,1.14614,1.14653,41089
37959741,7,H4,M,2026-06-18 17:00:00,1.14654,1.14736,1.14513,1.14579,20146
37959742,7,H4,M,2026-06-18 21:00:00,1.1463,1.14658,1.14572,1.1462,8089
37959743,7,H4,M,2026-06-19 01:00:00,1.1462,1.14634,1.14274,1.14288,12464
37959744,7,H4,M,2026-06-19 05:00:00,1.14288,1.14659,1.1418,1.14644,26186
37959745,7,H4,M,2026-06-19 09:00:00,1.14644,1.1475,1.14526,1.14711,19687
37959746,7,H4,M,2026-06-19 13:00:00,1.14712,1.14762,1.14568,1.1469,18900
37959747,7,H4,M,2026-06-19 17:00:00,1.1469,1.14807,1.14658,1.14712,11686
37959748,7,H4,M,2026-06-21 21:00:00,1.14638,1.14697,1.14574,1.14666,10649
37959749,7,H4,M,2026-06-22 01:00:00,1.14665,1.14737,1.1453,1.1456,14943
37959750,7,H4,M,2026-06-22 05:00:00,1.14561,1.14634,1.14416,1.1451,23204
37959751,7,H4,M,2026-06-22 09:00:00,1.1451,1.14636,1.14475,1.1455,21749
37959752,7,H4,M,2026-06-22 13:00:00,1.14549,1.14552,1.14254,1.1431,40102
37959753,7,H4,M,2026-06-22 17:00:00,1.1431,1.14335,1.1419,1.14284,11068
37959754,7,H4,M,2026-06-22 21:00:00,1.14272,1.14302,1.14225,1.1427,7001
37959755,7,H4,M,2026-06-23 01:00:00,1.14271,1.1432,1.14186,1.14211,12076
37959756,7,H4,M,2026-06-23 05:00:00,1.1421,1.14391,1.14046,1.14082,26993
37959757,7,H4,M,2026-06-23 09:00:00,1.14083,1.14128,1.13826,1.13888,21925
37959758,7,H4,M,2026-06-23 13:00:00,1.13891,1.14002,1.13757,1.13796,31706
37959759,7,H4,M,2026-06-23 17:00:00,1.13795,1.1383,1.13762,1.13818,11226
37959760,7,H4,M,2026-06-23 21:00:00,1.13837,1.13845,1.13733,1.13763,8519
37959761,7,H4,M,2026-06-24 01:00:00,1.13764,1.1377,1.13613,1.1363,14371
37959762,7,H4,M,2026-06-24 05:00:00,1.1363,1.13753,1.13378,1.13528,23190
37959763,7,H4,M,2026-06-24 09:00:00,1.13526,1.13537,1.13252,1.1329,25651
37959764,7,H4,M,2026-06-24 13:00:00,1.13291,1.1368,1.13246,1.13596,39002
37959765,7,H4,M,2026-06-24 17:00:00,1.13597,1.13612,1.1349,1.13586,18204
37959766,7,H4,M,2026-06-24 21:00:00,1.13618,1.13637,1.13477,1.13534,7710
37959767,7,H4,M,2026-06-25 01:00:00,1.13536,1.13712,1.13532,1.13672,13321
37959768,7,H4,M,2026-06-25 05:00:00,1.1367,1.13726,1.13448,1.13676,19913
37959769,7,H4,M,2026-06-25 09:00:00,1.13676,1.13741,1.13335,1.13536,24759
37959770,7,H4,M,2026-06-25 13:00:00,1.13536,1.13882,1.13492,1.13741,43436
37959771,7,H4,M,2026-06-25 17:00:00,1.1374,1.13806,1.13686,1.13702,14140
37959772,7,H4,M,2026-06-25 21:00:00,1.13719,1.13742,1.13604,1.13648,10860
37959773,7,H4,M,2026-06-26 01:00:00,1.13648,1.13772,1.13542,1.13771,15095
37959774,7,H4,M,2026-06-26 05:00:00,1.1377,1.14076,1.13716,1.14014,23419
37959775,7,H4,M,2026-06-26 09:00:00,1.14014,1.1434,1.13938,1.14272,24772
37959776,7,H4,M,2026-06-26 13:00:00,1.14272,1.14298,1.1383,1.13898,37474
37959777,7,H4,M,2026-06-26 17:00:00,1.13899,1.13932,1.1381,1.1385,13519
37959778,7,H4,M,2026-06-28 21:00:00,1.13897,1.13918,1.13812,1.13876,8428
37959779,7,H4,M,2026-06-29 01:00:00,1.13877,1.13936,1.13809,1.13827,13342
37959780,7,H4,M,2026-06-29 05:00:00,1.13826,1.1415,1.13826,1.1396,20971
37959781,7,H4,M,2026-06-29 09:00:00,1.13962,1.14117,1.13945,1.14027,19352
37959782,7,H4,M,2026-06-29 13:00:00,1.14026,1.14306,1.14007,1.14258,30535
37959783,7,H4,M,2026-06-29 17:00:00,1.1426,1.14292,1.14214,1.14242,9892
37959784,7,H4,M,2026-06-29 21:00:00,1.14244,1.14271,1.14124,1.14164,6830
37959785,7,H4,M,2026-06-30 01:00:00,1.14165,1.14173,1.1389,1.13891,13067
37959786,7,H4,M,2026-06-30 05:00:00,1.1389,1.14095,1.13827,1.13936,23614
37959787,7,H4,M,2026-06-30 09:00:00,1.13936,1.1403,1.13864,1.13963,23014
37959788,7,H4,M,2026-06-30 13:00:00,1.13962,1.14367,1.13912,1.14142,37030
37959789,7,H4,M,2026-06-30 17:00:00,1.14142,1.14274,1.14142,1.14218,11304
37959790,7,H4,M,2026-06-30 21:00:00,1.14219,1.14233,1.14086,1.14096,6304
37959791,7,H4,M,2026-07-01 01:00:00,1.14096,1.14108,1.14018,1.14086,12430
37959792,7,H4,M,2026-07-01 05:00:00,1.14087,1.14106,1.13931,1.13965,18791
37959793,7,H4,M,2026-07-01 09:00:00,1.13966,1.14004,1.1369,1.13712,21388
37959794,7,H4,M,2026-07-01 13:00:00,1.13712,1.14119,1.13618,1.13824,53793
37959795,7,H4,M,2026-07-01 17:00:00,1.13824,1.1386,1.1374,1.13782,13921
37959796,7,H4,M,2026-07-01 21:00:00,1.1378,1.13833,1.1375,1.13767,4953
37959797,7,H4,M,2026-07-02 01:00:00,1.13766,1.13885,1.13764,1.13869,11315
37959798,7,H4,M,2026-07-02 05:00:00,1.13872,1.1421,1.13816,1.14202,28889
37959799,7,H4,M,2026-07-02 09:00:00,1.14202,1.1473,1.13954,1.14514,44362
37959800,7,H4,M,2026-07-02 13:00:00,1.14513,1.14584,1.14337,1.14378,53029
37959801,7,H4,M,2026-07-02 17:00:00,1.14376,1.14376,1.14262,1.14337,13821
37959802,7,H4,M,2026-07-02 21:00:00,1.1433,1.14357,1.14207,1.14307,8010
37959803,7,H4,M,2026-07-03 01:00:00,1.14308,1.14462,1.14302,1.14462,13225
37959804,7,H4,M,2026-07-03 05:00:00,1.14462,1.14622,1.14457,1.14528,19729
37959805,7,H4,M,2026-07-03 09:00:00,1.14527,1.14572,1.14404,1.1447,14360
37959806,7,H4,M,2026-07-03 13:00:00,1.1447,1.1448,1.14349,1.14376,12457
37959807,7,H4,M,2026-07-03 17:00:00,1.14378,1.14422,1.14333,1.14376,15792
37959808,7,H4,M,2026-07-05 21:00:00,1.14385,1.14412,1.14328,1.14384,8148
37959809,7,H4,M,2026-07-06 01:00:00,1.14384,1.14388,1.14276,1.14328,11914
37959810,7,H4,M,2026-07-06 05:00:00,1.14329,1.14333,1.14154,1.14206,20054
37959811,7,H4,M,2026-07-06 09:00:00,1.14206,1.14214,1.14098,1.14132,17170
37959812,7,H4,M,2026-07-06 13:00:00,1.14133,1.1432,1.14085,1.14306,21307
37959813,7,H4,M,2026-07-06 17:00:00,1.14306,1.1445,1.14301,1.14408,9006
37959814,7,H4,M,2026-07-06 21:00:00,1.1442,1.14481,1.14381,1.14386,7250
37959815,7,H4,M,2026-07-07 01:00:00,1.14386,1.14474,1.14354,1.14356,12089
37959816,7,H4,M,2026-07-07 05:00:00,1.14354,1.14374,1.14248,1.14279,18492
37959817,7,H4,M,2026-07-07 09:00:00,1.14278,1.14422,1.14236,1.14366,17583
37959818,7,H4,M,2026-07-07 13:00:00,1.14366,1.14419,1.1418,1.14236,27366
37959819,7,H4,M,2026-07-07 17:00:00,1.14236,1.14298,1.1408,1.14114,15536
37959820,7,H4,M,2026-07-07 21:00:00,1.14136,1.14154,1.14001,1.1408,9519
37959821,7,H4,M,2026-07-08 01:00:00,1.14081,1.14165,1.13985,1.14144,13923
37959822,7,H4,M,2026-07-08 05:00:00,1.14144,1.14316,1.14005,1.14103,32171
37959823,7,H4,M,2026-07-08 09:00:00,1.14102,1.14146,1.13931,1.13962,33834
37959824,7,H4,M,2026-07-08 13:00:00,1.1396,1.14148,1.13912,1.14142,35563
37959825,7,H4,M,2026-07-08 17:00:00,1.14142,1.14304,1.14142,1.14162,15487
37959826,7,H4,M,2026-07-08 21:00:00,1.14186,1.14302,1.14158,1.14257,5542
37959827,7,H4,M,2026-07-09 01:00:00,1.14258,1.14304,1.142,1.14268,10800
37959828,7,H4,M,2026-07-09 05:00:00,1.14268,1.14494,1.14256,1.14267,20139
37959829,7,H4,M,2026-07-09 09:00:00,1.14266,1.14359,1.14212,1.1425,19142
37959830,7,H4,M,2026-07-09 13:00:00,1.14248,1.14461,1.1424,1.14369,23004
37959831,7,H4,M,2026-07-09 17:00:00,1.14368,1.14408,1.14256,1.14302,8545
37959832,7,H4,M,2026-07-09 21:00:00,1.14329,1.14421,1.14292,1.14402,6642
37959833,7,H4,M,2026-07-10 01:00:00,1.144,1.14608,1.14382,1.14428,16705
37959834,7,H4,M,2026-07-10 05:00:00,1.14429,1.14475,1.14304,1.14306,20042
37959835,7,H4,M,2026-07-10 09:00:00,1.14306,1.1442,1.14233,1.14292,19826
37959836,7,H4,M,2026-07-10 13:00:00,1.14292,1.14413,1.14118,1.14296,29942
37959837,7,H4,M,2026-07-10 17:00:00,1.14296,1.14312,1.14116,1.1415,12396
37959838,7,H4,M,2026-07-12 21:00:00,1.14018,1.14067,1.13884,1.13955,11848
37959839,7,H4,M,2026-07-13 01:00:00,1.13956,1.14051,1.13844,1.14038,14989
37959840,7,H4,M,2026-07-13 05:00:00,1.14039,1.14458,1.13958,1.1436,30963
37959841,7,H4,M,2026-07-13 09:00:00,1.1436,1.14374,1.14204,1.14309,21665
37959842,7,H4,M,2026-07-13 13:00:00,1.1431,1.14334,1.13828,1.13888,34863
37959843,7,H4,M,2026-07-13 17:00:00,1.13888,1.13908,1.13775,1.13806,12690
37959844,7,H4,M,2026-07-13 21:00:00,1.13843,1.13896,1.13782,1.13848,11432
37959845,7,H4,M,2026-07-14 01:00:00,1.13846,1.13967,1.13846,1.13908,15902
37959846,7,H4,M,2026-07-14 05:00:00,1.13908,1.1406,1.13842,1.13996,21001
37959847,7,H4,M,2026-07-14 09:00:00,1.13996,1.14628,1.13898,1.1446,38038
37959848,7,H4,M,2026-07-14 13:00:00,1.1446,1.1459,1.14241,1.1432,48358
37959849,7,H4,M,2026-07-14 17:00:00,1.1432,1.14333,1.14162,1.14209,15265
37959850,7,H4,M,2026-07-14 21:00:00,1.14222,1.14343,1.14175,1.14331,7422
37959851,7,H4,M,2026-07-15 01:00:00,1.1433,1.14424,1.14324,1.14371,13085
37959852,7,H4,M,2026-07-15 05:00:00,1.1437,1.14438,1.14199,1.14244,19812
37959853,7,H4,M,2026-07-15 09:00:00,1.14244,1.14302,1.1406,1.14284,24108
37959854,7,H4,M,2026-07-15 13:00:00,1.14286,1.14422,1.14237,1.14422,35320
37959855,7,H4,M,2026-07-15 17:00:00,1.14422,1.14824,1.1442,1.14636,20455
37959856,7,H4,M,2026-07-15 21:00:00,1.14642,1.14746,1.14634,1.14739,8229
37959857,7,H4,M,2026-07-16 01:00:00,1.14738,1.1474,1.14602,1.14663,11555
37959858,7,H4,M,2026-07-16 05:00:00,1.14664,1.14764,1.14622,1.1466,19788
37959859,7,H4,M,2026-07-16 09:00:00,1.1466,1.14706,1.1447,1.14476,23051
37959860,7,H4,M,2026-07-16 13:00:00,1.14477,1.14592,1.14342,1.14348,27824
37959861,7,H4,M,2026-07-16 17:00:00,1.14348,1.14444,1.1431,1.14431,11530
37959862,7,H4,M,2026-07-16 21:00:00,1.14412,1.14469,1.14411,1.14468,5434
37959863,7,H4,M,2026-07-17 01:00:00,1.14468,1.14482,1.14346,1.14362,11039
37959864,7,H4,M,2026-07-17 05:00:00,1.1436,1.14522,1.14356,1.14412,19063
37959865,7,H4,M,2026-07-17 09:00:00,1.14411,1.14425,1.14246,1.14292,19016
37959866,7,H4,M,2026-07-17 13:00:00,1.14291,1.14444,1.14244,1.14382,26730
37959867,7,H4,M,2026-07-17 17:00:00,1.14383,1.14424,1.14334,1.14382,10205
37959868,7,H4,M,2026-07-19 21:00:00,1.14268,1.14336,1.14239,1.14335,8267
37959869,7,H4,M,2026-07-20 01:00:00,1.14336,1.14451,1.14312,1.14444,11101
37959870,7,H4,M,2026-07-20 05:00:00,1.14444,1.14496,1.14341,1.1439,16898
37959871,7,H4,M,2026-07-20 09:00:00,1.1439,1.14406,1.1417,1.14238,20536
37959872,7,H4,M,2026-07-20 13:00:00,1.1424,1.14247,1.14025,1.14116,22710
37959873,7,H4,M,2026-07-20 17:00:00,1.14116,1.14188,1.14113,1.14141,10300
37959874,7,H4,M,2026-07-20 21:00:00,1.14148,1.14184,1.14102,1.14132,6057
37959875,7,H4,M,2026-07-21 01:00:00,1.14133,1.1418,1.1409,1.14179,9557
37959876,7,H4,M,2026-07-21 05:00:00,1.1418,1.14276,1.14158,1.14212,14315
37959877,7,H4,M,2026-07-21 09:00:00,1.14211,1.14287,1.14132,1.14172,15218
37959878,7,H4,M,2026-07-21 13:00:00,1.14174,1.14196,1.14026,1.14081,22342
37959879,7,H4,M,2026-07-21 17:00:00,1.14082,1.14106,1.13974,1.1398,8245
37959880,7,H4,M,2026-07-21 21:00:00,1.13988,1.14072,1.13982,1.1404,6266
37959881,7,H4,M,2026-07-22 01:00:00,1.1404,1.141,1.13988,1.14084,9192
37959882,7,H4,M,2026-07-22 05:00:00,1.14084,1.14184,1.14034,1.14101,17604
37959883,7,H4,M,2026-07-22 09:00:00,1.14099,1.14136,1.14004,1.14078,19343
37959884,7,H4,M,2026-07-22 13:00:00,1.14078,1.14217,1.14062,1.14093,22426
37959885,7,H4,M,2026-07-22 17:00:00,1.14092,1.14128,1.1408,1.1412,8216
37959886,7,H4,M,2026-07-22 21:00:00,1.14104,1.14176,1.1406,1.14172,6023
37959887,7,H4,M,2026-07-23 01:00:00,1.14174,1.14358,1.1416,1.14326,13712
37959888,7,H4,M,2026-07-23 05:00:00,1.14326,1.1435,1.1407,1.14106,18531
37959889,7,H4,M,2026-07-23 09:00:00,1.14105,1.14152,1.13756,1.1385,25546
37959890,7,H4,M,2026-07-23 13:00:00,1.13851,1.13863,1.13638,1.138,37015
37959891,7,H4,M,2026-07-23 17:00:00,1.13801,1.1381,1.13712,1.13775,11689
37959892,7,H4,M,2026-07-23 21:00:00,1.13754,1.13843,1.13752,1.13843,7255
37959893,7,H4,M,2026-07-24 01:00:00,1.13844,1.13876,1.13768,1.13792,10373
37959894,7,H4,M,2026-07-24 05:00:00,1.13792,1.14012,1.13765,1.13834,17668
37959895,7,H4,M,2026-07-24 09:00:00,1.13834,1.1393,1.13674,1.13698,18258
37959896,7,H4,M,2026-07-24 13:00:00,1.13698,1.13908,1.1365,1.13778,26973
37959897,7,H4,M,2026-07-24 17:00:00,1.13777,1.13778,1.13674,1.13706,8249
37959898,7,H4,M,2026-07-26 21:00:00,1.13958,1.1413,1.13881,1.14016,11513
37959899,7,H4,M,2026-07-27 01:00:00,1.14016,1.14144,1.14012,1.14037,10914
37959900,7,H4,M,2026-07-27 05:00:00,1.14036,1.14184,1.13948,1.14023,19144
37959901,7,H4,M,2026-07-27 09:00:00,1.14022,1.14033,1.13764,1.13834,18650
37959902,7,H4,M,2026-07-27 13:00:00,1.13834,1.13866,1.13683,1.13798,25689
37959903,7,H4,M,2026-07-27 17:00:00,1.13798,1.13798,1.1367,1.13683,10807
37959904,7,H4,M,2026-07-27 21:00:00,1.13686,1.13746,1.13668,1.13742,9576
37959905,7,H4,M,2026-07-28 01:00:00,1.13744,1.13802,1.1368,1.13687,10075
37959906,7,H4,M,2026-07-28 05:00:00,1.13687,1.13736,1.13618,1.13726,15014
37959907,7,H4,M,2026-07-28 09:00:00,1.13725,1.13731,1.13532,1.13658,16093
37959908,7,H4,M,2026-07-28 13:00:00,1.13659,1.14053,1.13658,1.13958,26757
37959909,7,H4,M,2026-07-28 17:00:00,1.13958,1.1398,1.13855,1.13864,9630
37959910,7,H4,M,2026-07-28 21:00:00,1.13904,1.1393,1.13822,1.13909,7314
37959911,7,H4,M,2026-07-29 01:00:00,1.1391,1.14036,1.13854,1.14011,11838
37959912,7,H4,M,2026-07-29 05:00:00,1.14013,1.1403,1.139,1.13964,14711
37959913,7,H4,M,2026-07-29 09:00:00,1.13964,1.1397,1.13746,1.13784,16801
37959914,7,H4,M,2026-07-29 13:00:00,1.13784,1.1397,1.13766,1.13852,23153
37959915,7,H4,M,2026-07-29 17:00:00,1.1385,1.14709,1.13845,1.14668,68136
37959916,7,H4,M,2026-07-29 21:00:00,1.14599,1.14751,1.14552,1.1458,13279
37959917,7,H4,M,2026-07-30 01:00:00,1.1458,1.14612,1.14479,1.1451,9112
37959918,7,H4,M,2026-07-30 05:00:00,1.1451,1.14568,1.14344,1.14482,21298
37959919,7,H4,M,2026-07-30 09:00:00,1.14482,1.14843,1.14482,1.14725,30583
37959920,7,H4,M,2026-07-30 13:00:00,1.14726,1.1537,1.14696,1.15285,72598
37959921,7,H4,M,2026-07-30 17:00:00,1.15288,1.15358,1.15138,1.1528,19456
37959922,7,H4,M,2026-07-30 21:00:00,1.15261,1.15312,1.15153,1.1518,11780
37959923,7,H4,M,2026-07-31 01:00:00,1.15182,1.15214,1.15044,1.15082,16369
37959924,7,H4,M,2026-07-31 05:00:00,1.15082,1.15262,1.15044,1.15216,26792
37959925,7,H4,M,2026-07-31 09:00:00,1.15212,1.1525,1.14814,1.14882,29050
37959926,7,H4,M,2026-07-31 13:00:00,1.14882,1.15192,1.14551,1.15172,57535
37959927,29,H4,M,2026-06-03 09:00:00,0.78946,0.7905,0.78843,0.79036,9502
37959928,29,H4,M,2026-06-03 13:00:00,0.79034,0.79238,0.78961,0.79196,15782
37959929,29,H4,M,2026-06-03 17:00:00,0.79192,0.79273,0.79172,0.79216,4438
37959930,29,H4,M,2026-06-03 21:00:00,0.79154,0.7924,0.79072,0.79124,15568
37959931,29,H4,M,2026-06-04 01:00:00,0.79126,0.79146,0.79042,0.79064,6109
37959932,29,H4,M,2026-06-04 05:00:00,0.79065,0.79226,0.7903,0.79092,9814
37959933,29,H4,M,2026-06-04 09:00:00,0.79085,0.79094,0.78681,0.78771,11708
37959934,29,H4,M,2026-06-04 13:00:00,0.78775,0.78906,0.78747,0.78888,10393
37959935,29,H4,M,2026-06-04 17:00:00,0.78888,0.78981,0.7888,0.78958,3534
37959936,29,H4,M,2026-06-04 21:00:00,0.78955,0.7899,0.78888,0.78913,18783
37959937,29,H4,M,2026-06-05 01:00:00,0.78914,0.78956,0.78894,0.78909,3801
37959938,29,H4,M,2026-06-05 05:00:00,0.78912,0.78934,0.7872,0.78815,6586
37959939,29,H4,M,2026-06-05 09:00:00,0.78815,0.79316,0.78724,0.79316,12723
37959940,29,H4,M,2026-06-05 13:00:00,0.79314,0.79614,0.79162,0.79534,23845
37959941,29,H4,M,2026-06-05 17:00:00,0.79533,0.7968,0.79529,0.79632,8207
37959942,29,H4,M,2026-06-07 21:00:00,0.7959,0.79725,0.79457,0.79581,5146
37959943,29,H4,M,2026-06-08 01:00:00,0.79582,0.79798,0.79558,0.7968,10416
37959944,29,H4,M,2026-06-08 05:00:00,0.79676,0.79815,0.7961,0.79813,13581
37959945,29,H4,M,2026-06-08 09:00:00,0.79813,0.79866,0.79575,0.79584,14137
37959946,29,H4,M,2026-06-08 13:00:00,0.79582,0.79766,0.79474,0.79744,18281
37959947,29,H4,M,2026-06-08 17:00:00,0.79744,0.79824,0.79703,0.79788,8455
37959948,29,H4,M,2026-06-08 21:00:00,0.79754,0.79842,0.79745,0.79808,3955
37959949,29,H4,M,2026-06-09 01:00:00,0.79807,0.7982,0.79682,0.79695,7575
37959950,29,H4,M,2026-06-09 05:00:00,0.79696,0.79734,0.7958,0.79646,10210
37959951,29,H4,M,2026-06-09 09:00:00,0.79644,0.79659,0.79528,0.79571,7221
37959952,29,H4,M,2026-06-09 13:00:00,0.7957,0.79919,0.79486,0.79831,21456
37959953,29,H4,M,2026-06-09 17:00:00,0.7983,0.79868,0.79738,0.7982,10117
37959954,29,H4,M,2026-06-09 21:00:00,0.79806,0.79948,0.79774,0.79886,6360
37959955,29,H4,M,2026-06-10 01:00:00,0.79885,0.79952,0.79866,0.79912,9606
37959956,29,H4,M,2026-06-10 05:00:00,0.79913,0.7992,0.79746,0.79884,9212
37959957,29,H4,M,2026-06-10 09:00:00,0.79884,0.79958,0.79688,0.79824,16001
37959958,29,H4,M,2026-06-10 13:00:00,0.79826,0.79951,0.79651,0.79851,23240
37959959,29,H4,M,2026-06-10 17:00:00,0.7985,0.80024,0.79822,0.80006,8668
37959960,29,H4,M,2026-06-10 21:00:00,0.79881,0.80064,0.79881,0.79924,14954
37959961,29,H4,M,2026-06-11 01:00:00,0.79922,0.79924,0.798,0.79838,10197
37959962,29,H4,M,2026-06-11 05:00:00,0.79838,0.80014,0.79818,0.80011,9542
37959963,29,H4,M,2026-06-11 09:00:00,0.80011,0.80091,0.79874,0.79908,14837
37959964,29,H4,M,2026-06-11 13:00:00,0.79905,0.80106,0.7988,0.80096,19035
37959965,29,H4,M,2026-06-11 17:00:00,0.80098,0.8013,0.79419,0.79488,22869
37959966,29,H4,M,2026-06-11 21:00:00,0.79575,0.79604,0.79422,0.79587,7477
37959967,29,H4,M,2026-06-12 01:00:00,0.79588,0.7963,0.79554,0.79588,8756
37959968,29,H4,M,2026-06-12 05:00:00,0.79588,0.7975,0.79481,0.79568,13279
37959969,29,H4,M,2026-06-12 09:00:00,0.79568,0.79752,0.79488,0.79714,12988
37959970,29,H4,M,2026-06-12 13:00:00,0.79714,0.79758,0.79582,0.79654,19547
37959971,29,H4,M,2026-06-12 17:00:00,0.79652,0.79724,0.7962,0.7971,5963
37959972,29,H4,M,2026-06-14 21:00:00,0.79655,0.79716,0.79305,0.79456,12556
37959973,29,H4,M,2026-06-15 01:00:00,0.79458,0.7948,0.7933,0.7934,4821
37959974,29,H4,M,2026-06-15 05:00:00,0.7934,0.79455,0.79282,0.79336,10145
37959975,29,H4,M,2026-06-15 09:00:00,0.79336,0.79382,0.7922,0.79276,9484
37959976,29,H4,M,2026-06-15 13:00:00,0.79275,0.79396,0.79211,0.79362,12492
37959977,29,H4,M,2026-06-15 17:00:00,0.7936,0.79495,0.79356,0.79473,5141
37959978,29,H4,M,2026-06-15 21:00:00,0.79413,0.79494,0.79396,0.79442,4639
37959979,29,H4,M,2026-06-16 01:00:00,0.79444,0.79592,0.7942,0.79568,7295
37959980,29,H4,M,2026-06-16 05:00:00,0.79568,0.79599,0.7945,0.7946,8053
37959981,29,H4,M,2026-06-16 09:00:00,0.7946,0.79576,0.79402,0.79502,8078
37959982,29,H4,M,2026-06-16 13:00:00,0.79503,0.79572,0.79216,0.79269,14879
37959983,29,H4,M,2026-06-16 17:00:00,0.79268,0.79346,0.79258,0.79322,5854
37959984,29,H4,M,2026-06-16 21:00:00,0.79309,0.79342,0.79244,0.79252,6478
37959985,29,H4,M,2026-06-17 01:00:00,0.79251,0.7929,0.79202,0.7921,4252
37959986,29,H4,M,2026-06-17 05:00:00,0.7921,0.79244,0.791,0.79188,7896
37959987,29,H4,M,2026-06-17 09:00:00,0.7919,0.79336,0.79124,0.79237,8396
37959988,29,H4,M,2026-06-17 13:00:00,0.79238,0.794,0.7922,0.79326,12275
37959989,29,H4,M,2026-06-17 17:00:00,0.79327,0.80155,0.7926,0.79976,34836
37959990,29,H4,M,2026-06-17 21:00:00,0.79964,0.7999,0.7982,0.79886,15413
37959991,29,H4,M,2026-06-18 01:00:00,0.79885,0.79908,0.79823,0.79849,7446
37959992,29,H4,M,2026-06-18 05:00:00,0.79848,0.80259,0.79838,0.80246,12434
37959993,29,H4,M,2026-06-18 09:00:00,0.80245,0.80498,0.80204,0.80366,15981
37959994,29,H4,M,2026-06-18 13:00:00,0.80365,0.80488,0.8021,0.80456,19721
37959995,29,H4,M,2026-06-18 17:00:00,0.80452,0.80622,0.80392,0.80468,9825
37959996,29,H4,M,2026-06-18 21:00:00,0.80509,0.80516,0.80427,0.8047,5598
37959997,29,H4,M,2026-06-19 01:00:00,0.80469,0.80853,0.80446,0.80839,7420
37959998,29,H4,M,2026-06-19 05:00:00,0.80839,0.80918,0.8058,0.8058,12400
37959999,29,H4,M,2026-06-19 09:00:00,0.80578,0.80735,0.80538,0.80645,9073
37960000,29,H4,M,2026-06-19 13:00:00,0.80641,0.80806,0.80636,0.80754,8235
37960001,29,H4,M,2026-06-19 17:00:00,0.80754,0.80757,0.80644,0.80703,15001
37960002,29,H4,M,2026-06-21 21:00:00,0.80745,0.80859,0.80736,0.80789,5381
37960003,29,H4,M,2026-06-22 01:00:00,0.80788,0.80879,0.80708,0.8085,10389
37960004,29,H4,M,2026-06-22 05:00:00,0.8085,0.80918,0.80766,0.80794,11749
37960005,29,H4,M,2026-06-22 09:00:00,0.80791,0.80881,0.80694,0.80846,12807
37960006,29,H4,M,2026-06-22 13:00:00,0.80846,0.80974,0.80732,0.809,19415
37960007,29,H4,M,2026-06-22 17:00:00,0.809,0.80943,0.80844,0.8086,5545
37960008,29,H4,M,2026-06-22 21:00:00,0.80905,0.8092,0.80834,0.80856,4360
37960009,29,H4,M,2026-06-23 01:00:00,0.80854,0.80927,0.80819,0.80922,8258
37960010,29,H4,M,2026-06-23 05:00:00,0.8092,0.81004,0.8078,0.80978,13336
37960011,29,H4,M,2026-06-23 09:00:00,0.8098,0.81036,0.8091,0.80926,10955
37960012,29,H4,M,2026-06-23 13:00:00,0.80926,0.81038,0.8075,0.81022,15609
37960013,29,H4,M,2026-06-23 17:00:00,0.81025,0.81065,0.80946,0.80962,4907
37960014,29,H4,M,2026-06-23 21:00:00,0.80996,0.81041,0.80933,0.81005,5798
37960015,29,H4,M,2026-06-24 01:00:00,0.81004,0.81108,0.8097,0.81078,9713
37960016,29,H4,M,2026-06-24 05:00:00,0.81078,0.81242,0.81046,0.81156,10760
37960017,29,H4,M,2026-06-24 09:00:00,0.81156,0.8138,0.81144,0.81359,14008
37960018,29,H4,M,2026-06-24 13:00:00,0.81357,0.81396,0.81138,0.81189,18915
37960019,29,H4,M,2026-06-24 17:00:00,0.81188,0.81296,0.81176,0.81234,7691
37960020,29,H4,M,2026-06-24 21:00:00,0.81227,0.81308,0.81194,0.81243,5156
37960021,29,H4,M,2026-06-25 01:00:00,0.81242,0.81248,0.81062,0.81104,8775
37960022,29,H4,M,2026-06-25 05:00:00,0.81104,0.81269,0.81022,0.81084,9453
37960023,29,H4,M,2026-06-25 09:00:00,0.81083,0.81349,0.81066,0.81216,11273
37960024,29,H4,M,2026-06-25 13:00:00,0.81212,0.81238,0.80897,0.80996,20214
37960025,29,H4,M,2026-06-25 17:00:00,0.80999,0.81041,0.80934,0.81017,6628
37960026,29,H4,M,2026-06-25 21:00:00,0.80991,0.81084,0.8097,0.81037,6026
37960027,29,H4,M,2026-06-26 01:00:00,0.81038,0.8112,0.80852,0.80864,11085
37960028,29,H4,M,2026-06-26 05:00:00,0.80866,0.8094,0.80776,0.8084,11118
37960029,29,H4,M,2026-06-26 09:00:00,0.80839,0.8092,0.80702,0.80724,12006
37960030,29,H4,M,2026-06-26 13:00:00,0.80722,0.8098,0.8066,0.80944,17827
37960031,29,H4,M,2026-06-26 17:00:00,0.80942,0.81023,0.80918,0.80983,6638
37960032,29,H4,M,2026-06-28 21:00:00,0.81013,0.81036,0.80966,0.80984,4058
37960033,29,H4,M,2026-06-29 01:00:00,0.80984,0.81012,0.8094,0.81,7722
37960034,29,H4,M,2026-06-29 05:00:00,0.80999,0.81,0.80844,0.80908,8000
37960035,29,H4,M,2026-06-29 09:00:00,0.80903,0.80916,0.808,0.8088,9454
37960036,29,H4,M,2026-06-29 13:00:00,0.80876,0.80896,0.8075,0.80774,14294
37960037,29,H4,M,2026-06-29 17:00:00,0.80774,0.80802,0.80716,0.80754,4191
37960038,29,H4,M,2026-06-29 21:00:00,0.80816,0.80831,0.80736,0.8079,4345
37960039,29,H4,M,2026-06-30 01:00:00,0.8079,0.80972,0.80782,0.8097,9011
37960040,29,H4,M,2026-06-30 05:00:00,0.8097,0.81013,0.8083,0.80944,12494
37960041,29,H4,M,2026-06-30 09:00:00,0.80944,0.81015,0.80849,0.80922,11799
37960042,29,H4,M,2026-06-30 13:00:00,0.80923,0.80967,0.80631,0.80868,17608
37960043,29,H4,M,2026-06-30 17:00:00,0.80866,0.80872,0.8076,0.80833,5714
37960044,29,H4,M,2026-06-30 21:00:00,0.80818,0.80909,0.8077,0.80893,5819
37960045,29,H4,M,2026-07-01 01:00:00,0.80894,0.80964,0.80892,0.8091,7511
37960046,29,H4,M,2026-07-01 05:00:00,0.8091,0.81026,0.80892,0.80977,7581
37960047,29,H4,M,2026-07-01 09:00:00,0.80979,0.81178,0.80954,0.81153,10422
37960048,29,H4,M,2026-07-01 13:00:00,0.81152,0.81202,0.80781,0.80876,23110
37960049,29,H4,M,2026-07-01 17:00:00,0.80875,0.8098,0.80844,0.80953,6127
37960050,29,H4,M,2026-07-01 21:00:00,0.80962,0.80997,0.8088,0.80937,9143
37960051,29,H4,M,2026-07-02 01:00:00,0.80938,0.80943,0.80844,0.8087,7674
37960052,29,H4,M,2026-07-02 05:00:00,0.8087,0.80892,0.80414,0.80422,14291
37960053,29,H4,M,2026-07-02 09:00:00,0.80423,0.80742,0.801,0.80314,24414
37960054,29,H4,M,2026-07-02 13:00:00,0.80314,0.80387,0.80161,0.80294,23530
37960055,29,H4,M,2026-07-02 17:00:00,0.80295,0.80406,0.80295,0.80351,7049
37960056,29,H4,M,2026-07-02 21:00:00,0.80351,0.8047,0.80314,0.8038,7352
37960057,29,H4,M,2026-07-03 01:00:00,0.80378,0.80383,0.80244,0.80244,10478
37960058,29,H4,M,2026-07-03 05:00:00,0.80244,0.80256,0.80106,0.80254,8411
37960059,29,H4,M,2026-07-03 09:00:00,0.80256,0.8034,0.80236,0.80318,6234
37960060,29,H4,M,2026-07-03 13:00:00,0.80318,0.80371,0.80285,0.80357,4881
37960061,29,H4,M,2026-07-03 17:00:00,0.80356,0.80399,0.80303,0.80341,24193
37960062,29,H4,M,2026-07-05 21:00:00,0.80342,0.80416,0.80327,0.8036,4779
37960063,29,H4,M,2026-07-06 01:00:00,0.80361,0.80476,0.80356,0.80444,5839
37960064,29,H4,M,2026-07-06 05:00:00,0.80441,0.80603,0.80439,0.8054,8374
37960065,29,H4,M,2026-07-06 09:00:00,0.80541,0.80654,0.80527,0.8064,7518
37960066,29,H4,M,2026-07-06 13:00:00,0.80637,0.80732,0.80559,0.80602,9035
37960067,29,H4,M,2026-07-06 17:00:00,0.80604,0.80606,0.80468,0.80521,4966
37960068,29,H4,M,2026-07-06 21:00:00,0.80482,0.80575,0.80464,0.80575,5334
37960069,29,H4,M,2026-07-07 01:00:00,0.80574,0.80581,0.80483,0.80572,7157
37960070,29,H4,M,2026-07-07 05:00:00,0.80573,0.8069,0.80558,0.80632,7527
37960071,29,H4,M,2026-07-07 09:00:00,0.80632,0.80724,0.8054,0.8059,7435
37960072,29,H4,M,2026-07-07 13:00:00,0.8059,0.80741,0.80539,0.8071,12272
37960073,29,H4,M,2026-07-07 17:00:00,0.80712,0.8088,0.80659,0.80846,7148
37960074,29,H4,M,2026-07-07 21:00:00,0.80791,0.8093,0.80778,0.80888,5584
37960075,29,H4,M,2026-07-08 01:00:00,0.80888,0.80968,0.80824,0.80834,9632
37960076,29,H4,M,2026-07-08 05:00:00,0.80838,0.80858,0.80638,0.80782,14514
37960077,29,H4,M,2026-07-08 09:00:00,0.80784,0.80946,0.8073,0.80886,16331
37960078,29,H4,M,2026-07-08 13:00:00,0.80888,0.81081,0.80852,0.80886,17908
37960079,29,H4,M,2026-07-08 17:00:00,0.80885,0.80885,0.80723,0.80843,7692
37960080,29,H4,M,2026-07-08 21:00:00,0.80838,0.80903,0.80706,0.8075,3758
37960081,29,H4,M,2026-07-09 01:00:00,0.80748,0.80796,0.80691,0.80709,7927
37960082,29,H4,M,2026-07-09 05:00:00,0.8071,0.80718,0.8053,0.80706,10217
37960083,29,H4,M,2026-07-09 09:00:00,0.80709,0.80798,0.8066,0.80754,8812
37960084,29,H4,M,2026-07-09 13:00:00,0.80756,0.80764,0.80606,0.80652,12464
37960085,29,H4,M,2026-07-09 17:00:00,0.8065,0.80716,0.80584,0.80692,5231
37960086,29,H4,M,2026-07-09 21:00:00,0.80639,0.80738,0.80551,0.80568,6276
37960087,29,H4,M,2026-07-10 01:00:00,0.8057,0.8059,0.80306,0.80468,10229
37960088,29,H4,M,2026-07-10 05:00:00,0.80468,0.80642,0.80432,0.80632,11337
37960089,29,H4,M,2026-07-10 09:00:00,0.80634,0.80762,0.80605,0.80703,9520
37960090,29,H4,M,2026-07-10 13:00:00,0.80704,0.80882,0.80597,0.80719,13923
37960091,29,H4,M,2026-07-10 17:00:00,0.80723,0.80896,0.80712,0.80839,6794
37960092,29,H4,M,2026-07-12 21:00:00,0.80844,0.81036,0.8075,0.81023,8386
37960093,29,H4,M,2026-07-13 01:00:00,0.81022,0.81089,0.80928,0.8094,10676
37960094,29,H4,M,2026-07-13 05:00:00,0.80939,0.81041,0.80747,0.80821,16861
37960095,29,H4,M,2026-07-13 09:00:00,0.80824,0.81044,0.8082,0.80962,14348
37960096,29,H4,M,2026-07-13 13:00:00,0.80958,0.81404,0.80935,0.81359,20912
37960097,29,H4,M,2026-07-13 17:00:00,0.81356,0.81494,0.81354,0.81482,8426
37960098,29,H4,M,2026-07-13 21:00:00,0.81466,0.81518,0.81414,0.81458,8304
37960099,29,H4,M,2026-07-14 01:00:00,0.8146,0.81464,0.81322,0.81386,11570
37960100,29,H4,M,2026-07-14 05:00:00,0.81386,0.81484,0.81216,0.81262,12549
37960101,29,H4,M,2026-07-14 09:00:00,0.81259,0.81304,0.80634,0.80809,23534
37960102,29,H4,M,2026-07-14 13:00:00,0.80808,0.80946,0.80606,0.8087,25870
37960103,29,H4,M,2026-07-14 17:00:00,0.80871,0.80996,0.80854,0.80929,8680
37960104,29,H4,M,2026-07-14 21:00:00,0.80922,0.80972,0.80835,0.80845,6208
37960105,29,H4,M,2026-07-15 01:00:00,0.80843,0.80948,0.80802,0.80924,8720
37960106,29,H4,M,2026-07-15 05:00:00,0.80922,0.81042,0.80842,0.81005,10640
37960107,29,H4,M,2026-07-15 09:00:00,0.81002,0.81146,0.8089,0.80902,11314
37960108,29,H4,M,2026-07-15 13:00:00,0.80899,0.80928,0.80636,0.80702,17887
37960109,29,H4,M,2026-07-15 17:00:00,0.807,0.80706,0.8034,0.80534,10631
37960110,29,H4,M,2026-07-15 21:00:00,0.80472,0.80524,0.80418,0.80482,6050
37960111,29,H4,M,2026-07-16 01:00:00,0.80482,0.80647,0.80478,0.80608,7618
37960112,29,H4,M,2026-07-16 05:00:00,0.80607,0.80715,0.80555,0.80691,9858
37960113,29,H4,M,2026-07-16 09:00:00,0.80692,0.80822,0.80626,0.80817,12813
37960114,29,H4,M,2026-07-16 13:00:00,0.80816,0.8095,0.80736,0.8094,15178
37960115,29,H4,M,2026-07-16 17:00:00,0.80942,0.80972,0.80855,0.8087,5220
37960116,29,H4,M,2026-07-16 21:00:00,0.80866,0.80895,0.80822,0.80822,7791
37960117,29,H4,M,2026-07-17 01:00:00,0.80823,0.80926,0.80812,0.80919,10339
37960118,29,H4,M,2026-07-17 05:00:00,0.80918,0.8093,0.80646,0.80652,10656
37960119,29,H4,M,2026-07-17 09:00:00,0.80653,0.80806,0.80648,0.80744,11731
37960120,29,H4,M,2026-07-17 13:00:00,0.80743,0.80806,0.80604,0.80736,13675
37960121,29,H4,M,2026-07-17 17:00:00,0.80736,0.80781,0.80716,0.8075,5789
37960122,29,H4,M,2026-07-19 21:00:00,0.80862,0.80898,0.8079,0.80804,7489
37960123,29,H4,M,2026-07-20 01:00:00,0.80805,0.80825,0.80699,0.80703,6458
37960124,29,H4,M,2026-07-20 05:00:00,0.80704,0.80774,0.80614,0.807,8062
37960125,29,H4,M,2026-07-20 09:00:00,0.80704,0.80938,0.80694,0.80882,11433
37960126,29,H4,M,2026-07-20 13:00:00,0.80883,0.81079,0.80875,0.81031,11811
37960127,29,H4,M,2026-07-20 17:00:00,0.8103,0.81035,0.80974,0.81029,4258
37960128,29,H4,M,2026-07-20 21:00:00,0.80984,0.81053,0.80966,0.81043,5677
37960129,29,H4,M,2026-07-21 01:00:00,0.81042,0.81082,0.81008,0.81022,8028
37960130,29,H4,M,2026-07-21 05:00:00,0.81022,0.81072,0.8091,0.81028,8245
37960131,29,H4,M,2026-07-21 09:00:00,0.81027,0.8113,0.80924,0.81078,10045
37960132,29,H4,M,2026-07-21 13:00:00,0.81078,0.81288,0.81075,0.8123,13599
37960133,29,H4,M,2026-07-21 17:00:00,0.81232,0.81326,0.81222,0.81286,5106
37960134,29,H4,M,2026-07-21 21:00:00,0.81251,0.81302,0.81232,0.8127,4983
37960135,29,H4,M,2026-07-22 01:00:00,0.81272,0.81334,0.8124,0.81294,6474
37960136,29,H4,M,2026-07-22 05:00:00,0.81294,0.81314,0.81136,0.81185,8301
37960137,29,H4,M,2026-07-22 09:00:00,0.81185,0.81304,0.81159,0.81264,9434
37960138,29,H4,M,2026-07-22 13:00:00,0.81264,0.81438,0.81137,0.81438,12199
37960139,29,H4,M,2026-07-22 17:00:00,0.81438,0.81482,0.81414,0.8144,4550
37960140,29,H4,M,2026-07-22 21:00:00,0.81448,0.81471,0.8139,0.81391,4119
37960141,29,H4,M,2026-07-23 01:00:00,0.81388,0.81418,0.81302,0.81324,8901
37960142,29,H4,M,2026-07-23 05:00:00,0.81324,0.81568,0.8131,0.81472,10284
37960143,29,H4,M,2026-07-23 09:00:00,0.81474,0.81722,0.8143,0.81668,13177
37960144,29,H4,M,2026-07-23 13:00:00,0.81668,0.81804,0.816,0.81628,19903
37960145,29,H4,M,2026-07-23 17:00:00,0.81629,0.81732,0.81594,0.81692,7198
37960146,29,H4,M,2026-07-23 21:00:00,0.81658,0.81726,0.8163,0.8163,6638
37960147,29,H4,M,2026-07-24 01:00:00,0.81628,0.81762,0.81604,0.8174,6828
37960148,29,H4,M,2026-07-24 05:00:00,0.81738,0.81741,0.8153,0.81654,10025
37960149,29,H4,M,2026-07-24 09:00:00,0.81654,0.8182,0.81611,0.81803,9384
37960150,29,H4,M,2026-07-24 13:00:00,0.81804,0.8185,0.81633,0.8174,13876
37960151,29,H4,M,2026-07-24 17:00:00,0.81741,0.81857,0.81734,0.81816,4362
37960152,29,H4,M,2026-07-26 21:00:00,0.816,0.81712,0.81407,0.81507,6413
37960153,29,H4,M,2026-07-27 01:00:00,0.81508,0.81524,0.8139,0.81507,6983
37960154,29,H4,M,2026-07-27 05:00:00,0.81507,0.81554,0.8139,0.81493,9321
37960155,29,H4,M,2026-07-27 09:00:00,0.81496,0.81654,0.81441,0.8164,9733
37960156,29,H4,M,2026-07-27 13:00:00,0.81642,0.819,0.81641,0.81802,16858
37960157,29,H4,M,2026-07-27 17:00:00,0.81804,0.81939,0.81804,0.81926,5821
37960158,29,H4,M,2026-07-27 21:00:00,0.81865,0.81972,0.81824,0.81878,3958
37960159,29,H4,M,2026-07-28 01:00:00,0.81878,0.8193,0.81838,0.81921,4540
37960160,29,H4,M,2026-07-28 05:00:00,0.81922,0.82,0.81866,0.81932,7556
37960161,29,H4,M,2026-07-28 09:00:00,0.81932,0.82052,0.81924,0.81961,7615
37960162,29,H4,M,2026-07-28 13:00:00,0.81962,0.81964,0.81678,0.81781,14902
37960163,29,H4,M,2026-07-28 17:00:00,0.81782,0.81944,0.81764,0.81932,5927
37960164,29,H4,M,2026-07-28 21:00:00,0.81932,0.81982,0.8184,0.81904,5945
37960165,29,H4,M,2026-07-29 01:00:00,0.81904,0.81938,0.81695,0.8173,9641
37960166,29,H4,M,2026-07-29 05:00:00,0.8173,0.81948,0.81701,0.81905,7966
37960167,29,H4,M,2026-07-29 09:00:00,0.81906,0.82052,0.81894,0.81972,8574
37960168,29,H4,M,2026-07-29 13:00:00,0.81972,0.8207,0.81823,0.8204,11215
37960169,29,H4,M,2026-07-29 17:00:00,0.8204,0.82051,0.81327,0.81358,36791
37960170,29,H4,M,2026-07-29 21:00:00,0.81356,0.81505,0.8132,0.81466,14496
37960171,29,H4,M,2026-07-30 01:00:00,0.81464,0.81574,0.81431,0.81558,7885
37960172,29,H4,M,2026-07-30 05:00:00,0.81556,0.81748,0.815,0.81624,12985
37960173,29,H4,M,2026-07-30 09:00:00,0.81621,0.81621,0.81148,0.81294,17659
37960174,29,H4,M,2026-07-30 13:00:00,0.81291,0.81296,0.80391,0.80475,43301
37960175,29,H4,M,2026-07-30 17:00:00,0.80472,0.80602,0.80398,0.8051,12331
37960176,29,H4,M,2026-07-30 21:00:00,0.80508,0.80652,0.8049,0.80616,8393
37960177,29,H4,M,2026-07-31 01:00:00,0.80616,0.80751,0.80576,0.80716,12169
37960178,29,H4,M,2026-07-31 05:00:00,0.8072,0.80818,0.80592,0.80616,16132
37960179,29,H4,M,2026-07-31 09:00:00,0.8062,0.81105,0.80551,0.81062,15277
37960180,29,H4,M,2026-07-31 13:00:00,0.81061,0.81292,0.80806,0.80887,30902
37960181,46,H4,M,2026-06-03 09:00:00,185.451,185.746,185.45,185.516,31834
37960182,46,H4,M,2026-06-03 13:00:00,185.51,185.749,185.488,185.589,45486
37960183,46,H4,M,2026-06-03 17:00:00,185.59,185.708,185.559,185.684,18808
37960184,46,H4,M,2026-06-03 21:00:00,185.662,185.704,185.562,185.604,18007
37960185,46,H4,M,2026-06-04 01:00:00,185.601,185.68,185.352,185.606,22921
37960186,46,H4,M,2026-06-04 05:00:00,185.605,185.684,185.48,185.669,28698
37960187,46,H4,M,2026-06-04 09:00:00,185.668,186.101,185.668,186.036,37057
37960188,46,H4,M,2026-06-04 13:00:00,186.036,186.116,185.929,185.942,32415
37960189,46,H4,M,2026-06-04 17:00:00,185.942,185.961,185.778,185.809,15204
37960190,46,H4,M,2026-06-04 21:00:00,185.876,185.892,185.721,185.758,11210
37960191,46,H4,M,2026-06-05 01:00:00,185.754,185.827,185.702,185.812,18990
37960192,46,H4,M,2026-06-05 05:00:00,185.81,186.165,185.764,186.128,24304
37960193,46,H4,M,2026-06-05 09:00:00,186.129,186.209,185.63,185.634,34374
37960194,46,H4,M,2026-06-05 13:00:00,185.635,185.701,184.719,184.841,59737
37960195,46,H4,M,2026-06-05 17:00:00,184.836,184.861,184.498,184.727,30819
37960196,46,H4,M,2026-06-07 21:00:00,184.481,184.914,184.429,184.911,19190
37960197,46,H4,M,2026-06-08 01:00:00,184.91,184.944,184.592,184.899,29801
37960198,46,H4,M,2026-06-08 05:00:00,184.9,185,183.977,184.158,42283
37960199,46,H4,M,2026-06-08 09:00:00,184.159,184.646,184.028,184.628,46249
37960200,46,H4,M,2026-06-08 13:00:00,184.632,184.87,184.62,184.808,45310
37960201,46,H4,M,2026-06-08 17:00:00,184.809,184.854,184.706,184.724,22953
37960202,46,H4,M,2026-06-08 21:00:00,184.758,184.806,184.607,184.772,15385
37960203,46,H4,M,2026-06-09 01:00:00,184.772,184.991,184.758,184.952,22972
37960204,46,H4,M,2026-06-09 05:00:00,184.952,185.046,184.821,185.018,35281
37960205,46,H4,M,2026-06-09 09:00:00,185.017,185.418,185.015,185.399,25661
37960206,46,H4,M,2026-06-09 13:00:00,185.399,185.468,184.969,185.12,55785
37960207,46,H4,M,2026-06-09 17:00:00,185.121,185.26,185.09,185.122,30508
37960208,46,H4,M,2026-06-09 21:00:00,185.117,185.127,184.976,185.118,15806
37960209,46,H4,M,2026-06-10 01:00:00,185.121,185.246,184.958,185.172,26106
37960210,46,H4,M,2026-06-10 05:00:00,185.172,185.352,185.147,185.35,32596
37960211,46,H4,M,2026-06-10 09:00:00,185.35,185.476,185.146,185.284,42465
37960212,46,H4,M,2026-06-10 13:00:00,185.278,185.576,185.162,185.426,54595
37960213,46,H4,M,2026-06-10 17:00:00,185.426,185.48,185.214,185.215,29124
37960214,46,H4,M,2026-06-10 21:00:00,185.168,185.294,185.053,185.275,20299
37960215,46,H4,M,2026-06-11 01:00:00,185.276,185.444,185.276,185.362,27001
37960216,46,H4,M,2026-06-11 05:00:00,185.36,185.473,185.109,185.134,30524
37960217,46,H4,M,2026-06-11 09:00:00,185.134,185.303,184.938,185.252,36465
37960218,46,H4,M,2026-06-11 13:00:00,185.252,185.273,184.742,184.755,48116
37960219,46,H4,M,2026-06-11 17:00:00,184.756,185.241,184.659,185.233,55521
37960220,46,H4,M,2026-06-11 21:00:00,185.194,185.392,185.156,185.312,20665
37960221,46,H4,M,2026-06-12 01:00:00,185.311,185.475,185.166,185.444,26861
37960222,46,H4,M,2026-06-12 05:00:00,185.445,185.557,185.294,185.339,43575
37960223,46,H4,M,2026-06-12 09:00:00,185.34,185.453,185.254,185.31,39297
37960224,46,H4,M,2026-06-12 13:00:00,185.31,185.548,185.298,185.464,51450
37960225,46,H4,M,2026-06-12 17:00:00,185.462,185.495,185.306,185.338,21014
37960226,46,H4,M,2026-06-14 21:00:00,185.379,185.76,185.279,185.712,22690
37960227,46,H4,M,2026-06-15 01:00:00,185.712,185.87,185.678,185.862,18204
37960228,46,H4,M,2026-06-15 05:00:00,185.866,185.962,185.722,185.784,31164
37960229,46,H4,M,2026-06-15 09:00:00,185.784,186.058,185.772,186.01,28682
37960230,46,H4,M,2026-06-15 13:00:00,186.01,186.024,185.756,185.909,34814
37960231,46,H4,M,2026-06-15 17:00:00,185.908,185.951,185.79,185.847,21587
37960232,46,H4,M,2026-06-15 21:00:00,185.87,185.938,185.652,185.72,10908
37960233,46,H4,M,2026-06-16 01:00:00,185.722,185.746,185.456,185.562,24153
37960234,46,H4,M,2026-06-16 05:00:00,185.562,186.08,185.498,186.066,31289
37960235,46,H4,M,2026-06-16 09:00:00,186.066,186.165,185.895,185.97,30266
37960236,46,H4,M,2026-06-16 13:00:00,185.971,186.322,185.897,186.272,41091
37960237,46,H4,M,2026-06-16 17:00:00,186.273,186.318,186.232,186.276,18001
37960238,46,H4,M,2026-06-16 21:00:00,186.292,186.32,186.222,186.246,13326
37960239,46,H4,M,2026-06-17 01:00:00,186.245,186.272,186.092,186.109,14704
37960240,46,H4,M,2026-06-17 05:00:00,186.11,186.201,185.772,185.872,24610
37960241,46,H4,M,2026-06-17 09:00:00,185.872,185.932,185.72,185.92,23207
37960242,46,H4,M,2026-06-17 13:00:00,185.921,185.951,185.67,185.7,33099
37960243,46,H4,M,2026-06-17 17:00:00,185.7,185.792,184.541,184.815,63834
37960244,46,H4,M,2026-06-17 21:00:00,184.774,185.09,184.671,185.056,18900
37960245,46,H4,M,2026-06-18 01:00:00,185.052,185.134,184.942,185.058,22293
37960246,46,H4,M,2026-06-18 05:00:00,185.058,185.202,184.576,184.613,37678
37960247,46,H4,M,2026-06-18 09:00:00,184.62,184.662,184.292,184.513,45816
37960248,46,H4,M,2026-06-18 13:00:00,184.512,185.086,184.43,185.086,50320
37960249,46,H4,M,2026-06-18 17:00:00,185.084,185.374,184.343,184.944,35511
37960250,46,H4,M,2026-06-18 21:00:00,184.992,185.021,184.588,184.658,17961
37960251,46,H4,M,2026-06-19 01:00:00,184.662,184.718,184.411,184.436,24883
37960252,46,H4,M,2026-06-19 05:00:00,184.436,184.932,184.303,184.904,35678
37960253,46,H4,M,2026-06-19 09:00:00,184.905,184.954,184.736,184.88,27635
37960254,46,H4,M,2026-06-19 13:00:00,184.88,185.037,184.771,185.034,26691
37960255,46,H4,M,2026-06-19 17:00:00,185.038,185.14,184.934,185.012,18513
37960256,46,H4,M,2026-06-21 21:00:00,184.874,185.194,184.787,185.181,15904
37960257,46,H4,M,2026-06-22 01:00:00,185.179,185.277,185.088,185.207,26563
37960258,46,H4,M,2026-06-22 05:00:00,185.208,185.332,185.065,185.246,34270
37960259,46,H4,M,2026-06-22 09:00:00,185.248,185.398,185.184,185.31,34865
37960260,46,H4,M,2026-06-22 13:00:00,185.312,185.316,184.382,184.674,57285
37960261,46,H4,M,2026-06-22 17:00:00,184.674,184.708,184.392,184.683,20779
37960262,46,H4,M,2026-06-22 21:00:00,184.604,184.71,184.52,184.636,15073
37960263,46,H4,M,2026-06-23 01:00:00,184.637,184.682,184.518,184.578,21955
37960264,46,H4,M,2026-06-23 05:00:00,184.579,184.846,184.07,184.168,42673
37960265,46,H4,M,2026-06-23 09:00:00,184.168,184.222,183.842,183.997,35225
37960266,46,H4,M,2026-06-23 13:00:00,183.996,184.101,183.781,183.894,40782
37960267,46,H4,M,2026-06-23 17:00:00,183.892,183.918,183.786,183.905,18637
37960268,46,H4,M,2026-06-23 21:00:00,183.888,183.933,183.776,183.87,14341
37960269,46,H4,M,2026-06-24 01:00:00,183.872,183.874,183.535,183.58,26967
37960270,46,H4,M,2026-06-24 05:00:00,183.582,183.857,183.392,183.637,33055
37960271,46,H4,M,2026-06-24 09:00:00,183.636,183.65,183.172,183.253,35358
37960272,46,H4,M,2026-06-24 13:00:00,183.253,183.822,183.171,183.752,49188
37960273,46,H4,M,2026-06-24 17:00:00,183.751,183.825,183.63,183.795,29079
37960274,46,H4,M,2026-06-24 21:00:00,183.815,183.838,183.532,183.602,13568
37960275,46,H4,M,2026-06-25 01:00:00,183.601,183.906,183.6,183.881,23678
37960276,46,H4,M,2026-06-25 05:00:00,183.88,183.998,183.664,183.928,28097
37960277,46,H4,M,2026-06-25 09:00:00,183.928,184.034,183.406,183.746,32511
37960278,46,H4,M,2026-06-25 13:00:00,183.745,184.099,183.688,183.994,51088
37960279,46,H4,M,2026-06-25 17:00:00,183.996,184.104,183.964,183.979,23358
37960280,46,H4,M,2026-06-25 21:00:00,183.954,184.065,183.821,183.921,15827
37960281,46,H4,M,2026-06-26 01:00:00,183.92,183.974,183.721,183.886,25469
37960282,46,H4,M,2026-06-26 05:00:00,183.885,184.34,183.8,184.232,35973
37960283,46,H4,M,2026-06-26 09:00:00,184.232,184.83,184.122,184.732,33819
37960284,46,H4,M,2026-06-26 13:00:00,184.733,184.777,184.144,184.238,41872
37960285,46,H4,M,2026-06-26 17:00:00,184.238,184.273,184.075,184.162,20242
37960286,46,H4,M,2026-06-28 21:00:00,184.231,184.321,184.116,184.208,13956
37960287,46,H4,M,2026-06-29 01:00:00,184.209,184.3,184.148,184.189,21117
37960288,46,H4,M,2026-06-29 05:00:00,184.19,184.676,184.187,184.45,26835
37960289,46,H4,M,2026-06-29 09:00:00,184.45,184.669,184.419,184.604,26775
37960290,46,H4,M,2026-06-29 13:00:00,184.603,185.087,184.582,185.034,38443
37960291,46,H4,M,2026-06-29 17:00:00,185.038,185.1,184.969,185.006,16911
37960292,46,H4,M,2026-06-29 21:00:00,184.976,185.363,184.851,185.102,13528
37960293,46,H4,M,2026-06-30 01:00:00,185.101,185.179,184.728,184.736,26563
37960294,46,H4,M,2026-06-30 05:00:00,184.737,185.028,184.676,184.94,31421
37960295,46,H4,M,2026-06-30 09:00:00,184.94,185.168,184.646,185.079,33682
37960296,46,H4,M,2026-06-30 13:00:00,185.08,185.866,185.048,185.65,43203
37960297,46,H4,M,2026-06-30 17:00:00,185.649,185.798,185.632,185.707,24972
37960298,46,H4,M,2026-06-30 21:00:00,185.691,185.768,185.59,185.62,12811
37960299,46,H4,M,2026-07-01 01:00:00,185.618,185.711,185.448,185.652,24179
37960300,46,H4,M,2026-07-01 05:00:00,185.652,185.701,185.326,185.384,29784
37960301,46,H4,M,2026-07-01 09:00:00,185.384,185.466,185.004,185.008,31800
37960302,46,H4,M,2026-07-01 13:00:00,185.008,185.226,184.857,184.916,56658
37960303,46,H4,M,2026-07-01 17:00:00,184.919,185.024,184.886,185.01,22816
37960304,46,H4,M,2026-07-01 21:00:00,184.99,185.014,184.905,184.944,11840
37960305,46,H4,M,2026-07-02 01:00:00,184.944,185.091,184.878,184.962,21486
37960306,46,H4,M,2026-07-02 05:00:00,184.964,184.973,183.76,183.896,58332
37960307,46,H4,M,2026-07-02 09:00:00,183.896,184.431,183.876,184.402,52703
37960308,46,H4,M,2026-07-02 13:00:00,184.406,184.444,184.04,184.134,56950
37960309,46,H4,M,2026-07-02 17:00:00,184.134,184.246,184.101,184.22,21962
37960310,46,H4,M,2026-07-02 21:00:00,184.169,184.486,184.135,184.253,18470
37960311,46,H4,M,2026-07-03 01:00:00,184.25,184.49,184.147,184.432,27136
37960312,46,H4,M,2026-07-03 05:00:00,184.43,184.574,183.925,184.432,35839
37960313,46,H4,M,2026-07-03 09:00:00,184.432,184.566,184.303,184.495,26700
37960314,46,H4,M,2026-07-03 13:00:00,184.495,184.606,184.46,184.546,23434
37960315,46,H4,M,2026-07-03 17:00:00,184.548,184.618,184.494,184.571,28289
37960316,46,H4,M,2026-07-05 21:00:00,184.51,184.852,184.479,184.766,16185
37960317,46,H4,M,2026-07-06 01:00:00,184.766,185.15,184.75,185.146,22575
37960318,46,H4,M,2026-07-06 05:00:00,185.148,185.411,185.05,185.298,33256
37960319,46,H4,M,2026-07-06 09:00:00,185.297,185.4,185.229,185.348,27147
37960320,46,H4,M,2026-07-06 13:00:00,185.349,185.505,185.208,185.476,29378
37960321,46,H4,M,2026-07-06 17:00:00,185.476,185.534,185.388,185.45,18766
37960322,46,H4,M,2026-07-06 21:00:00,185.462,185.57,185.428,185.46,13977
37960323,46,H4,M,2026-07-07 01:00:00,185.458,185.481,184.946,185.02,25365
37960324,46,H4,M,2026-07-07 05:00:00,185.022,185.23,184.804,185.019,33623
37960325,46,H4,M,2026-07-07 09:00:00,185.022,185.196,184.926,185.09,30184
37960326,46,H4,M,2026-07-07 13:00:00,185.092,185.21,184.879,184.988,39360
37960327,46,H4,M,2026-07-07 17:00:00,184.988,185.039,184.899,185,24710
37960328,46,H4,M,2026-07-07 21:00:00,185.016,185.264,184.9,185.206,18328
37960329,46,H4,M,2026-07-08 01:00:00,185.206,185.375,185.142,185.336,22408
37960330,46,H4,M,2026-07-08 05:00:00,185.334,185.468,185.147,185.407,39222
37960331,46,H4,M,2026-07-08 09:00:00,185.404,185.413,185.158,185.214,39318
37960332,46,H4,M,2026-07-08 13:00:00,185.214,185.559,185.207,185.524,42503
37960333,46,H4,M,2026-07-08 17:00:00,185.528,185.712,185.51,185.671,22258
37960334,46,H4,M,2026-07-08 21:00:00,185.624,185.714,185.531,185.608,12754
37960335,46,H4,M,2026-07-09 01:00:00,185.608,185.705,185.541,185.608,20134
37960336,46,H4,M,2026-07-09 05:00:00,185.608,185.78,185.528,185.565,30207
37960337,46,H4,M,2026-07-09 09:00:00,185.566,185.726,185.543,185.59,28382
37960338,46,H4,M,2026-07-09 13:00:00,185.59,185.818,185.578,185.641,31447
37960339,46,H4,M,2026-07-09 17:00:00,185.642,185.66,185.548,185.618,17888
37960340,46,H4,M,2026-07-09 21:00:00,185.644,185.682,185.226,185.396,15709
37960341,46,H4,M,2026-07-10 01:00:00,185.397,185.422,184.828,184.95,40901
37960342,46,H4,M,2026-07-10 05:00:00,184.954,185.08,184.733,184.819,38669
37960343,46,H4,M,2026-07-10 09:00:00,184.818,185.036,184.798,184.922,35227
37960344,46,H4,M,2026-07-10 13:00:00,184.921,184.932,184.466,184.603,43145
37960345,46,H4,M,2026-07-10 17:00:00,184.602,184.666,184.518,184.591,25101
37960346,46,H4,M,2026-07-12 21:00:00,184.408,184.724,184.392,184.717,23053
37960347,46,H4,M,2026-07-13 01:00:00,184.718,184.761,184.545,184.74,31637
37960348,46,H4,M,2026-07-13 05:00:00,184.741,185.472,184.664,185.356,47585
37960349,46,H4,M,2026-07-13 09:00:00,185.352,185.378,185.124,185.308,38796
37960350,46,H4,M,2026-07-13 13:00:00,185.311,185.318,184.912,185.012,48733
37960351,46,H4,M,2026-07-13 17:00:00,185.014,185.036,184.858,184.888,28461
37960352,46,H4,M,2026-07-13 21:00:00,184.908,185.006,184.766,184.87,19603
37960353,46,H4,M,2026-07-14 01:00:00,184.869,184.998,184.839,184.89,29728
37960354,46,H4,M,2026-07-14 05:00:00,184.891,185.086,184.798,184.99,37098
37960355,46,H4,M,2026-07-14 09:00:00,184.992,185.366,184.812,185.324,46277
37960356,46,H4,M,2026-07-14 13:00:00,185.326,185.494,185.28,185.333,55599
37960357,46,H4,M,2026-07-14 17:00:00,185.332,185.359,185.224,185.324,31366
37960358,46,H4,M,2026-07-14 21:00:00,185.266,185.385,185.25,185.33,13130
37960359,46,H4,M,2026-07-15 01:00:00,185.329,185.574,185.231,185.524,24456
37960360,46,H4,M,2026-07-15 05:00:00,185.526,185.626,185.335,185.418,29060
37960361,46,H4,M,2026-07-15 09:00:00,185.424,185.438,185.212,185.333,36501
37960362,46,H4,M,2026-07-15 13:00:00,185.332,185.556,185.327,185.552,44094
37960363,46,H4,M,2026-07-15 17:00:00,185.552,186.002,185.551,185.93,30787
37960364,46,H4,M,2026-07-15 21:00:00,185.88,186.001,185.858,185.994,16867
37960365,46,H4,M,2026-07-16 01:00:00,185.99,185.996,185.829,185.874,23261
37960366,46,H4,M,2026-07-16 05:00:00,185.875,185.98,185.786,185.922,33178
37960367,46,H4,M,2026-07-16 09:00:00,185.923,186.036,185.786,185.798,33355
37960368,46,H4,M,2026-07-16 13:00:00,185.8,185.972,185.762,185.802,36809
37960369,46,H4,M,2026-07-16 17:00:00,185.803,185.834,185.718,185.81,19410
37960370,46,H4,M,2026-07-16 21:00:00,185.834,185.928,185.77,185.923,11666
37960371,46,H4,M,2026-07-17 01:00:00,185.926,185.958,185.687,185.752,22088
37960372,46,H4,M,2026-07-17 05:00:00,185.75,185.964,185.636,185.802,35343
37960373,46,H4,M,2026-07-17 09:00:00,185.8,185.863,185.484,185.628,26742
37960374,46,H4,M,2026-07-17 13:00:00,185.632,185.914,185.577,185.801,37353
37960375,46,H4,M,2026-07-17 17:00:00,185.802,185.844,185.738,185.772,17957
37960376,46,H4,M,2026-07-19 21:00:00,185.645,185.805,185.592,185.61,13996
37960377,46,H4,M,2026-07-20 01:00:00,185.61,185.828,185.59,185.79,21572
37960378,46,H4,M,2026-07-20 05:00:00,185.791,185.878,185.666,185.736,27903
37960379,46,H4,M,2026-07-20 09:00:00,185.736,185.754,185.422,185.534,31491
37960380,46,H4,M,2026-07-20 13:00:00,185.534,185.581,185.348,185.468,34193
37960381,46,H4,M,2026-07-20 17:00:00,185.47,185.533,185.426,185.477,23251
37960382,46,H4,M,2026-07-20 21:00:00,185.499,185.544,185.418,185.506,13531
37960383,46,H4,M,2026-07-21 01:00:00,185.508,185.536,185.408,185.526,19667
37960384,46,H4,M,2026-07-21 05:00:00,185.527,185.842,185.508,185.806,24516
37960385,46,H4,M,2026-07-21 09:00:00,185.807,185.923,185.75,185.787,23497
37960386,46,H4,M,2026-07-21 13:00:00,185.788,186.032,185.712,185.96,33173
37960387,46,H4,M,2026-07-21 17:00:00,185.961,186.124,185.933,186.01,23533
37960388,46,H4,M,2026-07-21 21:00:00,186.002,186.094,185.964,186.042,14043
37960389,46,H4,M,2026-07-22 01:00:00,186.043,186.162,186.013,186.153,22867
37960390,46,H4,M,2026-07-22 05:00:00,186.154,186.192,185.735,185.938,31996
37960391,46,H4,M,2026-07-22 09:00:00,185.934,186.116,185.872,186.072,30670
37960392,46,H4,M,2026-07-22 13:00:00,186.069,186.202,186.041,186.098,38375
37960393,46,H4,M,2026-07-22 17:00:00,186.103,186.211,186.098,186.202,26995
37960394,46,H4,M,2026-07-22 21:00:00,186.145,186.193,186.046,186.17,11767
37960395,46,H4,M,2026-07-23 01:00:00,186.17,186.462,186.106,186.434,28173
37960396,46,H4,M,2026-07-23 05:00:00,186.435,186.666,186.324,186.38,31361
37960397,46,H4,M,2026-07-23 09:00:00,186.38,186.47,186.046,186.342,37472
37960398,46,H4,M,2026-07-23 13:00:00,186.344,186.519,186.206,186.37,52532
37960399,46,H4,M,2026-07-23 17:00:00,186.37,186.457,186.296,186.443,31609
37960400,46,H4,M,2026-07-23 21:00:00,186.401,186.533,186.352,186.486,14683
37960401,46,H4,M,2026-07-24 01:00:00,186.487,186.54,186.372,186.422,27690
37960402,46,H4,M,2026-07-24 05:00:00,186.422,186.606,186.365,186.384,29136
37960403,46,H4,M,2026-07-24 09:00:00,186.382,186.524,186.24,186.296,30158
37960404,46,H4,M,2026-07-24 13:00:00,186.296,186.443,186.243,186.348,39268
37960405,46,H4,M,2026-07-24 17:00:00,186.35,186.363,186.231,186.307,21168
37960406,46,H4,M,2026-07-26 21:00:00,186.416,186.642,186.352,186.566,19082
37960407,46,H4,M,2026-07-27 01:00:00,186.567,186.62,186.516,186.54,21625
37960408,46,H4,M,2026-07-27 05:00:00,186.541,186.738,186.298,186.452,33186
37960409,46,H4,M,2026-07-27 09:00:00,186.45,186.495,186.228,186.337,31730
37960410,46,H4,M,2026-07-27 13:00:00,186.336,186.368,186.126,186.236,41782
37960411,46,H4,M,2026-07-27 17:00:00,186.235,186.24,186.128,186.145,24443
37960412,46,H4,M,2026-07-27 21:00:00,186.116,186.276,186.116,186.252,13560
37960413,46,H4,M,2026-07-28 01:00:00,186.254,186.321,186.154,186.166,24682
37960414,46,H4,M,2026-07-28 05:00:00,186.166,186.314,186.046,186.312,29312
37960415,46,H4,M,2026-07-28 09:00:00,186.313,186.356,186.074,186.263,25389
37960416,46,H4,M,2026-07-28 13:00:00,186.266,186.688,186.257,186.604,42524
37960417,46,H4,M,2026-07-28 17:00:00,186.606,186.64,186.526,186.588,24769
37960418,46,H4,M,2026-07-28 21:00:00,186.571,186.657,186.408,186.48,14135
37960419,46,H4,M,2026-07-29 01:00:00,186.48,186.592,186.188,186.326,29941
37960420,46,H4,M,2026-07-29 05:00:00,186.327,186.58,186.242,186.433,35501
37960421,46,H4,M,2026-07-29 09:00:00,186.434,186.446,186.242,186.38,32028
37960422,46,H4,M,2026-07-29 13:00:00,186.38,186.67,186.339,186.6,38843
37960423,46,H4,M,2026-07-29 17:00:00,186.6,187.478,186.484,187.414,60241
37960424,46,H4,M,2026-07-29 21:00:00,187.265,187.442,187.158,187.329,21392
37960425,46,H4,M,2026-07-30 01:00:00,187.33,187.334,187.194,187.214,24239
37960426,46,H4,M,2026-07-30 05:00:00,187.215,187.428,187.154,187.358,34736
37960427,46,H4,M,2026-07-30 09:00:00,187.36,187.41,186.306,186.952,55808
37960428,46,H4,M,2026-07-30 13:00:00,186.956,186.956,182.107,183.964,104066
37960429,46,H4,M,2026-07-30 17:00:00,183.964,184.136,182.676,183.926,43002
37960430,46,H4,M,2026-07-30 21:00:00,183.841,185.098,183.768,184.908,32413
37960431,46,H4,M,2026-07-31 01:00:00,184.906,185.17,184.702,184.92,38287
37960432,46,H4,M,2026-07-31 05:00:00,184.92,185.029,182.726,183.134,60140
37960433,46,H4,M,2026-07-31 09:00:00,183.132,184.287,182.772,184.244,57593
37960434,46,H4,M,2026-07-31 13:00:00,184.239,184.372,182.206,183.548,76171
37960435,48,H4,M,2026-06-03 09:00:00,159.755,159.932,159.666,159.92,30598
37960436,48,H4,M,2026-06-03 13:00:00,159.92,160.049,159.892,159.987,40811
37960437,48,H4,M,2026-06-03 17:00:00,159.987,160.098,159.952,160.092,17999
37960438,48,H4,M,2026-06-03 21:00:00,160.056,160.078,159.834,159.908,16804
37960439,48,H4,M,2026-06-04 01:00:00,159.909,159.994,159.59,159.87,24047
37960440,48,H4,M,2026-06-04 05:00:00,159.87,159.934,159.826,159.877,32608
37960441,48,H4,M,2026-06-04 09:00:00,159.876,159.898,159.75,159.864,38568
37960442,48,H4,M,2026-06-04 13:00:00,159.866,160.028,159.843,159.969,29448
37960443,48,H4,M,2026-06-04 17:00:00,159.97,160.046,159.97,160.028,14702
37960444,48,H4,M,2026-06-04 21:00:00,160.025,160.033,159.944,159.959,10809
37960445,48,H4,M,2026-06-05 01:00:00,159.959,159.994,159.9,159.961,20038
37960446,48,H4,M,2026-06-05 05:00:00,159.962,159.973,159.91,159.949,20427
37960447,48,H4,M,2026-06-05 09:00:00,159.95,160.224,159.833,160.214,37236
37960448,48,H4,M,2026-06-05 13:00:00,160.216,160.342,159.724,160.282,62673
37960449,48,H4,M,2026-06-05 17:00:00,160.281,160.342,160.09,160.318,25717
37960450,48,H4,M,2026-06-07 21:00:00,160.258,160.359,160.209,160.326,18812
37960451,48,H4,M,2026-06-08 01:00:00,160.325,160.394,160.266,160.345,25211
37960452,48,H4,M,2026-06-08 05:00:00,160.344,160.346,159.84,160.028,42984
37960453,48,H4,M,2026-06-08 09:00:00,160.026,160.088,159.888,159.96,50392
37960454,48,H4,M,2026-06-08 13:00:00,159.959,160.204,159.937,160.16,36685
37960455,48,H4,M,2026-06-08 17:00:00,160.16,160.27,160.123,160.178,18519
37960456,48,H4,M,2026-06-08 21:00:00,160.146,160.279,160.134,160.238,13916
37960457,48,H4,M,2026-06-09 01:00:00,160.237,160.258,160.176,160.193,22382
37960458,48,H4,M,2026-06-09 05:00:00,160.194,160.225,160.053,160.178,33435
37960459,48,H4,M,2026-06-09 09:00:00,160.177,160.216,160.146,160.19,20916
37960460,48,H4,M,2026-06-09 13:00:00,160.19,160.448,160.149,160.404,46493
37960461,48,H4,M,2026-06-09 17:00:00,160.402,160.426,160.284,160.364,22541
37960462,48,H4,M,2026-06-09 21:00:00,160.342,160.435,160.336,160.385,13167
37960463,48,H4,M,2026-06-10 01:00:00,160.384,160.396,160.238,160.372,22144
37960464,48,H4,M,2026-06-10 05:00:00,160.372,160.432,160.326,160.425,22393
37960465,48,H4,M,2026-06-10 09:00:00,160.424,160.53,160.324,160.438,35378
37960466,48,H4,M,2026-06-10 13:00:00,160.437,160.531,160.342,160.488,44144
37960467,48,H4,M,2026-06-10 17:00:00,160.488,160.578,160.453,160.554,21023
37960468,48,H4,M,2026-06-10 21:00:00,160.505,160.564,160.496,160.52,15702
37960469,48,H4,M,2026-06-11 01:00:00,160.52,160.548,160.426,160.506,18636
37960470,48,H4,M,2026-06-11 05:00:00,160.506,160.59,160.494,160.536,20683
37960471,48,H4,M,2026-06-11 09:00:00,160.535,160.596,160.508,160.536,28216
37960472,48,H4,M,2026-06-11 13:00:00,160.535,160.56,160.458,160.53,33651
37960473,48,H4,M,2026-06-11 17:00:00,160.53,160.548,159.536,159.968,66188
37960474,48,H4,M,2026-06-11 21:00:00,159.946,160.219,159.92,160.17,18991
37960475,48,H4,M,2026-06-12 01:00:00,160.172,160.306,160.152,160.258,21046
37960476,48,H4,M,2026-06-12 05:00:00,160.258,160.376,159.952,160.094,43677
37960477,48,H4,M,2026-06-12 09:00:00,160.093,160.31,159.956,160.257,41027
37960478,48,H4,M,2026-06-12 13:00:00,160.258,160.344,160.163,160.232,51769
37960479,48,H4,M,2026-06-12 17:00:00,160.232,160.245,160.184,160.228,15180
37960480,48,H4,M,2026-06-14 21:00:00,160.148,160.158,159.738,160.111,21164
37960481,48,H4,M,2026-06-15 01:00:00,160.11,160.232,160.014,160.052,17312
37960482,48,H4,M,2026-06-15 05:00:00,160.053,160.164,159.991,160.138,27433
37960483,48,H4,M,2026-06-15 09:00:00,160.138,160.206,160.089,160.138,22285
37960484,48,H4,M,2026-06-15 13:00:00,160.138,160.243,160.03,160.218,27047
37960485,48,H4,M,2026-06-15 17:00:00,160.218,160.396,160.214,160.356,18478
37960486,48,H4,M,2026-06-15 21:00:00,160.344,160.368,160.155,160.2,9925
37960487,48,H4,M,2026-06-16 01:00:00,160.198,160.349,160.051,160.256,27614
37960488,48,H4,M,2026-06-16 05:00:00,160.256,160.346,160.148,160.324,34612
37960489,48,H4,M,2026-06-16 09:00:00,160.324,160.378,160.28,160.324,22839
37960490,48,H4,M,2026-06-16 13:00:00,160.325,160.466,160.322,160.395,35087
37960491,48,H4,M,2026-06-16 17:00:00,160.396,160.483,160.388,160.466,14597
37960492,48,H4,M,2026-06-16 21:00:00,160.421,160.456,160.346,160.353,16937
37960493,48,H4,M,2026-06-17 01:00:00,160.352,160.373,160.256,160.267,12786
37960494,48,H4,M,2026-06-17 05:00:00,160.268,160.344,160.115,160.208,23787
37960495,48,H4,M,2026-06-17 09:00:00,160.208,160.335,160.165,160.248,20962
37960496,48,H4,M,2026-06-17 13:00:00,160.247,160.352,160.186,160.2,32773
37960497,48,H4,M,2026-06-17 17:00:00,160.2,160.798,160.192,160.684,69985
37960498,48,H4,M,2026-06-17 21:00:00,160.662,160.75,160.536,160.7,18388
37960499,48,H4,M,2026-06-18 01:00:00,160.7,160.701,160.564,160.596,18650
37960500,48,H4,M,2026-06-18 05:00:00,160.596,160.778,160.574,160.775,30295
37960501,48,H4,M,2026-06-18 09:00:00,160.777,160.952,160.476,160.874,44722
37960502,48,H4,M,2026-06-18 13:00:00,160.874,161.452,160.801,161.43,48409
37960503,48,H4,M,2026-06-18 17:00:00,161.429,161.81,160.898,161.41,43964
37960504,48,H4,M,2026-06-18 21:00:00,161.397,161.434,161.008,161.106,19270
37960505,48,H4,M,2026-06-19 01:00:00,161.105,161.413,160.986,161.378,29494
37960506,48,H4,M,2026-06-19 05:00:00,161.377,161.459,161.24,161.287,36883
37960507,48,H4,M,2026-06-19 09:00:00,161.286,161.334,161.157,161.169,29180
37960508,48,H4,M,2026-06-19 13:00:00,161.168,161.342,161.133,161.337,23181
37960509,48,H4,M,2026-06-19 17:00:00,161.337,161.342,161.228,161.31,21931
37960510,48,H4,M,2026-06-21 21:00:00,161.266,161.568,161.249,161.495,13503
37960511,48,H4,M,2026-06-22 01:00:00,161.494,161.695,161.436,161.668,23543
37960512,48,H4,M,2026-06-22 05:00:00,161.668,161.788,161.613,161.772,31813
37960513,48,H4,M,2026-06-22 09:00:00,161.772,161.792,161.656,161.774,33480
37960514,48,H4,M,2026-06-22 13:00:00,161.776,161.928,161.072,161.555,80524
37960515,48,H4,M,2026-06-22 17:00:00,161.556,161.69,161.4,161.6,24286
37960516,48,H4,M,2026-06-22 21:00:00,161.562,161.64,161.522,161.579,15561
37960517,48,H4,M,2026-06-23 01:00:00,161.578,161.614,161.526,161.612,17344
37960518,48,H4,M,2026-06-23 05:00:00,161.612,161.742,161.264,161.436,48481
37960519,48,H4,M,2026-06-23 09:00:00,161.436,161.615,161.34,161.556,36221
37960520,48,H4,M,2026-06-23 13:00:00,161.557,161.602,161.467,161.597,36927
37960521,48,H4,M,2026-06-23 17:00:00,161.598,161.62,161.512,161.578,16490
37960522,48,H4,M,2026-06-23 21:00:00,161.54,161.634,161.514,161.624,11400
37960523,48,H4,M,2026-06-24 01:00:00,161.624,161.629,161.532,161.558,19435
37960524,48,H4,M,2026-06-24 05:00:00,161.558,161.758,161.544,161.756,26706
37960525,48,H4,M,2026-06-24 09:00:00,161.756,161.778,161.626,161.754,27190
37960526,48,H4,M,2026-06-24 13:00:00,161.755,161.814,161.69,161.758,36298
37960527,48,H4,M,2026-06-24 17:00:00,161.759,161.84,161.738,161.81,23757
37960528,48,H4,M,2026-06-24 21:00:00,161.776,161.802,161.698,161.712,12286
37960529,48,H4,M,2026-06-25 01:00:00,161.712,161.777,161.557,161.766,20321
37960530,48,H4,M,2026-06-25 05:00:00,161.767,161.9,161.73,161.8,26222
37960531,48,H4,M,2026-06-25 09:00:00,161.799,161.95,161.747,161.84,30028
37960532,48,H4,M,2026-06-25 13:00:00,161.839,161.857,161.559,161.769,48051
37960533,48,H4,M,2026-06-25 17:00:00,161.768,161.842,161.729,161.804,21256
37960534,48,H4,M,2026-06-25 21:00:00,161.793,161.841,161.718,161.834,13775
37960535,48,H4,M,2026-06-26 01:00:00,161.833,161.848,161.566,161.627,22025
37960536,48,H4,M,2026-06-26 05:00:00,161.628,161.75,161.533,161.587,36194
37960537,48,H4,M,2026-06-26 09:00:00,161.586,161.706,161.532,161.658,28026
37960538,48,H4,M,2026-06-26 13:00:00,161.656,161.772,161.578,161.756,36750
37960539,48,H4,M,2026-06-26 17:00:00,161.756,161.782,161.71,161.75,16046
37960540,48,H4,M,2026-06-28 21:00:00,161.74,161.882,161.72,161.761,12398
37960541,48,H4,M,2026-06-29 01:00:00,161.76,161.816,161.732,161.814,17177
37960542,48,H4,M,2026-06-29 05:00:00,161.814,161.858,161.778,161.852,20202
37960543,48,H4,M,2026-06-29 09:00:00,161.853,161.904,161.816,161.895,22927
37960544,48,H4,M,2026-06-29 13:00:00,161.894,161.966,161.804,161.944,35032
37960545,48,H4,M,2026-06-29 17:00:00,161.943,161.983,161.907,161.944,12510
37960546,48,H4,M,2026-06-29 21:00:00,161.912,162.404,161.891,162.137,14946
37960547,48,H4,M,2026-06-30 01:00:00,162.136,162.304,162.038,162.202,35692
37960548,48,H4,M,2026-06-30 05:00:00,162.202,162.416,162.122,162.32,36660
37960549,48,H4,M,2026-06-30 09:00:00,162.32,162.518,162.018,162.406,35267
37960550,48,H4,M,2026-06-30 13:00:00,162.406,162.672,162.315,162.648,42288
37960551,48,H4,M,2026-06-30 17:00:00,162.648,162.649,162.553,162.589,21328
37960552,48,H4,M,2026-06-30 21:00:00,162.558,162.78,162.528,162.686,13693
37960553,48,H4,M,2026-07-01 01:00:00,162.686,162.84,162.562,162.729,26182
37960554,48,H4,M,2026-07-01 05:00:00,162.73,162.762,162.612,162.666,25339
37960555,48,H4,M,2026-07-01 09:00:00,162.665,162.768,162.65,162.698,25462
37960556,48,H4,M,2026-07-01 13:00:00,162.699,162.736,162.294,162.459,61464
37960557,48,H4,M,2026-07-01 17:00:00,162.46,162.622,162.427,162.602,18798
37960558,48,H4,M,2026-07-01 21:00:00,162.589,162.598,162.481,162.564,13928
37960559,48,H4,M,2026-07-02 01:00:00,162.564,162.586,162.363,162.435,24862
37960560,48,H4,M,2026-07-02 05:00:00,162.436,162.436,160.898,161.026,98016
37960561,48,H4,M,2026-07-02 09:00:00,161.026,161.646,160.624,161.028,83588
37960562,48,H4,M,2026-07-02 13:00:00,161.028,161.162,160.76,160.984,84863
37960563,48,H4,M,2026-07-02 17:00:00,160.985,161.175,160.985,161.121,28414
37960564,48,H4,M,2026-07-02 21:00:00,161.089,161.524,161.064,161.19,20457
37960565,48,H4,M,2026-07-03 01:00:00,161.188,161.275,160.921,161.13,35562
37960566,48,H4,M,2026-07-03 05:00:00,161.13,161.182,160.48,161.036,46800
37960567,48,H4,M,2026-07-03 09:00:00,161.036,161.174,160.964,161.172,22867
37960568,48,H4,M,2026-07-03 13:00:00,161.172,161.396,161.168,161.352,23331
37960569,48,H4,M,2026-07-03 17:00:00,161.352,161.433,161.275,161.383,40114
37960570,48,H4,M,2026-07-05 21:00:00,161.306,161.608,161.294,161.532,20337
37960571,48,H4,M,2026-07-06 01:00:00,161.532,161.946,161.53,161.941,24083
37960572,48,H4,M,2026-07-06 05:00:00,161.941,162.316,161.885,162.248,39530
37960573,48,H4,M,2026-07-06 09:00:00,162.248,162.427,162.229,162.398,29220
37960574,48,H4,M,2026-07-06 13:00:00,162.398,162.422,162.24,162.26,26188
37960575,48,H4,M,2026-07-06 17:00:00,162.26,162.275,162.018,162.096,17953
37960576,48,H4,M,2026-07-06 21:00:00,162.094,162.182,162.002,162.133,16908
37960577,48,H4,M,2026-07-07 01:00:00,162.134,162.148,161.682,161.799,31982
37960578,48,H4,M,2026-07-07 05:00:00,161.798,162.082,161.654,161.9,40079
37960579,48,H4,M,2026-07-07 09:00:00,161.901,161.968,161.756,161.84,29907
37960580,48,H4,M,2026-07-07 13:00:00,161.84,162.024,161.816,161.936,36049
37960581,48,H4,M,2026-07-07 17:00:00,161.937,162.141,161.86,162.118,22005
37960582,48,H4,M,2026-07-07 21:00:00,162.102,162.404,162.09,162.346,21061
37960583,48,H4,M,2026-07-08 01:00:00,162.345,162.463,162.284,162.368,21594
37960584,48,H4,M,2026-07-08 05:00:00,162.37,162.498,162.078,162.49,43989
37960585,48,H4,M,2026-07-08 09:00:00,162.49,162.558,162.248,162.522,39969
37960586,48,H4,M,2026-07-08 13:00:00,162.52,162.711,162.486,162.536,37224
37960587,48,H4,M,2026-07-08 17:00:00,162.536,162.652,162.42,162.64,21264
37960588,48,H4,M,2026-07-08 21:00:00,162.562,162.616,162.362,162.446,14857
37960589,48,H4,M,2026-07-09 01:00:00,162.445,162.572,162.41,162.432,22333
37960590,48,H4,M,2026-07-09 05:00:00,162.432,162.437,162.247,162.396,34742
37960591,48,H4,M,2026-07-09 09:00:00,162.398,162.51,162.383,162.444,23094
37960592,48,H4,M,2026-07-09 13:00:00,162.444,162.455,162.256,162.317,29534
37960593,48,H4,M,2026-07-09 17:00:00,162.318,162.416,162.275,162.396,12830
37960594,48,H4,M,2026-07-09 21:00:00,162.39,162.44,161.891,162.057,17721
37960595,48,H4,M,2026-07-10 01:00:00,162.058,162.108,161.288,161.634,68292
37960596,48,H4,M,2026-07-10 05:00:00,161.634,161.775,161.411,161.688,48309
37960597,48,H4,M,2026-07-10 09:00:00,161.688,161.895,161.64,161.798,35274
37960598,48,H4,M,2026-07-10 13:00:00,161.798,161.87,161.282,161.509,49888
37960599,48,H4,M,2026-07-10 17:00:00,161.51,161.762,161.491,161.705,19249
37960600,48,H4,M,2026-07-12 21:00:00,161.733,162.101,161.68,162.097,30519
37960601,48,H4,M,2026-07-13 01:00:00,162.098,162.174,161.956,161.996,38418
37960602,48,H4,M,2026-07-13 05:00:00,161.997,162.356,161.831,162.082,68991
37960603,48,H4,M,2026-07-13 09:00:00,162.082,162.197,161.981,162.114,44464
37960604,48,H4,M,2026-07-13 13:00:00,162.115,162.468,162.075,162.453,48867
37960605,48,H4,M,2026-07-13 17:00:00,162.454,162.488,162.357,162.464,22484
37960606,48,H4,M,2026-07-13 21:00:00,162.426,162.487,162.232,162.384,19705
37960607,48,H4,M,2026-07-14 01:00:00,162.384,162.426,162.229,162.319,32088
37960608,48,H4,M,2026-07-14 05:00:00,162.32,162.388,162.055,162.277,39194
37960609,48,H4,M,2026-07-14 09:00:00,162.278,162.286,161.606,161.912,56931
37960610,48,H4,M,2026-07-14 13:00:00,161.912,162.199,161.822,162.116,75343
37960611,48,H4,M,2026-07-14 17:00:00,162.115,162.288,162.115,162.268,26183
37960612,48,H4,M,2026-07-14 21:00:00,162.197,162.267,162.077,162.1,15082
37960613,48,H4,M,2026-07-15 01:00:00,162.1,162.23,161.966,162.212,29064
37960614,48,H4,M,2026-07-15 05:00:00,162.211,162.351,162.102,162.3,28819
37960615,48,H4,M,2026-07-15 09:00:00,162.301,162.424,162.142,162.166,32304
37960616,48,H4,M,2026-07-15 13:00:00,162.164,162.282,162.076,162.163,44008
37960617,48,H4,M,2026-07-15 17:00:00,162.162,162.282,161.895,162.195,30161
37960618,48,H4,M,2026-07-15 21:00:00,162.161,162.196,162.03,162.097,15591
37960619,48,H4,M,2026-07-16 01:00:00,162.096,162.17,162.029,162.097,25034
37960620,48,H4,M,2026-07-16 05:00:00,162.096,162.182,161.982,162.146,34778
37960621,48,H4,M,2026-07-16 09:00:00,162.146,162.301,162.111,162.295,32655
37960622,48,H4,M,2026-07-16 13:00:00,162.296,162.549,162.215,162.48,30643
37960623,48,H4,M,2026-07-16 17:00:00,162.479,162.508,162.357,162.373,15917
37960624,48,H4,M,2026-07-16 21:00:00,162.43,162.456,162.316,162.422,12198
37960625,48,H4,M,2026-07-17 01:00:00,162.422,162.474,162.339,162.418,17775
37960626,48,H4,M,2026-07-17 05:00:00,162.418,162.444,162.127,162.39,35628
37960627,48,H4,M,2026-07-17 09:00:00,162.39,162.452,162.302,162.41,23414
37960628,48,H4,M,2026-07-17 13:00:00,162.41,162.522,162.324,162.43,31930
37960629,48,H4,M,2026-07-17 17:00:00,162.428,162.478,162.364,162.414,16406
37960630,48,H4,M,2026-07-19 21:00:00,162.463,162.594,162.33,162.34,13886
37960631,48,H4,M,2026-07-20 01:00:00,162.34,162.414,162.308,162.34,17093
37960632,48,H4,M,2026-07-20 05:00:00,162.34,162.456,162.314,162.372,26091
37960633,48,H4,M,2026-07-20 09:00:00,162.372,162.436,162.2,162.409,24783
37960634,48,H4,M,2026-07-20 13:00:00,162.408,162.602,162.388,162.526,25167
37960635,48,H4,M,2026-07-20 17:00:00,162.526,162.535,162.42,162.504,14394
37960636,48,H4,M,2026-07-20 21:00:00,162.507,162.537,162.448,162.535,12801
37960637,48,H4,M,2026-07-21 01:00:00,162.536,162.536,162.432,162.488,16127
37960638,48,H4,M,2026-07-21 05:00:00,162.488,162.701,162.471,162.686,20528
37960639,48,H4,M,2026-07-21 09:00:00,162.686,162.804,162.602,162.726,23107
37960640,48,H4,M,2026-07-21 13:00:00,162.726,163.042,162.724,163.008,36125
37960641,48,H4,M,2026-07-21 17:00:00,163.008,163.241,162.978,163.198,20491
37960642,48,H4,M,2026-07-21 21:00:00,163.182,163.229,163.031,163.138,14289
37960643,48,H4,M,2026-07-22 01:00:00,163.138,163.204,163.072,163.172,25927
37960644,48,H4,M,2026-07-22 05:00:00,163.173,163.188,162.666,162.958,36913
37960645,48,H4,M,2026-07-22 09:00:00,162.959,163.138,162.944,163.106,29903
37960646,48,H4,M,2026-07-22 13:00:00,163.106,163.134,163.014,163.112,31334
37960647,48,H4,M,2026-07-22 17:00:00,163.113,163.178,163.106,163.166,19290
37960648,48,H4,M,2026-07-22 21:00:00,163.131,163.153,163.046,163.06,12560
37960649,48,H4,M,2026-07-23 01:00:00,163.057,163.098,162.996,163.074,26359
37960650,48,H4,M,2026-07-23 05:00:00,163.074,163.444,163.068,163.34,32524
37960651,48,H4,M,2026-07-23 09:00:00,163.338,163.758,163.29,163.676,40593
37960652,48,H4,M,2026-07-23 13:00:00,163.676,163.988,163.666,163.769,49207
37960653,48,H4,M,2026-07-23 17:00:00,163.769,163.879,163.718,163.868,22060
37960654,48,H4,M,2026-07-23 21:00:00,163.868,163.938,163.781,163.809,16173
37960655,48,H4,M,2026-07-24 01:00:00,163.807,163.87,163.724,163.828,32643
37960656,48,H4,M,2026-07-24 05:00:00,163.828,163.848,163.654,163.732,29624
37960657,48,H4,M,2026-07-24 09:00:00,163.732,163.864,163.676,163.852,28652
37960658,48,H4,M,2026-07-24 13:00:00,163.853,163.88,163.644,163.782,35230
37960659,48,H4,M,2026-07-24 17:00:00,163.784,163.87,163.784,163.85,11601
37960660,48,H4,M,2026-07-26 21:00:00,163.587,163.712,163.522,163.631,22567
37960661,48,H4,M,2026-07-27 01:00:00,163.632,163.635,163.458,163.578,22276
37960662,48,H4,M,2026-07-27 05:00:00,163.578,163.608,163.33,163.522,32979
37960663,48,H4,M,2026-07-27 09:00:00,163.521,163.706,163.496,163.692,34075
37960664,48,H4,M,2026-07-27 13:00:00,163.693,163.77,163.586,163.655,38583
37960665,48,H4,M,2026-07-27 17:00:00,163.654,163.799,163.654,163.746,17648
37960666,48,H4,M,2026-07-27 21:00:00,163.714,163.842,163.714,163.75,15734
37960667,48,H4,M,2026-07-28 01:00:00,163.749,163.792,163.674,163.752,24645
37960668,48,H4,M,2026-07-28 05:00:00,163.752,163.854,163.669,163.826,25140
37960669,48,H4,M,2026-07-28 09:00:00,163.825,163.951,163.81,163.88,20521
37960670,48,H4,M,2026-07-28 13:00:00,163.879,163.886,163.645,163.747,35816
37960671,48,H4,M,2026-07-28 17:00:00,163.746,163.888,163.718,163.869,14937
37960672,48,H4,M,2026-07-28 21:00:00,163.796,163.888,163.676,163.708,13328
37960673,48,H4,M,2026-07-29 01:00:00,163.708,163.782,163.278,163.426,38166
37960674,48,H4,M,2026-07-29 05:00:00,163.427,163.696,163.347,163.586,39793
37960675,48,H4,M,2026-07-29 09:00:00,163.587,163.822,163.506,163.8,27093
37960676,48,H4,M,2026-07-29 13:00:00,163.8,163.908,163.728,163.897,29037
37960677,48,H4,M,2026-07-29 17:00:00,163.898,163.898,163.23,163.438,73620
37960678,48,H4,M,2026-07-29 21:00:00,163.406,163.516,163.212,163.494,27755
37960679,48,H4,M,2026-07-30 01:00:00,163.495,163.555,163.414,163.491,27956
37960680,48,H4,M,2026-07-30 05:00:00,163.49,163.74,163.458,163.653,36974
37960681,48,H4,M,2026-07-30 09:00:00,163.652,163.652,162.294,162.959,86702
37960682,48,H4,M,2026-07-30 13:00:00,162.96,162.96,157.953,159.572,217728
37960683,48,H4,M,2026-07-30 17:00:00,159.574,159.846,158.52,159.547,67390
37960684,48,H4,M,2026-07-30 21:00:00,159.495,160.688,159.364,160.543,53704
37960685,48,H4,M,2026-07-31 01:00:00,160.542,160.884,160.332,160.684,69701
37960686,48,H4,M,2026-07-31 05:00:00,160.684,160.748,158.546,158.935,113427
37960687,48,H4,M,2026-07-31 09:00:00,158.934,160.454,158.571,160.376,91427
37960688,48,H4,M,2026-07-31 13:00:00,160.376,160.544,158.856,159.37,137069
37960689,54,H4,M,2026-06-03 09:00:00,214.76,215.034,214.724,214.806,37186
37960690,54,H4,M,2026-06-03 13:00:00,214.801,215.015,214.675,214.746,54463
37960691,54,H4,M,2026-06-03 17:00:00,214.746,214.842,214.666,214.804,21664
37960692,54,H4,M,2026-06-03 21:00:00,214.789,214.828,214.622,214.69,21698
37960693,54,H4,M,2026-06-04 01:00:00,214.687,214.772,214.365,214.724,26527
37960694,54,H4,M,2026-06-04 05:00:00,214.724,214.774,214.466,214.717,33591
37960695,54,H4,M,2026-06-04 09:00:00,214.716,215.162,214.712,215.116,45844
37960696,54,H4,M,2026-06-04 13:00:00,215.116,215.14,214.876,214.926,44947
37960697,54,H4,M,2026-06-04 17:00:00,214.924,214.96,214.776,214.816,18851
37960698,54,H4,M,2026-06-04 21:00:00,214.906,214.948,214.668,214.72,20800
37960699,54,H4,M,2026-06-05 01:00:00,214.721,214.852,214.592,214.818,23657
37960700,54,H4,M,2026-06-05 05:00:00,214.817,215.236,214.736,215.218,32505
37960701,54,H4,M,2026-06-05 09:00:00,215.216,215.614,214.756,214.762,43195
37960702,54,H4,M,2026-06-05 13:00:00,214.766,214.844,213.868,214.066,70658
37960703,54,H4,M,2026-06-05 17:00:00,214.064,214.093,213.529,213.866,42091
37960704,54,H4,M,2026-06-07 21:00:00,213.631,214.024,213.462,214.019,23037
37960705,54,H4,M,2026-06-08 01:00:00,214.018,214.05,213.562,213.898,36344
37960706,54,H4,M,2026-06-08 05:00:00,213.9,213.989,212.956,213.18,54774
37960707,54,H4,M,2026-06-08 09:00:00,213.177,213.83,212.933,213.554,56059
37960708,54,H4,M,2026-06-08 13:00:00,213.555,213.791,213.51,213.711,57758
37960709,54,H4,M,2026-06-08 17:00:00,213.71,213.85,213.64,213.656,30462
37960710,54,H4,M,2026-06-08 21:00:00,213.664,213.776,213.501,213.697,21638
37960711,54,H4,M,2026-06-09 01:00:00,213.696,214.06,213.676,214.026,26695
37960712,54,H4,M,2026-06-09 05:00:00,214.026,214.37,213.924,214.318,41024
37960713,54,H4,M,2026-06-09 09:00:00,214.318,214.736,214.306,214.716,31451
37960714,54,H4,M,2026-06-09 13:00:00,214.718,214.796,214.33,214.484,71466
37960715,54,H4,M,2026-06-09 17:00:00,214.484,214.748,214.472,214.548,38865
37960716,54,H4,M,2026-06-09 21:00:00,214.432,214.588,214.374,214.574,22906
37960717,54,H4,M,2026-06-10 01:00:00,214.572,214.729,214.381,214.616,29880
37960718,54,H4,M,2026-06-10 05:00:00,214.616,214.84,214.568,214.75,39886
37960719,54,H4,M,2026-06-10 09:00:00,214.749,215.04,214.652,214.816,50605
37960720,54,H4,M,2026-06-10 13:00:00,214.81,215.24,214.652,214.882,72224
37960721,54,H4,M,2026-06-10 17:00:00,214.886,214.993,214.623,214.628,36845
37960722,54,H4,M,2026-06-10 21:00:00,214.616,214.71,214.332,214.623,32409
37960723,54,H4,M,2026-06-11 01:00:00,214.624,214.872,214.624,214.815,25011
37960724,54,H4,M,2026-06-11 05:00:00,214.816,214.948,214.493,214.534,32778
37960725,54,H4,M,2026-06-11 09:00:00,214.534,214.614,214.231,214.493,38424
37960726,54,H4,M,2026-06-11 13:00:00,214.498,214.502,213.874,214.038,58455
37960727,54,H4,M,2026-06-11 17:00:00,214.038,214.628,213.926,214.611,57737
37960728,54,H4,M,2026-06-11 21:00:00,214.606,214.865,214.514,214.765,24253
37960729,54,H4,M,2026-06-12 01:00:00,214.764,215.006,214.622,214.926,33648
37960730,54,H4,M,2026-06-12 05:00:00,214.928,214.973,214.632,214.742,54949
37960731,54,H4,M,2026-06-12 09:00:00,214.74,214.858,214.568,214.64,47367
37960732,54,H4,M,2026-06-12 13:00:00,214.642,215.027,214.606,214.96,67215
37960733,54,H4,M,2026-06-12 17:00:00,214.96,215.019,214.726,214.812,27852
37960734,54,H4,M,2026-06-14 21:00:00,214.747,215.328,214.424,215.252,24239
37960735,54,H4,M,2026-06-15 01:00:00,215.252,215.366,215.158,215.275,21809
37960736,54,H4,M,2026-06-15 05:00:00,215.278,215.377,214.893,214.954,32315
37960737,54,H4,M,2026-06-15 09:00:00,214.955,215.09,214.914,215.064,33451
37960738,54,H4,M,2026-06-15 13:00:00,215.066,215.25,214.968,215.162,41153
37960739,54,H4,M,2026-06-15 17:00:00,215.162,215.25,214.965,215.074,24017
37960740,54,H4,M,2026-06-15 21:00:00,215.156,215.218,214.818,214.889,17008
37960741,54,H4,M,2026-06-16 01:00:00,214.888,214.942,214.531,214.7,27257
37960742,54,H4,M,2026-06-16 05:00:00,214.703,215.222,214.592,215.216,38628
37960743,54,H4,M,2026-06-16 09:00:00,215.216,215.294,214.985,215.088,38618
37960744,54,H4,M,2026-06-16 13:00:00,215.09,215.566,215.03,215.402,50508
37960745,54,H4,M,2026-06-16 17:00:00,215.402,215.494,215.378,215.459,23081
37960746,54,H4,M,2026-06-16 21:00:00,215.445,215.458,215.332,215.365,22529
37960747,54,H4,M,2026-06-17 01:00:00,215.363,215.399,215.238,215.256,15919
37960748,54,H4,M,2026-06-17 05:00:00,215.254,215.459,214.776,214.955,30570
37960749,54,H4,M,2026-06-17 09:00:00,214.954,214.996,214.79,214.976,26910
37960750,54,H4,M,2026-06-17 13:00:00,214.976,215.042,214.518,214.614,41856
37960751,54,H4,M,2026-06-17 17:00:00,214.614,214.748,213.222,213.608,78727
37960752,54,H4,M,2026-06-17 21:00:00,213.488,213.9,213.32,213.834,22383
37960753,54,H4,M,2026-06-18 01:00:00,213.834,213.988,213.756,213.825,25752
37960754,54,H4,M,2026-06-18 05:00:00,213.826,214.063,212.839,212.954,42079
37960755,54,H4,M,2026-06-18 09:00:00,212.956,213.114,212.503,212.891,48044
37960756,54,H4,M,2026-06-18 13:00:00,212.892,213.445,212.8,213.432,62744
37960757,54,H4,M,2026-06-18 17:00:00,213.433,213.575,212.4,213.139,42222
37960758,54,H4,M,2026-06-18 21:00:00,213.096,213.222,212.694,212.806,22185
37960759,54,H4,M,2026-06-19 01:00:00,212.808,212.872,212.497,212.534,32464
37960760,54,H4,M,2026-06-19 05:00:00,212.534,213.438,212.466,213.424,37982
37960761,54,H4,M,2026-06-19 09:00:00,213.426,213.531,213.282,213.311,33845
37960762,54,H4,M,2026-06-19 13:00:00,213.31,213.448,213.126,213.418,34303
37960763,54,H4,M,2026-06-19 17:00:00,213.428,213.599,213.322,213.488,38982
37960764,54,H4,M,2026-06-21 21:00:00,212.749,213.546,212.742,213.53,21135
37960765,54,H4,M,2026-06-22 01:00:00,213.532,213.702,213.433,213.522,29097
37960766,54,H4,M,2026-06-22 05:00:00,213.522,213.732,213.256,213.632,37767
37960767,54,H4,M,2026-06-22 09:00:00,213.632,214.681,213.628,214.534,41944
37960768,54,H4,M,2026-06-22 13:00:00,214.536,214.647,213.584,213.974,64211
37960769,54,H4,M,2026-06-22 17:00:00,213.975,214.165,213.755,214.123,28457
37960770,54,H4,M,2026-06-22 21:00:00,214.054,214.169,213.908,214.018,18647
37960771,54,H4,M,2026-06-23 01:00:00,214.016,214.064,213.856,213.924,28628
37960772,54,H4,M,2026-06-23 05:00:00,213.925,214.216,213.286,213.423,50288
37960773,54,H4,M,2026-06-23 09:00:00,213.424,213.575,213.248,213.445,45520
37960774,54,H4,M,2026-06-23 13:00:00,213.45,213.54,212.985,213.098,52873
37960775,54,H4,M,2026-06-23 17:00:00,213.096,213.343,212.99,213.336,22620
37960776,54,H4,M,2026-06-23 21:00:00,213.201,213.362,213.186,213.331,20527
37960777,54,H4,M,2026-06-24 01:00:00,213.332,213.333,213.058,213.147,35171
37960778,54,H4,M,2026-06-24 05:00:00,213.146,213.506,213.052,213.402,43208
37960779,54,H4,M,2026-06-24 09:00:00,213.4,213.444,212.559,212.716,45716
37960780,54,H4,M,2026-06-24 13:00:00,212.716,213.104,212.543,213.05,54604
37960781,54,H4,M,2026-06-24 17:00:00,213.052,213.108,212.83,213.072,33920
37960782,54,H4,M,2026-06-24 21:00:00,213.019,213.09,212.81,212.863,19915
37960783,54,H4,M,2026-06-25 01:00:00,212.862,213.252,212.86,213.244,26093
37960784,54,H4,M,2026-06-25 05:00:00,213.242,213.52,213.104,213.425,32174
37960785,54,H4,M,2026-06-25 09:00:00,213.424,213.546,212.837,213.246,36746
37960786,54,H4,M,2026-06-25 13:00:00,213.245,213.732,213.202,213.627,64746
37960787,54,H4,M,2026-06-25 17:00:00,213.626,213.633,213.421,213.432,31689
37960788,54,H4,M,2026-06-25 21:00:00,213.553,213.64,213.338,213.508,23519
37960789,54,H4,M,2026-06-26 01:00:00,213.508,213.61,213.22,213.37,28972
37960790,54,H4,M,2026-06-26 05:00:00,213.371,213.654,213.284,213.564,39287
37960791,54,H4,M,2026-06-26 09:00:00,213.565,213.758,213.421,213.564,42209
37960792,54,H4,M,2026-06-26 13:00:00,213.561,213.821,213.433,213.617,50261
37960793,54,H4,M,2026-06-26 17:00:00,213.614,213.662,213.4,213.478,25111
37960794,54,H4,M,2026-06-28 21:00:00,213.598,213.742,213.404,213.51,15783
37960795,54,H4,M,2026-06-29 01:00:00,213.509,213.683,213.47,213.581,22785
37960796,54,H4,M,2026-06-29 05:00:00,213.58,214.022,213.572,213.76,32466
37960797,54,H4,M,2026-06-29 09:00:00,213.761,214.334,213.746,214.245,35380
37960798,54,H4,M,2026-06-29 13:00:00,214.25,214.695,214.188,214.646,48664
37960799,54,H4,M,2026-06-29 17:00:00,214.644,214.776,214.592,214.734,18648
37960800,54,H4,M,2026-06-29 21:00:00,214.544,215.048,214.514,214.754,16775
37960801,54,H4,M,2026-06-30 01:00:00,214.753,214.83,214.456,214.578,30477
37960802,54,H4,M,2026-06-30 05:00:00,214.575,214.916,214.53,214.754,37008
37960803,54,H4,M,2026-06-30 09:00:00,214.755,214.918,214.18,214.628,33661
37960804,54,H4,M,2026-06-30 13:00:00,214.63,215.779,214.598,215.526,44667
37960805,54,H4,M,2026-06-30 17:00:00,215.524,215.684,215.474,215.614,22897
37960806,54,H4,M,2026-06-30 21:00:00,215.51,215.667,215.45,215.488,13718
37960807,54,H4,M,2026-07-01 01:00:00,215.49,215.519,215.21,215.48,26897
37960808,54,H4,M,2026-07-01 05:00:00,215.476,215.554,215.203,215.482,35541
37960809,54,H4,M,2026-07-01 09:00:00,215.48,215.664,215.364,215.364,36226
37960810,54,H4,M,2026-07-01 13:00:00,215.366,215.859,215.116,215.768,62365
37960811,54,H4,M,2026-07-01 17:00:00,215.768,215.94,215.736,215.87,24085
37960812,54,H4,M,2026-07-01 21:00:00,215.856,215.937,215.722,215.852,16785
37960813,54,H4,M,2026-07-02 01:00:00,215.846,216.076,215.781,215.868,26450
37960814,54,H4,M,2026-07-02 05:00:00,215.866,215.867,214.646,215.09,70140
37960815,54,H4,M,2026-07-02 09:00:00,215.081,215.325,214.63,215.208,60961
37960816,54,H4,M,2026-07-02 13:00:00,215.21,215.417,214.957,214.966,75979
37960817,54,H4,M,2026-07-02 17:00:00,214.967,215.092,214.87,215.05,34300
37960818,54,H4,M,2026-07-02 21:00:00,215.001,215.406,214.878,215.154,20317
37960819,54,H4,M,2026-07-03 01:00:00,215.151,215.456,215.034,215.348,28695
37960820,54,H4,M,2026-07-03 05:00:00,215.349,215.458,214.704,215.146,42163
37960821,54,H4,M,2026-07-03 09:00:00,215.143,215.278,215.014,215.262,29117
37960822,54,H4,M,2026-07-03 13:00:00,215.262,215.506,215.218,215.482,26626
37960823,54,H4,M,2026-07-03 17:00:00,215.482,215.528,215.379,215.464,35962
37960824,54,H4,M,2026-07-05 21:00:00,215.346,215.784,215.301,215.696,19832
37960825,54,H4,M,2026-07-06 01:00:00,215.694,216.084,215.677,216.078,26330
37960826,54,H4,M,2026-07-06 05:00:00,216.079,216.548,215.964,216.402,42590
37960827,54,H4,M,2026-07-06 09:00:00,216.402,216.755,216.324,216.676,33642
37960828,54,H4,M,2026-07-06 13:00:00,216.674,217.068,216.602,217.034,36153
37960829,54,H4,M,2026-07-06 17:00:00,217.032,217.163,216.984,217.042,20240
37960830,54,H4,M,2026-07-06 21:00:00,217.016,217.219,216.954,217.068,18322
37960831,54,H4,M,2026-07-07 01:00:00,217.068,217.108,216.534,216.634,24889
37960832,54,H4,M,2026-07-07 05:00:00,216.634,216.846,216.366,216.806,37008
37960833,54,H4,M,2026-07-07 09:00:00,216.811,216.832,216.522,216.628,35489
37960834,54,H4,M,2026-07-07 13:00:00,216.628,216.734,216.428,216.528,43259
37960835,54,H4,M,2026-07-07 17:00:00,216.527,216.592,216.384,216.58,26084
37960836,54,H4,M,2026-07-07 21:00:00,216.456,216.81,216.428,216.775,26142
37960837,54,H4,M,2026-07-08 01:00:00,216.774,216.876,216.711,216.819,27595
37960838,54,H4,M,2026-07-08 05:00:00,216.822,216.974,216.618,216.758,51439
37960839,54,H4,M,2026-07-08 09:00:00,216.758,216.991,216.515,216.826,51542
37960840,54,H4,M,2026-07-08 13:00:00,216.818,217.578,216.808,217.552,55437
37960841,54,H4,M,2026-07-08 17:00:00,217.553,217.836,217.53,217.75,30638
37960842,54,H4,M,2026-07-08 21:00:00,217.761,217.824,217.566,217.64,16624
37960843,54,H4,M,2026-07-09 01:00:00,217.641,217.712,217.544,217.646,22337
37960844,54,H4,M,2026-07-09 05:00:00,217.648,218.015,217.622,217.816,37863
37960845,54,H4,M,2026-07-09 09:00:00,217.816,217.888,217.359,217.426,33072
37960846,54,H4,M,2026-07-09 13:00:00,217.426,217.677,217.412,217.663,36180
37960847,54,H4,M,2026-07-09 17:00:00,217.661,217.824,217.628,217.752,24850
37960848,54,H4,M,2026-07-09 21:00:00,217.714,217.814,217.32,217.524,20575
37960849,54,H4,M,2026-07-10 01:00:00,217.522,217.548,216.944,217.083,46600
37960850,54,H4,M,2026-07-10 05:00:00,217.084,217.208,216.715,216.822,43133
37960851,54,H4,M,2026-07-10 09:00:00,216.822,217.383,216.794,217.154,36930
37960852,54,H4,M,2026-07-10 13:00:00,217.153,217.158,216.462,216.604,48280
37960853,54,H4,M,2026-07-10 17:00:00,216.606,216.746,216.5,216.718,27416
37960854,54,H4,M,2026-07-12 21:00:00,216.546,216.83,216.474,216.822,27118
37960855,54,H4,M,2026-07-13 01:00:00,216.827,216.858,216.681,216.818,40853
37960856,54,H4,M,2026-07-13 05:00:00,216.818,217.312,216.662,217.1,51671
37960857,54,H4,M,2026-07-13 09:00:00,217.098,217.257,216.846,217.216,41562
37960858,54,H4,M,2026-07-13 13:00:00,217.222,217.272,216.942,217.092,50103
37960859,54,H4,M,2026-07-13 17:00:00,217.089,217.123,216.776,216.83,32430
37960860,54,H4,M,2026-07-13 21:00:00,216.926,217.021,216.676,216.812,25915
37960861,54,H4,M,2026-07-14 01:00:00,216.81,216.925,216.762,216.845,35977
37960862,54,H4,M,2026-07-14 05:00:00,216.846,217.044,216.718,217.042,44712
37960863,54,H4,M,2026-07-14 09:00:00,217.04,217.41,216.86,217.114,53332
37960864,54,H4,M,2026-07-14 13:00:00,217.114,217.3,216.921,217.055,64559
37960865,54,H4,M,2026-07-14 17:00:00,217.056,217.297,216.873,217.292,32937
37960866,54,H4,M,2026-07-14 21:00:00,217.16,217.34,217.015,217.268,19081
37960867,54,H4,M,2026-07-15 01:00:00,217.271,217.45,217.111,217.406,28859
37960868,54,H4,M,2026-07-15 05:00:00,217.408,217.698,217.359,217.425,34829
37960869,54,H4,M,2026-07-15 09:00:00,217.426,217.811,217.314,217.764,40264
37960870,54,H4,M,2026-07-15 13:00:00,217.763,219.388,217.748,219.345,51522
37960871,54,H4,M,2026-07-15 17:00:00,219.346,219.614,219.308,219.594,34108
37960872,54,H4,M,2026-07-15 21:00:00,219.489,219.573,219.25,219.378,22333
37960873,54,H4,M,2026-07-16 01:00:00,219.38,219.431,219.207,219.361,27183
37960874,54,H4,M,2026-07-16 05:00:00,219.364,219.54,219.192,219.236,39400
37960875,54,H4,M,2026-07-16 09:00:00,219.235,219.268,218.852,219.064,39579
37960876,54,H4,M,2026-07-16 13:00:00,219.065,219.406,218.79,218.798,45307
37960877,54,H4,M,2026-07-16 17:00:00,218.798,218.882,218.678,218.864,23344
37960878,54,H4,M,2026-07-16 21:00:00,218.93,218.93,218.73,218.896,15134
37960879,54,H4,M,2026-07-17 01:00:00,218.896,218.95,218.566,218.601,31450
37960880,54,H4,M,2026-07-17 05:00:00,218.6,218.828,218.268,218.31,45470
37960881,54,H4,M,2026-07-17 09:00:00,218.308,218.375,217.998,218.147,35530
37960882,54,H4,M,2026-07-17 13:00:00,218.152,218.652,218.101,218.565,46158
37960883,54,H4,M,2026-07-17 17:00:00,218.566,218.638,218.466,218.471,26517
37960884,54,H4,M,2026-07-19 21:00:00,218.496,218.556,218.332,218.356,20465
37960885,54,H4,M,2026-07-20 01:00:00,218.357,218.654,218.332,218.615,26812
37960886,54,H4,M,2026-07-20 05:00:00,218.616,218.844,218.541,218.706,33037
37960887,54,H4,M,2026-07-20 09:00:00,218.706,218.8,218.413,218.522,39756
37960888,54,H4,M,2026-07-20 13:00:00,218.522,218.689,218.043,218.118,38598
37960889,54,H4,M,2026-07-20 17:00:00,218.12,218.366,218.062,218.248,27198
37960890,54,H4,M,2026-07-20 21:00:00,218.303,218.34,218.111,218.307,14348
37960891,54,H4,M,2026-07-21 01:00:00,218.306,218.402,218.231,218.388,20452
37960892,54,H4,M,2026-07-21 05:00:00,218.39,218.729,218.388,218.478,29965
37960893,54,H4,M,2026-07-21 09:00:00,218.481,218.515,217.77,217.874,29994
37960894,54,H4,M,2026-07-21 13:00:00,217.876,218.272,217.524,218.146,42391
37960895,54,H4,M,2026-07-21 17:00:00,218.144,218.428,218.106,218.28,24433
37960896,54,H4,M,2026-07-21 21:00:00,218.236,218.387,218.186,218.366,20372
37960897,54,H4,M,2026-07-22 01:00:00,218.365,218.406,218.31,218.39,25097
37960898,54,H4,M,2026-07-22 05:00:00,218.39,218.42,217.863,217.938,43177
37960899,54,H4,M,2026-07-22 09:00:00,217.928,218.074,217.84,217.896,38746
37960900,54,H4,M,2026-07-22 13:00:00,217.894,218.358,217.894,218.13,42058
37960901,54,H4,M,2026-07-22 17:00:00,218.128,218.251,218.106,218.241,22871
37960902,54,H4,M,2026-07-22 21:00:00,218.267,218.277,218.038,218.194,15308
37960903,54,H4,M,2026-07-23 01:00:00,218.192,218.382,218.15,218.306,27905
37960904,54,H4,M,2026-07-23 05:00:00,218.305,218.522,218.152,218.36,37642
37960905,54,H4,M,2026-07-23 09:00:00,218.362,218.51,218.06,218.386,45417
37960906,54,H4,M,2026-07-23 13:00:00,218.384,218.631,217.972,218.202,59435
37960907,54,H4,M,2026-07-23 17:00:00,218.202,218.222,218.072,218.184,30333
37960908,54,H4,M,2026-07-23 21:00:00,218.192,218.302,218.06,218.272,21028
37960909,54,H4,M,2026-07-24 01:00:00,218.272,218.332,218.019,218.065,32299
37960910,54,H4,M,2026-07-24 05:00:00,218.064,218.442,218.012,218.11,40144
37960911,54,H4,M,2026-07-24 09:00:00,218.112,218.296,217.972,218.09,42066
37960912,54,H4,M,2026-07-24 13:00:00,218.09,218.48,218.056,218.362,48082
37960913,54,H4,M,2026-07-24 17:00:00,218.362,218.385,218.212,218.322,26226
37960914,54,H4,M,2026-07-26 21:00:00,218.173,218.526,218.143,218.464,27317
37960915,54,H4,M,2026-07-27 01:00:00,218.466,218.514,218.376,218.394,33676
37960916,54,H4,M,2026-07-27 05:00:00,218.396,218.508,217.98,218.106,43053
37960917,54,H4,M,2026-07-27 09:00:00,218.102,218.16,217.774,217.933,42087
37960918,54,H4,M,2026-07-27 13:00:00,217.932,218.047,217.694,217.714,54127
37960919,54,H4,M,2026-07-27 17:00:00,217.716,217.726,217.478,217.592,32555
37960920,54,H4,M,2026-07-27 21:00:00,217.639,217.724,217.562,217.674,18521
37960921,54,H4,M,2026-07-28 01:00:00,217.674,217.822,217.655,217.692,30998
37960922,54,H4,M,2026-07-28 05:00:00,217.695,217.945,217.532,217.936,39487
37960923,54,H4,M,2026-07-28 09:00:00,217.938,217.952,217.548,217.926,34141
37960924,54,H4,M,2026-07-28 13:00:00,217.929,217.996,217.712,217.804,51581
37960925,54,H4,M,2026-07-28 17:00:00,217.803,217.868,217.644,217.77,29085
37960926,54,H4,M,2026-07-28 21:00:00,217.777,217.832,217.546,217.61,21347
37960927,54,H4,M,2026-07-29 01:00:00,217.61,217.694,217.164,217.32,43754
37960928,54,H4,M,2026-07-29 05:00:00,217.322,217.751,217.258,217.667,43478
37960929,54,H4,M,2026-07-29 09:00:00,217.668,217.674,217.442,217.591,38307
37960930,54,H4,M,2026-07-29 13:00:00,217.594,217.914,217.498,217.8,49733
37960931,54,H4,M,2026-07-29 17:00:00,217.802,218.565,217.746,218.474,77224
37960932,54,H4,M,2026-07-29 21:00:00,218.424,218.498,218.091,218.352,33978
37960933,54,H4,M,2026-07-30 01:00:00,218.352,218.37,218.167,218.169,35387
37960934,54,H4,M,2026-07-30 05:00:00,218.17,218.628,218.14,218.572,51036
37960935,54,H4,M,2026-07-30 09:00:00,218.573,218.688,217.394,217.898,70871
37960936,54,H4,M,2026-07-30 13:00:00,217.9,217.909,212.344,214.858,120760
37960937,54,H4,M,2026-07-30 17:00:00,214.863,215.142,213.464,214.819,55145
37960938,54,H4,M,2026-07-30 21:00:00,214.805,216.238,214.698,216.064,40419
37960939,54,H4,M,2026-07-31 01:00:00,216.062,216.334,215.829,216.056,58792
37960940,54,H4,M,2026-07-31 05:00:00,216.056,216.099,213.446,213.914,73824
37960941,54,H4,M,2026-07-31 09:00:00,213.911,215.395,213.484,215.24,66118
37960942,54,H4,M,2026-07-31 13:00:00,215.238,215.308,213.082,214.588,93026
37960943,60,H4,M,2026-06-03 09:00:00,0.7161,0.71772,0.715,0.7153,11721
37960944,60,H4,M,2026-06-03 13:00:00,0.71529,0.7155,0.71302,0.71353,19624
37960945,60,H4,M,2026-06-03 17:00:00,0.71354,0.71389,0.7127,0.71278,6498
37960946,60,H4,M,2026-06-03 21:00:00,0.71313,0.71397,0.71268,0.71308,8603
37960947,60,H4,M,2026-06-04 01:00:00,0.71308,0.71365,0.71226,0.71294,10590
37960948,60,H4,M,2026-06-04 05:00:00,0.71294,0.71384,0.71236,0.7131,13822
37960949,60,H4,M,2026-06-04 09:00:00,0.71311,0.71492,0.71296,0.71412,14629
37960950,60,H4,M,2026-06-04 13:00:00,0.71412,0.7146,0.7135,0.714,14695
37960951,60,H4,M,2026-06-04 17:00:00,0.71399,0.71412,0.71328,0.71332,5343
37960952,60,H4,M,2026-06-04 21:00:00,0.71363,0.71395,0.71227,0.71233,5825
37960953,60,H4,M,2026-06-05 01:00:00,0.71232,0.71303,0.71055,0.71276,11908
37960954,60,H4,M,2026-06-05 05:00:00,0.7128,0.71378,0.71154,0.71309,10377
37960955,60,H4,M,2026-06-05 09:00:00,0.71308,0.71439,0.71026,0.71028,14548
37960956,60,H4,M,2026-06-05 13:00:00,0.71027,0.7111,0.70496,0.70606,29935
37960957,60,H4,M,2026-06-05 17:00:00,0.70606,0.7061,0.70376,0.70452,19262
37960958,60,H4,M,2026-06-07 21:00:00,0.70276,0.70592,0.70244,0.70585,10168
37960959,60,H4,M,2026-06-08 01:00:00,0.70586,0.70623,0.70353,0.7045,22046
37960960,60,H4,M,2026-06-08 05:00:00,0.70452,0.70596,0.70348,0.7048,25279
37960961,60,H4,M,2026-06-08 09:00:00,0.70479,0.70784,0.70384,0.70704,22369
37960962,60,H4,M,2026-06-08 13:00:00,0.70705,0.70748,0.70458,0.70511,31215
37960963,60,H4,M,2026-06-08 17:00:00,0.7051,0.70544,0.70424,0.7045,16042
37960964,60,H4,M,2026-06-08 21:00:00,0.70435,0.70474,0.70344,0.70432,8934
37960965,60,H4,M,2026-06-09 01:00:00,0.70435,0.70594,0.7041,0.70558,16273
37960966,60,H4,M,2026-06-09 05:00:00,0.70557,0.70706,0.70466,0.70522,19694
37960967,60,H4,M,2026-06-09 09:00:00,0.70524,0.70627,0.70465,0.70602,12679
37960968,60,H4,M,2026-06-09 13:00:00,0.70606,0.70628,0.70052,0.70162,47914
37960969,60,H4,M,2026-06-09 17:00:00,0.70164,0.70358,0.70158,0.70277,27029
37960970,60,H4,M,2026-06-09 21:00:00,0.70304,0.70325,0.70156,0.70289,11708
37960971,60,H4,M,2026-06-10 01:00:00,0.70289,0.70312,0.70154,0.70178,20314
37960972,60,H4,M,2026-06-10 05:00:00,0.70178,0.70255,0.7009,0.701,21562
37960973,60,H4,M,2026-06-10 09:00:00,0.70097,0.70268,0.6998,0.70118,29813
37960974,60,H4,M,2026-06-10 13:00:00,0.70119,0.70375,0.70064,0.7018,47683
37960975,60,H4,M,2026-06-10 17:00:00,0.7018,0.70228,0.69948,0.69971,25841
37960976,60,H4,M,2026-06-10 21:00:00,0.69984,0.70024,0.69875,0.69978,16345
37960977,60,H4,M,2026-06-11 01:00:00,0.69978,0.70103,0.69978,0.70087,19174
37960978,60,H4,M,2026-06-11 05:00:00,0.70088,0.70121,0.69908,0.69932,15937
37960979,60,H4,M,2026-06-11 09:00:00,0.6993,0.70006,0.69789,0.69884,20711
37960980,60,H4,M,2026-06-11 13:00:00,0.69886,0.69989,0.69796,0.69884,38514
37960981,60,H4,M,2026-06-11 17:00:00,0.69884,0.7055,0.69849,0.7052,50804
37960982,60,H4,M,2026-06-11 21:00:00,0.70478,0.70538,0.70406,0.70447,10846
37960983,60,H4,M,2026-06-12 01:00:00,0.70446,0.70455,0.70288,0.70409,17580
37960984,60,H4,M,2026-06-12 05:00:00,0.70408,0.70492,0.70212,0.70408,25836
37960985,60,H4,M,2026-06-12 09:00:00,0.70409,0.70535,0.70322,0.70352,22291
37960986,60,H4,M,2026-06-12 13:00:00,0.70352,0.70599,0.70317,0.70492,39941
37960987,60,H4,M,2026-06-12 17:00:00,0.70492,0.70538,0.70422,0.70452,14973
37960988,60,H4,M,2026-06-14 21:00:00,0.70436,0.70883,0.70422,0.70678,12889
37960989,60,H4,M,2026-06-15 01:00:00,0.70678,0.70846,0.70654,0.70814,9793
37960990,60,H4,M,2026-06-15 05:00:00,0.70816,0.70874,0.70658,0.70711,12960
37960991,60,H4,M,2026-06-15 09:00:00,0.7071,0.70768,0.70644,0.70722,9874
37960992,60,H4,M,2026-06-15 13:00:00,0.70722,0.70884,0.70695,0.70806,13689
37960993,60,H4,M,2026-06-15 17:00:00,0.70806,0.70809,0.70692,0.70706,6717
37960994,60,H4,M,2026-06-15 21:00:00,0.7073,0.7075,0.70668,0.70712,4494
37960995,60,H4,M,2026-06-16 01:00:00,0.70713,0.70736,0.70454,0.70506,9144
37960996,60,H4,M,2026-06-16 05:00:00,0.70508,0.70694,0.70421,0.70682,11748
37960997,60,H4,M,2026-06-16 09:00:00,0.7068,0.70788,0.70632,0.70693,9345
37960998,60,H4,M,2026-06-16 13:00:00,0.70693,0.70798,0.70656,0.70736,16727
37960999,60,H4,M,2026-06-16 17:00:00,0.70737,0.70744,0.70652,0.70671,7168
37961000,60,H4,M,2026-06-16 21:00:00,0.7068,0.70705,0.70639,0.7069,5152
37961001,60,H4,M,2026-06-17 01:00:00,0.7069,0.70724,0.70598,0.70612,5931
37961002,60,H4,M,2026-06-17 05:00:00,0.70611,0.70648,0.70544,0.70614,9508
37961003,60,H4,M,2026-06-17 09:00:00,0.70612,0.70654,0.70568,0.70648,8403
37961004,60,H4,M,2026-06-17 13:00:00,0.70648,0.70736,0.7061,0.70722,15394
37961005,60,H4,M,2026-06-17 17:00:00,0.70722,0.70754,0.69951,0.70136,53775
37961006,60,H4,M,2026-06-17 21:00:00,0.70155,0.70321,0.70126,0.70228,6953
37961007,60,H4,M,2026-06-18 01:00:00,0.7023,0.70416,0.70225,0.70342,9925
37961008,60,H4,M,2026-06-18 05:00:00,0.70343,0.70404,0.70104,0.70119,14269
37961009,60,H4,M,2026-06-18 09:00:00,0.7012,0.70204,0.7001,0.70182,18050
37961010,60,H4,M,2026-06-18 13:00:00,0.7018,0.70377,0.70132,0.70192,24622
37961011,60,H4,M,2026-06-18 17:00:00,0.70192,0.70252,0.70076,0.7014,9318
37961012,60,H4,M,2026-06-18 21:00:00,0.702,0.70233,0.70108,0.70122,5536
37961013,60,H4,M,2026-06-19 01:00:00,0.70122,0.70134,0.6991,0.69928,8902
37961014,60,H4,M,2026-06-19 05:00:00,0.69928,0.70198,0.69895,0.70191,12669
37961015,60,H4,M,2026-06-19 09:00:00,0.70192,0.70244,0.70101,0.70216,10489
37961016,60,H4,M,2026-06-19 13:00:00,0.70218,0.70222,0.70076,0.70084,8814
37961017,60,H4,M,2026-06-19 17:00:00,0.70088,0.70168,0.70074,0.70138,35189
37961018,60,H4,M,2026-06-21 21:00:00,0.7011,0.70156,0.69991,0.70124,6934
37961019,60,H4,M,2026-06-22 01:00:00,0.70126,0.70194,0.70001,0.70046,12124
37961020,60,H4,M,2026-06-22 05:00:00,0.70045,0.7011,0.6994,0.69956,13241
37961021,60,H4,M,2026-06-22 09:00:00,0.6996,0.70122,0.69956,0.7007,12765
37961022,60,H4,M,2026-06-22 13:00:00,0.70072,0.70138,0.69966,0.70025,23725
37961023,60,H4,M,2026-06-22 17:00:00,0.70026,0.70039,0.69952,0.70008,7128
37961024,60,H4,M,2026-06-22 21:00:00,0.7004,0.70053,0.69828,0.69887,4809
37961025,60,H4,M,2026-06-23 01:00:00,0.69892,0.69904,0.69654,0.6967,11545
37961026,60,H4,M,2026-06-23 05:00:00,0.69672,0.69688,0.69422,0.69466,17476
37961027,60,H4,M,2026-06-23 09:00:00,0.69467,0.696,0.69316,0.69366,12130
37961028,60,H4,M,2026-06-23 13:00:00,0.69367,0.69418,0.69168,0.69178,18515
37961029,60,H4,M,2026-06-23 17:00:00,0.69177,0.6919,0.6907,0.69164,8027
37961030,60,H4,M,2026-06-23 21:00:00,0.69177,0.69221,0.69105,0.6919,6694
37961031,60,H4,M,2026-06-24 01:00:00,0.69191,0.69236,0.69016,0.691,12932
37961032,60,H4,M,2026-06-24 05:00:00,0.69099,0.69186,0.68922,0.68975,12664
37961033,60,H4,M,2026-06-24 09:00:00,0.68974,0.69014,0.68843,0.68906,14191
37961034,60,H4,M,2026-06-24 13:00:00,0.68904,0.69064,0.68862,0.69018,22366
37961035,60,H4,M,2026-06-24 17:00:00,0.69018,0.69026,0.68825,0.69004,15069
37961036,60,H4,M,2026-06-24 21:00:00,0.68941,0.6902,0.68898,0.68941,6349
37961037,60,H4,M,2026-06-25 01:00:00,0.68941,0.6908,0.68878,0.6902,12413
37961038,60,H4,M,2026-06-25 05:00:00,0.69018,0.69072,0.68869,0.69018,12105
37961039,60,H4,M,2026-06-25 09:00:00,0.69018,0.69145,0.68882,0.69054,12693
37961040,60,H4,M,2026-06-25 13:00:00,0.69054,0.69276,0.68912,0.69167,30146
37961041,60,H4,M,2026-06-25 17:00:00,0.69166,0.69203,0.69074,0.69105,12293
37961042,60,H4,M,2026-06-25 21:00:00,0.69118,0.69152,0.68961,0.68984,6936
37961043,60,H4,M,2026-06-26 01:00:00,0.68986,0.69022,0.68754,0.68862,13799
37961044,60,H4,M,2026-06-26 05:00:00,0.68861,0.69002,0.68851,0.68956,12825
37961045,60,H4,M,2026-06-26 09:00:00,0.68955,0.69068,0.68928,0.69032,12372
37961046,60,H4,M,2026-06-26 13:00:00,0.69032,0.69172,0.68958,0.69008,22963
37961047,60,H4,M,2026-06-26 17:00:00,0.69008,0.69024,0.68913,0.68947,8920
37961048,60,H4,M,2026-06-28 21:00:00,0.68921,0.68978,0.68832,0.68857,7758
37961049,60,H4,M,2026-06-29 01:00:00,0.68858,0.68957,0.6881,0.68892,12477
37961050,60,H4,M,2026-06-29 05:00:00,0.68889,0.69044,0.68877,0.68914,11023
37961051,60,H4,M,2026-06-29 09:00:00,0.68915,0.69023,0.6891,0.68967,9961
37961052,60,H4,M,2026-06-29 13:00:00,0.6897,0.68976,0.68774,0.68866,18214
37961053,60,H4,M,2026-06-29 17:00:00,0.68867,0.68924,0.68856,0.68869,5783
37961054,60,H4,M,2026-06-29 21:00:00,0.6889,0.68912,0.68674,0.68732,5360
37961055,60,H4,M,2026-06-30 01:00:00,0.68733,0.68836,0.68654,0.68689,10462
37961056,60,H4,M,2026-06-30 05:00:00,0.68688,0.68825,0.6868,0.68812,12289
37961057,60,H4,M,2026-06-30 09:00:00,0.68812,0.68904,0.68805,0.68848,9825
37961058,60,H4,M,2026-06-30 13:00:00,0.68848,0.69298,0.68848,0.6912,17352
37961059,60,H4,M,2026-06-30 17:00:00,0.6912,0.69242,0.69116,0.69196,5787
37961060,60,H4,M,2026-06-30 21:00:00,0.69166,0.69202,0.6901,0.69012,4583
37961061,60,H4,M,2026-07-01 01:00:00,0.69013,0.69027,0.68831,0.68923,8373
37961062,60,H4,M,2026-07-01 05:00:00,0.68922,0.68966,0.68856,0.68918,9439
37961063,60,H4,M,2026-07-01 09:00:00,0.68916,0.68998,0.68886,0.68922,9480
37961064,60,H4,M,2026-07-01 13:00:00,0.6892,0.6916,0.68848,0.69012,22216
37961065,60,H4,M,2026-07-01 17:00:00,0.69013,0.69032,0.68904,0.68938,6568
37961066,60,H4,M,2026-07-01 21:00:00,0.68924,0.68987,0.68842,0.6889,5920
37961067,60,H4,M,2026-07-02 01:00:00,0.68892,0.69018,0.6885,0.68946,9416
37961068,60,H4,M,2026-07-02 05:00:00,0.6895,0.69114,0.68899,0.69092,14018
37961069,60,H4,M,2026-07-02 09:00:00,0.6909,0.6942,0.68868,0.69246,21509
37961070,60,H4,M,2026-07-02 13:00:00,0.69245,0.69434,0.69184,0.69232,32679
37961071,60,H4,M,2026-07-02 17:00:00,0.69232,0.69238,0.69144,0.6922,11378
37961072,60,H4,M,2026-07-02 21:00:00,0.69169,0.69255,0.69108,0.6919,6948
37961073,60,H4,M,2026-07-03 01:00:00,0.69192,0.6941,0.69178,0.69388,10257
37961074,60,H4,M,2026-07-03 05:00:00,0.69387,0.69498,0.69378,0.69412,11521
37961075,60,H4,M,2026-07-03 09:00:00,0.69409,0.69433,0.69367,0.69369,6161
37961076,60,H4,M,2026-07-03 13:00:00,0.69372,0.69392,0.69343,0.69378,7262
37961077,60,H4,M,2026-07-03 17:00:00,0.69379,0.69409,0.69342,0.69409,11819
37961078,60,H4,M,2026-07-05 21:00:00,0.694,0.6945,0.693,0.69348,5203
37961079,60,H4,M,2026-07-06 01:00:00,0.69346,0.69373,0.69218,0.69334,8177
37961080,60,H4,M,2026-07-06 05:00:00,0.69335,0.69385,0.69256,0.69326,9984
37961081,60,H4,M,2026-07-06 09:00:00,0.69326,0.69374,0.6924,0.69264,7927
37961082,60,H4,M,2026-07-06 13:00:00,0.69265,0.69469,0.69252,0.69465,10806
37961083,60,H4,M,2026-07-06 17:00:00,0.69466,0.6959,0.69463,0.69568,4159
37961084,60,H4,M,2026-07-06 21:00:00,0.6952,0.69604,0.69484,0.69489,4372
37961085,60,H4,M,2026-07-07 01:00:00,0.69488,0.696,0.6942,0.6942,9250
37961086,60,H4,M,2026-07-07 05:00:00,0.6942,0.69462,0.69352,0.69418,10508
37961087,60,H4,M,2026-07-07 09:00:00,0.69418,0.69551,0.69409,0.69506,8901
37961088,60,H4,M,2026-07-07 13:00:00,0.69507,0.69508,0.69338,0.69374,16049
37961089,60,H4,M,2026-07-07 17:00:00,0.69374,0.69428,0.69213,0.6929,9240
37961090,60,H4,M,2026-07-07 21:00:00,0.69284,0.69359,0.69206,0.69356,6760
37961091,60,H4,M,2026-07-08 01:00:00,0.69358,0.69467,0.69288,0.69404,9897
37961092,60,H4,M,2026-07-08 05:00:00,0.69404,0.69452,0.6911,0.6915,20297
37961093,60,H4,M,2026-07-08 09:00:00,0.69149,0.69316,0.69066,0.6921,19041
37961094,60,H4,M,2026-07-08 13:00:00,0.69206,0.69286,0.69068,0.69266,22474
37961095,60,H4,M,2026-07-08 17:00:00,0.6927,0.69401,0.69265,0.69306,8949
37961096,60,H4,M,2026-07-08 21:00:00,0.69312,0.69403,0.69263,0.69333,6977
37961097,60,H4,M,2026-07-09 01:00:00,0.69334,0.69379,0.69252,0.69374,9312
37961098,60,H4,M,2026-07-09 05:00:00,0.69376,0.6946,0.69336,0.6935,10809
37961099,60,H4,M,2026-07-09 09:00:00,0.69348,0.69406,0.69295,0.69324,10576
37961100,60,H4,M,2026-07-09 13:00:00,0.69323,0.69471,0.69323,0.69412,12761
37961101,60,H4,M,2026-07-09 17:00:00,0.69412,0.69458,0.69378,0.69415,4678
37961102,60,H4,M,2026-07-09 21:00:00,0.69434,0.69468,0.69338,0.69454,6406
37961103,60,H4,M,2026-07-10 01:00:00,0.69454,0.69699,0.6943,0.69545,9632
37961104,60,H4,M,2026-07-10 05:00:00,0.69546,0.69562,0.69416,0.6943,10914
37961105,60,H4,M,2026-07-10 09:00:00,0.69428,0.6958,0.69418,0.695,8739
37961106,60,H4,M,2026-07-10 13:00:00,0.69499,0.69651,0.69358,0.69584,16200
37961107,60,H4,M,2026-07-10 17:00:00,0.69579,0.69592,0.69502,0.69524,5296
37961108,60,H4,M,2026-07-12 21:00:00,0.69487,0.69488,0.69322,0.69334,7666
37961109,60,H4,M,2026-07-13 01:00:00,0.69338,0.69379,0.69242,0.69328,12657
37961110,60,H4,M,2026-07-13 05:00:00,0.69328,0.69472,0.6924,0.6942,15822
37961111,60,H4,M,2026-07-13 09:00:00,0.6942,0.69497,0.69382,0.6946,12461
37961112,60,H4,M,2026-07-13 13:00:00,0.69464,0.69484,0.69178,0.69219,21671
37961113,60,H4,M,2026-07-13 17:00:00,0.6922,0.6926,0.69133,0.69176,8424
37961114,60,H4,M,2026-07-13 21:00:00,0.69214,0.69222,0.6913,0.6919,8986
37961115,60,H4,M,2026-07-14 01:00:00,0.69189,0.69336,0.69159,0.69331,12700
37961116,60,H4,M,2026-07-14 05:00:00,0.69332,0.69453,0.69277,0.69436,13490
37961117,60,H4,M,2026-07-14 09:00:00,0.69438,0.69835,0.69385,0.69692,20302
37961118,60,H4,M,2026-07-14 13:00:00,0.69694,0.69932,0.69684,0.6978,27350
37961119,60,H4,M,2026-07-14 17:00:00,0.6978,0.69792,0.69694,0.69745,7947
37961120,60,H4,M,2026-07-14 21:00:00,0.69802,0.69856,0.69707,0.69852,5040
37961121,60,H4,M,2026-07-15 01:00:00,0.69851,0.69928,0.69797,0.69838,8160
37961122,60,H4,M,2026-07-15 05:00:00,0.69842,0.69909,0.69777,0.69882,10920
37961123,60,H4,M,2026-07-15 09:00:00,0.69882,0.69974,0.69802,0.69961,11842
37961124,60,H4,M,2026-07-15 13:00:00,0.69963,0.70029,0.69892,0.69934,18095
37961125,60,H4,M,2026-07-15 17:00:00,0.69938,0.70212,0.69934,0.70064,10183
37961126,60,H4,M,2026-07-15 21:00:00,0.70059,0.70118,0.69959,0.69985,5479
37961127,60,H4,M,2026-07-16 01:00:00,0.69987,0.70036,0.69863,0.69992,10087
37961128,60,H4,M,2026-07-16 05:00:00,0.69992,0.70015,0.69942,0.69987,11002
37961129,60,H4,M,2026-07-16 09:00:00,0.69988,0.70105,0.69951,0.69977,12322
37961130,60,H4,M,2026-07-16 13:00:00,0.69978,0.70126,0.69924,0.6994,17871
37961131,60,H4,M,2026-07-16 17:00:00,0.6994,0.6998,0.69902,0.69974,7648
37961132,60,H4,M,2026-07-16 21:00:00,0.69932,0.70012,0.69916,0.69988,4580
37961133,60,H4,M,2026-07-17 01:00:00,0.69988,0.70006,0.69765,0.69792,9806
37961134,60,H4,M,2026-07-17 05:00:00,0.69793,0.69904,0.6972,0.6973,14193
37961135,60,H4,M,2026-07-17 09:00:00,0.69728,0.69779,0.69662,0.69694,10733
37961136,60,H4,M,2026-07-17 13:00:00,0.69696,0.69874,0.69664,0.69836,18806
37961137,60,H4,M,2026-07-17 17:00:00,0.69838,0.69856,0.69794,0.69816,7312
37961138,60,H4,M,2026-07-19 21:00:00,0.69664,0.69858,0.69644,0.69848,7635
37961139,60,H4,M,2026-07-20 01:00:00,0.69849,0.69993,0.69846,0.6997,10691
37961140,60,H4,M,2026-07-20 05:00:00,0.6997,0.70048,0.69859,0.70006,11221
37961141,60,H4,M,2026-07-20 09:00:00,0.70004,0.70148,0.69959,0.70048,11763
37961142,60,H4,M,2026-07-20 13:00:00,0.7005,0.70143,0.6998,0.70034,16401
37961143,60,H4,M,2026-07-20 17:00:00,0.70034,0.70076,0.69964,0.69989,6938
37961144,60,H4,M,2026-07-20 21:00:00,0.70027,0.70058,0.69934,0.70019,6611
37961145,60,H4,M,2026-07-21 01:00:00,0.7002,0.70098,0.70009,0.70077,8861
37961146,60,H4,M,2026-07-21 05:00:00,0.70076,0.7023,0.70065,0.70222,8849
37961147,60,H4,M,2026-07-21 09:00:00,0.70221,0.70269,0.7011,0.70162,9761
37961148,60,H4,M,2026-07-21 13:00:00,0.70164,0.70168,0.70026,0.70069,13020
37961149,60,H4,M,2026-07-21 17:00:00,0.70069,0.7008,0.69974,0.69984,4782
37961150,60,H4,M,2026-07-21 21:00:00,0.70013,0.70094,0.69968,0.7009,4502
37961151,60,H4,M,2026-07-22 01:00:00,0.70091,0.70126,0.69964,0.69993,8502
37961152,60,H4,M,2026-07-22 05:00:00,0.69994,0.7005,0.699,0.69972,10910
37961153,60,H4,M,2026-07-22 09:00:00,0.69972,0.6999,0.69802,0.69846,10461
37961154,60,H4,M,2026-07-22 13:00:00,0.69847,0.70008,0.69846,0.69954,12550
37961155,60,H4,M,2026-07-22 17:00:00,0.69953,0.69982,0.6991,0.6997,5230
37961156,60,H4,M,2026-07-22 21:00:00,0.69956,0.69958,0.69868,0.69942,5053
37961157,60,H4,M,2026-07-23 01:00:00,0.69943,0.70213,0.69942,0.70152,12426
37961158,60,H4,M,2026-07-23 05:00:00,0.70152,0.70172,0.69974,0.70006,11367
37961159,60,H4,M,2026-07-23 09:00:00,0.70006,0.7006,0.69748,0.69789,12584
37961160,60,H4,M,2026-07-23 13:00:00,0.69788,0.69824,0.69648,0.6978,22443
37961161,60,H4,M,2026-07-23 17:00:00,0.69782,0.69782,0.69622,0.6968,6875
37961162,60,H4,M,2026-07-23 21:00:00,0.69652,0.69769,0.69642,0.69768,5482
37961163,60,H4,M,2026-07-24 01:00:00,0.69767,0.6981,0.69716,0.69734,8926
37961164,60,H4,M,2026-07-24 05:00:00,0.69734,0.69896,0.69729,0.69878,10221
37961165,60,H4,M,2026-07-24 09:00:00,0.69879,0.69956,0.69746,0.69768,8995
37961166,60,H4,M,2026-07-24 13:00:00,0.69764,0.7001,0.69728,0.69906,15395
37961167,60,H4,M,2026-07-24 17:00:00,0.69906,0.6991,0.69787,0.69837,7061
37961168,60,H4,M,2026-07-26 21:00:00,0.70016,0.70068,0.69906,0.69933,8452
37961169,60,H4,M,2026-07-27 01:00:00,0.69934,0.70058,0.69928,0.69966,8712
37961170,60,H4,M,2026-07-27 05:00:00,0.69968,0.70113,0.69962,0.70032,10197
37961171,60,H4,M,2026-07-27 09:00:00,0.70032,0.70057,0.69928,0.69965,8944
37961172,60,H4,M,2026-07-27 13:00:00,0.69965,0.70012,0.69855,0.69948,16096
37961173,60,H4,M,2026-07-27 17:00:00,0.69948,0.69948,0.6986,0.69897,6668
37961174,60,H4,M,2026-07-27 21:00:00,0.69901,0.6992,0.69815,0.69893,4828
37961175,60,H4,M,2026-07-28 01:00:00,0.69893,0.69968,0.697,0.69713,11418
37961176,60,H4,M,2026-07-28 05:00:00,0.69712,0.69764,0.6963,0.69734,12094
37961177,60,H4,M,2026-07-28 09:00:00,0.69735,0.69748,0.69628,0.69694,10483
37961178,60,H4,M,2026-07-28 13:00:00,0.69696,0.69865,0.69634,0.69821,16652
37961179,60,H4,M,2026-07-28 17:00:00,0.6982,0.69836,0.69734,0.69741,5391
37961180,60,H4,M,2026-07-28 21:00:00,0.69782,0.69787,0.69695,0.697,9143
37961181,60,H4,M,2026-07-29 01:00:00,0.69699,0.69726,0.69377,0.69524,15935
37961182,60,H4,M,2026-07-29 05:00:00,0.69525,0.69595,0.69411,0.69432,9053
37961183,60,H4,M,2026-07-29 09:00:00,0.69433,0.69455,0.69351,0.69423,9498
37961184,60,H4,M,2026-07-29 13:00:00,0.69422,0.69514,0.69222,0.69286,15113
37961185,60,H4,M,2026-07-29 17:00:00,0.69284,0.6989,0.69274,0.69546,43626
37961186,60,H4,M,2026-07-29 21:00:00,0.69558,0.69656,0.69482,0.69569,10460
37961187,60,H4,M,2026-07-30 01:00:00,0.6957,0.6964,0.69494,0.69504,10308
37961188,60,H4,M,2026-07-30 05:00:00,0.69504,0.69635,0.69464,0.696,14109
37961189,60,H4,M,2026-07-30 09:00:00,0.696,0.69848,0.69599,0.69753,14447
37961190,60,H4,M,2026-07-30 13:00:00,0.69754,0.70286,0.69737,0.70264,32135
37961191,60,H4,M,2026-07-30 17:00:00,0.70265,0.70334,0.70221,0.70298,9790
37961192,60,H4,M,2026-07-30 21:00:00,0.70236,0.70321,0.7023,0.703,6669
37961193,60,H4,M,2026-07-31 01:00:00,0.70301,0.70332,0.70198,0.70274,8974
37961194,60,H4,M,2026-07-31 05:00:00,0.7027,0.70438,0.70258,0.70418,11848
37961195,60,H4,M,2026-07-31 09:00:00,0.70418,0.70447,0.70092,0.70122,11679
37961196,60,H4,M,2026-07-31 13:00:00,0.70121,0.70286,0.69914,0.70256,25075
37961197,69,H4,M,2026-06-03 09:00:00,1.3443,1.34602,1.34277,1.34322,38640
37961198,69,H4,M,2026-06-03 13:00:00,1.34321,1.344,1.34157,1.34228,57998
37961199,69,H4,M,2026-06-03 17:00:00,1.34228,1.34288,1.34126,1.34172,17724
37961200,69,H4,M,2026-06-03 21:00:00,1.34186,1.34321,1.3412,1.34256,16873
37961201,69,H4,M,2026-06-04 01:00:00,1.34256,1.34318,1.34174,1.3431,20563
37961202,69,H4,M,2026-06-04 05:00:00,1.3431,1.34358,1.34116,1.34302,32105
37961203,69,H4,M,2026-06-04 09:00:00,1.34302,1.34626,1.343,1.3456,40728
37961204,69,H4,M,2026-06-04 13:00:00,1.3456,1.34575,1.343,1.34353,41548
37961205,69,H4,M,2026-06-04 17:00:00,1.34354,1.34366,1.34207,1.3424,16306
37961206,69,H4,M,2026-06-04 21:00:00,1.34295,1.34325,1.34186,1.34236,20280
37961207,69,H4,M,2026-06-05 01:00:00,1.34235,1.34316,1.3416,1.34294,22973
37961208,69,H4,M,2026-06-05 05:00:00,1.34294,1.34582,1.3424,1.34554,29955
37961209,69,H4,M,2026-06-05 09:00:00,1.34554,1.34832,1.34042,1.34047,39996
37961210,69,H4,M,2026-06-05 13:00:00,1.34048,1.34221,1.33408,1.3356,69197
37961211,69,H4,M,2026-06-05 17:00:00,1.3356,1.3357,1.33302,1.33391,32330
37961212,69,H4,M,2026-06-07 21:00:00,1.33305,1.33492,1.3317,1.33492,14259
37961213,69,H4,M,2026-06-08 01:00:00,1.33492,1.33505,1.33186,1.33398,33447
37961214,69,H4,M,2026-06-08 05:00:00,1.33398,1.33489,1.332,1.33216,49086
37961215,69,H4,M,2026-06-08 09:00:00,1.33215,1.33698,1.3306,1.33506,47539
37961216,69,H4,M,2026-06-08 13:00:00,1.33506,1.33654,1.33354,1.33433,59589
37961217,69,H4,M,2026-06-08 17:00:00,1.33436,1.33526,1.33378,1.3339,29887
37961218,69,H4,M,2026-06-08 21:00:00,1.3342,1.33488,1.3331,1.33364,18887
37961219,69,H4,M,2026-06-09 01:00:00,1.33365,1.3363,1.33356,1.33604,23752
37961220,69,H4,M,2026-06-09 05:00:00,1.33605,1.33828,1.33558,1.338,35799
37961221,69,H4,M,2026-06-09 09:00:00,1.338,1.34078,1.33792,1.3404,25412
37961222,69,H4,M,2026-06-09 13:00:00,1.3404,1.34112,1.33584,1.33716,69927
37961223,69,H4,M,2026-06-09 17:00:00,1.33718,1.33907,1.33708,1.33788,38215
37961224,69,H4,M,2026-06-09 21:00:00,1.3373,1.33835,1.33684,1.33789,22635
37961225,69,H4,M,2026-06-10 01:00:00,1.33788,1.33908,1.33726,1.33823,28487
37961226,69,H4,M,2026-06-10 05:00:00,1.33822,1.33972,1.33799,1.33863,34145
37961227,69,H4,M,2026-06-10 09:00:00,1.33864,1.34088,1.3376,1.33892,49183
37961228,69,H4,M,2026-06-10 13:00:00,1.33892,1.34236,1.33714,1.33895,75776
37961229,69,H4,M,2026-06-10 17:00:00,1.33896,1.33966,1.33672,1.33678,34619
37961230,69,H4,M,2026-06-10 21:00:00,1.33722,1.33788,1.33498,1.33708,44017
37961231,69,H4,M,2026-06-11 01:00:00,1.3371,1.33919,1.337,1.33836,30292
37961232,69,H4,M,2026-06-11 05:00:00,1.33835,1.33918,1.33612,1.33634,31216
37961233,69,H4,M,2026-06-11 09:00:00,1.33635,1.33695,1.33404,1.33614,40248
37961234,69,H4,M,2026-06-11 13:00:00,1.33614,1.33626,1.33246,1.33334,61902
37961235,69,H4,M,2026-06-11 17:00:00,1.33333,1.34334,1.33265,1.34159,69200
37961236,69,H4,M,2026-06-11 21:00:00,1.3416,1.34278,1.34059,1.34086,24067
37961237,69,H4,M,2026-06-12 01:00:00,1.34087,1.3418,1.33999,1.34115,38971
37961238,69,H4,M,2026-06-12 05:00:00,1.34112,1.34194,1.33836,1.34134,50612
37961239,69,H4,M,2026-06-12 09:00:00,1.34134,1.3426,1.33898,1.33936,44706
37961240,69,H4,M,2026-06-12 13:00:00,1.33936,1.3424,1.33904,1.34157,70969
37961241,69,H4,M,2026-06-12 17:00:00,1.34156,1.34217,1.34022,1.34066,26832
37961242,69,H4,M,2026-06-14 21:00:00,1.34092,1.3461,1.34092,1.3444,21776
37961243,69,H4,M,2026-06-15 01:00:00,1.34439,1.34512,1.34328,1.34504,22711
37961244,69,H4,M,2026-06-15 05:00:00,1.34504,1.34603,1.34185,1.34228,32822
37961245,69,H4,M,2026-06-15 09:00:00,1.3423,1.34343,1.34172,1.343,31370
37961246,69,H4,M,2026-06-15 13:00:00,1.34301,1.34446,1.34242,1.34294,38562
37961247,69,H4,M,2026-06-15 17:00:00,1.34294,1.34314,1.34064,1.3412,21834
37961248,69,H4,M,2026-06-15 21:00:00,1.3418,1.34224,1.34077,1.34136,17646
37961249,69,H4,M,2026-06-16 01:00:00,1.34136,1.34181,1.33911,1.33973,23250
37961250,69,H4,M,2026-06-16 05:00:00,1.33973,1.34242,1.33907,1.34242,27965
37961251,69,H4,M,2026-06-16 09:00:00,1.34241,1.34317,1.34078,1.3416,30885
37961252,69,H4,M,2026-06-16 13:00:00,1.34159,1.34434,1.34031,1.34293,43747
37961253,69,H4,M,2026-06-16 17:00:00,1.34294,1.3433,1.34219,1.3427,19330
37961254,69,H4,M,2026-06-16 21:00:00,1.343,1.34324,1.3422,1.34306,30398
37961255,69,H4,M,2026-06-17 01:00:00,1.34307,1.34338,1.34249,1.3431,14084
37961256,69,H4,M,2026-06-17 05:00:00,1.3431,1.34416,1.34084,1.34171,27536
37961257,69,H4,M,2026-06-17 09:00:00,1.34168,1.34198,1.33996,1.34152,25796
37961258,69,H4,M,2026-06-17 13:00:00,1.3415,1.34186,1.33848,1.33965,35925
37961259,69,H4,M,2026-06-17 17:00:00,1.33966,1.34038,1.3262,1.32942,98130
37961260,69,H4,M,2026-06-17 21:00:00,1.32888,1.3318,1.32848,1.33065,21096
37961261,69,H4,M,2026-06-18 01:00:00,1.33066,1.33198,1.3306,1.33146,23527
37961262,69,H4,M,2026-06-18 05:00:00,1.33146,1.3325,1.32414,1.32453,40800
37961263,69,H4,M,2026-06-18 09:00:00,1.32456,1.32501,1.32051,1.32334,47130
37961264,69,H4,M,2026-06-18 13:00:00,1.32334,1.32536,1.32112,1.32214,63275
37961265,69,H4,M,2026-06-18 17:00:00,1.32214,1.32304,1.31929,1.3205,33386
37961266,69,H4,M,2026-06-18 21:00:00,1.32063,1.32216,1.32006,1.32091,14377
37961267,69,H4,M,2026-06-19 01:00:00,1.32094,1.32108,1.31682,1.31698,25997
37961268,69,H4,M,2026-06-19 05:00:00,1.31699,1.32328,1.31633,1.32326,36240
37961269,69,H4,M,2026-06-19 09:00:00,1.32328,1.3241,1.32232,1.32352,39643
37961270,69,H4,M,2026-06-19 13:00:00,1.32353,1.32367,1.32137,1.32287,31918
37961271,69,H4,M,2026-06-19 17:00:00,1.32286,1.32408,1.32228,1.32345,31106
37961272,69,H4,M,2026-06-21 21:00:00,1.31951,1.32225,1.31926,1.32222,14748
37961273,69,H4,M,2026-06-22 01:00:00,1.32222,1.32338,1.32039,1.32075,28345
37961274,69,H4,M,2026-06-22 05:00:00,1.32074,1.32208,1.31836,1.32058,39947
37961275,69,H4,M,2026-06-22 09:00:00,1.32058,1.32732,1.32054,1.32614,47102
37961276,69,H4,M,2026-06-22 13:00:00,1.32614,1.32677,1.3238,1.32446,66117
37961277,69,H4,M,2026-06-22 17:00:00,1.32446,1.3252,1.32404,1.32504,23837
37961278,69,H4,M,2026-06-22 21:00:00,1.32508,1.32572,1.32395,1.3245,14137
37961279,69,H4,M,2026-06-23 01:00:00,1.3245,1.32498,1.32344,1.3237,32389
37961280,69,H4,M,2026-06-23 05:00:00,1.32369,1.32498,1.32127,1.32204,46089
37961281,69,H4,M,2026-06-23 09:00:00,1.32204,1.32316,1.32069,1.32118,36396
37961282,69,H4,M,2026-06-23 13:00:00,1.32119,1.3222,1.31851,1.31868,44913
37961283,69,H4,M,2026-06-23 17:00:00,1.31866,1.32032,1.31822,1.32031,16563
37961284,69,H4,M,2026-06-23 21:00:00,1.32002,1.3206,1.3194,1.31991,14594
37961285,69,H4,M,2026-06-24 01:00:00,1.31992,1.32047,1.31872,1.31932,31818
37961286,69,H4,M,2026-06-24 05:00:00,1.31931,1.32093,1.31713,1.3193,42439
37961287,69,H4,M,2026-06-24 09:00:00,1.31928,1.31958,1.31417,1.31505,39036
37961288,69,H4,M,2026-06-24 13:00:00,1.31504,1.31792,1.31402,1.31706,50884
37961289,69,H4,M,2026-06-24 17:00:00,1.31707,1.31722,1.31538,1.31681,30574
37961290,69,H4,M,2026-06-24 21:00:00,1.31634,1.31728,1.31583,1.3163,20211
37961291,69,H4,M,2026-06-25 01:00:00,1.31631,1.31856,1.31624,1.31824,31538
37961292,69,H4,M,2026-06-25 05:00:00,1.31824,1.31969,1.31676,1.31907,30703
37961293,69,H4,M,2026-06-25 09:00:00,1.31909,1.31975,1.31512,1.31764,34581
37961294,69,H4,M,2026-06-25 13:00:00,1.31763,1.32192,1.31737,1.32058,64431
37961295,69,H4,M,2026-06-25 17:00:00,1.32058,1.32067,1.31902,1.3191,25529
37961296,69,H4,M,2026-06-25 21:00:00,1.32001,1.32028,1.31848,1.31931,25832
37961297,69,H4,M,2026-06-26 01:00:00,1.31932,1.3202,1.31804,1.32014,38232
37961298,69,H4,M,2026-06-26 05:00:00,1.32015,1.32224,1.3191,1.32164,39407
37961299,69,H4,M,2026-06-26 09:00:00,1.32165,1.32288,1.31998,1.32107,42324
37961300,69,H4,M,2026-06-26 13:00:00,1.32108,1.32321,1.31974,1.32059,49061
37961301,69,H4,M,2026-06-26 17:00:00,1.32062,1.321,1.31922,1.31974,23240
37961302,69,H4,M,2026-06-28 21:00:00,1.32062,1.32064,1.3191,1.31991,15348
37961303,69,H4,M,2026-06-29 01:00:00,1.3199,1.32102,1.3196,1.31992,27125
37961304,69,H4,M,2026-06-29 05:00:00,1.31991,1.32282,1.31988,1.32072,27479
37961305,69,H4,M,2026-06-29 09:00:00,1.32071,1.32404,1.32066,1.32336,31268
37961306,69,H4,M,2026-06-29 13:00:00,1.32336,1.32589,1.32279,1.32546,43445
37961307,69,H4,M,2026-06-29 17:00:00,1.32546,1.32626,1.32508,1.32594,16942
37961308,69,H4,M,2026-06-29 21:00:00,1.32503,1.3262,1.32394,1.32454,16066
37961309,69,H4,M,2026-06-30 01:00:00,1.32454,1.32481,1.32286,1.32288,31272
37961310,69,H4,M,2026-06-30 05:00:00,1.32288,1.32472,1.32216,1.32304,39519
37961311,69,H4,M,2026-06-30 09:00:00,1.32304,1.324,1.32122,1.32156,34657
37961312,69,H4,M,2026-06-30 13:00:00,1.32156,1.32768,1.32136,1.3251,46806
37961313,69,H4,M,2026-06-30 17:00:00,1.32511,1.32662,1.32502,1.3261,20082
37961314,69,H4,M,2026-06-30 21:00:00,1.32575,1.3265,1.32442,1.32456,11841
37961315,69,H4,M,2026-07-01 01:00:00,1.32457,1.3246,1.3232,1.32417,27398
37961316,69,H4,M,2026-07-01 05:00:00,1.32416,1.32529,1.32289,1.32468,33938
37961317,69,H4,M,2026-07-01 09:00:00,1.32468,1.32572,1.32338,1.3237,38664
37961318,69,H4,M,2026-07-01 13:00:00,1.3237,1.32923,1.3219,1.32814,69481
37961319,69,H4,M,2026-07-01 17:00:00,1.32816,1.32857,1.32687,1.32758,23419
37961320,69,H4,M,2026-07-01 21:00:00,1.32769,1.32836,1.32682,1.3278,14899
37961321,69,H4,M,2026-07-02 01:00:00,1.32782,1.32951,1.3277,1.32893,24169
37961322,69,H4,M,2026-07-02 05:00:00,1.32896,1.33632,1.32865,1.33574,52465
37961323,69,H4,M,2026-07-02 09:00:00,1.33571,1.33832,1.32971,1.33648,62731
37961324,69,H4,M,2026-07-02 13:00:00,1.33648,1.33849,1.33492,1.33531,82756
37961325,69,H4,M,2026-07-02 17:00:00,1.3353,1.3354,1.33381,1.3347,32798
37961326,69,H4,M,2026-07-02 21:00:00,1.33457,1.3352,1.33345,1.33478,17137
37961327,69,H4,M,2026-07-03 01:00:00,1.33478,1.33666,1.33466,1.33653,29423
37961328,69,H4,M,2026-07-03 05:00:00,1.33652,1.33813,1.33572,1.33604,31991
37961329,69,H4,M,2026-07-03 09:00:00,1.33602,1.3364,1.33491,1.33559,19663
37961330,69,H4,M,2026-07-03 13:00:00,1.3356,1.33588,1.33458,1.3355,18131
37961331,69,H4,M,2026-07-03 17:00:00,1.3355,1.33583,1.33464,1.33536,24538
37961332,69,H4,M,2026-07-05 21:00:00,1.33501,1.33568,1.33462,1.33532,18130
37961333,69,H4,M,2026-07-06 01:00:00,1.33532,1.33544,1.33392,1.33431,24442
37961334,69,H4,M,2026-07-06 05:00:00,1.3343,1.33504,1.33287,1.33376,32349
37961335,69,H4,M,2026-07-06 09:00:00,1.33376,1.33518,1.33314,1.33424,31502
37961336,69,H4,M,2026-07-06 13:00:00,1.33424,1.33768,1.33411,1.33757,34754
37961337,69,H4,M,2026-07-06 17:00:00,1.33756,1.33974,1.3375,1.33897,14994
37961338,69,H4,M,2026-07-06 21:00:00,1.33888,1.34016,1.33854,1.33883,15215
37961339,69,H4,M,2026-07-07 01:00:00,1.33882,1.34018,1.3388,1.3389,21146
37961340,69,H4,M,2026-07-07 05:00:00,1.3389,1.33939,1.33752,1.33916,29599
37961341,69,H4,M,2026-07-07 09:00:00,1.33916,1.33943,1.33695,1.33855,27232
37961342,69,H4,M,2026-07-07 13:00:00,1.33856,1.33868,1.33608,1.33712,38156
37961343,69,H4,M,2026-07-07 17:00:00,1.33714,1.33762,1.33489,1.3359,23113
37961344,69,H4,M,2026-07-07 21:00:00,1.33534,1.33597,1.33431,1.33528,19002
37961345,69,H4,M,2026-07-08 01:00:00,1.33528,1.33592,1.33423,1.33536,34865
37961346,69,H4,M,2026-07-08 05:00:00,1.33535,1.33704,1.33376,1.33398,47184
37961347,69,H4,M,2026-07-08 09:00:00,1.33398,1.3357,1.33222,1.33411,53852
37961348,69,H4,M,2026-07-08 13:00:00,1.33408,1.3386,1.33406,1.33848,57826
37961349,69,H4,M,2026-07-08 17:00:00,1.33848,1.34104,1.33848,1.33888,31603
37961350,69,H4,M,2026-07-08 21:00:00,1.33955,1.34042,1.33858,1.33977,13894
37961351,69,H4,M,2026-07-09 01:00:00,1.33978,1.34009,1.33866,1.3399,23457
37961352,69,H4,M,2026-07-09 05:00:00,1.3399,1.3431,1.33987,1.34126,32599
37961353,69,H4,M,2026-07-09 09:00:00,1.34127,1.34159,1.33808,1.33845,29567
37961354,69,H4,M,2026-07-09 13:00:00,1.33846,1.3412,1.33846,1.34098,34252
37961355,69,H4,M,2026-07-09 17:00:00,1.34097,1.34194,1.3405,1.34088,16142
37961356,69,H4,M,2026-07-09 21:00:00,1.34059,1.34251,1.34007,1.34226,19395
37961357,69,H4,M,2026-07-10 01:00:00,1.34225,1.34519,1.34197,1.34304,31730
37961358,69,H4,M,2026-07-10 05:00:00,1.34306,1.34362,1.34087,1.341,34595
37961359,69,H4,M,2026-07-10 09:00:00,1.341,1.34376,1.34092,1.34212,33377
37961360,69,H4,M,2026-07-10 13:00:00,1.34214,1.34233,1.33922,1.34112,43338
37961361,69,H4,M,2026-07-10 17:00:00,1.3411,1.3413,1.33929,1.3402,21456
37961362,69,H4,M,2026-07-12 21:00:00,1.3389,1.3389,1.33694,1.3376,27733
37961363,69,H4,M,2026-07-13 01:00:00,1.33761,1.33848,1.33668,1.33839,49904
37961364,69,H4,M,2026-07-13 05:00:00,1.33838,1.34119,1.33744,1.33944,56035
37961365,69,H4,M,2026-07-13 09:00:00,1.33944,1.34024,1.33818,1.33992,42969
37961366,69,H4,M,2026-07-13 13:00:00,1.33994,1.34026,1.33575,1.33632,64594
37961367,69,H4,M,2026-07-13 17:00:00,1.33636,1.33666,1.33426,1.33465,32184
37961368,69,H4,M,2026-07-13 21:00:00,1.33556,1.33588,1.33424,1.33516,27361
37961369,69,H4,M,2026-07-14 01:00:00,1.33514,1.33644,1.33508,1.33594,41350
37961370,69,H4,M,2026-07-14 05:00:00,1.33593,1.33765,1.33514,1.33748,45318
37961371,69,H4,M,2026-07-14 09:00:00,1.33752,1.34438,1.33662,1.34094,60305
37961372,69,H4,M,2026-07-14 13:00:00,1.34094,1.34232,1.33757,1.3389,72956
37961373,69,H4,M,2026-07-14 17:00:00,1.3389,1.33922,1.33682,1.33914,30107
37961374,69,H4,M,2026-07-14 21:00:00,1.33864,1.34044,1.33802,1.34033,15197
37961375,69,H4,M,2026-07-15 01:00:00,1.34032,1.34095,1.33986,1.34026,25718
37961376,69,H4,M,2026-07-15 05:00:00,1.34027,1.34201,1.33912,1.33966,33779
37961377,69,H4,M,2026-07-15 09:00:00,1.33967,1.34302,1.33806,1.34282,37776
37961378,69,H4,M,2026-07-15 13:00:00,1.34285,1.35284,1.34219,1.35258,55430
37961379,69,H4,M,2026-07-15 17:00:00,1.35261,1.35582,1.35258,1.35392,34626
37961380,69,H4,M,2026-07-15 21:00:00,1.35366,1.35446,1.35274,1.35338,22147
37961381,69,H4,M,2026-07-16 01:00:00,1.35341,1.3538,1.35198,1.35326,30895
37961382,69,H4,M,2026-07-16 05:00:00,1.35326,1.35425,1.3519,1.35208,36947
37961383,69,H4,M,2026-07-16 09:00:00,1.35208,1.35212,1.34938,1.34976,38240
37961384,69,H4,M,2026-07-16 13:00:00,1.34978,1.35174,1.34654,1.3466,48752
37961385,69,H4,M,2026-07-16 17:00:00,1.3466,1.34803,1.34597,1.34793,26184
37961386,69,H4,M,2026-07-16 21:00:00,1.34784,1.34814,1.34696,1.34772,13772
37961387,69,H4,M,2026-07-17 01:00:00,1.34772,1.34799,1.34572,1.3459,35314
37961388,69,H4,M,2026-07-17 05:00:00,1.34592,1.34809,1.34421,1.34432,39790
37961389,69,H4,M,2026-07-17 09:00:00,1.34432,1.34468,1.34262,1.34316,38464
37961390,69,H4,M,2026-07-17 13:00:00,1.34316,1.3456,1.34283,1.3456,52446
37961391,69,H4,M,2026-07-17 17:00:00,1.34563,1.34602,1.3451,1.34522,24805
37961392,69,H4,M,2026-07-19 21:00:00,1.34489,1.3452,1.34389,1.34509,17099
37961393,69,H4,M,2026-07-20 01:00:00,1.34512,1.3468,1.34486,1.34664,28385
37961394,69,H4,M,2026-07-20 05:00:00,1.34664,1.34814,1.34576,1.34696,32563
37961395,69,H4,M,2026-07-20 09:00:00,1.34697,1.34788,1.34484,1.34549,37229
37961396,69,H4,M,2026-07-20 13:00:00,1.3455,1.34588,1.34126,1.34204,38115
37961397,69,H4,M,2026-07-20 17:00:00,1.34206,1.34397,1.3419,1.34307,20693
37961398,69,H4,M,2026-07-20 21:00:00,1.34345,1.34352,1.34224,1.34314,13818
37961399,69,H4,M,2026-07-21 01:00:00,1.34316,1.34408,1.34294,1.34402,29482
37961400,69,H4,M,2026-07-21 05:00:00,1.34404,1.34557,1.34272,1.34292,31465
37961401,69,H4,M,2026-07-21 09:00:00,1.34292,1.3434,1.33822,1.33889,28227
37961402,69,H4,M,2026-07-21 13:00:00,1.33888,1.33992,1.33594,1.33826,40693
37961403,69,H4,M,2026-07-21 17:00:00,1.33826,1.33875,1.33739,1.33751,18235
37961404,69,H4,M,2026-07-21 21:00:00,1.33748,1.33872,1.3372,1.33852,20228
37961405,69,H4,M,2026-07-22 01:00:00,1.33852,1.339,1.33796,1.33839,27117
37961406,69,H4,M,2026-07-22 05:00:00,1.3384,1.33954,1.33694,1.33738,37937
37961407,69,H4,M,2026-07-22 09:00:00,1.33735,1.3375,1.33546,1.33592,33958
37961408,69,H4,M,2026-07-22 13:00:00,1.33592,1.33908,1.33591,1.33731,37482
37961409,69,H4,M,2026-07-22 17:00:00,1.3373,1.33772,1.33687,1.33756,14893
37961410,69,H4,M,2026-07-22 21:00:00,1.33781,1.33818,1.33674,1.33812,14126
37961411,69,H4,M,2026-07-23 01:00:00,1.33814,1.33934,1.33799,1.3387,32878
37961412,69,H4,M,2026-07-23 05:00:00,1.3387,1.33911,1.3361,1.33686,34412
37961413,69,H4,M,2026-07-23 09:00:00,1.33686,1.33776,1.3335,1.33424,43095
37961414,69,H4,M,2026-07-23 13:00:00,1.33426,1.33448,1.3299,1.33238,60504
37961415,69,H4,M,2026-07-23 17:00:00,1.33238,1.33248,1.33115,1.33144,20922
37961416,69,H4,M,2026-07-23 21:00:00,1.33172,1.33246,1.33079,1.33246,16293
37961417,69,H4,M,2026-07-24 01:00:00,1.33248,1.33268,1.33065,1.33105,25241
37961418,69,H4,M,2026-07-24 05:00:00,1.33107,1.33444,1.33084,1.33213,29049
37961419,69,H4,M,2026-07-24 09:00:00,1.33212,1.33288,1.33059,1.33101,31729
37961420,69,H4,M,2026-07-24 13:00:00,1.33099,1.33491,1.3306,1.33326,40220
37961421,69,H4,M,2026-07-24 17:00:00,1.33326,1.33328,1.33168,1.33239,16663
37961422,69,H4,M,2026-07-26 21:00:00,1.33478,1.33632,1.3333,1.33511,20730
37961423,69,H4,M,2026-07-27 01:00:00,1.3351,1.33637,1.335,1.3351,32561
37961424,69,H4,M,2026-07-27 05:00:00,1.3351,1.33612,1.33308,1.33378,34545
37961425,69,H4,M,2026-07-27 09:00:00,1.33378,1.33411,1.33044,1.33138,33508
37961426,69,H4,M,2026-07-27 13:00:00,1.33138,1.33212,1.32993,1.33032,45534
37961427,69,H4,M,2026-07-27 17:00:00,1.33034,1.33034,1.32845,1.32882,19762
37961428,69,H4,M,2026-07-27 21:00:00,1.32881,1.33012,1.32836,1.3293,16384
37961429,69,H4,M,2026-07-28 01:00:00,1.32932,1.33044,1.32898,1.32941,25871
37961430,69,H4,M,2026-07-28 05:00:00,1.3294,1.33053,1.32857,1.33028,29490
37961431,69,H4,M,2026-07-28 09:00:00,1.33028,1.33032,1.32735,1.32978,30170
37961432,69,H4,M,2026-07-28 13:00:00,1.32978,1.33112,1.32857,1.33013,42920
37961433,69,H4,M,2026-07-28 17:00:00,1.33014,1.33059,1.32867,1.32894,18531
37961434,69,H4,M,2026-07-28 21:00:00,1.32895,1.32958,1.32808,1.32925,18175
37961435,69,H4,M,2026-07-29 01:00:00,1.32926,1.33015,1.32818,1.32978,33866
37961436,69,H4,M,2026-07-29 05:00:00,1.32978,1.33092,1.32948,1.3306,27125
37961437,69,H4,M,2026-07-29 09:00:00,1.33059,1.3306,1.32789,1.3284,29562
37961438,69,H4,M,2026-07-29 13:00:00,1.3284,1.33044,1.32799,1.32889,35796
37961439,69,H4,M,2026-07-29 17:00:00,1.3289,1.33874,1.32878,1.3367,80099
37961440,69,H4,M,2026-07-29 21:00:00,1.33692,1.33757,1.3353,1.33553,35786
37961441,69,H4,M,2026-07-30 01:00:00,1.33554,1.33593,1.33418,1.33444,31175
37961442,69,H4,M,2026-07-30 05:00:00,1.33444,1.33622,1.3333,1.33559,41037
37961443,69,H4,M,2026-07-30 09:00:00,1.33558,1.3407,1.33557,1.33714,58634
37961444,69,H4,M,2026-07-30 13:00:00,1.33714,1.34706,1.33671,1.34648,101767
37961445,69,H4,M,2026-07-30 17:00:00,1.34648,1.34768,1.34546,1.34644,30192
37961446,69,H4,M,2026-07-30 21:00:00,1.34674,1.34711,1.3453,1.34585,20167
37961447,69,H4,M,2026-07-31 01:00:00,1.34584,1.3463,1.34422,1.34458,41327
37961448,69,H4,M,2026-07-31 05:00:00,1.34459,1.34645,1.34353,1.34592,50019
37961449,69,H4,M,2026-07-31 09:00:00,1.34592,1.34682,1.34148,1.34208,44537
37961450,69,H4,M,2026-07-31 13:00:00,1.34207,1.34728,1.34003,1.34648,75471
37961451,78,H4,M,2026-06-03 09:00:00,1.38576,1.38702,1.38472,1.38678,22027
37961452,78,H4,M,2026-06-03 13:00:00,1.38677,1.38986,1.38634,1.38944,34883
37961453,78,H4,M,2026-06-03 17:00:00,1.38944,1.38998,1.38896,1.38976,13609
37961454,78,H4,M,2026-06-03 21:00:00,1.38956,1.38998,1.38894,1.3894,9997
37961455,78,H4,M,2026-06-04 01:00:00,1.38942,1.39046,1.38932,1.39038,13308
37961456,78,H4,M,2026-06-04 05:00:00,1.39038,1.39255,1.39018,1.39167,21418
37961457,78,H4,M,2026-06-04 09:00:00,1.39168,1.3917,1.38882,1.3891,26103
37961458,78,H4,M,2026-06-04 13:00:00,1.3891,1.39052,1.38811,1.38968,32315
37961459,78,H4,M,2026-06-04 17:00:00,1.38968,1.39116,1.38956,1.39107,14652
37961460,78,H4,M,2026-06-04 21:00:00,1.39018,1.39119,1.39008,1.39068,9773
37961461,78,H4,M,2026-06-05 01:00:00,1.39066,1.39126,1.39006,1.39038,9573
37961462,78,H4,M,2026-06-05 05:00:00,1.39038,1.39092,1.3883,1.38888,16676
37961463,78,H4,M,2026-06-05 09:00:00,1.38889,1.38956,1.38666,1.38948,24558
37961464,78,H4,M,2026-06-05 13:00:00,1.38946,1.39444,1.38881,1.39366,40941
37961465,78,H4,M,2026-06-05 17:00:00,1.39364,1.39509,1.39352,1.39402,19851
37961466,78,H4,M,2026-06-07 21:00:00,1.3939,1.39527,1.39373,1.39388,13881
37961467,78,H4,M,2026-06-08 01:00:00,1.39387,1.39524,1.39384,1.39436,17828
37961468,78,H4,M,2026-06-08 05:00:00,1.39435,1.39524,1.39362,1.39512,28514
37961469,78,H4,M,2026-06-08 09:00:00,1.39512,1.39538,1.39264,1.39314,25633
37961470,78,H4,M,2026-06-08 13:00:00,1.39312,1.39542,1.3927,1.39538,35636
37961471,78,H4,M,2026-06-08 17:00:00,1.3954,1.39613,1.3946,1.39538,20564
37961472,78,H4,M,2026-06-08 21:00:00,1.39488,1.39596,1.39444,1.39528,15036
37961473,78,H4,M,2026-06-09 01:00:00,1.39528,1.39562,1.39425,1.39444,14748
37961474,78,H4,M,2026-06-09 05:00:00,1.39443,1.39476,1.39306,1.3938,19186
37961475,78,H4,M,2026-06-09 09:00:00,1.3938,1.39389,1.39192,1.39216,16106
37961476,78,H4,M,2026-06-09 13:00:00,1.39216,1.39694,1.39204,1.39609,42159
37961477,78,H4,M,2026-06-09 17:00:00,1.39608,1.39624,1.39456,1.39496,29415
37961478,78,H4,M,2026-06-09 21:00:00,1.39499,1.39575,1.39461,1.39488,11096
37961479,78,H4,M,2026-06-10 01:00:00,1.39487,1.39546,1.39453,1.39481,16058
37961480,78,H4,M,2026-06-10 05:00:00,1.3948,1.39494,1.39296,1.39324,19197
37961481,78,H4,M,2026-06-10 09:00:00,1.39324,1.39371,1.39234,1.39365,23978
37961482,78,H4,M,2026-06-10 13:00:00,1.39366,1.39386,1.38992,1.39314,47900
37961483,78,H4,M,2026-06-10 17:00:00,1.39314,1.39505,1.39256,1.39439,23257
37961484,78,H4,M,2026-06-10 21:00:00,1.39446,1.39504,1.39402,1.39406,12215
37961485,78,H4,M,2026-06-11 01:00:00,1.39407,1.3941,1.39316,1.39384,15740
37961486,78,H4,M,2026-06-11 05:00:00,1.39382,1.39768,1.39354,1.39766,18131
37961487,78,H4,M,2026-06-11 09:00:00,1.39768,1.399,1.39735,1.39856,24328
37961488,78,H4,M,2026-06-11 13:00:00,1.39855,1.40241,1.39846,1.40062,37460
37961489,78,H4,M,2026-06-11 17:00:00,1.40063,1.40158,1.39534,1.39658,42388
37961490,78,H4,M,2026-06-11 21:00:00,1.39593,1.39782,1.39581,1.39772,12446
37961491,78,H4,M,2026-06-12 01:00:00,1.39772,1.39806,1.3971,1.3974,22272
37961492,78,H4,M,2026-06-12 05:00:00,1.39738,1.3996,1.39724,1.39839,31810
37961493,78,H4,M,2026-06-12 09:00:00,1.3984,1.39941,1.39753,1.39832,28046
37961494,78,H4,M,2026-06-12 13:00:00,1.39832,1.3988,1.39592,1.39726,40890
37961495,78,H4,M,2026-06-12 17:00:00,1.39725,1.39921,1.39701,1.39894,18089
37961496,78,H4,M,2026-06-14 21:00:00,1.39906,1.39921,1.39555,1.39708,14801
37961497,78,H4,M,2026-06-15 01:00:00,1.39709,1.39769,1.3961,1.39612,14947
37961498,78,H4,M,2026-06-15 05:00:00,1.3961,1.39811,1.39506,1.39746,23118
37961499,78,H4,M,2026-06-15 09:00:00,1.39746,1.39841,1.39668,1.39734,21499
37961500,78,H4,M,2026-06-15 13:00:00,1.39734,1.39927,1.39706,1.39816,24690
37961501,78,H4,M,2026-06-15 17:00:00,1.39814,1.39942,1.39805,1.39908,15612
37961502,78,H4,M,2026-06-15 21:00:00,1.39884,1.3996,1.39863,1.39916,8186
37961503,78,H4,M,2026-06-16 01:00:00,1.39917,1.40171,1.39898,1.40116,17275
37961504,78,H4,M,2026-06-16 05:00:00,1.40116,1.40186,1.40019,1.40032,21364
37961505,78,H4,M,2026-06-16 09:00:00,1.40032,1.40158,1.39924,1.40128,16910
37961506,78,H4,M,2026-06-16 13:00:00,1.4013,1.4016,1.39802,1.3986,25966
37961507,78,H4,M,2026-06-16 17:00:00,1.39859,1.40028,1.3984,1.39951,13665
37961508,78,H4,M,2026-06-16 21:00:00,1.39954,1.39987,1.39902,1.3993,10344
37961509,78,H4,M,2026-06-17 01:00:00,1.3993,1.4002,1.39928,1.39974,8716
37961510,78,H4,M,2026-06-17 05:00:00,1.39974,1.40078,1.39958,1.39995,14686
37961511,78,H4,M,2026-06-17 09:00:00,1.39996,1.40172,1.39956,1.4012,15103
37961512,78,H4,M,2026-06-17 13:00:00,1.40121,1.40368,1.40046,1.40312,21182
37961513,78,H4,M,2026-06-17 17:00:00,1.40312,1.4123,1.40278,1.41005,47970
37961514,78,H4,M,2026-06-17 21:00:00,1.4099,1.41054,1.40945,1.40975,11200
37961515,78,H4,M,2026-06-18 01:00:00,1.40976,1.41096,1.40952,1.41016,18243
37961516,78,H4,M,2026-06-18 05:00:00,1.41017,1.41226,1.40984,1.41215,19303
37961517,78,H4,M,2026-06-18 09:00:00,1.41213,1.41342,1.41106,1.41174,26039
37961518,78,H4,M,2026-06-18 13:00:00,1.41174,1.41467,1.41118,1.41372,28188
37961519,78,H4,M,2026-06-18 17:00:00,1.41372,1.41448,1.4129,1.41372,18937
37961520,78,H4,M,2026-06-18 21:00:00,1.4135,1.41426,1.41312,1.41388,8071
37961521,78,H4,M,2026-06-19 01:00:00,1.41388,1.41582,1.41382,1.41576,11808
37961522,78,H4,M,2026-06-19 05:00:00,1.41576,1.41598,1.41348,1.41348,20445
37961523,78,H4,M,2026-06-19 09:00:00,1.41349,1.4157,1.41348,1.41533,16876
37961524,78,H4,M,2026-06-19 13:00:00,1.41532,1.41834,1.4153,1.41768,15078
37961525,78,H4,M,2026-06-19 17:00:00,1.41769,1.41786,1.41518,1.41536,15538
37961526,78,H4,M,2026-06-21 21:00:00,1.41691,1.41786,1.41633,1.41722,7068
37961527,78,H4,M,2026-06-22 01:00:00,1.4172,1.4191,1.41678,1.41886,16121
37961528,78,H4,M,2026-06-22 05:00:00,1.41884,1.41936,1.4172,1.41798,18837
37961529,78,H4,M,2026-06-22 09:00:00,1.41796,1.41798,1.41449,1.41562,17748
37961530,78,H4,M,2026-06-22 13:00:00,1.41561,1.41782,1.41478,1.41645,31017
37961531,78,H4,M,2026-06-22 17:00:00,1.41646,1.41686,1.41541,1.41594,10812
37961532,78,H4,M,2026-06-22 21:00:00,1.41603,1.41652,1.41511,1.41593,8659
37961533,78,H4,M,2026-06-23 01:00:00,1.41592,1.41753,1.4158,1.41743,13450
37961534,78,H4,M,2026-06-23 05:00:00,1.41742,1.4186,1.41677,1.41818,23672
37961535,78,H4,M,2026-06-23 09:00:00,1.41819,1.41918,1.41776,1.41872,18696
37961536,78,H4,M,2026-06-23 13:00:00,1.41875,1.42082,1.41691,1.4208,29499
37961537,78,H4,M,2026-06-23 17:00:00,1.42081,1.42173,1.4206,1.42104,16287
37961538,78,H4,M,2026-06-23 21:00:00,1.42104,1.42151,1.42058,1.4211,8098
37961539,78,H4,M,2026-06-24 01:00:00,1.42109,1.42242,1.42062,1.42151,12762
37961540,78,H4,M,2026-06-24 05:00:00,1.42151,1.4239,1.42118,1.42288,18426
37961541,78,H4,M,2026-06-24 09:00:00,1.42287,1.4245,1.42214,1.424,19513
37961542,78,H4,M,2026-06-24 13:00:00,1.42399,1.42484,1.42155,1.4219,31469
37961543,78,H4,M,2026-06-24 17:00:00,1.42193,1.42414,1.42178,1.42334,16669
37961544,78,H4,M,2026-06-24 21:00:00,1.42309,1.42435,1.42282,1.42368,6471
37961545,78,H4,M,2026-06-25 01:00:00,1.42368,1.42376,1.42277,1.42304,15035
37961546,78,H4,M,2026-06-25 05:00:00,1.42306,1.42433,1.42227,1.42284,16591
37961547,78,H4,M,2026-06-25 09:00:00,1.42286,1.42486,1.42214,1.42364,16077
37961548,78,H4,M,2026-06-25 13:00:00,1.42364,1.42387,1.41776,1.41904,33816
37961549,78,H4,M,2026-06-25 17:00:00,1.41904,1.42028,1.41882,1.42012,15472
37961550,78,H4,M,2026-06-25 21:00:00,1.42024,1.42029,1.41896,1.41978,9950
37961551,78,H4,M,2026-06-26 01:00:00,1.4198,1.42098,1.41906,1.41916,17969
37961552,78,H4,M,2026-06-26 05:00:00,1.41918,1.42012,1.41814,1.41864,21267
37961553,78,H4,M,2026-06-26 09:00:00,1.41864,1.41908,1.41743,1.41778,20594
37961554,78,H4,M,2026-06-26 13:00:00,1.41778,1.42006,1.41694,1.41925,31681
37961555,78,H4,M,2026-06-26 17:00:00,1.41923,1.41962,1.4178,1.41958,15460
37961556,78,H4,M,2026-06-28 21:00:00,1.41944,1.41984,1.41864,1.41922,7919
37961557,78,H4,M,2026-06-29 01:00:00,1.41924,1.41973,1.4182,1.41926,11784
37961558,78,H4,M,2026-06-29 05:00:00,1.41923,1.41994,1.41754,1.41972,14576
37961559,78,H4,M,2026-06-29 09:00:00,1.4197,1.42101,1.41886,1.42047,15845
37961560,78,H4,M,2026-06-29 13:00:00,1.42046,1.4218,1.4196,1.42024,25488
37961561,78,H4,M,2026-06-29 17:00:00,1.42024,1.42141,1.41962,1.4212,11519
37961562,78,H4,M,2026-06-29 21:00:00,1.42087,1.42233,1.42004,1.42168,8622
37961563,78,H4,M,2026-06-30 01:00:00,1.42168,1.4237,1.42142,1.4237,11857
37961564,78,H4,M,2026-06-30 05:00:00,1.42372,1.42397,1.42238,1.42332,19172
37961565,78,H4,M,2026-06-30 09:00:00,1.42332,1.42478,1.4224,1.4228,18171
37961566,78,H4,M,2026-06-30 13:00:00,1.4228,1.42282,1.41836,1.4208,29944
37961567,78,H4,M,2026-06-30 17:00:00,1.4208,1.42126,1.41784,1.41963,13908
37961568,78,H4,M,2026-06-30 21:00:00,1.4197,1.42148,1.41938,1.42134,4952
37961569,78,H4,M,2026-07-01 01:00:00,1.42136,1.4222,1.42118,1.42145,12701
37961570,78,H4,M,2026-07-01 05:00:00,1.42146,1.42254,1.42094,1.42221,13824
37961571,78,H4,M,2026-07-01 09:00:00,1.42224,1.42346,1.42134,1.4232,14439
37961572,78,H4,M,2026-07-01 13:00:00,1.42318,1.42353,1.41918,1.42092,31843
37961573,78,H4,M,2026-07-01 17:00:00,1.42092,1.42186,1.42064,1.42159,11101
37961574,78,H4,M,2026-07-01 21:00:00,1.42125,1.42246,1.42102,1.42187,5344
37961575,78,H4,M,2026-07-02 01:00:00,1.42188,1.42208,1.42082,1.42144,9945
37961576,78,H4,M,2026-07-02 05:00:00,1.42144,1.42186,1.41862,1.41904,23975
37961577,78,H4,M,2026-07-02 09:00:00,1.41904,1.42192,1.41502,1.41755,28485
37961578,78,H4,M,2026-07-02 13:00:00,1.41752,1.41902,1.41616,1.41796,43323
37961579,78,H4,M,2026-07-02 17:00:00,1.41796,1.41871,1.41752,1.41816,14974
37961580,78,H4,M,2026-07-02 21:00:00,1.41834,1.41978,1.41794,1.41857,7186
37961581,78,H4,M,2026-07-03 01:00:00,1.41857,1.41886,1.41644,1.41657,13896
37961582,78,H4,M,2026-07-03 05:00:00,1.41658,1.41818,1.41594,1.41804,15967
37961583,78,H4,M,2026-07-03 09:00:00,1.41806,1.42046,1.41792,1.42024,12104
37961584,78,H4,M,2026-07-03 13:00:00,1.42025,1.42068,1.4192,1.42023,10027
37961585,78,H4,M,2026-07-03 17:00:00,1.42024,1.42104,1.41966,1.42004,28665
37961586,78,H4,M,2026-07-05 21:00:00,1.41958,1.42118,1.41953,1.42057,7767
37961587,78,H4,M,2026-07-06 01:00:00,1.42056,1.42137,1.42036,1.42078,12695
37961588,78,H4,M,2026-07-06 05:00:00,1.42079,1.42286,1.42056,1.42282,16981
37961589,78,H4,M,2026-07-06 09:00:00,1.42282,1.42389,1.42128,1.42353,14549
37961590,78,H4,M,2026-07-06 13:00:00,1.42351,1.4237,1.42108,1.42165,18618
37961591,78,H4,M,2026-07-06 17:00:00,1.42165,1.42182,1.42038,1.42058,11508
37961592,78,H4,M,2026-07-06 21:00:00,1.4204,1.42138,1.42007,1.42136,6096
37961593,78,H4,M,2026-07-07 01:00:00,1.42136,1.42188,1.42086,1.4218,9834
37961594,78,H4,M,2026-07-07 05:00:00,1.42182,1.42222,1.42093,1.42136,15864
37961595,78,H4,M,2026-07-07 09:00:00,1.42136,1.42229,1.42032,1.42196,12801
37961596,78,H4,M,2026-07-07 13:00:00,1.42196,1.42264,1.4188,1.41924,19592
37961597,78,H4,M,2026-07-07 17:00:00,1.41924,1.42066,1.41838,1.42004,13601
37961598,78,H4,M,2026-07-07 21:00:00,1.41974,1.42072,1.41944,1.42018,10395
37961599,78,H4,M,2026-07-08 01:00:00,1.4202,1.42086,1.41918,1.4193,13719
37961600,78,H4,M,2026-07-08 05:00:00,1.4193,1.41932,1.41588,1.4164,26164
37961601,78,H4,M,2026-07-08 09:00:00,1.41641,1.41906,1.4155,1.41872,24152
37961602,78,H4,M,2026-07-08 13:00:00,1.41871,1.41963,1.41644,1.4174,26741
37961603,78,H4,M,2026-07-08 17:00:00,1.41738,1.41768,1.41614,1.41738,13305
37961604,78,H4,M,2026-07-08 21:00:00,1.41671,1.41762,1.41606,1.41638,6284
37961605,78,H4,M,2026-07-09 01:00:00,1.41638,1.41688,1.41619,1.41641,11145
37961606,78,H4,M,2026-07-09 05:00:00,1.4164,1.41886,1.41528,1.41885,16744
37961607,78,H4,M,2026-07-09 09:00:00,1.41886,1.41899,1.41647,1.41768,16215
37961608,78,H4,M,2026-07-09 13:00:00,1.41768,1.4182,1.41588,1.41647,19285
37961609,78,H4,M,2026-07-09 17:00:00,1.41646,1.41733,1.41604,1.4168,9264
37961610,78,H4,M,2026-07-09 21:00:00,1.4167,1.41744,1.41604,1.41616,7857
37961611,78,H4,M,2026-07-10 01:00:00,1.41616,1.41632,1.4136,1.4156,15230
37961612,78,H4,M,2026-07-10 05:00:00,1.41559,1.41694,1.41536,1.41688,16533
37961613,78,H4,M,2026-07-10 09:00:00,1.41689,1.41717,1.4141,1.41447,17212
37961614,78,H4,M,2026-07-10 13:00:00,1.41448,1.41698,1.41176,1.41242,24516
37961615,78,H4,M,2026-07-10 17:00:00,1.41245,1.41601,1.41228,1.41574,10402
37961616,78,H4,M,2026-07-12 21:00:00,1.41578,1.41717,1.41572,1.41694,9065
37961617,78,H4,M,2026-07-13 01:00:00,1.41696,1.41749,1.41534,1.4154,16811
37961618,78,H4,M,2026-07-13 05:00:00,1.4154,1.41652,1.41326,1.41356,21115
37961619,78,H4,M,2026-07-13 09:00:00,1.41356,1.41436,1.41252,1.41347,21227
37961620,78,H4,M,2026-07-13 13:00:00,1.41347,1.41553,1.41314,1.4149,25805
37961621,78,H4,M,2026-07-13 17:00:00,1.41488,1.41602,1.41456,1.41568,13491
37961622,78,H4,M,2026-07-13 21:00:00,1.4154,1.4157,1.41449,1.4148,10904
37961623,78,H4,M,2026-07-14 01:00:00,1.4148,1.4149,1.41288,1.4132,17002
37961624,78,H4,M,2026-07-14 05:00:00,1.41319,1.41356,1.40904,1.40926,18152
37961625,78,H4,M,2026-07-14 09:00:00,1.40925,1.41162,1.40544,1.40737,31345
37961626,78,H4,M,2026-07-14 13:00:00,1.40735,1.40749,1.40477,1.40602,37162
37961627,78,H4,M,2026-07-14 17:00:00,1.406,1.40749,1.40583,1.40604,15502
37961628,78,H4,M,2026-07-14 21:00:00,1.40651,1.40686,1.4047,1.40472,7510
37961629,78,H4,M,2026-07-15 01:00:00,1.40474,1.40503,1.40396,1.40494,10635
37961630,78,H4,M,2026-07-15 05:00:00,1.40492,1.40592,1.40436,1.40552,17740
37961631,78,H4,M,2026-07-15 09:00:00,1.40552,1.40772,1.40525,1.40536,16431
37961632,78,H4,M,2026-07-15 13:00:00,1.40536,1.4068,1.40456,1.4049,25027
37961633,78,H4,M,2026-07-15 17:00:00,1.4049,1.40492,1.40247,1.40412,14884
37961634,78,H4,M,2026-07-15 21:00:00,1.40378,1.40442,1.40337,1.4039,9779
37961635,78,H4,M,2026-07-16 01:00:00,1.4039,1.4054,1.40376,1.40472,11748
37961636,78,H4,M,2026-07-16 05:00:00,1.4047,1.40518,1.40404,1.4042,15502
37961637,78,H4,M,2026-07-16 09:00:00,1.4042,1.40482,1.40206,1.40286,16329
37961638,78,H4,M,2026-07-16 13:00:00,1.40286,1.40516,1.40103,1.40506,22194
37961639,78,H4,M,2026-07-16 17:00:00,1.40505,1.40584,1.40415,1.40426,11475
37961640,78,H4,M,2026-07-16 21:00:00,1.40459,1.40474,1.40338,1.40346,8205
37961641,78,H4,M,2026-07-17 01:00:00,1.40348,1.40414,1.40296,1.40373,15459
37961642,78,H4,M,2026-07-17 05:00:00,1.40376,1.40402,1.4026,1.40314,16278
37961643,78,H4,M,2026-07-17 09:00:00,1.40314,1.40403,1.40202,1.40256,18192
37961644,78,H4,M,2026-07-17 13:00:00,1.40256,1.40268,1.40055,1.40098,22232
37961645,78,H4,M,2026-07-17 17:00:00,1.40098,1.40237,1.40086,1.40223,10605
37961646,78,H4,M,2026-07-19 21:00:00,1.40144,1.40236,1.40124,1.40126,9698
37961647,78,H4,M,2026-07-20 01:00:00,1.40128,1.40134,1.40044,1.40056,9906
37961648,78,H4,M,2026-07-20 05:00:00,1.40055,1.40263,1.40032,1.40228,11886
37961649,78,H4,M,2026-07-20 09:00:00,1.40227,1.40524,1.40188,1.40455,15615
37961650,78,H4,M,2026-07-20 13:00:00,1.40454,1.40663,1.40396,1.40574,18438
37961651,78,H4,M,2026-07-20 17:00:00,1.40572,1.40723,1.40535,1.40706,10379
37961652,78,H4,M,2026-07-20 21:00:00,1.40766,1.40867,1.40698,1.40746,8185
37961653,78,H4,M,2026-07-21 01:00:00,1.40746,1.40812,1.40716,1.40716,11969
37961654,78,H4,M,2026-07-21 05:00:00,1.40716,1.4078,1.40583,1.40664,17459
37961655,78,H4,M,2026-07-21 09:00:00,1.40664,1.40818,1.40544,1.40755,15216
37961656,78,H4,M,2026-07-21 13:00:00,1.40755,1.4105,1.40748,1.40982,22518
37961657,78,H4,M,2026-07-21 17:00:00,1.40982,1.41112,1.40955,1.41095,10649
37961658,78,H4,M,2026-07-21 21:00:00,1.411,1.41114,1.41013,1.41052,7201
37961659,78,H4,M,2026-07-22 01:00:00,1.4105,1.41084,1.40992,1.41053,10525
37961660,78,H4,M,2026-07-22 05:00:00,1.41052,1.41066,1.40825,1.40942,16171
37961661,78,H4,M,2026-07-22 09:00:00,1.40942,1.41054,1.40812,1.40916,18318
37961662,78,H4,M,2026-07-22 13:00:00,1.40917,1.40948,1.40766,1.40935,18214
37961663,78,H4,M,2026-07-22 17:00:00,1.40934,1.4095,1.40808,1.40874,7305
37961664,78,H4,M,2026-07-22 21:00:00,1.40865,1.409,1.40798,1.40798,13284
37961665,78,H4,M,2026-07-23 01:00:00,1.40796,1.40796,1.4061,1.4065,17505
37961666,78,H4,M,2026-07-23 05:00:00,1.40648,1.40778,1.4057,1.40761,17029
37961667,78,H4,M,2026-07-23 09:00:00,1.40762,1.40915,1.40712,1.40832,18192
37961668,78,H4,M,2026-07-23 13:00:00,1.40832,1.40999,1.407,1.40771,30842
37961669,78,H4,M,2026-07-23 17:00:00,1.40774,1.40896,1.40754,1.40848,11405
37961670,78,H4,M,2026-07-23 21:00:00,1.40853,1.40868,1.40708,1.40708,10170
37961671,78,H4,M,2026-07-24 01:00:00,1.40706,1.4084,1.40682,1.4082,18639
37961672,78,H4,M,2026-07-24 05:00:00,1.4082,1.40848,1.40664,1.40792,20182
37961673,78,H4,M,2026-07-24 09:00:00,1.40789,1.41067,1.40728,1.41067,15584
37961674,78,H4,M,2026-07-24 13:00:00,1.4107,1.41152,1.40745,1.40853,22564
37961675,78,H4,M,2026-07-24 17:00:00,1.40855,1.4104,1.40855,1.40942,10595
37961676,78,H4,M,2026-07-26 21:00:00,1.40884,1.40918,1.40734,1.40815,9582
37961677,78,H4,M,2026-07-27 01:00:00,1.40813,1.4087,1.40707,1.40837,13586
37961678,78,H4,M,2026-07-27 05:00:00,1.40838,1.41027,1.4081,1.40989,15458
37961679,78,H4,M,2026-07-27 09:00:00,1.4099,1.41094,1.40978,1.41088,14389
37961680,78,H4,M,2026-07-27 13:00:00,1.41088,1.41185,1.40995,1.41123,23224
37961681,78,H4,M,2026-07-27 17:00:00,1.41126,1.41266,1.41124,1.41241,10314
37961682,78,H4,M,2026-07-27 21:00:00,1.41241,1.41292,1.41171,1.41175,6172
37961683,78,H4,M,2026-07-28 01:00:00,1.41174,1.41228,1.41112,1.4119,11393
37961684,78,H4,M,2026-07-28 05:00:00,1.4119,1.41269,1.41102,1.41114,15899
37961685,78,H4,M,2026-07-28 09:00:00,1.41112,1.4118,1.41044,1.41135,13082
37961686,78,H4,M,2026-07-28 13:00:00,1.41136,1.41136,1.40862,1.40884,20227
37961687,78,H4,M,2026-07-28 17:00:00,1.40884,1.41116,1.40881,1.41082,9799
37961688,78,H4,M,2026-07-28 21:00:00,1.41044,1.411,1.41012,1.41013,7995
37961689,78,H4,M,2026-07-29 01:00:00,1.41014,1.4106,1.40883,1.40908,14711
37961690,78,H4,M,2026-07-29 05:00:00,1.40906,1.41008,1.40847,1.40984,17128
37961691,78,H4,M,2026-07-29 09:00:00,1.40983,1.41066,1.4091,1.4093,15250
37961692,78,H4,M,2026-07-29 13:00:00,1.40928,1.4101,1.40775,1.40952,25902
37961693,78,H4,M,2026-07-29 17:00:00,1.40954,1.40981,1.40234,1.40476,39042
37961694,78,H4,M,2026-07-29 21:00:00,1.40462,1.40478,1.40312,1.4044,12045
37961695,78,H4,M,2026-07-30 01:00:00,1.40438,1.40563,1.404,1.40554,14428
37961696,78,H4,M,2026-07-30 05:00:00,1.40554,1.40682,1.4049,1.4058,18262
37961697,78,H4,M,2026-07-30 09:00:00,1.40582,1.40586,1.40368,1.40556,22154
37961698,78,H4,M,2026-07-30 13:00:00,1.40556,1.4059,1.39952,1.39952,47095
37961699,78,H4,M,2026-07-30 17:00:00,1.39951,1.40112,1.3991,1.40108,17543
37961700,78,H4,M,2026-07-30 21:00:00,1.40103,1.40154,1.4003,1.40148,9531
37961701,78,H4,M,2026-07-31 01:00:00,1.40145,1.40238,1.40097,1.40196,15732
37961702,78,H4,M,2026-07-31 05:00:00,1.40198,1.40231,1.40074,1.40096,21858
37961703,78,H4,M,2026-07-31 09:00:00,1.40098,1.405,1.40036,1.40366,19139
37961704,78,H4,M,2026-07-31 13:00:00,1.40366,1.40588,1.40159,1.403,39069
37961705,88,H4,M,2026-06-03 09:00:00,0.86355,0.86399,0.86333,0.86364,8033
37961706,88,H4,M,2026-06-03 13:00:00,0.86364,0.86443,0.86356,0.86424,12202
37961707,88,H4,M,2026-06-03 17:00:00,0.86424,0.8646,0.86404,0.86444,4438
37961708,88,H4,M,2026-06-03 21:00:00,0.86455,0.8648,0.86424,0.86452,4723
37961709,88,H4,M,2026-06-04 01:00:00,0.86454,0.8648,0.86438,0.8644,4106
37961710,88,H4,M,2026-06-04 05:00:00,0.8644,0.86492,0.86423,0.86472,6353
37961711,88,H4,M,2026-06-04 09:00:00,0.86472,0.86559,0.86468,0.86483,8632
37961712,88,H4,M,2026-06-04 13:00:00,0.86484,0.86565,0.86482,0.86516,8999
37961713,88,H4,M,2026-06-04 17:00:00,0.86514,0.86551,0.8649,0.86496,3418
37961714,88,H4,M,2026-06-04 21:00:00,0.86492,0.86532,0.86472,0.86512,7857
37961715,88,H4,M,2026-06-05 01:00:00,0.86512,0.8654,0.86488,0.86499,4048
37961716,88,H4,M,2026-06-05 05:00:00,0.86497,0.86552,0.86482,0.86486,6652
37961717,88,H4,M,2026-06-05 09:00:00,0.86488,0.86502,0.86356,0.86438,10333
37961718,88,H4,M,2026-06-05 13:00:00,0.86438,0.86472,0.86306,0.86346,17647
37961719,88,H4,M,2026-06-05 17:00:00,0.86347,0.8642,0.86327,0.8637,9259
37961720,88,H4,M,2026-06-07 21:00:00,0.8636,0.86433,0.86352,0.86399,4741
37961721,88,H4,M,2026-06-08 01:00:00,0.86397,0.86448,0.86395,0.86444,6622
37961722,88,H4,M,2026-06-08 05:00:00,0.86444,0.86465,0.86362,0.86388,10816
37961723,88,H4,M,2026-06-08 09:00:00,0.86388,0.86465,0.86324,0.86454,11205
37961724,88,H4,M,2026-06-08 13:00:00,0.86457,0.86516,0.8642,0.86478,12997
37961725,88,H4,M,2026-06-08 17:00:00,0.86476,0.86489,0.86422,0.86459,5900
37961726,88,H4,M,2026-06-08 21:00:00,0.86469,0.86497,0.86422,0.86466,4825
37961727,88,H4,M,2026-06-09 01:00:00,0.86465,0.86472,0.86416,0.86417,4275
37961728,88,H4,M,2026-06-09 05:00:00,0.86418,0.86418,0.86276,0.8633,7697
37961729,88,H4,M,2026-06-09 09:00:00,0.8633,0.86374,0.86308,0.86346,6288
37961730,88,H4,M,2026-06-09 13:00:00,0.86346,0.86373,0.86278,0.86311,17394
37961731,88,H4,M,2026-06-09 17:00:00,0.86308,0.86314,0.8625,0.86285,8034
37961732,88,H4,M,2026-06-09 21:00:00,0.86326,0.86328,0.86244,0.86275,6540
37961733,88,H4,M,2026-06-10 01:00:00,0.86274,0.86288,0.86258,0.86282,5415
37961734,88,H4,M,2026-06-10 05:00:00,0.86284,0.86314,0.86258,0.8631,7026
37961735,88,H4,M,2026-06-10 09:00:00,0.86312,0.86334,0.8621,0.86254,11239
37961736,88,H4,M,2026-06-10 13:00:00,0.86254,0.86298,0.86198,0.86292,15704
37961737,88,H4,M,2026-06-10 17:00:00,0.86289,0.86328,0.86266,0.86296,7262
37961738,88,H4,M,2026-06-10 21:00:00,0.86274,0.86341,0.86253,0.86328,14005
37961739,88,H4,M,2026-06-11 01:00:00,0.86328,0.8633,0.8628,0.86288,5953
37961740,88,H4,M,2026-06-11 05:00:00,0.86286,0.86316,0.86246,0.86298,6421
37961741,88,H4,M,2026-06-11 09:00:00,0.86296,0.86384,0.86283,0.86368,9684
37961742,88,H4,M,2026-06-11 13:00:00,0.86367,0.86444,0.8631,0.86318,14275
37961743,88,H4,M,2026-06-11 17:00:00,0.86318,0.86338,0.86254,0.8631,16976
37961744,88,H4,M,2026-06-11 21:00:00,0.8629,0.86326,0.86233,0.86287,5983
37961745,88,H4,M,2026-06-12 01:00:00,0.86286,0.86294,0.86256,0.86282,6845
37961746,88,H4,M,2026-06-12 05:00:00,0.8628,0.86359,0.86254,0.86308,11426
37961747,88,H4,M,2026-06-12 09:00:00,0.8631,0.86344,0.86275,0.86336,9507
37961748,88,H4,M,2026-06-12 13:00:00,0.86336,0.86368,0.8627,0.86279,15496
37961749,88,H4,M,2026-06-12 17:00:00,0.86278,0.86314,0.86256,0.86279,6614
37961750,88,H4,M,2026-06-14 21:00:00,0.8633,0.86472,0.86249,0.86278,8832
37961751,88,H4,M,2026-06-15 01:00:00,0.86275,0.8634,0.86272,0.86338,4998
37961752,88,H4,M,2026-06-15 05:00:00,0.86338,0.86433,0.86324,0.86431,7542
37961753,88,H4,M,2026-06-15 09:00:00,0.8643,0.86521,0.86414,0.8649,7156
37961754,88,H4,M,2026-06-15 13:00:00,0.86492,0.86493,0.8634,0.86405,9063
37961755,88,H4,M,2026-06-15 17:00:00,0.86406,0.86434,0.86376,0.8641,5248
37961756,88,H4,M,2026-06-15 21:00:00,0.86406,0.86464,0.86342,0.86426,7399
37961757,88,H4,M,2026-06-16 01:00:00,0.86428,0.86458,0.86412,0.86428,5064
37961758,88,H4,M,2026-06-16 05:00:00,0.86428,0.86478,0.86402,0.86454,6949
37961759,88,H4,M,2026-06-16 09:00:00,0.86456,0.86514,0.86446,0.86462,7494
37961760,88,H4,M,2026-06-16 13:00:00,0.8646,0.86508,0.8641,0.86478,11342
37961761,88,H4,M,2026-06-16 17:00:00,0.86478,0.86491,0.8645,0.86457,4523
37961762,88,H4,M,2026-06-16 21:00:00,0.86444,0.86502,0.86438,0.8648,9027
37961763,88,H4,M,2026-06-17 01:00:00,0.8648,0.86495,0.8645,0.8646,3254
37961764,88,H4,M,2026-06-17 05:00:00,0.8646,0.86561,0.86426,0.86472,6400
37961765,88,H4,M,2026-06-17 09:00:00,0.86472,0.865,0.86449,0.86488,5721
37961766,88,H4,M,2026-06-17 13:00:00,0.86486,0.86566,0.86462,0.86528,9034
37961767,88,H4,M,2026-06-17 17:00:00,0.86527,0.86604,0.8644,0.86515,24855
37961768,88,H4,M,2026-06-17 21:00:00,0.8655,0.86579,0.86472,0.86542,6517
37961769,88,H4,M,2026-06-18 01:00:00,0.8654,0.86552,0.8651,0.86547,5344
37961770,88,H4,M,2026-06-18 05:00:00,0.86546,0.86723,0.86486,0.86693,10401
37961771,88,H4,M,2026-06-18 09:00:00,0.86692,0.86755,0.86602,0.86671,14944
37961772,88,H4,M,2026-06-18 13:00:00,0.86669,0.86774,0.86634,0.86718,15099
37961773,88,H4,M,2026-06-18 17:00:00,0.86718,0.86824,0.86716,0.86773,7902
37961774,88,H4,M,2026-06-18 21:00:00,0.86773,0.86822,0.86733,0.86774,4746
37961775,88,H4,M,2026-06-19 01:00:00,0.86772,0.86812,0.8675,0.8678,5568
37961776,88,H4,M,2026-06-19 05:00:00,0.8678,0.86784,0.86617,0.86638,10355
37961777,88,H4,M,2026-06-19 09:00:00,0.86636,0.86683,0.86572,0.86672,7922
37961778,88,H4,M,2026-06-19 13:00:00,0.86672,0.8675,0.86641,0.86698,9020
37961779,88,H4,M,2026-06-19 17:00:00,0.867,0.86752,0.86627,0.86664,14118
37961780,88,H4,M,2026-06-21 21:00:00,0.86872,0.86898,0.86718,0.86722,4719
37961781,88,H4,M,2026-06-22 01:00:00,0.86722,0.86754,0.8668,0.8674,5844
37961782,88,H4,M,2026-06-22 05:00:00,0.8674,0.86798,0.86686,0.86712,10043
37961783,88,H4,M,2026-06-22 09:00:00,0.86714,0.86714,0.86348,0.8638,11369
37961784,88,H4,M,2026-06-22 13:00:00,0.86378,0.86381,0.8624,0.86308,16807
37961785,88,H4,M,2026-06-22 17:00:00,0.86307,0.86321,0.8623,0.86251,4691
37961786,88,H4,M,2026-06-22 21:00:00,0.86234,0.86288,0.86216,0.86272,4413
37961787,88,H4,M,2026-06-23 01:00:00,0.86274,0.86296,0.86264,0.86282,5577
37961788,88,H4,M,2026-06-23 05:00:00,0.8628,0.8635,0.8625,0.86294,11017
37961789,88,H4,M,2026-06-23 09:00:00,0.86293,0.86322,0.8615,0.86203,9450
37961790,88,H4,M,2026-06-23 13:00:00,0.86203,0.8631,0.86159,0.86294,12046
37961791,88,H4,M,2026-06-23 17:00:00,0.86296,0.86319,0.86192,0.86206,4233
37961792,88,H4,M,2026-06-23 21:00:00,0.86253,0.86253,0.86184,0.8619,3689
37961793,88,H4,M,2026-06-24 01:00:00,0.86191,0.86208,0.86112,0.8613,6455
37961794,88,H4,M,2026-06-24 05:00:00,0.86129,0.8618,0.86029,0.86054,10226
37961795,88,H4,M,2026-06-24 09:00:00,0.86053,0.86226,0.86038,0.8615,10687
37961796,88,H4,M,2026-06-24 13:00:00,0.86148,0.86286,0.8612,0.8625,14023
37961797,88,H4,M,2026-06-24 17:00:00,0.8625,0.86287,0.86236,0.8626,6853
37961798,88,H4,M,2026-06-24 21:00:00,0.86291,0.86291,0.86229,0.86252,4372
37961799,88,H4,M,2026-06-25 01:00:00,0.86252,0.86265,0.86222,0.86231,6377
37961800,88,H4,M,2026-06-25 05:00:00,0.8623,0.8625,0.86132,0.8618,7938
37961801,88,H4,M,2026-06-25 09:00:00,0.8618,0.86212,0.86151,0.86168,9658
37961802,88,H4,M,2026-06-25 13:00:00,0.86169,0.86217,0.86106,0.86131,15592
37961803,88,H4,M,2026-06-25 17:00:00,0.8613,0.86204,0.86128,0.862,6375
37961804,88,H4,M,2026-06-25 21:00:00,0.86146,0.8621,0.86132,0.86146,8899
37961805,88,H4,M,2026-06-26 01:00:00,0.86144,0.86182,0.8611,0.86182,7112
37961806,88,H4,M,2026-06-26 05:00:00,0.86181,0.8631,0.86159,0.86266,9260
37961807,88,H4,M,2026-06-26 09:00:00,0.86268,0.86511,0.86236,0.86501,11442
37961808,88,H4,M,2026-06-26 13:00:00,0.86502,0.86516,0.86196,0.86248,14803
37961809,88,H4,M,2026-06-26 17:00:00,0.86248,0.86292,0.86243,0.86272,6676
37961810,88,H4,M,2026-06-28 21:00:00,0.86246,0.86326,0.86198,0.86277,4602
37961811,88,H4,M,2026-06-29 01:00:00,0.86278,0.86279,0.86234,0.86239,5141
37961812,88,H4,M,2026-06-29 05:00:00,0.86242,0.86325,0.86228,0.86288,6780
37961813,88,H4,M,2026-06-29 09:00:00,0.86287,0.86311,0.86136,0.86164,9222
37961814,88,H4,M,2026-06-29 13:00:00,0.86161,0.86254,0.86108,0.86204,12313
37961815,88,H4,M,2026-06-29 17:00:00,0.86204,0.86209,0.86145,0.86157,4039
37961816,88,H4,M,2026-06-29 21:00:00,0.86214,0.86217,0.86141,0.86193,3935
37961817,88,H4,M,2026-06-30 01:00:00,0.8619,0.86206,0.86092,0.86092,6192
37961818,88,H4,M,2026-06-30 05:00:00,0.86095,0.86144,0.86063,0.86117,9268
37961819,88,H4,M,2026-06-30 09:00:00,0.86114,0.8624,0.8607,0.86234,8741
37961820,88,H4,M,2026-06-30 13:00:00,0.86234,0.86244,0.8608,0.86138,13712
37961821,88,H4,M,2026-06-30 17:00:00,0.8614,0.8617,0.86124,0.86132,5210
37961822,88,H4,M,2026-06-30 21:00:00,0.86156,0.86172,0.86114,0.8614,4123
37961823,88,H4,M,2026-07-01 01:00:00,0.86138,0.8618,0.8613,0.8616,4764
37961824,88,H4,M,2026-07-01 05:00:00,0.86162,0.86163,0.86001,0.86034,7290
37961825,88,H4,M,2026-07-01 09:00:00,0.86032,0.86046,0.85882,0.85904,8287
37961826,88,H4,M,2026-07-01 13:00:00,0.85902,0.8598,0.85662,0.85702,17930
37961827,88,H4,M,2026-07-01 17:00:00,0.85702,0.85726,0.85664,0.85706,5675
37961828,88,H4,M,2026-07-01 21:00:00,0.85698,0.85751,0.85662,0.85682,4581
37961829,88,H4,M,2026-07-02 01:00:00,0.85684,0.85703,0.85658,0.85686,5303
37961830,88,H4,M,2026-07-02 05:00:00,0.85686,0.85691,0.85462,0.855,12777
37961831,88,H4,M,2026-07-02 09:00:00,0.855,0.85745,0.85476,0.85686,16405
37961832,88,H4,M,2026-07-02 13:00:00,0.85682,0.85698,0.85552,0.85657,18469
37961833,88,H4,M,2026-07-02 17:00:00,0.85657,0.85688,0.85637,0.85664,6785
37961834,88,H4,M,2026-07-02 21:00:00,0.85651,0.85704,0.85618,0.85638,5016
37961835,88,H4,M,2026-07-03 01:00:00,0.85638,0.85653,0.85618,0.85642,5675
37961836,88,H4,M,2026-07-03 05:00:00,0.85642,0.85731,0.85622,0.85724,7561
37961837,88,H4,M,2026-07-03 09:00:00,0.85723,0.85744,0.85679,0.85709,6061
37961838,88,H4,M,2026-07-03 13:00:00,0.85709,0.85733,0.8563,0.85644,5563
37961839,88,H4,M,2026-07-03 17:00:00,0.85644,0.85686,0.85633,0.85652,11424
37961840,88,H4,M,2026-07-05 21:00:00,0.85675,0.85693,0.85628,0.85662,5035
37961841,88,H4,M,2026-07-06 01:00:00,0.85661,0.85691,0.85654,0.85686,4428
37961842,88,H4,M,2026-07-06 05:00:00,0.85685,0.8569,0.85582,0.85628,8144
37961843,88,H4,M,2026-07-06 09:00:00,0.85632,0.8565,0.85516,0.85543,8440
37961844,88,H4,M,2026-07-06 13:00:00,0.85544,0.85551,0.85452,0.8546,9443
37961845,88,H4,M,2026-07-06 17:00:00,0.85462,0.85482,0.85409,0.85444,3778
37961846,88,H4,M,2026-07-06 21:00:00,0.85454,0.85486,0.8541,0.85438,4441
37961847,88,H4,M,2026-07-07 01:00:00,0.85436,0.85439,0.85404,0.8541,4966
37961848,88,H4,M,2026-07-07 05:00:00,0.85411,0.85442,0.8533,0.85337,7516
37961849,88,H4,M,2026-07-07 09:00:00,0.85338,0.85468,0.85335,0.85441,8047
37961850,88,H4,M,2026-07-07 13:00:00,0.85439,0.85546,0.85413,0.85434,11076
37961851,88,H4,M,2026-07-07 17:00:00,0.85432,0.85469,0.85412,0.85422,6031
37961852,88,H4,M,2026-07-07 21:00:00,0.85475,0.85486,0.85366,0.85438,6560
37961853,88,H4,M,2026-07-08 01:00:00,0.85438,0.85484,0.85422,0.8548,5726
37961854,88,H4,M,2026-07-08 05:00:00,0.85478,0.85553,0.8544,0.85537,11487
37961855,88,H4,M,2026-07-08 09:00:00,0.85537,0.85548,0.8539,0.85422,11841
37961856,88,H4,M,2026-07-08 13:00:00,0.85422,0.85428,0.85258,0.85278,14553
37961857,88,H4,M,2026-07-08 17:00:00,0.85278,0.85286,0.85195,0.85269,7208
37961858,88,H4,M,2026-07-08 21:00:00,0.85251,0.85318,0.85233,0.85282,4811
37961859,88,H4,M,2026-07-09 01:00:00,0.85282,0.85309,0.85275,0.8528,5266
37961860,88,H4,M,2026-07-09 05:00:00,0.8528,0.85288,0.85182,0.85194,8427
37961861,88,H4,M,2026-07-09 09:00:00,0.8519,0.85384,0.85182,0.85358,8779
37961862,88,H4,M,2026-07-09 13:00:00,0.85356,0.8541,0.85284,0.85288,10219
37961863,88,H4,M,2026-07-09 17:00:00,0.85286,0.85296,0.85212,0.85244,5168
37961864,88,H4,M,2026-07-09 21:00:00,0.85272,0.85301,0.8522,0.85231,6721
37961865,88,H4,M,2026-07-10 01:00:00,0.8523,0.85237,0.85186,0.852,6827
37961866,88,H4,M,2026-07-10 05:00:00,0.85201,0.85258,0.8517,0.85239,7884
37961867,88,H4,M,2026-07-10 09:00:00,0.8524,0.85248,0.85088,0.85158,8547
37961868,88,H4,M,2026-07-10 13:00:00,0.8516,0.85248,0.85141,0.85226,10113
37961869,88,H4,M,2026-07-10 17:00:00,0.85226,0.85244,0.85172,0.85179,5919
37961870,88,H4,M,2026-07-12 21:00:00,0.85155,0.85216,0.8515,0.85194,5931
37961871,88,H4,M,2026-07-13 01:00:00,0.85193,0.85214,0.85155,0.85206,10404
37961872,88,H4,M,2026-07-13 05:00:00,0.85204,0.85387,0.85166,0.85378,13424
37961873,88,H4,M,2026-07-13 09:00:00,0.85376,0.8541,0.85296,0.85312,10072
37961874,88,H4,M,2026-07-13 13:00:00,0.8531,0.85328,0.85182,0.85224,13477
37961875,88,H4,M,2026-07-13 17:00:00,0.85224,0.8528,0.85214,0.8527,7552
37961876,88,H4,M,2026-07-13 21:00:00,0.85278,0.8531,0.8525,0.8527,8285
37961877,88,H4,M,2026-07-14 01:00:00,0.8527,0.85296,0.85256,0.85264,9927
37961878,88,H4,M,2026-07-14 05:00:00,0.85265,0.85334,0.85229,0.85234,11136
37961879,88,H4,M,2026-07-14 09:00:00,0.85234,0.8538,0.85178,0.85358,14686
37961880,88,H4,M,2026-07-14 13:00:00,0.8536,0.85448,0.8534,0.85384,17342
37961881,88,H4,M,2026-07-14 17:00:00,0.85384,0.85427,0.85285,0.85288,8220
37961882,88,H4,M,2026-07-14 21:00:00,0.85315,0.85374,0.85262,0.85302,5797
37961883,88,H4,M,2026-07-15 01:00:00,0.85302,0.85346,0.853,0.85336,5695
37961884,88,H4,M,2026-07-15 05:00:00,0.85334,0.8534,0.8517,0.8528,9735
37961885,88,H4,M,2026-07-15 09:00:00,0.85282,0.85294,0.85068,0.85106,10259
37961886,88,H4,M,2026-07-15 13:00:00,0.85106,0.85124,0.8457,0.84594,15354
37961887,88,H4,M,2026-07-15 17:00:00,0.84594,0.84754,0.8455,0.8467,10105
37961888,88,H4,M,2026-07-15 21:00:00,0.84685,0.84797,0.8467,0.8478,5486
37961889,88,H4,M,2026-07-16 01:00:00,0.84778,0.84784,0.84706,0.84732,5143
37961890,88,H4,M,2026-07-16 05:00:00,0.8473,0.84808,0.84692,0.84802,8685
37961891,88,H4,M,2026-07-16 09:00:00,0.848,0.84926,0.84782,0.84814,9471
37961892,88,H4,M,2026-07-16 13:00:00,0.84812,0.84926,0.84738,0.84918,12051
37961893,88,H4,M,2026-07-16 17:00:00,0.84917,0.84932,0.84886,0.84894,4503
37961894,88,H4,M,2026-07-16 21:00:00,0.84881,0.84944,0.84878,0.84934,4189
37961895,88,H4,M,2026-07-17 01:00:00,0.84935,0.84976,0.84918,0.8497,6945
37961896,88,H4,M,2026-07-17 05:00:00,0.84971,0.85116,0.84951,0.85109,8788
37961897,88,H4,M,2026-07-17 09:00:00,0.85108,0.85145,0.85038,0.8509,9541
37961898,88,H4,M,2026-07-17 13:00:00,0.85088,0.85102,0.85004,0.85008,12798
37961899,88,H4,M,2026-07-17 17:00:00,0.85006,0.85032,0.84966,0.85031,6596
37961900,88,H4,M,2026-07-19 21:00:00,0.8497,0.85038,0.84966,0.85004,7411
37961901,88,H4,M,2026-07-20 01:00:00,0.85004,0.8501,0.8498,0.84985,6332
37961902,88,H4,M,2026-07-20 05:00:00,0.84987,0.8499,0.8491,0.84926,7173
37961903,88,H4,M,2026-07-20 09:00:00,0.84924,0.84957,0.84861,0.84904,9384
37961904,88,H4,M,2026-07-20 13:00:00,0.84905,0.85082,0.84832,0.8503,11470
37961905,88,H4,M,2026-07-20 17:00:00,0.85031,0.85041,0.8495,0.84985,5903
37961906,88,H4,M,2026-07-20 21:00:00,0.84971,0.85024,0.84947,0.84976,3040
37961907,88,H4,M,2026-07-21 01:00:00,0.84974,0.84979,0.84934,0.84954,4187
37961908,88,H4,M,2026-07-21 05:00:00,0.84952,0.8505,0.84906,0.85048,7513
37961909,88,H4,M,2026-07-21 09:00:00,0.85047,0.85302,0.85046,0.85275,8390
37961910,88,H4,M,2026-07-21 13:00:00,0.85273,0.85387,0.85217,0.85246,11544
37961911,88,H4,M,2026-07-21 17:00:00,0.85246,0.85256,0.85192,0.85218,4551
37961912,88,H4,M,2026-07-21 21:00:00,0.85232,0.8525,0.8519,0.85199,6154
37961913,88,H4,M,2026-07-22 01:00:00,0.852,0.85242,0.85192,0.8524,4376
37961914,88,H4,M,2026-07-22 05:00:00,0.8524,0.85336,0.85227,0.85318,8429
37961915,88,H4,M,2026-07-22 09:00:00,0.8532,0.85402,0.85272,0.85395,8900
37961916,88,H4,M,2026-07-22 13:00:00,0.85394,0.85396,0.8525,0.85316,9713
37961917,88,H4,M,2026-07-22 17:00:00,0.85317,0.85348,0.85305,0.8532,4085
37961918,88,H4,M,2026-07-22 21:00:00,0.8528,0.85332,0.85267,0.85322,3964
37961919,88,H4,M,2026-07-23 01:00:00,0.85324,0.85404,0.85302,0.85401,5274
37961920,88,H4,M,2026-07-23 05:00:00,0.85402,0.85443,0.85348,0.85356,8308
37961921,88,H4,M,2026-07-23 09:00:00,0.85354,0.85372,0.85286,0.85328,11157
37961922,88,H4,M,2026-07-23 13:00:00,0.85329,0.85469,0.8529,0.85412,14184
37961923,88,H4,M,2026-07-23 17:00:00,0.85412,0.85454,0.85399,0.85453,5829
37961924,88,H4,M,2026-07-23 21:00:00,0.85438,0.85482,0.85404,0.85436,5016
37961925,88,H4,M,2026-07-24 01:00:00,0.85438,0.855,0.85432,0.85492,5294
37961926,88,H4,M,2026-07-24 05:00:00,0.85491,0.85497,0.85392,0.85452,7883
37961927,88,H4,M,2026-07-24 09:00:00,0.85454,0.85542,0.85364,0.85424,8928
37961928,88,H4,M,2026-07-24 13:00:00,0.85422,0.8543,0.85312,0.85339,10713
37961929,88,H4,M,2026-07-24 17:00:00,0.8534,0.8537,0.85302,0.85339,5557
37961930,88,H4,M,2026-07-26 21:00:00,0.85423,0.85471,0.85342,0.85399,6475
37961931,88,H4,M,2026-07-27 01:00:00,0.85397,0.8542,0.85394,0.85414,5681
37961932,88,H4,M,2026-07-27 05:00:00,0.85414,0.85497,0.85404,0.85488,8070
37961933,88,H4,M,2026-07-27 09:00:00,0.85487,0.85596,0.85471,0.85501,9819
37961934,88,H4,M,2026-07-27 13:00:00,0.85501,0.8555,0.8542,0.85542,12584
37961935,88,H4,M,2026-07-27 17:00:00,0.85541,0.85599,0.8553,0.8555,6234
37961936,88,H4,M,2026-07-27 21:00:00,0.85486,0.8557,0.85482,0.85566,6633
37961937,88,H4,M,2026-07-28 01:00:00,0.85564,0.85576,0.85514,0.85517,5282
37961938,88,H4,M,2026-07-28 05:00:00,0.85515,0.85548,0.85462,0.8549,8276
37961939,88,H4,M,2026-07-28 09:00:00,0.8549,0.85604,0.85471,0.85472,8862
37961940,88,H4,M,2026-07-28 13:00:00,0.85472,0.85708,0.85456,0.85676,13379
37961941,88,H4,M,2026-07-28 17:00:00,0.85675,0.85708,0.8566,0.85682,5912
37961942,88,H4,M,2026-07-28 21:00:00,0.85696,0.85724,0.85674,0.85696,4204
37961943,88,H4,M,2026-07-29 01:00:00,0.85694,0.85739,0.85688,0.85738,6490
37961944,88,H4,M,2026-07-29 05:00:00,0.85736,0.85738,0.8564,0.8565,7155
37961945,88,H4,M,2026-07-29 09:00:00,0.85648,0.85706,0.8562,0.85656,8558
37961946,88,H4,M,2026-07-29 13:00:00,0.85653,0.85716,0.85636,0.85675,11498
37961947,88,H4,M,2026-07-29 17:00:00,0.85674,0.85857,0.85596,0.85784,21764
37961948,88,H4,M,2026-07-29 21:00:00,0.85759,0.85806,0.85732,0.85794,10390
37961949,88,H4,M,2026-07-30 01:00:00,0.85794,0.8582,0.85764,0.85811,5904
37961950,88,H4,M,2026-07-30 05:00:00,0.8581,0.85834,0.85714,0.85718,10426
37961951,88,H4,M,2026-07-30 09:00:00,0.85718,0.85812,0.85621,0.858,15913
37961952,88,H4,M,2026-07-30 13:00:00,0.85797,0.85864,0.85574,0.8562,26787
37961953,88,H4,M,2026-07-30 17:00:00,0.85621,0.85625,0.8557,0.85619,8776
37961954,88,H4,M,2026-07-30 21:00:00,0.8558,0.85618,0.85574,0.85582,5879
37961955,88,H4,M,2026-07-31 01:00:00,0.85583,0.85604,0.8556,0.8559,8957
37961956,88,H4,M,2026-07-31 05:00:00,0.8559,0.8566,0.85566,0.85605,12296
37961957,88,H4,M,2026-07-31 09:00:00,0.85604,0.85612,0.85526,0.85601,12085
37961958,88,H4,M,2026-07-31 13:00:00,0.856,0.85658,0.85424,0.85536,21489
37961959,100,H4,M,2026-06-03 09:00:00,0.58947,0.5904,0.5882,0.58839,11309
37961960,100,H4,M,2026-06-03 13:00:00,0.58836,0.58878,0.58613,0.58656,16800
37961961,100,H4,M,2026-06-03 17:00:00,0.58656,0.58686,0.58579,0.58596,5771
37961962,100,H4,M,2026-06-03 21:00:00,0.58626,0.58752,0.58586,0.58706,8945
37961963,100,H4,M,2026-06-04 01:00:00,0.58703,0.58766,0.58656,0.5873,11134
37961964,100,H4,M,2026-06-04 05:00:00,0.5873,0.5877,0.58624,0.58662,11463
37961965,100,H4,M,2026-06-04 09:00:00,0.58664,0.5887,0.58658,0.58801,12702
37961966,100,H4,M,2026-06-04 13:00:00,0.58802,0.58873,0.58745,0.58762,12808
37961967,100,H4,M,2026-06-04 17:00:00,0.5876,0.58768,0.58662,0.58668,3841
37961968,100,H4,M,2026-06-04 21:00:00,0.58675,0.58736,0.58648,0.58659,6935
37961969,100,H4,M,2026-06-05 01:00:00,0.5866,0.58694,0.5851,0.58676,12013
37961970,100,H4,M,2026-06-05 05:00:00,0.58676,0.58775,0.58597,0.58716,10641
37961971,100,H4,M,2026-06-05 09:00:00,0.58716,0.58847,0.58432,0.58432,13902
37961972,100,H4,M,2026-06-05 13:00:00,0.58432,0.58496,0.58006,0.58098,26378
37961973,100,H4,M,2026-06-05 17:00:00,0.58101,0.58104,0.57898,0.57952,12594
37961974,100,H4,M,2026-06-07 21:00:00,0.57828,0.58075,0.57816,0.58066,7830
37961975,100,H4,M,2026-06-08 01:00:00,0.58068,0.58084,0.57892,0.58021,16573
37961976,100,H4,M,2026-06-08 05:00:00,0.58022,0.58089,0.57942,0.58026,17928
37961977,100,H4,M,2026-06-08 09:00:00,0.58025,0.58372,0.57974,0.58292,17710
37961978,100,H4,M,2026-06-08 13:00:00,0.58294,0.58328,0.5809,0.58144,20042
37961979,100,H4,M,2026-06-08 17:00:00,0.58144,0.58176,0.58076,0.58093,9568
37961980,100,H4,M,2026-06-08 21:00:00,0.58114,0.58134,0.5799,0.58046,5229
37961981,100,H4,M,2026-06-09 01:00:00,0.58048,0.58304,0.58044,0.58286,12628
37961982,100,H4,M,2026-06-09 05:00:00,0.58286,0.58479,0.58217,0.58312,14424
37961983,100,H4,M,2026-06-09 09:00:00,0.58313,0.58431,0.58283,0.58388,10522
37961984,100,H4,M,2026-06-09 13:00:00,0.5839,0.5846,0.58006,0.5811,33037
37961985,100,H4,M,2026-06-09 17:00:00,0.58112,0.58239,0.58104,0.58165,18269
37961986,100,H4,M,2026-06-09 21:00:00,0.58164,0.582,0.58052,0.58171,12363
37961987,100,H4,M,2026-06-10 01:00:00,0.58172,0.58235,0.58136,0.58142,17851
37961988,100,H4,M,2026-06-10 05:00:00,0.58141,0.58206,0.58062,0.58102,17318
37961989,100,H4,M,2026-06-10 09:00:00,0.58103,0.58254,0.58012,0.5813,22451
37961990,100,H4,M,2026-06-10 13:00:00,0.5813,0.5833,0.5812,0.58204,30182
37961991,100,H4,M,2026-06-10 17:00:00,0.58204,0.58228,0.57952,0.57964,14176
37961992,100,H4,M,2026-06-10 21:00:00,0.58102,0.58102,0.5786,0.5798,15978
37961993,100,H4,M,2026-06-11 01:00:00,0.5798,0.58072,0.5793,0.57985,15328
37961994,100,H4,M,2026-06-11 05:00:00,0.57986,0.57998,0.578,0.57818,11977
37961995,100,H4,M,2026-06-11 09:00:00,0.57816,0.57884,0.57694,0.57808,15714
37961996,100,H4,M,2026-06-11 13:00:00,0.5781,0.57865,0.57706,0.57751,24575
37961997,100,H4,M,2026-06-11 17:00:00,0.57752,0.58447,0.57728,0.58364,30408
37961998,100,H4,M,2026-06-11 21:00:00,0.58362,0.58436,0.58224,0.58246,12072
37961999,100,H4,M,2026-06-12 01:00:00,0.58246,0.58275,0.58124,0.58245,16618
37962000,100,H4,M,2026-06-12 05:00:00,0.58244,0.58342,0.58112,0.58268,21038
37962001,100,H4,M,2026-06-12 09:00:00,0.58268,0.58395,0.58182,0.5821,17282
37962002,100,H4,M,2026-06-12 13:00:00,0.5821,0.58381,0.58194,0.58335,29004
37962003,100,H4,M,2026-06-12 17:00:00,0.58336,0.58364,0.58288,0.58307,8277
37962004,100,H4,M,2026-06-14 21:00:00,0.58318,0.58641,0.5823,0.5845,13575
37962005,100,H4,M,2026-06-15 01:00:00,0.5845,0.58564,0.58424,0.5856,8889
37962006,100,H4,M,2026-06-15 05:00:00,0.58561,0.5863,0.58408,0.58448,11278
37962007,100,H4,M,2026-06-15 09:00:00,0.58448,0.58506,0.5836,0.58432,8123
37962008,100,H4,M,2026-06-15 13:00:00,0.5843,0.5846,0.58298,0.5832,11749
37962009,100,H4,M,2026-06-15 17:00:00,0.5832,0.58323,0.58198,0.58222,5370
37962010,100,H4,M,2026-06-15 21:00:00,0.58276,0.58299,0.58194,0.5822,5512
37962011,100,H4,M,2026-06-16 01:00:00,0.5822,0.58228,0.5795,0.5808,9643
37962012,100,H4,M,2026-06-16 05:00:00,0.5808,0.58272,0.58049,0.58259,10617
37962013,100,H4,M,2026-06-16 09:00:00,0.58258,0.5837,0.58232,0.58317,8138
37962014,100,H4,M,2026-06-16 13:00:00,0.58316,0.58434,0.58252,0.58398,13616
37962015,100,H4,M,2026-06-16 17:00:00,0.58397,0.58402,0.58306,0.58313,6072
37962016,100,H4,M,2026-06-16 21:00:00,0.58277,0.58344,0.5825,0.5831,7477
37962017,100,H4,M,2026-06-17 01:00:00,0.5831,0.58354,0.58242,0.58253,6136
37962018,100,H4,M,2026-06-17 05:00:00,0.58253,0.58262,0.58124,0.58182,7736
37962019,100,H4,M,2026-06-17 09:00:00,0.58181,0.58202,0.5808,0.58165,6532
37962020,100,H4,M,2026-06-17 13:00:00,0.58164,0.58228,0.58111,0.58164,11841
37962021,100,H4,M,2026-06-17 17:00:00,0.58165,0.58205,0.57522,0.57674,37656
37962022,100,H4,M,2026-06-17 21:00:00,0.57728,0.5786,0.5765,0.57782,9253
37962023,100,H4,M,2026-06-18 01:00:00,0.57782,0.5799,0.57781,0.57953,10219
37962024,100,H4,M,2026-06-18 05:00:00,0.57952,0.57978,0.5767,0.57682,12725
37962025,100,H4,M,2026-06-18 09:00:00,0.57682,0.5775,0.57552,0.57712,14697
37962026,100,H4,M,2026-06-18 13:00:00,0.57711,0.57796,0.57542,0.57574,19850
37962027,100,H4,M,2026-06-18 17:00:00,0.57576,0.5761,0.5749,0.57542,7905
37962028,100,H4,M,2026-06-18 21:00:00,0.5765,0.57657,0.57512,0.576,5768
37962029,100,H4,M,2026-06-19 01:00:00,0.576,0.57608,0.57283,0.57298,9691
37962030,100,H4,M,2026-06-19 05:00:00,0.57299,0.57444,0.57232,0.5743,12053
37962031,100,H4,M,2026-06-19 09:00:00,0.5743,0.57494,0.57386,0.5747,9656
37962032,100,H4,M,2026-06-19 13:00:00,0.5747,0.57474,0.57304,0.5737,8352
37962033,100,H4,M,2026-06-19 17:00:00,0.5737,0.5744,0.5737,0.57385,15437
37962034,100,H4,M,2026-06-21 21:00:00,0.57337,0.57388,0.57294,0.57361,7229
37962035,100,H4,M,2026-06-22 01:00:00,0.57363,0.57408,0.57233,0.57258,8954
37962036,100,H4,M,2026-06-22 05:00:00,0.57259,0.57325,0.57186,0.57215,12027
37962037,100,H4,M,2026-06-22 09:00:00,0.57216,0.57356,0.57213,0.57298,11556
37962038,100,H4,M,2026-06-22 13:00:00,0.57298,0.57356,0.57158,0.57199,19759
37962039,100,H4,M,2026-06-22 17:00:00,0.572,0.57201,0.57094,0.57138,5436
37962040,100,H4,M,2026-06-22 21:00:00,0.57194,0.57247,0.57006,0.57027,6713
37962041,100,H4,M,2026-06-23 01:00:00,0.57028,0.57083,0.56922,0.56934,10678
37962042,100,H4,M,2026-06-23 05:00:00,0.56935,0.5695,0.56826,0.56856,14659
37962043,100,H4,M,2026-06-23 09:00:00,0.56855,0.56952,0.56709,0.56726,10927
37962044,100,H4,M,2026-06-23 13:00:00,0.56728,0.56816,0.56676,0.5668,15031
37962045,100,H4,M,2026-06-23 17:00:00,0.56679,0.56706,0.56631,0.5668,6066
37962046,100,H4,M,2026-06-23 21:00:00,0.5675,0.56764,0.56621,0.56658,6785
37962047,100,H4,M,2026-06-24 01:00:00,0.56658,0.56666,0.56506,0.56538,11159
37962048,100,H4,M,2026-06-24 05:00:00,0.56539,0.56614,0.56408,0.56468,10835
37962049,100,H4,M,2026-06-24 09:00:00,0.56468,0.56476,0.5631,0.56338,11669
37962050,100,H4,M,2026-06-24 13:00:00,0.56338,0.56542,0.56327,0.56511,17356
37962051,100,H4,M,2026-06-24 17:00:00,0.56512,0.5652,0.5637,0.56506,9818
37962052,100,H4,M,2026-06-24 21:00:00,0.56506,0.56624,0.56388,0.56442,9209
37962053,100,H4,M,2026-06-25 01:00:00,0.56442,0.56527,0.56336,0.56474,10629
37962054,100,H4,M,2026-06-25 05:00:00,0.56474,0.56509,0.56344,0.56472,9426
37962055,100,H4,M,2026-06-25 09:00:00,0.56471,0.56526,0.56342,0.5645,10079
37962056,100,H4,M,2026-06-25 13:00:00,0.56451,0.56614,0.56401,0.56522,21085
37962057,100,H4,M,2026-06-25 17:00:00,0.56522,0.56536,0.56456,0.56478,8270
37962058,100,H4,M,2026-06-25 21:00:00,0.56489,0.5658,0.56416,0.5642,9281
37962059,100,H4,M,2026-06-26 01:00:00,0.5642,0.56462,0.56264,0.5641,13618
37962060,100,H4,M,2026-06-26 05:00:00,0.5641,0.56538,0.56404,0.56499,12619
37962061,100,H4,M,2026-06-26 09:00:00,0.56497,0.56575,0.5646,0.56513,11072
37962062,100,H4,M,2026-06-26 13:00:00,0.56516,0.56583,0.56402,0.56414,17995
37962063,100,H4,M,2026-06-26 17:00:00,0.56412,0.56434,0.56352,0.56379,6501
37962064,100,H4,M,2026-06-28 21:00:00,0.5645,0.5645,0.56318,0.56355,6481
37962065,100,H4,M,2026-06-29 01:00:00,0.56357,0.56471,0.56327,0.56434,10027
37962066,100,H4,M,2026-06-29 05:00:00,0.56436,0.56588,0.5643,0.56489,9034
37962067,100,H4,M,2026-06-29 09:00:00,0.5649,0.56561,0.56472,0.56504,8477
37962068,100,H4,M,2026-06-29 13:00:00,0.56504,0.5654,0.564,0.5651,13634
37962069,100,H4,M,2026-06-29 17:00:00,0.5651,0.56548,0.5649,0.56508,4563
37962070,100,H4,M,2026-06-29 21:00:00,0.56538,0.56551,0.56421,0.56456,5514
37962071,100,H4,M,2026-06-30 01:00:00,0.56456,0.56544,0.56408,0.56468,10013
37962072,100,H4,M,2026-06-30 05:00:00,0.56467,0.56594,0.5645,0.56518,11017
37962073,100,H4,M,2026-06-30 09:00:00,0.56517,0.56637,0.56512,0.56598,9324
37962074,100,H4,M,2026-06-30 13:00:00,0.56598,0.56904,0.56592,0.56732,15390
37962075,100,H4,M,2026-06-30 17:00:00,0.56733,0.56821,0.56732,0.56767,5137
37962076,100,H4,M,2026-06-30 21:00:00,0.56757,0.5681,0.56684,0.56694,4807
37962077,100,H4,M,2026-07-01 01:00:00,0.56691,0.5676,0.56612,0.5674,8512
37962078,100,H4,M,2026-07-01 05:00:00,0.56739,0.5679,0.56701,0.56761,10420
37962079,100,H4,M,2026-07-01 09:00:00,0.56758,0.56825,0.56635,0.56639,8676
37962080,100,H4,M,2026-07-01 13:00:00,0.5664,0.56897,0.56578,0.56772,21885
37962081,100,H4,M,2026-07-01 17:00:00,0.56774,0.5679,0.56698,0.5673,6932
37962082,100,H4,M,2026-07-01 21:00:00,0.56738,0.56762,0.56692,0.56727,4779
37962083,100,H4,M,2026-07-02 01:00:00,0.56728,0.56851,0.5668,0.56782,9267
37962084,100,H4,M,2026-07-02 05:00:00,0.56783,0.56949,0.56735,0.56941,13318
37962085,100,H4,M,2026-07-02 09:00:00,0.56938,0.57172,0.5668,0.57004,19474
37962086,100,H4,M,2026-07-02 13:00:00,0.57005,0.57138,0.56955,0.56998,26866
37962087,100,H4,M,2026-07-02 17:00:00,0.56996,0.56998,0.56928,0.5698,8512
37962088,100,H4,M,2026-07-02 21:00:00,0.56956,0.57048,0.56896,0.56958,5023
37962089,100,H4,M,2026-07-03 01:00:00,0.56958,0.57136,0.5695,0.5713,9370
37962090,100,H4,M,2026-07-03 05:00:00,0.5713,0.57272,0.57122,0.5717,9755
37962091,100,H4,M,2026-07-03 09:00:00,0.57169,0.57186,0.57093,0.57096,5577
37962092,100,H4,M,2026-07-03 13:00:00,0.57098,0.57114,0.57068,0.57096,5019
37962093,100,H4,M,2026-07-03 17:00:00,0.57096,0.57141,0.5705,0.57135,2788
37962094,100,H4,M,2026-07-05 21:00:00,0.57142,0.57142,0.56964,0.57007,20109
37962095,100,H4,M,2026-07-06 01:00:00,0.57008,0.57008,0.56826,0.56903,8049
37962096,100,H4,M,2026-07-06 05:00:00,0.56904,0.56914,0.56814,0.56831,8758
37962097,100,H4,M,2026-07-06 09:00:00,0.5683,0.5688,0.56768,0.56788,6701
37962098,100,H4,M,2026-07-06 13:00:00,0.56788,0.56952,0.56776,0.56944,10127
37962099,100,H4,M,2026-07-06 17:00:00,0.56944,0.57054,0.56942,0.57016,3697
37962100,100,H4,M,2026-07-06 21:00:00,0.57012,0.57056,0.56982,0.56988,5127
37962101,100,H4,M,2026-07-07 01:00:00,0.5699,0.57066,0.5695,0.5695,9224
37962102,100,H4,M,2026-07-07 05:00:00,0.5695,0.56959,0.56868,0.56909,10092
37962103,100,H4,M,2026-07-07 09:00:00,0.56908,0.56984,0.56868,0.56942,7618
37962104,100,H4,M,2026-07-07 13:00:00,0.56944,0.56944,0.56822,0.56862,14111
37962105,100,H4,M,2026-07-07 17:00:00,0.56862,0.56913,0.56722,0.5678,7194
37962106,100,H4,M,2026-07-07 21:00:00,0.5678,0.56868,0.56732,0.56858,6475
37962107,100,H4,M,2026-07-08 01:00:00,0.5686,0.57124,0.56821,0.57124,11922
37962108,100,H4,M,2026-07-08 05:00:00,0.57122,0.57204,0.5694,0.56957,18144
37962109,100,H4,M,2026-07-08 09:00:00,0.56955,0.57038,0.5684,0.56937,17003
37962110,100,H4,M,2026-07-08 13:00:00,0.56936,0.57014,0.56813,0.56964,18798
37962111,100,H4,M,2026-07-08 17:00:00,0.56965,0.57104,0.56963,0.57001,7512
37962112,100,H4,M,2026-07-08 21:00:00,0.57001,0.57291,0.56942,0.57238,9976
37962113,100,H4,M,2026-07-09 01:00:00,0.57239,0.57262,0.57156,0.57256,8837
37962114,100,H4,M,2026-07-09 05:00:00,0.57256,0.57392,0.5723,0.57356,11135
37962115,100,H4,M,2026-07-09 09:00:00,0.57354,0.57463,0.57294,0.57426,10535
37962116,100,H4,M,2026-07-09 13:00:00,0.57427,0.57625,0.57416,0.57582,12071
37962117,100,H4,M,2026-07-09 17:00:00,0.57583,0.57631,0.57538,0.57552,4185
37962118,100,H4,M,2026-07-09 21:00:00,0.57544,0.57738,0.57471,0.57731,7509
37962119,100,H4,M,2026-07-10 01:00:00,0.57729,0.57931,0.57706,0.57752,11038
37962120,100,H4,M,2026-07-10 05:00:00,0.57754,0.57784,0.57656,0.5767,9818
37962121,100,H4,M,2026-07-10 09:00:00,0.57669,0.57784,0.57644,0.57696,9675
37962122,100,H4,M,2026-07-10 13:00:00,0.57696,0.57766,0.57535,0.57718,17750
37962123,100,H4,M,2026-07-10 17:00:00,0.57716,0.57726,0.57616,0.5763,4468
37962124,100,H4,M,2026-07-12 21:00:00,0.57626,0.5763,0.57478,0.57503,7545
37962125,100,H4,M,2026-07-13 01:00:00,0.57503,0.57708,0.57482,0.5758,11266
37962126,100,H4,M,2026-07-13 05:00:00,0.57582,0.57867,0.57512,0.57836,16372
37962127,100,H4,M,2026-07-13 09:00:00,0.57836,0.57863,0.57741,0.57861,12452
37962128,100,H4,M,2026-07-13 13:00:00,0.57862,0.57886,0.57522,0.57566,20430
37962129,100,H4,M,2026-07-13 17:00:00,0.57566,0.57588,0.5744,0.57503,6995
37962130,100,H4,M,2026-07-13 21:00:00,0.57497,0.57804,0.57474,0.57773,9216
37962131,100,H4,M,2026-07-14 01:00:00,0.57772,0.57956,0.5775,0.57894,13186
37962132,100,H4,M,2026-07-14 05:00:00,0.57894,0.58013,0.57832,0.5797,12899
37962133,100,H4,M,2026-07-14 09:00:00,0.57972,0.58458,0.57952,0.58205,20659
37962134,100,H4,M,2026-07-14 13:00:00,0.58204,0.58294,0.58023,0.58125,26463
37962135,100,H4,M,2026-07-14 17:00:00,0.58126,0.58134,0.58045,0.58109,7237
37962136,100,H4,M,2026-07-14 21:00:00,0.58166,0.58228,0.58055,0.58216,8153
37962137,100,H4,M,2026-07-15 01:00:00,0.58217,0.58259,0.58094,0.58148,10804
37962138,100,H4,M,2026-07-15 05:00:00,0.58148,0.58244,0.58118,0.582,11934
37962139,100,H4,M,2026-07-15 09:00:00,0.58202,0.58327,0.58131,0.58316,13265
37962140,100,H4,M,2026-07-15 13:00:00,0.58318,0.58419,0.58261,0.58378,17422
37962141,100,H4,M,2026-07-15 17:00:00,0.58378,0.58634,0.58376,0.58498,8075
37962142,100,H4,M,2026-07-15 21:00:00,0.58496,0.58539,0.58402,0.5844,6390
37962143,100,H4,M,2026-07-16 01:00:00,0.5844,0.58534,0.58342,0.58483,10206
37962144,100,H4,M,2026-07-16 05:00:00,0.58484,0.58583,0.58472,0.58508,11787
37962145,100,H4,M,2026-07-16 09:00:00,0.58508,0.58574,0.58453,0.58458,12148
37962146,100,H4,M,2026-07-16 13:00:00,0.58459,0.58554,0.58354,0.58376,14891
37962147,100,H4,M,2026-07-16 17:00:00,0.58374,0.58432,0.58336,0.58427,6397
37962148,100,H4,M,2026-07-16 21:00:00,0.58421,0.58464,0.58362,0.58462,5312
37962149,100,H4,M,2026-07-17 01:00:00,0.58462,0.58486,0.58328,0.58345,10237
37962150,100,H4,M,2026-07-17 05:00:00,0.58346,0.5846,0.58295,0.58295,14499
37962151,100,H4,M,2026-07-17 09:00:00,0.58295,0.58351,0.58251,0.58271,11413
37962152,100,H4,M,2026-07-17 13:00:00,0.58272,0.58484,0.58254,0.5845,16037
37962153,100,H4,M,2026-07-17 17:00:00,0.58453,0.58464,0.58402,0.58431,5363
37962154,100,H4,M,2026-07-19 21:00:00,0.58287,0.58442,0.58266,0.58411,7886
37962155,100,H4,M,2026-07-20 01:00:00,0.58412,0.5861,0.5839,0.58586,9942
37962156,100,H4,M,2026-07-20 05:00:00,0.58586,0.58638,0.58468,0.58544,11330
37962157,100,H4,M,2026-07-20 09:00:00,0.58542,0.58633,0.58474,0.58534,11619
37962158,100,H4,M,2026-07-20 13:00:00,0.58532,0.5855,0.58408,0.58452,13954
37962159,100,H4,M,2026-07-20 17:00:00,0.58452,0.5848,0.5838,0.58386,6397
37962160,100,H4,M,2026-07-20 21:00:00,0.58376,0.58644,0.58318,0.58604,8336
37962161,100,H4,M,2026-07-21 01:00:00,0.58606,0.58726,0.58582,0.58641,10739
37962162,100,H4,M,2026-07-21 05:00:00,0.58641,0.5867,0.58548,0.58592,9455
37962163,100,H4,M,2026-07-21 09:00:00,0.58592,0.58641,0.58372,0.58398,9637
37962164,100,H4,M,2026-07-21 13:00:00,0.58398,0.58402,0.58226,0.58334,14057
37962165,100,H4,M,2026-07-21 17:00:00,0.58334,0.58345,0.58255,0.58274,4854
37962166,100,H4,M,2026-07-21 21:00:00,0.5827,0.58325,0.58226,0.5832,6457
37962167,100,H4,M,2026-07-22 01:00:00,0.5832,0.58337,0.58238,0.58264,9731
37962168,100,H4,M,2026-07-22 05:00:00,0.58264,0.58292,0.58126,0.58178,12282
37962169,100,H4,M,2026-07-22 09:00:00,0.58179,0.58204,0.58106,0.58131,12112
37962170,100,H4,M,2026-07-22 13:00:00,0.58132,0.58238,0.58132,0.58176,12806
37962171,100,H4,M,2026-07-22 17:00:00,0.58176,0.58186,0.58136,0.58161,4921
37962172,100,H4,M,2026-07-22 21:00:00,0.58157,0.58208,0.58088,0.58175,4923
37962173,100,H4,M,2026-07-23 01:00:00,0.58174,0.58218,0.58126,0.5818,11692
37962174,100,H4,M,2026-07-23 05:00:00,0.58178,0.58234,0.57936,0.57962,11187
37962175,100,H4,M,2026-07-23 09:00:00,0.5796,0.58012,0.5772,0.57783,12449
37962176,100,H4,M,2026-07-23 13:00:00,0.57782,0.57816,0.57623,0.57768,18808
37962177,100,H4,M,2026-07-23 17:00:00,0.57766,0.57773,0.57676,0.57719,5837
37962178,100,H4,M,2026-07-23 21:00:00,0.57721,0.57836,0.57688,0.57834,6398
37962179,100,H4,M,2026-07-24 01:00:00,0.57835,0.57858,0.57722,0.57744,10708
37962180,100,H4,M,2026-07-24 05:00:00,0.57746,0.5791,0.57742,0.57859,11645
37962181,100,H4,M,2026-07-24 09:00:00,0.57858,0.57909,0.57782,0.57797,8722
37962182,100,H4,M,2026-07-24 13:00:00,0.57798,0.58028,0.57772,0.57968,15268
37962183,100,H4,M,2026-07-24 17:00:00,0.57969,0.57969,0.57852,0.57906,5226
37962184,100,H4,M,2026-07-26 21:00:00,0.58035,0.58102,0.57938,0.5802,7764
37962185,100,H4,M,2026-07-27 01:00:00,0.5802,0.5806,0.57879,0.57973,9792
37962186,100,H4,M,2026-07-27 05:00:00,0.57973,0.58085,0.5796,0.57996,9366
37962187,100,H4,M,2026-07-27 09:00:00,0.57994,0.57998,0.57848,0.57889,9178
37962188,100,H4,M,2026-07-27 13:00:00,0.57888,0.57922,0.57776,0.57818,14225
37962189,100,H4,M,2026-07-27 17:00:00,0.57818,0.57818,0.57727,0.57744,5414
37962190,100,H4,M,2026-07-27 21:00:00,0.57772,0.57782,0.57662,0.57734,10611
37962191,100,H4,M,2026-07-28 01:00:00,0.57736,0.57786,0.57658,0.57666,10890
37962192,100,H4,M,2026-07-28 05:00:00,0.57667,0.5777,0.57621,0.57728,10990
37962193,100,H4,M,2026-07-28 09:00:00,0.5773,0.5775,0.57641,0.57725,9661
37962194,100,H4,M,2026-07-28 13:00:00,0.57723,0.57986,0.57709,0.57935,13779
37962195,100,H4,M,2026-07-28 17:00:00,0.57934,0.57947,0.57858,0.57864,5225
37962196,100,H4,M,2026-07-28 21:00:00,0.57848,0.5789,0.57783,0.5782,7455
37962197,100,H4,M,2026-07-29 01:00:00,0.5782,0.57886,0.57745,0.57874,13001
37962198,100,H4,M,2026-07-29 05:00:00,0.57875,0.57944,0.57802,0.5784,8685
37962199,100,H4,M,2026-07-29 09:00:00,0.57838,0.57853,0.57696,0.5776,10081
37962200,100,H4,M,2026-07-29 13:00:00,0.57762,0.57867,0.5762,0.57662,13179
37962201,100,H4,M,2026-07-29 17:00:00,0.57664,0.58269,0.57657,0.57962,33654
37962202,100,H4,M,2026-07-29 21:00:00,0.57953,0.58081,0.57908,0.57991,11070
37962203,100,H4,M,2026-07-30 01:00:00,0.57994,0.58128,0.57994,0.58058,10082
37962204,100,H4,M,2026-07-30 05:00:00,0.58058,0.58204,0.5799,0.58194,13904
37962205,100,H4,M,2026-07-30 09:00:00,0.58193,0.58456,0.58192,0.58351,16311
37962206,100,H4,M,2026-07-30 13:00:00,0.58352,0.58806,0.5834,0.58774,30820
37962207,100,H4,M,2026-07-30 17:00:00,0.58773,0.58834,0.58734,0.58798,8685
37962208,100,H4,M,2026-07-30 21:00:00,0.58659,0.58831,0.58659,0.58713,7557
37962209,100,H4,M,2026-07-31 01:00:00,0.58713,0.58731,0.58627,0.58676,9767
37962210,100,H4,M,2026-07-31 05:00:00,0.58676,0.58885,0.58646,0.5885,14483
37962211,100,H4,M,2026-07-31 09:00:00,0.58848,0.58883,0.58554,0.58584,13321
37962212,100,H4,M,2026-07-31 13:00:00,0.58584,0.58799,0.58492,0.58786,23703
37969412,7,H4,M,2026-07-31 17:00:00,1.15172,1.15476,1.1517,1.15306,35071
37969413,7,H4,M,2026-08-02 21:00:00,1.15485,1.1559,1.1535,1.15424,26292
37969414,7,H4,M,2026-08-03 01:00:00,1.15426,1.1546,1.1527,1.15342,19116
37969415,29,H4,M,2026-07-31 17:00:00,0.80886,0.80892,0.80674,0.80706,18560
37969416,29,H4,M,2026-08-02 21:00:00,0.80659,0.80817,0.80564,0.80686,12713
37969417,29,H4,M,2026-08-03 01:00:00,0.80685,0.8095,0.80662,0.80868,11447
37969418,46,H4,M,2026-07-31 17:00:00,183.551,183.778,181.4,181.551,64600
37969419,46,H4,M,2026-08-02 21:00:00,181.516,182.239,179.369,180.21,51317
37969420,46,H4,M,2026-08-03 01:00:00,180.21,180.622,179.443,180.467,45051
37969421,48,H4,M,2026-07-31 17:00:00,159.369,159.511,157.275,157.434,120840
37969422,48,H4,M,2026-08-02 21:00:00,157.165,157.888,155.226,156.126,104854
37969423,48,H4,M,2026-08-03 01:00:00,156.129,156.646,155.436,156.465,82984
37969424,54,H4,M,2026-07-31 17:00:00,214.588,214.862,212.112,212.252,78101
37969425,54,H4,M,2026-08-02 21:00:00,212.092,212.99,209.575,210.58,63984
37969426,54,H4,M,2026-08-03 01:00:00,210.581,211.027,209.682,210.792,60573
37969427,60,H4,M,2026-07-31 17:00:00,0.70257,0.70424,0.70236,0.70304,14623
37969428,60,H4,M,2026-08-02 21:00:00,0.70456,0.70503,0.70386,0.7042,11458
37969429,60,H4,M,2026-08-03 01:00:00,0.70423,0.7043,0.70276,0.70308,9052
37969430,69,H4,M,2026-07-31 17:00:00,1.34648,1.34954,1.34647,1.34838,53894
37969431,69,H4,M,2026-08-02 21:00:00,1.34946,1.35065,1.34826,1.34874,35875
37969432,69,H4,M,2026-08-03 01:00:00,1.34874,1.34916,1.34642,1.34722,41577
37969433,78,H4,M,2026-07-31 17:00:00,1.40301,1.40311,1.40098,1.40136,27943
37969434,78,H4,M,2026-08-02 21:00:00,1.40108,1.4022,1.4005,1.40217,17777
37969435,78,H4,M,2026-08-03 01:00:00,1.40218,1.40356,1.40197,1.40332,14187
37969436,88,H4,M,2026-07-31 17:00:00,0.85537,0.85576,0.85498,0.8552,18655
37969437,88,H4,M,2026-08-02 21:00:00,0.8558,0.85636,0.85538,0.85582,8838
37969438,88,H4,M,2026-08-03 01:00:00,0.85582,0.85629,0.8557,0.85614,6998
37969439,100,H4,M,2026-07-31 17:00:00,0.58786,0.58958,0.58783,0.58892,13403
37969440,100,H4,M,2026-08-02 21:00:00,0.5901,0.59084,0.58941,0.58981,11680
37969441,100,H4,M,2026-08-03 01:00:00,0.58982,0.59002,0.58778,0.58806,10625
37969442,29,D,M,2026-07-30 21:00:00,0.80508,0.81292,0.8049,0.80706,101433
37969443,46,D,M,2026-07-30 21:00:00,183.841,185.17,181.4,181.551,329204
37969444,48,D,M,2026-07-30 21:00:00,159.495,160.884,157.275,157.434,586168
37969445,54,D,M,2026-07-30 21:00:00,214.805,216.334,212.112,212.252,410280
37969446,60,D,M,2026-07-30 21:00:00,0.70236,0.70447,0.69914,0.70304,78868
37969447,69,D,M,2026-07-30 21:00:00,1.34674,1.34954,1.34003,1.34838,285415
37969448,78,D,M,2026-07-30 21:00:00,1.40103,1.40588,1.4003,1.40136,133272
37969449,88,D,M,2026-07-30 21:00:00,0.8558,0.8566,0.85424,0.8552,79361
37969450,100,D,M,2026-07-30 21:00:00,0.58659,0.58958,0.58492,0.58892,82234
37969451,7,H4,M,2026-08-03 05:00:00,1.15342,1.15388,1.15206,1.15228,21635
37969452,7,H4,M,2026-08-03 09:00:00,1.15226,1.15352,1.15169,1.15281,19910
37969453,7,H4,M,2026-08-03 13:00:00,1.15282,1.15351,1.15004,1.15068,32267
37969454,7,H4,M,2026-08-03 17:00:00,1.15069,1.15148,1.15014,1.15084,10386
37969455,7,H4,M,2026-08-03 21:00:00,1.15118,1.1515,1.15048,1.15055,9347
37969456,7,H4,M,2026-08-04 01:00:00,1.15054,1.15146,1.15022,1.15104,12260
37969457,7,H4,M,2026-08-04 05:00:00,1.15102,1.15172,1.15038,1.15079,18330
37969458,7,H4,M,2026-08-04 09:00:00,1.15078,1.15234,1.15032,1.15149,23182
37969459,7,H4,M,2026-08-04 13:00:00,1.15148,1.15309,1.15093,1.15187,27621
37969460,7,H4,M,2026-08-04 17:00:00,1.15188,1.15341,1.15186,1.15324,10349
37969461,7,H4,M,2026-08-04 21:00:00,1.15286,1.15356,1.15285,1.15314,6676
37969462,7,H4,M,2026-08-05 01:00:00,1.15315,1.15406,1.15268,1.15362,13337
37969463,7,H4,M,2026-08-05 05:00:00,1.15362,1.15468,1.15312,1.15356,19891
37969464,7,H4,M,2026-08-05 09:00:00,1.15357,1.15572,1.15336,1.15457,21169
37969465,29,H4,M,2026-08-03 05:00:00,0.80868,0.80949,0.80786,0.80894,11325
37969466,29,H4,M,2026-08-03 09:00:00,0.80895,0.8094,0.8078,0.80905,11551
37969467,29,H4,M,2026-08-03 13:00:00,0.80904,0.81155,0.80866,0.81099,17296
37969468,29,H4,M,2026-08-03 17:00:00,0.811,0.8115,0.80984,0.81042,7221
37969469,29,H4,M,2026-08-03 21:00:00,0.81031,0.81084,0.80946,0.81022,7871
37969470,29,H4,M,2026-08-04 01:00:00,0.81022,0.81056,0.80966,0.81017,11597
37969471,29,H4,M,2026-08-04 05:00:00,0.81018,0.81065,0.8096,0.81015,10055
37969472,29,H4,M,2026-08-04 09:00:00,0.81014,0.81042,0.80812,0.80888,11831
37969473,29,H4,M,2026-08-04 13:00:00,0.80886,0.81034,0.80801,0.81019,15005
37969474,29,H4,M,2026-08-04 17:00:00,0.8102,0.81024,0.80888,0.80899,6952
37969475,29,H4,M,2026-08-04 21:00:00,0.80958,0.80958,0.80866,0.80893,5569
37969476,29,H4,M,2026-08-05 01:00:00,0.80892,0.80924,0.80742,0.80822,9373
37969477,29,H4,M,2026-08-05 05:00:00,0.80823,0.81016,0.8075,0.80984,11310
37969478,29,H4,M,2026-08-05 09:00:00,0.80985,0.80994,0.8083,0.80942,11773
37969479,46,H4,M,2026-08-03 05:00:00,180.466,180.902,180.365,180.891,38510
37969480,46,H4,M,2026-08-03 09:00:00,180.89,181.156,180.529,180.786,42395
37969481,46,H4,M,2026-08-03 13:00:00,180.784,180.858,180.039,180.534,51644
37969482,46,H4,M,2026-08-03 17:00:00,180.534,180.944,180.409,180.905,27185
37969483,46,H4,M,2026-08-03 21:00:00,180.965,181.428,180.902,181.211,22183
37969484,46,H4,M,2026-08-04 01:00:00,181.212,181.558,181.209,181.34,31685
37969485,46,H4,M,2026-08-04 05:00:00,181.344,181.688,181.274,181.601,34471
37969486,46,H4,M,2026-08-04 09:00:00,181.602,181.8,181.182,181.396,45316
37969487,46,H4,M,2026-08-04 13:00:00,181.396,181.622,181.182,181.512,49533
37969488,46,H4,M,2026-08-04 17:00:00,181.51,181.988,181.483,181.922,29501
37969489,46,H4,M,2026-08-04 21:00:00,181.891,181.97,181.588,181.69,17545
37969490,46,H4,M,2026-08-05 01:00:00,181.692,181.892,181.54,181.87,39751
37969491,46,H4,M,2026-08-05 05:00:00,181.875,182.174,181.768,182.058,35432
37969492,46,H4,M,2026-08-05 09:00:00,182.059,182.142,181.864,181.993,39045
37969493,48,H4,M,2026-08-03 05:00:00,156.466,156.986,156.324,156.986,61180
37969494,48,H4,M,2026-08-03 09:00:00,156.987,157.139,156.571,156.822,58874
37969495,48,H4,M,2026-08-03 13:00:00,156.822,157.037,156.238,156.893,78459
37969496,48,H4,M,2026-08-03 17:00:00,156.891,157.227,156.676,157.196,36895
37969497,48,H4,M,2026-08-03 21:00:00,157.201,157.672,157.19,157.502,34848
37969498,48,H4,M,2026-08-04 01:00:00,157.502,157.747,157.394,157.546,44379
37969499,48,H4,M,2026-08-04 05:00:00,157.548,157.844,157.502,157.805,42618
37969500,48,H4,M,2026-08-04 09:00:00,157.806,157.96,157.304,157.532,59268
37969501,48,H4,M,2026-08-04 13:00:00,157.532,157.64,157.214,157.578,63176
37969502,48,H4,M,2026-08-04 17:00:00,157.58,157.836,157.526,157.746,38727
37969503,48,H4,M,2026-08-04 21:00:00,157.772,157.818,157.45,157.56,22707
37969504,48,H4,M,2026-08-05 01:00:00,157.561,157.702,157.306,157.653,62551
37969505,48,H4,M,2026-08-05 05:00:00,157.654,157.876,157.522,157.822,49001
37969506,48,H4,M,2026-08-05 09:00:00,157.822,157.868,157.418,157.63,44266
37969507,54,H4,M,2026-08-03 05:00:00,210.792,211.24,210.683,211.222,51997
37969508,54,H4,M,2026-08-03 09:00:00,211.223,211.438,210.858,211.148,52716
37969509,54,H4,M,2026-08-03 13:00:00,211.148,211.188,210.22,210.635,65826
37969510,54,H4,M,2026-08-03 17:00:00,210.632,211.206,210.438,211.161,38841
37969511,54,H4,M,2026-08-03 21:00:00,211.104,211.671,211.088,211.436,32473
37969512,54,H4,M,2026-08-04 01:00:00,211.434,211.856,211.378,211.521,42485
37969513,54,H4,M,2026-08-04 05:00:00,211.522,212.132,211.452,212.122,48435
37969514,54,H4,M,2026-08-04 09:00:00,212.123,212.336,211.519,211.768,58959
37969515,54,H4,M,2026-08-04 13:00:00,211.768,211.976,211.444,211.885,62509
37969516,54,H4,M,2026-08-04 17:00:00,211.888,212.282,211.848,212.204,46641
37969517,54,H4,M,2026-08-04 21:00:00,212.136,212.296,211.822,211.932,24366
37969518,54,H4,M,2026-08-05 01:00:00,211.933,212.148,211.704,212.12,47563
37969519,54,H4,M,2026-08-05 05:00:00,212.126,212.565,212.03,212.376,45578
37969520,54,H4,M,2026-08-05 09:00:00,212.378,212.534,212.22,212.323,44182
37969521,60,H4,M,2026-08-03 05:00:00,0.70308,0.70377,0.70076,0.70094,10404
37969522,60,H4,M,2026-08-03 09:00:00,0.70094,0.70108,0.69964,0.69984,8695
37969523,60,H4,M,2026-08-03 13:00:00,0.69984,0.70006,0.6984,0.6997,14021
37969524,60,H4,M,2026-08-03 17:00:00,0.6997,0.70014,0.69918,0.70008,4736
37969525,60,H4,M,2026-08-03 21:00:00,0.70021,0.70062,0.69964,0.70001,4812
37969526,60,H4,M,2026-08-04 01:00:00,0.7,0.70236,0.69972,0.70192,9508
37969527,60,H4,M,2026-08-04 05:00:00,0.7019,0.70246,0.70119,0.70228,9183
37969528,60,H4,M,2026-08-04 09:00:00,0.70228,0.70376,0.70204,0.70334,10364
37969529,60,H4,M,2026-08-04 13:00:00,0.70332,0.7042,0.70304,0.70382,13380
37969530,60,H4,M,2026-08-04 17:00:00,0.70382,0.70486,0.70382,0.70464,7105
37969531,60,H4,M,2026-08-04 21:00:00,0.7044,0.70534,0.70412,0.70435,5232
37969532,60,H4,M,2026-08-05 01:00:00,0.70436,0.7056,0.70398,0.70486,10052
37969533,60,H4,M,2026-08-05 05:00:00,0.70484,0.70509,0.70401,0.70432,12328
37969534,60,H4,M,2026-08-05 09:00:00,0.7043,0.70543,0.70404,0.70476,9512
37969535,69,H4,M,2026-08-03 05:00:00,1.34721,1.3478,1.3453,1.34548,42893
37969536,69,H4,M,2026-08-03 09:00:00,1.34546,1.34712,1.34481,1.34642,37709
37969537,69,H4,M,2026-08-03 13:00:00,1.34642,1.34672,1.34226,1.34254,44478
37969538,69,H4,M,2026-08-03 17:00:00,1.34255,1.34346,1.34176,1.34333,21334
37969539,69,H4,M,2026-08-03 21:00:00,1.34298,1.34334,1.34241,1.34244,19975
37969540,69,H4,M,2026-08-04 01:00:00,1.34245,1.34334,1.34202,1.3426,34965
37969541,69,H4,M,2026-08-04 05:00:00,1.3426,1.34426,1.34196,1.34424,36004
37969542,69,H4,M,2026-08-04 09:00:00,1.34422,1.3455,1.34361,1.34428,35792
37969543,69,H4,M,2026-08-04 13:00:00,1.3443,1.34562,1.34379,1.34462,41571
37969544,69,H4,M,2026-08-04 17:00:00,1.34462,1.34546,1.34397,1.34524,22842
37969545,69,H4,M,2026-08-04 21:00:00,1.34478,1.34562,1.34455,1.34508,18860
37969546,69,H4,M,2026-08-05 01:00:00,1.34509,1.346,1.3444,1.3455,30198
37969547,69,H4,M,2026-08-05 05:00:00,1.3455,1.34706,1.3451,1.34568,37903
37969548,69,H4,M,2026-08-05 09:00:00,1.34568,1.3484,1.3455,1.347,31212
37969549,78,H4,M,2026-08-03 05:00:00,1.40333,1.40447,1.40275,1.40418,18813
37969550,78,H4,M,2026-08-03 09:00:00,1.40419,1.40456,1.40272,1.40392,16768
37969551,78,H4,M,2026-08-03 13:00:00,1.40393,1.40497,1.4034,1.40435,23909
37969552,78,H4,M,2026-08-03 17:00:00,1.40436,1.40538,1.40422,1.40465,10310
37969553,78,H4,M,2026-08-03 21:00:00,1.40467,1.40484,1.4039,1.40436,9837
37969554,78,H4,M,2026-08-04 01:00:00,1.40437,1.40482,1.40398,1.40446,26035
37969555,78,H4,M,2026-08-04 05:00:00,1.40446,1.40656,1.40392,1.40393,21932
37969556,78,H4,M,2026-08-04 09:00:00,1.40392,1.40648,1.40352,1.40634,22198
37969557,78,H4,M,2026-08-04 13:00:00,1.40636,1.40802,1.40519,1.40764,23581
37969558,78,H4,M,2026-08-04 17:00:00,1.40762,1.40788,1.40608,1.40614,12668
37969559,78,H4,M,2026-08-04 21:00:00,1.40655,1.40702,1.40629,1.40676,7889
37969560,78,H4,M,2026-08-05 01:00:00,1.40677,1.40759,1.40642,1.40731,12086
37969561,78,H4,M,2026-08-05 05:00:00,1.40734,1.40802,1.40656,1.40692,17542
37969562,78,H4,M,2026-08-05 09:00:00,1.40692,1.40702,1.4041,1.40514,21088
37969563,88,H4,M,2026-08-03 05:00:00,0.85616,0.85646,0.85584,0.85642,9375
37969564,88,H4,M,2026-08-03 09:00:00,0.85644,0.85682,0.85592,0.8562,9125
37969565,88,H4,M,2026-08-03 13:00:00,0.8562,0.85709,0.85605,0.85709,13183
37969566,88,H4,M,2026-08-03 17:00:00,0.85708,0.85736,0.85664,0.8567,5922
37969567,88,H4,M,2026-08-03 21:00:00,0.85718,0.85728,0.8568,0.85708,5477
37969568,88,H4,M,2026-08-04 01:00:00,0.85707,0.85736,0.85699,0.85732,5469
37969569,88,H4,M,2026-08-04 05:00:00,0.8573,0.85742,0.85608,0.8561,8101
37969570,88,H4,M,2026-08-04 09:00:00,0.85612,0.85672,0.85608,0.85658,9063
37969571,88,H4,M,2026-08-04 13:00:00,0.85656,0.85716,0.85631,0.85666,10742
37969572,88,H4,M,2026-08-04 17:00:00,0.85665,0.85757,0.85665,0.85729,5711
37969573,88,H4,M,2026-08-04 21:00:00,0.85732,0.85752,0.85692,0.85732,5007
37969574,88,H4,M,2026-08-05 01:00:00,0.85732,0.85756,0.85724,0.8574,6238
37969575,88,H4,M,2026-08-05 05:00:00,0.8574,0.85745,0.85666,0.85725,8733
37969576,88,H4,M,2026-08-05 09:00:00,0.85726,0.8574,0.85666,0.85716,9535
37969577,100,H4,M,2026-08-03 05:00:00,0.58806,0.58873,0.58688,0.58698,12777
37969578,100,H4,M,2026-08-03 09:00:00,0.587,0.58759,0.58614,0.58704,9837
37969579,100,H4,M,2026-08-03 13:00:00,0.58704,0.58723,0.58611,0.58661,14467
37969580,100,H4,M,2026-08-03 17:00:00,0.58662,0.58725,0.58602,0.58706,6542
37969581,100,H4,M,2026-08-03 21:00:00,0.58666,0.58723,0.58648,0.58668,6230
37969582,100,H4,M,2026-08-04 01:00:00,0.58669,0.58712,0.58638,0.58679,10790
37969583,100,H4,M,2026-08-04 05:00:00,0.58676,0.58734,0.58619,0.58706,9574
37969584,100,H4,M,2026-08-04 09:00:00,0.58708,0.58896,0.58676,0.58857,11437
37969585,100,H4,M,2026-08-04 13:00:00,0.58856,0.58943,0.588,0.5887,13038
37969586,100,H4,M,2026-08-04 17:00:00,0.58869,0.58964,0.58868,0.5895,6158
37969587,100,H4,M,2026-08-04 21:00:00,0.58886,0.58963,0.58714,0.58773,9099
37969588,100,H4,M,2026-08-05 01:00:00,0.58774,0.58816,0.58659,0.58716,11452
37969589,100,H4,M,2026-08-05 05:00:00,0.58714,0.58756,0.58602,0.58604,11225
37969590,100,H4,M,2026-08-05 09:00:00,0.58602,0.58768,0.58598,0.58678,11624
