id,instrument_id,granularity,timestamp,atr14,rsi14,swing_high,swing_low
87821,7,H4,2026-01-07 22:00:00,0.002021162245165823,35.52652278231851,,
87822,7,H4,2026-01-08 02:00:00,0.0019496506562253926,39.62649420575163,,
87823,7,H4,2026-01-08 06:00:00,0.001910389895066425,37.71454050635593,,
87824,7,H4,2026-01-08 10:00:00,0.001943219188275965,33.44604914876217,,
87825,7,H4,2026-01-08 14:00:00,0.002018703531970547,30.282364006910996,,
87826,7,H4,2026-01-08 18:00:00,0.0020187961368297873,34.76774442862056,,
87827,7,H4,2026-01-08 22:00:00,0.001973167841341941,32.10403046037007,,
87828,7,H4,2026-01-09 02:00:00,0.0019265129955318015,33.18386929918506,,
87829,7,H4,2026-01-09 06:00:00,0.0018817620672795358,30.82215197629408,,
87830,7,H4,2026-01-09 10:00:00,0.0019987790624738525,32.40683633175928,,
87831,7,H4,2026-01-09 14:00:00,0.0021017234151542836,28.702988897270743,,1.16182
87832,7,H4,2026-01-09 18:00:00,0.002025886028357544,31.671281708248657,,
87833,7,H4,2026-01-11 22:00:00,0.0022361798834748723,42.33598817856873,,
87834,7,H4,2026-01-12 02:00:00,0.002206452748940948,48.06724464462878,,
87835,7,H4,2026-01-12 06:00:00,0.0022745632668737252,52.94848788980512,,
87836,7,H4,2026-01-12 10:00:00,0.0022756658906684683,56.80064070860118,,
87837,7,H4,2026-01-12 14:00:00,0.002305261184192155,47.61088165776006,,
87838,7,H4,2026-01-12 18:00:00,0.0022184568138927177,47.00423088408795,,
87839,7,H4,2026-01-12 22:00:00,0.002164995612900371,44.238805442006345,,
87840,7,H4,2026-01-13 02:00:00,0.0020896387834074834,45.99150391671355,,
87841,7,H4,2026-01-13 06:00:00,0.0020746645845926546,49.71967981620466,,
87842,7,H4,2026-01-13 10:00:00,0.0021250456856931796,48.31425079656079,,
87843,7,H4,2026-01-13 14:00:00,0.0022532567081436773,40.6780716647632,,
87844,7,H4,2026-01-13 18:00:00,0.0021851669432762615,39.644607071845876,,
87845,7,H4,2026-01-13 22:00:00,0.0020919407330422424,38.22947436152578,,
87846,7,H4,2026-01-14 02:00:00,0.002033944966396364,40.13067461976493,,
87847,7,H4,2026-01-14 06:00:00,0.001980091754510922,44.84539067888248,,
87848,7,H4,2026-01-14 10:00:00,0.0019543709149029954,44.157550929438734,,
87849,7,H4,2026-01-14 14:00:00,0.0019304872781242069,42.89785087108513,,
87850,7,H4,2026-01-14 18:00:00,0.0018825953296867663,42.32891663963299,,
87851,7,H4,2026-01-14 22:00:00,0.0018466956632805643,39.582920487848206,,
87852,7,H4,2026-01-15 02:00:00,0.0017712174016176717,38.24689827329156,,
87853,7,H4,2026-01-15 06:00:00,0.001744701872930684,38.705600078594514,,
87854,7,H4,2026-01-15 10:00:00,0.0019222231677213464,27.760771876302172,,
87855,7,H4,2026-01-15 14:00:00,0.0019320643700269768,32.30216506395786,,
87856,7,H4,2026-01-15 18:00:00,0.0018997740578821874,32.54253332258493,,
87857,7,H4,2026-01-15 22:00:00,0.0018212187680334694,31.812675171848355,,
87858,7,H4,2026-01-16 02:00:00,0.0017497031417453516,31.716917677061275,,
87859,7,H4,2026-01-16 06:00:00,0.0017025814887635432,32.948583502714385,,
87860,7,H4,2026-01-16 10:00:00,0.00169096852528044,39.94773076453343,,
87861,7,H4,2026-01-16 14:00:00,0.0018773279163318349,31.897418826048266,,
87862,7,H4,2026-01-16 18:00:00,0.0018353759223081333,33.84107711878379,,
87863,7,H4,2026-01-18 22:00:00,0.00212999192785755,46.47205231011282,,1.15782
87864,7,H4,2026-01-19 02:00:00,0.0021342782187248614,48.68841884646776,,
87865,7,H4,2026-01-19 06:00:00,0.002198258345958806,47.3785754843034,,
87866,7,H4,2026-01-19 10:00:00,0.002151239892676025,50.739352208878394,,
87867,7,H4,2026-01-19 14:00:00,0.002121151328913453,56.47994048384618,,
87868,7,H4,2026-01-19 18:00:00,0.0020196405197053435,56.557825601285934,,
87869,7,H4,2026-01-19 22:00:00,0.001978237625440684,55.383674120336856,,
87870,7,H4,2026-01-20 02:00:00,0.0020662206521949163,62.73119213119932,,
87871,7,H4,2026-01-20 06:00:00,0.002422919177038141,76.35124196080494,,
87872,7,H4,2026-01-20 10:00:00,0.0026355678072497073,77.36915481677171,,
87873,7,H4,2026-01-20 14:00:00,0.002644455821017592,76.48283404845482,,
87874,7,H4,2026-01-20 18:00:00,0.002620566119516338,74.04680309791785,,
87875,7,H4,2026-01-20 22:00:00,0.0025590971109794554,74.4485026175781,,
87876,7,H4,2026-01-21 02:00:00,0.002527733031623773,68.4339662682578,,
87877,7,H4,2026-01-21 06:00:00,0.002519323529364934,62.01521936369295,,
87878,7,H4,2026-01-21 10:00:00,0.0026350861344102824,69.9543499226684,,
87879,7,H4,2026-01-21 14:00:00,0.0027754371248095433,56.927754612084556,,
87880,7,H4,2026-01-21 18:00:00,0.0027850487587517164,52.50909948432861,,
87881,7,H4,2026-01-21 22:00:00,0.002731830990269454,52.816427450287456,,
87882,7,H4,2026-01-22 02:00:00,0.0026352716338216313,52.63302518427353,,
87883,7,H4,2026-01-22 06:00:00,0.002541323659977228,53.89731886654367,,
87884,7,H4,2026-01-22 10:00:00,0.0025890862556931355,59.52888398201156,,
87885,7,H4,2026-01-22 14:00:00,0.0026898658088579117,66.29430274791878,,
87886,7,H4,2026-01-22 18:00:00,0.0026077325367966234,67.86093387406726,,
87887,7,H4,2026-01-22 22:00:00,0.002508608784168293,65.69364501009362,,
87888,7,H4,2026-01-23 02:00:00,0.0024065652995848416,66.016083639356,,
87889,7,H4,2026-01-23 06:00:00,0.0024110963496144938,60.08631985425515,,
87890,7,H4,2026-01-23 10:00:00,0.002362446610356316,59.60583483761135,,
87891,7,H4,2026-01-23 14:00:00,0.0026729861381880075,71.13569408969937,,
87892,7,H4,2026-01-23 18:00:00,0.002887058556888853,75.32443978882807,,
87893,7,H4,2026-01-25 22:00:00,0.0031808400885396416,78.37873444682914,,
87894,7,H4,2026-01-26 02:00:00,0.0031050657965010883,79.04683857369011,,
87895,7,H4,2026-01-26 06:00:00,0.0031039896681795687,78.57473044012971,,
87896,7,H4,2026-01-26 10:00:00,0.0030987046918810345,75.69113678424083,,
87897,7,H4,2026-01-26 14:00:00,0.003267368642460962,78.23785905155091,,
87898,7,H4,2026-01-26 18:00:00,0.003175413739428043,78.36632214520006,,
87899,7,H4,2026-01-26 22:00:00,0.0030271699008974752,77.87128387317506,,
87900,7,H4,2026-01-27 02:00:00,0.0030223720508333594,76.91203841670155,,
87901,7,H4,2026-01-27 06:00:00,0.0030879169043452506,78.53030583172844,,
87902,7,H4,2026-01-27 10:00:00,0.003327351411177733,82.21419822834656,,
87903,7,H4,2026-01-27 14:00:00,0.0036025405960936068,86.37021343455041,,
87904,7,H4,2026-01-27 18:00:00,0.004144501982086923,89.27432795684818,1.20831,
87905,7,H4,2026-01-27 22:00:00,0.0042391804119378635,75.60135670205307,,
87906,7,H4,2026-01-28 02:00:00,0.0041520960967994305,75.94032060358434,,
87907,7,H4,2026-01-28 06:00:00,0.004251946375599467,73.24094144417818,,
87908,7,H4,2026-01-28 10:00:00,0.0042553787773423595,65.92041479941554,,
87909,7,H4,2026-01-28 14:00:00,0.004372851721817906,62.131413184141365,,
87910,7,H4,2026-01-28 18:00:00,0.004477648027402331,63.843672308108445,,
87911,7,H4,2026-01-28 22:00:00,0.004390673168302168,64.88050884563481,,
87912,7,H4,2026-01-29 02:00:00,0.00436705365628058,67.46423317461989,,
87913,7,H4,2026-01-29 06:00:00,0.004377264109403397,61.23999352616746,,
87914,7,H4,2026-01-29 10:00:00,0.004297459530160284,61.30054552981871,,
87915,7,H4,2026-01-29 14:00:00,0.004464069563720257,61.197586685988014,,
87916,7,H4,2026-01-29 18:00:00,0.004328064594883105,63.64693902571769,,
87917,7,H4,2026-01-29 22:00:00,0.0044517742666771816,51.12205925570575,,
87918,7,H4,2026-01-30 02:00:00,0.004423076104771676,52.581703411532395,,
87919,7,H4,2026-01-30 06:00:00,0.004429999240145118,49.232366547592136,,
87920,7,H4,2026-01-30 10:00:00,0.004490713580134749,50.16470683011581,,
87921,7,H4,2026-01-30 14:00:00,0.00455994832441084,42.600612923243816,,
87922,7,H4,2026-01-30 18:00:00,0.004484237729810054,39.19751650116893,,
87923,7,H4,2026-02-01 22:00:00,0.004413935034823626,43.64189379749907,,
87924,7,H4,2026-02-02 02:00:00,0.004340082532336235,40.4571835112204,,
87925,7,H4,2026-02-02 06:00:00,0.0041986480657407845,43.056320685766856,,
87926,7,H4,2026-02-02 10:00:00,0.004280173203902166,36.8372692321271,,
87927,7,H4,2026-02-02 14:00:00,0.004257303689337723,34.13723365860274,,
87928,7,H4,2026-02-02 18:00:00,0.0041339248543850226,32.94831567079643,,
87929,7,H4,2026-02-02 22:00:00,0.004035073079071809,38.608818573729245,,
87930,7,H4,2026-02-03 02:00:00,0.00386113928770954,37.85060051509144,,
87931,7,H4,2026-02-03 06:00:00,0.0038160579100159904,35.456755487589106,,
87932,7,H4,2026-02-03 10:00:00,0.0037163394878719815,36.47328699594558,,
87933,7,H4,2026-02-03 14:00:00,0.0038023152387382706,41.58006797955403,,
87934,7,H4,2026-02-03 18:00:00,0.0036707212931141055,42.029494879897186,,
87935,7,H4,2026-02-03 22:00:00,0.003574241200748819,44.088243483705845,,
87936,7,H4,2026-02-04 02:00:00,0.003441795400695328,45.89873457763103,,
87937,7,H4,2026-02-04 06:00:00,0.0033873814435028057,41.85375734119825,,
87938,7,H4,2026-02-04 10:00:00,0.00330613991182404,44.305923202089105,,
87939,7,H4,2026-02-04 14:00:00,0.0033214156324080347,39.37788136163856,,
87940,7,H4,2026-02-04 18:00:00,0.0031920288015217396,41.551627128421366,,
87941,7,H4,2026-02-04 22:00:00,0.0030275981728416037,41.20037281620854,,
87942,7,H4,2026-02-05 02:00:00,0.002972769731924341,38.384301792319526,,
87943,7,H4,2026-02-05 06:00:00,0.002963286179644028,36.557601824679224,,
87944,7,H4,2026-02-05 10:00:00,0.003002337166812321,45.81440175180227,,
87945,7,H4,2026-02-05 14:00:00,0.003072170226325733,43.41569304577393,,
87946,7,H4,2026-02-05 18:00:00,0.003052015210159614,39.03404972448157,,
87947,7,H4,2026-02-05 22:00:00,0.0029968712665767888,40.87022095664986,,1.17656
87948,7,H4,2026-02-06 02:00:00,0.0029028090332498683,44.63547071553564,,
87949,7,H4,2026-02-06 06:00:00,0.0028111798165891605,43.17776779234081,,
87950,7,H4,2026-02-06 10:00:00,0.002792524115404224,48.39568796410091,,
87951,7,H4,2026-02-06 14:00:00,0.002743058107161065,50.42084503639176,,
87952,7,H4,2026-02-06 18:00:00,0.0026235539566495532,50.08661403440993,,
87953,7,H4,2026-02-08 22:00:00,0.0026075858168888677,52.5696284835033,,
87954,7,H4,2026-02-09 02:00:00,0.0025656154013967993,54.71977192799774,,
87955,7,H4,2026-02-09 06:00:00,0.002643785729868456,61.63529911343248,,
87956,7,H4,2026-02-09 10:00:00,0.0028163724634492856,68.9858085982726,,
87957,7,H4,2026-02-09 14:00:00,0.0028566315732029036,69.72341583425398,,
87958,7,H4,2026-02-09 18:00:00,0.0027861578894026987,70.71827880589866,,
87959,7,H4,2026-02-09 22:00:00,0.002722146611588216,67.310335051077,,
87960,7,H4,2026-02-10 02:00:00,0.0026227075679033473,67.58169393761719,,
87961,7,H4,2026-02-10 06:00:00,0.002582514170195962,68.91553150720064,,
87962,7,H4,2026-02-10 10:00:00,0.002606620300896253,65.2988295522278,,
87963,7,H4,2026-02-10 14:00:00,0.0026740045651179453,61.54965921884828,1.19288,
87964,7,H4,2026-02-10 18:00:00,0.0026022899533238103,61.19856275414718,,
87965,7,H4,2026-02-10 22:00:00,0.002528554956657829,61.95170358286822,,
87966,7,H4,2026-02-11 02:00:00,0.0025015153168965465,66.89165702369993,,
87967,7,H4,2026-02-11 06:00:00,0.0024349785085467984,66.71141248915171,,
87968,7,H4,2026-02-11 10:00:00,0.0029339086150791684,47.41446679278287,,
87969,7,H4,2026-02-11 14:00:00,0.0030286294282877942,53.552753765363775,,
87970,7,H4,2026-02-11 18:00:00,0.002970155897695796,49.76748420668653,,
87971,7,H4,2026-02-11 22:00:00,0.0028701447621461013,52.16944661607089,,
87972,7,H4,2026-02-12 02:00:00,0.002853705850564235,47.98202399650984,,
87973,7,H4,2026-02-12 06:00:00,0.0029041554326667903,53.566343688586755,,
87974,7,H4,2026-02-12 10:00:00,0.00284314433033344,52.96494196351009,,
87975,7,H4,2026-02-12 14:00:00,0.0028543483067382026,47.81443725303506,,
87976,7,H4,2026-02-12 18:00:00,0.002769037713399759,49.383043435544465,,
87977,7,H4,2026-02-12 22:00:00,0.0026455350195854857,48.30466958469727,,
87978,7,H4,2026-02-13 02:00:00,0.0025515682324722404,46.18666266950992,,
87979,7,H4,2026-02-13 06:00:00,0.002508599073009946,46.57477367260726,,
87980,7,H4,2026-02-13 10:00:00,0.002555841996366387,50.92627442863767,,
87981,7,H4,2026-02-13 14:00:00,0.0026247104251973575,51.11407284062724,,
87982,7,H4,2026-02-13 18:00:00,0.0025522311091118245,48.73725586773647,,
87983,7,H4,2026-02-15 22:00:00,0.0024685003156038328,47.92598868221105,,
87984,7,H4,2026-02-16 02:00:00,0.00234932172163214,47.78322697070081,,
87985,7,H4,2026-02-16 06:00:00,0.0022815130272298492,47.59238546481152,,
87986,7,H4,2026-02-16 10:00:00,0.0022514049538562867,43.92703378411172,,
87987,7,H4,2026-02-16 14:00:00,0.002213447457152278,41.58051044555951,,
87988,7,H4,2026-02-16 18:00:00,0.0021053440673556812,43.020794443050065,,
87989,7,H4,2026-02-16 22:00:00,0.0020363909196874125,40.53436985680026,,
87990,7,H4,2026-02-17 02:00:00,0.001974505853995447,39.50674171127616,,
87991,7,H4,2026-02-17 06:00:00,0.0019856125787100555,42.318918477568495,,
87992,7,H4,2026-02-17 10:00:00,0.002068068823087903,34.00996497259443,,
87993,7,H4,2026-02-17 14:00:00,0.002187492478581614,42.56997164623377,,
87994,7,H4,2026-02-17 18:00:00,0.0021448144443972114,48.50846364070011,,
87995,7,H4,2026-02-17 22:00:00,0.0021001848412259797,45.88184388378978,,
87996,7,H4,2026-02-18 02:00:00,0.0020073144954241176,45.69931935075423,,
87997,7,H4,2026-02-18 06:00:00,0.001991792031465249,42.192584531205846,,
87998,7,H4,2026-02-18 10:00:00,0.0020280926006462988,38.190663971320056,,
87999,7,H4,2026-02-18 14:00:00,0.002066085986314413,33.27235853526511,,
88000,7,H4,2026-02-18 18:00:00,0.002099936987291954,28.365857843689668,,
88001,7,H4,2026-02-18 22:00:00,0.002031370059628237,33.503265846826295,,
88002,7,H4,2026-02-19 02:00:00,0.0019641293410833653,32.79958691210234,,
88003,7,H4,2026-02-19 06:00:00,0.0019502629595774142,36.80210007056957,,
88004,7,H4,2026-02-19 10:00:00,0.002180958462464739,29.14605549995241,,
88005,7,H4,2026-02-19 14:00:00,0.0022651757151458314,29.330154836361103,,1.1742
88006,7,H4,2026-02-19 18:00:00,0.0022398060212068488,31.994231168033792,,
88007,7,H4,2026-02-19 22:00:00,0.0022291055911206397,29.316359476530792,,
88008,7,H4,2026-02-20 02:00:00,0.00213988376318345,28.580318836582663,,
88009,7,H4,2026-02-20 06:00:00,0.0021641777800989206,34.21304424303304,,
88010,7,H4,2026-02-20 10:00:00,0.002193879367234698,35.463191967002416,,
88011,7,H4,2026-02-20 14:00:00,0.0024100308410036483,40.51947555923248,,
88012,7,H4,2026-02-20 18:00:00,0.0023964572095033798,41.16299762710864,,
88013,7,H4,2026-02-22 22:00:00,0.002605281694538852,57.09012387659201,,
88014,7,H4,2026-02-23 02:00:00,0.002534190144928926,54.79778060591941,,
88015,7,H4,2026-02-23 06:00:00,0.0025946051345768556,48.563492235959714,,
88016,7,H4,2026-02-23 10:00:00,0.002602133339249932,47.046605011473474,,
88017,7,H4,2026-02-23 14:00:00,0.002571980957874942,48.094204243252534,,
88018,7,H4,2026-02-23 18:00:00,0.0025075537465981484,43.91509770773005,,
88019,7,H4,2026-02-23 22:00:00,0.00250558562184114,42.896571785183845,,
88020,7,H4,2026-02-24 02:00:00,0.0024516152202810524,42.27544228650465,,
88021,7,H4,2026-02-24 06:00:00,0.0024307855616895442,45.544671455598376,,
88022,7,H4,2026-02-24 10:00:00,0.0024228723072831394,40.564374987417224,,
88023,7,H4,2026-02-24 14:00:00,0.0024212385710486264,46.0562028928472,,
88024,7,H4,2026-02-24 18:00:00,0.0023432929588308713,42.345633073528695,,
88025,7,H4,2026-02-24 22:00:00,0.0022444863189143857,44.3110969004165,,
88026,7,H4,2026-02-25 02:00:00,0.002279165867563351,52.456546120260384,,
88027,7,H4,2026-02-25 06:00:00,0.0022763683055945414,48.06279533493408,,
88028,7,H4,2026-02-25 10:00:00,0.002250913426623497,43.72432883576333,,
88029,7,H4,2026-02-25 14:00:00,0.0023851338961503876,54.213540154756885,,
88030,7,H4,2026-02-25 18:00:00,0.002287624332139647,54.938224694087125,,
88031,7,H4,2026-02-25 22:00:00,0.0022792225941296726,59.37504505281813,,
88032,7,H4,2026-02-26 02:00:00,0.0022335638374061306,56.73235324605989,,
88033,7,H4,2026-02-26 06:00:00,0.002256166420448538,49.68222222127672,,
88034,7,H4,2026-02-26 10:00:00,0.002262154533273643,52.37339619499016,,
88035,7,H4,2026-02-26 14:00:00,0.0023991434951826734,44.177380416275675,,
88036,7,H4,2026-02-26 18:00:00,0.002440633245526767,50.06299198922952,,
88037,7,H4,2026-02-26 22:00:00,0.002385588013703415,48.14704624490716,,
88038,7,H4,2026-02-27 02:00:00,0.002380188869867459,52.93209554572161,,
88039,7,H4,2026-02-27 06:00:00,0.0024173182363054907,49.377732293231105,,
88040,7,H4,2026-02-27 10:00:00,0.0023725097908550955,48.69448839365083,,
88041,7,H4,2026-02-27 14:00:00,0.0024616162343654583,54.89831896179476,,
88042,7,H4,2026-02-27 18:00:00,0.002392215074767925,55.044672008687854,,
88043,7,H4,2026-03-01 22:00:00,0.002658485426570225,47.999667975047345,,
88044,7,H4,2026-03-02 02:00:00,0.0026800221818152137,42.104233327378026,,
88045,7,H4,2026-03-02 06:00:00,0.0029785920259712763,35.939280276254436,,
88046,7,H4,2026-03-02 10:00:00,0.0031379783098304825,30.86682057136376,,
88047,7,H4,2026-03-02 14:00:00,0.0032859798591283163,33.38355683391852,,
88048,7,H4,2026-03-02 18:00:00,0.0032998384406191616,30.956304303999772,,
88049,7,H4,2026-03-02 22:00:00,0.003218421409146376,33.0590162099102,,
88050,7,H4,2026-03-03 02:00:00,0.003229962737064488,28.909154122310426,,
88051,7,H4,2026-03-03 06:00:00,0.00352067968441703,22.692516402509526,,
88052,7,H4,2026-03-03 10:00:00,0.0035077739926729647,21.48135670417426,,
88053,7,H4,2026-03-03 14:00:00,0.0037993615646248944,21.473073251912922,,
88054,7,H4,2026-03-03 18:00:00,0.0037851214528659767,28.01934817351666,,
88055,7,H4,2026-03-03 22:00:00,0.0038411842062326903,26.03428298604213,,
88056,7,H4,2026-03-04 02:00:00,0.0037339567629303557,26.456620929105725,,
88057,7,H4,2026-03-04 06:00:00,0.003741531279863906,30.544497129600856,,
88058,7,H4,2026-03-04 10:00:00,0.0038049933313021923,36.88799150567487,,
88059,7,H4,2026-03-04 14:00:00,0.003745350950494887,37.43498931013996,,
88060,7,H4,2026-03-04 18:00:00,0.0036235401683166837,38.09942172486571,,
88061,7,H4,2026-03-04 22:00:00,0.003509715870579792,36.782529527204474,,
88062,7,H4,2026-03-05 02:00:00,0.0035290218798241005,31.32490460268569,,
88063,7,H4,2026-03-05 06:00:00,0.003727663174122366,39.3991494534455,,
88064,7,H4,2026-03-05 10:00:00,0.0037621158045422,35.38161840021887,,
88065,7,H4,2026-03-05 14:00:00,0.0038519646756463304,33.98933680288445,,
88066,7,H4,2026-03-05 18:00:00,0.003864681484528734,39.598772848353484,,
88067,7,H4,2026-03-05 22:00:00,0.003708632807062405,41.29396401597772,,
88068,7,H4,2026-03-06 02:00:00,0.0035544447494150863,39.68840190775539,,
88069,7,H4,2026-03-06 06:00:00,0.0036326986958854245,34.391657135108176,,
88070,7,H4,2026-03-06 10:00:00,0.0037032202176078993,31.635192930785024,,
88071,7,H4,2026-03-06 14:00:00,0.003917275916350203,42.09501292340234,,
88072,7,H4,2026-03-06 18:00:00,0.0038403276366108996,46.68231571715789,,
88073,7,H4,2026-03-08 21:00:00,0.004284589948281546,33.32498756732191,,
88074,7,H4,2026-03-09 01:00:00,0.00413854780911858,35.09213405396822,,1.15072
88075,7,H4,2026-03-09 05:00:00,0.004244365822752964,36.89336400413386,,
88076,7,H4,2026-03-09 09:00:00,0.00424262540684203,40.6427532775033,,
88077,7,H4,2026-03-09 13:00:00,0.004311009306353305,46.89091377703235,,
88078,7,H4,2026-03-09 17:00:00,0.0044495086416137895,54.389561185785105,,
88079,7,H4,2026-03-09 21:00:00,0.004375972310069946,52.646508786229994,,
88080,7,H4,2026-03-10 01:00:00,0.0042276885736363765,50.299718787089915,,
88081,7,H4,2026-03-10 05:00:00,0.004296425104090923,55.297189164838755,,
88082,7,H4,2026-03-10 09:00:00,0.004265966168084431,53.37620713468059,,
88083,7,H4,2026-03-10 13:00:00,0.004162682870364102,55.92956602549658,,
88084,7,H4,2026-03-10 17:00:00,0.004303919808195241,48.764198434213604,1.16672,
88085,7,H4,2026-03-10 21:00:00,0.004152925536181289,50.27477657516939,,
88086,7,H4,2026-03-11 01:00:00,0.004018430855025497,52.74419867320165,,
88087,7,H4,2026-03-11 05:00:00,0.004031400079666532,49.21269856064628,,
88088,7,H4,2026-03-11 09:00:00,0.004004871502547494,44.6286037539965,,
88089,7,H4,2026-03-11 13:00:00,0.00407309496665125,43.00031783103487,,
88090,7,H4,2026-03-11 17:00:00,0.0038935881833190183,42.41555156547956,,
88091,7,H4,2026-03-11 21:00:00,0.003903331884510531,39.36041344100233,,
88092,7,H4,2026-03-12 01:00:00,0.0037923796070454827,37.62576894432418,,
88093,7,H4,2026-03-12 05:00:00,0.003688638206542235,40.7926305148359,,
88094,7,H4,2026-03-12 09:00:00,0.0036658783346463675,39.55881973946796,,
88095,7,H4,2026-03-12 13:00:00,0.003685458453600202,36.98577499804635,,
88096,7,H4,2026-03-12 17:00:00,0.0035772114212001883,35.39500444693462,,
88097,7,H4,2026-03-12 21:00:00,0.0034466963196858992,38.622137199198676,,
88098,7,H4,2026-03-13 01:00:00,0.003413360868279762,35.55575592498964,,
88099,7,H4,2026-03-13 05:00:00,0.0036952636634026387,28.537681301929098,,
88100,7,H4,2026-03-13 09:00:00,0.0037413162588738795,36.17365375415437,,
88101,7,H4,2026-03-13 13:00:00,0.003871936526097163,32.13637048601123,,
88102,7,H4,2026-03-13 17:00:00,0.0038467982028045065,29.586344603428657,,1.1411
88103,7,H4,2026-03-15 21:00:00,0.0038505983311756145,37.56809010102534,,
88104,7,H4,2026-03-16 01:00:00,0.003696269878948783,36.04028906081517,,
88105,7,H4,2026-03-16 05:00:00,0.003654393459023866,36.707226096665,,
88106,7,H4,2026-03-16 09:00:00,0.003729079640522172,42.57173601100132,,
88107,7,H4,2026-03-16 13:00:00,0.003664859666199168,46.18834619089246,,
88108,7,H4,2026-03-16 17:00:00,0.0036487982614706637,48.38511667974041,,
88109,7,H4,2026-03-16 21:00:00,0.003557455528508472,46.20513860047473,,
88110,7,H4,2026-03-17 01:00:00,0.003421208705043592,47.09961269957232,,
88111,7,H4,2026-03-17 05:00:00,0.003549693797540478,49.70362000137183,,
88112,7,H4,2026-03-17 09:00:00,0.0034447156691447198,52.30787569785398,,
88113,7,H4,2026-03-17 13:00:00,0.0033815216927772325,53.05309244740453,,
88114,7,H4,2026-03-17 17:00:00,0.003287841571864574,55.36420217006469,,
88115,7,H4,2026-03-17 21:00:00,0.0031429957453028216,53.58858013635187,,
88116,7,H4,2026-03-18 01:00:00,0.002992781763495488,55.45531312533048,,
88117,7,H4,2026-03-18 05:00:00,0.0030047259232458138,53.128733456382186,,
88118,7,H4,2026-03-18 09:00:00,0.0031458169287282545,47.31910744948642,,
88119,7,H4,2026-03-18 13:00:00,0.003199687148104809,48.125472107101885,,
88120,7,H4,2026-03-18 17:00:00,0.0035089952089544683,37.14206939392528,,
88121,7,H4,2026-03-18 21:00:00,0.003424066979743442,42.51218009784096,,
88122,7,H4,2026-03-19 01:00:00,0.003353776481190339,41.643729501506954,,
88123,7,H4,2026-03-19 05:00:00,0.0033556495896767393,38.643238885368405,,
88124,7,H4,2026-03-19 09:00:00,0.003393817476128397,46.94529002305398,,
88125,7,H4,2026-03-19 13:00:00,0.0036499733706906535,55.59121839150009,,
88126,7,H4,2026-03-19 17:00:00,0.003964975272784175,62.77138777187035,,
88127,7,H4,2026-03-19 21:00:00,0.0038546198961567405,59.80189781936664,,
88128,7,H4,2026-03-20 01:00:00,0.003737147046431262,56.345891187030446,,
88129,7,H4,2026-03-20 05:00:00,0.0036730651145433116,58.08498361912929,,
88130,7,H4,2026-03-20 09:00:00,0.0037314176063616383,57.398700418825435,,
88131,7,H4,2026-03-20 13:00:00,0.0037648877773358057,56.30302891758467,,
88132,7,H4,2026-03-20 17:00:00,0.0036759672218118094,58.26635710960719,,
88133,7,H4,2026-03-22 21:00:00,0.0036555409916823947,52.56015453589391,,
88134,7,H4,2026-03-23 01:00:00,0.003530859492276499,53.69419835950066,,
88135,7,H4,2026-03-23 05:00:00,0.0035072266713996126,49.40662975915037,,
88136,7,H4,2026-03-23 09:00:00,0.0042238533377282035,62.286180771878406,,
88137,7,H4,2026-03-23 13:00:00,0.004375720956461908,58.13826862569293,1.16399,
88138,7,H4,2026-03-23 17:00:00,0.004425312316714622,60.75720398925061,,
88139,7,H4,2026-03-23 21:00:00,0.004370647151235006,56.44354925217844,,
88140,7,H4,2026-03-24 01:00:00,0.0042027437832896425,54.9329671046094,,
88141,7,H4,2026-03-24 05:00:00,0.0042039763701975175,56.19547383800945,,
88142,7,H4,2026-03-24 09:00:00,0.004060835200897694,55.420653860340494,,
88143,7,H4,2026-03-24 13:00:00,0.004055061257976437,55.012227848974284,,
88144,7,H4,2026-03-24 17:00:00,0.004275414025263844,59.25054968839933,,
88145,7,H4,2026-03-24 21:00:00,0.004176455880602145,61.715269002243886,,
88146,7,H4,2026-03-25 01:00:00,0.004070994746273415,55.844513396494094,,
88147,7,H4,2026-03-25 05:00:00,0.003991637978682446,56.67987935366665,,
88148,7,H4,2026-03-25 09:00:00,0.003902235265919427,54.085720271317335,,
88149,7,H4,2026-03-25 13:00:00,0.003934932746925177,48.99899739057966,,
88150,7,H4,2026-03-25 17:00:00,0.003852437550716236,47.327317311519856,,
88151,7,H4,2026-03-25 21:00:00,0.003654406297093645,47.11874039797435,,
88152,7,H4,2026-03-26 01:00:00,0.003519091561586955,49.76520821810105,,
88153,7,H4,2026-03-26 05:00:00,0.0034270135929021692,47.54886059475299,,
88154,7,H4,2026-03-26 09:00:00,0.003486512621980581,42.32577251213095,,
88155,7,H4,2026-03-26 13:00:00,0.003409618863267684,42.49103024990059,,
88156,7,H4,2026-03-26 17:00:00,0.0034482175158914133,41.157499658448465,,
88157,7,H4,2026-03-26 21:00:00,0.0033176305504706107,41.50270564617547,,
88158,7,H4,2026-03-27 01:00:00,0.0031813712254369895,45.36259101605724,,
88159,7,H4,2026-03-27 05:00:00,0.0031719875664772044,40.226604769566435,,
88160,7,H4,2026-03-27 09:00:00,0.003119702740300261,39.02100034009602,,
88161,7,H4,2026-03-27 13:00:00,0.003139009687421671,40.42869696469068,,
88162,7,H4,2026-03-27 17:00:00,0.003078366138320116,38.60293350215721,,
88163,7,H4,2026-03-29 21:00:00,0.003038482842725828,37.52661195070113,,
88164,7,H4,2026-03-30 01:00:00,0.0029635912111025653,40.18177393723271,,
88165,7,H4,2026-03-30 05:00:00,0.0029626204103095255,35.969163326148646,,
88166,7,H4,2026-03-30 09:00:00,0.002946718952430271,33.091872340526734,,
88167,7,H4,2026-03-30 13:00:00,0.003056239027256683,28.893829391037258,,1.14432
88168,7,H4,2026-03-30 17:00:00,0.0029265076681669134,29.574988689437262,,
88169,7,H4,2026-03-30 21:00:00,0.0029260428347264223,35.021508374601154,,
88170,7,H4,2026-03-31 01:00:00,0.002891325489388821,33.808544181943944,,
88171,7,H4,2026-03-31 05:00:00,0.0027919450972896235,33.364098006302555,,
88172,7,H4,2026-03-31 09:00:00,0.0029660918760546556,46.83647400331166,,
88173,7,H4,2026-03-31 13:00:00,0.0031770853134793177,56.68825695174933,,
88174,7,H4,2026-03-31 17:00:00,0.00312872207680222,59.45734219028366,,
88175,7,H4,2026-03-31 21:00:00,0.00309238478560205,63.62496494230963,,
88176,7,H4,2026-04-01 01:00:00,0.0030193573009161907,60.75166577359993,,
88177,7,H4,2026-04-01 05:00:00,0.0031522603508507482,66.3299654107064,,
88178,7,H4,2026-04-01 09:00:00,0.0032335274686471167,67.65547381253236,,
88179,7,H4,2026-04-01 13:00:00,0.0032068469351723286,69.85720866866534,1.16272,
88180,7,H4,2026-04-01 17:00:00,0.0033142150112314478,61.03387110656412,,
88181,7,H4,2026-04-01 21:00:00,0.003168913939000626,61.93356652782762,,
88182,7,H4,2026-04-02 01:00:00,0.0034682772290720123,47.71918495827965,,
88183,7,H4,2026-04-02 05:00:00,0.003390543141281142,45.496956054385784,,
88184,7,H4,2026-04-02 09:00:00,0.003311218631189636,45.379241286742065,,
88185,7,H4,2026-04-02 13:00:00,0.0033854173003903818,48.84742726921229,,
88186,7,H4,2026-04-02 17:00:00,0.0032650303503625002,48.99077027056281,,
88187,7,H4,2026-04-02 21:00:00,0.0030825281824794636,48.55121343437474,,
88188,7,H4,2026-04-03 01:00:00,0.002918061883730931,47.43093163358538,,
88189,7,H4,2026-04-03 05:00:00,0.0028310574634644384,50.027376904979064,,
88190,7,H4,2026-04-03 09:00:00,0.0028538390732169776,46.78171601238246,,
88191,7,H4,2026-04-03 13:00:00,0.0027899934251300637,43.72661251073909,,
88192,7,H4,2026-04-03 17:00:00,0.0027435653233350613,44.76255764927086,,
88193,7,H4,2026-04-05 21:00:00,0.0026811678002397026,42.05299806899911,,
88194,7,H4,2026-04-06 01:00:00,0.002649655814508281,46.2945434127428,,
88195,7,H4,2026-04-06 05:00:00,0.002794680399186262,54.994739489567024,,
88196,7,H4,2026-04-06 09:00:00,0.002758631799244395,54.41105576316324,,
88197,7,H4,2026-04-06 13:00:00,0.002818729527869799,51.79380909255206,,
88198,7,H4,2026-04-06 17:00:00,0.002750248847307684,51.256455211546914,,
88199,7,H4,2026-04-06 21:00:00,0.002635231072500002,49.40561278519274,,
88200,7,H4,2026-04-07 01:00:00,0.0025620002816071365,49.646083393600804,,
88201,7,H4,2026-04-07 05:00:00,0.0027032859757780544,60.00009272256875,,
88202,7,H4,2026-04-07 09:00:00,0.002723051263222478,55.45571597138253,,
88203,7,H4,2026-04-07 13:00:00,0.0027256904587065933,58.311003952732136,,
88204,7,H4,2026-04-07 17:00:00,0.0028081411402275584,64.13961003048149,,
88205,7,H4,2026-04-07 21:00:00,0.00337970248735416,74.95666721983605,,
88206,7,H4,2026-04-08 01:00:00,0.0032968665954002997,75.43987407873857,,
88207,7,H4,2026-04-08 05:00:00,0.003344947552871709,75.98327821826076,,
88208,7,H4,2026-04-08 09:00:00,0.003396022727666599,79.29564591719742,,
88209,7,H4,2026-04-08 13:00:00,0.0034734496756904164,69.20429780445747,,
88210,7,H4,2026-04-08 17:00:00,0.003525346127426814,63.89084631213148,,
88211,7,H4,2026-04-08 21:00:00,0.0033792499754677504,62.571023801802234,,
88212,7,H4,2026-04-09 01:00:00,0.003286446405791472,64.0428764676845,,
88213,7,H4,2026-04-09 05:00:00,0.0031988430910920777,64.94646983676937,,
88214,7,H4,2026-04-09 09:00:00,0.00312321144172836,67.16779835158215,,
88215,7,H4,2026-04-09 13:00:00,0.00318583919589062,70.68330406229694,,
88216,7,H4,2026-04-09 17:00:00,0.003158279253326998,67.03813806554669,,
88217,7,H4,2026-04-09 21:00:00,0.0030555450209465104,63.6552741021819,,
88218,7,H4,2026-04-10 01:00:00,0.002914434662307472,64.37045907074426,,
88219,7,H4,2026-04-10 05:00:00,0.002821975043571221,62.40296748242156,,
88220,7,H4,2026-04-10 09:00:00,0.002913976826173281,68.37566559772829,,
88221,7,H4,2026-04-10 13:00:00,0.002890121338589461,68.20896195885872,,
88222,7,H4,2026-04-10 17:00:00,0.0028015412429759226,68.95877817900153,,
88223,7,H4,2026-04-12 21:00:00,0.0030371454399062137,57.15541075704239,,
88224,7,H4,2026-04-13 01:00:00,0.0028902064799129113,56.763733425801504,,
88225,7,H4,2026-04-13 05:00:00,0.002842334588490568,56.70395134140568,,
88226,7,H4,2026-04-13 09:00:00,0.002776453546455522,59.54848615584742,,
88227,7,H4,2026-04-13 13:00:00,0.002828135435994417,64.87905778851774,,
88228,7,H4,2026-04-13 17:00:00,0.002921840047709104,70.24471439286874,,
88229,7,H4,2026-04-13 21:00:00,0.0028038514728727306,71.3062288704265,,
88230,7,H4,2026-04-14 01:00:00,0.002701433510524685,71.37857148484039,,
88231,7,H4,2026-04-14 05:00:00,0.002782759688344339,73.640196045603,,
88232,7,H4,2026-04-14 09:00:00,0.0027589911391768746,76.421320343021,,
88233,7,H4,2026-04-14 13:00:00,0.0027312060578070967,72.50891761217642,,
88234,7,H4,2026-04-14 17:00:00,0.002601119910820873,72.7687660955298,,
88235,7,H4,2026-04-14 21:00:00,0.002505325631476512,71.99519957387001,,
88236,7,H4,2026-04-15 01:00:00,0.0024542309435139006,69.68584304934392,,
88237,7,H4,2026-04-15 05:00:00,0.0023967858761200457,69.83739734118844,,
88238,7,H4,2026-04-15 09:00:00,0.0023755868849686134,69.27790591091834,,
88239,7,H4,2026-04-15 13:00:00,0.0023759021074708586,71.86692910129233,,
88240,7,H4,2026-04-15 17:00:00,0.0022926233855086495,71.06079024505189,,
88241,7,H4,2026-04-15 21:00:00,0.0022060074294008867,72.70915184212095,,
88242,7,H4,2026-04-16 01:00:00,0.0022405783273008292,73.12134244506838,,
88243,7,H4,2026-04-16 05:00:00,0.0023198227324936244,61.59907910384751,,
88244,7,H4,2026-04-16 09:00:00,0.002269121108744088,59.492143124233635,,
88245,7,H4,2026-04-16 13:00:00,0.0022520410295480803,56.62422484964074,,
88246,7,H4,2026-04-16 17:00:00,0.0022168952417232165,59.070992398491654,,
88247,7,H4,2026-04-16 21:00:00,0.0021306884387429837,57.41875360182926,,
88248,7,H4,2026-04-17 01:00:00,0.002066353550261331,58.69742680767134,,
88249,7,H4,2026-04-17 05:00:00,0.0020851854395283745,62.38007399921149,,
88250,7,H4,2026-04-17 09:00:00,0.0022676721938477743,72.25246202368807,,
88251,7,H4,2026-04-17 13:00:00,0.0025149813228586486,57.83702276093171,1.18492,
88252,7,H4,2026-04-17 17:00:00,0.0026081969426544546,47.978844689775705,,
88253,7,H4,2026-04-19 21:00:00,0.0026733257324648486,45.74754399453837,,
88254,7,H4,2026-04-20 01:00:00,0.0025680881801459373,47.086825059080034,,
88255,7,H4,2026-04-20 05:00:00,0.002563224738706938,47.67872387908428,,
88256,7,H4,2026-04-20 09:00:00,0.002525137257370742,48.84949463575055,,
88257,7,H4,2026-04-20 13:00:00,0.0025469131675585543,54.81020877731727,,
88258,7,H4,2026-04-20 17:00:00,0.002447847941304375,55.18872547834652,,
88259,7,H4,2026-04-20 21:00:00,0.0023465730883540687,53.70090204177243,,
88260,7,H4,2026-04-21 01:00:00,0.0022718178677573553,51.17842603464078,,
88261,7,H4,2026-04-21 05:00:00,0.00229025944863184,47.76893120951819,,
88262,7,H4,2026-04-21 09:00:00,0.0022280980594438656,45.883298046218485,,
88263,7,H4,2026-04-21 13:00:00,0.0023232339123407325,40.6675951053719,,
88264,7,H4,2026-04-21 17:00:00,0.0024787172043163907,41.55192798636959,,
88265,7,H4,2026-04-21 21:00:00,0.0024188088325795116,41.59454070745032,,
88266,7,H4,2026-04-22 01:00:00,0.002322465344538127,40.23610784290311,,
88267,7,H4,2026-04-22 05:00:00,0.002325146391356826,46.45515801161707,,
88268,7,H4,2026-04-22 09:00:00,0.002391921649117056,38.52071609633374,,
88269,7,H4,2026-04-22 13:00:00,0.0024582129598944083,34.815787905123386,,
88270,7,H4,2026-04-22 17:00:00,0.0023811977484733747,33.43951548910216,,
88271,7,H4,2026-04-22 21:00:00,0.0023632550521538453,35.80787015658585,,
88272,7,H4,2026-04-23 01:00:00,0.0023237368341428627,32.98802112358406,,
88273,7,H4,2026-04-23 05:00:00,0.0022763270602755153,33.66696204520204,,
88274,7,H4,2026-04-23 09:00:00,0.0022808751273986935,31.323400682799786,,
88275,7,H4,2026-04-23 13:00:00,0.0023550983325845007,36.38994443077096,,
88276,7,H4,2026-04-23 17:00:00,0.002426877023114181,31.591577545279748,,1.16692
88277,7,H4,2026-04-23 21:00:00,0.002324957235748891,32.910682253515674,,
88278,7,H4,2026-04-24 01:00:00,0.002276746004623981,31.41276287346156,,
88279,7,H4,2026-04-24 05:00:00,0.002255549861436545,36.71603705492339,,
88280,7,H4,2026-04-24 09:00:00,0.002340153442762498,44.93486517534373,,
88281,7,H4,2026-04-24 13:00:00,0.0023244281968508996,48.81566799796045,,
88282,7,H4,2026-04-24 17:00:00,0.0022469690399329876,48.67220716060288,,
88283,7,H4,2026-04-26 21:00:00,0.0022243283942234874,47.728117735941964,,
88284,7,H4,2026-04-27 01:00:00,0.0021833049374932333,51.94422499904201,,
88285,7,H4,2026-04-27 05:00:00,0.002270926013386568,59.28654558170538,,
88286,7,H4,2026-04-27 09:00:00,0.002230859869573249,57.50695469217758,,
88287,7,H4,2026-04-27 13:00:00,0.0022786555931751527,50.221270057257456,,
88288,7,H4,2026-04-27 17:00:00,0.0021958944793769282,48.356707636660055,,
88289,7,H4,2026-04-27 21:00:00,0.002109044873707146,47.62433934169451,,
88290,7,H4,2026-04-28 01:00:00,0.002035541668442348,45.332275513538995,,
88291,7,H4,2026-04-28 05:00:00,0.0020858601206964634,41.7383944452563,,
88292,7,H4,2026-04-28 09:00:00,0.0021140129692181473,39.950193630329814,,
88293,7,H4,2026-04-28 13:00:00,0.0021672977571311268,46.201625922142156,,
88294,7,H4,2026-04-28 17:00:00,0.0020917764887646135,47.15992225054038,,
88295,7,H4,2026-04-28 21:00:00,0.0020002210252814253,48.46311554009339,,
88296,7,H4,2026-04-29 01:00:00,0.0019459195234756185,44.39694868906763,,
88297,7,H4,2026-04-29 05:00:00,0.0019119252717987943,42.331492944580056,,
88298,7,H4,2026-04-29 09:00:00,0.001891787752384596,41.86538125875975,,
88299,7,H4,2026-04-29 13:00:00,0.0019109457700714064,36.6819400473205,,
88300,7,H4,2026-04-29 17:00:00,0.001987306786494876,33.871130192979095,,
88301,7,H4,2026-04-29 21:00:00,0.0019774991588880925,35.949692794088094,,
88302,7,H4,2026-04-30 01:00:00,0.0020269635046817965,30.31962415358383,,1.16551
88303,7,H4,2026-04-30 05:00:00,0.002165037540061666,40.68773326688232,,
88304,7,H4,2026-04-30 09:00:00,0.0023425348586286927,46.15118804448475,,
88305,7,H4,2026-04-30 13:00:00,0.002560210940155215,57.25630164152189,,
88306,7,H4,2026-04-30 17:00:00,0.002518767301572706,58.70158933588684,,
88307,7,H4,2026-04-30 21:00:00,0.0024245696371746456,57.41500304689285,,
88308,7,H4,2026-05-01 01:00:00,0.0023313860916621717,57.07819382584626,,
88309,7,H4,2026-05-01 05:00:00,0.0023748585136862984,62.10553479340308,,
88310,7,H4,2026-05-01 09:00:00,0.002476654334137279,65.70992818062572,,
88311,7,H4,2026-05-01 13:00:00,0.0026383218816988996,57.54220056781185,,
88312,7,H4,2026-05-01 17:00:00,0.0026270131758632663,51.50106803164546,,
88313,7,H4,2026-05-03 21:00:00,0.002646512234730169,53.33227040998899,,
88314,7,H4,2026-05-04 01:00:00,0.002591761360820863,53.99805287059881,,
88315,7,H4,2026-05-04 05:00:00,0.002590921263619375,50.31681241266122,,
88316,7,H4,2026-05-04 09:00:00,0.002657284030503719,46.875333294817274,,
88317,7,H4,2026-05-04 13:00:00,0.0027310494568963247,39.123466377746794,,
88318,7,H4,2026-05-04 17:00:00,0.0026845459242608627,42.725745750533086,,
88319,7,H4,2026-05-04 21:00:00,0.002556364072527948,41.232199033635716,,
88320,7,H4,2026-05-05 01:00:00,0.0024780523530616673,38.89998720853556,,
88321,7,H4,2026-05-05 05:00:00,0.0024453343278429862,43.31638281406337,,
88322,7,H4,2026-05-05 09:00:00,0.0023906675901399087,44.72454757764828,,
88323,7,H4,2026-05-05 13:00:00,0.0023770484765584855,47.45782782166529,,
88324,7,H4,2026-05-05 17:00:00,0.0022922592996614524,45.254494551283976,,
88325,7,H4,2026-05-05 21:00:00,0.0023706693496856343,54.90693926249283,,
88326,7,H4,2026-05-06 01:00:00,0.0023970501104223726,59.55907273455426,,
88327,7,H4,2026-05-06 05:00:00,0.002557260816820773,65.45491079241583,,
88328,7,H4,2026-05-06 09:00:00,0.0026953136156192964,62.09073694189996,1.17967,
88329,7,H4,2026-05-06 13:00:00,0.0026542197859321967,58.65943429256864,,
88330,7,H4,2026-05-06 17:00:00,0.0025553469440798885,59.691229459451584,,
88331,7,H4,2026-05-06 21:00:00,0.0024356793052170388,59.74532831161755,,
88332,7,H4,2026-05-07 01:00:00,0.0023817022119872436,60.37531545279425,,
88333,7,H4,2026-05-07 05:00:00,0.0024201520539881413,65.86662499683318,,
88334,7,H4,2026-05-07 09:00:00,0.0023615697644175627,66.15525929294523,,
88335,7,H4,2026-05-07 13:00:00,0.002346457638387728,60.38164673524608,,
88336,7,H4,2026-05-07 17:00:00,0.002454567807074317,47.404410426187816,,
88337,7,H4,2026-05-07 21:00:00,0.002362098677997584,48.47670340315162,,
88338,7,H4,2026-05-08 01:00:00,0.002274805915283465,51.20379788673038,,
88339,7,H4,2026-05-08 05:00:00,0.0023473197784775043,59.13470114109765,,
88340,7,H4,2026-05-08 09:00:00,0.0023310826514434052,61.51364109480578,,
88341,7,H4,2026-05-08 13:00:00,0.0023131481763403105,60.42593026280241,,
88342,7,H4,2026-05-08 17:00:00,0.0022729233066017115,63.75768252040957,,
88343,7,H4,2026-05-10 21:00:00,0.002374143070415873,58.043958681221795,,
88344,7,H4,2026-05-11 01:00:00,0.0023545614225290237,51.67837283761234,,
88345,7,H4,2026-05-11 05:00:00,0.002425664178062678,57.10948647045287,,
88346,7,H4,2026-05-11 09:00:00,0.0023324024510582016,57.86950974903745,,
88347,7,H4,2026-05-11 13:00:00,0.0022758022759826065,57.445160603669514,,
88348,7,H4,2026-05-11 17:00:00,0.0021989592562695537,59.84957074499434,,
88349,7,H4,2026-05-11 21:00:00,0.002195462166536005,54.32791285624292,,
88350,7,H4,2026-05-12 01:00:00,0.0021415005832119967,50.96334821049418,,
88351,7,H4,2026-05-12 05:00:00,0.0021942505415539965,47.07744430165008,,
88352,7,H4,2026-05-12 09:00:00,0.0021568040743001437,48.16703848550306,,
88353,7,H4,2026-05-12 13:00:00,0.0022041752118501364,42.43373950385231,,
88354,7,H4,2026-05-12 17:00:00,0.002185305553860845,46.64274454478382,,
88355,7,H4,2026-05-12 21:00:00,0.0020892123000136385,46.00876573519929,,
88356,7,H4,2026-05-13 01:00:00,0.0020099828500126627,44.882513402463076,,
88357,7,H4,2026-05-13 05:00:00,0.002127841217868901,36.4917473753504,,
88358,7,H4,2026-05-13 09:00:00,0.0021315668451639845,36.16709310700526,,
88359,7,H4,2026-05-13 13:00:00,0.0021000263562236977,39.08521776957002,,
88360,7,H4,2026-05-13 17:00:00,0.0020200244736362895,41.07447329336472,,
88361,7,H4,2026-05-13 21:00:00,0.001935737011233694,42.588768971106035,,
88362,7,H4,2026-05-14 01:00:00,0.001855327224717,41.69135377143188,,
88363,7,H4,2026-05-14 05:00:00,0.0018413752800943567,40.605372282630526,,
88364,7,H4,2026-05-14 09:00:00,0.001831277045801905,36.286945002505156,,
88365,7,H4,2026-05-14 13:00:00,0.0019104715425303522,31.0318892917484,,
88366,7,H4,2026-05-14 17:00:00,0.0018818664323496056,29.561889153217706,,
88367,7,H4,2026-05-14 21:00:00,0.0019024474014674912,26.601072313407556,,
88368,7,H4,2026-05-15 01:00:00,0.0018508440156483816,25.09718090784976,,
88369,7,H4,2026-05-15 05:00:00,0.0018500694431020732,22.618408951151054,,
88370,7,H4,2026-05-15 09:00:00,0.001991493054309068,21.567009630569856,,
88371,7,H4,2026-05-15 13:00:00,0.001984243550429861,23.595319919866114,,
88372,7,H4,2026-05-15 17:00:00,0.0019753690111134403,22.74470985277594,,
88373,7,H4,2026-05-17 21:00:00,0.0019556997960339115,20.447642994227564,,
88374,7,H4,2026-05-18 01:00:00,0.0019424355248886355,25.89954115165922,,
88375,7,H4,2026-05-18 05:00:00,0.0020065472731108885,36.495899623496456,,
88376,7,H4,2026-05-18 09:00:00,0.0020839367536029706,40.79189984084295,,
88377,7,H4,2026-05-18 13:00:00,0.0020986555569170373,40.879799467097754,,
88378,7,H4,2026-05-18 17:00:00,0.0021794658742801108,43.02060055018317,,
88379,7,H4,2026-05-18 21:00:00,0.0021523611689743902,39.15463982642579,,
88380,7,H4,2026-05-19 01:00:00,0.002122906799761939,36.81910412373385,,
88381,7,H4,2026-05-19 05:00:00,0.0021391277426360757,33.20897481434979,,
88382,7,H4,2026-05-19 09:00:00,0.002097761475304928,31.471847603187882,,
88383,7,H4,2026-05-19 13:00:00,0.0021322070842117206,29.250920836862605,,
88384,7,H4,2026-05-19 17:00:00,0.0020677637210537296,29.1082023053376,,
88385,7,H4,2026-05-19 21:00:00,0.0020064948838356012,27.840395710777415,,
88386,7,H4,2026-05-20 01:00:00,0.0019574595349902,26.84749330937686,,
88387,7,H4,2026-05-20 05:00:00,0.001979069568205197,25.217509580598374,,
88388,7,H4,2026-05-20 09:00:00,0.001967707456190535,28.600347732285485,,
88389,7,H4,2026-05-20 13:00:00,0.0022728712093197843,44.83279207019845,,
88390,7,H4,2026-05-20 17:00:00,0.0022519518372255205,44.796475116841364,,
88391,7,H4,2026-05-20 21:00:00,0.002141098134566565,46.25005212987521,,
88392,7,H4,2026-05-21 01:00:00,0.002128876839240384,43.692185092587266,,
88393,7,H4,2026-05-21 05:00:00,0.002273242779294649,44.467378169045915,,
88394,7,H4,2026-05-21 09:00:00,0.0023965825807736032,35.237674652013354,,
88395,7,H4,2026-05-21 13:00:00,0.002403255253575496,34.7106627215765,,1.15763
88396,7,H4,2026-05-21 17:00:00,0.0024987370211772358,45.490036854239484,,
88397,7,H4,2026-05-21 21:00:00,0.0023973986625217165,44.38309956530419,,
88398,7,H4,2026-05-22 01:00:00,0.002276870186627307,44.75669311830928,,
88399,7,H4,2026-05-22 05:00:00,0.00222637945901106,41.94966050782908,,
88400,7,H4,2026-05-22 09:00:00,0.0021723523547959745,40.68702701547344,,
88401,7,H4,2026-05-22 13:00:00,0.002232898615167692,44.298078735589485,,
88402,7,H4,2026-05-22 17:00:00,0.002223405856941428,40.797177113374175,,
88403,7,H4,2026-05-24 21:00:00,0.0023981625814456084,55.4198138360187,,
88404,7,H4,2026-05-25 01:00:00,0.0023090081113423494,57.21162956973123,,
88405,7,H4,2026-05-25 05:00:00,0.002255507531960753,57.78685623466341,,
88406,7,H4,2026-05-25 09:00:00,0.0021829712796778513,59.34488935634468,,
88407,7,H4,2026-05-25 13:00:00,0.0021199019025579945,55.88925697758126,,
88408,7,H4,2026-05-25 17:00:00,0.0019949089095181367,56.703774046308695,,
88409,7,H4,2026-05-25 21:00:00,0.0019259868445525615,54.33690654448866,,
88410,7,H4,2026-05-26 01:00:00,0.0018627020699416592,49.98924786131818,,
88411,7,H4,2026-05-26 05:00:00,0.0018596519220886786,53.03572309294931,,
88412,7,H4,2026-05-26 09:00:00,0.001826819641939492,50.79752158804534,,
88413,7,H4,2026-05-26 13:00:00,0.0018156182389438183,47.0000772458597,,
88414,7,H4,2026-05-26 17:00:00,0.001768788364733549,50.81158773781581,,
88415,7,H4,2026-05-26 21:00:00,0.001735303481538301,53.78643895540019,,
88416,7,H4,2026-05-27 01:00:00,0.0016820675185712831,55.243940344994805,,
88417,7,H4,2026-05-27 05:00:00,0.0016476341243876265,56.93515547518933,,
88418,7,H4,2026-05-27 09:00:00,0.0017335174012170832,56.315771438369005,,
88419,7,H4,2026-05-27 13:00:00,0.0018225518725587188,49.57806967693579,,
88420,7,H4,2026-05-27 17:00:00,0.0017695124530902368,46.19183109288579,,
88421,7,H4,2026-05-27 21:00:00,0.0017502615635837796,43.661536723458205,,
88422,7,H4,2026-05-28 01:00:00,0.0018738143090420917,32.909308855474166,,1.15864
88423,7,H4,2026-05-28 05:00:00,0.0019449704298247943,44.96990688036141,,
88424,7,H4,2026-05-28 09:00:00,0.0020560439705515987,52.99859264198898,,
88425,7,H4,2026-05-28 13:00:00,0.002154897972655048,59.19597936706549,,
88426,7,H4,2026-05-28 17:00:00,0.002089548117465395,56.35759423560056,,
88427,7,H4,2026-05-28 21:00:00,0.0019981518233607226,55.99615771115459,,
88428,7,H4,2026-05-29 01:00:00,0.002014712407406382,52.11670510249587,,
88429,7,H4,2026-05-29 05:00:00,0.002080804378305922,48.119384422772,,
88430,7,H4,2026-05-29 09:00:00,0.0020928897798554893,55.21028803703231,,
88431,7,H4,2026-05-29 13:00:00,0.0022669690812943777,61.57628054651112,,
88432,7,H4,2026-05-29 17:00:00,0.002210042718344785,57.70937838282193,,
88433,7,H4,2026-05-31 21:00:00,0.0021743253813201486,52.679701974533415,,
88434,7,H4,2026-06-01 01:00:00,0.0020725878540829813,52.833418389183514,,
88435,7,H4,2026-06-01 05:00:00,0.002045260150219909,55.802078860984125,,
88436,7,H4,2026-06-01 09:00:00,0.002034884425204202,51.98483760386398,,
88437,7,H4,2026-06-01 13:00:00,0.002185249823403904,46.22228794275898,,
88438,7,H4,2026-06-01 17:00:00,0.0021205891217321924,47.04835873508408,,
88439,7,H4,2026-06-01 21:00:00,0.002023404184465598,46.84619772895056,,
88440,7,H4,2026-06-02 01:00:00,0.001953161028432336,49.346408178148764,,
88441,7,H4,2026-06-02 05:00:00,0.0019307923835443024,51.53300102938531,,
88442,7,H4,2026-06-02 09:00:00,0.0019171643561482863,54.115175994554384,,
88443,7,H4,2026-06-02 13:00:00,0.0019630811878519885,45.714383289285415,,
88444,7,H4,2026-06-02 17:00:00,0.0019757182458625473,46.76149449300998,,
88445,7,H4,2026-06-02 21:00:00,0.001930309799729501,45.98987902028431,,
88446,7,H4,2026-06-03 01:00:00,0.001858144814034539,44.74050420409362,,
88447,7,H4,2026-06-03 05:00:00,0.001882563041603499,38.76123534443286,,
89821,7,D,2026-05-07 21:00:00,0.006882550159957248,59.537016128152175,,
89822,7,D,2026-05-10 21:00:00,0.0066730822913888665,59.14942324581453,,
89823,7,D,2026-05-11 21:00:00,0.0066678621277182284,53.50885175890984,,
89824,7,D,2026-05-12 21:00:00,0.00652301483288121,50.23688314623806,,
89825,7,D,2026-05-13 21:00:00,0.0064563709162468366,45.33905549768986,,
89826,7,D,2026-05-14 21:00:00,0.006402344422229208,40.95994769198921,,
89827,7,D,2026-05-17 21:00:00,0.006322891249212837,44.95258886431541,,
89828,7,D,2026-05-18 21:00:00,0.006368399017126211,40.266233304975785,,
89829,7,D,2026-05-19 21:00:00,0.0063592276587600555,42.712104028121736,,
89830,7,D,2026-05-20 21:00:00,0.006329282825991484,41.92949280356355,,
89831,7,D,2026-05-21 21:00:00,0.006126476909849235,40.414298139847844,,
89832,7,D,2026-05-24 21:00:00,0.006049585702002861,46.07492506201866,,
89833,7,D,2026-05-25 21:00:00,0.00582318672328837,44.77878018401426,,
89834,7,D,2026-05-26 21:00:00,0.005687959100196343,44.0992653054756,,
89835,7,D,2026-05-27 21:00:00,0.005817390593039465,47.57011786701216,,
89836,7,D,2026-05-28 21:00:00,0.005836862693536641,49.3280211695505,,
89837,7,D,2026-05-31 21:00:00,0.005834229643998311,45.36504299608523,,
89838,7,D,2026-06-01 21:00:00,0.005719641812284143,45.22158331389117,,
97631,29,H4,2026-01-07 22:00:00,0.0017384968825524265,67.09891709067014,,
97632,29,H4,2026-01-08 02:00:00,0.001682175676655825,63.42702501776928,,
97633,29,H4,2026-01-08 06:00:00,0.0016734488426089808,64.55701218171633,,
97634,29,H4,2026-01-08 10:00:00,0.0016724882109940531,66.83118190834183,,
97635,29,H4,2026-01-08 14:00:00,0.001719453338780196,70.48967427307761,,
97636,29,H4,2026-01-08 18:00:00,0.001686635243153034,65.99201609776581,,
97637,29,H4,2026-01-08 22:00:00,0.00168473272578496,69.3062986712113,,
97638,29,H4,2026-01-09 02:00:00,0.0016279661025146097,68.58646566866858,,
97639,29,H4,2026-01-09 06:00:00,0.0015816828094778505,69.6957850113208,,
97640,29,H4,2026-01-09 10:00:00,0.0016494197516580063,66.80245324556438,,
97641,29,H4,2026-01-09 14:00:00,0.001728746912253862,72.09663017515217,,
97642,29,H4,2026-01-09 18:00:00,0.0016709792756642947,71.3222651881382,,
97643,29,H4,2026-01-11 22:00:00,0.0018759093274025584,54.78784835661637,,
97644,29,H4,2026-01-12 02:00:00,0.0018533443754452333,52.67985637463099,,
97645,29,H4,2026-01-12 06:00:00,0.0019195340629134313,48.40675128316764,,
97646,29,H4,2026-01-12 10:00:00,0.0019452816298481826,45.79429546064001,,
97647,29,H4,2026-01-12 14:00:00,0.0019520472277161725,49.20762314895926,,
97648,29,H4,2026-01-12 18:00:00,0.0018954724257364494,50.52251952305071,,
97649,29,H4,2026-01-12 22:00:00,0.0018272243953267066,52.92124483247573,,
97650,29,H4,2026-01-13 02:00:00,0.0017838512242319418,49.82879482258989,,
97651,29,H4,2026-01-13 06:00:00,0.001743576136786803,51.710010079702975,,
97652,29,H4,2026-01-13 10:00:00,0.0017590349841591793,54.578761029386094,,
97653,29,H4,2026-01-13 14:00:00,0.0019048181995763825,63.98426737719991,,
97654,29,H4,2026-01-13 18:00:00,0.0018437597567494979,64.68017212578988,,
97655,29,H4,2026-01-13 22:00:00,0.0017799197741245343,66.57695166578227,,
97656,29,H4,2026-01-14 02:00:00,0.001731354075972781,65.25604612491944,,
97657,29,H4,2026-01-14 06:00:00,0.0017705430705461582,67.28639858965842,,
97658,29,H4,2026-01-14 10:00:00,0.001794075708364289,61.68603085900996,,
97659,29,H4,2026-01-14 14:00:00,0.0018652131577668446,53.32195344082101,,
97660,29,H4,2026-01-14 18:00:00,0.0017976979322120723,54.654823970837576,,
97661,29,H4,2026-01-14 22:00:00,0.001736433794196928,54.38508227926537,,
97662,29,H4,2026-01-15 02:00:00,0.0017245456660400017,59.46905272422038,,
97663,29,H4,2026-01-15 06:00:00,0.0017149352613228571,56.481547142043354,,
97664,29,H4,2026-01-15 10:00:00,0.0017774398855140803,63.66423444816652,,
97665,29,H4,2026-01-15 14:00:00,0.0018154798936916405,65.59536990805869,0.80409,
97666,29,H4,2026-01-15 18:00:00,0.0017715170441422359,66.23946672149769,,
97667,29,H4,2026-01-15 22:00:00,0.001723551540989226,66.60972234303037,,
97668,29,H4,2026-01-16 02:00:00,0.0016868692880614275,61.95335503494126,,
97669,29,H4,2026-01-16 06:00:00,0.0016435214817713314,59.58243858696508,,
97670,29,H4,2026-01-16 10:00:00,0.001612555661644811,55.38723558229929,,
97671,29,H4,2026-01-16 14:00:00,0.0017045159715273256,61.70688378356726,,
97672,29,H4,2026-01-16 18:00:00,0.001634907687846803,61.57993575439251,,
97673,29,H4,2026-01-18 22:00:00,0.0018795571387148853,43.43874896514557,,
97674,29,H4,2026-01-19 02:00:00,0.0018695887716638196,42.127054706915104,,
97675,29,H4,2026-01-19 06:00:00,0.0018939038594021215,41.68738738126782,,
97676,29,H4,2026-01-19 10:00:00,0.0018843392980162545,38.41330502439295,,
97677,29,H4,2026-01-19 14:00:00,0.0018740293481579562,36.674837482072704,,
97678,29,H4,2026-01-19 18:00:00,0.0017858843947181002,37.155298408673744,,
97679,29,H4,2026-01-19 22:00:00,0.001744749795095382,37.219419629735874,,
97680,29,H4,2026-01-20 02:00:00,0.0017494105240171468,33.17337693478696,,
97681,29,H4,2026-01-20 06:00:00,0.002130881200873068,20.63664848252435,,
97682,29,H4,2026-01-20 10:00:00,0.002242961115096423,20.097047670131644,,
97683,29,H4,2026-01-20 14:00:00,0.0023298924640181087,18.972325956830446,,
97684,29,H4,2026-01-20 18:00:00,0.0022677572880168166,21.572072030615217,,
97685,29,H4,2026-01-20 22:00:00,0.002222203196015617,20.899184076958434,,
97686,29,H4,2026-01-21 02:00:00,0.0022356172534430665,29.60787257461216,,
97687,29,H4,2026-01-21 06:00:00,0.002268787449625707,38.78801390798218,,
97688,29,H4,2026-01-21 10:00:00,0.002398159774652448,32.422489198331405,,
97689,29,H4,2026-01-21 14:00:00,0.0025332912193201315,44.204063848302674,,
97690,29,H4,2026-01-21 18:00:00,0.0026316275607972707,50.2636057310632,,
97691,29,H4,2026-01-21 22:00:00,0.0025536541635974644,50.57081034682706,,
97692,29,H4,2026-01-22 02:00:00,0.002492678866197648,48.04327468346172,,
97693,29,H4,2026-01-22 06:00:00,0.0024774875186121055,44.213723026688506,,
97694,29,H4,2026-01-22 10:00:00,0.0024748098387112408,42.195661599546014,,
97695,29,H4,2026-01-22 14:00:00,0.0025194662788032944,36.49242054738486,,
97696,29,H4,2026-01-22 18:00:00,0.0024366472588887756,34.48843052256423,,
97697,29,H4,2026-01-22 22:00:00,0.002355458168968154,37.15393144182303,,
97698,29,H4,2026-01-23 02:00:00,0.00225292544261328,38.556944445502175,,
97699,29,H4,2026-01-23 06:00:00,0.0022155736252837607,41.98723940623692,,
97700,29,H4,2026-01-23 10:00:00,0.002176604080620631,41.46669832531527,,
97701,29,H4,2026-01-23 14:00:00,0.0024075609320048734,30.637614730968465,,
97702,29,H4,2026-01-23 18:00:00,0.0028291637225759565,23.38188049478032,,
97703,29,H4,2026-01-25 22:00:00,0.00305350917096339,20.809516689045353,,
97704,29,H4,2026-01-26 02:00:00,0.002952544230180289,20.326087458088637,,
97705,29,H4,2026-01-26 06:00:00,0.003029505356595981,19.297905784047884,,
97706,29,H4,2026-01-26 10:00:00,0.00308025497398198,25.76801770377911,,
97707,29,H4,2026-01-26 14:00:00,0.0032088081901261237,24.10528136417564,,
97708,29,H4,2026-01-26 18:00:00,0.0031231790336885405,26.636967492133124,,
97709,29,H4,2026-01-26 22:00:00,0.002972237674139364,26.960457361423792,,
97710,29,H4,2026-01-27 02:00:00,0.0029527921259865546,28.24764150568474,,
97711,29,H4,2026-01-27 06:00:00,0.00294473554555894,25.79943772078829,,
97712,29,H4,2026-01-27 10:00:00,0.003260111578019018,20.33008027177256,,
97713,29,H4,2026-01-27 14:00:00,0.003412960751017657,16.884403713949737,,
97714,29,H4,2026-01-27 18:00:00,0.003651320697373541,13.901072200064206,,0.76038
97715,29,H4,2026-01-27 22:00:00,0.0037462263618468585,26.292377120654095,,
97716,29,H4,2026-01-28 02:00:00,0.0035879244788577995,25.800219721013406,,
97717,29,H4,2026-01-28 06:00:00,0.003800929873225097,30.40955459979594,,
97718,29,H4,2026-01-28 10:00:00,0.003706577739423307,33.64249252493302,,
97719,29,H4,2026-01-28 14:00:00,0.003826107900893074,36.2145064216246,,
97720,29,H4,2026-01-28 18:00:00,0.003872814479400715,34.711915446985316,,
97721,29,H4,2026-01-28 22:00:00,0.003916899159443521,33.25261937798031,,
97722,29,H4,2026-01-29 02:00:00,0.0038585492194832685,31.24638699038975,,
97723,29,H4,2026-01-29 06:00:00,0.0038093671323773137,36.8246498999018,,
97724,29,H4,2026-01-29 10:00:00,0.003702269480064651,36.30100251424352,,
97725,29,H4,2026-01-29 14:00:00,0.003784250231488606,34.82306628324976,,
97726,29,H4,2026-01-29 18:00:00,0.0037396609292394156,31.686408376065245,,
97727,29,H4,2026-01-29 22:00:00,0.003825399434293747,42.01179724434529,,
97728,29,H4,2026-01-30 02:00:00,0.003725728046129903,42.54685366632006,,
97729,29,H4,2026-01-30 06:00:00,0.0036781760428349144,45.19856784370799,,
97730,29,H4,2026-01-30 10:00:00,0.0036747348969181364,43.68633128968888,,
97731,29,H4,2026-01-30 14:00:00,0.0037201109757097005,50.399653189198624,,
97732,29,H4,2026-01-30 18:00:00,0.003635817334587578,52.660598085998494,,
97733,29,H4,2026-02-01 22:00:00,0.0035911160964027483,50.8292653040063,,
97734,29,H4,2026-02-02 02:00:00,0.003493893518088271,52.68968654894377,,
97735,29,H4,2026-02-02 06:00:00,0.003427901123939114,56.60496767256526,,
97736,29,H4,2026-02-02 10:00:00,0.0035501939008006082,63.39313273021751,,
97737,29,H4,2026-02-02 14:00:00,0.0035351800507434227,64.89085876281885,0.78174,
97738,29,H4,2026-02-02 18:00:00,0.0034076671899760376,64.80345144102769,,
97739,29,H4,2026-02-02 22:00:00,0.003310690962120606,60.58497938154934,,
97740,29,H4,2026-02-03 02:00:00,0.0031677844648262793,60.699775054350546,,
97741,29,H4,2026-02-03 06:00:00,0.00309794271733869,61.85628190642028,,
97742,29,H4,2026-02-03 10:00:00,0.0030359468089573515,57.084105444080194,,
97743,29,H4,2026-02-03 14:00:00,0.0031740934654603996,50.86883226925078,,
97744,29,H4,2026-02-03 18:00:00,0.0030552296464989434,51.27510537898872,,
97745,29,H4,2026-02-03 22:00:00,0.0029491418146061666,52.69681161077496,,
97746,29,H4,2026-02-04 02:00:00,0.002848488827848582,50.493156299484745,,
97747,29,H4,2026-02-04 06:00:00,0.002780025340145108,53.820611157139766,,
97748,29,H4,2026-02-04 10:00:00,0.0027457378158490266,51.55070531543602,,
97749,29,H4,2026-02-04 14:00:00,0.002724613686145521,55.12458164973338,,
97750,29,H4,2026-02-04 18:00:00,0.002611426994277978,56.89039483794647,,
97751,29,H4,2026-02-04 22:00:00,0.0025191822089724075,55.18951053415031,,
97752,29,H4,2026-02-05 02:00:00,0.002454954908331526,58.52775446849077,,
97753,29,H4,2026-02-05 06:00:00,0.0024110295577364138,59.449512260204195,,
97754,29,H4,2026-02-05 10:00:00,0.0025530988750409526,46.954559849302655,,
97755,29,H4,2026-02-05 14:00:00,0.002619306098252308,53.0047820147376,,
97756,29,H4,2026-02-05 18:00:00,0.002555784234091429,56.137174042857424,,
97757,29,H4,2026-02-05 22:00:00,0.002468942503084899,53.612657063950216,,
97758,29,H4,2026-02-06 02:00:00,0.0023675894671502627,51.164967683701185,,
97759,29,H4,2026-02-06 06:00:00,0.002374190219496674,56.262330050016374,,
97760,29,H4,2026-02-06 10:00:00,0.0023138909181040566,51.94395056185582,,
97761,29,H4,2026-02-06 14:00:00,0.002294327281096627,47.54358757050327,,
97762,29,H4,2026-02-06 18:00:00,0.002194018189589721,48.34383994089221,,
97763,29,H4,2026-02-08 22:00:00,0.002205874033190449,47.964427193702214,,
97764,29,H4,2026-02-09 02:00:00,0.0021783116022482695,46.048379009624206,,
97765,29,H4,2026-02-09 06:00:00,0.0022555750592305308,39.55997725641569,,
97766,29,H4,2026-02-09 10:00:00,0.0024016054121426414,32.30692142501903,,
97767,29,H4,2026-02-09 14:00:00,0.0024314907398467417,29.993826497060198,,
97768,29,H4,2026-02-09 18:00:00,0.0023806699727148355,28.233729688833762,,
97769,29,H4,2026-02-09 22:00:00,0.0023227649746637813,30.655522265171058,,
97770,29,H4,2026-02-10 02:00:00,0.0022832817621878,31.718990201281457,,
97771,29,H4,2026-02-10 06:00:00,0.0022830473506029536,28.939739593964447,,
97772,29,H4,2026-02-10 10:00:00,0.0022792582541313103,28.21065975985553,,
97773,29,H4,2026-02-10 14:00:00,0.0024764540931219263,37.72019524463164,,0.76292
97774,29,H4,2026-02-10 18:00:00,0.0024038502293275044,39.1548732816204,,
97775,29,H4,2026-02-10 22:00:00,0.002344289498661251,39.106365730197005,,
97776,29,H4,2026-02-11 02:00:00,0.0023596973916140194,33.516770143244926,,
97777,29,H4,2026-02-11 06:00:00,0.0023454332922130216,34.32550165280122,,
97778,29,H4,2026-02-11 10:00:00,0.0027179023427692348,50.67387248094274,,
97779,29,H4,2026-02-11 14:00:00,0.002800195032571435,48.86178463373597,,
97780,29,H4,2026-02-11 18:00:00,0.0027551811016734754,53.09387740524715,,
97781,29,H4,2026-02-11 22:00:00,0.0026690967372682227,49.48997919306039,,
97782,29,H4,2026-02-12 02:00:00,0.0026084469703204875,52.177064265210106,,
97783,29,H4,2026-02-12 06:00:00,0.0027464150438690237,43.89937109612043,,
97784,29,H4,2026-02-12 10:00:00,0.002803813969306954,45.8901094561351,,
97785,29,H4,2026-02-12 14:00:00,0.0028128272572135993,48.70937244718924,,
97786,29,H4,2026-02-12 18:00:00,0.002694053881698341,47.73993511453231,,
97787,29,H4,2026-02-12 22:00:00,0.0025909071758627436,47.85757632866365,,
97788,29,H4,2026-02-13 02:00:00,0.0024979852347296913,49.86304612414501,,
97789,29,H4,2026-02-13 06:00:00,0.002508129146534712,48.523161435122915,,
97790,29,H4,2026-02-13 10:00:00,0.0025575484932108023,44.53931097687279,,
97791,29,H4,2026-02-13 14:00:00,0.0025727236008386057,43.24599847841353,,
97792,29,H4,2026-02-13 18:00:00,0.0024661004864929893,42.809464666198195,,
97793,29,H4,2026-02-15 22:00:00,0.0023920933088863424,45.42007615331851,,
97794,29,H4,2026-02-16 02:00:00,0.002279800929680178,46.33934519511179,,
97795,29,H4,2026-02-16 06:00:00,0.0022362437204173123,50.15247745612507,,
97796,29,H4,2026-02-16 10:00:00,0.0021593691689589284,50.96486916725552,,
97797,29,H4,2026-02-16 14:00:00,0.0020686999426047154,50.54245003098625,,
97798,29,H4,2026-02-16 18:00:00,0.0019566499467043824,49.83078590649212,,
97799,29,H4,2026-02-16 22:00:00,0.0018768892362255023,50.67227230130286,,
97800,29,H4,2026-02-17 02:00:00,0.0017985400050665383,48.251240645838045,,
97801,29,H4,2026-02-17 06:00:00,0.0018065014332760687,48.20163780360552,,
97802,29,H4,2026-02-17 10:00:00,0.0018874656166134962,57.78294125351209,,
97803,29,H4,2026-02-17 14:00:00,0.0019747895011410998,57.06211498312026,,
97804,29,H4,2026-02-17 18:00:00,0.0019208759653453068,51.766058745477906,,
97805,29,H4,2026-02-17 22:00:00,0.0018565276821063577,52.90715013175586,,
97806,29,H4,2026-02-18 02:00:00,0.0017882042762416108,55.09969380548231,,
97807,29,H4,2026-02-18 06:00:00,0.0017769039707957828,58.11300038549528,,
97808,29,H4,2026-02-18 10:00:00,0.0017964108300246551,58.83425846428872,,
97809,29,H4,2026-02-18 14:00:00,0.001814524342165751,63.18623500872917,,
97810,29,H4,2026-02-18 18:00:00,0.0017499154605824807,64.83476890346122,,
97811,29,H4,2026-02-18 22:00:00,0.0016984929276837302,58.7623122382087,,
97812,29,H4,2026-02-19 02:00:00,0.00167002914713489,62.07737408874353,,
97813,29,H4,2026-02-19 06:00:00,0.00163074135091097,62.90090651457831,,
97814,29,H4,2026-02-19 10:00:00,0.0017342598258458988,68.37410856182868,,
97815,29,H4,2026-02-19 14:00:00,0.0017453841239997595,71.16043716482355,,
97816,29,H4,2026-02-19 18:00:00,0.001730713829428347,68.6980570095855,,
97817,29,H4,2026-02-19 22:00:00,0.0016935199844691745,70.53861807604139,,
97818,29,H4,2026-02-20 02:00:00,0.0016211256998642342,70.5713114446875,,
97819,29,H4,2026-02-20 06:00:00,0.0016381881498739297,67.50571233141716,,
97820,29,H4,2026-02-20 10:00:00,0.0016776032820257937,70.45216176385549,,
97821,29,H4,2026-02-20 14:00:00,0.0018549173333096693,63.34954938107931,0.77722,
97822,29,H4,2026-02-20 18:00:00,0.0018824232380732658,65.74868100978625,,
97823,29,H4,2026-02-22 22:00:00,0.002080107292496607,44.2330056585222,,
97824,29,H4,2026-02-23 02:00:00,0.0020636710573182795,48.037041505386775,,
97825,29,H4,2026-02-23 06:00:00,0.002119837410366975,54.62590476329227,,
97826,29,H4,2026-02-23 10:00:00,0.002156277595340764,57.236498192945575,,
97827,29,H4,2026-02-23 14:00:00,0.0021479720528164267,52.13590682735884,,
97828,29,H4,2026-02-23 18:00:00,0.0020802597633295377,55.48254740152088,,
97829,29,H4,2026-02-23 22:00:00,0.0020702412088060033,57.9100884172185,,
97830,29,H4,2026-02-24 02:00:00,0.002031652551034148,57.81577688082293,,
97831,29,H4,2026-02-24 06:00:00,0.002095105940245997,50.779957250132945,,
97832,29,H4,2026-02-24 10:00:00,0.0020704555159427136,54.057222736357254,,
97833,29,H4,2026-02-24 14:00:00,0.002056137264803943,48.47908342350543,,
97834,29,H4,2026-02-24 18:00:00,0.0019921274601750936,50.92903506200493,,
97835,29,H4,2026-02-24 22:00:00,0.001923404070162593,48.90914827180656,,
97836,29,H4,2026-02-25 02:00:00,0.0019031609222938345,44.02064394675382,,
97837,29,H4,2026-02-25 06:00:00,0.0019207922849871308,51.56082571827214,,
97838,29,H4,2026-02-25 10:00:00,0.0019050214074880524,54.64067860321344,,
97839,29,H4,2026-02-25 14:00:00,0.002000377021238907,45.80227238746003,,
97840,29,H4,2026-02-25 18:00:00,0.0019274929482932695,46.55310538143599,,
97841,29,H4,2026-02-25 22:00:00,0.0019341005948437517,41.81217766848378,,
97842,29,H4,2026-02-26 02:00:00,0.0019002362666406278,45.099984774367336,,
97843,29,H4,2026-02-26 06:00:00,0.0019445051047377233,51.90512290455295,,
97844,29,H4,2026-02-26 10:00:00,0.001937040454399319,52.4965342551203,,
97845,29,H4,2026-02-26 14:00:00,0.0019429661362279408,55.50796650659579,,
97846,29,H4,2026-02-26 18:00:00,0.0019098971264973684,51.92452640102206,,
97847,29,H4,2026-02-26 22:00:00,0.001890618760318983,51.12197385681574,,
97848,29,H4,2026-02-27 02:00:00,0.0018577174202962018,47.50707736030092,,
97849,29,H4,2026-02-27 06:00:00,0.0018328804617036168,47.46942296688639,,
97850,29,H4,2026-02-27 10:00:00,0.0019205318572962122,39.45425189988092,,
97851,29,H4,2026-02-27 14:00:00,0.0020269224389179133,34.84816069112124,,0.76716
97852,29,H4,2026-02-27 18:00:00,0.0020285708361380624,36.10196162983997,,
97853,29,H4,2026-03-01 22:00:00,0.0020672443478424837,34.38633764577497,,
97854,29,H4,2026-03-02 02:00:00,0.0020167268944251654,36.389657792907336,,
97855,29,H4,2026-03-02 06:00:00,0.002261960687680515,49.96297974347344,,
97856,29,H4,2026-03-02 10:00:00,0.0027032492099890496,64.96637025898801,,
97857,29,H4,2026-03-02 14:00:00,0.0027958742664184037,65.07639184443276,,
97858,29,H4,2026-03-02 18:00:00,0.0027647403902456547,67.06292148294196,,
97859,29,H4,2026-03-02 22:00:00,0.0026822589337995367,66.07932761822237,,
97860,29,H4,2026-03-03 02:00:00,0.002649240438528141,70.09436815186419,,
97861,29,H4,2026-03-03 06:00:00,0.002831437550061852,76.24611979928328,,
97862,29,H4,2026-03-03 10:00:00,0.002904906296486004,74.30314477263182,0.78788,
97863,29,H4,2026-03-03 14:00:00,0.003067412989594144,66.05964613074963,,
97864,29,H4,2026-03-03 18:00:00,0.003001169204623136,63.05850169622952,,
97865,29,H4,2026-03-03 22:00:00,0.0029282285471500533,63.486503269825185,,
97866,29,H4,2026-03-04 02:00:00,0.0028612122223536166,62.43650642144611,,
97867,29,H4,2026-03-04 06:00:00,0.0029754113493283595,65.56269928582212,,
97868,29,H4,2026-03-04 10:00:00,0.0030500248243763273,56.63202458009909,,
97869,29,H4,2026-03-04 14:00:00,0.0030378801940637323,54.283220511601854,,
97870,29,H4,2026-03-04 18:00:00,0.0029394601802020365,52.289483258775455,,
97871,29,H4,2026-03-04 22:00:00,0.0028387844530447506,52.76985860705234,,
97872,29,H4,2026-03-05 02:00:00,0.0028074427063986937,58.20772501727211,,
97873,29,H4,2026-03-05 06:00:00,0.0028483396559416474,50.80070264215627,,
97874,29,H4,2026-03-05 10:00:00,0.0029006011090886748,56.606835876169754,,
97875,29,H4,2026-03-05 14:00:00,0.002951986744153766,58.72216528473546,,
97876,29,H4,2026-03-05 18:00:00,0.0029654162624284997,54.67501444806949,,
97877,29,H4,2026-03-05 22:00:00,0.0028271722436836134,53.35497865066193,,
97878,29,H4,2026-03-06 02:00:00,0.0026973742262776457,54.61045760331894,,
97879,29,H4,2026-03-06 06:00:00,0.0026982760672578134,57.09759868070465,,
97880,29,H4,2026-03-06 10:00:00,0.00272911349102511,56.13692494709145,,
97881,29,H4,2026-03-06 14:00:00,0.0029413196702375967,44.401843088989196,,
97882,29,H4,2026-03-06 18:00:00,0.002866939693792055,40.998003199723854,,
97883,29,H4,2026-03-08 21:00:00,0.0030900154299497687,54.81833038291732,,
97884,29,H4,2026-03-09 01:00:00,0.0030164428992390754,52.394511733539225,,
97885,29,H4,2026-03-09 05:00:00,0.003024554120722004,51.69781055955923,,
97886,29,H4,2026-03-09 09:00:00,0.002969228826384716,49.84207994034827,,
97887,29,H4,2026-03-09 13:00:00,0.0029585696245000965,48.30976593601231,,
97888,29,H4,2026-03-09 17:00:00,0.0029915289370358103,44.42577637865753,,
97889,29,H4,2026-03-09 21:00:00,0.0028864197272475437,44.131851330644245,,
97890,29,H4,2026-03-10 01:00:00,0.002777389746729864,46.562740574224385,,
97891,29,H4,2026-03-10 05:00:00,0.0027690047648205878,42.28918077079166,,
97892,29,H4,2026-03-10 09:00:00,0.0027405044244762588,41.53237641063211,,
97893,29,H4,2026-03-10 13:00:00,0.002676182679870816,41.07657784664721,,0.77482
97894,29,H4,2026-03-10 17:00:00,0.002761455345594324,49.975998154776235,,
97895,29,H4,2026-03-10 21:00:00,0.002634208535194728,49.975998154776235,,
97896,29,H4,2026-03-11 01:00:00,0.002583193639823678,45.719771660034134,,
97897,29,H4,2026-03-11 05:00:00,0.002551536951264846,47.91954123277729,,
97898,29,H4,2026-03-11 09:00:00,0.0026021414547459233,52.85746501024587,,
97899,29,H4,2026-03-11 13:00:00,0.0026284170651212162,53.70163878451185,,
97900,29,H4,2026-03-11 17:00:00,0.002530672989041132,56.23364760789247,,
97901,29,H4,2026-03-11 21:00:00,0.0025227677755381922,58.04566574054034,,
97902,29,H4,2026-03-12 01:00:00,0.0024625700772854657,60.500607417039745,,
97903,29,H4,2026-03-12 05:00:00,0.0023981007860507902,59.925956359645326,,
97904,29,H4,2026-03-12 09:00:00,0.002389665015618595,60.04273324489163,,
97905,29,H4,2026-03-12 13:00:00,0.002471831800217266,66.32971453660139,,
97906,29,H4,2026-03-12 17:00:00,0.0024888438144874607,69.85005373765075,,
97907,29,H4,2026-03-12 21:00:00,0.00242821211345264,65.36252377348873,,
97908,29,H4,2026-03-13 01:00:00,0.0024290541053488797,69.00777134411317,,
97909,29,H4,2026-03-13 05:00:00,0.0024669788121096715,72.27891785843897,,
97910,29,H4,2026-03-13 09:00:00,0.002478623182673268,65.81257239357865,,
97911,29,H4,2026-03-13 13:00:00,0.002573721526768033,70.81193583659689,,
97912,29,H4,2026-03-13 17:00:00,0.00256559856057031,73.28658407427453,,
97913,29,H4,2026-03-15 21:00:00,0.0025594843776724253,64.81639271214331,,
97914,29,H4,2026-03-16 01:00:00,0.002483806922124391,67.12164139262146,,
97915,29,H4,2026-03-16 05:00:00,0.0025221064276869363,64.13957443636312,,
97916,29,H4,2026-03-16 09:00:00,0.002537670254280724,58.50797499237887,,
97917,29,H4,2026-03-16 13:00:00,0.002546408093260672,58.78148163532371,,
97918,29,H4,2026-03-16 17:00:00,0.0025016646580277692,57.92481597835315,,
97919,29,H4,2026-03-16 21:00:00,0.0024244028967400776,59.74440877407759,,
97920,29,H4,2026-03-17 01:00:00,0.00233408840411579,58.981372400891146,,
97921,29,H4,2026-03-17 05:00:00,0.0024130820895360908,54.48501349798815,,
97922,29,H4,2026-03-17 09:00:00,0.0023507190831406548,53.06903921607343,,
97923,29,H4,2026-03-17 13:00:00,0.002332810577202036,47.60322644716474,,
97924,29,H4,2026-03-17 17:00:00,0.002236181250259032,46.88813129824894,,
97925,29,H4,2026-03-17 21:00:00,0.0021371683038119596,48.66241371570933,,
97926,29,H4,2026-03-18 01:00:00,0.002045227710682535,48.70168011998355,,
97927,29,H4,2026-03-18 05:00:00,0.002074854302776641,52.3881704178379,,
97928,29,H4,2026-03-18 09:00:00,0.002122364709721164,59.00373806054528,,
97929,29,H4,2026-03-18 13:00:00,0.0021321958018839407,62.70519381795792,,
97930,29,H4,2026-03-18 17:00:00,0.0022863246731779463,70.89134290008381,,
97931,29,H4,2026-03-18 21:00:00,0.0022158729108080906,65.84139402354393,,
97932,29,H4,2026-03-19 01:00:00,0.002188310560036084,67.14302177756926,,
97933,29,H4,2026-03-19 05:00:00,0.0022127169486049376,66.7084995792334,,
97934,29,H4,2026-03-19 09:00:00,0.0023410943094188674,69.57143172845763,0.79582,
97935,29,H4,2026-03-19 13:00:00,0.002468159001603235,61.17775679933195,,
97936,29,H4,2026-03-19 17:00:00,0.0027290047872030048,49.06526182365444,,
97937,29,H4,2026-03-19 21:00:00,0.002644790159545643,50.67063021816999,,
97938,29,H4,2026-03-20 01:00:00,0.0025501622910066675,52.55855271878683,,
97939,29,H4,2026-03-20 05:00:00,0.0025044364130776256,50.83315408178985,,
97940,29,H4,2026-03-20 09:00:00,0.002591262383572077,44.14460944338672,,
97941,29,H4,2026-03-20 13:00:00,0.002719029356174075,49.23947832887167,,
97942,29,H4,2026-03-20 17:00:00,0.002640527259304503,49.01290742685623,,
97943,29,H4,2026-03-22 21:00:00,0.002638346740782753,51.87464972985503,,
97944,29,H4,2026-03-23 01:00:00,0.0025770362592982712,52.025679500288476,,
97945,29,H4,2026-03-23 05:00:00,0.0025858193836341115,58.0138221096488,,
97946,29,H4,2026-03-23 09:00:00,0.0030261179990888204,42.659003649743134,,
97947,29,H4,2026-03-23 13:00:00,0.0031563952848681917,47.91430805000519,,0.78345
97948,29,H4,2026-03-23 17:00:00,0.0031759384788061814,45.53245866016217,,
97949,29,H4,2026-03-23 21:00:00,0.003126228587462878,50.07135418255366,,
97950,29,H4,2026-03-24 01:00:00,0.0030022122597869578,51.285723686005035,,
97951,29,H4,2026-03-24 05:00:00,0.002997768526945028,47.38822615328182,,
97952,29,H4,2026-03-24 09:00:00,0.003018642203591813,52.557056780291674,,
97953,29,H4,2026-03-24 13:00:00,0.003008024903335258,56.779774861600075,,
97954,29,H4,2026-03-24 17:00:00,0.003175308838811308,49.54543634750324,,
97955,29,H4,2026-03-24 21:00:00,0.0030563582074676437,47.891448898978034,,
97956,29,H4,2026-03-25 01:00:00,0.0030159040497913826,52.46410346976744,,
97957,29,H4,2026-03-25 05:00:00,0.002991196617663423,51.918939203168264,,
97958,29,H4,2026-03-25 09:00:00,0.002950396859258899,52.90118674271162,,
97959,29,H4,2026-03-25 13:00:00,0.002972511369311838,57.56872298710116,,
97960,29,H4,2026-03-25 17:00:00,0.002867331985789568,57.15217089111639,,
97961,29,H4,2026-03-25 21:00:00,0.0027268082725188853,57.92498946119442,,
97962,29,H4,2026-03-26 01:00:00,0.0026034648244818224,56.98581927557339,,
97963,29,H4,2026-03-26 05:00:00,0.0025275030513045482,56.87940955077331,,
97964,29,H4,2026-03-26 09:00:00,0.0025141099762113666,60.81894767278575,,
97965,29,H4,2026-03-26 13:00:00,0.002490959263624842,63.941009690364176,,
97966,29,H4,2026-03-26 17:00:00,0.0025137478876516373,65.63870331756931,,
97967,29,H4,2026-03-26 21:00:00,0.0024341944671050888,65.3770096882296,,
97968,29,H4,2026-03-27 01:00:00,0.002343894862311868,65.81730633542327,,
97969,29,H4,2026-03-27 05:00:00,0.0023257595150038804,68.85084300884752,,
97970,29,H4,2026-03-27 09:00:00,0.002278205263932174,69.8851655561595,,
97971,29,H4,2026-03-27 13:00:00,0.0023097620307941658,68.97364048860248,,
97972,29,H4,2026-03-27 17:00:00,0.002357636171451724,73.48651641617906,,
97973,29,H4,2026-03-29 21:00:00,0.002405662159205179,72.06183197063636,,
97974,29,H4,2026-03-30 01:00:00,0.0022995434335476603,72.00401184214748,,
97975,29,H4,2026-03-30 05:00:00,0.0022967189025799653,75.17833451433201,,
97976,29,H4,2026-03-30 09:00:00,0.0022848104095385367,73.59953616671147,,
97977,29,H4,2026-03-30 13:00:00,0.002275895380285788,74.24912023864158,,
97978,29,H4,2026-03-30 17:00:00,0.0022090457102653754,70.32921044958385,,
97979,29,H4,2026-03-30 21:00:00,0.0021941138738178485,66.02171851137831,,
97980,29,H4,2026-03-31 01:00:00,0.002123105739973715,65.1621142154128,,
97981,29,H4,2026-03-31 05:00:00,0.0020943124728327314,68.95539016179629,,
97982,29,H4,2026-03-31 09:00:00,0.0020840044390589654,69.74064554380058,,
97983,29,H4,2026-03-31 13:00:00,0.0023001469791261863,72.31071685866341,0.80427,
97984,29,H4,2026-03-31 17:00:00,0.002290136480617169,62.06712859446019,,
97985,29,H4,2026-03-31 21:00:00,0.0023815553034302254,50.02251533905114,,
97986,29,H4,2026-04-01 01:00:00,0.0023335870674709228,53.0555926291691,,
97987,29,H4,2026-04-01 05:00:00,0.002515473705508714,40.06113743025961,,
97988,29,H4,2026-04-01 09:00:00,0.00259579701225809,36.190618900256744,,0.7905
97989,29,H4,2026-04-01 13:00:00,0.002638954368525376,37.11388220551984,,
97990,29,H4,2026-04-01 17:00:00,0.0026811719136307028,44.815504048633564,,
97991,29,H4,2026-04-01 21:00:00,0.0026389453483713697,41.81692833056524,,
97992,29,H4,2026-04-02 01:00:00,0.002879020680630558,56.71537106486024,,
97993,29,H4,2026-04-02 05:00:00,0.00282123348915694,59.01785352832173,,
97994,29,H4,2026-04-02 09:00:00,0.0027647168113600143,57.56565658705621,,
97995,29,H4,2026-04-02 13:00:00,0.0027615227534057317,56.321935169638934,,
97996,29,H4,2026-04-02 17:00:00,0.002652128271019605,56.574532551417086,,
97997,29,H4,2026-04-02 21:00:00,0.002576976251661065,56.4339438134917,,
97998,29,H4,2026-04-03 01:00:00,0.0024314779479709956,56.433943813491695,,
97999,29,H4,2026-04-03 05:00:00,0.0023435152374016452,53.43113333790025,,
98000,29,H4,2026-04-03 09:00:00,0.0024089784347300944,57.49091528362786,,
98001,29,H4,2026-04-03 13:00:00,0.0023976228322493717,61.64574458132322,,
98002,29,H4,2026-04-03 17:00:00,0.0024249354870887027,57.86919455552675,,
98003,29,H4,2026-04-05 21:00:00,0.0023931543808680795,61.60112031092943,,
98004,29,H4,2026-04-06 01:00:00,0.0023257862108060703,58.66026365531042,0.80185,
98005,29,H4,2026-04-06 05:00:00,0.0024439443386056357,47.91658642797685,,
98006,29,H4,2026-04-06 09:00:00,0.0023822340287052352,47.20494259116248,,
98007,29,H4,2026-04-06 13:00:00,0.002384931598083439,50.19231346440883,,
98008,29,H4,2026-04-06 17:00:00,0.0023074364839346198,50.32684366753747,,
98009,29,H4,2026-04-06 21:00:00,0.0022490481636535747,53.15430023785378,,
98010,29,H4,2026-04-07 01:00:00,0.0021976875805354646,52.26646628047014,,
98011,29,H4,2026-04-07 05:00:00,0.0021849956104972187,49.84932961847415,,
98012,29,H4,2026-04-07 09:00:00,0.0021860673526045587,55.62408269600635,,
98013,29,H4,2026-04-07 13:00:00,0.002194205398847096,54.21313857971965,,
98014,29,H4,2026-04-07 17:00:00,0.0022053335846437374,47.901454332933405,,
98015,29,H4,2026-04-07 21:00:00,0.0026949526143120466,32.16407071990179,,
98016,29,H4,2026-04-08 01:00:00,0.002654598856146898,29.32685664034905,,
98017,29,H4,2026-04-08 05:00:00,0.002651413223564977,28.23850850884459,,
98018,29,H4,2026-04-08 09:00:00,0.002622740850453191,26.230463136613594,,
98019,29,H4,2026-04-08 13:00:00,0.0026868307897065327,35.397470973550014,,
98020,29,H4,2026-04-08 17:00:00,0.0026956285904417786,39.62936117323378,,
98021,29,H4,2026-04-08 21:00:00,0.0025923694054102208,41.261736676601316,,
98022,29,H4,2026-04-09 01:00:00,0.0025200573050237784,39.68394792047061,,
98023,29,H4,2026-04-09 05:00:00,0.0024521960689506484,39.47787356531145,,
98024,29,H4,2026-04-09 09:00:00,0.002387039206882744,38.24221734015446,,
98025,29,H4,2026-04-09 13:00:00,0.0024451078349625463,33.814502698630676,,
98026,29,H4,2026-04-09 17:00:00,0.002468314418179511,41.0550226370306,,
98027,29,H4,2026-04-09 21:00:00,0.0024105776740238312,43.49695288099523,,
98028,29,H4,2026-04-10 01:00:00,0.0023241078401649846,41.32495635365387,,
98029,29,H4,2026-04-10 05:00:00,0.0022431001372960587,40.91560569654091,,
98030,29,H4,2026-04-10 09:00:00,0.002315021556060632,36.22950210792768,,
98031,29,H4,2026-04-10 13:00:00,0.0024768057306277314,40.74989539109682,,
98032,29,H4,2026-04-10 17:00:00,0.002400605321297181,39.98676736877725,,
98033,29,H4,2026-04-12 21:00:00,0.002535562084061669,50.990935373763,,
98034,29,H4,2026-04-13 01:00:00,0.002426593363771546,49.75544792216489,,
98035,29,H4,2026-04-13 05:00:00,0.002433979552073581,45.027769856132075,,
98036,29,H4,2026-04-13 09:00:00,0.0023972667269254702,43.021975929781384,,
98037,29,H4,2026-04-13 13:00:00,0.0025303191035736536,34.874256619327326,,
98038,29,H4,2026-04-13 17:00:00,0.002556010596175532,31.437539920657258,,
98039,29,H4,2026-04-13 21:00:00,0.0024470098393058574,30.13292441846947,,
98040,29,H4,2026-04-14 01:00:00,0.002336509136498297,30.511643209130824,,
98041,29,H4,2026-04-14 05:00:00,0.0024224727696055687,26.571762675050124,,
98042,29,H4,2026-04-14 09:00:00,0.002355867571776599,25.645110122079828,,
98043,29,H4,2026-04-14 13:00:00,0.002344734173792555,30.397820958966463,,
98044,29,H4,2026-04-14 17:00:00,0.00223439601852166,30.018982602005423,,
98045,29,H4,2026-04-14 21:00:00,0.002147653445770114,30.443321000105968,,
98046,29,H4,2026-04-15 01:00:00,0.002086392485357964,31.6484373425955,,
98047,29,H4,2026-04-15 05:00:00,0.0020516501649752556,30.7351348655706,,
98048,29,H4,2026-04-15 09:00:00,0.002080818010334167,37.67227672982137,,
98049,29,H4,2026-04-15 13:00:00,0.0020579024381674397,35.86377058122656,,
98050,29,H4,2026-04-15 17:00:00,0.00198376654972691,37.083541684180716,,
98051,29,H4,2026-04-15 21:00:00,0.0019720689390321337,34.68896592531027,,
98052,29,H4,2026-04-16 01:00:00,0.0019569211576726943,34.064224342214544,,
98053,29,H4,2026-04-16 05:00:00,0.0019914267892675017,41.69709200853331,,
98054,29,H4,2026-04-16 09:00:00,0.0019927534471769707,46.24728070321638,,
98055,29,H4,2026-04-16 13:00:00,0.0019718424866643322,48.30134383043689,,
98056,29,H4,2026-04-16 17:00:00,0.001945996594759737,46.462815957382276,,
98057,29,H4,2026-04-16 21:00:00,0.0018912825522769037,45.34749405482575,,
98058,29,H4,2026-04-17 01:00:00,0.0018047623699714115,45.72166891490292,,
98059,29,H4,2026-04-17 05:00:00,0.0018058507721163137,41.443716602125455,,
98060,29,H4,2026-04-17 09:00:00,0.0019297185741080046,32.70494485626307,,
98061,29,H4,2026-04-17 13:00:00,0.001960452961671713,33.86789242259728,,0.77753
98062,29,H4,2026-04-17 17:00:00,0.0020004206072665883,44.35825483527501,,
98063,29,H4,2026-04-19 21:00:00,0.00203396199246183,47.69461225190941,,
98064,29,H4,2026-04-20 01:00:00,0.0019622504215717055,47.13485539914659,,
98065,29,H4,2026-04-20 05:00:00,0.0019792325343165823,45.44751465440754,,
98066,29,H4,2026-04-20 09:00:00,0.0019385730675796852,41.717644471367585,,
98067,29,H4,2026-04-20 13:00:00,0.0020572464198954253,34.224803840228844,,
98068,29,H4,2026-04-20 17:00:00,0.00197530024704575,35.10807067469425,,
98069,29,H4,2026-04-20 21:00:00,0.0019227788008281976,35.88882530961092,,
98070,29,H4,2026-04-21 01:00:00,0.0018597231721976149,39.467327549259444,,
98071,29,H4,2026-04-21 05:00:00,0.0018840286598977838,44.11510372239352,,
98072,29,H4,2026-04-21 09:00:00,0.001850883755619369,43.43940034568967,,
98073,29,H4,2026-04-21 13:00:00,0.0019108206302179832,46.72334027191576,,
98074,29,H4,2026-04-21 17:00:00,0.0019900477280595575,46.27506247157215,,
98075,29,H4,2026-04-21 21:00:00,0.001957901461769588,45.67443312355656,,
98076,29,H4,2026-04-22 01:00:00,0.001868051357357469,46.63351847643628,,
98077,29,H4,2026-04-22 05:00:00,0.0018467619746890835,43.295199898889685,,
98078,29,H4,2026-04-22 09:00:00,0.0019591361193541474,56.972587254596476,,
98079,29,H4,2026-04-22 13:00:00,0.001977769253685994,59.88084300557895,,
98080,29,H4,2026-04-22 17:00:00,0.0019500714498512787,62.66329213650052,,
98081,29,H4,2026-04-22 21:00:00,0.001940780632004762,60.356858463281206,,
98082,29,H4,2026-04-23 01:00:00,0.001919296301147285,64.22434338109449,,
98083,29,H4,2026-04-23 05:00:00,0.0018886322796367642,57.256425339478405,,
98084,29,H4,2026-04-23 09:00:00,0.0018830156882341446,61.55446833980535,,
98085,29,H4,2026-04-23 13:00:00,0.0019720859962174256,57.65800442569249,,
98086,29,H4,2026-04-23 17:00:00,0.002029794139344753,63.37364563556085,,
98087,29,H4,2026-04-23 21:00:00,0.001964808843677263,62.277709650420356,,
98088,29,H4,2026-04-24 01:00:00,0.0019158939262717486,64.41021638220005,,
98089,29,H4,2026-04-24 05:00:00,0.0019119015029666218,59.8780989743668,,
98090,29,H4,2026-04-24 09:00:00,0.0019317656813261429,59.976993945774986,,
98091,29,H4,2026-04-24 13:00:00,0.001999496704088561,54.00399996660377,,
98092,29,H4,2026-04-24 17:00:00,0.0019252469395108038,54.31756045154894,,
98093,29,H4,2026-04-26 21:00:00,0.0019134435866886026,57.29593151243064,,
98094,29,H4,2026-04-27 01:00:00,0.0018724833304965601,52.6283531329398,,
98095,29,H4,2026-04-27 05:00:00,0.0019030202354610895,47.466394808590614,,
98096,29,H4,2026-04-27 09:00:00,0.0018756616472138663,51.35267334824736,,
98097,29,H4,2026-04-27 13:00:00,0.0019045429581271579,54.905336637322236,,
98098,29,H4,2026-04-27 17:00:00,0.001830647032546649,55.76529138296111,,
98099,29,H4,2026-04-27 21:00:00,0.0017734579587933151,56.73460511302226,,
98100,29,H4,2026-04-28 01:00:00,0.0017239252474509335,60.81838932244877,,
98101,29,H4,2026-04-28 05:00:00,0.0018072163012044346,67.12378980739999,,
98102,29,H4,2026-04-28 09:00:00,0.0018545579939755444,69.02923044811581,,
98103,29,H4,2026-04-28 13:00:00,0.0018792324229772977,66.62775021737659,,
98104,29,H4,2026-04-28 17:00:00,0.0018078586784789185,66.86994177305105,,
98105,29,H4,2026-04-28 21:00:00,0.0017508687728732782,65.089462492295,,
98106,29,H4,2026-04-29 01:00:00,0.0017243781462394682,65.23188341260524,,
98107,29,H4,2026-04-29 05:00:00,0.0016769225643652249,67.38148224107607,,
98108,29,H4,2026-04-29 09:00:00,0.0016721423811962804,69.03107611989205,,
98109,29,H4,2026-04-29 13:00:00,0.001708417925396543,70.69367551639752,,
98110,29,H4,2026-04-29 17:00:00,0.0017685309307253652,73.34439171374666,0.79252,
98111,29,H4,2026-04-29 21:00:00,0.001757921578530693,68.3871234592759,,
98112,29,H4,2026-04-30 01:00:00,0.0017594986086356436,71.95896570986596,,
98113,29,H4,2026-04-30 05:00:00,0.0018723915651616698,57.12603689309955,,
98114,29,H4,2026-04-30 09:00:00,0.002185077881935835,37.556612342665474,,
98115,29,H4,2026-04-30 13:00:00,0.0023547151760832676,34.30782380388375,,
98116,29,H4,2026-04-30 17:00:00,0.0023358069492201796,31.989954872117778,,
98117,29,H4,2026-04-30 21:00:00,0.0022432493099901695,32.94824104109264,,
98118,29,H4,2026-05-01 01:00:00,0.0021623029307051614,35.527452695681916,,
98119,29,H4,2026-05-01 05:00:00,0.0022507098642262184,32.509024892300616,,
98120,29,H4,2026-05-01 09:00:00,0.0023063734453529156,30.982604976958243,,
98121,29,H4,2026-05-01 13:00:00,0.002395918199256279,32.73192090652638,,
98122,29,H4,2026-05-01 17:00:00,0.002367638327880831,39.436280018365494,,
98123,29,H4,2026-05-03 21:00:00,0.002389235590175062,36.535474717711864,,
98124,29,H4,2026-05-04 01:00:00,0.0023500044765911257,36.62843725724346,,
98125,29,H4,2026-05-04 05:00:00,0.002389289871120324,43.49217869544867,,
98126,29,H4,2026-05-04 09:00:00,0.0024057691660402977,46.45284668651824,,
98127,29,H4,2026-05-04 13:00:00,0.00243107136846599,51.91619772073813,,
98128,29,H4,2026-05-04 17:00:00,0.002378851985004128,49.26489032330467,,
98129,29,H4,2026-05-04 21:00:00,0.0023067911289324033,50.8419683049701,,
98130,29,H4,2026-05-05 01:00:00,0.0022070203340086576,52.064574310104575,,
98131,29,H4,2026-05-05 05:00:00,0.0021908045958651807,47.13324404503312,,
98132,29,H4,2026-05-05 09:00:00,0.0021628899818748044,47.98218702695982,,
98133,29,H4,2026-05-05 13:00:00,0.002176969268883749,45.0600316520099,,
98134,29,H4,2026-05-05 17:00:00,0.002075757178249194,45.911414341001596,,
98135,29,H4,2026-05-05 21:00:00,0.002120345951231397,39.376515078180105,,
98136,29,H4,2026-05-06 01:00:00,0.0021874640975720083,34.372587400914625,,
98137,29,H4,2026-05-06 05:00:00,0.0023033595191740064,32.46473724802307,,
98138,29,H4,2026-05-06 09:00:00,0.0023409766963758635,34.864797480827406,,
98139,29,H4,2026-05-06 13:00:00,0.002300192646634734,37.214306356026526,,
98140,29,H4,2026-05-06 17:00:00,0.0022466074575893916,34.41870238110975,,
98141,29,H4,2026-05-06 21:00:00,0.0021711354963330084,35.607793616197014,,
98142,29,H4,2026-05-07 01:00:00,0.002120340103737795,35.41024194611285,,
98143,29,H4,2026-05-07 05:00:00,0.0021153158106136665,30.969408572316098,,
98144,29,H4,2026-05-07 09:00:00,0.0020642218241412667,30.232182602743364,,
98145,29,H4,2026-05-07 13:00:00,0.0020439202652740335,36.49391350148497,,
98146,29,H4,2026-05-07 17:00:00,0.0020822116748973186,48.20786931568278,,
98147,29,H4,2026-05-07 21:00:00,0.0020520536981189384,47.76187318268699,,
98148,29,H4,2026-05-08 01:00:00,0.001981192719681868,45.10631477860518,,
98149,29,H4,2026-05-08 05:00:00,0.0020025360968474533,39.09243158200814,,
98150,29,H4,2026-05-08 09:00:00,0.002009497804215492,37.26611993911532,,
98151,29,H4,2026-05-08 13:00:00,0.001984533675342956,35.903431882420875,,
98152,29,H4,2026-05-08 17:00:00,0.0019227812699613171,33.50976102002423,,0.77618
98153,29,H4,2026-05-10 21:00:00,0.00193329689353551,41.339261882096366,,
98154,29,H4,2026-05-11 01:00:00,0.0019123471154258369,48.30210266053527,,
98155,29,H4,2026-05-11 05:00:00,0.0019193223214668453,44.702869056762296,,
98156,29,H4,2026-05-11 09:00:00,0.001855799298504934,43.9038046509624,,
98157,29,H4,2026-05-11 13:00:00,0.0018246707771831514,42.455025769889666,,
98158,29,H4,2026-05-11 17:00:00,0.0017586228645272049,43.686551224548396,,
98159,29,H4,2026-05-11 21:00:00,0.001732292659918119,48.21217549183852,,
98160,29,H4,2026-05-12 01:00:00,0.0016907003270668236,51.74591453098146,,
98161,29,H4,2026-05-12 05:00:00,0.0017199360179906212,55.48439977388821,,
98162,29,H4,2026-05-12 09:00:00,0.0016827977309912896,54.14955179875233,,
98163,29,H4,2026-05-12 13:00:00,0.0017083121787776292,60.48855585522689,,
98164,29,H4,2026-05-12 17:00:00,0.0017127184517220799,53.46732785831479,,
98165,29,H4,2026-05-12 21:00:00,0.0016660957051704993,51.648652487376566,,
98166,29,H4,2026-05-13 01:00:00,0.0015956602976583219,53.233290027613045,,
98167,29,H4,2026-05-13 05:00:00,0.001640970276397018,59.62637085180967,,
98168,29,H4,2026-05-13 09:00:00,0.0016530438280829437,61.27485313049181,,
98169,29,H4,2026-05-13 13:00:00,0.001634969268934159,59.95666128124873,,
98170,29,H4,2026-05-13 17:00:00,0.001580328606867436,56.263442795000365,,
98171,29,H4,2026-05-13 21:00:00,0.0015153051349483298,54.87168089711579,,
98172,29,H4,2026-05-14 01:00:00,0.001451354768166303,56.2174551964358,,
98173,29,H4,2026-05-14 05:00:00,0.0014712579990115678,56.954734219407904,,
98174,29,H4,2026-05-14 09:00:00,0.0014161681419393075,57.34153804212265,,
98175,29,H4,2026-05-14 13:00:00,0.0014428704175150763,62.630422822648455,,
98176,29,H4,2026-05-14 17:00:00,0.001416951101978283,64.91276983462873,,
98177,29,H4,2026-05-14 21:00:00,0.0014343117375512705,68.44473846717248,,
98178,29,H4,2026-05-15 01:00:00,0.0014118608991547518,71.38669684927422,,
98179,29,H4,2026-05-15 05:00:00,0.0014288708349294154,71.48007199152104,,
98180,29,H4,2026-05-15 09:00:00,0.0015539514895773117,74.39015509638782,,
98181,29,H4,2026-05-15 13:00:00,0.0015772406688932174,73.47456804421381,,
98182,29,H4,2026-05-15 17:00:00,0.0015560091925436983,74.69427353034898,,
98183,29,H4,2026-05-17 21:00:00,0.001529865678790579,75.97330070837091,,
98184,29,H4,2026-05-18 01:00:00,0.0015120181303055417,71.5362014233526,,
98185,29,H4,2026-05-18 05:00:00,0.0015868739781408525,56.74913458580134,,
98186,29,H4,2026-05-18 09:00:00,0.0016185258368450757,57.357039296051624,,
98187,29,H4,2026-05-18 13:00:00,0.0016464882770704321,56.17961418129116,,
98188,29,H4,2026-05-18 17:00:00,0.0016788819715654007,53.42384294173591,,
98189,29,H4,2026-05-18 21:00:00,0.0016503904021678683,57.97012478369844,,
98190,29,H4,2026-05-19 01:00:00,0.0016196482305844491,60.84190834001088,,
98191,29,H4,2026-05-19 05:00:00,0.0016411019283998401,65.11959137066732,,
98192,29,H4,2026-05-19 09:00:00,0.0016217375049427075,68.79114291891254,,
98193,29,H4,2026-05-19 13:00:00,0.0017044705403039431,72.25124517872368,,
98194,29,H4,2026-05-19 17:00:00,0.001644865501710799,72.25124517872368,,
98195,29,H4,2026-05-19 21:00:00,0.0015952322515885994,73.49074171970437,,
98196,29,H4,2026-05-20 01:00:00,0.0015527156621894138,75.21924065067454,,
98197,29,H4,2026-05-20 05:00:00,0.0015403788291758797,76.14348173088845,0.7907,
98198,29,H4,2026-05-20 09:00:00,0.0015146374842347425,76.78455124784425,,
98199,29,H4,2026-05-20 13:00:00,0.0017600205210751185,53.8388678460395,,
98200,29,H4,2026-05-20 17:00:00,0.0017378761981411781,53.8388678460395,,
98201,29,H4,2026-05-20 21:00:00,0.0016737421839882333,52.71119185294241,,
98202,29,H4,2026-05-21 01:00:00,0.001654903456560504,52.007327634012086,,
98203,29,H4,2026-05-21 05:00:00,0.0017145532096633244,52.63173731968768,,
98204,29,H4,2026-05-21 09:00:00,0.0018135136946873722,61.426576663305944,,
98205,29,H4,2026-05-21 13:00:00,0.0018168341450668438,61.64082201234113,,
98206,29,H4,2026-05-21 17:00:00,0.001919917420419207,49.12360613657441,,
98207,29,H4,2026-05-21 21:00:00,0.0018477804618178327,49.895245892129566,,
98208,29,H4,2026-05-22 01:00:00,0.0017772247145451362,46.88320409224475,,
98209,29,H4,2026-05-22 05:00:00,0.0017974229492204881,46.27137774385792,,
98210,29,H4,2026-05-22 09:00:00,0.001784035595704739,44.10206320716955,,
98211,29,H4,2026-05-22 13:00:00,0.0018601759102972592,37.517432097906976,,
98212,29,H4,2026-05-22 17:00:00,0.0018358776309903176,42.518466126542535,,
98213,29,H4,2026-05-24 21:00:00,0.0019518863716338597,32.92636786166578,,
98214,29,H4,2026-05-25 01:00:00,0.0018753230593742975,31.438793557199432,,
98215,29,H4,2026-05-25 05:00:00,0.0018077999837047118,30.861282703979043,,
98216,29,H4,2026-05-25 09:00:00,0.0017486714134400962,29.078058069242005,,0.78082
98217,29,H4,2026-05-25 13:00:00,0.001803766312480087,40.68648448832273,,
98218,29,H4,2026-05-25 17:00:00,0.001715640147302935,39.33531738904548,,
98219,29,H4,2026-05-25 21:00:00,0.0016716658510670106,42.93375581110742,,
98220,29,H4,2026-05-26 01:00:00,0.0016208325759908008,43.8439488474454,,
98221,29,H4,2026-05-26 05:00:00,0.0016357731062771723,49.64417044702469,,
98222,29,H4,2026-05-26 09:00:00,0.001623932170114523,51.85218678371198,,
98223,29,H4,2026-05-26 13:00:00,0.0016436513008206294,54.9312843304889,,
98224,29,H4,2026-05-26 17:00:00,0.0015648190650477262,54.38051974713357,,
98225,29,H4,2026-05-26 21:00:00,0.0015359034175443207,51.7009169728804,,
98226,29,H4,2026-05-27 01:00:00,0.001471910316291153,51.530013055363916,,
98227,29,H4,2026-05-27 05:00:00,0.001481059579413217,56.533198689589796,,
98228,29,H4,2026-05-27 09:00:00,0.0015438410380265528,51.515090124191595,,
98229,29,H4,2026-05-27 13:00:00,0.001651423821024656,57.57453188420726,,
98230,29,H4,2026-05-27 17:00:00,0.001594179262380039,59.99130681406951,,
98231,29,H4,2026-05-27 21:00:00,0.00160030931506718,62.79432922882781,,
98232,29,H4,2026-05-28 01:00:00,0.001638858649705241,68.6985358680926,0.78994,
98233,29,H4,2026-05-28 05:00:00,0.0016832258890120122,64.2441198329139,,
98234,29,H4,2026-05-28 09:00:00,0.0017937097540825797,53.46479834939538,,
98235,29,H4,2026-05-28 13:00:00,0.001954873343076681,41.61647967998279,,
98236,29,H4,2026-05-28 17:00:00,0.001875953818571205,43.53560555440135,,
98237,29,H4,2026-05-28 21:00:00,0.0017955285458161132,42.90822054182024,,
98238,29,H4,2026-05-29 01:00:00,0.0017737050782578188,44.09546732604346,,
98239,29,H4,2026-05-29 05:00:00,0.0017491547155251126,45.13513784932382,,
98240,29,H4,2026-05-29 09:00:00,0.0018370722358447462,35.554455256283006,,
98241,29,H4,2026-05-29 13:00:00,0.0019415670761415479,35.49962397431358,,
98242,29,H4,2026-05-29 17:00:00,0.001987169427845725,34.41368884409182,,
98243,29,H4,2026-05-31 21:00:00,0.0019966573258567376,43.26671333492385,,
98244,29,H4,2026-06-01 01:00:00,0.0019026103740098289,44.34541860645525,,
98245,29,H4,2026-06-01 05:00:00,0.0018809953472948442,44.816232904169524,,
98246,29,H4,2026-06-01 09:00:00,0.0019059242510595029,53.24931905606682,,
98247,29,H4,2026-06-01 13:00:00,0.002013358233126683,57.80827428794106,,
98248,29,H4,2026-06-01 17:00:00,0.001955261216474776,58.74150732886275,,
98249,29,H4,2026-06-01 21:00:00,0.0018741711295837235,59.634349657127046,,
98250,29,H4,2026-06-02 01:00:00,0.0018160160488991763,55.97194752928318,,
98251,29,H4,2026-06-02 05:00:00,0.001838443473977804,54.926900698689,,
98252,29,H4,2026-06-02 09:00:00,0.0017956975115508195,53.49278572861538,,
98253,29,H4,2026-06-02 13:00:00,0.0018238619750114771,59.404000843815425,,
98254,29,H4,2026-06-02 17:00:00,0.0018100146910820793,59.89615648556673,,
98255,29,H4,2026-06-02 21:00:00,0.0018085850702904993,61.55633139001672,,
98256,29,H4,2026-06-03 01:00:00,0.0017665432795554634,63.91339167765849,,
98257,29,H4,2026-06-03 05:00:00,0.0017375044738729324,67.76484480339327,,
99632,29,D,2026-05-10 21:00:00,0.0054207814032225425,41.746425878059405,,
99633,29,D,2026-05-11 21:00:00,0.005371439874420933,45.53960610627491,,
99634,29,D,2026-05-12 21:00:00,0.00520490845481944,47.30555461856167,,
99635,29,D,2026-05-13 21:00:00,0.005066700708046623,50.25432963445734,,
99636,29,D,2026-05-14 21:00:00,0.004989079228900442,54.564845459860315,,
99637,29,D,2026-05-17 21:00:00,0.004899859283978979,50.75220052480582,,
99638,29,D,2026-05-18 21:00:00,0.005021297906551905,56.573002171776366,,
99639,29,D,2026-05-19 21:00:00,0.0050169194846553375,53.98128573809455,,
99640,29,D,2026-05-20 21:00:00,0.004988568092894239,53.21804175878882,,
99641,29,D,2026-05-21 21:00:00,0.004902956086258942,50.67188104749744,,
99642,29,D,2026-05-24 21:00:00,0.0048577449372404465,47.08436228831503,,
99643,29,D,2026-05-25 21:00:00,0.004785048870294705,51.6611517823495,,
99644,29,D,2026-05-26 21:00:00,0.004673973950987937,53.723888591309915,,
99645,29,D,2026-05-27 21:00:00,0.004811547240203081,48.94603903951069,,
99646,29,D,2026-05-28 21:00:00,0.004837865294474287,44.68066607854465,,
99647,29,D,2026-05-31 21:00:00,0.0050387320591546905,52.88944957200402,,
99648,29,D,2026-06-01 21:00:00,0.004963822626357923,53.69434126091809,,
107439,46,H4,2026-01-07 22:00:00,0.3388302230325216,46.51947400050678,,
107440,46,H4,2026-01-08 02:00:00,0.3347709213873422,43.032552285631816,,
107441,46,H4,2026-01-08 06:00:00,0.3340015698596758,42.99023205537061,,
107442,46,H4,2026-01-08 10:00:00,0.32443002915541447,44.056720194126825,,
107443,46,H4,2026-01-08 14:00:00,0.3452564556443144,36.49927651810684,,182.636
107444,46,H4,2026-01-08 18:00:00,0.33952385166971955,42.238309097082755,,
107445,46,H4,2026-01-08 22:00:00,0.3399864336933113,47.125916155096625,,
107446,46,H4,2026-01-09 02:00:00,0.3377016884295049,53.414949102664686,,
107447,46,H4,2026-01-09 06:00:00,0.33815156782739697,58.16166992310449,,
107448,46,H4,2026-01-09 10:00:00,0.33599788441115386,53.17381515066828,,
107449,46,H4,2026-01-09 14:00:00,0.3539266069532135,60.76313747440007,,
107450,46,H4,2026-01-09 18:00:00,0.3436461350279845,58.95540497550793,,
107451,46,H4,2026-01-11 22:00:00,0.33324283966884327,60.63694122509755,,
107452,46,H4,2026-01-12 02:00:00,0.35151120826392585,67.5480288778005,,
107453,46,H4,2026-01-12 06:00:00,0.3506889791022171,68.40485246352767,,
107454,46,H4,2026-01-12 10:00:00,0.3419254805949165,69.76599333438784,,
107455,46,H4,2026-01-12 14:00:00,0.3408593748381366,66.98536699727137,,
107456,46,H4,2026-01-12 18:00:00,0.32986941949255427,67.77195146077432,,
107457,46,H4,2026-01-12 22:00:00,0.34409303238594297,70.95814143551716,,
107458,46,H4,2026-01-13 02:00:00,0.36822924435837473,75.41260689792861,,
107459,46,H4,2026-01-13 06:00:00,0.37564144118992,77.73907882092885,,
107460,46,H4,2026-01-13 10:00:00,0.38152419539063986,75.7726415666702,,
107461,46,H4,2026-01-13 14:00:00,0.3781296100055923,70.43936951024605,,
107462,46,H4,2026-01-13 18:00:00,0.36683463786233567,71.78590343437223,,
107463,46,H4,2026-01-13 22:00:00,0.36706073515788346,73.11580533308742,,
107464,46,H4,2026-01-14 02:00:00,0.35769925407517883,73.77044134101021,,
107465,46,H4,2026-01-14 06:00:00,0.38557787878409594,60.09493639589435,185.574,
107466,46,H4,2026-01-14 10:00:00,0.40989374458523187,55.32725617872285,,
107467,46,H4,2026-01-14 14:00:00,0.4204727628291433,47.997678144789326,,
107468,46,H4,2026-01-14 18:00:00,0.4177247083413477,50.670239554694184,,
107469,46,H4,2026-01-14 22:00:00,0.4188872291741104,46.89792013849739,,
107470,46,H4,2026-01-15 02:00:00,0.4136809985188171,47.61081754779224,,
107471,46,H4,2026-01-15 06:00:00,0.4157037843389021,47.07734943508196,,
107472,46,H4,2026-01-15 10:00:00,0.40693922831469526,46.11788496354123,,
107473,46,H4,2026-01-15 14:00:00,0.40944356914935837,41.55731556848932,,
107474,46,H4,2026-01-15 18:00:00,0.39341188563869006,44.73546733202995,,
107475,46,H4,2026-01-15 22:00:00,0.3848824652359265,43.61905743219771,,
107476,46,H4,2026-01-16 02:00:00,0.4048908605762169,38.96836280988224,,
107477,46,H4,2026-01-16 06:00:00,0.40704151339220157,36.00209371973954,,
107478,46,H4,2026-01-16 10:00:00,0.39946711957847203,35.384925580065044,,
107479,46,H4,2026-01-16 14:00:00,0.40364803960858103,32.10978392322332,,
107480,46,H4,2026-01-16 18:00:00,0.38410175106511063,32.08084515717829,,
107481,46,H4,2026-01-18 22:00:00,0.4004516259890313,30.610229796362745,,182.762
107482,46,H4,2026-01-19 02:00:00,0.40356222413267107,40.338674913304224,,
107483,46,H4,2026-01-19 06:00:00,0.3994506366946234,39.91479131375154,,
107484,46,H4,2026-01-19 10:00:00,0.3937755912164355,43.105985718386066,,
107485,46,H4,2026-01-19 14:00:00,0.4012916204152612,51.604425709524534,,
107486,46,H4,2026-01-19 18:00:00,0.381485076099885,54.03396622533661,,
107487,46,H4,2026-01-19 22:00:00,0.38430757066417837,48.453199315924486,,
107488,46,H4,2026-01-20 02:00:00,0.3972856013310209,57.75492381115926,,
107489,46,H4,2026-01-20 06:00:00,0.4271937726645196,65.54199193072185,,
107490,46,H4,2026-01-20 10:00:00,0.4290370746170521,68.21570011874972,,
107491,46,H4,2026-01-20 14:00:00,0.4318201407158333,69.35156024920235,,
107492,46,H4,2026-01-20 18:00:00,0.4135472735218464,70.73294118138755,,
107493,46,H4,2026-01-20 22:00:00,0.407293896841714,66.60475083752442,,
107494,46,H4,2026-01-21 02:00:00,0.40120147563873265,67.89334317141083,,
107495,46,H4,2026-01-21 06:00:00,0.4169727988073936,57.597173564056206,,
107496,46,H4,2026-01-21 10:00:00,0.421403313178295,63.27875774420519,,
107497,46,H4,2026-01-21 14:00:00,0.42144593366555944,57.866701116921085,,
107498,46,H4,2026-01-21 18:00:00,0.4064855098323044,56.673560820094615,,
107499,46,H4,2026-01-21 22:00:00,0.40002225912999717,57.92886837744564,,
107500,46,H4,2026-01-22 02:00:00,0.4080206691921403,63.48051756364556,,
107501,46,H4,2026-01-22 06:00:00,0.40094776424984435,64.00546224247155,,
107502,46,H4,2026-01-22 10:00:00,0.40995149537485454,67.94104373544064,,
107503,46,H4,2026-01-22 14:00:00,0.40259781713379267,68.62361202666504,,
107504,46,H4,2026-01-22 18:00:00,0.39784083019566346,71.52534452411302,,
107505,46,H4,2026-01-22 22:00:00,0.3892807708959746,72.96764649287599,,
107506,46,H4,2026-01-23 02:00:00,0.3819035729748337,73.07535100010311,,
107507,46,H4,2026-01-23 06:00:00,0.5026247463337743,52.94096174795267,186.874,
107508,46,H4,2026-01-23 10:00:00,0.4963658358813613,56.69684446995667,,
107509,46,H4,2026-01-23 14:00:00,0.589625419032694,40.79060620815426,,
107510,46,H4,2026-01-23 18:00:00,0.6015807462446449,39.00427087380876,,
107511,46,H4,2026-01-25 22:00:00,0.6416106929414543,30.794301170259814,,
107512,46,H4,2026-01-26 02:00:00,0.640138500588494,29.204975852325035,,
107513,46,H4,2026-01-26 06:00:00,0.6725571791178868,26.263514620260764,,
107514,46,H4,2026-01-26 10:00:00,0.6939459520380383,31.036309511389888,,181.786
107515,46,H4,2026-01-26 14:00:00,0.6873069554638926,34.3290486802875,,
107516,46,H4,2026-01-26 18:00:00,0.666785030073613,38.32532038480515,,
107517,46,H4,2026-01-26 22:00:00,0.6401575279254965,39.99961791716204,,
107518,46,H4,2026-01-27 02:00:00,0.617931990216533,42.00345856133765,,
107519,46,H4,2026-01-27 06:00:00,0.6870797052010672,36.06641262665775,,
107520,46,H4,2026-01-27 10:00:00,0.6817882976867052,35.59590832529342,,
107521,46,H4,2026-01-27 14:00:00,0.6875177049947977,39.592824378131525,,
107522,46,H4,2026-01-27 18:00:00,0.7066950117808828,42.887015521106086,,
107523,46,H4,2026-01-27 22:00:00,0.6856453680822489,45.600058140522776,,
107524,46,H4,2026-01-28 02:00:00,0.6918135560763733,41.8945174419373,,
107525,46,H4,2026-01-28 06:00:00,0.6743268734994896,41.366183677381606,,
107526,46,H4,2026-01-28 10:00:00,0.6614463825352404,38.59038930831264,,
107527,46,H4,2026-01-28 14:00:00,0.6768430694970075,46.26205991038299,,
107528,46,H4,2026-01-28 18:00:00,0.6562114216757929,46.71879708463825,,
107529,46,H4,2026-01-28 22:00:00,0.6376963201275213,46.14391595116629,,
107530,46,H4,2026-01-29 02:00:00,0.6182894401184116,46.34705648826418,,
107531,46,H4,2026-01-29 06:00:00,0.6111259086813822,45.82847325835577,,
107532,46,H4,2026-01-29 10:00:00,0.5904026294898548,46.30954678156919,,
107533,46,H4,2026-01-29 14:00:00,0.6419452988120068,39.55284764147569,,
107534,46,H4,2026-01-29 18:00:00,0.6334492060397203,47.207401908356424,,
107535,46,H4,2026-01-29 22:00:00,0.6153456913225971,46.43895950618781,,
107536,46,H4,2026-01-30 02:00:00,0.6193209990852703,51.13550413788271,,
107537,46,H4,2026-01-30 06:00:00,0.6080123562934642,53.562497212292996,,
107538,46,H4,2026-01-30 10:00:00,0.5931543308439314,55.81828865959815,,
107539,46,H4,2026-01-30 14:00:00,0.6105004500693658,47.936796925731215,,
107540,46,H4,2026-01-30 18:00:00,0.5856075607786969,48.936796099789476,,
107541,46,H4,2026-02-01 22:00:00,0.6043498778659337,56.92888766834477,,
107542,46,H4,2026-02-02 02:00:00,0.6073248865897947,50.225713761137285,,
107543,46,H4,2026-02-02 06:00:00,0.6158016804048092,50.75577313763604,,
107544,46,H4,2026-02-02 10:00:00,0.5941015603758951,49.26742700158498,,
107545,46,H4,2026-02-02 14:00:00,0.5790228774919013,49.3858242421196,,
107546,46,H4,2026-02-02 18:00:00,0.5525212433853368,48.83353063864953,,
107547,46,H4,2026-02-02 22:00:00,0.539412583143527,52.192204990590646,,
107548,46,H4,2026-02-03 02:00:00,0.5158831129189899,50.06855266009868,,
107549,46,H4,2026-02-03 06:00:00,0.50767717628192,54.267326026815915,,
107550,46,H4,2026-02-03 10:00:00,0.4867716636903525,55.33970589914444,,
107551,46,H4,2026-02-03 14:00:00,0.4776451162838994,57.25196418739504,,
107552,46,H4,2026-02-03 18:00:00,0.47324189369219205,59.136254550017554,,
107553,46,H4,2026-02-03 22:00:00,0.4920817584284657,65.87678797764256,,
107554,46,H4,2026-02-04 02:00:00,0.48686163282643324,69.10965216643908,,
107555,46,H4,2026-02-04 06:00:00,0.47215723048168845,70.24798658701602,,
107556,46,H4,2026-02-04 10:00:00,0.4574317140187101,68.71700110084974,,
107557,46,H4,2026-02-04 14:00:00,0.44904373444594536,64.8410394247565,,
107558,46,H4,2026-02-04 18:00:00,0.4509691819855206,68.95913287700228,,
107559,46,H4,2026-02-04 22:00:00,0.4407570975579829,68.16214440267998,,
107560,46,H4,2026-02-05 02:00:00,0.44606016201812804,66.16571485682569,,
107561,46,H4,2026-02-05 06:00:00,0.4577701504454056,69.35550316352817,,
107562,46,H4,2026-02-05 10:00:00,0.46500085398501934,60.57321667303842,,
107563,46,H4,2026-02-05 14:00:00,0.4829293644146614,61.66856482044369,,
107564,46,H4,2026-02-05 18:00:00,0.4627201240993296,60.27607125641665,,
107565,46,H4,2026-02-05 22:00:00,0.4788115438065195,52.76656712616901,,
107566,46,H4,2026-02-06 02:00:00,0.4690392906774813,57.92189787642576,,
107567,46,H4,2026-02-06 06:00:00,0.472822198486232,61.298767318478774,,
107568,46,H4,2026-02-06 10:00:00,0.4657634700229294,63.30388104433454,,
107569,46,H4,2026-02-06 14:00:00,0.45749465073557694,66.45958067024952,,
107570,46,H4,2026-02-06 18:00:00,0.44060217568303395,68.73760708610942,,
107571,46,H4,2026-02-08 22:00:00,0.5069877345628175,56.95766888072081,186.234,
107572,46,H4,2026-02-09 02:00:00,0.4928457535226161,58.272499592300065,,
107573,46,H4,2026-02-09 06:00:00,0.5092853425567159,64.14591977367436,,
107574,46,H4,2026-02-09 10:00:00,0.49662210380266425,60.44700298354213,,
107575,46,H4,2026-02-09 14:00:00,0.4992205249596179,61.819070035730334,,
107576,46,H4,2026-02-09 18:00:00,0.4848476303196453,62.1539277813373,,
107577,46,H4,2026-02-09 22:00:00,0.49285851386824264,55.44334429838983,,
107578,46,H4,2026-02-10 02:00:00,0.5212257628776529,47.687175517111015,,
107579,46,H4,2026-02-10 06:00:00,0.517066779814963,49.0819112263989,,
107580,46,H4,2026-02-10 10:00:00,0.5403477241138934,39.278050706048056,,
107581,46,H4,2026-02-10 14:00:00,0.563537172391471,33.599850249093734,,
107582,46,H4,2026-02-10 18:00:00,0.5417130886492239,33.443909166268256,,
107583,46,H4,2026-02-10 22:00:00,0.5473764394599943,29.85442538750118,,
107584,46,H4,2026-02-11 02:00:00,0.5724924080699948,24.584657822012176,,
107585,46,H4,2026-02-11 06:00:00,0.5691000932078527,27.863410916538044,,
107586,46,H4,2026-02-11 10:00:00,0.6363072294072932,27.116205816722484,,
107587,46,H4,2026-02-11 14:00:00,0.6769995701639144,22.356676271365927,,
107588,46,H4,2026-02-11 18:00:00,0.6752853151522056,27.212667793093473,,
107589,46,H4,2026-02-11 22:00:00,0.6710506497841899,25.246203142023262,,
107590,46,H4,2026-02-12 02:00:00,0.6825470319424616,26.10875251773892,,
107591,46,H4,2026-02-12 06:00:00,0.6710079582322869,28.15678498474783,,
107592,46,H4,2026-02-12 10:00:00,0.6850073897871228,34.61255422137103,,
107593,46,H4,2026-02-12 14:00:00,0.737221147659471,28.896924739075743,,180.808
107594,46,H4,2026-02-12 18:00:00,0.7068482085409382,28.620243066785108,,
107595,46,H4,2026-02-12 22:00:00,0.7081447650737279,37.070798260229125,,
107596,46,H4,2026-02-13 02:00:00,0.696277281854176,36.34267254809251,,
107597,46,H4,2026-02-13 06:00:00,0.6950431902931636,40.262662467031994,,
107598,46,H4,2026-02-13 10:00:00,0.6809686767007961,37.43458079007286,,
107599,46,H4,2026-02-13 14:00:00,0.6703280569364543,34.87298930117365,,
107600,46,H4,2026-02-13 18:00:00,0.6490189100124208,33.05800133882114,,
107601,46,H4,2026-02-15 22:00:00,0.6370889878686764,38.21409674537459,,
107602,46,H4,2026-02-16 02:00:00,0.6100112030209145,41.17108126205183,,
107603,46,H4,2026-02-16 06:00:00,0.6063675456622776,47.03421983652,,
107604,46,H4,2026-02-16 10:00:00,0.6057698638292587,42.51311892049974,,
107605,46,H4,2026-02-16 14:00:00,0.5823577306985968,43.381419604139765,,
107606,46,H4,2026-02-16 18:00:00,0.5511893213629838,44.78476643771747,,
107607,46,H4,2026-02-16 22:00:00,0.5708900841227705,39.13360347026266,,
107608,46,H4,2026-02-17 02:00:00,0.5651122209711427,36.62227834103917,,
107609,46,H4,2026-02-17 06:00:00,0.555389919473204,36.90975978968827,,
107610,46,H4,2026-02-17 10:00:00,0.5386477823679751,38.03642949732051,,
107611,46,H4,2026-02-17 14:00:00,0.5423872264845468,45.717954391617,,
107612,46,H4,2026-02-17 18:00:00,0.5199309960213655,45.95213304963273,,
107613,46,H4,2026-02-17 22:00:00,0.509078782019839,46.84731032234797,,
107614,46,H4,2026-02-18 02:00:00,0.4902160118755651,47.01026952427873,,
107615,46,H4,2026-02-18 06:00:00,0.475986296741596,49.82645979321584,,
107616,46,H4,2026-02-18 10:00:00,0.46198727554576774,50.91709678413771,,
107617,46,H4,2026-02-18 14:00:00,0.4669881844353565,57.29409443400422,,
107618,46,H4,2026-02-18 18:00:00,0.4679890284042592,57.275059378409246,,
107619,46,H4,2026-02-18 22:00:00,0.4724183835182408,61.76244074381212,,
107620,46,H4,2026-02-19 02:00:00,0.4823884989812232,66.08919452275657,,
107621,46,H4,2026-02-19 06:00:00,0.48843217762542007,57.443289162307934,,
107622,46,H4,2026-02-19 10:00:00,0.503044164937891,51.06731498917037,,
107623,46,H4,2026-02-19 14:00:00,0.49704101029946895,52.821796728365236,,
107624,46,H4,2026-02-19 18:00:00,0.48582379527807856,53.70147286065928,,
107625,46,H4,2026-02-19 22:00:00,0.4752649527582154,53.253045397622465,,
107626,46,H4,2026-02-20 02:00:00,0.4604603132754858,55.160622187628285,,
107627,46,H4,2026-02-20 06:00:00,0.48657029089866694,59.46217420906812,,
107628,46,H4,2026-02-20 10:00:00,0.48417241297733377,60.38543320830995,,
107629,46,H4,2026-02-20 14:00:00,0.4950172406218116,53.824074481115545,,
107630,46,H4,2026-02-20 18:00:00,0.47573029486311036,55.69243703877773,,
107631,46,H4,2026-02-22 22:00:00,0.4866781309443181,49.66854860339876,,
107632,46,H4,2026-02-23 02:00:00,0.4734154073054394,52.42293370740039,,
107633,46,H4,2026-02-23 06:00:00,0.4656000210693369,54.78277627388544,,
107634,46,H4,2026-02-23 10:00:00,0.46162859099295545,49.44642880440199,,
107635,46,H4,2026-02-23 14:00:00,0.47401226306488653,45.70147473011833,,
107636,46,H4,2026-02-23 18:00:00,0.46079710141739577,47.96970047282348,,
107637,46,H4,2026-02-23 22:00:00,0.4626687370304386,53.10744044666302,,
107638,46,H4,2026-02-24 02:00:00,0.4551923986711218,56.178140610738275,,
107639,46,H4,2026-02-24 06:00:00,0.5414643701946139,67.06691763466631,,
107640,46,H4,2026-02-24 10:00:00,0.5273597723235696,66.87511442021064,,
107641,46,H4,2026-02-24 14:00:00,0.5178340743004578,64.07293969032835,,
107642,46,H4,2026-02-24 18:00:00,0.49084592613613837,63.869973477153955,,
107643,46,H4,2026-02-24 22:00:00,0.4817140742692713,62.2351889450436,,
107644,46,H4,2026-02-25 02:00:00,0.500877354678609,64.00070745666133,,
107645,46,H4,2026-02-25 06:00:00,0.545386115058708,73.15556073668927,,
107646,46,H4,2026-02-25 10:00:00,0.5289299639830859,71.8827320495938,,
107647,46,H4,2026-02-25 14:00:00,0.511434966555722,72.70941803577833,,
107648,46,H4,2026-02-25 18:00:00,0.49083246894459986,73.43774213378953,184.776,
107649,46,H4,2026-02-25 22:00:00,0.4902015783056998,65.40403046574076,,
107650,46,H4,2026-02-26 02:00:00,0.4804728941410059,65.55099319789545,,
107651,46,H4,2026-02-26 06:00:00,0.4810105445595054,61.16039691900506,,
107652,46,H4,2026-02-26 10:00:00,0.47943836280525526,64.44193446746733,,
107653,46,H4,2026-02-26 14:00:00,0.488192765462023,60.04601001536523,,
107654,46,H4,2026-02-26 18:00:00,0.46832185364330564,60.570160087876964,,
107655,46,H4,2026-02-26 22:00:00,0.4721560069544975,54.43764610638687,,
107656,46,H4,2026-02-27 02:00:00,0.45957343502917775,56.20281435632035,,
107657,46,H4,2026-02-27 06:00:00,0.4636753325270933,57.36229446085111,,
107658,46,H4,2026-02-27 10:00:00,0.4503413802037306,58.62277144795757,,
107659,46,H4,2026-02-27 14:00:00,0.44838842447489285,62.28635915945494,,
107660,46,H4,2026-02-27 18:00:00,0.43393210844097263,62.61586486605523,,
107661,46,H4,2026-03-01 22:00:00,0.4547941006951888,57.410472572099266,,
107662,46,H4,2026-03-02 02:00:00,0.46223737921696084,62.508545717766324,,
107663,46,H4,2026-03-02 06:00:00,0.4873632807014651,55.52822336005482,,
107664,46,H4,2026-03-02 10:00:00,0.4826230463656456,56.429335951574274,,
107665,46,H4,2026-03-02 14:00:00,0.5010071144823859,55.267987628005656,,
107666,46,H4,2026-03-02 18:00:00,0.4921494634479305,49.58306513439866,,
107667,46,H4,2026-03-02 22:00:00,0.49442450177307834,50.11714712191025,,
107668,46,H4,2026-03-03 02:00:00,0.4918941802178587,43.3956806366561,,
107669,46,H4,2026-03-03 06:00:00,0.5159017387737261,34.41259112118975,,
107670,46,H4,2026-03-03 10:00:00,0.50669447171846,33.38601654595607,,
107671,46,H4,2026-03-03 14:00:00,0.545216295167141,34.25013348217678,,182.026
107672,46,H4,2026-03-03 18:00:00,0.5249151312266306,38.60967030612233,,
107673,46,H4,2026-03-03 22:00:00,0.5352783361390132,33.26242409852226,,
107674,46,H4,2026-03-04 02:00:00,0.5301870264147979,33.19033254083756,,
107675,46,H4,2026-03-04 06:00:00,0.529816524528027,30.628623041969576,,
107676,46,H4,2026-03-04 10:00:00,0.5386867727760248,41.2185034141969,,
107677,46,H4,2026-03-04 14:00:00,0.5426377175777369,36.780813590487526,,
107678,46,H4,2026-03-04 18:00:00,0.5250207377507552,39.3706753180548,,
107679,46,H4,2026-03-04 22:00:00,0.5307335421971311,33.970588554731165,,
107680,46,H4,2026-03-05 02:00:00,0.5125382891830511,33.69650588103579,,
107681,46,H4,2026-03-05 06:00:00,0.5197855542414049,41.824598241869786,,
107682,46,H4,2026-03-05 10:00:00,0.5210865860813033,47.08955586469294,,
107683,46,H4,2026-03-05 14:00:00,0.5312946870754971,43.76711352861693,,
107684,46,H4,2026-03-05 18:00:00,0.5180593522843884,46.75024504283755,,
107685,46,H4,2026-03-05 22:00:00,0.49948368426407563,46.99389781872093,,
107686,46,H4,2026-03-06 02:00:00,0.4877348496737851,51.84172726928662,,
107687,46,H4,2026-03-06 06:00:00,0.4944680746970857,44.35666998838273,,
107688,46,H4,2026-03-06 10:00:00,0.4931489265044367,40.61875930115058,,
107689,46,H4,2026-03-06 14:00:00,0.5087097174684064,49.51362255341557,,
107690,46,H4,2026-03-06 18:00:00,0.5013018805063775,54.07929086680361,,
107691,46,H4,2026-03-08 21:00:00,0.532208889041636,46.17408025623262,,
107692,46,H4,2026-03-09 01:00:00,0.5324796826815192,49.05344223697671,,
107693,46,H4,2026-03-09 05:00:00,0.5423025624899812,49.55766696074697,,
107694,46,H4,2026-03-09 09:00:00,0.5324952365978398,52.52701935079642,,
107695,46,H4,2026-03-09 13:00:00,0.5197455768408502,53.10032299627371,,
107696,46,H4,2026-03-09 17:00:00,0.5044780356379311,56.100988665003044,,
107697,46,H4,2026-03-09 21:00:00,0.5013010330923632,52.15739993959645,,
107698,46,H4,2026-03-10 01:00:00,0.4881366735857663,51.951245155623155,,
107699,46,H4,2026-03-10 05:00:00,0.4946269111867815,58.0499089552005,,
107700,46,H4,2026-03-10 09:00:00,0.48065356038772616,57.204578922381934,,
107701,46,H4,2026-03-10 13:00:00,0.4614640203600307,57.09266097476221,,
107702,46,H4,2026-03-10 17:00:00,0.44393087604860054,54.98793161610242,,
107703,46,H4,2026-03-10 21:00:00,0.44129295633084215,59.43516913093451,,
107704,46,H4,2026-03-11 01:00:00,0.43034345945006647,61.40001793697092,184.081,
107705,46,H4,2026-03-11 05:00:00,0.4210332123464911,61.5393395189135,,
107706,46,H4,2026-03-11 09:00:00,0.4161022686074563,56.36846292683517,,
107707,46,H4,2026-03-11 13:00:00,0.4078806779926391,57.63547560470485,,
107708,46,H4,2026-03-11 17:00:00,0.3935320581360216,58.95206933743974,,
107709,46,H4,2026-03-11 21:00:00,0.39292262541202144,52.14567603554738,,
107710,46,H4,2026-03-12 01:00:00,0.3758567235968768,51.40814130079876,,
107711,46,H4,2026-03-12 05:00:00,0.3736526719113855,50.34312433054628,,
107712,46,H4,2026-03-12 09:00:00,0.3721774810605708,47.764264316320734,,
107713,46,H4,2026-03-12 13:00:00,0.36752194669910265,49.86706390986549,,
107714,46,H4,2026-03-12 17:00:00,0.35584180764916734,49.63318065353053,,
107715,46,H4,2026-03-12 21:00:00,0.3512816785313698,47.22408025827027,,
107716,46,H4,2026-03-13 01:00:00,0.3494758443505572,51.11990044816388,,
107717,46,H4,2026-03-13 05:00:00,0.4091561411826604,32.32872292272032,,
107718,46,H4,2026-03-13 09:00:00,0.4217164168124689,42.82197165566968,,
107719,46,H4,2026-03-13 13:00:00,0.423450958468721,39.70966698301014,,
107720,46,H4,2026-03-13 17:00:00,0.424061604292385,36.459889704483146,,
107721,46,H4,2026-03-15 21:00:00,0.41420006112864327,38.79916093518049,,
107722,46,H4,2026-03-16 01:00:00,0.4076143424765975,40.47649240425006,,
107723,46,H4,2026-03-16 05:00:00,0.4296418894425554,38.0231737338061,,181.874
107724,46,H4,2026-03-16 09:00:00,0.4304531830538016,42.29094828076379,,
107725,46,H4,2026-03-16 13:00:00,0.4357779556928154,50.287215213968835,,
107726,46,H4,2026-03-16 17:00:00,0.41843667314332744,49.33121256816203,,
107727,46,H4,2026-03-16 21:00:00,0.4004054822045181,51.06767013532981,,
107728,46,H4,2026-03-17 01:00:00,0.38509080490419584,50.672061048792294,,
107729,46,H4,2026-03-17 05:00:00,0.3865843188396108,51.94760461952025,,
107730,46,H4,2026-03-17 09:00:00,0.379828296065353,54.275930764279245,,
107731,46,H4,2026-03-17 13:00:00,0.37012627491782774,53.447953964135806,,
107732,46,H4,2026-03-17 17:00:00,0.366545826709411,58.02137063223301,,
107733,46,H4,2026-03-17 21:00:00,0.3608639819444535,57.77879085759448,,
107734,46,H4,2026-03-18 01:00:00,0.3542308403769926,54.07783287143559,,
107735,46,H4,2026-03-18 05:00:00,0.3561429232072074,54.34717100636694,,
107736,46,H4,2026-03-18 09:00:00,0.3539184286924061,57.92469174354539,,
107737,46,H4,2026-03-18 13:00:00,0.3607813980715191,59.41223574549685,,
107738,46,H4,2026-03-18 17:00:00,0.3732970124949821,48.05031313878421,,
107739,46,H4,2026-03-18 21:00:00,0.3700615116024836,52.675726879737525,,
107740,46,H4,2026-03-19 01:00:00,0.36934283220230507,48.14204033174724,,
107741,46,H4,2026-03-19 05:00:00,0.4291754870449971,35.66900733532931,,
107742,46,H4,2026-03-19 09:00:00,0.43452009511321094,40.80319939776261,,
107743,46,H4,2026-03-19 13:00:00,0.4442686597479814,38.04058354553949,,
107744,46,H4,2026-03-19 17:00:00,0.46003518405169647,46.114825820071964,,
107745,46,H4,2026-03-19 21:00:00,0.44688981376229037,45.12531752771797,,
107746,46,H4,2026-03-20 01:00:00,0.4513262556364115,50.279186600583394,,
107747,46,H4,2026-03-20 05:00:00,0.4483029516623815,54.8726792829728,,
107748,46,H4,2026-03-20 09:00:00,0.4411384551150695,57.44516261109965,,
107749,46,H4,2026-03-20 13:00:00,0.4593428511782787,64.06357505055442,,
107750,46,H4,2026-03-20 17:00:00,0.44681836180840107,65.42099237019217,,
107751,46,H4,2026-03-22 21:00:00,0.4595456216792296,63.34063316368145,,
107752,46,H4,2026-03-23 01:00:00,0.44972093441642763,63.02381936536796,,
107753,46,H4,2026-03-23 05:00:00,0.4467408676723962,57.45332143492838,,
107754,46,H4,2026-03-23 09:00:00,0.4908308056957959,60.65246773590189,,
107755,46,H4,2026-03-23 13:00:00,0.4984857481460951,58.07188545671927,,
107756,46,H4,2026-03-23 17:00:00,0.48409390899280236,58.312419064787676,,
107757,46,H4,2026-03-23 21:00:00,0.47623005835045895,54.54604815181204,,
107758,46,H4,2026-03-24 01:00:00,0.46035648275399693,55.80796775743936,,
107759,46,H4,2026-03-24 05:00:00,0.45497387684299645,56.0270860921913,,
107760,46,H4,2026-03-24 09:00:00,0.4481900284970671,58.2723691501803,,
107761,46,H4,2026-03-24 13:00:00,0.4383907407472751,59.74253038790516,,
107762,46,H4,2026-03-24 17:00:00,0.4347914021224701,62.074673067982275,,
107763,46,H4,2026-03-24 21:00:00,0.44059201625657873,65.00142790027203,,
107764,46,H4,2026-03-25 01:00:00,0.4246925865239672,61.35899233908561,,
107765,46,H4,2026-03-25 05:00:00,0.4240716874865407,60.12271387794338,,
107766,46,H4,2026-03-25 09:00:00,0.41113799552321806,62.021635582152946,,
107767,46,H4,2026-03-25 13:00:00,0.406628138700132,58.69904246802198,,
107768,46,H4,2026-03-25 17:00:00,0.3952975573644096,61.13302379890609,,
107769,46,H4,2026-03-25 21:00:00,0.3780620175526658,60.588022710909186,,
107770,46,H4,2026-03-26 01:00:00,0.36312901629890265,63.21699311310795,,
107771,46,H4,2026-03-26 05:00:00,0.3586198008489818,59.63630800842119,,
107772,46,H4,2026-03-26 09:00:00,0.36764695793119634,53.69934944722436,,
107773,46,H4,2026-03-26 13:00:00,0.35538646093611076,54.68066636520823,,
107774,46,H4,2026-03-26 17:00:00,0.3421445708692448,55.42511460878806,,
107775,46,H4,2026-03-26 21:00:00,0.34784853009287,48.85652880405653,,
107776,46,H4,2026-03-27 01:00:00,0.3457879208005213,55.48486390042665,,
107777,46,H4,2026-03-27 05:00:00,0.3380173550290551,52.63994460946594,,
107778,46,H4,2026-03-27 09:00:00,0.33958754395555013,51.34619855721489,,
107779,46,H4,2026-03-27 13:00:00,0.35525986224443923,59.82940396338369,184.659,
107780,46,H4,2026-03-27 17:00:00,0.3453127292269778,61.038940706188605,,
107781,46,H4,2026-03-29 21:00:00,0.3611475342821942,47.097242053358215,,
107782,46,H4,2026-03-30 01:00:00,0.348565567547752,47.37170108967696,,
107783,46,H4,2026-03-30 05:00:00,0.36316802700862666,39.91881228434493,,
107784,46,H4,2026-03-30 09:00:00,0.381656025079438,32.09440984742966,,
107785,46,H4,2026-03-30 13:00:00,0.3891091661451938,29.122005290343992,,182.594
107786,46,H4,2026-03-30 17:00:00,0.3893156542776797,37.36229800654152,,
107787,46,H4,2026-03-30 21:00:00,0.39800739325784723,44.33210426117061,,
107788,46,H4,2026-03-31 01:00:00,0.405506865168,39.40487336038073,,
107789,46,H4,2026-03-31 05:00:00,0.40782780337028485,38.3878047961855,,
107790,46,H4,2026-03-31 09:00:00,0.4175543888438367,44.37261765173899,,
107791,46,H4,2026-03-31 13:00:00,0.42894336106927683,46.41708536598073,,
107792,46,H4,2026-03-31 17:00:00,0.4153045495643285,45.457506544965874,,
107793,46,H4,2026-03-31 21:00:00,0.42042565316687813,51.467698978379985,,
107794,46,H4,2026-04-01 01:00:00,0.4199666779406737,49.07913000831284,,
107795,46,H4,2026-04-01 05:00:00,0.4353976295163396,53.18199937840328,,
107796,46,H4,2026-04-01 09:00:00,0.4310120845508864,54.32757145102225,,
107797,46,H4,2026-04-01 13:00:00,0.4267969356543955,58.14321946052744,,
107798,46,H4,2026-04-01 17:00:00,0.4218114402505101,54.82888178858858,,
107799,46,H4,2026-04-01 21:00:00,0.4123249088040442,53.981168729135774,,
107800,46,H4,2026-04-02 01:00:00,0.40580170103232865,51.09993740018512,,
107801,46,H4,2026-04-02 05:00:00,0.4236730081014484,54.55374830100251,,
107802,46,H4,2026-04-02 09:00:00,0.41405350752277464,53.198098109943984,,
107803,46,H4,2026-04-02 13:00:00,0.411978256985435,54.95163170137632,,
107804,46,H4,2026-04-02 17:00:00,0.3954798100579047,57.285532472387104,,
107805,46,H4,2026-04-02 21:00:00,0.37944553791091096,56.41390024247244,,
107806,46,H4,2026-04-03 01:00:00,0.36577085663156134,55.50440493922231,,
107807,46,H4,2026-04-03 05:00:00,0.3552157954435919,58.12951695898063,,
107808,46,H4,2026-04-03 09:00:00,0.3559146671976217,53.52541567548009,,
107809,46,H4,2026-04-03 13:00:00,0.3469921909692198,49.27468103377609,,
107810,46,H4,2026-04-03 17:00:00,0.34670703447141965,49.06252225480729,,
107811,46,H4,2026-04-05 21:00:00,0.3485851034377462,50.06584729598155,,
107812,46,H4,2026-04-06 01:00:00,0.3396861674779064,49.957159190880006,,
107813,46,H4,2026-04-06 05:00:00,0.3575657269437685,57.03819466516181,,
107814,46,H4,2026-04-06 09:00:00,0.3430253178763582,56.915173893170845,,
107815,46,H4,2026-04-06 13:00:00,0.34123779517090286,60.93073195832841,,
107816,46,H4,2026-04-06 17:00:00,0.3277208098015517,60.079014031691095,,
107817,46,H4,2026-04-06 21:00:00,0.31681218053001314,61.95741350045404,,
107818,46,H4,2026-04-07 01:00:00,0.30582559620644156,58.52184102924996,,
107819,46,H4,2026-04-07 05:00:00,0.31169519647740834,64.65403445045501,,
107820,46,H4,2026-04-07 09:00:00,0.31657411101473604,67.08446316035923,,
107821,46,H4,2026-04-07 13:00:00,0.3266759602279691,72.2125675139313,,
107822,46,H4,2026-04-07 17:00:00,0.3210562487831135,73.26709365978252,,
107823,46,H4,2026-04-07 21:00:00,0.33569508815574906,74.81771558241914,,
107824,46,H4,2026-04-08 01:00:00,0.34435972471605225,63.542269393926865,,
107825,46,H4,2026-04-08 05:00:00,0.3429054586649065,65.28015778189359,,
107826,46,H4,2026-04-08 09:00:00,0.34598364018884353,67.00802901451766,,
107827,46,H4,2026-04-08 13:00:00,0.3392705230324962,65.78622940966653,,
107828,46,H4,2026-04-08 17:00:00,0.33189405710160297,61.09069117219506,,
107829,46,H4,2026-04-08 21:00:00,0.3307587673086315,65.96075449529314,,
107830,46,H4,2026-04-09 01:00:00,0.3175617125008712,66.10409299069187,,
107831,46,H4,2026-04-09 05:00:00,0.3291644473222388,72.31806442097862,,
107832,46,H4,2026-04-09 09:00:00,0.3277955582277933,75.05416589907624,,
107833,46,H4,2026-04-09 13:00:00,0.33909587549723597,76.34733769594716,,
107834,46,H4,2026-04-09 17:00:00,0.3379461701045768,77.27902358471616,,
107835,46,H4,2026-04-09 21:00:00,0.3249500150971074,77.8562127288519,,
107836,46,H4,2026-04-10 01:00:00,0.31802501401874317,78.60229417481666,,
107837,46,H4,2026-04-10 05:00:00,0.30588037016026126,79.27335617026046,,
107838,46,H4,2026-04-10 09:00:00,0.31403177229167234,82.898241510698,,
107839,46,H4,2026-04-10 13:00:00,0.31102950284226655,83.94496142659617,,
107840,46,H4,2026-04-10 17:00:00,0.3040988240678188,84.62846384172704,,
107841,46,H4,2026-04-12 21:00:00,0.32366319377726055,80.58608099525883,,
107842,46,H4,2026-04-13 01:00:00,0.3112586799360261,80.49703127100491,,
107843,46,H4,2026-04-13 05:00:00,0.3107402027977386,79.59716406227759,,
107844,46,H4,2026-04-13 09:00:00,0.3084730454550427,82.24143195031823,,
107845,46,H4,2026-04-13 13:00:00,0.31343925649396726,83.88741515308607,,
107846,46,H4,2026-04-13 17:00:00,0.3281935953158254,87.1648094197905,,
107847,46,H4,2026-04-13 21:00:00,0.3239654813646934,79.05700850201455,,
107848,46,H4,2026-04-14 01:00:00,0.31661080412435844,73.58249777405248,,
107849,46,H4,2026-04-14 05:00:00,0.3264957466869031,76.9231493085559,,
107850,46,H4,2026-04-14 09:00:00,0.32217462192355223,74.59720596465768,,
107851,46,H4,2026-04-14 13:00:00,0.31959072035758435,73.81950674018046,,
107852,46,H4,2026-04-14 17:00:00,0.31026281176061354,73.48200608460607,,
107853,46,H4,2026-04-14 21:00:00,0.3016726109205696,72.72606259327318,,
107854,46,H4,2026-04-15 01:00:00,0.29148171014053037,74.42603667374263,,
107855,46,H4,2026-04-15 05:00:00,0.29866158798763504,65.51502191748683,,
107856,46,H4,2026-04-15 09:00:00,0.3124000459885193,71.33842006577626,,
107857,46,H4,2026-04-15 13:00:00,0.311942899846483,69.22860096622986,,
107858,46,H4,2026-04-15 17:00:00,0.30451840700030547,70.66820506605022,,
107859,46,H4,2026-04-15 21:00:00,0.301552806500284,64.83051028890026,,
107860,46,H4,2026-04-16 01:00:00,0.3112990346074057,65.08931911338259,,
107861,46,H4,2026-04-16 05:00:00,0.30734910356401957,63.33263647716279,,
107862,46,H4,2026-04-16 09:00:00,0.30032416759516123,64.93420878589909,,
107863,46,H4,2026-04-16 13:00:00,0.29494386990979216,63.99594591724985,,
107864,46,H4,2026-04-16 17:00:00,0.2857335934876639,65.72912794331609,,
107865,46,H4,2026-04-16 21:00:00,0.28582405109568837,69.02324313214964,,
107866,46,H4,2026-04-17 01:00:00,0.2865509045888529,72.91354632272875,,
107867,46,H4,2026-04-17 05:00:00,0.2927972685467916,64.78320361481065,187.954,
107868,46,H4,2026-04-17 09:00:00,0.2985260350791629,57.98870294482227,,
107869,46,H4,2026-04-17 13:00:00,0.36498846114493794,36.86103853711006,,186.319
107870,46,H4,2026-04-17 17:00:00,0.3547035710631569,39.73562230028024,,
107871,46,H4,2026-04-19 21:00:00,0.3817961731300749,46.29703393678577,,
107872,46,H4,2026-04-20 01:00:00,0.3674535893350704,45.401187909810474,,
107873,46,H4,2026-04-20 05:00:00,0.36434976152542337,48.14423054163051,,
107874,46,H4,2026-04-20 09:00:00,0.3561819214164646,46.95107424195738,,
107875,46,H4,2026-04-20 13:00:00,0.3510260698867186,48.41662141448672,,
107876,46,H4,2026-04-20 17:00:00,0.3483813506090973,53.032146950251104,,
107877,46,H4,2026-04-20 21:00:00,0.3409255398513046,54.752175739881615,,
107878,46,H4,2026-04-21 01:00:00,0.32793085843335573,52.16841305943405,,
107879,46,H4,2026-04-21 05:00:00,0.3270786542595448,54.11178462706436,,
107880,46,H4,2026-04-21 09:00:00,0.3190016075267201,51.867546481114296,,
107881,46,H4,2026-04-21 13:00:00,0.31257292127481046,53.16039508847849,,
107882,46,H4,2026-04-21 17:00:00,0.3093177126123237,52.41607468449499,,
107883,46,H4,2026-04-21 21:00:00,0.30458073314001455,48.6151252801185,,
107884,46,H4,2026-04-22 01:00:00,0.2928249664871574,48.372283537293235,,
107885,46,H4,2026-04-22 05:00:00,0.29698032602378893,54.91992656721144,,
107886,46,H4,2026-04-22 09:00:00,0.31591030273637627,44.55284974188802,,
107887,46,H4,2026-04-22 13:00:00,0.3060595668266349,43.174832260982384,,
107888,46,H4,2026-04-22 17:00:00,0.29505531205330493,40.284693684176844,,
107889,46,H4,2026-04-22 21:00:00,0.2874085040494966,38.61447227739353,,
107890,46,H4,2026-04-23 01:00:00,0.27637932518881897,40.755852296132105,,
107891,46,H4,2026-04-23 05:00:00,0.27849508767533276,46.59743864574554,,
107892,46,H4,2026-04-23 09:00:00,0.29010258141280915,38.79527671788929,,
107893,46,H4,2026-04-23 13:00:00,0.2906666827404658,41.763570846366434,,
107894,46,H4,2026-04-23 17:00:00,0.2801190625447183,42.63971150155591,,
107895,46,H4,2026-04-23 21:00:00,0.2760391295058108,45.24392042815228,,
107896,46,H4,2026-04-24 01:00:00,0.2715363345411096,42.61105926665146,,
107897,46,H4,2026-04-24 05:00:00,0.2754265963596013,45.71709840806392,,
107898,46,H4,2026-04-24 09:00:00,0.27296755376248794,48.62592788543803,,
107899,46,H4,2026-04-24 13:00:00,0.2664698713508828,46.90113700173074,,
107900,46,H4,2026-04-24 17:00:00,0.2568648805401058,46.46424036933677,,
107901,46,H4,2026-04-26 21:00:00,0.2547316747872414,50.26834757090015,,
107902,46,H4,2026-04-27 01:00:00,0.2505365551595812,46.968752270720586,,
107903,46,H4,2026-04-27 05:00:00,0.25392680121961125,54.04573842684329,,
107904,46,H4,2026-04-27 09:00:00,0.25164631541821103,54.765102480647386,,
107905,46,H4,2026-04-27 13:00:00,0.25552872145976824,51.39564864584858,,
107906,46,H4,2026-04-27 17:00:00,0.2435623842126415,50.130296929827345,,
107907,46,H4,2026-04-27 21:00:00,0.2377364996260247,49.34530235548971,,
107908,46,H4,2026-04-28 01:00:00,0.26875532108130845,35.62701684612293,,
107909,46,H4,2026-04-28 05:00:00,0.30312994100407215,44.56189333644922,,
107910,46,H4,2026-04-28 09:00:00,0.30519208807520937,42.41285061898338,,
107911,46,H4,2026-04-28 13:00:00,0.31603551035555316,50.86031648676209,,
107912,46,H4,2026-04-28 17:00:00,0.3042472596158695,53.12009388810342,,
107913,46,H4,2026-04-28 21:00:00,0.2905153125004499,51.57737883133307,,
107914,46,H4,2026-04-29 01:00:00,0.27962136160755896,50.087872640305726,,
107915,46,H4,2026-04-29 05:00:00,0.27421983577844816,52.336949224453235,,
107916,46,H4,2026-04-29 09:00:00,0.27334699036570187,57.19901830490967,,
107917,46,H4,2026-04-29 13:00:00,0.28425077676815086,60.60262271118192,,
107918,46,H4,2026-04-29 17:00:00,0.28294714985613945,61.014800675990415,,
107919,46,H4,2026-04-29 21:00:00,0.2832366391521279,59.40837348597958,,
107920,46,H4,2026-04-30 01:00:00,0.2775054506412618,58.50976401839588,,
107921,46,H4,2026-04-30 05:00:00,0.35211220416688616,39.26992339167446,187.559,
107922,46,H4,2026-04-30 09:00:00,0.6253899038692513,16.53580398336969,,182.296
107923,46,H4,2026-04-30 13:00:00,0.6643620535928757,20.23756063535791,,
107924,46,H4,2026-04-30 17:00:00,0.6423361926219556,22.370383024406323,,
107925,46,H4,2026-04-30 21:00:00,0.6565264645775308,30.166719514298933,,
107926,46,H4,2026-05-01 01:00:00,0.6377031456791358,32.722141937067136,,
107927,46,H4,2026-05-01 05:00:00,0.7219386352734837,28.61313534415595,,
107928,46,H4,2026-05-01 09:00:00,0.7081573041825202,33.64902237871355,,
107929,46,H4,2026-05-01 13:00:00,0.7060032110266257,35.092904780466,,
107930,46,H4,2026-05-01 17:00:00,0.6759315530961522,34.32640331454742,,
107931,46,H4,2026-05-03 21:00:00,0.6492221564464264,33.378033848704746,,
107932,46,H4,2026-05-04 01:00:00,0.717634859557396,31.996840502804474,,
107933,46,H4,2026-05-04 05:00:00,0.6989466553032975,33.71574885767255,,
107934,46,H4,2026-05-04 09:00:00,0.6694504656387764,34.86902542933484,,
107935,46,H4,2026-05-04 13:00:00,0.6424182895217208,32.404110133845535,,
107936,46,H4,2026-05-04 17:00:00,0.6505312688415978,34.67137961312174,,
107937,46,H4,2026-05-04 21:00:00,0.6155647496386266,33.35013755955542,,
107938,46,H4,2026-05-05 01:00:00,0.5810244103787251,32.89354839853168,,
107939,46,H4,2026-05-05 05:00:00,0.5595940953516737,36.22543293665368,,
107940,46,H4,2026-05-05 09:00:00,0.5781945171122679,47.119248308914116,,
107941,46,H4,2026-05-05 13:00:00,0.551537765889964,49.087828380434296,,
107942,46,H4,2026-05-05 17:00:00,0.5231422111835377,49.532334181413056,,
107943,46,H4,2026-05-05 21:00:00,0.5060606246704292,50.57395984360239,,
107944,46,H4,2026-05-06 01:00:00,0.6839134371939706,32.10002883178532,185.044,182.048
107945,46,H4,2026-05-06 05:00:00,0.6966339059658315,38.56223551423427,,
107946,46,H4,2026-05-06 09:00:00,0.6771600555397013,41.41761757506672,,
107947,46,H4,2026-05-06 13:00:00,0.6637914801440069,41.825797297944746,,
107948,46,H4,2026-05-06 17:00:00,0.6318063744194357,41.76312263033571,,
107949,46,H4,2026-05-06 21:00:00,0.6102487762466177,41.1870918170338,,
107950,46,H4,2026-05-07 01:00:00,0.5889452922290009,42.468924057715974,,
107951,46,H4,2026-05-07 05:00:00,0.5835920570697853,47.086490777142394,,
107952,46,H4,2026-05-07 09:00:00,0.5585497672790867,46.66919029238525,,
107953,46,H4,2026-05-07 13:00:00,0.5408676410448667,50.0685999941077,,
107954,46,H4,2026-05-07 17:00:00,0.5208056666845184,46.72617739869115,,
107955,46,H4,2026-05-07 21:00:00,0.5013195476356236,48.2445325211047,,
107956,46,H4,2026-05-08 01:00:00,0.47943957994736425,48.082355795519774,,
107957,46,H4,2026-05-08 05:00:00,0.4668367528082686,52.79852877631139,,
107958,46,H4,2026-05-08 09:00:00,0.44899127046481974,54.24199761404089,,
107959,46,H4,2026-05-08 13:00:00,0.43227760828876144,54.594832187253026,,
107960,46,H4,2026-05-08 17:00:00,0.4256863505538502,57.767807515101005,,
107961,46,H4,2026-05-10 21:00:00,0.45213732551428887,58.93880660192152,,
107962,46,H4,2026-05-11 01:00:00,0.4388418022632676,56.954660410432474,,
107963,46,H4,2026-05-11 05:00:00,0.4372102449587482,61.65476450434674,,
107964,46,H4,2026-05-11 09:00:00,0.41733808460455135,62.88417464465079,,
107965,46,H4,2026-05-11 13:00:00,0.40209964998994113,63.358605931499156,,
107966,46,H4,2026-05-11 17:00:00,0.39080681784780247,66.7460620919365,,
107967,46,H4,2026-05-11 21:00:00,0.3733920451443874,66.44806246133913,,
107968,46,H4,2026-05-12 01:00:00,0.36022118477693066,67.06563595775233,,
107969,46,H4,2026-05-12 05:00:00,0.4072053858642928,62.051025424753206,185.462,
107970,46,H4,2026-05-12 09:00:00,0.3976907154454148,61.12238777570345,,
107971,46,H4,2026-05-12 13:00:00,0.3875699500564566,58.90711826435015,,
107972,46,H4,2026-05-12 17:00:00,0.36888638219528147,59.538816286874514,,
107973,46,H4,2026-05-12 21:00:00,0.35668021203847616,61.27874934462236,,
107974,46,H4,2026-05-13 01:00:00,0.3433459111785841,59.678686720865954,,
107975,46,H4,2026-05-13 05:00:00,0.35396406038011513,47.69865919385866,,
107976,46,H4,2026-05-13 09:00:00,0.3460380560672494,48.40815810466609,,
107977,46,H4,2026-05-13 13:00:00,0.3354639092053036,51.7625578560306,,
107978,46,H4,2026-05-13 17:00:00,0.32157362997635275,54.869462162759554,,
107979,46,H4,2026-05-13 21:00:00,0.3126755135494706,55.1882600839422,,
107980,46,H4,2026-05-14 01:00:00,0.32591297686736487,54.36117819405861,,
107981,46,H4,2026-05-14 05:00:00,0.3149906213768389,53.85416115802023,,
107982,46,H4,2026-05-14 09:00:00,0.30577700556420806,49.13082163726927,,
107983,46,H4,2026-05-14 13:00:00,0.34272150516676314,45.8354000536371,,184.038
107984,46,H4,2026-05-14 17:00:00,0.33031282622628083,50.91090597801976,,
107985,46,H4,2026-05-14 21:00:00,0.32243333863869134,46.77282313826289,,
107986,46,H4,2026-05-15 01:00:00,0.3118309573073567,44.63610423679642,,
107987,46,H4,2026-05-15 05:00:00,0.3198430317854011,39.64821172490404,,
107988,46,H4,2026-05-15 09:00:00,0.32449710094358813,37.36240914018265,,
107989,46,H4,2026-05-15 13:00:00,0.32217587944761766,45.31016668186566,,
107990,46,H4,2026-05-15 17:00:00,0.3140204594870734,45.4152194420005,,
107991,46,H4,2026-05-17 21:00:00,0.3121618552379975,44.52486102866082,,
107992,46,H4,2026-05-18 01:00:00,0.31886457986385325,51.60649208516133,,
107993,46,H4,2026-05-18 05:00:00,0.3153742527307196,56.05481714111703,,
107994,46,H4,2026-05-18 09:00:00,0.3116332346785257,56.05481714111703,,
107995,46,H4,2026-05-18 13:00:00,0.31508800363005857,63.51785675447875,185.218,
107996,46,H4,2026-05-18 17:00:00,0.30829600337076857,62.87006604747802,,
107997,46,H4,2026-05-18 21:00:00,0.29841771741571277,62.697912233162945,,
107998,46,H4,2026-05-19 01:00:00,0.29003073760030357,56.53000076046642,,
107999,46,H4,2026-05-19 05:00:00,0.2883856849145673,55.033024215117244,,
108000,46,H4,2026-05-19 09:00:00,0.3115724217063839,48.03892060188814,,
108001,46,H4,2026-05-19 13:00:00,0.336745820155929,36.7384017440298,,
108002,46,H4,2026-05-19 17:00:00,0.33490683300193463,45.91466227079449,,
108003,46,H4,2026-05-19 21:00:00,0.3279849163589393,41.88169953434512,,
108004,46,H4,2026-05-20 01:00:00,0.31991456519044387,40.1110667875575,,
108005,46,H4,2026-05-20 05:00:00,0.30749209624826834,39.42722477345427,,
108006,46,H4,2026-05-20 09:00:00,0.30052837508767627,40.91874336983693,,
108007,46,H4,2026-05-20 13:00:00,0.30491920543855616,49.13439826435114,,
108008,46,H4,2026-05-20 17:00:00,0.29599640505008834,52.18055164045099,,
108009,46,H4,2026-05-20 21:00:00,0.28256809040365377,51.252709234187535,,
108010,46,H4,2026-05-21 01:00:00,0.27567036966053615,52.77863209689034,,
108011,46,H4,2026-05-21 05:00:00,0.29426534325621223,52.866903544029725,,
108012,46,H4,2026-05-21 09:00:00,0.30024639016648386,46.44646104406989,,
108013,46,H4,2026-05-21 13:00:00,0.29637164801173366,44.824325399288966,,
108014,46,H4,2026-05-21 17:00:00,0.2943451017251813,50.389362864148715,,
108015,46,H4,2026-05-21 21:00:00,0.2853204516019545,52.68684278518743,,
108016,46,H4,2026-05-22 01:00:00,0.2778689907732443,52.27519581301396,,
108017,46,H4,2026-05-22 05:00:00,0.27080692000372697,49.042766738033556,,
108018,46,H4,2026-05-22 09:00:00,0.2653921400034603,46.59986208301903,,
108019,46,H4,2026-05-22 13:00:00,0.2732927014317849,54.11688466072152,,
108020,46,H4,2026-05-22 17:00:00,0.27020036561523014,50.52446311236488,,
108021,46,H4,2026-05-24 21:00:00,0.27632891092842965,56.19654993312841,,
108022,46,H4,2026-05-25 01:00:00,0.265805417290684,57.26819664802122,,
108023,46,H4,2026-05-25 05:00:00,0.2587478874842067,59.691722421323874,,
108024,46,H4,2026-05-25 09:00:00,0.24998018123533447,61.23470897187839,,
108025,46,H4,2026-05-25 13:00:00,0.24583873971852538,56.422360303058,,
108026,46,H4,2026-05-25 17:00:00,0.23463597259577346,58.47255954729785,,
108027,46,H4,2026-05-25 21:00:00,0.2290191174103615,57.5560589793243,,
108028,46,H4,2026-05-26 01:00:00,0.22358918045247994,53.22711994946051,,
108029,46,H4,2026-05-26 05:00:00,0.2418328104201609,63.07450627420292,,
108030,46,H4,2026-05-26 09:00:00,0.2357733239615787,61.05170105672466,,
108031,46,H4,2026-05-26 13:00:00,0.2326466579643236,59.638164560340805,,
108032,46,H4,2026-05-26 17:00:00,0.2285290395383013,63.035227863093134,,
108033,46,H4,2026-05-26 21:00:00,0.22606267957127896,64.57830873728156,,
108034,46,H4,2026-05-27 01:00:00,0.21812963103047192,64.78259585315249,,
108035,46,H4,2026-05-27 05:00:00,0.22626322881400918,70.17731713037678,,
108036,46,H4,2026-05-27 09:00:00,0.23388728389872268,70.40778510741366,,
108037,46,H4,2026-05-27 13:00:00,0.24160962076310058,65.91919176533472,,
108038,46,H4,2026-05-27 17:00:00,0.2330660764228801,62.2620174071039,,
108039,46,H4,2026-05-27 21:00:00,0.22727564239267342,60.342316433549996,,
108040,46,H4,2026-05-28 01:00:00,0.248755953650339,44.595607579943156,,
108041,46,H4,2026-05-28 05:00:00,0.25613052838960076,52.07168128654908,,
108042,46,H4,2026-05-28 09:00:00,0.2684069192189148,57.84332941675586,,
108043,46,H4,2026-05-28 13:00:00,0.2679492821318495,59.80931939731097,,
108044,46,H4,2026-05-28 17:00:00,0.25566719055100334,59.35868035251629,,
108045,46,H4,2026-05-28 21:00:00,0.2474766769402188,60.10570230957309,,
108046,46,H4,2026-05-29 01:00:00,0.24787120001591645,55.122816219994576,,
108047,46,H4,2026-05-29 05:00:00,0.25795182858620885,49.33568813554643,,
108048,46,H4,2026-05-29 09:00:00,0.2623838408300506,57.051142756996924,,
108049,46,H4,2026-05-29 13:00:00,0.2795707093421909,63.33715687489332,,
108050,46,H4,2026-05-29 17:00:00,0.27102994438917705,60.99012172123629,,
108051,46,H4,2026-05-31 21:00:00,0.2653849483613792,60.42853883102659,,
108052,46,H4,2026-06-01 01:00:00,0.253143166335566,60.658019626642016,,
108053,46,H4,2026-06-01 05:00:00,0.25227579731159594,64.00728683419578,,
108054,46,H4,2026-06-01 09:00:00,0.25382752607505343,59.33416803476976,,
108055,46,H4,2026-06-01 13:00:00,0.2642684170696929,54.51236329441274,,
108056,46,H4,2026-06-01 17:00:00,0.26260638727900154,57.508019152094285,,
108057,46,H4,2026-06-01 21:00:00,0.25299164533050245,56.813306352502416,,
108058,46,H4,2026-06-02 01:00:00,0.2489922420926076,61.272205146103914,,
108059,46,H4,2026-06-02 05:00:00,0.2472785105145638,63.75405230956229,,
108060,46,H4,2026-06-02 09:00:00,0.2505443311920954,66.9742589540936,,
108061,46,H4,2026-06-02 13:00:00,0.2508625932498046,59.375188566751056,,
108062,46,H4,2026-06-02 17:00:00,0.25187240801767674,61.149607446817484,,
108063,46,H4,2026-06-02 21:00:00,0.24409580744498557,59.94124164818968,,
108064,46,H4,2026-06-03 01:00:00,0.23666039262748767,55.97087788433958,,
108065,46,H4,2026-06-03 05:00:00,0.2763275074398101,43.70021484245063,,
109440,46,D,2026-05-10 21:00:00,1.266905313686553,50.158955014354056,,
109441,46,D,2026-05-11 21:00:00,1.2491263627089422,48.871735893787246,,
109442,46,D,2026-05-12 21:00:00,1.19761733680116,48.212116354128916,,
109443,46,D,2026-05-13 21:00:00,1.184501812743933,47.412699857742346,,
109444,46,D,2026-05-14 21:00:00,1.1478231118336537,45.64214184471569,,
109445,46,D,2026-05-17 21:00:00,1.1299786038455353,50.305367451558205,,
109446,46,D,2026-05-18 21:00:00,1.121051560713711,46.45175941528828,,
109447,46,D,2026-05-19 21:00:00,1.0776907349484468,47.51776540448459,,
109448,46,D,2026-05-20 21:00:00,1.0399271110235582,46.99080549947257,,
109449,46,D,2026-05-21 21:00:00,0.9949323173790201,47.13934769354119,,
109450,46,D,2026-05-24 21:00:00,0.9541514375662334,50.21899401021787,,
109451,46,D,2026-05-25 21:00:00,0.9202120491686463,52.61204031091598,,
109452,46,D,2026-05-26 21:00:00,0.8945540456565987,53.93977582336161,,
109453,46,D,2026-05-27 21:00:00,0.8848716138239835,54.555430018868584,,
109454,46,D,2026-05-28 21:00:00,0.8784522128365573,56.68117298306975,,
109455,46,D,2026-05-31 21:00:00,0.8576341976339453,56.50406479325868,,
109456,46,D,2026-06-01 21:00:00,0.8348031835172358,59.34745945307888,,
117249,48,H4,2026-01-07 22:00:00,0.32814066599926023,58.956723478185374,,
117250,48,H4,2026-01-08 02:00:00,0.3276306184278864,51.80722809913936,,
117251,48,H4,2026-01-08 06:00:00,0.32737128854017905,53.66523933031769,,
117252,48,H4,2026-01-08 10:00:00,0.3252733393587378,58.71497284824056,,
117253,48,H4,2026-01-08 14:00:00,0.3232538151188278,54.246559354653094,,
117254,48,H4,2026-01-08 18:00:00,0.31430711403891204,55.92292539433941,,
117255,48,H4,2026-01-08 22:00:00,0.31864232017898975,61.85807971866485,,
117256,48,H4,2026-01-09 02:00:00,0.3151678687376321,65.69559046588778,,
117257,48,H4,2026-01-09 06:00:00,0.3209415923992288,70.5803527888159,,
117258,48,H4,2026-01-09 10:00:00,0.3313743357992848,64.07891457136378,,
117259,48,H4,2026-01-09 14:00:00,0.3660618832421915,71.37808181182096,,
117260,48,H4,2026-01-09 18:00:00,0.3565574630106067,68.19719713868486,,
117261,48,H4,2026-01-11 22:00:00,0.38058907279556425,63.570078609780225,,
117262,48,H4,2026-01-12 02:00:00,0.3902612818815968,66.96529736524992,,
117263,48,H4,2026-01-12 06:00:00,0.39052833317576885,64.14848031865378,,
117264,48,H4,2026-01-12 10:00:00,0.380776309377499,62.85200336678943,,
117265,48,H4,2026-01-12 14:00:00,0.377863715850535,66.35546446080787,,
117266,48,H4,2026-01-12 18:00:00,0.3613734504326391,67.3344564632016,,
117267,48,H4,2026-01-12 22:00:00,0.3788467754017359,71.38239116162403,,
117268,48,H4,2026-01-13 02:00:00,0.39357200573018386,74.53038457006541,,
117269,48,H4,2026-01-13 06:00:00,0.38803114817802803,75.53188803757995,,
117270,48,H4,2026-01-13 10:00:00,0.3871003518795974,75.2866491323269,,
117271,48,H4,2026-01-13 14:00:00,0.3871646124596265,76.7308343023509,,
117272,48,H4,2026-01-13 18:00:00,0.37200999728393774,78.16315166984353,,
117273,48,H4,2026-01-13 22:00:00,0.37093785462079926,79.68286069704065,159.453,
117274,48,H4,2026-01-14 02:00:00,0.3667280078621716,79.57572343388642,,
117275,48,H4,2026-01-14 06:00:00,0.3892474358720156,62.31236815111933,,
117276,48,H4,2026-01-14 10:00:00,0.4105869047383014,58.41319759336845,,
117277,48,H4,2026-01-14 14:00:00,0.4227592686855668,52.078979821669726,,
117278,48,H4,2026-01-14 18:00:00,0.41399074949374143,54.46812299922613,,
117279,48,H4,2026-01-14 22:00:00,0.409777124529902,52.78473359318467,,
117280,48,H4,2026-01-15 02:00:00,0.40465018706348,54.286956941333074,,
117281,48,H4,2026-01-15 06:00:00,0.4065323165589465,53.48808329171884,,
117282,48,H4,2026-01-15 10:00:00,0.41392286537616396,61.223752831909415,,
117283,48,H4,2026-01-15 14:00:00,0.41771408927786746,54.03319834322303,,
117284,48,H4,2026-01-15 18:00:00,0.40287736861516116,55.993551607772545,,
117285,48,H4,2026-01-15 22:00:00,0.39081469942836256,55.53806308399287,,
117286,48,H4,2026-01-16 02:00:00,0.41147079232633516,50.595928737831656,,
117287,48,H4,2026-01-16 06:00:00,0.41365145001731174,46.92575757536842,,
117288,48,H4,2026-01-16 10:00:00,0.40424777501607595,43.595016375401904,,
117289,48,H4,2026-01-16 14:00:00,0.40723007680064177,46.44670535233821,,
117290,48,H4,2026-01-16 18:00:00,0.39285649988631144,45.64502522090074,,
117291,48,H4,2026-01-18 22:00:00,0.41322389275157473,38.265528960215555,,157.425
117292,48,H4,2026-01-19 02:00:00,0.40256504326932013,43.32966362861609,,
117293,48,H4,2026-01-19 06:00:00,0.4038818258929396,43.88819564222243,,
117294,48,H4,2026-01-19 10:00:00,0.395033124043444,43.9129999969159,,
117295,48,H4,2026-01-19 14:00:00,0.3865307580403416,46.63148700600939,,
117296,48,H4,2026-01-19 18:00:00,0.3694928467517455,48.971439948605095,,
117297,48,H4,2026-01-19 22:00:00,0.37424335769804784,44.97288671310147,,
117298,48,H4,2026-01-20 02:00:00,0.3638688321481882,48.78903828672139,,
117299,48,H4,2026-01-20 06:00:00,0.4126639155661746,41.268600296681846,,
117300,48,H4,2026-01-20 10:00:00,0.4192593501685904,44.0594955594485,,
117301,48,H4,2026-01-20 14:00:00,0.41566939658511964,46.87692619779946,,
117302,48,H4,2026-01-20 18:00:00,0.4109072968290389,51.06752758006481,,
117303,48,H4,2026-01-20 22:00:00,0.41169963276982163,47.13039800901906,,
117304,48,H4,2026-01-21 02:00:00,0.4074353732862632,52.58010288749433,,
117305,48,H4,2026-01-21 06:00:00,0.4094757037658164,48.171257254385985,,
117306,48,H4,2026-01-21 10:00:00,0.40458458206825865,45.75756610164225,,
117307,48,H4,2026-01-21 14:00:00,0.406828540491955,51.461986387951,,
117308,48,H4,2026-01-21 18:00:00,0.40762650188538524,54.49032601153259,,
117309,48,H4,2026-01-21 22:00:00,0.40108175175071503,55.63530061206246,,
117310,48,H4,2026-01-22 02:00:00,0.4005044837685211,62.082738479657635,,
117311,48,H4,2026-01-22 06:00:00,0.3921827349279119,61.55342235702396,,
117312,48,H4,2026-01-22 10:00:00,0.3876696824330616,61.6590343509088,,
117313,48,H4,2026-01-22 14:00:00,0.39740756225927154,51.67211980827219,,
117314,48,H4,2026-01-22 18:00:00,0.3830213078121806,54.10247345887943,,
117315,48,H4,2026-01-22 22:00:00,0.3768769286827389,58.12371408629141,,
117316,48,H4,2026-01-23 02:00:00,0.3692428623482583,57.762101093720396,,
117317,48,H4,2026-01-23 06:00:00,0.47936837218052564,44.544958765132506,159.228,
117318,48,H4,2026-01-23 10:00:00,0.4683420598819179,49.81117330827671,,
117319,48,H4,2026-01-23 14:00:00,0.5931033413189241,28.641549181569374,,
117320,48,H4,2026-01-23 18:00:00,0.6243816740818584,24.902134745412596,,
117321,48,H4,2026-01-25 22:00:00,0.6889258402188679,19.240870182037355,,
117322,48,H4,2026-01-26 02:00:00,0.6877168516318057,18.16470749289151,,
117323,48,H4,2026-01-26 06:00:00,0.7117370765152483,16.76616133719604,,
117324,48,H4,2026-01-26 10:00:00,0.7350415710498742,22.44927260955022,,
117325,48,H4,2026-01-26 14:00:00,0.7193957445463112,22.089259103739238,,
117326,48,H4,2026-01-26 18:00:00,0.6975817627930023,25.79955551127543,,
117327,48,H4,2026-01-26 22:00:00,0.6724687797363595,27.72001164667381,,
117328,48,H4,2026-01-27 02:00:00,0.6642210097551923,30.04765198835402,,
117329,48,H4,2026-01-27 06:00:00,0.7386337947726778,25.65161676183942,,
117330,48,H4,2026-01-27 10:00:00,0.7720170951460571,23.26711132703778,,
117331,48,H4,2026-01-27 14:00:00,0.7715873026356238,21.220062954949313,,
117332,48,H4,2026-01-27 18:00:00,0.7734739238759365,19.07207008865886,,152.09
117333,48,H4,2026-01-27 22:00:00,0.7748686435990843,29.73131883134654,,
117334,48,H4,2026-01-28 02:00:00,0.7620208833420067,27.909935713760362,,
117335,48,H4,2026-01-28 06:00:00,0.745447963103292,29.03207444920089,,
117336,48,H4,2026-01-28 10:00:00,0.7327731085959128,30.805288309116648,,
117337,48,H4,2026-01-28 14:00:00,0.7616464579819191,39.19514734571403,,
117338,48,H4,2026-01-28 18:00:00,0.7608145681260677,38.2575651224304,,
117339,48,H4,2026-01-28 22:00:00,0.754470670402777,37.187321346413356,,
117340,48,H4,2026-01-29 02:00:00,0.7355084796597219,35.397546370297604,,
117341,48,H4,2026-01-29 06:00:00,0.7212578739697418,39.266782900590954,,
117342,48,H4,2026-01-29 10:00:00,0.6954537401147612,39.50486780980722,,
117343,48,H4,2026-01-29 14:00:00,0.7052070443922799,35.90865958948824,,
117344,48,H4,2026-01-29 18:00:00,0.6770493983642604,38.816404890605476,,
117345,48,H4,2026-01-29 22:00:00,0.6949744413382416,46.867687840921285,,
117346,48,H4,2026-01-30 02:00:00,0.6802619812426532,48.73486614528957,,
117347,48,H4,2026-01-30 06:00:00,0.6727432682967507,52.65506871126122,,
117348,48,H4,2026-01-30 10:00:00,0.6669044634184119,53.54523963514667,,
117349,48,H4,2026-01-30 14:00:00,0.6619827160313835,54.41334046632005,,
117350,48,H4,2026-01-30 18:00:00,0.650983950600571,58.01743680465874,,
117351,48,H4,2026-02-01 22:00:00,0.656627954129101,60.586518469103105,,
117352,48,H4,2026-02-02 02:00:00,0.6375831002627358,58.408300375359644,,
117353,48,H4,2026-02-02 06:00:00,0.6291843073868268,56.606909804726584,,
117354,48,H4,2026-02-02 10:00:00,0.6260997140020523,61.45093561251734,,
117355,48,H4,2026-02-02 14:00:00,0.6213783058590489,64.11180950589386,,
117356,48,H4,2026-02-02 18:00:00,0.5974941411548315,65.02184856356207,,
117357,48,H4,2026-02-02 22:00:00,0.5725302739294857,62.64768300712464,,
117358,48,H4,2026-02-03 02:00:00,0.5504209686488085,61.931426569942836,,
117359,48,H4,2026-02-03 06:00:00,0.5518194708881788,66.50866602501263,,
117360,48,H4,2026-02-03 10:00:00,0.5276180801104534,66.62546397667752,,
117361,48,H4,2026-02-03 14:00:00,0.5297882172454226,63.39157316951791,,
117362,48,H4,2026-02-03 18:00:00,0.5065176302993215,64.21776732072013,,
117363,48,H4,2026-02-03 22:00:00,0.5061235138493704,67.94055047738397,,
117364,48,H4,2026-02-04 02:00:00,0.48918612000298717,69.55678601028306,,
117365,48,H4,2026-02-04 06:00:00,0.48531568285991683,72.7026650251576,,
117366,48,H4,2026-02-04 10:00:00,0.4788645626556378,68.95457600202019,,
117367,48,H4,2026-02-04 14:00:00,0.4720885224659484,70.80560945593368,,
117368,48,H4,2026-02-04 18:00:00,0.4608679137183805,72.6098858968877,,
117369,48,H4,2026-02-04 22:00:00,0.44787734845278165,72.463737136391,,
117370,48,H4,2026-02-05 02:00:00,0.4373146807061552,73.55295515730595,,
117371,48,H4,2026-02-05 06:00:00,0.44072077494142875,76.61950775508734,,
117372,48,H4,2026-02-05 10:00:00,0.46716929101703947,60.77207628473629,,
117373,48,H4,2026-02-05 14:00:00,0.4673714845158223,63.12522261960662,,
117374,48,H4,2026-02-05 18:00:00,0.45741637847897804,65.64080713235023,,
117375,48,H4,2026-02-05 22:00:00,0.4647437800161941,58.65222565224787,,
117376,48,H4,2026-02-06 02:00:00,0.44840493858646724,59.891264183400736,,
117377,48,H4,2026-02-06 06:00:00,0.4450188715445754,63.20257148588011,,
117378,48,H4,2026-02-06 10:00:00,0.4313032378628211,60.99593841240518,,
117379,48,H4,2026-02-06 14:00:00,0.42549586372976206,62.420862791482904,,
117380,48,H4,2026-02-06 18:00:00,0.41453187346334985,64.6089031793247,,
117381,48,H4,2026-02-08 22:00:00,0.48849388250168324,53.66763542215744,157.662,
117382,48,H4,2026-02-09 02:00:00,0.4834586051801349,53.33169592251947,,
117383,48,H4,2026-02-09 06:00:00,0.4837115619529841,53.820881425169624,,
117384,48,H4,2026-02-09 10:00:00,0.508946450384913,43.27975367912325,,
117385,48,H4,2026-02-09 14:00:00,0.5170217039288468,43.81239087468245,,
117386,48,H4,2026-02-09 18:00:00,0.5080915822196452,42.930514838484946,,
117387,48,H4,2026-02-09 22:00:00,0.516085040632528,40.691438493977564,,
117388,48,H4,2026-02-10 02:00:00,0.5327932520159189,35.516788269105064,,
117389,48,H4,2026-02-10 06:00:00,0.522450876871925,35.29094241504579,,
117390,48,H4,2026-02-10 10:00:00,0.5264186713810735,29.922353396280272,,
117391,48,H4,2026-02-10 14:00:00,0.5419601948538538,26.729989108391337,,
117392,48,H4,2026-02-10 18:00:00,0.5277487523642921,26.713919487733946,,
117393,48,H4,2026-02-10 22:00:00,0.5389809843382715,23.685344494144275,,
117394,48,H4,2026-02-11 02:00:00,0.5708394854569673,18.3529521801011,,
117395,48,H4,2026-02-11 06:00:00,0.5736366650671828,21.68586031525369,,
117396,48,H4,2026-02-11 10:00:00,0.6613054747052403,32.94167306504674,,
117397,48,H4,2026-02-11 14:00:00,0.7152122265120086,26.40293970044688,,
117398,48,H4,2026-02-11 18:00:00,0.7176256389040077,32.68413416666991,,
117399,48,H4,2026-02-11 22:00:00,0.7131523789822929,30.05948313192063,,
117400,48,H4,2026-02-12 02:00:00,0.7280700661978432,33.525256780863714,,152.27
117401,48,H4,2026-02-12 06:00:00,0.7296364900408544,32.22852679043278,,
117402,48,H4,2026-02-12 10:00:00,0.7389481693236515,37.109399986025075,,
117403,48,H4,2026-02-12 14:00:00,0.7600233000862472,34.02330779888666,,
117404,48,H4,2026-02-12 18:00:00,0.7287359215086583,33.190432081465715,,
117405,48,H4,2026-02-12 22:00:00,0.7249690699723247,40.37254905032071,,
117406,48,H4,2026-02-13 02:00:00,0.7128284221171591,40.722154984468204,,
117407,48,H4,2026-02-13 06:00:00,0.7013406776802187,43.53479396671318,,
117408,48,H4,2026-02-13 10:00:00,0.6995306292744898,39.37822078876921,,
117409,48,H4,2026-02-13 14:00:00,0.6945641557548832,37.12271462128822,,
117410,48,H4,2026-02-13 18:00:00,0.663595287486677,36.28763165825875,,
117411,48,H4,2026-02-15 22:00:00,0.654338481237628,40.87961681065851,,
117412,48,H4,2026-02-16 02:00:00,0.6273143040063676,43.36722254642155,,
117413,48,H4,2026-02-16 06:00:00,0.6209347108630564,48.3414970007382,,
117414,48,H4,2026-02-16 10:00:00,0.600725088658552,45.6186135731385,,
117415,48,H4,2026-02-16 14:00:00,0.5806018680400852,47.46840510739902,,
117416,48,H4,2026-02-16 18:00:00,0.5454160203229358,48.120380594598295,,
117417,48,H4,2026-02-16 22:00:00,0.5512434474427268,43.52797842183289,,
117418,48,H4,2026-02-17 02:00:00,0.5375117726253877,41.318820037129655,,
117419,48,H4,2026-02-17 06:00:00,0.5336895031521464,40.76469073063909,,
117420,48,H4,2026-02-17 10:00:00,0.5341402529269924,46.69867491834368,,
117421,48,H4,2026-02-17 14:00:00,0.5429159491464917,49.52440921783082,,
117422,48,H4,2026-02-17 18:00:00,0.5254219527788853,47.128047726513465,,
117423,48,H4,2026-02-17 22:00:00,0.5161060990089655,49.33584134635599,,
117424,48,H4,2026-02-18 02:00:00,0.49788423479403915,49.62101127284217,,
117425,48,H4,2026-02-18 06:00:00,0.491249646594465,53.805634428241184,,
117426,48,H4,2026-02-18 10:00:00,0.48416038612343154,56.88794566522678,,
117427,48,H4,2026-02-18 14:00:00,0.4988632156860434,63.9889735532927,,
117428,48,H4,2026-02-18 18:00:00,0.5022301288513255,66.87688787622439,,
117429,48,H4,2026-02-18 22:00:00,0.49242797679051714,68.08400014766121,,
117430,48,H4,2026-02-19 02:00:00,0.49854026416262326,71.23118810848561,,
117431,48,H4,2026-02-19 06:00:00,0.5085016738652934,62.02153342346563,,
117432,48,H4,2026-02-19 10:00:00,0.5078944114463438,63.131207237614106,,
117433,48,H4,2026-02-19 14:00:00,0.502044810628747,64.19468328136529,,
117434,48,H4,2026-02-19 18:00:00,0.4878987527266917,63.86078416321136,,
117435,48,H4,2026-02-19 22:00:00,0.4829774132462145,65.48697331019797,,
117436,48,H4,2026-02-20 02:00:00,0.47097902658577045,67.13526052030609,,
117437,48,H4,2026-02-20 06:00:00,0.48705195325821526,68.26032010431625,,
117438,48,H4,2026-02-20 10:00:00,0.48069109945405675,68.53327608388082,,
117439,48,H4,2026-02-20 14:00:00,0.5052131637787658,58.93583596786652,,
117440,48,H4,2026-02-20 18:00:00,0.49591222350885394,60.07723308357366,,
117441,48,H4,2026-02-22 22:00:00,0.537632778972506,45.45156345598225,,
117442,48,H4,2026-02-23 02:00:00,0.5289447233316146,48.93842192414623,,
117443,48,H4,2026-02-23 06:00:00,0.5367343859507854,54.177018563194075,,
117444,48,H4,2026-02-23 10:00:00,0.5326819298114428,51.283074542803746,,
117445,48,H4,2026-02-23 14:00:00,0.5377760776820529,47.944416205028574,,
117446,48,H4,2026-02-23 18:00:00,0.5263635007047645,52.06498130793772,,
117447,48,H4,2026-02-23 22:00:00,0.5326232506544224,56.050629382464145,,
117448,48,H4,2026-02-24 02:00:00,0.5265073041791067,58.45619641071171,,
117449,48,H4,2026-02-24 06:00:00,0.5843282110234572,65.63910940369244,,
117450,48,H4,2026-02-24 10:00:00,0.5723047673789244,67.42021698259703,,
117451,48,H4,2026-02-24 14:00:00,0.5737115697090002,62.2586671184206,,
117452,48,H4,2026-02-24 18:00:00,0.5496607433012141,63.695404859152845,,
117453,48,H4,2026-02-24 22:00:00,0.537113547351127,61.52347884313549,,
117454,48,H4,2026-02-25 02:00:00,0.548605436826045,58.42633349227627,,
117455,48,H4,2026-02-25 06:00:00,0.5904193341956143,67.79114222888242,,
117456,48,H4,2026-02-25 10:00:00,0.5682465246102134,68.86887098940377,,
117457,48,H4,2026-02-25 14:00:00,0.5650860585666269,62.79110199802986,,
117458,48,H4,2026-02-25 18:00:00,0.5432941972404386,63.13386051342487,,
117459,48,H4,2026-02-25 22:00:00,0.5493446117232634,55.048549719448154,,
117460,48,H4,2026-02-26 02:00:00,0.5387485680287434,56.3365465086579,,
117461,48,H4,2026-02-26 06:00:00,0.5204093845981196,57.76553240114543,,
117462,48,H4,2026-02-26 10:00:00,0.5015229999839682,58.833399872043195,,
117463,48,H4,2026-02-26 14:00:00,0.506557071413683,61.46780701981998,,
117464,48,H4,2026-02-26 18:00:00,0.4971601377412771,57.074679723316365,,
117465,48,H4,2026-02-26 22:00:00,0.4973629850454716,54.614450560803796,,
117466,48,H4,2026-02-27 02:00:00,0.4935513432565105,52.206987098338374,,
117467,48,H4,2026-02-27 06:00:00,0.49094053302390217,55.567778003980436,,
117468,48,H4,2026-02-27 10:00:00,0.4805162092364805,56.91917537115836,,
117469,48,H4,2026-02-27 14:00:00,0.46855076571959015,54.850373200667455,,
117470,48,H4,2026-02-27 18:00:00,0.4569399967396182,54.912297100110536,,
117471,48,H4,2026-03-01 22:00:00,0.47772999697250196,57.3978198112089,,
117472,48,H4,2026-03-02 02:00:00,0.49346356861732377,65.38390095297937,,
117473,48,H4,2026-03-02 06:00:00,0.49057331371608653,67.28762314640355,,
117474,48,H4,2026-03-02 10:00:00,0.513389505593509,72.06421980143242,,
117475,48,H4,2026-03-02 14:00:00,0.5065045409082565,68.68250957598758,,
117476,48,H4,2026-03-02 18:00:00,0.4973970737005252,68.63915017280263,,
117477,48,H4,2026-03-02 22:00:00,0.49194013986477286,67.08837788316947,,
117478,48,H4,2026-03-03 02:00:00,0.4751587013030037,68.2691522576319,,
117479,48,H4,2026-03-03 06:00:00,0.4892902226385036,71.23951802572466,,
117480,48,H4,2026-03-03 10:00:00,0.4880552067357539,72.53431572564722,,
117481,48,H4,2026-03-03 14:00:00,0.4783369776832003,72.85823379415177,,
117482,48,H4,2026-03-03 18:00:00,0.47074147927725846,68.97105370860524,,
117483,48,H4,2026-03-03 22:00:00,0.46433137361459714,66.18588762444207,,
117484,48,H4,2026-03-04 02:00:00,0.464521989784984,65.60975391735319,,
117485,48,H4,2026-03-04 06:00:00,0.47162756194319894,56.374076044679924,,
117486,48,H4,2026-03-04 10:00:00,0.4732970218043993,58.03804763330027,,
117487,48,H4,2026-03-04 14:00:00,0.4776329488183702,51.02931504283265,,
117488,48,H4,2026-03-04 18:00:00,0.45794488104562936,52.510782399181906,,
117489,48,H4,2026-03-04 22:00:00,0.47123453239951335,46.789467974935626,,
117490,48,H4,2026-03-05 02:00:00,0.4733606372281199,54.651348188567255,,
117491,48,H4,2026-03-05 06:00:00,0.4737634488546817,54.007344387214545,,
117492,48,H4,2026-03-05 10:00:00,0.48820891679363215,62.89507285346654,,
117493,48,H4,2026-03-05 14:00:00,0.4858368513083736,61.33133421129889,,
117494,48,H4,2026-03-05 18:00:00,0.48220564764348994,58.53560840478704,,
117495,48,H4,2026-03-05 22:00:00,0.4647623870975283,56.96783128769555,,
117496,48,H4,2026-03-06 02:00:00,0.4622793594477054,62.28885761266448,,
117497,48,H4,2026-03-06 06:00:00,0.4579736909157255,62.523220838626784,,
117498,48,H4,2026-03-06 10:00:00,0.4756898558503157,62.67018497893105,,
117499,48,H4,2026-03-06 14:00:00,0.4832834375752927,60.84577443254625,,
117500,48,H4,2026-03-06 18:00:00,0.47362033489134214,61.188524916645015,,
117501,48,H4,2026-03-08 21:00:00,0.5022188823991031,72.08384627028738,,
117502,48,H4,2026-03-09 01:00:00,0.48991753365631086,72.81826399810694,,
117503,48,H4,2026-03-09 05:00:00,0.486923424109432,70.36666794895635,,
117504,48,H4,2026-03-09 09:00:00,0.4845717509587589,68.69703986318657,,
117505,48,H4,2026-03-09 13:00:00,0.4936737687474186,58.17032538664058,,
117506,48,H4,2026-03-09 17:00:00,0.5144827852654599,49.28432084307741,,
117507,48,H4,2026-03-09 21:00:00,0.5058768720322131,48.04515609229246,,
117508,48,H4,2026-03-10 01:00:00,0.4983142383156248,51.322480984422526,,
117509,48,H4,2026-03-10 05:00:00,0.49922036415022275,49.92172185683421,,
117510,48,H4,2026-03-10 09:00:00,0.4943474809966342,51.983037832164484,,
117511,48,H4,2026-03-10 13:00:00,0.48646551806830224,47.453793755522064,,
117512,48,H4,2026-03-10 17:00:00,0.5041465524919936,55.96044908131682,,
117513,48,H4,2026-03-10 21:00:00,0.49013608445685064,57.914091400123866,,
117514,48,H4,2026-03-11 01:00:00,0.4764835069956475,56.07367091700315,,
117515,48,H4,2026-03-11 05:00:00,0.4840918279245297,60.53111857894953,,
117516,48,H4,2026-03-11 09:00:00,0.4765138402156337,63.31199025571026,,
117517,48,H4,2026-03-11 13:00:00,0.4827628516288022,66.10829815164944,,
117518,48,H4,2026-03-11 17:00:00,0.45970836222674466,67.60404742641046,,
117519,48,H4,2026-03-11 21:00:00,0.45587205063912045,67.8586501055535,,
117520,48,H4,2026-03-12 01:00:00,0.4499526184506112,69.63326339012646,,
117521,48,H4,2026-03-12 05:00:00,0.45024171713271094,63.41790613603818,,
117522,48,H4,2026-03-12 09:00:00,0.44443873733751726,63.5206088101695,,
117523,48,H4,2026-03-12 13:00:00,0.4472645418134075,67.91377579714865,,
117524,48,H4,2026-03-12 17:00:00,0.4377456459695922,69.64028177933257,,
117525,48,H4,2026-03-12 21:00:00,0.43604952840033473,62.99593343249418,,
117526,48,H4,2026-03-13 01:00:00,0.4514745620860262,68.2890045903785,,
117527,48,H4,2026-03-13 05:00:00,0.4355120933655964,64.13072763823617,,
117528,48,H4,2026-03-13 09:00:00,0.42568980098233966,64.10642783333941,,
117529,48,H4,2026-03-13 13:00:00,0.44028338662645794,67.81053979057499,,
117530,48,H4,2026-03-13 17:00:00,0.4236917161531394,69.22935382614683,,
117531,48,H4,2026-03-15 21:00:00,0.42871373642791516,58.905331098202026,,
117532,48,H4,2026-03-16 01:00:00,0.4235198981116351,62.540023159224056,,
117533,48,H4,2026-03-16 05:00:00,0.4225541911036609,58.0685583986048,,
117534,48,H4,2026-03-16 09:00:00,0.4227288917391145,53.73501037645292,,
117535,48,H4,2026-03-16 13:00:00,0.4288911137577502,55.9000547298157,,
117536,48,H4,2026-03-16 17:00:00,0.42625603420362485,51.67538215470632,,
117537,48,H4,2026-03-16 21:00:00,0.42045203176050866,56.06736764795585,,
117538,48,H4,2026-03-17 01:00:00,0.40741974377761514,54.42378441537113,,
117539,48,H4,2026-03-17 05:00:00,0.4098183335077857,51.915984179540544,,
117540,48,H4,2026-03-17 09:00:00,0.39847416682865644,50.47620877027087,,
117541,48,H4,2026-03-17 13:00:00,0.3980831549123239,48.722070235465615,,
117542,48,H4,2026-03-17 17:00:00,0.38222007241858763,49.91489269572024,,
117543,48,H4,2026-03-17 21:00:00,0.3788472101029728,51.39347487821143,,
117544,48,H4,2026-03-18 01:00:00,0.3756438379527607,45.93815864908995,,
117545,48,H4,2026-03-18 05:00:00,0.37881213524185037,49.07787217801923,,
117546,48,H4,2026-03-18 09:00:00,0.3929684112960038,58.495029134909366,,
117547,48,H4,2026-03-18 13:00:00,0.38018495334628916,58.825022288243545,,
117548,48,H4,2026-03-18 17:00:00,0.39902888525012603,64.84513863409623,159.904,
117549,48,H4,2026-03-18 21:00:00,0.38352682201797333,62.6026496851316,,
117550,48,H4,2026-03-19 01:00:00,0.3754891918738335,59.69538930582336,,
117551,48,H4,2026-03-19 05:00:00,0.40338282102570394,49.813917570069734,,
117552,48,H4,2026-03-19 09:00:00,0.4062126195238668,45.06527226944062,,
117553,48,H4,2026-03-19 13:00:00,0.441340289557876,34.222991785602915,,
117554,48,H4,2026-03-19 17:00:00,0.45181598316088645,31.063433783731895,,157.51
117555,48,H4,2026-03-19 21:00:00,0.44490055579225096,34.05091930580646,,
117556,48,H4,2026-03-20 01:00:00,0.4606933732356614,42.96916719820348,,
117557,48,H4,2026-03-20 05:00:00,0.44435813229025695,44.73179092108832,,
117558,48,H4,2026-03-20 09:00:00,0.44461826569809626,47.93682792787729,,
117559,48,H4,2026-03-20 13:00:00,0.45685981814823323,55.53651308581075,,
117560,48,H4,2026-03-20 17:00:00,0.4418698311376441,54.87297657353159,,
117561,48,H4,2026-03-22 21:00:00,0.4469505574849536,58.24317000187739,,
117562,48,H4,2026-03-23 01:00:00,0.43581123195031385,56.54597151823434,,
117563,48,H4,2026-03-23 05:00:00,0.42939614395386105,57.04330709233543,,
117564,48,H4,2026-03-23 09:00:00,0.4972249908142989,43.8347631459698,,
117565,48,H4,2026-03-23 13:00:00,0.5078517771847072,46.3959250150098,,
117566,48,H4,2026-03-23 17:00:00,0.5225766502429423,43.30178689635464,,
117567,48,H4,2026-03-23 21:00:00,0.5162497466541606,45.55144939883365,,
117568,48,H4,2026-03-24 01:00:00,0.5043033361788647,48.167586569463,,
117569,48,H4,2026-03-24 05:00:00,0.4954959550232315,46.79190804277524,,
117570,48,H4,2026-03-24 09:00:00,0.47774624395014254,49.34693973851717,,
117571,48,H4,2026-03-24 13:00:00,0.4721215122394181,50.925339186317544,,
117572,48,H4,2026-03-24 17:00:00,0.4970414042223167,47.561105582915964,,
117573,48,H4,2026-03-24 21:00:00,0.4803241610635781,46.62008030450237,,
117574,48,H4,2026-03-25 01:00:00,0.46987243527332073,50.70128295542543,,
117575,48,H4,2026-03-25 05:00:00,0.47031011846808346,48.91687327778857,,
117576,48,H4,2026-03-25 09:00:00,0.46228796714893494,53.1141222990888,,
117577,48,H4,2026-03-25 13:00:00,0.4550531123525837,56.58402904692378,,
117578,48,H4,2026-03-25 17:00:00,0.44776360432739776,59.802118430316284,,
117579,48,H4,2026-03-25 21:00:00,0.4280662040182977,59.84485633130904,,
117580,48,H4,2026-03-26 01:00:00,0.40949004658841776,58.944985229004054,,
117581,48,H4,2026-03-26 05:00:00,0.3988121861178158,59.47003965761735,,
117582,48,H4,2026-03-26 09:00:00,0.39003988710939913,62.20303580351247,,
117583,48,H4,2026-03-26 13:00:00,0.3816798951730132,62.65502540321332,,
117584,48,H4,2026-03-26 17:00:00,0.39091704551779766,64.51557315418745,,
117585,48,H4,2026-03-26 21:00:00,0.3844943994093826,58.562243374204684,,
117586,48,H4,2026-03-27 01:00:00,0.3704590851658544,59.69342424490217,,
117587,48,H4,2026-03-27 05:00:00,0.37271200765400875,63.47773528750779,,
117588,48,H4,2026-03-27 09:00:00,0.3592325785358651,64.11895348964393,,
117589,48,H4,2026-03-27 13:00:00,0.37635882292616174,68.39614064017363,,
117590,48,H4,2026-03-27 17:00:00,0.373690335574293,70.70510558666597,,
117591,48,H4,2026-03-29 21:00:00,0.3887124544618437,58.72509834482729,160.464,
117592,48,H4,2026-03-30 01:00:00,0.3855187077145687,56.67126842230033,,
117593,48,H4,2026-03-30 05:00:00,0.3784102285920996,54.134477453315895,,
117594,48,H4,2026-03-30 09:00:00,0.37895235512123504,47.38798579579535,,
117595,48,H4,2026-03-30 13:00:00,0.3743129011840035,48.9491099875074,,
117596,48,H4,2026-03-30 17:00:00,0.3709334082422909,54.894624747288596,,
117597,48,H4,2026-03-30 21:00:00,0.3640810219392705,57.41244718017182,,
117598,48,H4,2026-03-31 01:00:00,0.36543237751503554,51.66649257959458,,
117599,48,H4,2026-03-31 05:00:00,0.36104435054967604,50.67535104833819,,
117600,48,H4,2026-03-31 09:00:00,0.3658983255104136,46.44904757591739,,
117601,48,H4,2026-03-31 13:00:00,0.3842627308310977,39.33254856707991,,
117602,48,H4,2026-03-31 17:00:00,0.38145825005744777,36.07782985113868,,
117603,48,H4,2026-03-31 21:00:00,0.38435408933905846,37.63778711783137,,
117604,48,H4,2026-04-01 01:00:00,0.38761451152912624,37.606900991570726,,
117605,48,H4,2026-04-01 05:00:00,0.4060706178484734,34.49726942246578,,158.274
117606,48,H4,2026-04-01 09:00:00,0.4095655737164385,33.76042829608636,,
117607,48,H4,2026-04-01 13:00:00,0.4058823184509789,34.48380369273896,,
117608,48,H4,2026-04-01 17:00:00,0.4124621528473389,41.223484833844644,,
117609,48,H4,2026-04-01 21:00:00,0.40314342764395833,39.0248758789049,,
117610,48,H4,2026-04-02 01:00:00,0.4363474685265324,54.02538005144034,,
117611,48,H4,2026-04-02 05:00:00,0.43453693506035157,59.33275895598823,,
117612,48,H4,2026-04-02 09:00:00,0.4178557254131851,58.30960646890367,,
117613,48,H4,2026-04-02 13:00:00,0.4208660307408153,55.649030762184864,,
117614,48,H4,2026-04-02 17:00:00,0.4073755999736141,57.279812457777766,,
117615,48,H4,2026-04-02 21:00:00,0.39263448568978404,57.08742357490784,,
117616,48,H4,2026-04-03 01:00:00,0.3774463081405122,57.56706442989069,,
117617,48,H4,2026-04-03 05:00:00,0.36098585755904644,57.181620907987146,,
117618,48,H4,2026-04-03 09:00:00,0.356058296304829,57.422840558565056,,
117619,48,H4,2026-04-03 13:00:00,0.342268417997342,57.79527982891756,,
117620,48,H4,2026-04-03 17:00:00,0.3331063881403889,57.65948780681581,,
117621,48,H4,2026-04-05 21:00:00,0.3351702175589322,60.60038953229926,,
117622,48,H4,2026-04-06 01:00:00,0.3270866305904377,54.45582098985323,,
117623,48,H4,2026-04-06 05:00:00,0.332866156976834,48.98655613489265,,
117624,48,H4,2026-04-06 09:00:00,0.3262328600499159,49.58576893734981,,
117625,48,H4,2026-04-06 13:00:00,0.33200194147492273,56.96255081236258,,
117626,48,H4,2026-04-06 17:00:00,0.322858945655286,57.08731354965934,,
117627,48,H4,2026-04-06 21:00:00,0.3189404495370513,60.62736836208187,,
117628,48,H4,2026-04-07 01:00:00,0.31058756028440465,57.37104828364863,,
117629,48,H4,2026-04-07 05:00:00,0.3170455916926622,49.68634070933629,,
117630,48,H4,2026-04-07 09:00:00,0.3235423351431875,56.97722777078104,,
117631,48,H4,2026-04-07 13:00:00,0.32243216834724703,59.7382962432452,160.032,
117632,48,H4,2026-04-07 17:00:00,0.3317584420367296,51.402282593964266,,
117633,48,H4,2026-04-07 21:00:00,0.39620426760553523,35.16073464983823,,
117634,48,H4,2026-04-08 01:00:00,0.3980468199194253,31.217833411138443,,
117635,48,H4,2026-04-08 05:00:00,0.40111490421089513,31.75114591900264,,
117636,48,H4,2026-04-08 09:00:00,0.4144638396244042,27.952940515914563,,
117637,48,H4,2026-04-08 13:00:00,0.4285021367940889,37.137131903726726,,157.888
117638,48,H4,2026-04-08 17:00:00,0.4277519841659401,40.075174546064254,,
117639,48,H4,2026-04-08 21:00:00,0.42476969958266036,45.57296576406825,,
117640,48,H4,2026-04-09 01:00:00,0.4165718638981848,43.746055681106476,,
117641,48,H4,2026-04-09 05:00:00,0.4148881593340287,48.54958019912701,,
117642,48,H4,2026-04-09 09:00:00,0.404967576524456,48.532801996107594,,
117643,48,H4,2026-04-09 13:00:00,0.42382703534413846,44.583705315795456,,
117644,48,H4,2026-04-09 17:00:00,0.425982247105272,48.97943751855563,,
117645,48,H4,2026-04-09 21:00:00,0.41684065802632414,52.256146605149894,,
117646,48,H4,2026-04-10 01:00:00,0.40178061102444307,52.236929095178844,,
117647,48,H4,2026-04-10 05:00:00,0.38729628166555513,54.626909913539095,,
117648,48,H4,2026-04-10 09:00:00,0.3909179758323003,51.26220113778623,,
117649,48,H4,2026-04-10 13:00:00,0.38563812041570794,53.43574316777302,,
117650,48,H4,2026-04-10 17:00:00,0.36544968324315796,53.53362245193348,,
117651,48,H4,2026-04-12 21:00:00,0.38098899158293226,61.1203195425461,,
117652,48,H4,2026-04-13 01:00:00,0.36306120646986534,61.43498196044192,,
117653,48,H4,2026-04-13 05:00:00,0.35091397743630237,61.06243669982995,,
117654,48,H4,2026-04-13 09:00:00,0.3412058361908525,61.652730659412434,159.862,
117655,48,H4,2026-04-13 13:00:00,0.34126256217721906,55.6507096288149,,
117656,48,H4,2026-04-13 17:00:00,0.33452952202170444,53.53935879581331,,
117657,48,H4,2026-04-13 21:00:00,0.33213455616301035,47.02549464857351,,
117658,48,H4,2026-04-14 01:00:00,0.3266249450085093,44.19282400609714,,
117659,48,H4,2026-04-14 05:00:00,0.3273660203650436,45.16066144096319,,
117660,48,H4,2026-04-14 09:00:00,0.33205416176754055,38.330719582642026,,
117661,48,H4,2026-04-14 13:00:00,0.3321931502127165,41.642550129521155,,
117662,48,H4,2026-04-14 17:00:00,0.3244650680546666,40.949397593407966,,
117663,48,H4,2026-04-14 21:00:00,0.31157470605076026,41.35819585544082,,
117664,48,H4,2026-04-15 01:00:00,0.30731936990427805,46.2263034610554,,
117665,48,H4,2026-04-15 05:00:00,0.31293941491111504,41.70800190004488,,
117666,48,H4,2026-04-15 09:00:00,0.3216580281317499,50.075425013179725,,
117667,48,H4,2026-04-15 13:00:00,0.3251110261223395,45.29375130423648,,
117668,48,H4,2026-04-15 17:00:00,0.3191745242564594,47.3483311578633,,
117669,48,H4,2026-04-15 21:00:00,0.31723348680956953,42.54990527435696,,
117670,48,H4,2026-04-16 01:00:00,0.33464538060888654,42.200107921377935,,
117671,48,H4,2026-04-16 05:00:00,0.33645642485110994,49.04240142758302,,
117672,48,H4,2026-04-16 09:00:00,0.33049525164745824,51.89530997365449,,
117673,48,H4,2026-04-16 13:00:00,0.32960273367263865,53.35678785098901,,
117674,48,H4,2026-04-16 17:00:00,0.3198453955531653,52.44680614083894,,
117675,48,H4,2026-04-16 21:00:00,0.3210707244422242,56.69620226991138,,
117676,48,H4,2026-04-17 01:00:00,0.31113710126778077,59.567636165331365,,
117677,48,H4,2026-04-17 05:00:00,0.31669873689151146,50.94690685489253,,
117678,48,H4,2026-04-17 09:00:00,0.3527916842564037,37.836505146749666,,
117679,48,H4,2026-04-17 13:00:00,0.3938779925238033,33.12639125697275,,157.59
117680,48,H4,2026-04-17 17:00:00,0.4086009930578169,44.546709111193046,,
117681,48,H4,2026-04-19 21:00:00,0.42141520783940095,50.715858611051175,,
117682,48,H4,2026-04-20 01:00:00,0.407528407279444,49.087272583870636,,
117683,48,H4,2026-04-20 05:00:00,0.40327637818805406,50.436268911954464,,
117684,48,H4,2026-04-20 09:00:00,0.3939709226031928,48.75061847808458,,
117685,48,H4,2026-04-20 13:00:00,0.39340157098867873,45.18241278460572,,
117686,48,H4,2026-04-20 17:00:00,0.3878728873466284,48.267755609511816,,
117687,48,H4,2026-04-20 21:00:00,0.3787391096790114,50.496261580927765,,
117688,48,H4,2026-04-21 01:00:00,0.3577577447019397,50.60452254296811,,
117689,48,H4,2026-04-21 05:00:00,0.3623464772232295,54.49813736486856,,
117690,48,H4,2026-04-21 09:00:00,0.3533931574215699,54.55123037809666,,
117691,48,H4,2026-04-21 13:00:00,0.3631507890343156,59.42847818784112,,
117692,48,H4,2026-04-21 17:00:00,0.371068589817578,58.16373734736546,,
117693,48,H4,2026-04-21 21:00:00,0.3649922619734654,55.34498218133718,,
117694,48,H4,2026-04-22 01:00:00,0.35142138611821666,56.332556079061895,,
117695,48,H4,2026-04-22 05:00:00,0.3453198585383434,56.571248847916635,,
117696,48,H4,2026-04-22 09:00:00,0.3365827257856035,56.65629818244204,,
117697,48,H4,2026-04-22 13:00:00,0.3425411025152044,59.79372647921783,,
117698,48,H4,2026-04-22 17:00:00,0.3295024523355467,58.83310076172346,,
117699,48,H4,2026-04-22 21:00:00,0.33396656288300736,54.42841183314476,,
117700,48,H4,2026-04-23 01:00:00,0.33089752267708006,59.27449075438544,,
117701,48,H4,2026-04-23 05:00:00,0.3205476996287157,62.26326598136804,,
117702,48,H4,2026-04-23 09:00:00,0.32236572108380773,56.58270467128253,,
117703,48,H4,2026-04-23 13:00:00,0.32148245529210734,55.16989256938637,,
117704,48,H4,2026-04-23 17:00:00,0.3266622799141001,61.36136487968104,159.847,
117705,48,H4,2026-04-23 21:00:00,0.3159006884916655,62.22716585911819,,
117706,48,H4,2026-04-24 01:00:00,0.30147921074226114,61.697797343632196,,
117707,48,H4,2026-04-24 05:00:00,0.2951592671178135,59.7477759045073,,
117708,48,H4,2026-04-24 09:00:00,0.3051478908951127,54.32983332461317,,
117709,48,H4,2026-04-24 13:00:00,0.3076373272597478,48.74319067685563,,
117710,48,H4,2026-04-24 17:00:00,0.29709180388405126,48.46934349933529,,
117711,48,H4,2026-04-26 21:00:00,0.2939423893209038,52.307156874957975,,
117712,48,H4,2026-04-27 01:00:00,0.29644650436941117,45.62172866019769,,
117713,48,H4,2026-04-27 05:00:00,0.3017003254858821,43.47910275805908,,
117714,48,H4,2026-04-27 09:00:00,0.29286458795117604,45.930895871424,,
117715,48,H4,2026-04-27 13:00:00,0.29194568881180644,50.60506437671099,,
117716,48,H4,2026-04-27 17:00:00,0.2793781396109621,51.686826934861614,,
117717,48,H4,2026-04-27 21:00:00,0.27199398678160674,52.99952654181036,,
117718,48,H4,2026-04-28 01:00:00,0.2959944162972065,42.36601154104996,,
117719,48,H4,2026-04-28 05:00:00,0.3218519579902623,52.73679316052752,,
117720,48,H4,2026-04-28 09:00:00,0.32543396099095884,52.42579508461093,,
117721,48,H4,2026-04-28 13:00:00,0.32483153520589086,54.72600501176649,,
117722,48,H4,2026-04-28 17:00:00,0.31448642554832773,56.060606097700514,,
117723,48,H4,2026-04-28 21:00:00,0.30130882372344686,54.03875762993678,,
117724,48,H4,2026-04-29 01:00:00,0.28978676488605676,56.30172616903219,,
117725,48,H4,2026-04-29 05:00:00,0.28201628167990866,59.83509046935451,,
117726,48,H4,2026-04-29 09:00:00,0.2791579758456288,64.00046952518727,,
117727,48,H4,2026-04-29 13:00:00,0.28593240614236926,69.80617824719093,,
117728,48,H4,2026-04-29 17:00:00,0.2877943771322009,71.81410998014361,,
117729,48,H4,2026-04-29 21:00:00,0.2940233501941866,66.49572094474387,,
117730,48,H4,2026-04-30 01:00:00,0.29952168232317194,70.23498948274998,,
117731,48,H4,2026-04-30 05:00:00,0.36898441930008763,47.67245972904264,160.726,
117732,48,H4,2026-04-30 09:00:00,0.6313426750643671,23.74592315588683,,
117733,48,H4,2026-04-30 13:00:00,0.6405324839883403,22.660272415346853,,
117734,48,H4,2026-04-30 17:00:00,0.6228515922748875,23.353418821101144,,
117735,48,H4,2026-04-30 21:00:00,0.6352907642552524,30.20921745489217,,
117736,48,H4,2026-05-01 01:00:00,0.6140557096655932,32.549944255752365,,
117737,48,H4,2026-05-01 05:00:00,0.6997660161180503,27.84441204032015,,
117738,48,H4,2026-05-01 09:00:00,0.6766398721096186,29.535412631597637,,
117739,48,H4,2026-05-01 13:00:00,0.6720227383875026,34.41751097290823,,
117740,48,H4,2026-05-01 17:00:00,0.643092542788397,36.35229270737416,,
117741,48,H4,2026-05-03 21:00:00,0.625943075446368,34.96936193717434,,
117742,48,H4,2026-05-04 01:00:00,0.6918042843430561,33.58566708886454,,
117743,48,H4,2026-05-04 05:00:00,0.6746754068899806,36.91941644672789,,
117744,48,H4,2026-05-04 09:00:00,0.6487700206835543,39.66668813937574,,
117745,48,H4,2026-05-04 13:00:00,0.6295007334918731,41.57177605964141,,
117746,48,H4,2026-05-04 17:00:00,0.637607823956741,41.35542368864787,,
117747,48,H4,2026-05-04 21:00:00,0.601350122245547,40.942382483269235,,
117748,48,H4,2026-05-05 01:00:00,0.5667536849422949,42.23674523658144,,
117749,48,H4,2026-05-05 05:00:00,0.5424141360178453,42.1174541140995,,
117750,48,H4,2026-05-05 09:00:00,0.5603845548737122,50.34091527742146,,
117751,48,H4,2026-05-05 13:00:00,0.5362142295255905,50.64910676400445,,
117752,48,H4,2026-05-05 17:00:00,0.5086989274166185,52.33744628885936,,
117753,48,H4,2026-05-05 21:00:00,0.5006490040297162,47.3954594916087,157.94,
117754,48,H4,2026-05-06 01:00:00,0.6693169323133076,30.35596121358654,,155.032
117755,48,H4,2026-05-06 05:00:00,0.6811514371480719,31.03318758293716,,
117756,48,H4,2026-05-06 09:00:00,0.6816406202089231,35.818049443990176,,
117757,48,H4,2026-05-06 13:00:00,0.6643805759082857,38.121959735005134,,
117758,48,H4,2026-05-06 17:00:00,0.6324248204862641,37.537615187180414,,
117759,48,H4,2026-05-06 21:00:00,0.6093230475943879,37.05842052244937,,
117760,48,H4,2026-05-07 01:00:00,0.5952999727662183,37.69626419870648,,
117761,48,H4,2026-05-07 05:00:00,0.5807785461400596,37.33537369649249,,
117762,48,H4,2026-05-07 09:00:00,0.55593722141577,36.8331207388148,,
117763,48,H4,2026-05-07 13:00:00,0.5504417056003568,43.78529724747469,,
117764,48,H4,2026-05-07 17:00:00,0.5359815837717588,49.001041167418705,,
117765,48,H4,2026-05-07 21:00:00,0.515268613502346,49.53533657545127,,
117766,48,H4,2026-05-08 01:00:00,0.49332085539503545,47.5085322586603,,
117767,48,H4,2026-05-08 05:00:00,0.47586936572396116,45.156968121913735,,
117768,48,H4,2026-05-08 09:00:00,0.46402155388653554,44.10476556537348,,
117769,48,H4,2026-05-08 13:00:00,0.45030572860892526,45.34760906874542,,
117770,48,H4,2026-05-08 17:00:00,0.4314267479940005,45.08700703721718,,
117771,48,H4,2026-05-10 21:00:00,0.4368248374230008,50.551764119181634,,
117772,48,H4,2026-05-11 01:00:00,0.4236230633213566,54.257876209456064,,
117773,48,H4,2026-05-11 05:00:00,0.407864273084115,53.45881871450823,,
117774,48,H4,2026-05-11 09:00:00,0.38573111072096483,54.0624856212882,,
117775,48,H4,2026-05-11 13:00:00,0.3713931742408961,54.952106558403756,,
117776,48,H4,2026-05-11 17:00:00,0.3576508046522608,56.4153475284584,,
117777,48,H4,2026-05-11 21:00:00,0.35253289003424226,60.5169098963688,,
117778,48,H4,2026-05-12 01:00:00,0.34728054074608183,63.603295962296095,,
117779,48,H4,2026-05-12 05:00:00,0.39568907354993355,64.20955879177893,,
117780,48,H4,2026-05-12 09:00:00,0.3797112825820809,62.01825530619892,,
117781,48,H4,2026-05-12 13:00:00,0.37287476239764594,65.84233976154778,,
117782,48,H4,2026-05-12 17:00:00,0.3630265650835273,61.24739547045367,,
117783,48,H4,2026-05-12 21:00:00,0.35195323900613235,63.205319692779334,,
117784,48,H4,2026-05-13 01:00:00,0.3423137219342646,63.36969570696455,,
117785,48,H4,2026-05-13 05:00:00,0.33000559893896114,65.23064585047425,,
117786,48,H4,2026-05-13 09:00:00,0.3182194847290348,66.0447142288654,,
117787,48,H4,2026-05-13 13:00:00,0.30620380724838986,66.21943367778165,,
117788,48,H4,2026-05-13 17:00:00,0.2909035353020752,67.08578813606901,,
117789,48,H4,2026-05-13 21:00:00,0.28476756849478496,65.19050494244193,,
117790,48,H4,2026-05-14 01:00:00,0.29935559931658634,65.5572749529208,,
117791,48,H4,2026-05-14 05:00:00,0.28818734222254455,66.48095858732748,,
117792,48,H4,2026-05-14 09:00:00,0.2761025320637914,68.33677797527636,,
117793,48,H4,2026-05-14 13:00:00,0.32016663691637776,72.94282517525757,,
117794,48,H4,2026-05-14 17:00:00,0.3177975914223512,76.90912761624912,,
117795,48,H4,2026-05-14 21:00:00,0.3103120491778971,78.28958107136302,,
117796,48,H4,2026-05-15 01:00:00,0.3001469028080458,78.98926300150912,,
117797,48,H4,2026-05-15 05:00:00,0.301707838321755,79.69402265751657,,
117798,48,H4,2026-05-15 09:00:00,0.3024429927273427,79.90373816744875,,
117799,48,H4,2026-05-15 13:00:00,0.2960542075325341,81.97069654555895,,
117800,48,H4,2026-05-15 17:00:00,0.2894074784230676,82.93017309762463,,
117801,48,H4,2026-05-17 21:00:00,0.29337837282141976,84.93614319027154,,
117802,48,H4,2026-05-18 01:00:00,0.29149420333417514,85.53848108491162,,
117803,48,H4,2026-05-18 05:00:00,0.2856017602388771,75.58615239815651,,
117804,48,H4,2026-05-18 09:00:00,0.2900587773646726,68.22088296358493,,
117805,48,H4,2026-05-18 13:00:00,0.29076886469576824,73.19041962246334,,
117806,48,H4,2026-05-18 17:00:00,0.2939996600746408,69.6059769205485,,
117807,48,H4,2026-05-18 21:00:00,0.29242825578359444,72.61205674772367,,
117808,48,H4,2026-05-19 01:00:00,0.2814690946561956,71.81731608100345,,
117809,48,H4,2026-05-19 05:00:00,0.27536415932361,74.55416578106042,,
117810,48,H4,2026-05-19 09:00:00,0.2936238622290669,70.89767153732463,,
117811,48,H4,2026-05-19 13:00:00,0.3064364434984202,60.05937389407701,,
117812,48,H4,2026-05-19 17:00:00,0.3075481261056761,65.90130465917463,,
117813,48,H4,2026-05-19 21:00:00,0.29658040281241327,62.77275904313844,,
117814,48,H4,2026-05-20 01:00:00,0.29489608832581204,62.06760237351839,,
117815,48,H4,2026-05-20 05:00:00,0.2903320820168251,63.6319268636584,,
117816,48,H4,2026-05-20 09:00:00,0.27823693330133825,62.37664495709861,,
117817,48,H4,2026-05-20 13:00:00,0.29979143806552927,55.10967691861541,,
117818,48,H4,2026-05-20 17:00:00,0.2912349067751328,57.97996756434097,,
117819,48,H4,2026-05-20 21:00:00,0.27800384200548006,55.33604471256675,,
117820,48,H4,2026-05-21 01:00:00,0.2721464247193742,59.22321440537542,,
117821,48,H4,2026-05-21 05:00:00,0.2659216800965619,58.516869080853326,,
117822,48,H4,2026-05-21 09:00:00,0.26664156008966333,63.50737465058559,,
117823,48,H4,2026-05-21 13:00:00,0.2638100200832591,62.611060645188346,,
117824,48,H4,2026-05-21 17:00:00,0.2703235900773133,56.12754791608731,,
117825,48,H4,2026-05-21 21:00:00,0.2653004765003616,59.182124190127,,
117826,48,H4,2026-05-22 01:00:00,0.2550647281789062,58.24025727226954,,
117827,48,H4,2026-05-22 05:00:00,0.2432029618804128,58.94391460123747,,
117828,48,H4,2026-05-22 09:00:00,0.23225989317466927,58.36620694884363,,
117829,48,H4,2026-05-22 13:00:00,0.23295561509076565,61.607994945028,,
117830,48,H4,2026-05-22 17:00:00,0.22710164258428314,62.58834297395316,,
117831,48,H4,2026-05-24 21:00:00,0.23873723954254764,48.878260121713495,,
117832,48,H4,2026-05-25 01:00:00,0.23289886528950926,47.522718422332865,,
117833,48,H4,2026-05-25 05:00:00,0.23026323205454416,49.753458484788275,,
117834,48,H4,2026-05-25 09:00:00,0.21938728690779122,49.180372900376234,,
117835,48,H4,2026-05-25 13:00:00,0.20871676641437706,49.00668555427964,,
117836,48,H4,2026-05-25 17:00:00,0.1979512830990639,50.375041882806755,,
117837,48,H4,2026-05-25 21:00:00,0.193097620020559,52.414054026658405,,
117838,48,H4,2026-05-26 01:00:00,0.18737636144766187,53.93108297544103,,
117839,48,H4,2026-05-26 05:00:00,0.19306376420140206,62.336098287658686,,
117840,48,H4,2026-05-26 09:00:00,0.18798778104415806,62.896865277157865,,
117841,48,H4,2026-05-26 13:00:00,0.18577436811243325,65.65065209602676,,
117842,48,H4,2026-05-26 17:00:00,0.1793619132472597,65.85533825438347,,
117843,48,H4,2026-05-26 21:00:00,0.17662177658674053,63.61019489443996,,
117844,48,H4,2026-05-27 01:00:00,0.17250593540197334,61.09522478838217,,
117845,48,H4,2026-05-27 05:00:00,0.17546979715897515,66.88722111026298,,
117846,48,H4,2026-05-27 09:00:00,0.17736481164761964,67.70477432002819,,
117847,48,H4,2026-05-27 13:00:00,0.17669589652993298,70.27357891057508,,
117848,48,H4,2026-05-27 17:00:00,0.17028904677779413,70.91245968527355,,
117849,48,H4,2026-05-27 21:00:00,0.16876840057938033,72.13773017023237,,
117850,48,H4,2026-05-28 01:00:00,0.16614208625228208,72.81914023689266,,
117851,48,H4,2026-05-28 05:00:00,0.16441765151997592,63.36250306177577,,
117852,48,H4,2026-05-28 09:00:00,0.16381639069712092,57.42365263207842,,
117853,48,H4,2026-05-28 13:00:00,0.17932950564732658,46.44849143788716,,
117854,48,H4,2026-05-28 17:00:00,0.17652025524394716,50.503794496563906,,
117855,48,H4,2026-05-28 21:00:00,0.1724830941550941,52.57893000659162,,
117856,48,H4,2026-05-29 01:00:00,0.1691628731440163,53.15575497752764,,
117857,48,H4,2026-05-29 05:00:00,0.16665123934801618,52.809861462500635,,
117858,48,H4,2026-05-29 09:00:00,0.16074757939458667,50.56564516826656,,
117859,48,H4,2026-05-29 13:00:00,0.1677656094378315,47.264150360280986,,
117860,48,H4,2026-05-29 17:00:00,0.16442520876370134,51.44357774350543,,
117861,48,H4,2026-05-31 21:00:00,0.16696626528058103,60.277365219768086,,
117862,48,H4,2026-06-01 01:00:00,0.15911153204625297,60.403169351049755,,
117863,48,H4,2026-06-01 05:00:00,0.15424642261437835,59.92626036961856,,
117864,48,H4,2026-06-01 09:00:00,0.14751453528478004,61.60520832674682,,
117865,48,H4,2026-06-01 13:00:00,0.15690635419300977,66.47868195842585,,
117866,48,H4,2026-06-01 17:00:00,0.15934161460779497,68.96551407680253,,
117867,48,H4,2026-06-01 21:00:00,0.15696007070723852,68.48275149260289,,
117868,48,H4,2026-06-02 01:00:00,0.1522486370852915,70.79449836177936,,
117869,48,H4,2026-06-02 05:00:00,0.14773087729348688,71.26290424731475,,
117870,48,H4,2026-06-02 09:00:00,0.1434643860582374,72.78173284956816,,
117871,48,H4,2026-06-02 13:00:00,0.14614550133979268,76.697566602544,,
117872,48,H4,2026-06-02 17:00:00,0.14277796552980673,77.53948077020812,,
117873,48,H4,2026-06-02 21:00:00,0.14157953942053314,77.59759127970909,,
117874,48,H4,2026-06-03 01:00:00,0.1406810008904944,72.54442459911184,,
117875,48,H4,2026-06-03 05:00:00,0.1754895008268887,61.06706679198017,,
119250,48,D,2026-05-10 21:00:00,1.2214884522016582,44.147136530169334,,
119251,48,D,2026-05-11 21:00:00,1.2085249913301106,46.66248306314946,,
119252,48,D,2026-05-12 21:00:00,1.1482017776636724,48.45545853166709,,
119253,48,D,2026-05-13 21:00:00,1.1454730792591252,51.536735774900016,,
119254,48,D,2026-05-14 21:00:00,1.103153573597759,53.91043337544026,,
119255,48,D,2026-05-17 21:00:00,1.0579997469122049,54.413426612392676,,
119256,48,D,2026-05-18 21:00:00,1.0254997649899051,55.81920497135503,,
119257,48,D,2026-05-19 21:00:00,0.9936783532049128,54.62613761318978,,
119258,48,D,2026-05-20 21:00:00,0.9612013279759916,55.02322807357774,,
119259,48,D,2026-05-21 21:00:00,0.9144012331205644,56.60089347118527,,
119260,48,D,2026-05-24 21:00:00,0.88101543075481,53.98562973751145,,
119261,48,D,2026-05-25 21:00:00,0.8551571857008955,56.9621472607508,,
119262,48,D,2026-05-26 21:00:00,0.8227888152936877,58.494214137621974,,
119263,48,D,2026-05-27 21:00:00,0.8027324713441387,55.649667105899994,,
119264,48,D,2026-05-28 21:00:00,0.7654658662481292,55.862122343779966,,
119265,48,D,2026-05-31 21:00:00,0.7461468758018345,59.23533329669133,,
119266,48,D,2026-06-01 21:00:00,0.7205649561017038,61.34567184465643,,
127059,54,H4,2026-01-07 22:00:00,0.4022315523569963,47.97472765626041,,
127060,54,H4,2026-01-08 02:00:00,0.3994292986172108,42.222529454389296,,
127061,54,H4,2026-01-08 06:00:00,0.409612920144553,38.53425832075362,,210.312
127062,54,H4,2026-01-08 10:00:00,0.40292628299137084,40.18001417996169,,
127063,54,H4,2026-01-08 14:00:00,0.4084315484919885,39.994011055417,,
127064,54,H4,2026-01-08 18:00:00,0.4079007235997043,44.631342255891795,,
127065,54,H4,2026-01-08 22:00:00,0.4071221004854391,49.07172637723827,,
127066,54,H4,2026-01-09 02:00:00,0.4039705218793363,56.095286559887754,,
127067,54,H4,2026-01-09 06:00:00,0.4005440560308139,58.60358827713439,,
127068,54,H4,2026-01-09 10:00:00,0.40364805202861415,60.52117573427499,,
127069,54,H4,2026-01-09 14:00:00,0.4157446197408565,64.56198621012794,,
127070,54,H4,2026-01-09 18:00:00,0.4047628611879382,59.784335786998824,,
127071,54,H4,2026-01-11 22:00:00,0.3962797996745141,62.38570947890965,,
127072,54,H4,2026-01-12 02:00:00,0.40911695684061977,68.81629441113958,,
127073,54,H4,2026-01-12 06:00:00,0.40746574563771804,70.78943729463577,,
127074,54,H4,2026-01-12 10:00:00,0.40793247809216787,74.6817448213141,,
127075,54,H4,2026-01-12 14:00:00,0.40393730108558473,75.2199409216299,,
127076,54,H4,2026-01-12 18:00:00,0.39479892243661313,76.24911557503634,,
127077,54,H4,2026-01-12 22:00:00,0.42517042797685456,80.54966493478346,,
127078,54,H4,2026-01-13 02:00:00,0.4457296831213645,83.26492643502966,,
127079,54,H4,2026-01-13 06:00:00,0.4457489914698383,84.74798748786668,214.298,
127080,54,H4,2026-01-13 10:00:00,0.45426692065056395,81.86656534864657,,
127081,54,H4,2026-01-13 14:00:00,0.46796214060409413,70.32820064985617,,
127082,54,H4,2026-01-13 18:00:00,0.45639341627523106,70.51069716029932,,
127083,54,H4,2026-01-13 22:00:00,0.4544367436841433,72.64668943802516,,
127084,54,H4,2026-01-14 02:00:00,0.44240554770670454,74.44435946740307,,
127085,54,H4,2026-01-14 06:00:00,0.45630515144193995,64.71672545858368,,
127086,54,H4,2026-01-14 10:00:00,0.4819262120532298,56.94603455936633,,
127087,54,H4,2026-01-14 14:00:00,0.5032171969065706,47.98228263641226,,
127088,54,H4,2026-01-14 18:00:00,0.5037016828418169,53.66708573815528,,
127089,54,H4,2026-01-14 22:00:00,0.5027229912102592,49.538922732209606,,
127090,54,H4,2026-01-15 02:00:00,0.4920284918380985,49.181772666718665,,
127091,54,H4,2026-01-15 06:00:00,0.4994550281353754,50.7262005870313,,
127092,54,H4,2026-01-15 10:00:00,0.5012082404114201,44.85408244994425,,
127093,54,H4,2026-01-15 14:00:00,0.4994076518106043,42.42780108090812,,
127094,54,H4,2026-01-15 18:00:00,0.47744996239556164,43.22161398510427,,
127095,54,H4,2026-01-15 22:00:00,0.46184639365302255,42.537351744207875,,
127096,54,H4,2026-01-16 02:00:00,0.48228593696352023,39.39837888429379,,
127097,54,H4,2026-01-16 06:00:00,0.47305122718041026,39.11694065863939,,
127098,54,H4,2026-01-16 10:00:00,0.47047613952466544,37.35361261983126,,
127099,54,H4,2026-01-16 14:00:00,0.47372784384433153,34.546070735167234,,
127100,54,H4,2026-01-16 18:00:00,0.45846156928402354,33.89061541520003,,
127101,54,H4,2026-01-18 22:00:00,0.48314288576373626,29.927200850071515,,210.716
127102,54,H4,2026-01-19 02:00:00,0.4807041082091845,37.48554110399586,,
127103,54,H4,2026-01-19 06:00:00,0.49193952905138605,41.79198636049609,,
127104,54,H4,2026-01-19 10:00:00,0.4780867055477157,44.07949355014839,,
127105,54,H4,2026-01-19 14:00:00,0.4900805122943065,51.43067118989477,,
127106,54,H4,2026-01-19 18:00:00,0.4640033328447132,51.91461220543964,,
127107,54,H4,2026-01-19 22:00:00,0.46657452335580507,47.48196703514226,,
127108,54,H4,2026-01-20 02:00:00,0.4736763431161049,55.091996731532724,,
127109,54,H4,2026-01-20 06:00:00,0.5195566043220964,55.58195139877856,,
127110,54,H4,2026-01-20 10:00:00,0.5373739897276614,51.85469444002763,,
127111,54,H4,2026-01-20 14:00:00,0.5527044190328291,55.198979287928275,,
127112,54,H4,2026-01-20 18:00:00,0.5291541033876259,55.85937234262381,,
127113,54,H4,2026-01-20 22:00:00,0.5137145245742253,53.79400166219189,,
127114,54,H4,2026-01-21 02:00:00,0.5025920585332095,55.56340723549784,,
127115,54,H4,2026-01-21 06:00:00,0.5204069114951239,43.47785489523199,,
127116,54,H4,2026-01-21 10:00:00,0.5301635606740444,49.21382055448914,,
127117,54,H4,2026-01-21 14:00:00,0.5411518777687553,51.18671538598278,,
127118,54,H4,2026-01-21 18:00:00,0.5314981722138425,55.25959761564976,,
127119,54,H4,2026-01-21 22:00:00,0.5159625884842839,55.843094075840746,,
127120,54,H4,2026-01-22 02:00:00,0.5223224035925507,62.098027631241266,,
127121,54,H4,2026-01-22 06:00:00,0.522013660478797,64.57040914848466,,
127122,54,H4,2026-01-22 10:00:00,0.5384412561588816,58.26863624402004,,
127123,54,H4,2026-01-22 14:00:00,0.5486954521475341,64.74000294581867,,
127124,54,H4,2026-01-22 18:00:00,0.5372886341369947,67.792280971475,,
127125,54,H4,2026-01-22 22:00:00,0.5313394459843528,69.54099860094254,,
127126,54,H4,2026-01-23 02:00:00,0.5144580569854695,69.36030343790742,,
127127,54,H4,2026-01-23 06:00:00,0.6449253386293652,62.87048329679097,214.856,
127128,54,H4,2026-01-23 10:00:00,0.6312878144415519,65.67304890034453,,
127129,54,H4,2026-01-23 14:00:00,0.7261958276957253,47.438744743402765,,
127130,54,H4,2026-01-23 18:00:00,0.735038982860316,44.52879601927918,,
127131,54,H4,2026-01-25 22:00:00,0.7983219126560084,32.55967194000739,,
127132,54,H4,2026-01-26 02:00:00,0.7993703474662947,30.585220329500416,,
127133,54,H4,2026-01-26 06:00:00,0.8332724655044165,27.858844603484187,,
127134,54,H4,2026-01-26 10:00:00,0.8431101465398155,32.484747335552356,,209.614
127135,54,H4,2026-01-26 14:00:00,0.8317451360726877,36.00570120776492,,
127136,54,H4,2026-01-26 18:00:00,0.8094061977817819,38.36066237416279,,
127137,54,H4,2026-01-26 22:00:00,0.7817343265116544,40.51759587555567,,
127138,54,H4,2026-01-27 02:00:00,0.7535390174751077,42.79128904777021,,
127139,54,H4,2026-01-27 06:00:00,0.8399290876554587,37.067283516508155,,
127140,54,H4,2026-01-27 10:00:00,0.8336484385372103,36.19584866144199,,
127141,54,H4,2026-01-27 14:00:00,0.8372449786416942,37.9864910948006,,
127142,54,H4,2026-01-27 18:00:00,0.841656051595859,39.93346368380719,,
127143,54,H4,2026-01-27 22:00:00,0.832252047910441,44.415973112506194,,
127144,54,H4,2026-01-28 02:00:00,0.8275197587739803,40.51432928400469,,
127145,54,H4,2026-01-28 06:00:00,0.8065540617186954,39.13159911572592,,
127146,54,H4,2026-01-28 10:00:00,0.7846573430245029,38.47817714811773,,
127147,54,H4,2026-01-28 14:00:00,0.8310389613798953,52.80208403237071,,
127148,54,H4,2026-01-28 18:00:00,0.8041076069956156,53.85394626026391,,
127149,54,H4,2026-01-28 22:00:00,0.7829570636387866,50.86724699928309,,
127150,54,H4,2026-01-29 02:00:00,0.7638887019503012,52.909882758326624,,
127151,54,H4,2026-01-29 06:00:00,0.7506109375252799,51.5528510716918,,
127152,54,H4,2026-01-29 10:00:00,0.7253530134163327,52.29612618883635,,
127153,54,H4,2026-01-29 14:00:00,0.8071135124580217,44.32848993604024,,
127154,54,H4,2026-01-29 18:00:00,0.7898911187110204,49.934511410624566,,
127155,54,H4,2026-01-29 22:00:00,0.7724703245173755,51.208702985861926,,
127156,54,H4,2026-01-30 02:00:00,0.7605795870518482,52.80903702191301,,
127157,54,H4,2026-01-30 06:00:00,0.7411810451195737,54.546534543053426,,
127158,54,H4,2026-01-30 10:00:00,0.7160966847538889,57.56057370155278,,
127159,54,H4,2026-01-30 14:00:00,0.7315183501286123,51.74962121701747,,
127160,54,H4,2026-01-30 18:00:00,0.7061241822622811,53.34538828351261,,
127161,54,H4,2026-02-01 22:00:00,0.7251153121006901,58.003645841190306,,
127162,54,H4,2026-02-02 02:00:00,0.7287499326649273,51.27614019992624,,
127163,54,H4,2026-02-02 06:00:00,0.7464106517602895,55.56407232913315,,
127164,54,H4,2026-02-02 10:00:00,0.7243813194916987,52.29603412116831,,
127165,54,H4,2026-02-02 14:00:00,0.7227826538137201,57.43009308417364,,
127166,54,H4,2026-02-02 18:00:00,0.6915838928270259,59.66773658512177,,
127167,54,H4,2026-02-02 22:00:00,0.6686136147679529,60.61548001346127,,
127168,54,H4,2026-02-03 02:00:00,0.642355499427386,60.63445492832379,,
127169,54,H4,2026-02-03 06:00:00,0.6259015351825711,63.04104630559949,,
127170,54,H4,2026-02-03 10:00:00,0.6149085683838146,63.66061291439275,,
127171,54,H4,2026-02-03 14:00:00,0.6049150992135438,65.33582493311403,,
127172,54,H4,2026-02-03 18:00:00,0.6028497349840044,66.50185099621197,,
127173,54,H4,2026-02-03 22:00:00,0.6158604681994324,71.70993394129708,,
127174,54,H4,2026-02-04 02:00:00,0.6042275776137588,74.19117160081208,,
127175,54,H4,2026-02-04 06:00:00,0.5981398934984907,76.55493560337717,,
127176,54,H4,2026-02-04 10:00:00,0.5867013296771711,73.42921852587018,215.008,
127177,54,H4,2026-02-04 14:00:00,0.6135083775573724,60.67525966838705,,
127178,54,H4,2026-02-04 18:00:00,0.6122577791604176,63.880966390946305,,
127179,54,H4,2026-02-04 22:00:00,0.5910250806489611,62.63924133940716,,
127180,54,H4,2026-02-05 02:00:00,0.5950947177454636,58.49899565843868,,
127181,54,H4,2026-02-05 06:00:00,0.6240165236207876,53.48536293421492,,
127182,54,H4,2026-02-05 10:00:00,0.6768724862193032,45.683740354128936,,
127183,54,H4,2026-02-05 14:00:00,0.7089530229179227,43.24898049284269,,
127184,54,H4,2026-02-05 18:00:00,0.6841706641380707,43.24898049284269,,
127185,54,H4,2026-02-05 22:00:00,0.7074441881282079,39.57933896944416,,
127186,54,H4,2026-02-06 02:00:00,0.7006267461190497,47.36289408092692,,
127187,54,H4,2026-02-06 06:00:00,0.7047962642534024,52.87929948277355,,
127188,54,H4,2026-02-06 10:00:00,0.6980965310924443,53.139573841840495,,
127189,54,H4,2026-02-06 14:00:00,0.701232493157269,59.18918712980528,,
127190,54,H4,2026-02-06 18:00:00,0.6677873150746072,60.55363425961482,,
127191,54,H4,2026-02-08 22:00:00,0.7511596497121359,49.20395235208211,,
127192,54,H4,2026-02-09 02:00:00,0.7325053890184126,50.9584616107744,,
127193,54,H4,2026-02-09 06:00:00,0.7270407183742407,49.21114925784215,,
127194,54,H4,2026-02-09 10:00:00,0.7383235242046534,47.28825817208317,,
127195,54,H4,2026-02-09 14:00:00,0.7757289867614638,51.39030783487254,,
127196,54,H4,2026-02-09 18:00:00,0.7501054877070736,54.34987492121938,,
127197,54,H4,2026-02-09 22:00:00,0.7490979528708533,49.72619518859637,,
127198,54,H4,2026-02-10 02:00:00,0.7739480990943645,43.12506701973451,,
127199,54,H4,2026-02-10 06:00:00,0.762380377730481,41.48537757166764,,
127200,54,H4,2026-02-10 10:00:00,0.7694960650354462,37.32331311124961,,
127201,54,H4,2026-02-10 14:00:00,0.8021034889614856,31.101485815531987,,
127202,54,H4,2026-02-10 18:00:00,0.7727389540356645,30.153588694181053,,
127203,54,H4,2026-02-10 22:00:00,0.7767576001759727,27.327662371054416,,
127204,54,H4,2026-02-11 02:00:00,0.7904892001634048,23.318267686025948,,
127205,54,H4,2026-02-11 06:00:00,0.8073828287231607,30.947024170289225,,
127206,54,H4,2026-02-11 10:00:00,0.8813554838143648,31.289695951151728,,
127207,54,H4,2026-02-11 14:00:00,0.9375443778276249,25.9127617655583,,
127208,54,H4,2026-02-11 18:00:00,0.9230769222685098,27.579131746893708,,
127209,54,H4,2026-02-11 22:00:00,0.9042142849636157,25.903006556832423,,
127210,54,H4,2026-02-12 02:00:00,0.9104132646090707,26.698331303090143,,
127211,54,H4,2026-02-12 06:00:00,0.886812317136995,28.770019199219902,,
127212,54,H4,2026-02-12 10:00:00,0.8919685801986365,35.03180624653328,,
127213,54,H4,2026-02-12 14:00:00,0.9508993958987327,29.2427058830134,,
127214,54,H4,2026-02-12 18:00:00,0.9175494390488218,28.69399086718711,,
127215,54,H4,2026-02-12 22:00:00,0.9132959076881919,36.12461635809437,,
127216,54,H4,2026-02-13 02:00:00,0.8944890571390357,35.101289833331734,,
127217,54,H4,2026-02-13 06:00:00,0.9035969816291061,41.35251275089435,,
127218,54,H4,2026-02-13 10:00:00,0.8944114829413132,38.354820777274846,,
127219,54,H4,2026-02-13 14:00:00,0.8968106627312192,37.52360348313681,,
127220,54,H4,2026-02-13 18:00:00,0.8588241868218451,37.34786639900754,,
127221,54,H4,2026-02-15 22:00:00,0.8430510306202831,40.27579321271466,,
127222,54,H4,2026-02-16 02:00:00,0.8050473855759777,42.34169988738207,,
127223,54,H4,2026-02-16 06:00:00,0.8014725723205504,48.92890088557868,,
127224,54,H4,2026-02-16 10:00:00,0.7953673885833668,44.3884757714962,,
127225,54,H4,2026-02-16 14:00:00,0.7598411465416978,45.39655409431879,,
127226,54,H4,2026-02-16 18:00:00,0.715138207503004,46.73034641697365,,
127227,54,H4,2026-02-16 22:00:00,0.7347711926813595,40.23614480629753,,
127228,54,H4,2026-02-17 02:00:00,0.7271446789184042,37.14198302788227,,
127229,54,H4,2026-02-17 06:00:00,0.7387057732813739,34.87043011137449,,
127230,54,H4,2026-02-17 10:00:00,0.7560839323327043,31.541329643168552,,207.238
127231,54,H4,2026-02-17 14:00:00,0.7498636514517977,38.91026988910773,,
127232,54,H4,2026-02-17 18:00:00,0.714444819205242,39.89229908934257,,
127233,54,H4,2026-02-17 22:00:00,0.6936987606905823,40.62648426089973,,
127234,54,H4,2026-02-18 02:00:00,0.6655059920698269,40.98872886579768,,
127235,54,H4,2026-02-18 06:00:00,0.6711127069219821,48.34617349914133,,
127236,54,H4,2026-02-18 10:00:00,0.6478189421418404,47.7859464332854,,
127237,54,H4,2026-02-18 14:00:00,0.6489033034174241,51.55050444333117,,
127238,54,H4,2026-02-18 18:00:00,0.6421959246018943,50.88010544518823,,
127239,54,H4,2026-02-18 22:00:00,0.6330390728446149,53.507861558230154,,
127240,54,H4,2026-02-19 02:00:00,0.6319648533557134,57.155760346163376,,
127241,54,H4,2026-02-19 06:00:00,0.6338245066874493,51.903369691609804,,
127242,54,H4,2026-02-19 10:00:00,0.6606227562097733,46.84961433342962,,
127243,54,H4,2026-02-19 14:00:00,0.6575068450519316,45.88944265792432,,
127244,54,H4,2026-02-19 18:00:00,0.639113498976794,47.809301987244076,,
127245,54,H4,2026-02-19 22:00:00,0.6238196776213095,47.016375002227335,,
127246,54,H4,2026-02-20 02:00:00,0.6107611292197876,49.55064914186424,,
127247,54,H4,2026-02-20 06:00:00,0.6347067628469455,55.53163920142941,,
127248,54,H4,2026-02-20 10:00:00,0.6359419940721648,59.21032466241566,,
127249,54,H4,2026-02-20 14:00:00,0.6423747087812959,51.98443650395794,,
127250,54,H4,2026-02-20 18:00:00,0.6180622295826314,51.153808321357964,,
127251,54,H4,2026-02-22 22:00:00,0.643486356041014,44.75252296774322,,
127252,54,H4,2026-02-23 02:00:00,0.6302373306095129,48.85918684456975,,
127253,54,H4,2026-02-23 06:00:00,0.6208632355659759,52.69382995256011,,
127254,54,H4,2026-02-23 10:00:00,0.6153730044541191,49.15719603591268,,
127255,54,H4,2026-02-23 14:00:00,0.6407749327073967,43.87870545329163,,
127256,54,H4,2026-02-23 18:00:00,0.6308624375140098,47.92692088578777,,
127257,54,H4,2026-02-23 22:00:00,0.6289436919772957,52.37775338103149,,
127258,54,H4,2026-02-24 02:00:00,0.6165191425503469,54.85998054198558,,
127259,54,H4,2026-02-24 06:00:00,0.6978392037967504,64.42039868382349,,
127260,54,H4,2026-02-24 10:00:00,0.6829935463826974,64.84282837181834,,
127261,54,H4,2026-02-24 14:00:00,0.6719225787839347,65.5788775090601,,
127262,54,H4,2026-02-24 18:00:00,0.6434995374422251,61.92300081875087,,
127263,54,H4,2026-02-24 22:00:00,0.6219638561963529,62.2884581452086,,
127264,54,H4,2026-02-25 02:00:00,0.6371092950394708,62.794947666085875,,
127265,54,H4,2026-02-25 06:00:00,0.6906014882509368,72.07101570985145,,
127266,54,H4,2026-02-25 10:00:00,0.6782013819472982,72.22737198988514,,
127267,54,H4,2026-02-25 14:00:00,0.6691869975224906,73.75491427161144,,
127268,54,H4,2026-02-25 18:00:00,0.6411736405565974,74.42484286491525,212.123,
127269,54,H4,2026-02-25 22:00:00,0.63808980908827,66.12252066613581,,
127270,54,H4,2026-02-26 02:00:00,0.6211548227248208,65.40957320253816,,
127271,54,H4,2026-02-26 06:00:00,0.6335009068159038,60.099799115768484,,
127272,54,H4,2026-02-26 10:00:00,0.6255365563290528,62.61189981877942,,
127273,54,H4,2026-02-26 14:00:00,0.6702839451626905,49.72703077490756,,
127274,54,H4,2026-02-26 18:00:00,0.6524779490796406,51.38302831152675,,
127275,54,H4,2026-02-26 22:00:00,0.6470866670025233,48.07981257373311,,
127276,54,H4,2026-02-27 02:00:00,0.6250090479309139,48.05806670354574,,
127277,54,H4,2026-02-27 06:00:00,0.6450084016501344,50.99404395412001,,
127278,54,H4,2026-02-27 10:00:00,0.6480792301036954,45.47965501991878,,
127279,54,H4,2026-02-27 14:00:00,0.6300021422391444,46.571689708849156,,
127280,54,H4,2026-02-27 18:00:00,0.6215734177934913,51.64172680823503,,
127281,54,H4,2026-03-01 22:00:00,0.656318173665383,47.5496993599815,,
127282,54,H4,2026-03-02 02:00:00,0.64472401840357,50.80550840892274,,
127283,54,H4,2026-03-02 06:00:00,0.6747437313747434,45.94527038479212,,
127284,54,H4,2026-03-02 10:00:00,0.7094048934194044,54.99327234056764,,
127285,54,H4,2026-03-02 14:00:00,0.7213045438894472,57.74037754447366,,
127286,54,H4,2026-03-02 18:00:00,0.6950685050401999,55.7629589547988,,
127287,54,H4,2026-03-02 22:00:00,0.6894207546801867,55.43880818153485,,
127288,54,H4,2026-03-03 02:00:00,0.6863907007744604,48.62492731057919,,
127289,54,H4,2026-03-03 06:00:00,0.704219936433428,42.262083750358485,,
127290,54,H4,2026-03-03 10:00:00,0.703132798116754,44.85630556560781,,
127291,54,H4,2026-03-03 14:00:00,0.7359090268227007,49.18429293539923,,
127292,54,H4,2026-03-03 18:00:00,0.7182726677639366,52.6705272438909,,
127293,54,H4,2026-03-03 22:00:00,0.7311103343522266,46.32060440697898,,
127294,54,H4,2026-03-04 02:00:00,0.7275310247556378,44.94750455443644,,
127295,54,H4,2026-03-04 06:00:00,0.7270645229873782,47.07102900541654,,
127296,54,H4,2026-03-04 10:00:00,0.7174170570597073,48.87505156997724,,
127297,54,H4,2026-03-04 14:00:00,0.7376015529840139,44.21198148106537,,
127298,54,H4,2026-03-04 18:00:00,0.7190585849137258,47.46942053892321,,
127299,54,H4,2026-03-04 22:00:00,0.72105440027703,42.92781706355844,,
127300,54,H4,2026-03-05 02:00:00,0.7051219431143844,40.57027043140446,,
127301,54,H4,2026-03-05 06:00:00,0.7074703757490711,47.64453486985611,,209.189
127302,54,H4,2026-03-05 10:00:00,0.7182224917669949,54.18073514090029,,
127303,54,H4,2026-03-05 14:00:00,0.726778028069352,50.63767326391556,,
127304,54,H4,2026-03-05 18:00:00,0.7007938832072554,53.16871930855005,,
127305,54,H4,2026-03-05 22:00:00,0.6774514629781675,53.305454206552064,,
127306,54,H4,2026-03-06 02:00:00,0.6599192156225853,56.63628500418603,,
127307,54,H4,2026-03-06 06:00:00,0.6647821287924013,51.082806389894756,,
127308,54,H4,2026-03-06 10:00:00,0.6627262624500866,53.545679582962336,,
127309,54,H4,2026-03-06 14:00:00,0.692102957989367,59.57943166139497,,
127310,54,H4,2026-03-06 18:00:00,0.6822384609901267,62.605241390880224,,
127311,54,H4,2026-03-08 21:00:00,0.7071499994908325,55.37291753558714,,
127312,54,H4,2026-03-09 01:00:00,0.7029249995272012,55.880657488662116,,
127313,54,H4,2026-03-09 05:00:00,0.6883589281324028,57.79745667890436,,
127314,54,H4,2026-03-09 09:00:00,0.6857618618372323,61.5844859343908,,
127315,54,H4,2026-03-09 13:00:00,0.676493157420286,61.812585680384174,,
127316,54,H4,2026-03-09 17:00:00,0.6603150747474077,63.36056550109346,,
127317,54,H4,2026-03-09 21:00:00,0.6392211408368792,60.27418763104186,,
127318,54,H4,2026-03-10 01:00:00,0.6177053450628159,61.06482336040555,,
127319,54,H4,2026-03-10 05:00:00,0.6149406775583296,64.97072767119087,,
127320,54,H4,2026-03-10 09:00:00,0.5904449148755911,63.02315857421234,,
127321,54,H4,2026-03-10 13:00:00,0.5769131352416211,63.13739827168981,,
127322,54,H4,2026-03-10 17:00:00,0.5537764827243635,62.07039229864842,,
127323,54,H4,2026-03-10 21:00:00,0.549078162529766,65.98452681146028,,
127324,54,H4,2026-03-11 01:00:00,0.5402868652062125,68.26942901150116,,
127325,54,H4,2026-03-11 05:00:00,0.5320520891200553,67.53849688078034,,
127326,54,H4,2026-03-11 09:00:00,0.5355483684686241,64.41144632079919,,
127327,54,H4,2026-03-11 13:00:00,0.5399377707208658,69.00025493586975,,
127328,54,H4,2026-03-11 17:00:00,0.5252279299550898,70.77716852483096,213.308,
127329,54,H4,2026-03-11 21:00:00,0.5207830778154401,62.422194412548826,,
127330,54,H4,2026-03-12 01:00:00,0.5008700008286243,60.34692242881606,,
127331,54,H4,2026-03-12 05:00:00,0.4851650007694373,59.234384821834134,,
127332,54,H4,2026-03-12 09:00:00,0.46815321500019075,59.24702704868763,,
127333,54,H4,2026-03-12 13:00:00,0.45871369964303516,58.12118690502382,,
127334,54,H4,2026-03-12 17:00:00,0.45166272109710304,59.87662685982292,,
127335,54,H4,2026-03-12 21:00:00,0.44497252673302456,59.05961414682516,,
127336,54,H4,2026-03-13 01:00:00,0.4350459176806665,59.79041661584666,,
127337,54,H4,2026-03-13 05:00:00,0.5012569235606186,38.4396303651407,,
127338,54,H4,2026-03-13 09:00:00,0.5028814290205744,41.267097661324996,,
127339,54,H4,2026-03-13 13:00:00,0.49560418409053414,40.48956405357752,,
127340,54,H4,2026-03-13 17:00:00,0.4916324566554958,38.501010019417315,,
127341,54,H4,2026-03-15 21:00:00,0.4873729954658167,39.678436971851454,,
127342,54,H4,2026-03-16 01:00:00,0.477846352932543,42.58085073735856,,
127343,54,H4,2026-03-16 05:00:00,0.49200018486593194,39.052866582172875,,
127344,54,H4,2026-03-16 09:00:00,0.48178588594693605,41.43873728415392,,
127345,54,H4,2026-03-16 13:00:00,0.49522975123643975,51.311568301400484,,
127346,54,H4,2026-03-16 17:00:00,0.48028476900526557,50.67918185060496,,
127347,54,H4,2026-03-16 21:00:00,0.458335856933461,52.20174472886418,,
127348,54,H4,2026-03-17 01:00:00,0.4436690100096414,52.72562755999319,,
127349,54,H4,2026-03-17 05:00:00,0.4440497950089516,54.568953980899074,,
127350,54,H4,2026-03-17 09:00:00,0.4444033810797416,53.707850127691565,,
127351,54,H4,2026-03-17 13:00:00,0.4340888538597608,55.80027891864016,,
127352,54,H4,2026-03-17 17:00:00,0.4275110785840625,59.33615387154632,,
127353,54,H4,2026-03-17 21:00:00,0.42254600154234406,59.76734302589871,,
127354,54,H4,2026-03-18 01:00:00,0.41364985857503395,56.02699811050044,,
127355,54,H4,2026-03-18 05:00:00,0.4076748686768181,55.38846782892543,,
127356,54,H4,2026-03-18 09:00:00,0.4001266637713326,57.20655715458483,,
127357,54,H4,2026-03-18 13:00:00,0.4049033306448077,63.612332093602795,,
127358,54,H4,2026-03-18 17:00:00,0.4351245213130359,48.2990343674875,,
127359,54,H4,2026-03-18 21:00:00,0.43747276979067745,53.783498171458156,,
127360,54,H4,2026-03-19 01:00:00,0.44322471480562914,47.60836314343965,,
127361,54,H4,2026-03-19 05:00:00,0.49399437803379825,36.28783937008,,
127362,54,H4,2026-03-19 09:00:00,0.5111376367456705,42.071674119559496,,
127363,54,H4,2026-03-19 13:00:00,0.5536992341209797,41.63436537925797,,210.803
127364,54,H4,2026-03-19 17:00:00,0.5762207173980525,49.20157925327964,,
127365,54,H4,2026-03-19 21:00:00,0.5613478090124769,50.519429360691944,,
127366,54,H4,2026-03-20 01:00:00,0.5601086797973008,55.07123989288035,,
127367,54,H4,2026-03-20 05:00:00,0.5569580598117787,59.33545607640969,,
127368,54,H4,2026-03-20 09:00:00,0.5501753412537937,54.973407100810284,,
127369,54,H4,2026-03-20 13:00:00,0.5595913883070933,52.682940610109824,,
127370,54,H4,2026-03-20 17:00:00,0.5495491462851588,55.58610621360077,,
127371,54,H4,2026-03-22 21:00:00,0.553438492979077,55.845714707438894,,
127372,54,H4,2026-03-23 01:00:00,0.5491214577662854,54.649862875272035,,
127373,54,H4,2026-03-23 05:00:00,0.5632556393544089,51.586201624503225,,
127374,54,H4,2026-03-23 09:00:00,0.6264516651148069,60.23193159176748,,
127375,54,H4,2026-03-23 13:00:00,0.6479908318923204,56.734604211794235,,
127376,54,H4,2026-03-23 17:00:00,0.6255629153285834,57.49401406929578,,
127377,54,H4,2026-03-23 21:00:00,0.6177369928051125,54.06545422676441,,
127378,54,H4,2026-03-24 01:00:00,0.604255779033319,55.89039356456492,,
127379,54,H4,2026-03-24 05:00:00,0.613237509102369,52.630325428929915,,
127380,54,H4,2026-03-24 09:00:00,0.602720544166486,56.15143491519057,,
127381,54,H4,2026-03-24 13:00:00,0.5935262195831648,56.00681005395557,,
127382,54,H4,2026-03-24 17:00:00,0.5828457753272256,58.31905748882375,,
127383,54,H4,2026-03-24 21:00:00,0.5854996485181384,61.034613516279535,,
127384,54,H4,2026-03-25 01:00:00,0.5706782450525582,55.626065566523586,,
127385,54,H4,2026-03-25 05:00:00,0.5707012275488038,57.29790189625155,,
127386,54,H4,2026-03-25 09:00:00,0.561365425581032,58.991503214760755,,
127387,54,H4,2026-03-25 13:00:00,0.5519821808966731,59.89309957817109,,
127388,54,H4,2026-03-25 17:00:00,0.5262691679754826,61.12048938161629,,
127389,54,H4,2026-03-25 21:00:00,0.508035655977235,58.72541292615929,,
127390,54,H4,2026-03-26 01:00:00,0.4856759662645769,59.670916318450004,,
127391,54,H4,2026-03-26 05:00:00,0.47969911153139183,55.7686485502429,,
127392,54,H4,2026-03-26 09:00:00,0.4721491749934349,52.58737692592874,,
127393,54,H4,2026-03-26 13:00:00,0.47492423392247496,55.52355933890195,213.314,
127394,54,H4,2026-03-26 17:00:00,0.46685821721372844,56.372200016912345,,
127395,54,H4,2026-03-26 21:00:00,0.4704397731270333,50.53706110708964,,
127396,54,H4,2026-03-27 01:00:00,0.458479789332245,55.38409884192261,,
127397,54,H4,2026-03-27 05:00:00,0.4525883758085135,51.28932811899719,,
127398,54,H4,2026-03-27 09:00:00,0.46640349182219015,42.30663786269959,,
127399,54,H4,2026-03-27 13:00:00,0.4834460995491775,48.20208107310958,,
127400,54,H4,2026-03-27 17:00:00,0.46877137815280706,47.82614617244584,,
127401,54,H4,2026-03-29 21:00:00,0.4946448511418935,36.65157614795863,,
127402,54,H4,2026-03-30 01:00:00,0.48188450463175847,39.583142093168306,,
127403,54,H4,2026-03-30 05:00:00,0.5068927543009202,31.923750036849157,,
127404,54,H4,2026-03-30 09:00:00,0.512828986136569,27.45827367305577,,
127405,54,H4,2026-03-30 13:00:00,0.524984058555385,23.982875263434323,,
127406,54,H4,2026-03-30 17:00:00,0.5110566258014277,29.52626810504711,,
127407,54,H4,2026-03-30 21:00:00,0.5199811525298969,37.089333555326085,,
127408,54,H4,2026-03-31 01:00:00,0.5235539273491895,33.636691703794256,,
127409,54,H4,2026-03-31 05:00:00,0.5255857896813917,36.491321255585824,,
127410,54,H4,2026-03-31 09:00:00,0.5226153761327215,38.445682149168746,,
127411,54,H4,2026-03-31 13:00:00,0.5870714206946687,31.001299298933247,,209.632
127412,54,H4,2026-03-31 17:00:00,0.5817806049307622,30.272902905157764,,
127413,54,H4,2026-03-31 21:00:00,0.5772248474357078,35.132564981379886,,
127414,54,H4,2026-04-01 01:00:00,0.5688516440474435,34.574036063256074,,
127415,54,H4,2026-04-01 05:00:00,0.5716479551869121,41.67188933297021,,
127416,54,H4,2026-04-01 09:00:00,0.5719588155307037,44.493267585195134,,
127417,54,H4,2026-04-01 13:00:00,0.5781760429927958,51.484128471842276,,
127418,54,H4,2026-04-01 17:00:00,0.5650206113504516,49.28398114857118,,
127419,54,H4,2026-04-01 21:00:00,0.5490191391111342,48.611601424529205,,
127420,54,H4,2026-04-02 01:00:00,0.5409463434603394,44.84959931148728,,
127421,54,H4,2026-04-02 05:00:00,0.5541644617846008,43.6223052858463,,
127422,54,H4,2026-04-02 09:00:00,0.5495812859428442,45.76346541602239,,
127423,54,H4,2026-04-02 13:00:00,0.5432540512326419,47.429087141151065,,
127424,54,H4,2026-04-02 17:00:00,0.5207359047160253,48.57327421406266,,
127425,54,H4,2026-04-02 21:00:00,0.5033261972363082,50.31993906476018,,
127426,54,H4,2026-04-03 01:00:00,0.4826600402908575,48.85495657270161,,
127427,54,H4,2026-04-03 05:00:00,0.46668432312722385,51.495392887485146,,
127428,54,H4,2026-04-03 09:00:00,0.4765640143324214,45.3654529698412,,
127429,54,H4,2026-04-03 13:00:00,0.46730944188010615,42.1697378375669,,
127430,54,H4,2026-04-03 17:00:00,0.46364448174581263,44.683893405251666,,
127431,54,H4,2026-04-05 21:00:00,0.46181273304968234,45.19331814756403,,
127432,54,H4,2026-04-06 01:00:00,0.44932610926041977,45.47372152588047,,
127433,54,H4,2026-04-06 05:00:00,0.45808853002753286,51.87535258191448,,
127434,54,H4,2026-04-06 09:00:00,0.43879649216842254,51.280693101565866,,
127435,54,H4,2026-04-06 13:00:00,0.4373110284421071,54.64047954758512,,
127436,54,H4,2026-04-06 17:00:00,0.42086024069624184,55.510905749364674,,
127437,54,H4,2026-04-06 21:00:00,0.4076559377893667,57.24207664497768,,
127438,54,H4,2026-04-07 01:00:00,0.3988947993758402,54.9397968065623,,
127439,54,H4,2026-04-07 05:00:00,0.41554517084899284,62.90623285118025,,
127440,54,H4,2026-04-07 09:00:00,0.414149087216923,59.706070954566684,,
127441,54,H4,2026-04-07 13:00:00,0.41478129527285723,62.209070361717316,,
127442,54,H4,2026-04-07 17:00:00,0.4172969170390809,66.39937070422462,,
127443,54,H4,2026-04-07 21:00:00,0.4380614229648607,69.68380495704805,,
127444,54,H4,2026-04-08 01:00:00,0.44348560703879997,69.36401651661943,,
127445,54,H4,2026-04-08 05:00:00,0.44680806367888637,71.86671504406668,,
127446,54,H4,2026-04-08 09:00:00,0.45846463055896486,74.35284484673477,,
127447,54,H4,2026-04-08 13:00:00,0.45178858551903944,68.19053387288251,,
127448,54,H4,2026-04-08 17:00:00,0.4425894008391086,61.66391634662543,,
127449,54,H4,2026-04-08 21:00:00,0.4366187293506015,65.91171674884808,,
127450,54,H4,2026-04-09 01:00:00,0.4201459629684149,65.0256177585681,,
127451,54,H4,2026-04-09 05:00:00,0.4272069656135285,70.03263424110415,,
127452,54,H4,2026-04-09 09:00:00,0.4201921823554199,72.03208648409287,,
127453,54,H4,2026-04-09 13:00:00,0.4290355979014621,73.32904283536072,,
127454,54,H4,2026-04-09 17:00:00,0.4270330551942156,75.02319877529563,,
127455,54,H4,2026-04-09 21:00:00,0.4125306941089158,75.66349986112738,,
127456,54,H4,2026-04-10 01:00:00,0.396921358815423,74.20027991701137,,
127457,54,H4,2026-04-10 05:00:00,0.3849984046143206,75.8311130630623,,
127458,54,H4,2026-04-10 09:00:00,0.3910699471418691,79.15898540873481,,
127459,54,H4,2026-04-10 13:00:00,0.3887078080603073,80.09124414591236,,
127460,54,H4,2026-04-10 17:00:00,0.3808001074845725,80.62027092462752,,
127461,54,H4,2026-04-12 21:00:00,0.40474295694996076,70.52879503141511,,
127462,54,H4,2026-04-13 01:00:00,0.3891184600249641,71.30248923002837,,
127463,54,H4,2026-04-13 05:00:00,0.39425285573746754,74.92068719642646,,
127464,54,H4,2026-04-13 09:00:00,0.3879490803276472,76.52796898968683,,
127465,54,H4,2026-04-13 13:00:00,0.39395271744709953,79.08503460226726,,
127466,54,H4,2026-04-13 17:00:00,0.4010989519151638,81.79900737641219,,
127467,54,H4,2026-04-13 21:00:00,0.39459188392122374,75.72876397746376,,
127468,54,H4,2026-04-14 01:00:00,0.3843353207839918,72.74479548940268,,
127469,54,H4,2026-04-14 05:00:00,0.38938279787085045,75.80694799328931,,
127470,54,H4,2026-04-14 09:00:00,0.4042840265943601,78.12477545271547,,
127471,54,H4,2026-04-14 13:00:00,0.40012088183762035,74.44891613928489,,
127472,54,H4,2026-04-14 17:00:00,0.386112247420646,72.87011324380458,,
127473,54,H4,2026-04-14 21:00:00,0.3784613726048853,74.03686764186405,,
127474,54,H4,2026-04-15 01:00:00,0.36421413170453654,75.36487195826342,,
127475,54,H4,2026-04-15 05:00:00,0.3809845508684974,66.81208414815754,,
127476,54,H4,2026-04-15 09:00:00,0.38477136866360456,70.11076663927193,,
127477,54,H4,2026-04-15 13:00:00,0.3824305566162045,69.85983437468258,,
127478,54,H4,2026-04-15 17:00:00,0.3806855168579045,68.02448077098254,215.911,
127479,54,H4,2026-04-15 21:00:00,0.37313655136805457,64.62864080471462,,
127480,54,H4,2026-04-16 01:00:00,0.3789839405560495,64.90439973561953,,
127481,54,H4,2026-04-16 05:00:00,0.37834223051633203,63.556340302721225,,
127482,54,H4,2026-04-16 09:00:00,0.3737463569080221,65.4405573946703,,
127483,54,H4,2026-04-16 13:00:00,0.3815501885574494,59.857378518875535,,
127484,54,H4,2026-04-16 17:00:00,0.3687966036604889,57.745936331230915,,
127485,54,H4,2026-04-16 21:00:00,0.3628825605418826,60.69396397309211,,
127486,54,H4,2026-04-17 01:00:00,0.36039094907460345,64.4099138250095,,
127487,54,H4,2026-04-17 05:00:00,0.3667915955692738,56.154736945282494,,
127488,54,H4,2026-04-17 09:00:00,0.36280648160004053,52.56248190036549,,
127489,54,H4,2026-04-17 13:00:00,0.4226060186286083,36.57250191847857,,214.006
127490,54,H4,2026-04-17 17:00:00,0.41327701729799354,40.82510280560318,,
127491,54,H4,2026-04-19 21:00:00,0.423042944633852,43.869498038449684,,
127492,54,H4,2026-04-20 01:00:00,0.4098970200171486,44.14030189303728,,
127493,54,H4,2026-04-20 05:00:00,0.4117615185873528,44.042232578492715,,
127494,54,H4,2026-04-20 09:00:00,0.4082785529739704,47.299671591234706,,
127495,54,H4,2026-04-20 13:00:00,0.40611579919011437,48.24169449736216,,
127496,54,H4,2026-04-20 17:00:00,0.3999646706765363,51.460170364792184,,
127497,54,H4,2026-04-20 21:00:00,0.38803862277106765,52.01986153279393,,
127498,54,H4,2026-04-21 01:00:00,0.37560729257313413,48.91533588785192,,
127499,54,H4,2026-04-21 05:00:00,0.37742105738933956,51.36176812622342,,
127500,54,H4,2026-04-21 09:00:00,0.37596241043295814,55.40768706146755,,
127501,54,H4,2026-04-21 13:00:00,0.3748222382591743,57.68224971120118,,
127502,54,H4,2026-04-21 17:00:00,0.3704777926692348,59.62761918758492,,
127503,54,H4,2026-04-21 21:00:00,0.35987223605000435,55.608263860995834,,
127504,54,H4,2026-04-22 01:00:00,0.3515242191892894,56.21779572511241,,
127505,54,H4,2026-04-22 05:00:00,0.36312963210434085,63.24450223858112,,
127506,54,H4,2026-04-22 09:00:00,0.38976322981117495,50.20463861261551,,
127507,54,H4,2026-04-22 13:00:00,0.39199442768180476,56.599587959847284,,
127508,54,H4,2026-04-22 17:00:00,0.3802805399902479,55.26569228067122,,
127509,54,H4,2026-04-22 21:00:00,0.3716176442766578,52.920547064348675,,
127510,54,H4,2026-04-23 01:00:00,0.36093066968546855,52.95963176880884,,
127511,54,H4,2026-04-23 05:00:00,0.3711499075650793,60.46977658276481,,
127512,54,H4,2026-04-23 09:00:00,0.38763919988185963,49.82665532607339,,
127513,54,H4,2026-04-23 13:00:00,0.39559354274744074,49.880632264195526,,
127514,54,H4,2026-04-23 17:00:00,0.38233686112262416,49.76531968940639,,
127515,54,H4,2026-04-23 21:00:00,0.3728842281852939,51.261827919038446,,
127516,54,H4,2026-04-24 01:00:00,0.3639639261720579,49.13177268977799,,
127517,54,H4,2026-04-24 05:00:00,0.36560936001691097,52.17098632215017,,
127518,54,H4,2026-04-24 09:00:00,0.36806583430141776,55.59175345701747,,
127519,54,H4,2026-04-24 13:00:00,0.3597754175656029,56.49838548153735,,
127520,54,H4,2026-04-24 17:00:00,0.35929145916805844,59.08006957789632,,
127521,54,H4,2026-04-26 21:00:00,0.3532706406560547,60.047288402787686,,
127522,54,H4,2026-04-27 01:00:00,0.3406084520377642,59.382193757166554,,
127523,54,H4,2026-04-27 05:00:00,0.3333507054636385,61.23192634438621,,
127524,54,H4,2026-04-27 09:00:00,0.33896851221623614,61.61696673816491,,
127525,54,H4,2026-04-27 13:00:00,0.3456136184865041,64.3693643462274,,
127526,54,H4,2026-04-27 17:00:00,0.33249836002318284,60.55626470220727,,
127527,54,H4,2026-04-27 21:00:00,0.325034191450099,61.66372682256705,,
127528,54,H4,2026-04-28 01:00:00,0.3504603206322356,45.71127639077455,,
127529,54,H4,2026-04-28 05:00:00,0.3777131548727901,49.09070712503616,,
127530,54,H4,2026-04-28 09:00:00,0.37716221523901766,44.136903306173366,,
127531,54,H4,2026-04-28 13:00:00,0.3883649141505158,54.82250831199804,,
127532,54,H4,2026-04-28 17:00:00,0.37783884885405145,57.27442885439828,,
127533,54,H4,2026-04-28 21:00:00,0.3677075025073328,57.49689608853856,,
127534,54,H4,2026-04-29 01:00:00,0.3542998237568095,55.80199371359063,,
127535,54,H4,2026-04-29 05:00:00,0.3479212649170364,55.2354817890313,,
127536,54,H4,2026-04-29 09:00:00,0.34899831742296233,60.8952544708769,,
127537,54,H4,2026-04-29 13:00:00,0.3584984376070364,63.387813368335216,,
127538,54,H4,2026-04-29 17:00:00,0.3588199777779623,65.12719203903981,,
127539,54,H4,2026-04-29 21:00:00,0.3515471222223919,62.83543331616913,,
127540,54,H4,2026-04-30 01:00:00,0.34057947063507665,61.318562659455736,,
127541,54,H4,2026-04-30 05:00:00,0.4286095084468574,41.04461232829684,216.602,
127542,54,H4,2026-04-30 09:00:00,0.7424945435577948,17.75421240972598,,210.46
127543,54,H4,2026-04-30 13:00:00,0.8283163618750963,27.02543844215488,,
127544,54,H4,2026-04-30 17:00:00,0.8123651931697315,32.46700505801047,,
127545,54,H4,2026-04-30 21:00:00,0.8249819650861797,39.31528183629559,,
127546,54,H4,2026-05-01 01:00:00,0.7974118247228806,40.54665855257551,,
127547,54,H4,2026-05-01 05:00:00,0.8863109800998179,34.997331088143056,,
127548,54,H4,2026-05-01 09:00:00,0.8711459100926865,40.04943686487919,,
127549,54,H4,2026-05-01 13:00:00,0.854564059371781,39.98277228966165,,
127550,54,H4,2026-05-01 17:00:00,0.8208809122737974,38.739710304030126,,
127551,54,H4,2026-05-03 21:00:00,0.7803894185399541,38.323943587206166,,
127552,54,H4,2026-05-04 01:00:00,0.8557187457870988,36.70036469885307,,
127553,54,H4,2026-05-04 05:00:00,0.8305959782308768,35.759691764258406,,
127554,54,H4,2026-05-04 09:00:00,0.8079105512143859,38.428508272464384,,
127555,54,H4,2026-05-04 13:00:00,0.7914883689847871,35.10023240310848,,
127556,54,H4,2026-05-04 17:00:00,0.8009534854858743,37.495160968684274,,
127557,54,H4,2026-05-04 21:00:00,0.7577425222368832,36.172641254959245,,
127558,54,H4,2026-05-05 01:00:00,0.7154037706485338,35.8260887886085,,
127559,54,H4,2026-05-05 05:00:00,0.7025177870307812,41.74824648499347,,
127560,54,H4,2026-05-05 09:00:00,0.716480802242868,50.24279371514205,,
127561,54,H4,2026-05-05 13:00:00,0.6945893163683773,52.55123999448922,,
127562,54,H4,2026-05-05 17:00:00,0.6615472223420645,50.9068639115823,,
127563,54,H4,2026-05-05 21:00:00,0.6376509921747741,52.88297795005371,,
127564,54,H4,2026-05-06 01:00:00,0.8398902070194347,35.047172748930464,214.234,210.765
127565,54,H4,2026-05-06 05:00:00,0.855040906518048,41.69910033145323,,
127566,54,H4,2026-05-06 09:00:00,0.831109413195331,43.45845592827601,,
127567,54,H4,2026-05-06 13:00:00,0.800458740824235,41.6968465357053,,
127568,54,H4,2026-05-06 17:00:00,0.7609974021939339,42.448399508592615,,
127569,54,H4,2026-05-06 21:00:00,0.7342118734657953,41.81812128068498,,
127570,54,H4,2026-05-07 01:00:00,0.7101967396468096,43.413485396862384,,
127571,54,H4,2026-05-07 05:00:00,0.6993969725291802,47.3361507782231,,
127572,54,H4,2026-05-07 09:00:00,0.6704400459199518,46.94216277971529,,
127573,54,H4,2026-05-07 13:00:00,0.6389800426399546,47.19129314707954,,
127574,54,H4,2026-05-07 17:00:00,0.6181957538799567,43.98826239788213,,
127575,54,H4,2026-05-07 21:00:00,0.5963246286028158,44.8559861577439,,
127576,54,H4,2026-05-08 01:00:00,0.576301440845472,45.732157896536066,,
127577,54,H4,2026-05-08 05:00:00,0.5760656236422245,53.205385364058,,
127578,54,H4,2026-05-08 09:00:00,0.5499180790963498,52.128590707719674,,
127579,54,H4,2026-05-08 13:00:00,0.537209644875181,53.80658620196206,,
127580,54,H4,2026-05-08 17:00:00,0.5260518130983823,56.651311347863604,,
127581,54,H4,2026-05-10 21:00:00,0.5819766835913549,53.734161733485394,,
127582,54,H4,2026-05-11 01:00:00,0.5612640633348297,53.33448414250414,,
127583,54,H4,2026-05-11 05:00:00,0.5552452016680565,58.23253407268724,,
127584,54,H4,2026-05-11 09:00:00,0.5435848301203379,59.386489650574184,,
127585,54,H4,2026-05-11 13:00:00,0.5457573422546004,65.3100802761424,214.425,
127586,54,H4,2026-05-11 17:00:00,0.5406318178078445,58.48938859871394,,
127587,54,H4,2026-05-11 21:00:00,0.5164438308215697,58.572590382126805,,
127588,54,H4,2026-05-12 01:00:00,0.4969835571914576,59.545607400438776,,
127589,54,H4,2026-05-12 05:00:00,0.5611990173920688,47.073921292188096,,
127590,54,H4,2026-05-12 09:00:00,0.5556133732926356,47.45112403994117,,
127591,54,H4,2026-05-12 13:00:00,0.5485695609145897,46.979599078682796,,
127592,54,H4,2026-05-12 17:00:00,0.530957449420692,49.732559517466996,,
127593,54,H4,2026-05-12 21:00:00,0.5076033458906432,50.699006215967245,,
127594,54,H4,2026-05-13 01:00:00,0.48598882118416953,50.272411268226634,,
127595,54,H4,2026-05-13 05:00:00,0.47927533395672856,49.6604130184825,,
127596,54,H4,2026-05-13 09:00:00,0.4856128101026774,41.76866966153931,,
127597,54,H4,2026-05-13 13:00:00,0.48942618080963013,49.06275056390957,,
127598,54,H4,2026-05-13 17:00:00,0.47253859646608615,51.85089687653406,,
127599,54,H4,2026-05-13 21:00:00,0.4615715538613669,52.643941524675604,,
127600,54,H4,2026-05-14 01:00:00,0.4693164428712708,52.55072930121053,,
127601,54,H4,2026-05-14 05:00:00,0.45972241123760715,50.82563834970077,,
127602,54,H4,2026-05-14 09:00:00,0.44938509614920646,48.97744395816823,,
127603,54,H4,2026-05-14 13:00:00,0.48421473213854965,37.328995810435096,,
127604,54,H4,2026-05-14 17:00:00,0.5053422512715104,33.12598225302838,,
127605,54,H4,2026-05-14 21:00:00,0.4961035190378315,30.98213880579827,,
127606,54,H4,2026-05-15 01:00:00,0.48002469624941607,29.069701714299512,,
127607,54,H4,2026-05-15 05:00:00,0.47916578937445703,27.082241061779683,,
127608,54,H4,2026-05-15 09:00:00,0.5000110901334255,30.237815453769727,,211.296
127609,54,H4,2026-05-15 13:00:00,0.5085817265524668,28.465737753595377,,
127610,54,H4,2026-05-15 17:00:00,0.488254460370149,28.319237372383697,,
127611,54,H4,2026-05-17 21:00:00,0.47366485605799497,28.019003000221517,,
127612,54,H4,2026-05-18 01:00:00,0.47004593776813836,32.65865470136728,,
127613,54,H4,2026-05-18 05:00:00,0.5000426564989867,48.414244819688086,,
127614,54,H4,2026-05-18 09:00:00,0.5072538953204876,50.09621223981214,,
127615,54,H4,2026-05-18 13:00:00,0.5516643313690236,61.49122212592644,,
127616,54,H4,2026-05-18 17:00:00,0.53554545055695,60.87041751273207,,
127617,54,H4,2026-05-18 21:00:00,0.5184350612314531,60.541302073765536,,
127618,54,H4,2026-05-19 01:00:00,0.50026112828635,56.34885952487527,,
127619,54,H4,2026-05-19 05:00:00,0.4906710476944669,55.96776782407272,,
127620,54,H4,2026-05-19 09:00:00,0.5026231157162918,57.9372028924137,,
127621,54,H4,2026-05-19 13:00:00,0.5132214645937003,49.81460795179336,,
127622,54,H4,2026-05-19 17:00:00,0.5054913599798646,53.99435123427795,,
127623,54,H4,2026-05-19 21:00:00,0.49409911998130107,50.6879253765374,,
127624,54,H4,2026-05-20 01:00:00,0.4732348971254937,50.6545202323166,,
127625,54,H4,2026-05-20 05:00:00,0.46607526161652924,49.73672862315969,,
127626,54,H4,2026-05-20 09:00:00,0.4575698857867757,53.44055698897194,,
127627,54,H4,2026-05-20 13:00:00,0.4672434653734338,60.27993633189961,,
127628,54,H4,2026-05-20 17:00:00,0.4458689321324747,60.51080392835563,,
127629,54,H4,2026-05-20 21:00:00,0.42694972269444165,59.43841551914616,,
127630,54,H4,2026-05-21 01:00:00,0.416453313930553,60.78263107704458,,
127631,54,H4,2026-05-21 05:00:00,0.4190637915069423,61.346972634058446,,
127632,54,H4,2026-05-21 09:00:00,0.4122735206850167,58.76663374950556,,
127633,54,H4,2026-05-21 13:00:00,0.4045396977789442,55.982204777544226,,
127634,54,H4,2026-05-21 17:00:00,0.40021543365187634,58.40767083537004,,
127635,54,H4,2026-05-21 21:00:00,0.3909143312481696,59.587971969685306,,
127636,54,H4,2026-05-22 01:00:00,0.3747061647304423,60.507530227357044,,
127637,54,H4,2026-05-22 05:00:00,0.36901286724969756,59.29664723693547,,
127638,54,H4,2026-05-22 09:00:00,0.360083376731862,62.28383362609271,,
127639,54,H4,2026-05-22 13:00:00,0.3695774212510144,66.81559688094174,,
127640,54,H4,2026-05-22 17:00:00,0.35946474830451397,61.80903354224262,,
127641,54,H4,2026-05-24 21:00:00,0.38200298056847803,67.66719138499973,,
127642,54,H4,2026-05-25 01:00:00,0.36743133909930087,67.89005935103958,,
127643,54,H4,2026-05-25 05:00:00,0.35918624344934946,71.28620382063299,,
127644,54,H4,2026-05-25 09:00:00,0.34974436891725336,72.54242703735625,,
127645,54,H4,2026-05-25 13:00:00,0.33761977113745,73.1099068475869,,
127646,54,H4,2026-05-25 17:00:00,0.3218612160562029,74.42068329726118,214.684,
127647,54,H4,2026-05-25 21:00:00,0.31658541490933256,68.80232242405286,,
127648,54,H4,2026-05-26 01:00:00,0.3103293138443792,63.2892484129485,,
127649,54,H4,2026-05-26 05:00:00,0.31516293428406533,66.49582408864505,,
127650,54,H4,2026-05-26 09:00:00,0.3136512961209186,63.05991955049683,214.684,
127651,54,H4,2026-05-26 13:00:00,0.3221762035408524,54.47998852283996,,
127652,54,H4,2026-05-26 17:00:00,0.31459218900221864,56.47814310447474,,
127653,54,H4,2026-05-26 21:00:00,0.3034070326449164,58.402724418163764,,
127654,54,H4,2026-05-27 01:00:00,0.2931636731702813,56.473364284544786,,
127655,54,H4,2026-05-27 05:00:00,0.2885805536581173,58.207986722254525,,
127656,54,H4,2026-05-27 09:00:00,0.28539622839682316,56.11253104730819,,
127657,54,H4,2026-05-27 13:00:00,0.29886792636847986,54.843160987485064,,
127658,54,H4,2026-05-27 17:00:00,0.29244878877073155,54.18315575994942,,
127659,54,H4,2026-05-27 21:00:00,0.28813101814425074,48.523334365471904,,
127660,54,H4,2026-05-28 01:00:00,0.3175502311339483,36.21206571305681,,213.332
127661,54,H4,2026-05-28 05:00:00,0.3281537860529506,42.6629775951915,,
127662,54,H4,2026-05-28 09:00:00,0.338142801334884,47.465016617994884,,
127663,54,H4,2026-05-28 13:00:00,0.33734688695382076,50.54915898828998,,
127664,54,H4,2026-05-28 17:00:00,0.3218221093142625,52.08704463960777,,
127665,54,H4,2026-05-28 21:00:00,0.3125491015061014,52.47292456359456,,
127666,54,H4,2026-05-29 01:00:00,0.30436702282709466,51.77131877765101,,
127667,54,H4,2026-05-29 05:00:00,0.32348366405373097,41.39888887722887,,
127668,54,H4,2026-05-29 09:00:00,0.32673483090703587,49.295847823181695,,
127669,54,H4,2026-05-29 13:00:00,0.3554680572708199,57.8806339532653,,
127670,54,H4,2026-05-29 17:00:00,0.35093462460861863,56.11726914312117,,
127671,54,H4,2026-05-31 21:00:00,0.3450821514222871,59.183238261863515,,
127672,54,H4,2026-06-01 01:00:00,0.3302905691778384,60.79383755935745,,
127673,54,H4,2026-06-01 05:00:00,0.3281269570937059,64.10172579842776,,
127674,54,H4,2026-06-01 09:00:00,0.32504646015844096,62.34188311649907,,
127675,54,H4,2026-06-01 13:00:00,0.3502574272899827,64.09985105224604,,
127676,54,H4,2026-06-01 17:00:00,0.34288189676927067,64.03910662675615,,
127677,54,H4,2026-06-01 21:00:00,0.33353318985718117,63.26433398224773,,
127678,54,H4,2026-06-02 01:00:00,0.32878081915309654,67.62332860774198,,
127679,54,H4,2026-06-02 05:00:00,0.3270821892135901,67.82228953837503,,
127680,54,H4,2026-06-02 09:00:00,0.324290604269763,70.87419185560961,,
127681,54,H4,2026-06-02 13:00:00,0.3233412753933519,71.95952829279597,,
127682,54,H4,2026-06-02 17:00:00,0.31624547000811176,72.0685042816726,,
127683,54,H4,2026-06-02 21:00:00,0.3090850792932472,72.57679485231385,,
127684,54,H4,2026-06-03 01:00:00,0.3008647164865879,65.98583517185958,,
127685,54,H4,2026-06-03 05:00:00,0.33837437959468836,51.51046210899203,,
129060,54,D,2026-05-10 21:00:00,1.5929572325137447,51.59930091599044,,
129061,54,D,2026-05-11 21:00:00,1.5831745730484783,48.29168962893675,,
129062,54,D,2026-05-12 21:00:00,1.5283763892593014,48.9024419431103,,
129063,54,D,2026-05-13 21:00:00,1.5496352185979243,41.97737180270776,,
129064,54,D,2026-05-14 21:00:00,1.509518417269501,38.7248477137193,,
129065,54,D,2026-05-17 21:00:00,1.559481387464537,49.80109375867346,,
129066,54,D,2026-05-18 21:00:00,1.5095898597885,48.19927259799323,,
129067,54,D,2026-05-19 21:00:00,1.4721191555178936,50.55686126876471,,
129068,54,D,2026-05-20 21:00:00,1.4055392158380455,50.49427739363653,,
129069,54,D,2026-05-21 21:00:00,1.3539292718496132,52.303552934645396,,
129070,54,D,2026-05-24 21:00:00,1.3321486095746413,56.90432800438822,,
129071,54,D,2026-05-25 21:00:00,1.2802094231764518,53.94720798204152,,
129072,54,D,2026-05-26 21:00:00,1.2226230358067067,53.78595400296308,,
129073,54,D,2026-05-27 21:00:00,1.1984356761062287,52.9619359064841,,
129074,54,D,2026-05-28 21:00:00,1.187333127812927,54.483300120401104,,
129075,54,D,2026-05-31 21:00:00,1.1628093329691482,57.71129055195291,,
129076,54,D,2026-06-01 21:00:00,1.1350372377570663,60.65768076056218,,
136869,60,H4,2026-01-07 22:00:00,0.001796774840844995,54.034685007273765,,
136870,60,H4,2026-01-08 02:00:00,0.0018370052093560688,44.69151934553588,,
136871,60,H4,2026-01-08 06:00:00,0.0018122191229734917,40.78372546765256,,
136872,60,H4,2026-01-08 10:00:00,0.0017627748999039573,40.639317305129325,,
136873,60,H4,2026-01-08 14:00:00,0.001775433835625107,41.967064283737706,,
136874,60,H4,2026-01-08 18:00:00,0.0017414742759376048,44.20697038355466,,
136875,60,H4,2026-01-08 22:00:00,0.0017299403990849206,41.49071011583726,,
136876,60,H4,2026-01-09 02:00:00,0.0016592303705788521,42.69450101712,,
136877,60,H4,2026-01-09 06:00:00,0.0016849996298232213,36.96176830925353,,
136878,60,H4,2026-01-09 10:00:00,0.0018203567991215647,42.268747502252815,,
136879,60,H4,2026-01-09 14:00:00,0.001911759884898603,39.083647216417106,,0.66636
136880,60,H4,2026-01-09 18:00:00,0.0018487770359772726,41.85571180169733,,
136881,60,H4,2026-01-11 22:00:00,0.0019167215334074692,48.273906911265655,,
136882,60,H4,2026-01-12 02:00:00,0.0018440985667355079,48.47977135922764,,
136883,60,H4,2026-01-12 06:00:00,0.0018302343833972601,52.54744374107562,,
136884,60,H4,2026-01-12 10:00:00,0.0018023604988688842,56.60603134447999,,
136885,60,H4,2026-01-12 14:00:00,0.0018100490346639616,55.673663882859884,,
136886,60,H4,2026-01-12 18:00:00,0.0017279026750451067,53.30962445009961,,
136887,60,H4,2026-01-12 22:00:00,0.0016616239125418785,53.88948328607938,,
136888,60,H4,2026-01-13 02:00:00,0.0016122222045031748,53.050944067254825,,
136889,60,H4,2026-01-13 06:00:00,0.0015799206184672293,50.635921819611376,,
136890,60,H4,2026-01-13 10:00:00,0.0016820691457195669,52.583531297887355,0.67275,
136891,60,H4,2026-01-13 14:00:00,0.0018569213495967462,38.000175510225176,,
136892,60,H4,2026-01-13 18:00:00,0.0017785698246255489,37.919279993539014,,
136893,60,H4,2026-01-13 22:00:00,0.0017358148371523004,38.899817213526944,,
136894,60,H4,2026-01-14 02:00:00,0.001742542348784279,46.89968434661865,,
136895,60,H4,2026-01-14 06:00:00,0.0017309321810139672,47.55567022087836,,
136896,60,H4,2026-01-14 10:00:00,0.001756579882370107,39.6043329693847,,
136897,60,H4,2026-01-14 14:00:00,0.0017468241764865328,37.451269295098726,,
136898,60,H4,2026-01-14 18:00:00,0.001717051021023213,42.87784674407467,,
136899,60,H4,2026-01-14 22:00:00,0.001670118805235837,42.05543673117414,,
136900,60,H4,2026-01-15 02:00:00,0.001651538890576136,40.12170480084388,,0.66674
136901,60,H4,2026-01-15 06:00:00,0.0017007146841064127,51.032969391032964,,
136902,60,H4,2026-01-15 10:00:00,0.001759235063813103,43.110125590796656,,
136903,60,H4,2026-01-15 14:00:00,0.001884289702112168,54.636664743773004,,
136904,60,H4,2026-01-15 18:00:00,0.001842554723389876,52.141320891917914,,
136905,60,H4,2026-01-15 22:00:00,0.0017616579574334555,51.62488168495383,,
136906,60,H4,2026-01-16 02:00:00,0.001721539531902493,53.20547187725345,,
136907,60,H4,2026-01-16 06:00:00,0.0016678581367666025,53.37815416139831,,
136908,60,H4,2026-01-16 10:00:00,0.0016808682698547035,49.722523699138875,,
136909,60,H4,2026-01-16 14:00:00,0.0017343776791507992,43.902880533301776,,
136910,60,H4,2026-01-16 18:00:00,0.0016569221306400306,45.201216714661285,,
136911,60,H4,2026-01-18 22:00:00,0.001729999121308601,45.11126565558401,,
136912,60,H4,2026-01-19 02:00:00,0.001769284898357991,51.50315751305429,,
136913,60,H4,2026-01-19 06:00:00,0.0017171931199038517,52.13755867993175,,
136914,60,H4,2026-01-19 10:00:00,0.0016731078970535758,56.21781738372842,,
136915,60,H4,2026-01-19 14:00:00,0.001657885904406893,60.743783335904,,
136916,60,H4,2026-01-19 18:00:00,0.001576608339806398,59.39680513068708,,
136917,60,H4,2026-01-19 22:00:00,0.00152756488696308,57.64478618794333,,
136918,60,H4,2026-01-20 02:00:00,0.0016505959664657153,66.88633433745107,,
136919,60,H4,2026-01-20 06:00:00,0.0016998391117181647,62.303928151103904,,
136920,60,H4,2026-01-20 10:00:00,0.0016762791751668738,62.977935115419285,,
136921,60,H4,2026-01-20 14:00:00,0.0016915449483692442,66.13536420924004,,
136922,60,H4,2026-01-20 18:00:00,0.0016564345949142967,64.71404683619065,,
136923,60,H4,2026-01-20 22:00:00,0.0016381178381347009,66.61083419298976,,
136924,60,H4,2026-01-21 02:00:00,0.0016318237068393608,62.33408963424596,,
136925,60,H4,2026-01-21 06:00:00,0.0016795505849222614,66.36735793019228,,
136926,60,H4,2026-01-21 10:00:00,0.0017724398288563922,73.03469784210144,,
136927,60,H4,2026-01-21 14:00:00,0.0018251226982237937,66.09770017918572,,
136928,60,H4,2026-01-21 18:00:00,0.0017704710769220907,66.93599086942308,,
136929,60,H4,2026-01-21 22:00:00,0.001968294571427655,74.99506309175835,,
136930,60,H4,2026-01-22 02:00:00,0.00196698781632568,76.37324271667804,,
136931,60,H4,2026-01-22 06:00:00,0.0019272029723024187,74.66861520146715,,
136932,60,H4,2026-01-22 10:00:00,0.001930259902852248,77.02485714408098,,
136933,60,H4,2026-01-22 14:00:00,0.0020073841955056556,80.83453856972898,,
136934,60,H4,2026-01-22 18:00:00,0.0019132853243981145,80.91504374982661,,
136935,60,H4,2026-01-22 22:00:00,0.0018823363726553947,81.47375244875212,,
136936,60,H4,2026-01-23 02:00:00,0.0018485980603228681,82.03997338534145,,
136937,60,H4,2026-01-23 06:00:00,0.0018351267702998058,76.3832639064483,,
136938,60,H4,2026-01-23 10:00:00,0.001939760572421246,78.18325552439448,,
136939,60,H4,2026-01-23 14:00:00,0.0021076348172483013,82.78865828353516,,
136940,60,H4,2026-01-23 18:00:00,0.0021370894731591347,84.28956446804803,,
136941,60,H4,2026-01-25 22:00:00,0.0022508687965049116,86.46924492868196,,
136942,60,H4,2026-01-26 02:00:00,0.0022272353110402775,83.6504368333066,,
136943,60,H4,2026-01-26 06:00:00,0.0022024327888231143,84.43405026794653,,
136944,60,H4,2026-01-26 10:00:00,0.00218868758962146,81.93011616542243,,
136945,60,H4,2026-01-26 14:00:00,0.002218067047505645,83.8550801842558,,
136946,60,H4,2026-01-26 18:00:00,0.0022167765441123834,74.72149580428544,,
136947,60,H4,2026-01-26 22:00:00,0.002148435362390073,74.90240817145543,,
136948,60,H4,2026-01-27 02:00:00,0.0021521185507907803,72.6622914465667,,
136949,60,H4,2026-01-27 06:00:00,0.002191252940020013,75.26910081845551,,
136950,60,H4,2026-01-27 10:00:00,0.0022633063014471538,77.99908061911236,,
136951,60,H4,2026-01-27 14:00:00,0.002375927279915211,82.08675041137585,,
136952,60,H4,2026-01-27 18:00:00,0.0025190753313498425,85.08826608460424,,
136953,60,H4,2026-01-27 22:00:00,0.0026184270933962803,74.73336639680171,,
136954,60,H4,2026-01-28 02:00:00,0.002597110872439402,76.72006608902694,,
136955,60,H4,2026-01-28 06:00:00,0.0026266029529794415,76.45033087161275,,
136956,60,H4,2026-01-28 10:00:00,0.0025989884563380463,74.00843912052696,,
136957,60,H4,2026-01-28 14:00:00,0.0026369178523138978,74.62375441617175,,
136958,60,H4,2026-01-28 18:00:00,0.0029071380057200465,79.53734149837057,,
136959,60,H4,2026-01-28 22:00:00,0.002902342433882905,74.61961977099105,,
136960,60,H4,2026-01-29 02:00:00,0.0032178894028912766,80.64158848504144,0.70942,
136961,60,H4,2026-01-29 06:00:00,0.0032480401598276123,70.99490219683238,,
136962,60,H4,2026-01-29 10:00:00,0.003328894434125636,72.0589171503967,,
136963,60,H4,2026-01-29 14:00:00,0.0039039734031166584,60.15195710473699,,
136964,60,H4,2026-01-29 18:00:00,0.003910832445751183,64.38994872642249,,
136965,60,H4,2026-01-29 22:00:00,0.003991487271054665,55.4745055468334,,
136966,60,H4,2026-01-30 02:00:00,0.003932095323122184,54.33797167403486,,
136967,60,H4,2026-01-30 06:00:00,0.003961945657184883,50.12804342221862,,
136968,60,H4,2026-01-30 10:00:00,0.004081806681671675,52.687296014334585,,
136969,60,H4,2026-01-30 14:00:00,0.004213106204409407,49.28700715742646,,
136970,60,H4,2026-01-30 18:00:00,0.00424288433266588,47.690464248135676,,
136971,60,H4,2026-02-01 22:00:00,0.004297678308904036,47.92740266938528,,
136972,60,H4,2026-02-02 02:00:00,0.004382844143982319,41.39805590084164,,
136973,60,H4,2026-02-02 06:00:00,0.004480498133697862,48.92942833398955,,0.69086
136974,60,H4,2026-02-02 10:00:00,0.00437617683843373,46.17639492116583,,
136975,60,H4,2026-02-02 14:00:00,0.004263592778545608,47.167279479035294,,
136976,60,H4,2026-02-02 18:00:00,0.004089050437220917,46.33693786253461,,
136977,60,H4,2026-02-02 22:00:00,0.00403126112027657,52.026180195450145,,
136978,60,H4,2026-02-03 02:00:00,0.004289028183113957,56.83690794853475,,
136979,60,H4,2026-02-03 06:00:00,0.0043240975986058175,56.79416711397843,,
136980,60,H4,2026-02-03 10:00:00,0.004146662055848256,57.17565491344372,,
136981,60,H4,2026-02-03 14:00:00,0.004161900480430518,57.61531844142632,,
136982,60,H4,2026-02-03 18:00:00,0.004102479017542628,59.694923770558816,,
136983,60,H4,2026-02-03 22:00:00,0.003970873373432435,60.84035518872936,,
136984,60,H4,2026-02-04 02:00:00,0.0038443824181872595,61.03270977447628,,
136985,60,H4,2026-02-04 06:00:00,0.0037719265311738836,58.43608680003023,,
136986,60,H4,2026-02-04 10:00:00,0.0036839317789471764,61.06918366375643,,
136987,60,H4,2026-02-04 14:00:00,0.003857936651879522,47.06124871165737,,
136988,60,H4,2026-02-04 18:00:00,0.0037895126053167,51.409796152244006,,
136989,60,H4,2026-02-04 22:00:00,0.003620975990651225,51.06409088639916,,
136990,60,H4,2026-02-05 02:00:00,0.003646620562747565,45.525391807478485,,
136991,60,H4,2026-02-05 06:00:00,0.0035704333796941694,44.534527031153566,,
136992,60,H4,2026-02-05 10:00:00,0.003479688138287441,45.20348235189549,,
136993,60,H4,2026-02-05 14:00:00,0.0035332818426954855,45.57109632056802,,
136994,60,H4,2026-02-05 18:00:00,0.0036209045682172353,36.84746032474416,,
136995,60,H4,2026-02-05 22:00:00,0.0036522685276302942,38.77337404572901,,0.6897
136996,60,H4,2026-02-06 02:00:00,0.0035521064899424145,44.64665160730707,,
136997,60,H4,2026-02-06 06:00:00,0.0034855274549465327,49.6048544116846,,
136998,60,H4,2026-02-06 10:00:00,0.0034315612081646384,53.73320194881812,,
136999,60,H4,2026-02-06 14:00:00,0.003432878264724312,58.95875530063043,,
137000,60,H4,2026-02-06 18:00:00,0.0032691012458154266,56.985803252168516,,
137001,60,H4,2026-02-08 22:00:00,0.003233451156828606,58.0597050151098,,
137002,60,H4,2026-02-09 02:00:00,0.0031210617884837055,60.14339572473835,,
137003,60,H4,2026-02-09 06:00:00,0.003053843089306303,61.03683270809874,,
137004,60,H4,2026-02-09 10:00:00,0.0031814257257844207,65.29972360164271,,
137005,60,H4,2026-02-09 14:00:00,0.0032134667453712494,70.12609567102615,,
137006,60,H4,2026-02-09 18:00:00,0.003100361977844733,70.9438685502922,,
137007,60,H4,2026-02-09 22:00:00,0.0030160504079986827,68.7788150715428,,
137008,60,H4,2026-02-10 02:00:00,0.0029541896645702043,63.81827221564148,,
137009,60,H4,2026-02-10 06:00:00,0.002860318974243759,64.09899059635839,,
137010,60,H4,2026-02-10 10:00:00,0.0027617247617977786,64.21857755591087,,
137011,60,H4,2026-02-10 14:00:00,0.0027230301359550805,63.95093477436944,,
137012,60,H4,2026-02-10 18:00:00,0.0026270994119582847,64.02014371083311,,
137013,60,H4,2026-02-10 22:00:00,0.0026494494539612682,68.51219158598215,,
137014,60,H4,2026-02-11 02:00:00,0.0027030602072497544,72.2281535919443,,
137015,60,H4,2026-02-11 06:00:00,0.002668555906731915,71.47848288541054,,
137016,60,H4,2026-02-11 10:00:00,0.002850801913393921,71.66478863025888,,
137017,60,H4,2026-02-11 14:00:00,0.0030021732052943574,75.84485406439651,,
137018,60,H4,2026-02-11 18:00:00,0.0029384465477733357,70.30554485215745,,
137019,60,H4,2026-02-11 22:00:00,0.002927128937218098,73.14493101645749,,
137020,60,H4,2026-02-12 02:00:00,0.0029709054417025186,65.45892988765182,0.71472,
137021,60,H4,2026-02-12 06:00:00,0.0029058407672951925,64.87009292319956,,
137022,60,H4,2026-02-12 10:00:00,0.0028654235696312508,68.4190006323545,,
137023,60,H4,2026-02-12 14:00:00,0.003094321886086155,50.98243227034862,,
137024,60,H4,2026-02-12 18:00:00,0.003039013179937143,52.111730504375856,,
137025,60,H4,2026-02-12 22:00:00,0.002939083667084496,51.034113870421,,
137026,60,H4,2026-02-13 02:00:00,0.0029148634051498925,46.621567560400095,,
137027,60,H4,2026-02-13 06:00:00,0.0029623731619248944,47.19996803570297,,
137028,60,H4,2026-02-13 10:00:00,0.0029729179360731203,46.81753614267338,,
137029,60,H4,2026-02-13 14:00:00,0.0030105666549250366,48.734634328870456,,
137030,60,H4,2026-02-13 18:00:00,0.002944811893858957,47.77637247251407,,
137031,60,H4,2026-02-15 22:00:00,0.002940182472869031,51.395256243802685,,
137032,60,H4,2026-02-16 02:00:00,0.002803026581949816,52.373474887941114,,
137033,60,H4,2026-02-16 06:00:00,0.0027106675403819726,51.045825382717545,,
137034,60,H4,2026-02-16 10:00:00,0.0026006198589261175,50.85301034472172,,
137035,60,H4,2026-02-16 14:00:00,0.0025591470118599678,46.78065706805612,,
137036,60,H4,2026-02-16 18:00:00,0.002417779368155686,46.780657068056136,,
137037,60,H4,2026-02-16 22:00:00,0.0023900808418588497,41.77655583071511,,
137038,60,H4,2026-02-17 02:00:00,0.002383646496011787,42.92011772963425,,
137039,60,H4,2026-02-17 06:00:00,0.002347671746296659,48.214346202501375,,
137040,60,H4,2026-02-17 10:00:00,0.0024256951929897547,38.901932231578456,,
137041,60,H4,2026-02-17 14:00:00,0.0025495741077762044,47.232504168013485,,
137042,60,H4,2026-02-17 18:00:00,0.0025531759572207566,53.65112660337517,,
137043,60,H4,2026-02-17 22:00:00,0.002477949103133556,50.36864419216067,,
137044,60,H4,2026-02-18 02:00:00,0.0023888098814811563,47.97400393019651,,
137045,60,H4,2026-02-18 06:00:00,0.0023367520328039307,51.04838895562251,,
137046,60,H4,2026-02-18 10:00:00,0.002347698316175078,44.41257218278577,,
137047,60,H4,2026-02-18 14:00:00,0.0023700055793054293,47.217655753919786,,
137048,60,H4,2026-02-18 18:00:00,0.0024235766093550423,41.30483516399353,,
137049,60,H4,2026-02-18 22:00:00,0.002453321137258258,49.00906998349244,,
137050,60,H4,2026-02-19 02:00:00,0.0024637981988826635,45.50082656317025,,
137051,60,H4,2026-02-19 06:00:00,0.002493526898962473,47.46444590557628,,
137052,60,H4,2026-02-19 10:00:00,0.0025054178347508676,45.42640820227366,,
137053,60,H4,2026-02-19 14:00:00,0.0026357451322686666,44.59049665097928,,
137054,60,H4,2026-02-19 18:00:00,0.00257819190853519,47.43760723424758,,
137055,60,H4,2026-02-19 22:00:00,0.002671178200782676,40.26436228622899,,
137056,60,H4,2026-02-20 02:00:00,0.0026825226150124846,44.38131258549198,,0.70156
137057,60,H4,2026-02-20 06:00:00,0.0026923424282258818,49.04563601740269,,
137058,60,H4,2026-02-20 10:00:00,0.0026500322547811754,47.202179426491064,,
137059,60,H4,2026-02-20 14:00:00,0.0028236013794396614,54.260740963375326,,
137060,60,H4,2026-02-20 18:00:00,0.002811915566622542,56.24856568263892,,
137061,60,H4,2026-02-22 22:00:00,0.002872493026149503,55.0768557705841,,
137062,60,H4,2026-02-23 02:00:00,0.002777314952853109,52.64726247434602,,
137063,60,H4,2026-02-23 06:00:00,0.002723221027649317,55.797120269969824,,
137064,60,H4,2026-02-23 10:00:00,0.0027308480971029374,50.44367367811347,,
137065,60,H4,2026-02-23 14:00:00,0.0027765018044527265,47.585777125709356,,
137066,60,H4,2026-02-23 18:00:00,0.0026831802469918153,46.547491760610605,,
137067,60,H4,2026-02-23 22:00:00,0.0026150959436352576,47.56221521966486,,
137068,60,H4,2026-02-24 02:00:00,0.0025475890905184576,50.1119825323326,,
137069,60,H4,2026-02-24 06:00:00,0.002467761298338571,49.37328797155334,,
137070,60,H4,2026-02-24 10:00:00,0.0025293497770286773,40.21270369074152,,
137071,60,H4,2026-02-24 14:00:00,0.002660824792955207,50.656084285174856,,
137072,60,H4,2026-02-24 18:00:00,0.002532194450601262,48.61065858355795,,
137073,60,H4,2026-02-24 22:00:00,0.002549180561272596,54.54097840317746,,
137074,60,H4,2026-02-25 02:00:00,0.002604239092610267,61.95719047696703,,
137075,60,H4,2026-02-25 06:00:00,0.0026482220145666764,54.611286411642645,,
137076,60,H4,2026-02-25 10:00:00,0.002631920442097626,55.46995774973204,,
137077,60,H4,2026-02-25 14:00:00,0.0026996404105192264,61.63798537166577,,
137078,60,H4,2026-02-25 18:00:00,0.002573951809767857,62.50004691738477,,
137079,60,H4,2026-02-25 22:00:00,0.0025272409662130046,64.0283061076749,0.71366,
137080,60,H4,2026-02-26 02:00:00,0.0024988666114835016,64.50161398573977,,
137081,60,H4,2026-02-26 06:00:00,0.0025060904249489696,59.22184225567917,,
137082,60,H4,2026-02-26 10:00:00,0.002434941108881187,56.674256246620914,,
137083,60,H4,2026-02-26 14:00:00,0.002578873886818242,47.14396298647587,,
137084,60,H4,2026-02-26 18:00:00,0.002660382894902649,54.13908077871093,,
137085,60,H4,2026-02-26 22:00:00,0.002564641259552459,53.7600396834583,,
137086,60,H4,2026-02-27 02:00:00,0.0025885954552987123,58.59850693130635,,
137087,60,H4,2026-02-27 06:00:00,0.0025208386370630964,55.161111040103656,,
137088,60,H4,2026-02-27 10:00:00,0.0025429215915585895,50.90055680737708,,
137089,60,H4,2026-02-27 14:00:00,0.002624141477875834,55.0616815533733,,
137090,60,H4,2026-02-27 18:00:00,0.002515988515170421,55.10797769003348,,
137091,60,H4,2026-03-01 22:00:00,0.002850560764086818,52.3768031060523,,
137092,60,H4,2026-03-02 02:00:00,0.00293052070950919,44.9717291183291,,
137093,60,H4,2026-03-02 06:00:00,0.003055483515972821,45.28770556691188,,
137094,60,H4,2026-03-02 10:00:00,0.0031408061219747605,40.48547962764326,,
137095,60,H4,2026-03-02 14:00:00,0.0031714628275479892,47.75259929234238,,
137096,60,H4,2026-03-02 18:00:00,0.0031877869112945587,50.656101955503814,,
137097,60,H4,2026-03-02 22:00:00,0.003187944989059235,52.10184515983267,,
137098,60,H4,2026-03-03 02:00:00,0.0031716632041264296,48.80925086073173,,
137099,60,H4,2026-03-03 06:00:00,0.0033594015466888298,38.64867654817282,,
137100,60,H4,2026-03-03 10:00:00,0.0034465871504967727,34.04395722388098,,
137101,60,H4,2026-03-03 14:00:00,0.0038061166397470063,36.79400188354276,,0.69444
137102,60,H4,2026-03-03 18:00:00,0.0037992511654793624,40.39873543535291,,
137103,60,H4,2026-03-03 22:00:00,0.00395359036794512,35.624858076552556,,
137104,60,H4,2026-03-04 02:00:00,0.0039397624845204674,34.8397297685306,,
137105,60,H4,2026-03-04 06:00:00,0.00403406516419758,44.65314017788156,,
137106,60,H4,2026-03-04 10:00:00,0.004002346223897751,48.182479413510116,,
137107,60,H4,2026-03-04 14:00:00,0.004030750065047917,51.59004076808844,,
137108,60,H4,2026-03-04 18:00:00,0.003902125060401634,52.57308709529669,,
137109,60,H4,2026-03-04 22:00:00,0.0038112589846586538,50.10756029722216,,
137110,60,H4,2026-03-05 02:00:00,0.003794026200040184,44.75029621301485,,
137111,60,H4,2026-03-05 06:00:00,0.0039494529000373155,46.036646696964404,,
137112,60,H4,2026-03-05 10:00:00,0.003912349121463225,43.00522948622007,,
137113,60,H4,2026-03-05 14:00:00,0.004110038469930139,35.336421642892816,,
137114,60,H4,2026-03-05 18:00:00,0.004108607150649418,41.22728732241427,,
137115,60,H4,2026-03-05 22:00:00,0.004013706639888746,46.43798659729471,,
137116,60,H4,2026-03-06 02:00:00,0.0038227275941824074,45.91783209655806,,
137117,60,H4,2026-03-06 06:00:00,0.003906818480312236,40.77137234130358,,
137118,60,H4,2026-03-06 10:00:00,0.003964188588861361,38.29462480538592,,
137119,60,H4,2026-03-06 14:00:00,0.004056746546799839,44.40985962642828,,
137120,60,H4,2026-03-06 18:00:00,0.003926978936314138,48.5298088963338,,
137121,60,H4,2026-03-08 21:00:00,0.004170766155148843,38.307381269095316,,
137122,60,H4,2026-03-09 01:00:00,0.004185711429781064,43.813784034167114,,0.69562
137123,60,H4,2026-03-09 05:00:00,0.0041753034705109835,43.88921674958467,,
137124,60,H4,2026-03-09 09:00:00,0.004201353222617341,47.35261805975117,,
137125,60,H4,2026-03-09 13:00:00,0.0042341137067161095,54.03431253185249,,
137126,60,H4,2026-03-09 17:00:00,0.004255248441950668,57.86842633924114,,
137127,60,H4,2026-03-09 21:00:00,0.004101302124668476,56.45235913462281,,
137128,60,H4,2026-03-10 01:00:00,0.003972637687192154,54.71809155882725,,
137129,60,H4,2026-03-10 05:00:00,0.0041203064238212895,59.90488965202851,,
137130,60,H4,2026-03-10 09:00:00,0.004041713107834056,62.48471352230835,,
137131,60,H4,2026-03-10 13:00:00,0.004083019314417334,66.63222918753755,,
137132,60,H4,2026-03-10 17:00:00,0.0041728036491018115,60.242933161736914,,
137133,60,H4,2026-03-10 21:00:00,0.00404760338845168,61.66055519671694,,
137134,60,H4,2026-03-11 01:00:00,0.00417348886070513,67.49643317998786,,
137135,60,H4,2026-03-11 05:00:00,0.004095382513511904,63.35429916877252,,
137136,60,H4,2026-03-11 09:00:00,0.0040085694768324815,60.47732158849885,,
137137,60,H4,2026-03-11 13:00:00,0.0040236716570587324,61.31531726201284,0.71876,
137138,60,H4,2026-03-11 17:00:00,0.0038798379672688277,61.23058193030027,,
137139,60,H4,2026-03-11 21:00:00,0.003839135255321057,59.654701466495254,,
137140,60,H4,2026-03-12 01:00:00,0.0038349113085124104,55.03554227984629,,
137141,60,H4,2026-03-12 05:00:00,0.0038038462150472353,56.81113019536743,,
137142,60,H4,2026-03-12 09:00:00,0.003710000056829575,55.980156133106185,,
137143,60,H4,2026-03-12 13:00:00,0.0038957143384846,47.26687401479276,,
137144,60,H4,2026-03-12 17:00:00,0.003768877600021415,45.285868860518846,,
137145,60,H4,2026-03-12 21:00:00,0.003609672057162741,47.00058049985682,,
137146,60,H4,2026-03-13 01:00:00,0.0035889811959368303,43.152769757619055,,
137147,60,H4,2026-03-13 05:00:00,0.003699053967655626,39.035741999576445,,
137148,60,H4,2026-03-13 09:00:00,0.0036548358271087937,43.35523909248018,,
137149,60,H4,2026-03-13 13:00:00,0.003810204696601023,36.057125564953026,,
137150,60,H4,2026-03-13 17:00:00,0.003780904361129519,33.10416595055936,,0.69798
137151,60,H4,2026-03-15 21:00:00,0.0037794111924774093,40.433696457381686,,
137152,60,H4,2026-03-16 01:00:00,0.003668738964443305,38.90781650239213,,
137153,60,H4,2026-03-16 05:00:00,0.003537400466983069,42.542475772188936,,
137154,60,H4,2026-03-16 09:00:00,0.0035890147193414165,47.87821975276828,,
137155,60,H4,2026-03-16 13:00:00,0.0035569422393884604,48.41931668337038,,
137156,60,H4,2026-03-16 17:00:00,0.0035178749365749958,51.62804467974774,,
137157,60,H4,2026-03-16 21:00:00,0.0033701695839624926,49.86393769982004,,
137158,60,H4,2026-03-17 01:00:00,0.00345730032796517,51.897634746934266,,
137159,60,H4,2026-03-17 05:00:00,0.0034546360188248072,53.821497278864214,,
137160,60,H4,2026-03-17 09:00:00,0.0033550191603373175,56.427096418741996,,
137161,60,H4,2026-03-17 13:00:00,0.0033539463631703666,57.33360588940544,,
137162,60,H4,2026-03-17 17:00:00,0.003213664480086769,57.731354026538405,,
137163,60,H4,2026-03-17 21:00:00,0.0030876884457948614,58.151487153340085,,
137164,60,H4,2026-03-18 01:00:00,0.0030007106996666516,59.75169422542516,,
137165,60,H4,2026-03-18 05:00:00,0.0029485170782618903,57.79877254674769,0.71234,
137166,60,H4,2026-03-18 09:00:00,0.003136480144100329,45.25481349440372,,
137167,60,H4,2026-03-18 13:00:00,0.003221731562378881,50.53112062251707,,
137168,60,H4,2026-03-18 17:00:00,0.003511607879351815,40.1637000096404,,
137169,60,H4,2026-03-18 21:00:00,0.0034272073165409664,44.65333653954143,,
137170,60,H4,2026-03-19 01:00:00,0.003337406793930898,43.54743029831911,,
137171,60,H4,2026-03-19 05:00:00,0.003254734880078688,43.372156837872886,,
137172,60,H4,2026-03-19 09:00:00,0.003397253817215923,40.26551243996062,,
137173,60,H4,2026-03-19 13:00:00,0.0035903071159862137,46.72936061313599,,
137174,60,H4,2026-03-19 17:00:00,0.0038424280362729137,54.49436479951809,,
137175,60,H4,2026-03-19 21:00:00,0.0037036831765391346,53.350483402123494,,
137176,60,H4,2026-03-20 01:00:00,0.0035369915210720602,54.30956313380488,,
137177,60,H4,2026-03-20 05:00:00,0.0034429206981383418,54.033484291850705,,
137178,60,H4,2026-03-20 09:00:00,0.0034469977911284646,51.2289732741966,,
137179,60,H4,2026-03-20 13:00:00,0.0035529265203335736,43.90719845026628,,
137180,60,H4,2026-03-20 17:00:00,0.0035755746260240358,40.88388628396028,,
137181,60,H4,2026-03-22 21:00:00,0.0035587478670223195,36.6352027789694,,
137182,60,H4,2026-03-23 01:00:00,0.003543837305092151,34.42931356471634,,
137183,60,H4,2026-03-23 05:00:00,0.0035214203547284306,32.72088887881938,,
137184,60,H4,2026-03-23 09:00:00,0.004220604615104974,47.17636710028713,,
137185,60,H4,2026-03-23 13:00:00,0.004488418571168899,43.02204556754812,,
137186,60,H4,2026-03-23 17:00:00,0.004374960101799693,44.356199706415715,,
137187,60,H4,2026-03-23 21:00:00,0.004463891523099711,40.76596668101614,,
137188,60,H4,2026-03-24 01:00:00,0.004390042128592584,37.79527805526176,,
137189,60,H4,2026-03-24 05:00:00,0.004500753405121681,37.36447164623272,,
137190,60,H4,2026-03-24 09:00:00,0.004384985304755846,36.412845951757205,,
137191,60,H4,2026-03-24 13:00:00,0.004386057782987568,38.70536541679045,,
137192,60,H4,2026-03-24 17:00:00,0.004612053655631309,46.14063959599266,,
137193,60,H4,2026-03-24 21:00:00,0.004438335537371935,45.72993224932226,,
137194,60,H4,2026-03-25 01:00:00,0.004331311570416801,41.9298138101715,,
137195,60,H4,2026-03-25 05:00:00,0.004226217886815606,43.43860698024144,,
137196,60,H4,2026-03-25 09:00:00,0.004170059466328777,39.61283418814299,,
137197,60,H4,2026-03-25 13:00:00,0.004074340933019578,39.74636069336311,,
137198,60,H4,2026-03-25 17:00:00,0.003964030866375325,37.44581675483349,,
137199,60,H4,2026-03-25 21:00:00,0.0037908858044913723,35.98521595081692,,
137200,60,H4,2026-03-26 01:00:00,0.0036986796755991277,40.562568660163585,,
137201,60,H4,2026-03-26 05:00:00,0.003607345413056331,38.41139177679722,,
137202,60,H4,2026-03-26 09:00:00,0.003654677883552307,32.176369964337795,,
137203,60,H4,2026-03-26 13:00:00,0.003627200891869999,31.424655529586317,,
137204,60,H4,2026-03-26 17:00:00,0.003675257971022148,29.727441092861753,,
137205,60,H4,2026-03-26 21:00:00,0.0035920252588062733,27.989125061607993,,
137206,60,H4,2026-03-27 01:00:00,0.0036211663117486823,38.814376625682925,,
137207,60,H4,2026-03-27 05:00:00,0.003572511575195201,36.47882127774007,,
137208,60,H4,2026-03-27 09:00:00,0.003463046462681261,34.957830698667394,,
137209,60,H4,2026-03-27 13:00:00,0.0033971145724897415,34.463942365543744,,
137210,60,H4,2026-03-27 17:00:00,0.0033730349601690424,32.67425500590652,,
137211,60,H4,2026-03-29 21:00:00,0.0033478181772998265,29.580215553485957,,
137212,60,H4,2026-03-30 01:00:00,0.0032879740217784037,34.19773874417349,,
137213,60,H4,2026-03-30 05:00:00,0.003240975877365662,32.063852449779034,,
137214,60,H4,2026-03-30 09:00:00,0.0031651918861252547,34.870230028508715,,
137215,60,H4,2026-03-30 13:00:00,0.003169821037116313,33.76165275318938,,0.68334
137216,60,H4,2026-03-30 17:00:00,0.003083405248750859,33.13945500876554,,
137217,60,H4,2026-03-30 21:00:00,0.0030781620166972228,34.850779008007066,,
137218,60,H4,2026-03-31 01:00:00,0.0030797218726474206,32.26198839894964,,
137219,60,H4,2026-03-31 05:00:00,0.0030768845960297427,38.73432571126633,,
137220,60,H4,2026-03-31 09:00:00,0.003146392839170475,43.78336843869017,,
137221,60,H4,2026-03-31 13:00:00,0.0033759362078011577,46.60773103138961,,
137222,60,H4,2026-03-31 17:00:00,0.003289797907243925,51.05114981973802,,
137223,60,H4,2026-03-31 21:00:00,0.0033026694852979284,57.79038051240933,,
137224,60,H4,2026-04-01 01:00:00,0.0032689073792052195,50.914786241603174,,
137225,60,H4,2026-04-01 05:00:00,0.0034025568521191345,59.141343072832065,,
137226,60,H4,2026-04-01 09:00:00,0.0033616599341106247,59.03064784197627,0.69627,
137227,60,H4,2026-04-01 13:00:00,0.0032801127959598657,60.11596159170306,,
137228,60,H4,2026-04-01 17:00:00,0.0033193904533913043,55.05499886980231,,
137229,60,H4,2026-04-01 21:00:00,0.0031922911352919242,55.49558967269854,,
137230,60,H4,2026-04-02 01:00:00,0.003442841768485361,43.037090211314414,,
137231,60,H4,2026-04-02 05:00:00,0.0033369244993078327,42.29134694371313,,
137232,60,H4,2026-04-02 09:00:00,0.003292858463642984,44.0497935856543,,
137233,60,H4,2026-04-02 13:00:00,0.003359797144811339,51.02999438276658,,
137234,60,H4,2026-04-02 17:00:00,0.0032083830630391017,51.35910034108218,,
137235,60,H4,2026-04-02 21:00:00,0.0030956414156791674,51.95520135190221,,
137236,60,H4,2026-04-03 01:00:00,0.0029395241717020816,50.18884283193321,,
137237,60,H4,2026-04-03 05:00:00,0.0028138438737233666,50.863479857776504,,
137238,60,H4,2026-04-03 09:00:00,0.0027385693113145537,48.17018956296308,,
137239,60,H4,2026-04-03 13:00:00,0.002658671503363519,45.73239901909409,,
137240,60,H4,2026-04-03 17:00:00,0.0025837663959804103,47.00852591510389,,
137241,60,H4,2026-04-05 21:00:00,0.0025420687962675243,47.14941071878287,,
137242,60,H4,2026-04-06 01:00:00,0.0025383495965341295,51.96317855719517,,
137243,60,H4,2026-04-06 05:00:00,0.0025684674824959825,58.30273988353443,,
137244,60,H4,2026-04-06 09:00:00,0.0025107198051748394,57.25279947007209,,
137245,60,H4,2026-04-06 13:00:00,0.0025206683905194963,52.75813872443602,,
137246,60,H4,2026-04-06 17:00:00,0.002474906362625246,53.46187721282346,,
137247,60,H4,2026-04-06 21:00:00,0.0023831273367234443,51.007052590139,,
137248,60,H4,2026-04-07 01:00:00,0.0023664753841003403,53.114732533058834,,
137249,60,H4,2026-04-07 05:00:00,0.0024802985709503214,61.49837416806845,,
137250,60,H4,2026-04-07 09:00:00,0.0024652772444538696,58.31281360156419,,
137251,60,H4,2026-04-07 13:00:00,0.002488471726992884,60.567494833823254,,
137252,60,H4,2026-04-07 17:00:00,0.002559295175064816,67.51333812163706,,
137253,60,H4,2026-04-07 21:00:00,0.0032286312339887577,78.15517937646226,,
137254,60,H4,2026-04-08 01:00:00,0.0032123004315609896,79.47586900667754,,
137255,60,H4,2026-04-08 05:00:00,0.0033457075435923455,71.87550730256265,,
137256,60,H4,2026-04-08 09:00:00,0.003396728433335754,74.84005935557659,,
137257,60,H4,2026-04-08 13:00:00,0.0034019621166689125,71.67259961524954,,
137258,60,H4,2026-04-08 17:00:00,0.003400393394049708,66.61242333341818,,
137259,60,H4,2026-04-08 21:00:00,0.00330536529447473,64.25588235728216,,
137260,60,H4,2026-04-09 01:00:00,0.0032221249162979657,65.05151936103584,,
137261,60,H4,2026-04-09 05:00:00,0.003153401707990971,60.99343565262871,,
137262,60,H4,2026-04-09 09:00:00,0.0030988730145630446,63.617388669120224,,
137263,60,H4,2026-04-09 13:00:00,0.0032532392278085444,70.19786797262543,,
137264,60,H4,2026-04-09 17:00:00,0.003176579282965074,69.55848984956103,,
137265,60,H4,2026-04-09 21:00:00,0.0030689664770389936,67.08312282215326,,
137266,60,H4,2026-04-10 01:00:00,0.0029776117286790704,64.36651889753954,,
137267,60,H4,2026-04-10 05:00:00,0.00290421089091628,61.61753127823087,,
137268,60,H4,2026-04-10 09:00:00,0.0028853386844222583,64.9172189879813,,
137269,60,H4,2026-04-10 13:00:00,0.002884957349820668,63.275646749856136,,
137270,60,H4,2026-04-10 17:00:00,0.002867460396262047,60.87043815529894,,
137271,60,H4,2026-04-12 21:00:00,0.0031712132251004734,52.206506716426475,,
137272,60,H4,2026-04-13 01:00:00,0.0030496979947361516,52.90433875469353,,
137273,60,H4,2026-04-13 05:00:00,0.003005433852254993,56.55553337673877,,
137274,60,H4,2026-04-13 09:00:00,0.0029771885770939225,54.051647908636255,,
137275,60,H4,2026-04-13 13:00:00,0.003065960821587214,61.96017139020933,,
137276,60,H4,2026-04-13 17:00:00,0.0029855350486167023,64.55325744841561,,
137277,60,H4,2026-04-13 21:00:00,0.0028837111165726523,62.77830871498783,,
137278,60,H4,2026-04-14 01:00:00,0.0027684460368174626,62.100832278496135,,
137279,60,H4,2026-04-14 05:00:00,0.0027878427484733536,65.20137638984697,,
137280,60,H4,2026-04-14 09:00:00,0.0028229968378681103,70.40076794931379,,
137281,60,H4,2026-04-14 13:00:00,0.0027642113494489597,67.98131049130436,,
137282,60,H4,2026-04-14 17:00:00,0.0026467676816311772,67.03779204691251,,
137283,60,H4,2026-04-14 21:00:00,0.002561998561514658,66.70544975736689,,
137284,60,H4,2026-04-15 01:00:00,0.0024618558071207576,68.08740220140032,,
137285,60,H4,2026-04-15 05:00:00,0.002396008963754988,70.10125365489306,,
137286,60,H4,2026-04-15 09:00:00,0.0023562940377724853,67.91925962007247,,
137287,60,H4,2026-04-15 13:00:00,0.002399415892217313,72.76486202135497,,
137288,60,H4,2026-04-15 17:00:00,0.0023473147570589295,73.42272986031118,,
137289,60,H4,2026-04-15 21:00:00,0.0022739351315547193,74.31364229788127,,
137290,60,H4,2026-04-16 01:00:00,0.002358654050729376,76.24329050263144,,
137291,60,H4,2026-04-16 05:00:00,0.002350178761391565,69.91375964241556,,
137292,60,H4,2026-04-16 09:00:00,0.0022651659927207424,68.8657863526844,,
137293,60,H4,2026-04-16 13:00:00,0.002281939850383551,63.21113028244773,,
137294,60,H4,2026-04-16 17:00:00,0.0022003727182132995,63.95407013276106,,
137295,60,H4,2026-04-16 21:00:00,0.002123203238340922,63.508524469153855,,
137296,60,H4,2026-04-17 01:00:00,0.0020486887213165762,65.45248224605163,,
137297,60,H4,2026-04-17 05:00:00,0.0020466395269368226,68.17866659321794,,
137298,60,H4,2026-04-17 09:00:00,0.0022197367035841904,74.33284232183586,,
137299,60,H4,2026-04-17 13:00:00,0.0023268983676138872,64.54788428055959,0.7222,
137300,60,H4,2026-04-17 17:00:00,0.0023206913413557537,57.15055693912181,,
137301,60,H4,2026-04-19 21:00:00,0.002517784816973206,51.79327776697327,,0.71166
137302,60,H4,2026-04-20 01:00:00,0.002426514472903685,53.448738820429575,,
137303,60,H4,2026-04-20 05:00:00,0.0024189062962677067,51.48333844893727,,
137304,60,H4,2026-04-20 09:00:00,0.0023539844179628713,53.98867291425987,,
137305,60,H4,2026-04-20 13:00:00,0.0023522712452512333,57.826447742032414,,
137306,60,H4,2026-04-20 17:00:00,0.0022542518705904297,59.24993395621953,,
137307,60,H4,2026-04-20 21:00:00,0.0021896624512625393,57.532113004236464,,
137308,60,H4,2026-04-21 01:00:00,0.0021568294190295015,54.85147786497959,,
137309,60,H4,2026-04-21 05:00:00,0.0022127701748131125,50.94593180953692,,
137310,60,H4,2026-04-21 09:00:00,0.0021775723051836084,52.470022699007856,,
137311,60,H4,2026-04-21 13:00:00,0.002276317140527637,49.07862529745657,,
137312,60,H4,2026-04-21 17:00:00,0.0023530087733470892,50.351834472591534,,
137313,60,H4,2026-04-21 21:00:00,0.0023006510038223018,52.785529769263576,,
137314,60,H4,2026-04-22 01:00:00,0.002212033074977856,51.17276239153385,,
137315,60,H4,2026-04-22 05:00:00,0.0021961735696222904,54.29336776961285,,
137316,60,H4,2026-04-22 09:00:00,0.0021964468860778395,47.654466871447646,,
137317,60,H4,2026-04-22 13:00:00,0.0022059863942151406,51.35318275087075,,
137318,60,H4,2026-04-22 17:00:00,0.0021155587946283484,52.43528229733992,,
137319,60,H4,2026-04-22 21:00:00,0.0021794474521549,52.97905680153268,,
137320,60,H4,2026-04-23 01:00:00,0.002213058348429553,47.171442595137194,,
137321,60,H4,2026-04-23 05:00:00,0.00213641132354173,49.472217760342446,,
137322,60,H4,2026-04-23 09:00:00,0.002138810514717321,46.40877314625874,,
137323,60,H4,2026-04-23 13:00:00,0.0021688954779517985,50.25020975267427,,
137324,60,H4,2026-04-23 17:00:00,0.0023382600866695266,40.74329202075464,,0.71112
137325,60,H4,2026-04-23 21:00:00,0.002245527223335992,42.50484671109542,,
137326,60,H4,2026-04-24 01:00:00,0.0022379895645262804,40.03744220995769,,
137327,60,H4,2026-04-24 05:00:00,0.0022038474527744023,43.5654661531271,,
137328,60,H4,2026-04-24 09:00:00,0.0022278583490048013,45.013411228986826,,
137329,60,H4,2026-04-24 13:00:00,0.0022801541812187414,51.68789652577354,,
137330,60,H4,2026-04-24 17:00:00,0.0021808574539888353,50.13150088003188,,
137331,60,H4,2026-04-26 21:00:00,0.0022207962072753446,53.980110675066896,,
137332,60,H4,2026-04-27 01:00:00,0.0022057393353271107,57.743021533077375,,
137333,60,H4,2026-04-27 05:00:00,0.002281043668518026,63.78662334523913,,
137334,60,H4,2026-04-27 09:00:00,0.002212397692195309,63.786623345239136,,
137335,60,H4,2026-04-27 13:00:00,0.0021779407141813588,64.32191167410318,,
137336,60,H4,2026-04-27 17:00:00,0.00208808780602555,62.07127468764708,,
137337,60,H4,2026-04-27 21:00:00,0.0020282243913094375,63.89627137556528,,
137338,60,H4,2026-04-28 01:00:00,0.002010494077644478,59.15872415223973,,
137339,60,H4,2026-04-28 05:00:00,0.0020197445006698744,56.759372555299905,,
137340,60,H4,2026-04-28 09:00:00,0.0020697627506220304,50.4869363741779,,
137341,60,H4,2026-04-28 13:00:00,0.0020819225541490296,56.75878875709946,,
137342,60,H4,2026-04-28 17:00:00,0.002001070943138385,57.09644277756662,,
137343,60,H4,2026-04-28 21:00:00,0.001948851590057071,58.67939138438673,,
137344,60,H4,2026-04-29 01:00:00,0.002000362190767277,48.13654866861015,,
137345,60,H4,2026-04-29 05:00:00,0.0019460506057124728,45.19578644329697,,
137346,60,H4,2026-04-29 09:00:00,0.0019299041338758714,45.039826612676386,,
137347,60,H4,2026-04-29 13:00:00,0.002087053838599021,35.689460937250715,,
137348,60,H4,2026-04-29 17:00:00,0.0021644071358419485,32.87463134810996,,0.71018
137349,60,H4,2026-04-29 21:00:00,0.002159092340424669,35.609210853949335,,
137350,60,H4,2026-04-30 01:00:00,0.002114871458965771,34.00674828188136,,
137351,60,H4,2026-04-30 05:00:00,0.0021752377833253564,40.829598507328576,,
137352,60,H4,2026-04-30 09:00:00,0.002304149370230687,49.0508648582283,,
137353,60,H4,2026-04-30 13:00:00,0.0024381387009285,59.04071284916918,,
137354,60,H4,2026-04-30 17:00:00,0.0024268430794336035,63.5920842239907,,
137355,60,H4,2026-04-30 21:00:00,0.0023242114309026353,63.27820584403764,,
137356,60,H4,2026-05-01 01:00:00,0.002268196328695311,59.446840625853575,,
137357,60,H4,2026-05-01 05:00:00,0.0022254680195027935,60.50871609763147,,
137358,60,H4,2026-05-01 09:00:00,0.0022450774466811615,62.491886671136534,,
137359,60,H4,2026-05-01 13:00:00,0.002281857629061077,64.72994327668425,,
137360,60,H4,2026-05-01 17:00:00,0.002253153512699571,60.69670076799147,,
137361,60,H4,2026-05-03 21:00:00,0.0022207854046496036,62.67817214089859,,
137362,60,H4,2026-05-04 01:00:00,0.0021807293043174885,61.93096874417538,,
137363,60,H4,2026-05-04 05:00:00,0.0021835343540090963,55.9997093265133,,
137364,60,H4,2026-05-04 09:00:00,0.0022532819001512996,53.09564178533205,,
137365,60,H4,2026-05-04 13:00:00,0.0023909046215690693,42.84161072205613,,
137366,60,H4,2026-05-04 17:00:00,0.002345125720028423,46.268617958192294,,
137367,60,H4,2026-05-04 21:00:00,0.0022740453114549614,44.07248907824528,,
137368,60,H4,2026-05-05 01:00:00,0.002250184932065317,41.64400564041593,,
137369,60,H4,2026-05-05 05:00:00,0.0022880288654892234,44.02253466233552,,
137370,60,H4,2026-05-05 09:00:00,0.0023331696608114246,50.635116418310645,,
137371,60,H4,2026-05-05 13:00:00,0.0023286575421820367,54.524606505092585,,
137372,60,H4,2026-05-05 17:00:00,0.002232324860597604,52.79301066050087,,
137373,60,H4,2026-05-05 21:00:00,0.0023914445134120546,63.86266742986468,,
137374,60,H4,2026-05-06 01:00:00,0.0024334841910254776,67.87904008415504,,
137375,60,H4,2026-05-06 05:00:00,0.002508949605952229,70.66710198470236,,
137376,60,H4,2026-05-06 09:00:00,0.0026575960626699256,62.51488981120462,0.72777,
137377,60,H4,2026-05-06 13:00:00,0.0026349106296220744,58.95027228891891,,
137378,60,H4,2026-05-06 17:00:00,0.002558131298934784,61.264039049563635,,
137379,60,H4,2026-05-06 21:00:00,0.0024561219204394477,60.61073797054434,,
137380,60,H4,2026-05-07 01:00:00,0.0024149703546937724,63.274456374063995,,
137381,60,H4,2026-05-07 05:00:00,0.0024110439007870685,65.67042007352194,,
137382,60,H4,2026-05-07 09:00:00,0.002333112193587991,63.236495113712486,,
137383,60,H4,2026-05-07 13:00:00,0.0023471756083317005,58.05077954210236,,
137384,60,H4,2026-05-07 17:00:00,0.0024459487791651515,48.18246017479894,,
137385,60,H4,2026-05-07 21:00:00,0.0023555238663676378,48.64250052326508,,
137386,60,H4,2026-05-08 01:00:00,0.0023172721616270876,52.34453056632236,,
137387,60,H4,2026-05-08 05:00:00,0.0022831812929394427,55.94832793784385,,
137388,60,H4,2026-05-08 09:00:00,0.002270811200586629,57.02136238334031,,
137389,60,H4,2026-05-08 13:00:00,0.0022464675434018693,57.6300195756704,,
137390,60,H4,2026-05-08 17:00:00,0.0021502912903017366,59.380761357921656,,
137391,60,H4,2026-05-10 21:00:00,0.0021995561981373235,55.82642960216024,,
137392,60,H4,2026-05-11 01:00:00,0.0021438736125560924,51.971941962241246,,
137393,60,H4,2026-05-11 05:00:00,0.0021421683545163723,55.41128610980999,,
137394,60,H4,2026-05-11 09:00:00,0.002080584900622342,56.90823375631062,,
137395,60,H4,2026-05-11 13:00:00,0.0020505431220064598,59.06882880628997,,
137396,60,H4,2026-05-11 17:00:00,0.0019847900418631386,58.59209862935816,,
137397,60,H4,2026-05-11 21:00:00,0.0019787336103014867,52.53195770421604,,
137398,60,H4,2026-05-12 01:00:00,0.0019502526381370967,51.394871783154436,,
137399,60,H4,2026-05-12 05:00:00,0.0019973774496987325,46.02993348632883,,
137400,60,H4,2026-05-12 09:00:00,0.001984707631863112,51.10912124356579,,
137401,60,H4,2026-05-12 13:00:00,0.0019700856581586043,45.83922512336624,,
137402,60,H4,2026-05-12 17:00:00,0.0020179366825758454,54.061429975087606,,
137403,60,H4,2026-05-12 21:00:00,0.0019416554909632855,52.827612129424196,,
137404,60,H4,2026-05-13 01:00:00,0.0019243943844659103,52.16819762589853,,
137405,60,H4,2026-05-13 05:00:00,0.0018576519284326345,54.284905866937024,,
137406,60,H4,2026-05-13 09:00:00,0.0018549625049731557,54.52956666137495,,
137407,60,H4,2026-05-13 13:00:00,0.001949608040332221,60.48370255004348,0.72718,
137408,60,H4,2026-05-13 17:00:00,0.00190606460887992,59.56568834115926,,
137409,60,H4,2026-05-13 21:00:00,0.00186420285110279,56.429645706968806,,
137410,60,H4,2026-05-14 01:00:00,0.0018460455045954478,58.206848006639625,,
137411,60,H4,2026-05-14 05:00:00,0.0018827565399814894,56.3151570443506,,
137412,60,H4,2026-05-14 09:00:00,0.001885416787125671,48.55839437936489,,
137413,60,H4,2026-05-14 13:00:00,0.001896458445188118,43.64798345290386,,
137414,60,H4,2026-05-14 17:00:00,0.0018274256991032516,43.26407774449637,,
137415,60,H4,2026-05-14 21:00:00,0.0018511810063101659,38.550305910043306,,
137416,60,H4,2026-05-15 01:00:00,0.0019068109344308698,32.03796065838827,,
137417,60,H4,2026-05-15 05:00:00,0.0019613244391143833,27.106575479681396,,
137418,60,H4,2026-05-15 09:00:00,0.00210908697917764,26.499462360249694,,
137419,60,H4,2026-05-15 13:00:00,0.002121295052093527,28.230550815707645,,
137420,60,H4,2026-05-15 17:00:00,0.0021012025483725574,26.528598939699037,,
137421,60,H4,2026-05-17 21:00:00,0.0022175452234888043,22.545743253390242,,
137422,60,H4,2026-05-18 01:00:00,0.002185577707525322,26.02160810399063,,
137423,60,H4,2026-05-18 05:00:00,0.0023030364427020847,37.78357723527356,,
137424,60,H4,2026-05-18 09:00:00,0.0024106766967947916,45.005129321161604,,
137425,60,H4,2026-05-18 13:00:00,0.0024699140755951574,40.87277030413258,,
137426,60,H4,2026-05-18 17:00:00,0.00248634878448122,43.1552247949291,,
137427,60,H4,2026-05-18 21:00:00,0.0024958952998754154,38.90649376698543,,
137428,60,H4,2026-05-19 01:00:00,0.002497617064170034,34.390136735523456,,
137429,60,H4,2026-05-19 05:00:00,0.002475644416729311,32.21054833558151,,
137430,60,H4,2026-05-19 09:00:00,0.0024009555298200773,31.69718832777116,,
137431,60,H4,2026-05-19 13:00:00,0.002483744420547215,30.994224362114693,,0.70796
137432,60,H4,2026-05-19 17:00:00,0.0023856198190795605,30.25217051876149,,
137433,60,H4,2026-05-19 21:00:00,0.0023623612605738822,27.508453924479156,,
137434,60,H4,2026-05-20 01:00:00,0.0023557640276757473,30.861892873421183,,
137435,60,H4,2026-05-20 05:00:00,0.002321780882841765,36.05490197713481,,
137436,60,H4,2026-05-20 09:00:00,0.002341653676924499,41.17318856361685,,
137437,60,H4,2026-05-20 13:00:00,0.002599392700001321,51.06039818856511,,
137438,60,H4,2026-05-20 17:00:00,0.00250657893571551,50.511833935798016,,
137439,60,H4,2026-05-20 21:00:00,0.0024118232974501214,49.03061027376396,,
137440,60,H4,2026-05-21 01:00:00,0.0026459787762036905,42.9930817877527,,
137441,60,H4,2026-05-21 05:00:00,0.002681266006474858,44.64387926699631,,
137442,60,H4,2026-05-21 09:00:00,0.002666889863155228,42.74367738148408,,
137443,60,H4,2026-05-21 13:00:00,0.0026392548729298505,47.02064875593701,,
137444,60,H4,2026-05-21 17:00:00,0.0026893080962920044,51.08868434748952,,
137445,60,H4,2026-05-21 21:00:00,0.002604357517985429,48.52332551700243,,
137446,60,H4,2026-05-22 01:00:00,0.0024883319809864686,48.3223179109142,,
137447,60,H4,2026-05-22 05:00:00,0.0024455939823445822,45.86689016579453,,
137448,60,H4,2026-05-22 09:00:00,0.0023723372693199756,45.24787360603035,,
137449,60,H4,2026-05-22 13:00:00,0.0023900274643685535,46.79446111120872,,
137450,60,H4,2026-05-22 17:00:00,0.0023350255026279394,44.07566038319055,,
137451,60,H4,2026-05-24 21:00:00,0.002434666538154508,55.72585773414105,,
137452,60,H4,2026-05-25 01:00:00,0.002364333214000619,58.85301741351542,,
137453,60,H4,2026-05-25 05:00:00,0.0023361665558577194,57.837765093958886,,
137454,60,H4,2026-05-25 09:00:00,0.0022478689447250322,58.79463677011716,,
137455,60,H4,2026-05-25 13:00:00,0.0021951640201018164,59.96871106335505,0.71822,
137456,60,H4,2026-05-25 17:00:00,0.0020662237329516866,60.639695520067704,,
137457,60,H4,2026-05-25 21:00:00,0.0020022077520265662,58.021358932641895,,
137458,60,H4,2026-05-26 01:00:00,0.0019413357697389533,53.44831874921742,,
137459,60,H4,2026-05-26 05:00:00,0.0019005260719004633,54.53882456439251,,
137460,60,H4,2026-05-26 09:00:00,0.0018354884953361399,56.400229373900544,,
137461,60,H4,2026-05-26 13:00:00,0.0018343821742406966,53.5556793208728,,
137462,60,H4,2026-05-26 17:00:00,0.001769069161794935,55.51594245799235,,
137463,60,H4,2026-05-26 21:00:00,0.0017391356502381512,59.14368505510158,,
137464,60,H4,2026-05-27 01:00:00,0.0018006259609354297,51.35773937793368,,
137465,60,H4,2026-05-27 05:00:00,0.0018627241065829034,43.20488267610484,,
137466,60,H4,2026-05-27 09:00:00,0.001913958098969841,40.4127004466326,,
137467,60,H4,2026-05-27 13:00:00,0.0019015325204719926,43.05487149966482,,
137468,60,H4,2026-05-27 17:00:00,0.0018428516261525703,44.28284429574757,,
137469,60,H4,2026-05-27 21:00:00,0.0018276479385702453,40.41163032646401,,
137470,60,H4,2026-05-28 01:00:00,0.0019492445143866508,32.08261648338252,,0.70979
137471,60,H4,2026-05-28 05:00:00,0.0019914413347876035,38.66511452523034,,
137472,60,H4,2026-05-28 09:00:00,0.0020263383823027692,44.93498796832362,,
137473,60,H4,2026-05-28 13:00:00,0.0021994570692811396,56.89663986030079,,
137474,60,H4,2026-05-28 17:00:00,0.002100924421475339,54.948968348891235,,
137475,60,H4,2026-05-28 21:00:00,0.0020137155342271,54.07902458727404,,
137476,60,H4,2026-05-29 01:00:00,0.0019577358532108834,55.03727487155822,,
137477,60,H4,2026-05-29 05:00:00,0.0019471832922672552,51.024032758928364,,
137478,60,H4,2026-05-29 09:00:00,0.0020095273428195975,59.0739188142932,,
137479,60,H4,2026-05-29 13:00:00,0.0020431325326182004,61.50904877299832,,
137480,60,H4,2026-05-29 17:00:00,0.0019571944945740477,59.717882558279136,,
137481,60,H4,2026-05-31 21:00:00,0.001918109173533046,59.54811414541901,,
137482,60,H4,2026-06-01 01:00:00,0.0018653870897092542,60.0978399100315,,
137483,60,H4,2026-06-01 05:00:00,0.0018285737261585903,59.42145976660995,,
137484,60,H4,2026-06-01 09:00:00,0.001827247031432975,52.916186862361805,,
137485,60,H4,2026-06-01 13:00:00,0.0019517293863306172,49.00982119820334,,
137486,60,H4,2026-06-01 17:00:00,0.0019137487158784364,49.26192710506305,,
137487,60,H4,2026-06-01 21:00:00,0.0018420523790299743,48.402852518556685,,
137488,60,H4,2026-06-02 01:00:00,0.0018169057805278326,49.99920926422874,,
137489,60,H4,2026-06-02 05:00:00,0.0018685553676329864,57.283036660588586,,
137490,60,H4,2026-06-02 09:00:00,0.0017993728413734883,56.0203259948785,,
137491,60,H4,2026-06-02 13:00:00,0.001801560495561096,56.79972985886497,,
137492,60,H4,2026-06-02 17:00:00,0.001757163317306737,56.88634353737263,,
137493,60,H4,2026-06-02 21:00:00,0.0017059373660705365,57.663342075579735,,
137494,60,H4,2026-06-03 01:00:00,0.001686941839922641,50.613672122715684,,
137495,60,H4,2026-06-03 05:00:00,0.0017021602799281675,46.54500699511614,,
138870,60,D,2026-05-10 21:00:00,0.00647694925709246,62.62395075815275,,
138871,60,D,2026-05-11 21:00:00,0.00632359573872871,61.22505378343825,,
138872,60,D,2026-05-12 21:00:00,0.006164767471676666,62.940962460256905,,
138873,60,D,2026-05-13 21:00:00,0.006070141223699759,57.158182999663325,,
138874,60,D,2026-05-14 21:00:00,0.006230131136292636,48.13433433075307,,
138875,60,D,2026-05-17 21:00:00,0.006255121769414593,50.540272782285335,,
138876,60,D,2026-05-18 21:00:00,0.00650261307159926,43.98091400451455,,
138877,60,D,2026-05-19 21:00:00,0.006663854995056456,49.23074759287297,,
138878,60,D,2026-05-20 21:00:00,0.00667786535255243,48.840744918441594,,
138879,60,D,2026-05-21 21:00:00,0.006478017827370113,46.51486363243913,,
138880,60,D,2026-05-24 21:00:00,0.006401730839700813,52.02979609733823,,
138881,60,D,2026-05-25 21:00:00,0.006095892922579327,51.04710814847406,,
138882,60,D,2026-05-26 21:00:00,0.0060604719995379416,47.99915759038756,,
138883,60,D,2026-05-27 21:00:00,0.006141152570999511,50.628192654621074,,
138884,60,D,2026-05-28 21:00:00,0.0060689273873566945,53.20031445314534,,
138885,60,D,2026-05-31 21:00:00,0.0060325754311169235,50.150015068428814,,
138886,60,D,2026-06-01 21:00:00,0.0058531057574657125,52.4772710794637,,
146679,69,H4,2026-01-07 22:00:00,0.0027111461273261425,39.34436183879706,,
146680,69,H4,2026-01-08 02:00:00,0.0026239214039457033,40.326102182198035,,
146681,69,H4,2026-01-08 06:00:00,0.002647927017949571,35.36938937963663,,
146682,69,H4,2026-01-08 10:00:00,0.00270878937381032,32.22820144397171,,
146683,69,H4,2026-01-08 14:00:00,0.0027267329899667314,37.33104576911466,,
146684,69,H4,2026-01-08 18:00:00,0.0027176806335405318,38.98033401073972,,
146685,69,H4,2026-01-08 22:00:00,0.0026342748740019336,36.060286441942175,,
146686,69,H4,2026-01-09 02:00:00,0.0025432552401446545,36.9085837321501,,
146687,69,H4,2026-01-09 06:00:00,0.0025744512944200506,32.314651039790235,,
146688,69,H4,2026-01-09 10:00:00,0.0027719904876757698,42.20307938637478,,
146689,69,H4,2026-01-09 14:00:00,0.0029368483099846574,35.0946693280616,,
146690,69,H4,2026-01-09 18:00:00,0.0028513591449857586,34.92033369737362,,
146691,69,H4,2026-01-11 22:00:00,0.003006262063201063,43.48638113642631,,1.33908
146692,69,H4,2026-01-12 02:00:00,0.002935100487258135,45.457128769277055,,
146693,69,H4,2026-01-12 06:00:00,0.0030097361667397035,51.03076669400891,,
146694,69,H4,2026-01-12 10:00:00,0.0030661835834011547,57.65425828368694,,
146695,69,H4,2026-01-12 14:00:00,0.0030478847560153725,52.843434780059646,,
146696,69,H4,2026-01-12 18:00:00,0.0029230358448714233,52.9159667681695,,
146697,69,H4,2026-01-12 22:00:00,0.0028206761416663213,54.35258665611367,,
146698,69,H4,2026-01-13 02:00:00,0.0026849135601187293,54.89858025657513,,
146699,69,H4,2026-01-13 06:00:00,0.002657419734395961,57.18348118948246,,
146700,69,H4,2026-01-13 10:00:00,0.0027568897533676857,55.17658279166681,1.34949,
146701,69,H4,2026-01-13 14:00:00,0.0029335404852699827,43.38681374049465,,
146702,69,H4,2026-01-13 18:00:00,0.0028625733077507023,40.81898431357999,,
146703,69,H4,2026-01-13 22:00:00,0.0027195323571970868,40.983963171160056,,
146704,69,H4,2026-01-14 02:00:00,0.0027152800459687315,45.25696227638458,,
146705,69,H4,2026-01-14 06:00:00,0.0026963314712566836,51.458468314667435,,
146706,69,H4,2026-01-14 10:00:00,0.002647307794738354,48.123326048917065,,
146707,69,H4,2026-01-14 14:00:00,0.0027010715236856194,44.7903586018464,,
146708,69,H4,2026-01-14 18:00:00,0.0026688521291366525,49.19647078948951,,
146709,69,H4,2026-01-14 22:00:00,0.0026182198341983174,46.13041932387289,,
146710,69,H4,2026-01-15 02:00:00,0.0025183469888984374,44.08962796393996,,
146711,69,H4,2026-01-15 06:00:00,0.0024927507754056873,47.05357472321537,,
146712,69,H4,2026-01-15 10:00:00,0.0028139828628767133,33.927690354869014,,
146713,69,H4,2026-01-15 14:00:00,0.0028358412298140913,38.1567290248157,,
146714,69,H4,2026-01-15 18:00:00,0.0027725668562559344,37.218995660582735,,
146715,69,H4,2026-01-15 22:00:00,0.0026688120808090812,36.741957976068726,,
146716,69,H4,2026-01-16 02:00:00,0.002568182646465578,37.86352416644964,,
146717,69,H4,2026-01-16 06:00:00,0.002586169600289469,42.362703768278344,,
146718,69,H4,2026-01-16 10:00:00,0.0025771574859830876,44.420558478873716,,
146719,69,H4,2026-01-16 14:00:00,0.002672360522698587,38.793174788070004,,
146720,69,H4,2026-01-16 18:00:00,0.002577906199648685,39.093515283838485,,
146721,69,H4,2026-01-18 22:00:00,0.002860912899673779,43.13365947861098,,1.33436
146722,69,H4,2026-01-19 02:00:00,0.002833704835411353,44.220390473424914,,
146723,69,H4,2026-01-19 06:00:00,0.0028555830614533937,47.86212955822742,,
146724,69,H4,2026-01-19 10:00:00,0.0027580414142067224,50.17666854884288,,
146725,69,H4,2026-01-19 14:00:00,0.002738895598906234,55.315252826102366,,
146726,69,H4,2026-01-19 18:00:00,0.0026239744846986513,53.447618750091685,,
146727,69,H4,2026-01-19 22:00:00,0.0025651191643630195,52.79628955274587,,
146728,69,H4,2026-01-20 02:00:00,0.0025954677954799503,57.93862075077131,,
146729,69,H4,2026-01-20 06:00:00,0.002881505810088521,65.52504485287449,,
146730,69,H4,2026-01-20 10:00:00,0.003001398252225048,57.93276075534799,,
146731,69,H4,2026-01-20 14:00:00,0.003048441234208973,58.84968807313929,,
146732,69,H4,2026-01-20 18:00:00,0.003061409717479765,54.79787106031593,,
146733,69,H4,2026-01-20 22:00:00,0.003009880451945497,56.927010467817155,,
146734,69,H4,2026-01-21 02:00:00,0.002949174705377957,52.314615406368496,,
146735,69,H4,2026-01-21 06:00:00,0.0030270907978509477,44.99956724274518,,
146736,69,H4,2026-01-21 10:00:00,0.0031158700265758797,53.166790176741685,,
146737,69,H4,2026-01-21 14:00:00,0.0032004507389633147,49.66230591221753,,
146738,69,H4,2026-01-21 18:00:00,0.003137561400465942,50.8176742180374,,
146739,69,H4,2026-01-21 22:00:00,0.003043449871861227,50.22394626147654,,
146740,69,H4,2026-01-22 02:00:00,0.0029460605952997035,49.88160724299211,,
146741,69,H4,2026-01-22 06:00:00,0.002999913409921156,54.093829950152156,,
146742,69,H4,2026-01-22 10:00:00,0.0031534910234982155,47.958861422620835,,
146743,69,H4,2026-01-22 14:00:00,0.0034760988075340617,62.82318329079676,,
146744,69,H4,2026-01-22 18:00:00,0.003377091749853052,64.46134889575634,,
146745,69,H4,2026-01-22 22:00:00,0.0032587280534349733,63.079793051789494,,
146746,69,H4,2026-01-23 02:00:00,0.003110961763903905,63.15066952415297,,
146747,69,H4,2026-01-23 06:00:00,0.0032630359236250485,68.35222218986326,,
146748,69,H4,2026-01-23 10:00:00,0.0031863905005089675,66.72546495533763,,
146749,69,H4,2026-01-23 14:00:00,0.0036909340361868893,76.5445876914986,,
146750,69,H4,2026-01-23 18:00:00,0.00381729589074497,79.44593561498077,,
146751,69,H4,2026-01-25 22:00:00,0.0038374890414060434,80.53896117234797,,
146752,69,H4,2026-01-26 02:00:00,0.003751954109877039,80.9446907639794,,
146753,69,H4,2026-01-26 06:00:00,0.0037253859591715316,81.33485942170736,,
146754,69,H4,2026-01-26 10:00:00,0.0036921441049449963,77.96037753794337,,
146755,69,H4,2026-01-26 14:00:00,0.003822705240306066,80.1823698608988,,
146756,69,H4,2026-01-26 18:00:00,0.0037417977231413526,77.31077690106058,,
146757,69,H4,2026-01-26 22:00:00,0.0035659550286312523,77.37789171642824,,
146758,69,H4,2026-01-27 02:00:00,0.003519101098014732,76.8880314714489,,
146759,69,H4,2026-01-27 06:00:00,0.0035270224481565382,79.03231284664574,,
146760,69,H4,2026-01-27 10:00:00,0.0037436637018596515,82.08396575022658,,
146761,69,H4,2026-01-27 14:00:00,0.0039019734374411024,85.4271608535868,,
146762,69,H4,2026-01-27 18:00:00,0.004303975334766741,88.17528598924056,1.387,
146763,69,H4,2026-01-27 22:00:00,0.004355119953711976,75.93500240302647,,
146764,69,H4,2026-01-28 02:00:00,0.004196897099875409,76.29599804919683,,
146765,69,H4,2026-01-28 06:00:00,0.004298547307027162,72.06678195035943,,
146766,69,H4,2026-01-28 10:00:00,0.004241508213668067,68.17967366805667,,
146767,69,H4,2026-01-28 14:00:00,0.004311400484120349,70.13868703407974,,
146768,69,H4,2026-01-28 18:00:00,0.004426300449540318,71.9590846584007,,
146769,69,H4,2026-01-28 22:00:00,0.004374421846001727,70.67569763808937,,
146770,69,H4,2026-01-29 02:00:00,0.004423391714144465,74.03267635090668,,
146771,69,H4,2026-01-29 06:00:00,0.004446720877419863,66.03161008840168,,
146772,69,H4,2026-01-29 10:00:00,0.004401240814747022,66.32781706160014,,
146773,69,H4,2026-01-29 14:00:00,0.0047418664708365294,64.41987414858725,,
146774,69,H4,2026-01-29 18:00:00,0.00458673315149106,66.03654963075375,,
146775,69,H4,2026-01-29 22:00:00,0.004661966497813134,55.40687203546135,,
146776,69,H4,2026-01-30 02:00:00,0.00458468317654076,54.37648975494102,,
146777,69,H4,2026-01-30 06:00:00,0.004672205806787856,50.30898801758519,,
146778,69,H4,2026-01-30 10:00:00,0.00473347682058871,52.21598988162041,,
146779,69,H4,2026-01-30 14:00:00,0.004809657047689518,45.92439597003662,,
146780,69,H4,2026-01-30 18:00:00,0.004747538687140255,42.70481739400668,,
146781,69,H4,2026-02-01 22:00:00,0.004720571638058807,43.84623310523663,,
146782,69,H4,2026-02-02 02:00:00,0.0046655308067688845,40.523870097827334,,
146783,69,H4,2026-02-02 06:00:00,0.004682278606285402,47.825356174201616,,
146784,69,H4,2026-02-02 10:00:00,0.0048192587058364395,39.61887209415671,,
146785,69,H4,2026-02-02 14:00:00,0.0048593116554195475,41.261200761986835,,
146786,69,H4,2026-02-02 18:00:00,0.0046929322514610025,42.67025323604243,,
146787,69,H4,2026-02-02 22:00:00,0.004543437090642371,46.22866615293987,,
146788,69,H4,2026-02-03 02:00:00,0.004383191584167914,46.91182188655331,,
146789,69,H4,2026-02-03 06:00:00,0.004355820756727349,43.12566283911434,,
146790,69,H4,2026-02-03 10:00:00,0.004323976416961116,43.84405880526616,,
146791,69,H4,2026-02-03 14:00:00,0.004377978101463891,49.06130229834949,,
146792,69,H4,2026-02-03 18:00:00,0.004273122522787897,49.3778583431403,,
146793,69,H4,2026-02-03 22:00:00,0.004106470914017337,51.214403466581444,,
146794,69,H4,2026-02-04 02:00:00,0.00397743727730181,53.00953261690456,,
146795,69,H4,2026-02-04 06:00:00,0.003923334614637395,51.56976328622062,,
146796,69,H4,2026-02-04 10:00:00,0.003888810713591859,52.55463220321911,,
146797,69,H4,2026-02-04 14:00:00,0.004145324234049579,39.411664832748194,,
146798,69,H4,2026-02-04 18:00:00,0.00400065821733176,40.97752740652303,,
146799,69,H4,2026-02-04 22:00:00,0.003836325487522351,40.147935193107834,,
146800,69,H4,2026-02-05 02:00:00,0.0037915879526993373,35.686105439456355,,
146801,69,H4,2026-02-05 06:00:00,0.0040650459560779536,28.99308865207442,,
146802,69,H4,2026-02-05 10:00:00,0.004314685530643815,33.78044900078109,,
146803,69,H4,2026-02-05 14:00:00,0.004517922278454975,29.9571885715565,,
146804,69,H4,2026-02-05 18:00:00,0.0044252135442796195,27.96784049227921,,
146805,69,H4,2026-02-05 22:00:00,0.004354126862545364,30.273149817483997,,1.35087
146806,69,H4,2026-02-06 02:00:00,0.004258117800934978,37.14854714006372,,
146807,69,H4,2026-02-06 06:00:00,0.004127537958011046,38.838942014912405,,
146808,69,H4,2026-02-06 10:00:00,0.004006999532438828,41.44965573733717,,
146809,69,H4,2026-02-06 14:00:00,0.003979356708693194,47.49413038395314,,
146810,69,H4,2026-02-06 18:00:00,0.003797974086643672,46.40249109985786,,
146811,69,H4,2026-02-08 22:00:00,0.0037609759375976915,44.51850103650278,,
146812,69,H4,2026-02-09 02:00:00,0.003680191942055009,47.342223439958005,,
146813,69,H4,2026-02-09 06:00:00,0.0037223210890510792,44.77485476071479,,
146814,69,H4,2026-02-09 10:00:00,0.004005012439833138,54.58457701717866,,
146815,69,H4,2026-02-09 14:00:00,0.004216797265559337,57.89893893182567,,
146816,69,H4,2026-02-09 18:00:00,0.0041720260323050975,61.46851376950758,,
146817,69,H4,2026-02-09 22:00:00,0.004069024172854742,58.89013498705903,,
146818,69,H4,2026-02-10 02:00:00,0.003934808160507969,57.513390060924024,,
146819,69,H4,2026-02-10 06:00:00,0.0038016075776145437,55.24750451768501,,
146820,69,H4,2026-02-10 10:00:00,0.003778635607784944,57.58180006306477,,
146821,69,H4,2026-02-10 14:00:00,0.003886590207228878,51.46853096521775,,
146822,69,H4,2026-02-10 18:00:00,0.0037425480495696752,49.350098827109655,,
146823,69,H4,2026-02-10 22:00:00,0.003628080331743272,49.58645342973242,,
146824,69,H4,2026-02-11 02:00:00,0.0035546460223330333,54.86517970743442,,
146825,69,H4,2026-02-11 06:00:00,0.0035493141635949545,59.45501287564146,,
146826,69,H4,2026-02-11 10:00:00,0.004030077437623891,48.36669993054263,1.37124,
146827,69,H4,2026-02-11 14:00:00,0.004054357620650755,51.2769724219715,,
146828,69,H4,2026-02-11 18:00:00,0.004051189219175706,46.19469282995672,,
146829,69,H4,2026-02-11 22:00:00,0.00393610427494887,48.32490174322509,,
146830,69,H4,2026-02-12 02:00:00,0.003831382541023949,45.20978209673624,,
146831,69,H4,2026-02-12 06:00:00,0.003910569502379378,50.402906585625644,,
146832,69,H4,2026-02-12 10:00:00,0.0038462431093522764,50.550816353499876,,
146833,69,H4,2026-02-12 14:00:00,0.003967225744398534,44.988136718943466,,
146834,69,H4,2026-02-12 18:00:00,0.003839566762655786,45.65722227419504,,
146835,69,H4,2026-02-12 22:00:00,0.0036703119938946488,44.669878181553315,,
146836,69,H4,2026-02-13 02:00:00,0.0035824325657593165,42.29840967729405,,
146837,69,H4,2026-02-13 06:00:00,0.0036051159539193666,46.661532158282455,,
146838,69,H4,2026-02-13 10:00:00,0.0036840362429251257,49.11221760311898,,
146839,69,H4,2026-02-13 14:00:00,0.003796605082716191,52.32874238327899,,
146840,69,H4,2026-02-13 18:00:00,0.003645419005379329,53.73540632637501,,
146841,69,H4,2026-02-15 22:00:00,0.003515031933566515,50.88743138377966,,
146842,69,H4,2026-02-16 02:00:00,0.0033361010811689034,49.85057891866288,,
146843,69,H4,2026-02-16 06:00:00,0.0032856652896568325,51.24386394522436,,
146844,69,H4,2026-02-16 10:00:00,0.0032166891975384942,48.30188453460064,,
146845,69,H4,2026-02-16 14:00:00,0.0030919256834286077,46.730544685879856,,
146846,69,H4,2026-02-16 18:00:00,0.002926788134612279,47.73467848592858,,
146847,69,H4,2026-02-16 22:00:00,0.0028663032678542645,44.07668583491208,,
146848,69,H4,2026-02-17 02:00:00,0.0027815673201503814,41.770313634173135,,
146849,69,H4,2026-02-17 06:00:00,0.0030293125115682176,38.0786376038306,,
146850,69,H4,2026-02-17 10:00:00,0.0033972187607419217,27.285029969266333,,
146851,69,H4,2026-02-17 14:00:00,0.0035424174206889147,33.872106172849456,,
146852,69,H4,2026-02-17 18:00:00,0.0034893876049254145,39.55178256990971,,
146853,69,H4,2026-02-17 22:00:00,0.003371574204573588,38.03674583632457,,
146854,69,H4,2026-02-18 02:00:00,0.0032007474756754737,38.17842609367352,,
146855,69,H4,2026-02-18 06:00:00,0.0031556940845557943,42.58913585261556,,
146856,69,H4,2026-02-18 10:00:00,0.003146001649944668,38.340330122448044,,
146857,69,H4,2026-02-18 14:00:00,0.003249144389234341,33.53629138842143,,
146858,69,H4,2026-02-18 18:00:00,0.003257062647146176,29.702026919070406,,
146859,69,H4,2026-02-18 22:00:00,0.003120843886635732,30.595291281822398,,
146860,69,H4,2026-02-19 02:00:00,0.0030222121804474706,29.388797843057787,,
146861,69,H4,2026-02-19 06:00:00,0.0030341970247012087,34.68939387767162,,
146862,69,H4,2026-02-19 10:00:00,0.003233897237222551,29.503206949436432,,
146863,69,H4,2026-02-19 14:00:00,0.0032893331488495167,27.747295807253252,,1.34341
146864,69,H4,2026-02-19 18:00:00,0.003241523638217413,31.197181665554552,,
146865,69,H4,2026-02-19 22:00:00,0.0032242719497733046,28.993319986276376,,
146866,69,H4,2026-02-20 02:00:00,0.003092538239075207,28.81280291543372,,
146867,69,H4,2026-02-20 06:00:00,0.00317878550771269,35.43065603733527,,
146868,69,H4,2026-02-20 10:00:00,0.003210300828590368,40.854005051450855,,
146869,69,H4,2026-02-20 14:00:00,0.0033688507694053294,41.661695321331834,,
146870,69,H4,2026-02-20 18:00:00,0.003339647143019224,39.51172761862939,,
146871,69,H4,2026-02-22 22:00:00,0.003494672347089272,49.772075732520904,,
146872,69,H4,2026-02-23 02:00:00,0.0033757671794400384,50.01823698420116,,
146873,69,H4,2026-02-23 06:00:00,0.0033460695237657553,47.31660024911059,,
146874,69,H4,2026-02-23 10:00:00,0.003374207414925334,46.790555928433385,,
146875,69,H4,2026-02-23 14:00:00,0.003420335456716391,44.38752206178455,,
146876,69,H4,2026-02-23 18:00:00,0.0032903114955223664,43.553686427033426,,
146877,69,H4,2026-02-23 22:00:00,0.003211717817270763,43.21370804575651,,
146878,69,H4,2026-02-24 02:00:00,0.003141595116037134,42.70090557326446,,
146879,69,H4,2026-02-24 06:00:00,0.003151481179177335,46.463811801657,,
146880,69,H4,2026-02-24 10:00:00,0.003137803952093229,42.72773009334932,,
146881,69,H4,2026-02-24 14:00:00,0.003317960812657998,52.472063514919085,,
146882,69,H4,2026-02-24 18:00:00,0.0033095350403252745,44.99569991289196,,
146883,69,H4,2026-02-24 22:00:00,0.003208853966016327,48.664474453889106,,
146884,69,H4,2026-02-25 02:00:00,0.003141792968443732,53.346247313141625,,
146885,69,H4,2026-02-25 06:00:00,0.0030902363278405985,52.31855583853202,,
146886,69,H4,2026-02-25 10:00:00,0.0031866480187091274,49.68721931750414,,
146887,69,H4,2026-02-25 14:00:00,0.003383316017372765,60.25191050208969,,
146888,69,H4,2026-02-25 18:00:00,0.0032345077304175734,60.902008324075744,,
146889,69,H4,2026-02-25 22:00:00,0.0031620428925305958,63.49248939809203,,
146890,69,H4,2026-02-26 02:00:00,0.0031183255430641287,59.630008158710424,1.35752,
146891,69,H4,2026-02-26 06:00:00,0.0032048737185595443,50.9914017658627,,
146892,69,H4,2026-02-26 10:00:00,0.0032116684529481542,53.02825631310789,,
146893,69,H4,2026-02-26 14:00:00,0.0037322635634518702,37.41185090536949,,
146894,69,H4,2026-02-26 18:00:00,0.00380781616606244,44.14268352793902,,
146895,69,H4,2026-02-26 22:00:00,0.003658686439915119,43.101458391787375,,
146896,69,H4,2026-02-27 02:00:00,0.0035730659799211753,45.75597173339344,,
146897,69,H4,2026-02-27 06:00:00,0.003650704124212512,44.84441974293109,,
146898,69,H4,2026-02-27 10:00:00,0.003726368115340189,38.621987632103284,,
146899,69,H4,2026-02-27 14:00:00,0.0037151989642444662,41.9562535742441,,
146900,69,H4,2026-02-27 18:00:00,0.003669113323941283,47.333123073537244,,
146901,69,H4,2026-03-01 22:00:00,0.00402274808651691,41.693793647678326,,
146902,69,H4,2026-03-02 02:00:00,0.004031837508908551,37.033993255993074,,
146903,69,H4,2026-03-02 06:00:00,0.0044681348297008,32.38895275900555,,
146904,69,H4,2026-03-02 10:00:00,0.004533268056150753,34.48113561423419,,
146905,69,H4,2026-03-02 14:00:00,0.00467874890928284,40.937021529632915,,
146906,69,H4,2026-03-02 18:00:00,0.004670981130048365,39.62929526430197,,
146907,69,H4,2026-03-02 22:00:00,0.004533768192187769,40.393243971524235,,
146908,69,H4,2026-03-03 02:00:00,0.004578499035602932,34.69465771091174,,
146909,69,H4,2026-03-03 06:00:00,0.004862891961631287,28.501798992584995,,
146910,69,H4,2026-03-03 10:00:00,0.004979828250086192,29.187595438702445,,
146911,69,H4,2026-03-03 14:00:00,0.005226983375080035,33.76925457783605,,1.32532
146912,69,H4,2026-03-03 18:00:00,0.005193627419717182,40.0450525445442,,
146913,69,H4,2026-03-03 22:00:00,0.005254082604023084,36.592165308196776,,
146914,69,H4,2026-03-04 02:00:00,0.00509593384659286,35.727646917597426,,
146915,69,H4,2026-03-04 06:00:00,0.005236938571836236,43.459896725564654,,
146916,69,H4,2026-03-04 10:00:00,0.005255728673847938,43.798565611862834,,
146917,69,H4,2026-03-04 14:00:00,0.0051538909114302285,43.55972540174188,,
146918,69,H4,2026-03-04 18:00:00,0.005029327274899492,45.716233688817944,,
146919,69,H4,2026-03-04 22:00:00,0.004830089612406672,44.86541616447039,,
146920,69,H4,2026-03-05 02:00:00,0.004899368925806182,37.36285748717509,,
146921,69,H4,2026-03-05 06:00:00,0.005057271145391451,44.97655784743272,,
146922,69,H4,2026-03-05 10:00:00,0.004989608920720637,43.687035805279486,,
146923,69,H4,2026-03-05 14:00:00,0.005079636854954884,41.46067395650794,,
146924,69,H4,2026-03-05 18:00:00,0.005056091365315236,46.773535322371536,,
146925,69,H4,2026-03-05 22:00:00,0.004943513410649857,47.87646263268729,,
146926,69,H4,2026-03-06 02:00:00,0.004719691024174857,46.42923255204156,,
146927,69,H4,2026-03-06 06:00:00,0.004821141665305227,41.45997421623504,,
146928,69,H4,2026-03-06 10:00:00,0.005058202974926284,44.350354593597466,,
146929,69,H4,2026-03-06 14:00:00,0.005299759905288692,52.719027415145774,,
146930,69,H4,2026-03-06 18:00:00,0.005165491340625212,56.125542252565815,,
146931,69,H4,2026-03-08 21:00:00,0.005610813387723417,41.06826821778263,,
146932,69,H4,2026-03-09 01:00:00,0.005405041002886039,40.78997033247103,,1.32832
146933,69,H4,2026-03-09 05:00:00,0.005412538074108458,44.13016547746147,,
146934,69,H4,2026-03-09 09:00:00,0.0053816424973864236,48.976324031633965,,
146935,69,H4,2026-03-09 13:00:00,0.005443668033287399,53.96138256022346,,
146936,69,H4,2026-03-09 17:00:00,0.005518406030909736,59.7153427917037,,
146937,69,H4,2026-03-09 21:00:00,0.0053435198858447636,58.483528054980916,,
146938,69,H4,2026-03-10 01:00:00,0.0051461256082844095,56.88090949523274,,
146939,69,H4,2026-03-10 05:00:00,0.005199973779121238,60.735870751862684,1.34835,
146940,69,H4,2026-03-10 09:00:00,0.005101404223469733,57.86952277088955,,
146941,69,H4,2026-03-10 13:00:00,0.004988446778936178,60.284892809981066,,
146942,69,H4,2026-03-10 17:00:00,0.005124272009012154,53.17878615281495,,
146943,69,H4,2026-03-10 21:00:00,0.004952538294082702,54.91678660810948,,
146944,69,H4,2026-03-11 01:00:00,0.004822356987362499,57.75170715737994,,
146945,69,H4,2026-03-11 05:00:00,0.004810760059693741,53.51117798888017,,
146946,69,H4,2026-03-11 09:00:00,0.00486070576971561,49.60307182403705,,
146947,69,H4,2026-03-11 13:00:00,0.004874226786164495,51.10484910614113,,
146948,69,H4,2026-03-11 17:00:00,0.004695353444295618,51.48317674920354,,
146949,69,H4,2026-03-11 21:00:00,0.004681399626845927,46.981146405974734,,
146950,69,H4,2026-03-12 01:00:00,0.004602728224928354,44.21017594897376,,
146951,69,H4,2026-03-12 05:00:00,0.004531819066004893,46.90476513820294,,
146952,69,H4,2026-03-12 09:00:00,0.0045066891327188345,46.812880745753844,,
146953,69,H4,2026-03-12 13:00:00,0.004568354194667496,42.35958905937873,,
146954,69,H4,2026-03-12 17:00:00,0.00439561460933411,41.688251709288465,,
146955,69,H4,2026-03-12 21:00:00,0.004270927851524534,45.59974023770735,,
146956,69,H4,2026-03-13 01:00:00,0.004253004433558505,40.859252489370334,,
146957,69,H4,2026-03-13 05:00:00,0.004534932688304326,32.68835686978825,,
146958,69,H4,2026-03-13 09:00:00,0.004499580353425449,34.823468473061126,,
146959,69,H4,2026-03-13 13:00:00,0.004602467471037921,32.06486290832561,,
146960,69,H4,2026-03-13 17:00:00,0.004520862651678071,30.181119346442316,,1.32186
146961,69,H4,2026-03-15 21:00:00,0.004485086747986775,37.900601247079194,,
146962,69,H4,2026-03-16 01:00:00,0.004299009123130584,36.5644266486453,,
146963,69,H4,2026-03-16 05:00:00,0.004179794185764123,36.70460814190828,,
146964,69,H4,2026-03-16 09:00:00,0.004229808886780971,41.82692284440592,,
146965,69,H4,2026-03-16 13:00:00,0.004210536823439471,46.4074670969764,,
146966,69,H4,2026-03-16 17:00:00,0.0041947841931938065,49.12497390349692,,
146967,69,H4,2026-03-16 21:00:00,0.0040508710365370956,46.47600812307003,,
146968,69,H4,2026-03-17 01:00:00,0.0039043802482130177,48.1177410073208,,
146969,69,H4,2026-03-17 05:00:00,0.0040404959447692375,51.18331418135194,,
146970,69,H4,2026-03-17 09:00:00,0.0039540319487142836,51.786263895283,,
146971,69,H4,2026-03-17 13:00:00,0.003870886809520395,54.4419108371307,,
146972,69,H4,2026-03-17 17:00:00,0.0037393948945546513,55.91611328821551,,
146973,69,H4,2026-03-17 21:00:00,0.003560152402086451,55.02582997181685,,
146974,69,H4,2026-03-18 01:00:00,0.00341299865908028,57.26184181122405,,
146975,69,H4,2026-03-18 05:00:00,0.0034063558977174024,53.95997671596395,,
146976,69,H4,2026-03-18 09:00:00,0.003583044762166151,46.43338310215528,,
146977,69,H4,2026-03-18 13:00:00,0.0035735415648685816,50.74740647906363,,
146978,69,H4,2026-03-18 17:00:00,0.004020431453092254,38.27181231174149,,
146979,69,H4,2026-03-18 21:00:00,0.0039782577778713826,43.62422061091193,,
146980,69,H4,2026-03-19 01:00:00,0.0039040965080234385,41.84553561680739,,
146981,69,H4,2026-03-19 05:00:00,0.0038473753288789034,39.22792542674715,,
146982,69,H4,2026-03-19 09:00:00,0.003978277091101848,47.572549848182284,,
146983,69,H4,2026-03-19 13:00:00,0.004471257298880288,57.30559729207018,,
146984,69,H4,2026-03-19 17:00:00,0.004855453206103135,63.687673833963686,,
146985,69,H4,2026-03-19 21:00:00,0.004682206548524334,62.51519407300726,,
146986,69,H4,2026-03-20 01:00:00,0.004543477509344022,59.09781709574446,,
146987,69,H4,2026-03-20 05:00:00,0.004492514830105162,60.684882287429694,,
146988,69,H4,2026-03-20 09:00:00,0.0045630494850976465,54.94502197213711,,
146989,69,H4,2026-03-20 13:00:00,0.004837831664733531,47.17629578655133,,
146990,69,H4,2026-03-20 17:00:00,0.00475941511725257,49.47629456186548,,
146991,69,H4,2026-03-22 21:00:00,0.004680885466020244,46.87413073850701,,
146992,69,H4,2026-03-23 01:00:00,0.004563679361304523,47.452054648061456,,
146993,69,H4,2026-03-23 05:00:00,0.00459341654978277,45.44237305367135,,
146994,69,H4,2026-03-23 09:00:00,0.005533172510512584,60.000895112187976,,
146995,69,H4,2026-03-23 13:00:00,0.0058643744740474,56.16975515798616,1.34795,
146996,69,H4,2026-03-23 17:00:00,0.005902633440186869,58.748464564027756,,
146997,69,H4,2026-03-23 21:00:00,0.005796731051602099,55.273303251493,,
146998,69,H4,2026-03-24 01:00:00,0.005542678833630522,54.3869997542318,,
146999,69,H4,2026-03-24 05:00:00,0.0055753446312283425,53.7958387682991,,
147000,69,H4,2026-03-24 09:00:00,0.00542924858614059,54.153613119064794,,
147001,69,H4,2026-03-24 13:00:00,0.005472873687130551,52.61788537609179,,
147002,69,H4,2026-03-24 17:00:00,0.0056533827094783695,56.470433576550285,,
147003,69,H4,2026-03-24 21:00:00,0.0054817125159441985,58.686783080769544,,
147004,69,H4,2026-03-25 01:00:00,0.0053873044790910376,52.55856055061288,,
147005,69,H4,2026-03-25 05:00:00,0.0053910684448702575,54.71924095352383,,
147006,69,H4,2026-03-25 09:00:00,0.005274563555950952,52.441986094298876,,
147007,69,H4,2026-03-25 13:00:00,0.005197809016240168,50.02263296584881,,
147008,69,H4,2026-03-25 17:00:00,0.005071536943651588,47.86645915547963,,
147009,69,H4,2026-03-25 21:00:00,0.00483214144767647,46.87450549811054,,
147010,69,H4,2026-03-26 01:00:00,0.0046284170585567126,48.08908272553121,,
147011,69,H4,2026-03-26 05:00:00,0.004516387268659809,45.91508597728042,,
147012,69,H4,2026-03-26 09:00:00,0.004478073892326973,42.20047886797924,,
147013,69,H4,2026-03-26 13:00:00,0.004502497185732176,43.71924765196833,,
147014,69,H4,2026-03-26 17:00:00,0.004600890243894156,42.58309872598919,,
147015,69,H4,2026-03-26 21:00:00,0.004403683797901721,43.304329879777974,,
147016,69,H4,2026-03-27 01:00:00,0.004196277812337316,45.5861961634635,,
147017,69,H4,2026-03-27 05:00:00,0.004167972254313224,40.14199708847134,,
147018,69,H4,2026-03-27 09:00:00,0.004199545664719423,35.16815593321675,,
147019,69,H4,2026-03-27 13:00:00,0.004319578117239472,34.40772552325204,,
147020,69,H4,2026-03-27 17:00:00,0.004213893966008077,32.280331482280076,,
147021,69,H4,2026-03-29 21:00:00,0.0041943301112932025,31.000544557167302,,
147022,69,H4,2026-03-30 01:00:00,0.004123306531915108,35.639502775512696,,
147023,69,H4,2026-03-30 05:00:00,0.004185927493921164,30.9197071403852,,
147024,69,H4,2026-03-30 09:00:00,0.004126218387212507,30.014440453504477,,
147025,69,H4,2026-03-30 13:00:00,0.004262917073840188,25.6871560723053,,
147026,69,H4,2026-03-30 17:00:00,0.004122708711423029,25.002111407242623,,
147027,69,H4,2026-03-30 21:00:00,0.004138229517749956,30.054659853534986,,1.31596
147028,69,H4,2026-03-31 01:00:00,0.00404549883791067,29.614588934088317,,
147029,69,H4,2026-03-31 05:00:00,0.003960106063774195,34.13553673138823,,
147030,69,H4,2026-03-31 09:00:00,0.004082955630647476,41.02631227186401,,
147031,69,H4,2026-03-31 13:00:00,0.004449887371315514,37.47922765755183,,
147032,69,H4,2026-03-31 17:00:00,0.004364895416221552,40.83687830037222,,
147033,69,H4,2026-03-31 21:00:00,0.004292402886491438,45.24101957380981,,
147034,69,H4,2026-04-01 01:00:00,0.004185802680313488,44.51920647831262,,
147035,69,H4,2026-04-01 05:00:00,0.004311102488862528,54.50713971395406,,
147036,69,H4,2026-04-01 09:00:00,0.004357452311086639,57.51530441526592,,
147037,69,H4,2026-04-01 13:00:00,0.004373348574580453,62.7425709613105,,
147038,69,H4,2026-04-01 17:00:00,0.004442395104967572,55.6376639985714,1.33464,
147039,69,H4,2026-04-01 21:00:00,0.00425722402604131,56.534936105589196,,
147040,69,H4,2026-04-02 01:00:00,0.004603136595609779,43.23005471823429,,
147041,69,H4,2026-04-02 05:00:00,0.004574341124494793,38.78536705334553,,
147042,69,H4,2026-04-02 09:00:00,0.0045133167584594635,41.218960478270105,,
147043,69,H4,2026-04-02 13:00:00,0.004544508418569487,44.37576650131345,,
147044,69,H4,2026-04-02 17:00:00,0.004374900674385953,43.695939945982786,,
147045,69,H4,2026-04-02 21:00:00,0.00419455062621552,45.22819397873903,,
147046,69,H4,2026-04-03 01:00:00,0.003989225581485839,43.9083628342725,,
147047,69,H4,2026-04-03 05:00:00,0.0038521380399511376,46.35296146678713,,
147048,69,H4,2026-04-03 09:00:00,0.00385484246566891,42.002355471827656,,
147049,69,H4,2026-04-03 13:00:00,0.003758782289549703,39.62429898843376,,
147050,69,H4,2026-04-03 17:00:00,0.003658154983153301,39.81742925373326,,
147051,69,H4,2026-04-05 21:00:00,0.00354971534149948,39.578827404028864,,
147052,69,H4,2026-04-06 01:00:00,0.0034933071028209364,43.632168593411116,,
147053,69,H4,2026-04-06 05:00:00,0.003600928024048005,51.80169608834198,,
147054,69,H4,2026-04-06 09:00:00,0.0035094331651874247,51.01844869254224,,
147055,69,H4,2026-04-06 13:00:00,0.00357875936767404,48.6842823610015,,
147056,69,H4,2026-04-06 17:00:00,0.003512419412840167,49.15693823667056,,
147057,69,H4,2026-04-06 21:00:00,0.00335367516906587,47.782435472647684,,
147058,69,H4,2026-04-07 01:00:00,0.0032841269427040256,48.21262650266674,,
147059,69,H4,2026-04-07 05:00:00,0.003523832161082308,59.55950529433222,,
147060,69,H4,2026-04-07 09:00:00,0.003613558435290715,51.679086820300995,,
147061,69,H4,2026-04-07 13:00:00,0.003578304261341363,51.61161788491897,,
147062,69,H4,2026-04-07 17:00:00,0.00370342538553127,59.852679016985945,,
147063,69,H4,2026-04-07 21:00:00,0.004313180715136181,71.18346352527107,,
147064,69,H4,2026-04-08 01:00:00,0.004229382092626464,73.5859645279093,,
147065,69,H4,2026-04-08 05:00:00,0.004209426228867439,74.54568249324353,,
147066,69,H4,2026-04-08 09:00:00,0.004367324355376915,77.87630264652128,,
147067,69,H4,2026-04-08 13:00:00,0.004502515472849988,67.6323660429366,,
147068,69,H4,2026-04-08 17:00:00,0.004517335796217845,62.38095027999117,,
147069,69,H4,2026-04-08 21:00:00,0.004333240382202273,61.581900003958886,,
147070,69,H4,2026-04-09 01:00:00,0.0042037232120449575,62.53512766979561,,
147071,69,H4,2026-04-09 05:00:00,0.004094885839756033,63.0466790682801,,
147072,69,H4,2026-04-09 09:00:00,0.004049536851202033,64.57313582119446,,
147073,69,H4,2026-04-09 13:00:00,0.00413314136183046,67.81194095029315,,
147074,69,H4,2026-04-09 17:00:00,0.004044345550271129,65.96608560998878,,
147075,69,H4,2026-04-09 21:00:00,0.0038790351538231923,63.35236689163205,,
147076,69,H4,2026-04-10 01:00:00,0.00368624692855012,62.4639213597125,,
147077,69,H4,2026-04-10 05:00:00,0.0035515150050822557,62.34003995254305,,
147078,69,H4,2026-04-10 09:00:00,0.0036721210761478185,67.55165117933956,,
147079,69,H4,2026-04-10 13:00:00,0.0036326838564229753,66.8626092300567,,
147080,69,H4,2026-04-10 17:00:00,0.00350749215239277,67.41331696555203,,
147081,69,H4,2026-04-12 21:00:00,0.003821956998650435,53.6377368377092,,
147082,69,H4,2026-04-13 01:00:00,0.0036289600701754046,54.095317150670084,,
147083,69,H4,2026-04-13 05:00:00,0.0036018914937343024,58.009160531506836,,
147084,69,H4,2026-04-13 09:00:00,0.003536042101324711,59.335624370429294,,
147085,69,H4,2026-04-13 13:00:00,0.0036291819512300856,64.91960837467892,,
147086,69,H4,2026-04-13 17:00:00,0.0036185260975708047,68.77023436794161,,
147087,69,H4,2026-04-13 21:00:00,0.003477202804887182,69.80925960648774,,
147088,69,H4,2026-04-14 01:00:00,0.003360259747395245,70.31788927059807,,
147089,69,H4,2026-04-14 05:00:00,0.00332309833686701,72.4322278911683,,
147090,69,H4,2026-04-14 09:00:00,0.003486448455662216,77.08254875821513,,
147091,69,H4,2026-04-14 13:00:00,0.0034559878516863323,71.93010505907773,,
147092,69,H4,2026-04-14 17:00:00,0.003297703005137302,71.61124317984181,,
147093,69,H4,2026-04-14 21:00:00,0.0031964385047703594,72.38039288955773,,
147094,69,H4,2026-04-15 01:00:00,0.003113835754429622,70.64310051686459,,
147095,69,H4,2026-04-15 05:00:00,0.003057133200541799,69.6965202687282,,
147096,69,H4,2026-04-15 09:00:00,0.003028052257645959,66.80451270532856,,
147097,69,H4,2026-04-15 13:00:00,0.0030003342392426746,69.51443042953376,,
147098,69,H4,2026-04-15 17:00:00,0.00291031036501106,65.49915431677636,,
147099,69,H4,2026-04-15 21:00:00,0.0028188596246531286,67.54906052000146,,
147100,69,H4,2026-04-16 01:00:00,0.002859655365749334,67.98688854282372,,
147101,69,H4,2026-04-16 05:00:00,0.002899679982481523,59.93196841429968,,
147102,69,H4,2026-04-16 09:00:00,0.0028497028408756985,58.80222617413647,,
147103,69,H4,2026-04-16 13:00:00,0.0029218669236702895,53.815996382922414,,
147104,69,H4,2026-04-16 17:00:00,0.0028095907148366944,53.26941962179517,,
147105,69,H4,2026-04-16 21:00:00,0.00273604852091978,51.52246047391074,,
147106,69,H4,2026-04-17 01:00:00,0.002633473626568373,52.014477925627396,,
147107,69,H4,2026-04-17 05:00:00,0.002656796938956352,54.39599423279617,,
147108,69,H4,2026-04-17 09:00:00,0.0029427400147451917,65.59894867179746,,
147109,69,H4,2026-04-17 13:00:00,0.0031268300136919613,57.07022113162296,1.35996,
147110,69,H4,2026-04-17 17:00:00,0.0031999135841425425,48.84495359070324,,
147111,69,H4,2026-04-19 21:00:00,0.0032749197567037798,44.42851859410466,,
147112,69,H4,2026-04-20 01:00:00,0.0031781397740820914,46.66092634835435,,
147113,69,H4,2026-04-20 05:00:00,0.0032154155045048018,45.10773217839368,,
147114,69,H4,2026-04-20 09:00:00,0.003210028682754453,49.45192140773955,,
147115,69,H4,2026-04-20 13:00:00,0.003250026633986281,54.07742617030725,,
147116,69,H4,2026-04-20 17:00:00,0.0031178818744158373,52.8519324092195,,
147117,69,H4,2026-04-20 21:00:00,0.0030166045976718356,50.801472949907975,,
147118,69,H4,2026-04-21 01:00:00,0.0029054185549809916,48.6280165553287,,
147119,69,H4,2026-04-21 05:00:00,0.003045031515339498,45.936393496809444,,
147120,69,H4,2026-04-21 09:00:00,0.0030261006928152486,48.830160369101634,,
147121,69,H4,2026-04-21 13:00:00,0.003110664929042734,44.91191949960423,,
147122,69,H4,2026-04-21 17:00:00,0.003252760291253959,47.73472478526864,,
147123,69,H4,2026-04-21 21:00:00,0.00318042027045009,48.143526682844595,,
147124,69,H4,2026-04-22 01:00:00,0.003037533108275081,47.50330823615768,,
147125,69,H4,2026-04-22 05:00:00,0.0030169950291125775,53.349096467431316,,
147126,69,H4,2026-04-22 09:00:00,0.003107209669890255,44.61107108526989,,
147127,69,H4,2026-04-22 13:00:00,0.003118123264898097,47.448662550687416,,
147128,69,H4,2026-04-22 17:00:00,0.003025400174548244,47.20065192752247,,
147129,69,H4,2026-04-22 21:00:00,0.003033585876366221,48.58971585471505,,
147130,69,H4,2026-04-23 01:00:00,0.0030161868851972104,43.899671360056594,,
147131,69,H4,2026-04-23 05:00:00,0.0029878878219688427,48.15725092176709,,
147132,69,H4,2026-04-23 09:00:00,0.0029880386918281986,43.892575357725704,,
147133,69,H4,2026-04-23 13:00:00,0.0030574644995547532,45.184138395719394,,
147134,69,H4,2026-04-23 17:00:00,0.0031662170353008445,39.333610907742916,,1.34479
147135,69,H4,2026-04-23 21:00:00,0.003011487247065078,39.73378441021852,,
147136,69,H4,2026-04-24 01:00:00,0.002936381015131871,38.56934717690583,,
147137,69,H4,2026-04-24 05:00:00,0.0029002109426224465,43.43491885352189,,
147138,69,H4,2026-04-24 09:00:00,0.0029109101610065575,50.906228036617996,,
147139,69,H4,2026-04-24 13:00:00,0.0029544165780775312,55.844762957528204,,
147140,69,H4,2026-04-24 17:00:00,0.002890529679643418,58.10254087113211,,
147141,69,H4,2026-04-26 21:00:00,0.00287334898824032,55.24841473651062,,
147142,69,H4,2026-04-27 01:00:00,0.0028602526319374297,59.7207659299528,,
147143,69,H4,2026-04-27 05:00:00,0.002891663158227619,62.54858622134047,,
147144,69,H4,2026-04-27 09:00:00,0.0028894015040684938,60.69920166425856,,
147145,69,H4,2026-04-27 13:00:00,0.0028794442537778894,58.75892992671441,,
147146,69,H4,2026-04-27 17:00:00,0.002775912521365186,55.420278965679614,,
147147,69,H4,2026-04-27 21:00:00,0.002649775912696241,55.07638766021826,,
147148,69,H4,2026-04-28 01:00:00,0.0025712204903607914,54.350002875407526,,
147149,69,H4,2026-04-28 05:00:00,0.0025947047410492994,46.21128961897376,,
147150,69,H4,2026-04-28 09:00:00,0.002712225830974351,42.63490522569959,,
147151,69,H4,2026-04-28 13:00:00,0.0027720668430476075,49.74556049230483,,
147152,69,H4,2026-04-28 17:00:00,0.002677633497115632,50.7659062023486,,
147153,69,H4,2026-04-28 21:00:00,0.0025978025330359446,52.799661025291584,,
147154,69,H4,2026-04-29 01:00:00,0.0025208166378190887,49.084387799553674,,
147155,69,H4,2026-04-29 05:00:00,0.0024750440208320024,44.98751891663431,,
147156,69,H4,2026-04-29 09:00:00,0.0024253980193439943,45.34610540184114,,
147157,69,H4,2026-04-29 13:00:00,0.0025100124465337013,39.935632297421115,,
147158,69,H4,2026-04-29 17:00:00,0.0025850115574955804,38.67398593837744,,
147159,69,H4,2026-04-29 21:00:00,0.0025703678748173124,41.97749861041825,,
147160,69,H4,2026-04-30 01:00:00,0.002610341598044653,35.949855089289116,,
147161,69,H4,2026-04-30 05:00:00,0.002755317198184319,44.65303904545085,,1.34542
147162,69,H4,2026-04-30 09:00:00,0.002960651684028298,52.69545590374073,,
147163,69,H4,2026-04-30 13:00:00,0.0033848908494548574,65.286517198402,,
147164,69,H4,2026-04-30 17:00:00,0.0034016843602080785,68.80041016318778,,
147165,69,H4,2026-04-30 21:00:00,0.003230135477336081,68.85367023058228,,
147166,69,H4,2026-05-01 01:00:00,0.0031151258003835167,66.88626228682949,,
147167,69,H4,2026-05-01 05:00:00,0.0031497596717846815,68.54963804543792,,
147168,69,H4,2026-05-01 09:00:00,0.0032919196952286276,71.55701453919144,,
147169,69,H4,2026-05-01 13:00:00,0.0034767825741408606,62.331799084626326,1.36578,
147170,69,H4,2026-05-01 17:00:00,0.0034641552474165035,56.26448977704286,,
147171,69,H4,2026-05-03 21:00:00,0.0034331441583153313,58.390839665540504,,
147172,69,H4,2026-05-04 01:00:00,0.003367919575578527,58.631504387262154,,
147173,69,H4,2026-05-04 05:00:00,0.003407353891608643,51.89328335317517,,
147174,69,H4,2026-05-04 09:00:00,0.0034704000422080346,51.07684811326878,,
147175,69,H4,2026-05-04 13:00:00,0.003631800039193176,43.03530458967767,,
147176,69,H4,2026-05-04 17:00:00,0.003541671464965091,46.20184397658308,,
147177,69,H4,2026-05-04 21:00:00,0.0033772663603247365,44.72333191827451,,
147178,69,H4,2026-05-05 01:00:00,0.0032574616203015433,42.962605778199816,,
147179,69,H4,2026-05-05 05:00:00,0.0032890715045657214,49.355444221057006,,
147180,69,H4,2026-05-05 09:00:00,0.0031998521113824584,49.771964492408166,,
147181,69,H4,2026-05-05 13:00:00,0.003221291246283716,52.57241445264536,,
147182,69,H4,2026-05-05 17:00:00,0.0031433418715491623,48.27299962304147,,
147183,69,H4,2026-05-05 21:00:00,0.0032188174521527923,56.20405674737643,,
147184,69,H4,2026-05-06 01:00:00,0.003220330491284729,58.910512676834735,,
147185,69,H4,2026-05-06 05:00:00,0.0033717354561929556,64.77167514357257,,
147186,69,H4,2026-05-06 09:00:00,0.0033851829236077454,61.11901276776906,,
147187,69,H4,2026-05-06 13:00:00,0.0034348127147786267,54.58268707119412,,
147188,69,H4,2026-05-06 17:00:00,0.0033180403780087263,56.35976424494472,,
147189,69,H4,2026-05-06 21:00:00,0.003149608922436664,56.025914284288774,,
147190,69,H4,2026-05-07 01:00:00,0.0030539225708340356,57.101013465582035,,
147191,69,H4,2026-05-07 05:00:00,0.0030757852443458766,61.63710708410123,,
147192,69,H4,2026-05-07 09:00:00,0.0030060862983211705,61.84817357344806,,
147193,69,H4,2026-05-07 13:00:00,0.0030885087055839396,54.00813995118382,,
147194,69,H4,2026-05-07 17:00:00,0.0032036152266136687,44.915132037856026,,
147195,69,H4,2026-05-07 21:00:00,0.0030747855675698397,44.983769091366696,,
147196,69,H4,2026-05-08 01:00:00,0.0029923008841719885,48.334636467745355,,
147197,69,H4,2026-05-08 05:00:00,0.0031371365353025623,57.5830905842156,,
147198,69,H4,2026-05-08 09:00:00,0.003085198211352381,57.65084101846909,,
147199,69,H4,2026-05-08 13:00:00,0.003040541196255791,58.243407046232136,,
147200,69,H4,2026-05-08 17:00:00,0.0029726453965232295,60.936844950779985,,
147201,69,H4,2026-05-10 21:00:00,0.003295313582485856,52.863013994522454,,
147202,69,H4,2026-05-11 01:00:00,0.003215648326594014,49.02804177062583,,
147203,69,H4,2026-05-11 05:00:00,0.0032323877318372954,54.30457413647191,,
147204,69,H4,2026-05-11 09:00:00,0.0032165028938489298,54.9210798912112,,
147205,69,H4,2026-05-11 13:00:00,0.003291038401431144,60.18065344300079,1.36536,
147206,69,H4,2026-05-11 17:00:00,0.0033288213727574864,53.24510888460092,,
147207,69,H4,2026-05-11 21:00:00,0.003241048417560522,50.04940270005442,,
147208,69,H4,2026-05-12 01:00:00,0.003123116387734769,48.23715941947483,,
147209,69,H4,2026-05-12 05:00:00,0.0034971795028965655,39.27799437146742,,
147210,69,H4,2026-05-12 09:00:00,0.0035345238241182493,40.801624065787024,,
147211,69,H4,2026-05-12 13:00:00,0.0035877721223955216,37.95889630867015,,
147212,69,H4,2026-05-12 17:00:00,0.0035279312565101293,43.02691647859827,,
147213,69,H4,2026-05-12 21:00:00,0.0033637933096165537,42.346642375417375,,
147214,69,H4,2026-05-13 01:00:00,0.003251379501786797,41.90495213336424,,
147215,69,H4,2026-05-13 05:00:00,0.003250566680230591,40.16952319241613,,
147216,69,H4,2026-05-13 09:00:00,0.003307669060214128,34.90740671980498,,
147217,69,H4,2026-05-13 13:00:00,0.003349978413055977,41.05773878265748,,
147218,69,H4,2026-05-13 17:00:00,0.003222837097837698,43.02873790671006,,
147219,69,H4,2026-05-13 21:00:00,0.0030869201622778617,44.41808548911025,,
147220,69,H4,2026-05-14 01:00:00,0.002951425864972302,44.14299374304897,,
147221,69,H4,2026-05-14 05:00:00,0.002948466874617135,42.44445815109513,,
147222,69,H4,2026-05-14 09:00:00,0.0029235763835730655,40.03500763185888,,
147223,69,H4,2026-05-14 13:00:00,0.0032918923561749795,30.24457514071689,,
147224,69,H4,2026-05-14 17:00:00,0.0034239000450196344,25.805095676001685,,
147225,69,H4,2026-05-14 21:00:00,0.0034014786132325137,23.973152057998675,,
147226,69,H4,2026-05-15 01:00:00,0.0032970872837159095,22.537292982852193,,
147227,69,H4,2026-05-15 05:00:00,0.0033515810491647857,21.141540777356866,,
147228,69,H4,2026-05-15 09:00:00,0.003579325259938745,23.28802659106732,,
147229,69,H4,2026-05-15 13:00:00,0.0036593734556574164,21.342600439807754,,
147230,69,H4,2026-05-15 17:00:00,0.0035658467802533044,20.79857598290772,,
147231,69,H4,2026-05-17 21:00:00,0.0034747148673780616,19.561871787625194,,
147232,69,H4,2026-05-18 01:00:00,0.003348663805422493,21.7379206663674,,1.33026
147233,69,H4,2026-05-18 05:00:00,0.0036180449621780303,38.468944421529336,,
147234,69,H4,2026-05-18 09:00:00,0.003765327464879593,42.38781430845032,,
147235,69,H4,2026-05-18 13:00:00,0.003993518360245342,48.93135792127387,,
147236,69,H4,2026-05-18 17:00:00,0.003985409905942095,49.691500518414514,,
147237,69,H4,2026-05-18 21:00:00,0.0038335949126605154,47.17104142400073,,
147238,69,H4,2026-05-19 01:00:00,0.0036954809903276225,44.843969128084346,,
147239,69,H4,2026-05-19 05:00:00,0.0036372323481613637,42.54943250245005,,
147240,69,H4,2026-05-19 09:00:00,0.0036117157518641358,45.69685600445425,,
147241,69,H4,2026-05-19 13:00:00,0.003562307483873843,44.333769012546114,,
147242,69,H4,2026-05-19 17:00:00,0.003437856949311437,43.428849857952414,,
147243,69,H4,2026-05-19 21:00:00,0.003312295738646343,42.3808010840386,,
147244,69,H4,2026-05-20 01:00:00,0.003277131757314449,42.76643297260137,,
147245,69,H4,2026-05-20 05:00:00,0.0032709080603634186,40.95321976369026,,
147246,69,H4,2026-05-20 09:00:00,0.003235843198908889,45.4161202222196,,
147247,69,H4,2026-05-20 13:00:00,0.0035797115418439605,55.77198008094993,,
147248,69,H4,2026-05-20 17:00:00,0.0034554464317122537,54.02769603736989,,
147249,69,H4,2026-05-20 21:00:00,0.003309343115161372,54.57412175204212,,
147250,69,H4,2026-05-21 01:00:00,0.0032601043212212785,53.00019331759684,,
147251,69,H4,2026-05-21 05:00:00,0.00330938258399118,53.937509104388106,,
147252,69,H4,2026-05-21 09:00:00,0.003320855256563229,48.069216729124356,,
147253,69,H4,2026-05-21 13:00:00,0.003287937023951576,46.652082932809016,,
147254,69,H4,2026-05-21 17:00:00,0.003365227236526462,52.42426173797611,,
147255,69,H4,2026-05-21 21:00:00,0.003223425291060282,51.30681139073651,,
147256,69,H4,2026-05-22 01:00:00,0.003055323484555971,52.66503923487547,,
147257,69,H4,2026-05-22 05:00:00,0.003019228949944834,51.30871686651464,,
147258,69,H4,2026-05-22 09:00:00,0.002949284024948777,54.358298152522565,,
147259,69,H4,2026-05-22 13:00:00,0.003061478023166711,56.43724969579789,,
147260,69,H4,2026-05-22 17:00:00,0.003015658164369095,51.98333975891904,,
147261,69,H4,2026-05-24 21:00:00,0.003208825438342728,63.34916046477023,,
147262,69,H4,2026-05-25 01:00:00,0.003098195049889675,64.15209241469321,,
147263,69,H4,2026-05-25 05:00:00,0.0030440382606118413,66.13074345738454,,
147264,69,H4,2026-05-25 09:00:00,0.002962321241996711,67.46943595944501,,
147265,69,H4,2026-05-25 13:00:00,0.0028414411532826675,68.07342582610399,,
147266,69,H4,2026-05-25 17:00:00,0.0026784810709053427,68.66088905837381,1.35091,
147267,69,H4,2026-05-25 21:00:00,0.0026221609944121,63.346897390697286,,
147268,69,H4,2026-05-26 01:00:00,0.0025384352090969467,58.19124283898522,,
147269,69,H4,2026-05-26 05:00:00,0.0025028326941614536,56.079497785410965,,
147270,69,H4,2026-05-26 09:00:00,0.0024933446445784915,53.21114143713108,,
147271,69,H4,2026-05-26 13:00:00,0.0025709628842514503,45.18451554745764,,
147272,69,H4,2026-05-26 17:00:00,0.0024958941068049154,47.147918900013416,,
147273,69,H4,2026-05-26 21:00:00,0.0024069016706045623,49.930398590542524,,
147274,69,H4,2026-05-27 01:00:00,0.002323551551275674,49.468451728178024,,
147275,69,H4,2026-05-27 05:00:00,0.0022675835833274186,46.898453166457905,,
147276,69,H4,2026-05-27 09:00:00,0.002295613327375452,44.8455953805475,,
147277,69,H4,2026-05-27 13:00:00,0.002430212375420068,41.95731098799533,,
147278,69,H4,2026-05-27 17:00:00,0.00236948292003293,40.908706575649056,,
147279,69,H4,2026-05-27 21:00:00,0.0023516627114591577,36.827318140186534,,
147280,69,H4,2026-05-28 01:00:00,0.0025165439463549397,28.889919575825118,,1.33676
147281,69,H4,2026-05-28 05:00:00,0.002595362235901012,38.46501464594065,,
147282,69,H4,2026-05-28 09:00:00,0.002684979219050949,44.86150175171418,,
147283,69,H4,2026-05-28 13:00:00,0.0028067664176901594,52.046926611788685,,
147284,69,H4,2026-05-28 17:00:00,0.002689140244997993,51.2631142719277,,
147285,69,H4,2026-05-28 21:00:00,0.0025642016560695606,50.387549753451054,,
147286,69,H4,2026-05-29 01:00:00,0.0025253301092074587,49.686875563340266,,
147287,69,H4,2026-05-29 05:00:00,0.002604949387121202,42.28142302210404,,
147288,69,H4,2026-05-29 09:00:00,0.0025974530023268427,49.11314864791897,,
147289,69,H4,2026-05-29 13:00:00,0.002809777787874931,57.16902841541792,,
147290,69,H4,2026-05-29 17:00:00,0.002735507945883868,54.11239446245692,,
147291,69,H4,2026-05-31 21:00:00,0.002673685949749309,52.759173601925006,,
147292,69,H4,2026-06-01 01:00:00,0.0025612798104815084,54.19418709964807,,
147293,69,H4,2026-06-01 05:00:00,0.002526188395447116,57.51059460557623,,
147294,69,H4,2026-06-01 09:00:00,0.002485746367200891,55.291629372065344,,
147295,69,H4,2026-06-01 13:00:00,0.00271605019811512,54.32423368508067,,
147296,69,H4,2026-06-01 17:00:00,0.002642046612535478,52.47846473690505,,
147297,69,H4,2026-06-01 21:00:00,0.0025419004259258104,52.00276289067064,,
147298,69,H4,2026-06-02 01:00:00,0.002459621824073967,55.18980203561729,,
147299,69,H4,2026-06-02 05:00:00,0.002433934550925826,55.03546920008474,,
147300,69,H4,2026-06-02 09:00:00,0.0023793677972882552,57.70996269302593,,
147301,69,H4,2026-06-02 13:00:00,0.002335127240339093,55.26563172951078,,
147302,69,H4,2026-06-02 17:00:00,0.002304046723172016,54.49421542318914,,
147303,69,H4,2026-06-02 21:00:00,0.002273757671516879,55.094238430259324,,
147304,69,H4,2026-06-03 01:00:00,0.0022056321235513865,52.530125632622095,,
147305,69,H4,2026-06-03 05:00:00,0.0022409441147262818,45.305118856180094,,
148680,69,D,2026-05-10 21:00:00,0.009083015171195316,58.784092408709576,,
148681,69,D,2026-05-11 21:00:00,0.009247799801824223,52.35365385550709,,
148682,69,D,2026-05-12 21:00:00,0.009064385530265352,50.87062170223005,,
148683,69,D,2026-05-13 21:00:00,0.009402643706674972,41.722803795011984,,
148684,69,D,2026-05-14 21:00:00,0.009377454870483902,37.21872501583602,,
148685,69,D,2026-05-17 21:00:00,0.009759065236877914,46.138461641018445,,
148686,69,D,2026-05-18 21:00:00,0.009484132005672354,43.763622231205744,,
148687,69,D,2026-05-19 21:00:00,0.009440979719552902,46.81076107713352,,
148688,69,D,2026-05-20 21:00:00,0.009215195453870558,46.452499550467266,,
148689,69,D,2026-05-21 21:00:00,0.008913395778594093,46.58540512747257,,
148690,69,D,2026-05-24 21:00:00,0.008833153222980226,52.589069277759265,,
148691,69,D,2026-05-25 21:00:00,0.008719356564195918,47.997922367856305,,
148692,69,D,2026-05-26 21:00:00,0.008401545381039066,46.57248675402148,,
148693,69,D,2026-05-27 21:00:00,0.008400006425250565,47.96362371090041,,
148694,69,D,2026-05-28 21:00:00,0.0083500059663041,49.05903987645552,,
148695,69,D,2026-05-31 21:00:00,0.008248576968710957,48.95250227552737,,
148696,69,D,2026-06-01 21:00:00,0.007880107185231607,49.851651488453115,,
156489,78,H4,2026-01-07 22:00:00,0.002300566989880856,73.88263126257215,,
156490,78,H4,2026-01-08 02:00:00,0.0022212407763179394,74.42648315991694,,
156491,78,H4,2026-01-08 06:00:00,0.0022147235780095127,76.17754668524161,,
156492,78,H4,2026-01-08 10:00:00,0.002260100465294549,69.49013586336059,,
156493,78,H4,2026-01-08 14:00:00,0.002277950432059225,70.46909704324781,,
156494,78,H4,2026-01-08 18:00:00,0.002271668258340703,69.31585085750422,,
156495,78,H4,2026-01-08 22:00:00,0.0021894062398877963,70.5150367130271,,
156496,78,H4,2026-01-09 02:00:00,0.002092305794181517,69.63578979223256,,
156497,78,H4,2026-01-09 06:00:00,0.0020449982374542686,70.53695171338659,,
156498,78,H4,2026-01-09 10:00:00,0.002058926934778965,71.27588008273159,,
156499,78,H4,2026-01-09 14:00:00,0.002140432153723331,75.94242635432425,,
156500,78,H4,2026-01-09 18:00:00,0.0021246869998859607,78.00458061880161,1.39202,
156501,78,H4,2026-01-11 22:00:00,0.0022200664998941076,67.80295755917894,,
156502,78,H4,2026-01-12 02:00:00,0.0021414903213302435,66.49098642982085,,
156503,78,H4,2026-01-12 06:00:00,0.0021770981555209387,61.95045196544646,,
156504,78,H4,2026-01-12 10:00:00,0.0021358768586980177,57.90108488874248,,
156505,78,H4,2026-01-12 14:00:00,0.002169028511648171,58.41412390492377,,
156506,78,H4,2026-01-12 18:00:00,0.0021048121893875787,60.776023720056834,,
156507,78,H4,2026-01-12 22:00:00,0.002023039890145614,60.776023720056834,,
156508,78,H4,2026-01-13 02:00:00,0.001974965612278067,56.66099360170776,,
156509,78,H4,2026-01-13 06:00:00,0.001963896639972486,58.18547656212263,,
156510,78,H4,2026-01-13 10:00:00,0.002034332594260166,55.777698132029336,,
156511,78,H4,2026-01-13 14:00:00,0.002141165980384442,63.59213582031757,,
156512,78,H4,2026-01-13 18:00:00,0.0021075112674998277,61.60509986670158,,
156513,78,H4,2026-01-13 22:00:00,0.0020541176055355564,63.09531756131351,,
156514,78,H4,2026-01-14 02:00:00,0.0020123949194258794,58.79464223220434,,
156515,78,H4,2026-01-14 06:00:00,0.001985795282324037,60.45344524717267,,
156516,78,H4,2026-01-14 10:00:00,0.002011095619300892,54.101100959478075,,
156517,78,H4,2026-01-14 14:00:00,0.002000303075065112,53.913380823213814,,
156518,78,H4,2026-01-14 18:00:00,0.001965281426846168,55.969974024335286,,
156519,78,H4,2026-01-14 22:00:00,0.0019299041820714476,58.29488101120446,,
156520,78,H4,2026-01-15 02:00:00,0.001894911026209209,62.35478529152982,,
156521,78,H4,2026-01-15 06:00:00,0.0018409888100514185,63.935858076230716,,
156522,78,H4,2026-01-15 10:00:00,0.0018352038950477446,66.00808025938093,,
156523,78,H4,2026-01-15 14:00:00,0.001919117902544331,57.966431916862895,,
156524,78,H4,2026-01-15 18:00:00,0.0018877523380768735,56.42201535116057,,
156525,78,H4,2026-01-15 22:00:00,0.0018307700282142422,56.93334032261358,,
156526,78,H4,2026-01-16 02:00:00,0.001792857883341802,54.742835644540314,,
156527,78,H4,2026-01-16 06:00:00,0.0017305108916745326,56.360675547612296,,
156528,78,H4,2026-01-16 10:00:00,0.001721188685126355,58.521099754638854,,
156529,78,H4,2026-01-16 14:00:00,0.0018711037790458964,67.83965484844094,,
156530,78,H4,2026-01-16 18:00:00,0.001844596366256892,62.18293000519138,1.39288,
156531,78,H4,2026-01-18 22:00:00,0.0019135537686671125,52.929783080494936,,
156532,78,H4,2026-01-19 02:00:00,0.0018697284994766102,51.05213136468892,,
156533,78,H4,2026-01-19 06:00:00,0.001837605035228295,48.28516074175137,,
156534,78,H4,2026-01-19 10:00:00,0.00182063324699769,47.10678965944755,,
156535,78,H4,2026-01-19 14:00:00,0.0018684451579264337,40.31743746560461,,
156536,78,H4,2026-01-19 18:00:00,0.001807127646645971,41.98310332153871,,
156537,78,H4,2026-01-19 22:00:00,0.0017823328147426886,41.592451685530136,,
156538,78,H4,2026-01-20 02:00:00,0.0018614518994039294,35.75267848354282,,
156539,78,H4,2026-01-20 06:00:00,0.002024205335160794,29.06593681876504,,
156540,78,H4,2026-01-20 10:00:00,0.002052476382649315,29.352819152178242,,
156541,78,H4,2026-01-20 14:00:00,0.0020694423553172143,31.26869865627151,,
156542,78,H4,2026-01-20 18:00:00,0.002052339329937413,34.49692167790113,,
156543,78,H4,2026-01-20 22:00:00,0.0020264579492275956,31.488415761848813,,
156544,78,H4,2026-01-21 02:00:00,0.001988139524282767,37.47579235007701,,
156545,78,H4,2026-01-21 06:00:00,0.0019497009868340103,39.65997710133326,,
156546,78,H4,2026-01-21 10:00:00,0.0021740080592030126,27.502646813229205,,
156547,78,H4,2026-01-21 14:00:00,0.002329436054974216,37.28214855855904,,
156548,78,H4,2026-01-21 18:00:00,0.00233590490819035,43.19269454242156,,
156549,78,H4,2026-01-21 22:00:00,0.0023004831290339006,41.830961393929776,,
156550,78,H4,2026-01-22 02:00:00,0.0022404486198171944,40.27582440517984,,
156551,78,H4,2026-01-22 06:00:00,0.0021932737184016744,42.036324638019366,,
156552,78,H4,2026-01-22 10:00:00,0.002246611309944408,37.37179371854947,,
156553,78,H4,2026-01-22 14:00:00,0.002348281930662669,32.286888522084595,,
156554,78,H4,2026-01-22 18:00:00,0.002253404649901051,33.01868671619283,,
156555,78,H4,2026-01-22 22:00:00,0.002170304317765248,33.47414102574017,,
156556,78,H4,2026-01-23 02:00:00,0.0021067111522106,33.861594489998396,,
156557,78,H4,2026-01-23 06:00:00,0.002069088927052694,35.57883546329961,,
156558,78,H4,2026-01-23 10:00:00,0.0021841540036917962,29.271695627099803,,
156559,78,H4,2026-01-23 14:00:00,0.002502428717713809,21.16116267813952,,
156560,78,H4,2026-01-23 18:00:00,0.002552255237877115,19.960873581669247,,
156561,78,H4,2026-01-25 22:00:00,0.0025970941494573184,18.028473475533758,,
156562,78,H4,2026-01-26 02:00:00,0.0025151588530675064,17.7010556240175,,
156563,78,H4,2026-01-26 06:00:00,0.002491218934991261,17.27113883223541,,
156564,78,H4,2026-01-26 10:00:00,0.002608989011063316,28.990014168182654,,
156565,78,H4,2026-01-26 14:00:00,0.0026797755102730826,29.07167567575381,,
156566,78,H4,2026-01-26 18:00:00,0.002634077259539294,31.201775182022146,,
156567,78,H4,2026-01-26 22:00:00,0.0025459288838579207,35.38153664143516,,
156568,78,H4,2026-01-27 02:00:00,0.0025840768207252103,41.677720245359964,,
156569,78,H4,2026-01-27 06:00:00,0.0026344999049591248,35.55082480291402,,
156570,78,H4,2026-01-27 10:00:00,0.002849892768890611,29.260399896329915,,
156571,78,H4,2026-01-27 14:00:00,0.003231328999684133,21.241968007049294,,
156572,78,H4,2026-01-27 18:00:00,0.003461948356849546,19.570313298576735,,
156573,78,H4,2026-01-27 22:00:00,0.0035203806170745664,29.53312112363085,,
156574,78,H4,2026-01-28 02:00:00,0.003488210572997805,26.764120695832503,,
156575,78,H4,2026-01-28 06:00:00,0.003424766960640814,24.87785645634095,,
156576,78,H4,2026-01-28 10:00:00,0.0033715693205950423,24.284449580957258,,
156577,78,H4,2026-01-28 14:00:00,0.0035314572262668334,28.670814085012324,,
156578,78,H4,2026-01-28 18:00:00,0.003719210281533484,27.087807226498143,,
156579,78,H4,2026-01-28 22:00:00,0.0037406952614239433,26.316000626471393,,
156580,78,H4,2026-01-29 02:00:00,0.003774217028465078,23.768372225130975,,
156581,78,H4,2026-01-29 06:00:00,0.003728915812146154,26.473856377546767,,
156582,78,H4,2026-01-29 10:00:00,0.003858278968421436,24.868591334163526,,
156583,78,H4,2026-01-29 14:00:00,0.004197687613534192,24.366134780715186,,
156584,78,H4,2026-01-29 18:00:00,0.004160709926853171,21.81483015015995,,
156585,78,H4,2026-01-29 22:00:00,0.00420351636064938,33.30057048567953,,1.34818
156586,78,H4,2026-01-30 02:00:00,0.0041604080491744275,31.81852639873736,,
156587,78,H4,2026-01-30 06:00:00,0.004191807474233408,38.93371992578882,,
156588,78,H4,2026-01-30 10:00:00,0.00433953551178816,39.030910826534736,,
156589,78,H4,2026-01-30 14:00:00,0.00458242583237471,47.47153915645902,,
156590,78,H4,2026-01-30 18:00:00,0.004630823987205092,54.11227755485077,,
156591,78,H4,2026-02-01 22:00:00,0.00465147941669043,55.1358861533913,,
156592,78,H4,2026-02-02 02:00:00,0.004694945172641116,60.78778899226798,,
156593,78,H4,2026-02-02 06:00:00,0.004703163374595321,54.576994199341456,,
156594,78,H4,2026-02-02 10:00:00,0.004662937419267085,59.18494735726052,,
156595,78,H4,2026-02-02 14:00:00,0.0047284418893194305,62.1028190788378,,
156596,78,H4,2026-02-02 18:00:00,0.004642124611510897,61.379088545949806,,
156597,78,H4,2026-02-02 22:00:00,0.0044891157106887025,57.041674950296716,,
156598,78,H4,2026-02-03 02:00:00,0.004351321731353804,57.63638391431975,,
156599,78,H4,2026-02-03 06:00:00,0.004284084464828526,60.604024608542204,,
156600,78,H4,2026-02-03 10:00:00,0.0042566498601979185,56.51795280390657,,
156601,78,H4,2026-02-03 14:00:00,0.004270460584469484,53.04331053776452,,
156602,78,H4,2026-02-03 18:00:00,0.004154713399864509,51.60262206620799,,
156603,78,H4,2026-02-03 22:00:00,0.003947948157017047,50.6294554752146,,
156604,78,H4,2026-02-04 02:00:00,0.003798094717230108,49.98939915895247,,
156605,78,H4,2026-02-04 06:00:00,0.003675373665999376,52.719560025753886,,
156606,78,H4,2026-02-04 10:00:00,0.0036292755469994266,53.21156213355888,,
156607,78,H4,2026-02-04 14:00:00,0.0036178987222137437,58.1183681343147,,
156608,78,H4,2026-02-04 18:00:00,0.0035480488134842047,55.711008990089546,,
156609,78,H4,2026-02-04 22:00:00,0.003378188183949627,56.65578548105608,,
156610,78,H4,2026-02-05 02:00:00,0.003327603313667507,60.20621758350813,,
156611,78,H4,2026-02-05 06:00:00,0.0032570602198341144,63.16379900072148,,
156612,78,H4,2026-02-05 10:00:00,0.003295841632703108,54.12840535417658,,
156613,78,H4,2026-02-05 14:00:00,0.0033561386589386027,55.40697160143867,,
156614,78,H4,2026-02-05 18:00:00,0.00341355732615727,62.43922392040922,,
156615,78,H4,2026-02-05 22:00:00,0.0033354460885745988,60.64795625319273,1.37248,
156616,78,H4,2026-02-06 02:00:00,0.0032157713679621274,56.86009251023615,,
156617,78,H4,2026-02-06 06:00:00,0.0031075019845362636,54.88068586128214,,
156618,78,H4,2026-02-06 10:00:00,0.003196251842783679,48.406462227095275,,
156619,78,H4,2026-02-06 14:00:00,0.0032065195682991236,45.72213617387238,,
156620,78,H4,2026-02-06 18:00:00,0.0032474824562777503,52.59133673741819,,
156621,78,H4,2026-02-08 22:00:00,0.0031812337094007754,49.40649054315079,,
156622,78,H4,2026-02-09 02:00:00,0.003060431301586434,48.32592207938995,,
156623,78,H4,2026-02-09 06:00:00,0.00301682906575882,45.851044900871315,,
156624,78,H4,2026-02-09 10:00:00,0.003182769846776056,38.03282410208419,,
156625,78,H4,2026-02-09 14:00:00,0.003247572000577777,33.16129944739842,,
156626,78,H4,2026-02-09 18:00:00,0.0031763168576793544,31.329868526515966,,
156627,78,H4,2026-02-09 22:00:00,0.0030472942249879786,31.970267064800737,,
156628,78,H4,2026-02-10 02:00:00,0.0029053446374888415,31.69535507702578,,
156629,78,H4,2026-02-10 06:00:00,0.0028021057348110684,34.07314020333047,,
156630,78,H4,2026-02-10 10:00:00,0.0028033838966102812,31.607202444464335,,
156631,78,H4,2026-02-10 14:00:00,0.0028245707611381098,30.675709063032812,,
156632,78,H4,2026-02-10 18:00:00,0.0027406728496282397,34.323472212295414,,
156633,78,H4,2026-02-10 22:00:00,0.0026591962175119403,31.976507720086786,,
156634,78,H4,2026-02-11 02:00:00,0.002632110773403949,29.036509338913362,,
156635,78,H4,2026-02-11 06:00:00,0.0026069600038750996,27.631944420744787,,
156636,78,H4,2026-02-11 10:00:00,0.003156462860741162,47.962854616474715,,1.35044
156637,78,H4,2026-02-11 14:00:00,0.0034124297992596483,42.9137267625471,,
156638,78,H4,2026-02-11 18:00:00,0.0034129705278839574,47.30858694160165,,
156639,78,H4,2026-02-11 22:00:00,0.0032870440616065426,46.012295150627125,,
156640,78,H4,2026-02-12 02:00:00,0.003204398057206073,48.40479261095748,,
156641,78,H4,2026-02-12 06:00:00,0.003214083910262775,45.2995228566007,,
156642,78,H4,2026-02-12 10:00:00,0.0031766493452439954,45.91440730237235,,
156643,78,H4,2026-02-12 14:00:00,0.0034954601062980027,57.53907411636875,,
156644,78,H4,2026-02-12 18:00:00,0.0034486415272767137,54.169915021570546,,
156645,78,H4,2026-02-12 22:00:00,0.003273738561042655,54.96082910724433,,
156646,78,H4,2026-02-13 02:00:00,0.003158471520968179,56.96055294116494,,
156647,78,H4,2026-02-13 06:00:00,0.0032207235551847363,52.320983293535946,,
156648,78,H4,2026-02-13 10:00:00,0.0032478147298144015,51.69854773820521,,
156649,78,H4,2026-02-13 14:00:00,0.0033229708205419583,52.2015693235686,,
156650,78,H4,2026-02-13 18:00:00,0.0032791871905032467,55.11267924972699,,
156651,78,H4,2026-02-15 22:00:00,0.0031606738197530117,54.309203638359996,,
156652,78,H4,2026-02-16 02:00:00,0.002998482832627785,54.82927666399718,,
156653,78,H4,2026-02-16 06:00:00,0.0029028769160115145,55.27780841008935,,
156654,78,H4,2026-02-16 10:00:00,0.0028648142791535477,57.25839462912047,,
156655,78,H4,2026-02-16 14:00:00,0.0028016132592139993,60.134717342735954,,
156656,78,H4,2026-02-16 18:00:00,0.0026357837406987164,59.76764169273952,,
156657,78,H4,2026-02-16 22:00:00,0.0025332277592202434,61.14686569074552,,
156658,78,H4,2026-02-17 02:00:00,0.002432282919275941,60.36276298998649,,
156659,78,H4,2026-02-17 06:00:00,0.0023656912821848064,61.23617301398296,,
156660,78,H4,2026-02-17 10:00:00,0.002445999047743034,67.95698471381412,,
156661,78,H4,2026-02-17 14:00:00,0.0026062848300471087,58.81843072115935,,
156662,78,H4,2026-02-17 18:00:00,0.0025479787707580427,54.62050904528405,,
156663,78,H4,2026-02-17 22:00:00,0.002481694572846751,57.15176519040863,,
156664,78,H4,2026-02-18 02:00:00,0.002380144960500543,59.00531313153154,,
156665,78,H4,2026-02-18 06:00:00,0.002346563177607637,59.8077685334332,,
156666,78,H4,2026-02-18 10:00:00,0.0024039515220642335,63.07685211863752,,
156667,78,H4,2026-02-18 14:00:00,0.0024343835562024947,65.83218010105477,,
156668,78,H4,2026-02-18 18:00:00,0.002422641873616602,69.14541815298813,,
156669,78,H4,2026-02-18 22:00:00,0.0023345960255011324,66.58824134445712,,
156670,78,H4,2026-02-19 02:00:00,0.0022935534522510502,69.19285880054187,,
156671,78,H4,2026-02-19 06:00:00,0.002352585348518833,57.90380925109231,,
156672,78,H4,2026-02-19 10:00:00,0.002463114966481759,60.88747489681491,,
156673,78,H4,2026-02-19 14:00:00,0.0025664638974473375,63.276959201973426,,
156674,78,H4,2026-02-19 18:00:00,0.002577430761915373,57.893212082950036,,
156675,78,H4,2026-02-19 22:00:00,0.0025597571360642707,61.73339739755238,,
156676,78,H4,2026-02-20 02:00:00,0.002511203054916814,57.65355876349046,,
156677,78,H4,2026-02-20 06:00:00,0.002488974265279897,58.51888298775197,,
156678,78,H4,2026-02-20 10:00:00,0.00243333324633134,58.405475291892934,,
156679,78,H4,2026-02-20 14:00:00,0.002554523728736242,57.28952920806676,,
156680,78,H4,2026-02-20 18:00:00,0.0025442006052550834,55.693340704911826,,
156681,78,H4,2026-02-22 22:00:00,0.0026046148477368637,48.85280803780288,,
156682,78,H4,2026-02-23 02:00:00,0.0025185709300413624,50.680848156443446,,
156683,78,H4,2026-02-23 06:00:00,0.0024215301493241254,51.123497476920846,,
156684,78,H4,2026-02-23 10:00:00,0.0024614208529438295,53.977835516201445,,
156685,78,H4,2026-02-23 14:00:00,0.002494890792019277,58.023479700614544,,
156686,78,H4,2026-02-23 18:00:00,0.002436684306875052,60.34586695363282,,
156687,78,H4,2026-02-23 22:00:00,0.002447635427812555,62.97495355932061,,
156688,78,H4,2026-02-24 02:00:00,0.0023692328972545126,59.55367474089417,,
156689,78,H4,2026-02-24 06:00:00,0.0022871448331649043,59.06004532483936,,
156690,78,H4,2026-02-24 10:00:00,0.0022766344879388417,64.17645893886663,,
156691,78,H4,2026-02-24 14:00:00,0.0022868748816574865,59.75334730917826,1.37251,
156692,78,H4,2026-02-24 18:00:00,0.002210669532967666,56.87510329715091,,
156693,78,H4,2026-02-24 22:00:00,0.0021434788520414113,56.912355465512974,,
156694,78,H4,2026-02-25 02:00:00,0.0021610875054670327,47.2070852320652,,
156695,78,H4,2026-02-25 06:00:00,0.00217172411221939,53.058270233063205,,
156696,78,H4,2026-02-25 10:00:00,0.002173743818489432,55.90062981748444,,
156697,78,H4,2026-02-25 14:00:00,0.0022327621171687505,49.34590242068356,,
156698,78,H4,2026-02-25 18:00:00,0.0021618505373709918,46.0671193973321,,
156699,78,H4,2026-02-25 22:00:00,0.002141718356130198,42.08431740375996,,
156700,78,H4,2026-02-26 02:00:00,0.002105881330692333,43.537487160290794,,
156701,78,H4,2026-02-26 06:00:00,0.0020933183785000224,48.453431355414104,,
156702,78,H4,2026-02-26 10:00:00,0.0020809384943214436,52.11976926578744,,
156703,78,H4,2026-02-26 14:00:00,0.0021680143161556162,56.1000470343746,,
156704,78,H4,2026-02-26 18:00:00,0.0021902990078587893,49.35768745387809,,
156705,78,H4,2026-02-26 22:00:00,0.0021159919358688744,48.82217633074584,,
156706,78,H4,2026-02-27 02:00:00,0.0020862782261639574,43.47193715617645,,
156707,78,H4,2026-02-27 06:00:00,0.0020486869242951036,45.54628391551808,,
156708,78,H4,2026-02-27 10:00:00,0.0020602092868454566,47.69439084202558,,
156709,78,H4,2026-02-27 14:00:00,0.0022716229092136398,35.21725384331289,,1.36252
156710,78,H4,2026-02-27 18:00:00,0.002297935558555537,39.461808947929846,,
156711,78,H4,2026-03-01 22:00:00,0.0023966544472301507,41.48855530734391,,
156712,78,H4,2026-03-02 02:00:00,0.0023590362724279995,45.96237830113339,,
156713,78,H4,2026-03-02 06:00:00,0.002511962252968853,44.116746761944555,,
156714,78,H4,2026-03-02 10:00:00,0.002651822092042504,53.947750886102156,,
156715,78,H4,2026-03-02 14:00:00,0.002845977656896602,58.589376274528725,,
156716,78,H4,2026-03-02 18:00:00,0.0030112649671182774,51.16448921459035,,
156717,78,H4,2026-03-02 22:00:00,0.002924746040895545,48.860414153894105,,
156718,78,H4,2026-03-03 02:00:00,0.002857264180831584,50.79741902756795,,
156719,78,H4,2026-03-03 06:00:00,0.0029631738822007573,56.93318636339018,,
156720,78,H4,2026-03-03 10:00:00,0.0030358043191864087,58.77116188101284,,
156721,78,H4,2026-03-03 14:00:00,0.003489675439244523,49.69271559917218,1.3753,
156722,78,H4,2026-03-03 18:00:00,0.003474698622155625,50.11029182163046,,
156723,78,H4,2026-03-03 22:00:00,0.0034307915777159435,53.12215387462808,,
156724,78,H4,2026-03-04 02:00:00,0.0033128778935933847,53.03220992880574,,
156725,78,H4,2026-03-04 06:00:00,0.0034119580440509947,48.98322661422864,,
156726,78,H4,2026-03-04 10:00:00,0.0034175324694759234,47.77023253056768,,
156727,78,H4,2026-03-04 14:00:00,0.003454137293084785,45.54352072428801,,
156728,78,H4,2026-03-04 18:00:00,0.003536698915007301,40.3834031139538,,
156729,78,H4,2026-03-04 22:00:00,0.0034155061353639267,40.752239325141325,,
156730,78,H4,2026-03-05 02:00:00,0.003342969982837929,47.28501955212258,,
156731,78,H4,2026-03-05 06:00:00,0.0034106149840637846,42.63108430786577,,
156732,78,H4,2026-03-05 10:00:00,0.003424142485202089,43.19445731137965,,
156733,78,H4,2026-03-05 14:00:00,0.003762418021973364,57.972811259681606,,
156734,78,H4,2026-03-05 18:00:00,0.0037793881632609814,50.89659556689726,,
156735,78,H4,2026-03-05 22:00:00,0.003673717580170909,46.86008038538709,,
156736,78,H4,2026-03-06 02:00:00,0.0034934520387301287,48.53693728091634,,
156737,78,H4,2026-03-06 06:00:00,0.003443919750249415,49.92911563740618,,
156738,78,H4,2026-03-06 10:00:00,0.0035079254823744575,44.89157721572812,,
156739,78,H4,2026-03-06 14:00:00,0.003824502233633413,35.57989350437019,,
156740,78,H4,2026-03-06 18:00:00,0.0038170377883738793,30.95607288923172,,
156741,78,H4,2026-03-08 21:00:00,0.003923677946347169,39.49915102728119,,
156742,78,H4,2026-03-09 01:00:00,0.004036986664465221,33.39106520530301,,
156743,78,H4,2026-03-09 05:00:00,0.0040064876170034115,38.22451001980535,,
156744,78,H4,2026-03-09 09:00:00,0.004100309930074595,37.40655390912564,,1.35256
156745,78,H4,2026-03-09 13:00:00,0.004076002077926409,37.899227428739195,,
156746,78,H4,2026-03-09 17:00:00,0.004060573358074521,41.666554760154085,,
156747,78,H4,2026-03-09 21:00:00,0.003929818118212052,42.81077944172277,,
156748,78,H4,2026-03-10 01:00:00,0.003737688252625486,42.48113112321986,,
156749,78,H4,2026-03-10 05:00:00,0.0036649962345808125,41.41273609123596,,
156750,78,H4,2026-03-10 09:00:00,0.0037146393606821773,35.50547444499314,,
156751,78,H4,2026-03-10 13:00:00,0.0036907365492048747,41.05911340220738,,
156752,78,H4,2026-03-10 17:00:00,0.0035685410814045174,43.34970174725795,,
156753,78,H4,2026-03-10 21:00:00,0.0033879310041613326,43.1533918592391,,
156754,78,H4,2026-03-11 01:00:00,0.0033287930752926584,39.37086573853527,,
156755,78,H4,2026-03-11 05:00:00,0.0032231649984860336,40.78944814448087,,
156756,78,H4,2026-03-11 09:00:00,0.0032286532128798944,48.13417266291925,,
156757,78,H4,2026-03-11 13:00:00,0.003222320840531325,46.24355199097429,,
156758,78,H4,2026-03-11 17:00:00,0.0031414407804933675,48.27870244631408,,
156759,78,H4,2026-03-11 21:00:00,0.0030491950104581207,47.243392969718954,,
156760,78,H4,2026-03-12 01:00:00,0.002936395366853975,48.56924472294465,,
156761,78,H4,2026-03-12 05:00:00,0.002853081412078695,47.36738581378838,,
156762,78,H4,2026-03-12 09:00:00,0.0027964327397873557,51.12968072676057,,
156763,78,H4,2026-03-12 13:00:00,0.0028781161155168344,57.95204178667636,,
156764,78,H4,2026-03-12 17:00:00,0.0028418221072656308,60.05604289289271,,
156765,78,H4,2026-03-12 21:00:00,0.0028031205281752263,56.44412320799256,,
156766,78,H4,2026-03-13 01:00:00,0.0027886119190198484,60.647439300062146,,
156767,78,H4,2026-03-13 05:00:00,0.002795139639089859,64.28067209429986,,
156768,78,H4,2026-03-13 09:00:00,0.002942629664869161,70.47163514974352,,
156769,78,H4,2026-03-13 13:00:00,0.003167441831664216,74.34671398928278,1.37418,
156770,78,H4,2026-03-13 17:00:00,0.003085481700831067,70.17737478929457,,
156771,78,H4,2026-03-15 21:00:00,0.0030308044364859817,66.12344279619522,,
156772,78,H4,2026-03-16 01:00:00,0.0029028898338798494,67.61204267359142,,
156773,78,H4,2026-03-16 05:00:00,0.002874111988602713,62.11886739145641,,
156774,78,H4,2026-03-16 09:00:00,0.0028881039894167984,60.349263680383324,,
156775,78,H4,2026-03-16 13:00:00,0.0029625251330298833,56.544113569675964,,
156776,78,H4,2026-03-16 17:00:00,0.0028780590520991853,57.971044980949,,
156777,78,H4,2026-03-16 21:00:00,0.0027410548340921054,58.21009803319655,,
156778,78,H4,2026-03-17 01:00:00,0.002619550917371236,57.60067498805146,,
156779,78,H4,2026-03-17 05:00:00,0.002562440137559016,58.72728219319398,,
156780,78,H4,2026-03-17 09:00:00,0.0025458372705905105,61.924823252084835,,
156781,78,H4,2026-03-17 13:00:00,0.002666848894119761,61.0941574385811,,
156782,78,H4,2026-03-17 17:00:00,0.002566359687396924,57.25912995602056,,
156783,78,H4,2026-03-17 21:00:00,0.0024451911382971543,57.87336245237583,,
156784,78,H4,2026-03-18 01:00:00,0.002374106056990211,60.03801979491424,,
156785,78,H4,2026-03-18 05:00:00,0.0023288127672052017,58.523893733111514,,
156786,78,H4,2026-03-18 09:00:00,0.0023081832838334044,61.88796977220117,,
156787,78,H4,2026-03-18 13:00:00,0.0024047416207024466,57.38927350063632,,
156788,78,H4,2026-03-18 17:00:00,0.002557974362080847,66.08691594536245,,
156789,78,H4,2026-03-18 21:00:00,0.0025081190505036417,61.19858869656646,,
156790,78,H4,2026-03-19 01:00:00,0.0024418248326105183,63.08077257194009,,
156791,78,H4,2026-03-19 05:00:00,0.0024531230588526196,66.71094429599668,,
156792,78,H4,2026-03-19 09:00:00,0.002437185697506001,59.80886810828548,,
156793,78,H4,2026-03-19 13:00:00,0.002509529576255569,60.295018842563444,,
156794,78,H4,2026-03-19 17:00:00,0.0026188488922373166,63.01694665901775,,
156795,78,H4,2026-03-19 21:00:00,0.0025075025427917985,62.24428223969644,,
156796,78,H4,2026-03-20 01:00:00,0.0024326809325923853,59.95269680892481,,
156797,78,H4,2026-03-20 05:00:00,0.0024582037231215058,53.78762581203802,,
156798,78,H4,2026-03-20 09:00:00,0.002491189171469972,53.04866505903033,,
156799,78,H4,2026-03-20 13:00:00,0.0026261042306506915,53.04866505903033,,
156800,78,H4,2026-03-20 17:00:00,0.002612811071318499,56.22240720343696,,
156801,78,H4,2026-03-22 21:00:00,0.002624753137652892,54.947688349357044,,
156802,78,H4,2026-03-23 01:00:00,0.0025786993421062477,53.07097469883055,,
156803,78,H4,2026-03-23 05:00:00,0.0025673636748129347,59.46134239764667,,
156804,78,H4,2026-03-23 09:00:00,0.002894694840897724,45.660366563842175,,
156805,78,H4,2026-03-23 13:00:00,0.003114359495119317,54.02376891712691,,1.36697
156806,78,H4,2026-03-23 17:00:00,0.0030519052454679387,54.90954070323622,,
156807,78,H4,2026-03-23 21:00:00,0.0029917691565059462,58.88184965974644,,
156808,78,H4,2026-03-24 01:00:00,0.002920214216755533,62.37918908479655,,
156809,78,H4,2026-03-24 05:00:00,0.0029701989155587064,59.01016392329816,,
156810,78,H4,2026-03-24 09:00:00,0.0029594704215902307,57.61091119716115,,
156811,78,H4,2026-03-24 13:00:00,0.0030687939629052215,64.4644564793277,,
156812,78,H4,2026-03-24 17:00:00,0.0031638801084119886,61.65888756732261,,
156813,78,H4,2026-03-24 21:00:00,0.00305860295781113,58.41023692808561,,
156814,78,H4,2026-03-25 01:00:00,0.0029837027465389114,62.368770673839464,,
156815,78,H4,2026-03-25 05:00:00,0.002884152550357559,65.4390010794686,,
156816,78,H4,2026-03-25 09:00:00,0.0027895702253320194,64.96004162676113,,
156817,78,H4,2026-03-25 13:00:00,0.0028553152092368824,69.59363588209878,,
156818,78,H4,2026-03-25 17:00:00,0.0027977926942913825,70.03507974814755,,
156819,78,H4,2026-03-25 21:00:00,0.0027393789304134336,72.10660692221376,,
156820,78,H4,2026-03-26 01:00:00,0.002650851863955335,70.9938777333479,,
156821,78,H4,2026-03-26 05:00:00,0.002611505302244239,73.09880852705295,,
156822,78,H4,2026-03-26 09:00:00,0.0026035406377982336,73.77001201389106,,
156823,78,H4,2026-03-26 13:00:00,0.002679002020812645,75.17615443688514,,
156824,78,H4,2026-03-26 17:00:00,0.0027005018764688837,77.93604221088417,,
156825,78,H4,2026-03-26 21:00:00,0.0026354660281496744,77.11652318459035,,
156826,78,H4,2026-03-27 01:00:00,0.002557932740424693,73.35096912760426,,
156827,78,H4,2026-03-27 05:00:00,0.002448080401822931,73.0684440001034,,
156828,78,H4,2026-03-27 09:00:00,0.002442503230264149,76.41432386621243,,
156829,78,H4,2026-03-27 13:00:00,0.002508038713816696,78.43871044141997,,
156830,78,H4,2026-03-27 17:00:00,0.0024688930914012154,80.45599396603234,,
156831,78,H4,2026-03-29 21:00:00,0.0024354007277297,76.54233727024263,,
156832,78,H4,2026-03-30 01:00:00,0.0023300149614632823,77.64454530972681,,
156833,78,H4,2026-03-30 05:00:00,0.0023992996070730534,81.30941206667475,,
156834,78,H4,2026-03-30 09:00:00,0.0023650639208535437,82.24474518873495,,
156835,78,H4,2026-03-30 13:00:00,0.002414702212221152,81.29743298946697,,
156836,78,H4,2026-03-30 17:00:00,0.0023450806256339342,81.38402676343885,,
156837,78,H4,2026-03-30 21:00:00,0.0022968605809458,79.66276234631454,,
156838,78,H4,2026-03-31 01:00:00,0.0022456562537353955,81.14902662972611,,
156839,78,H4,2026-03-31 05:00:00,0.0022002522356114463,82.53855620323262,,
156840,78,H4,2026-03-31 09:00:00,0.0021416627902106243,82.25155651693571,,
156841,78,H4,2026-03-31 13:00:00,0.002293686876624151,78.3634456535338,1.3967,
156842,78,H4,2026-03-31 17:00:00,0.002372709242579574,65.62972588749867,,
156843,78,H4,2026-03-31 21:00:00,0.0023589442966810378,57.81616568274323,,
156844,78,H4,2026-04-01 01:00:00,0.002290448275489524,61.22599685232851,,
156845,78,H4,2026-04-01 05:00:00,0.0023047019700974222,52.917137923751525,,
156846,78,H4,2026-04-01 09:00:00,0.002250080400804756,54.700856080886616,,
156847,78,H4,2026-04-01 13:00:00,0.002310788943604408,47.21746035102464,,
156848,78,H4,2026-04-01 17:00:00,0.002316446876204085,46.875571859953716,,
156849,78,H4,2026-04-01 21:00:00,0.0022152720993323578,46.333628238225735,,
156850,78,H4,2026-04-02 01:00:00,0.0023848955208086242,59.432383960883904,,1.38693
156851,78,H4,2026-04-02 05:00:00,0.0023252601264651465,61.78238402858493,,
156852,78,H4,2026-04-02 09:00:00,0.002349884403146204,60.988001503322145,,
156853,78,H4,2026-04-02 13:00:00,0.002307749802921474,58.92666358894123,,
156854,78,H4,2026-04-02 17:00:00,0.0022343391027127937,60.82777032729445,,
156855,78,H4,2026-04-02 21:00:00,0.002134029166804745,61.009973530881325,,
156856,78,H4,2026-04-03 01:00:00,0.0020201699406044047,62.330803153784416,,
156857,78,H4,2026-04-03 05:00:00,0.0019373006591326518,59.53814533619831,,
156858,78,H4,2026-04-03 09:00:00,0.0019796363263374726,65.72457577396142,,
156859,78,H4,2026-04-03 13:00:00,0.0019403765887419416,66.4359134991084,,
156860,78,H4,2026-04-03 17:00:00,0.0018832068324032259,67.49761673768879,,
156861,78,H4,2026-04-05 21:00:00,0.0018358349158029955,66.48440984257044,,
156862,78,H4,2026-04-06 01:00:00,0.0017918467075313529,62.558198875326966,,
156863,78,H4,2026-04-06 05:00:00,0.0018531433712791164,54.15643443473837,,
156864,78,H4,2026-04-06 09:00:00,0.001862918844759175,49.52902244267949,,
156865,78,H4,2026-04-06 13:00:00,0.0018841389272763883,51.992650659634315,,
156866,78,H4,2026-04-06 17:00:00,0.0018538432896137904,48.55975035693978,,
156867,78,H4,2026-04-06 21:00:00,0.0018157116260699474,52.61982335316278,,
156868,78,H4,2026-04-07 01:00:00,0.001791732224207803,52.054975996599154,,
156869,78,H4,2026-04-07 05:00:00,0.0017894656367643872,48.76642833124626,,
156870,78,H4,2026-04-07 09:00:00,0.0018252180912812098,50.63749943869362,,
156871,78,H4,2026-04-07 13:00:00,0.0019419882276182677,44.84838052146181,,
156872,78,H4,2026-04-07 17:00:00,0.0019475604970740994,38.8344552586318,,
156873,78,H4,2026-04-07 21:00:00,0.002277734747283106,29.276075008038845,,
156874,78,H4,2026-04-08 01:00:00,0.002245039408191467,26.39315284069977,,
156875,78,H4,2026-04-08 05:00:00,0.0023882508790349396,39.97338826415743,,
156876,78,H4,2026-04-08 09:00:00,0.0025005186733895843,34.6394662636927,,
156877,78,H4,2026-04-08 13:00:00,0.002536195911004606,34.903503002466806,,
156878,78,H4,2026-04-08 17:00:00,0.0025364676316471492,36.05598281788717,,
156879,78,H4,2026-04-08 21:00:00,0.002459577086529497,39.40252430870723,,
156880,78,H4,2026-04-09 01:00:00,0.0023881787232059625,38.32256944489818,,
156881,78,H4,2026-04-09 05:00:00,0.0023268802429769675,38.409138609342385,,
156882,78,H4,2026-04-09 09:00:00,0.0023513887970500378,34.54511318046083,,
156883,78,H4,2026-04-09 13:00:00,0.0024005753115464747,30.64213083215097,,
156884,78,H4,2026-04-09 17:00:00,0.002339105646436019,30.738995230559865,,
156885,78,H4,2026-04-09 21:00:00,0.0022663123859763025,34.202611931537305,,
156886,78,H4,2026-04-10 01:00:00,0.002171575786977991,34.50494624076951,,
156887,78,H4,2026-04-10 05:00:00,0.0021650346593367117,40.492428893137024,,
156888,78,H4,2026-04-10 09:00:00,0.002227532183669799,35.5823213350626,,
156889,78,H4,2026-04-10 13:00:00,0.0023519941705505295,41.764072860270424,,
156890,78,H4,2026-04-10 17:00:00,0.0023468517297969243,45.37842593445921,,
156891,78,H4,2026-04-12 21:00:00,0.0024285051776685718,52.41795473057153,,
156892,78,H4,2026-04-13 01:00:00,0.0023250405221208153,51.262253676312916,,
156893,78,H4,2026-04-13 05:00:00,0.002313251913397895,45.52036462368412,,
156894,78,H4,2026-04-13 09:00:00,0.0022737339195837585,45.42367133072951,,
156895,78,H4,2026-04-13 13:00:00,0.0024377529253277732,33.896083760396635,,
156896,78,H4,2026-04-13 17:00:00,0.0023593420020900833,33.06534786808291,,
156897,78,H4,2026-04-13 21:00:00,0.0022493890019407788,31.5230911616285,,
156898,78,H4,2026-04-14 01:00:00,0.0021487183589450056,30.950324281216922,,
156899,78,H4,2026-04-14 05:00:00,0.002189524190448938,27.171608889200172,,
156900,78,H4,2026-04-14 09:00:00,0.0022445581768454318,23.18823065824928,,
156901,78,H4,2026-04-14 13:00:00,0.002314946878499318,33.10024416970472,,
156902,78,H4,2026-04-14 17:00:00,0.0023031649586065166,35.06050450906385,,
156903,78,H4,2026-04-14 21:00:00,0.002218653175848909,35.291662826405116,,
156904,78,H4,2026-04-15 01:00:00,0.002185892234716843,38.363287292164394,,
156905,78,H4,2026-04-15 05:00:00,0.002139757075094202,36.204068134310155,,
156906,78,H4,2026-04-15 09:00:00,0.0021540601411589025,39.546216902694795,,
156907,78,H4,2026-04-15 13:00:00,0.0023037701310761297,31.059190263638826,,
156908,78,H4,2026-04-15 17:00:00,0.0022556436931421217,33.945387414309266,,
156909,78,H4,2026-04-15 21:00:00,0.002190240572203407,31.48029382071327,,
156910,78,H4,2026-04-16 01:00:00,0.00218665195990315,29.736146072211596,,
156911,78,H4,2026-04-16 05:00:00,0.002173319677052925,33.616960289124066,,
156912,78,H4,2026-04-16 09:00:00,0.002145939700120586,32.5588079402375,,
156913,78,H4,2026-04-16 13:00:00,0.002159086864397683,28.83361297612349,,
156914,78,H4,2026-04-16 17:00:00,0.0021012949455121313,29.006829925531676,,
156915,78,H4,2026-04-16 21:00:00,0.002028345306546977,28.53928509630255,,
156916,78,H4,2026-04-17 01:00:00,0.0019977492132221804,26.176508126272267,,
156917,78,H4,2026-04-17 05:00:00,0.0019893385551348892,23.705296440995156,,
156918,78,H4,2026-04-17 09:00:00,0.0020158143726252643,21.984822286015984,,
156919,78,H4,2026-04-17 13:00:00,0.0020646847745805974,25.42244958170751,,
156920,78,H4,2026-04-17 17:00:00,0.002110064433539121,36.51258046517021,,
156921,78,H4,2026-04-19 21:00:00,0.002137202688286318,37.18584535162428,,
156922,78,H4,2026-04-20 01:00:00,0.0020545453534087225,37.16088101367375,,
156923,78,H4,2026-04-20 05:00:00,0.0020220778281652297,36.73593074516515,,
156924,78,H4,2026-04-20 09:00:00,0.0020047865547248482,36.39973188420657,,
156925,78,H4,2026-04-20 13:00:00,0.0022815875151016365,26.26210978719186,,
156926,78,H4,2026-04-20 17:00:00,0.0022336169783086705,26.1619378899631,,
156927,78,H4,2026-04-20 21:00:00,0.0021769300512866304,25.948757363246628,,
156928,78,H4,2026-04-21 01:00:00,0.002094292190480444,28.45990254832688,,
156929,78,H4,2026-04-21 05:00:00,0.0020911284625889756,33.329445681383305,,
156930,78,H4,2026-04-21 09:00:00,0.0020231907152612016,31.73036231193248,,
156931,78,H4,2026-04-21 13:00:00,0.002078677092742538,35.65920627265041,,1.36312
156932,78,H4,2026-04-21 17:00:00,0.0021252001575466353,37.15717995549993,,
156933,78,H4,2026-04-21 21:00:00,0.002054114432007595,35.52424550972101,,
156934,78,H4,2026-04-22 01:00:00,0.001960963401149912,35.69026000403102,,
156935,78,H4,2026-04-22 05:00:00,0.0019480374439249106,32.78146820976065,,
156936,78,H4,2026-04-22 09:00:00,0.0020060347693588525,43.60849800406331,,
156937,78,H4,2026-04-22 13:00:00,0.002028460857261783,40.15866330320096,,
156938,78,H4,2026-04-22 17:00:00,0.0020285707960288127,46.39426158735109,,
156939,78,H4,2026-04-22 21:00:00,0.001994387167741036,44.19398684476935,,
156940,78,H4,2026-04-23 01:00:00,0.0019376452271880954,46.658856497251016,,
156941,78,H4,2026-04-23 05:00:00,0.0018992419966746648,43.9106228697468,,
156942,78,H4,2026-04-23 09:00:00,0.0019207247111979015,50.70615235497591,,
156943,78,H4,2026-04-23 13:00:00,0.001985672946112345,55.51346244584352,,
156944,78,H4,2026-04-23 17:00:00,0.002023839164247167,57.27510271838733,1.37146,
156945,78,H4,2026-04-23 21:00:00,0.001957850652515234,56.99991887849855,,
156946,78,H4,2026-04-24 01:00:00,0.0019451470344784237,60.910232241856825,1.37146,
156947,78,H4,2026-04-24 05:00:00,0.001998350817729971,51.886422510866886,,
156948,78,H4,2026-04-24 09:00:00,0.001953468616463551,48.78797742357148,,
156949,78,H4,2026-04-24 13:00:00,0.0020053637152875844,46.21462824652191,,
156950,78,H4,2026-04-24 17:00:00,0.0019421234499099004,44.47126531940579,,
156951,78,H4,2026-04-26 21:00:00,0.001899114632059186,44.837141130888824,,
156952,78,H4,2026-04-27 01:00:00,0.001827035015483534,42.67937900909284,,
156953,78,H4,2026-04-27 05:00:00,0.0021036753715204274,29.825348058555576,,
156954,78,H4,2026-04-27 09:00:00,0.002099127130697527,27.183979690099875,,
156955,78,H4,2026-04-27 13:00:00,0.00211847519279056,33.80813737044592,,
156956,78,H4,2026-04-27 17:00:00,0.002116441250448372,37.506258833159755,,
156957,78,H4,2026-04-27 21:00:00,0.0020824097325592085,37.10932168820672,,
156958,78,H4,2026-04-28 01:00:00,0.0020479518945192682,40.65998608822134,,
156959,78,H4,2026-04-28 05:00:00,0.0020345267591964774,46.01345007690337,,
156960,78,H4,2026-04-28 09:00:00,0.002137060562111021,54.87736501844452,,
156961,78,H4,2026-04-28 13:00:00,0.0021815562362459393,56.701519083538166,,
156962,78,H4,2026-04-28 17:00:00,0.00212573079079979,57.48673714337985,,
156963,78,H4,2026-04-28 21:00:00,0.002031750020028375,56.23164661757542,,
156964,78,H4,2026-04-29 01:00:00,0.001964482161454922,57.842372376043784,,
156965,78,H4,2026-04-29 05:00:00,0.001939876292779567,57.14551346591159,,
156966,78,H4,2026-04-29 09:00:00,0.0019455994147238773,53.91055307069807,,
156967,78,H4,2026-04-29 13:00:00,0.002118770885100742,53.29585582299321,,
156968,78,H4,2026-04-29 17:00:00,0.0020945729647363956,56.35808648197865,,
156969,78,H4,2026-04-29 21:00:00,0.0021078177529695145,52.64109089029036,,
156970,78,H4,2026-04-30 01:00:00,0.0020615450563288363,56.64431492602124,,
156971,78,H4,2026-04-30 05:00:00,0.002090720409448203,50.07029576702873,,
156972,78,H4,2026-04-30 09:00:00,0.002149954665916191,50.070295767028746,,
156973,78,H4,2026-04-30 13:00:00,0.0024813864754935954,32.77643950432163,,
156974,78,H4,2026-04-30 17:00:00,0.00255700172724406,27.519159036711002,,
156975,78,H4,2026-04-30 21:00:00,0.0024743587467266318,27.146508006504845,,
156976,78,H4,2026-05-01 01:00:00,0.002399047407674728,30.07809607745868,,
156977,78,H4,2026-05-01 05:00:00,0.002355544021412244,27.66316452776303,,
156978,78,H4,2026-05-01 09:00:00,0.002405862305597088,26.25843824039572,,1.35501
156979,78,H4,2026-05-01 13:00:00,0.002476157855197296,35.951519819404936,,
156980,78,H4,2026-05-01 17:00:00,0.0023735751512546266,37.72931666735993,,
156981,78,H4,2026-05-03 21:00:00,0.0023111769261650148,36.723061089602645,,
156982,78,H4,2026-05-04 01:00:00,0.002231807145724663,37.457923728465595,,
156983,78,H4,2026-05-04 05:00:00,0.002215249492458616,42.04825720556928,,
156984,78,H4,2026-05-04 09:00:00,0.002211303100140155,47.70464866391231,,
156985,78,H4,2026-05-04 13:00:00,0.002185495735844423,47.29041109592074,,
156986,78,H4,2026-05-04 17:00:00,0.0021908174689984038,50.39480301251817,,
156987,78,H4,2026-05-04 21:00:00,0.0021036162212127976,50.96675941363764,,
156988,78,H4,2026-05-05 01:00:00,0.002021215062554741,51.75306163205904,,
156989,78,H4,2026-05-05 05:00:00,0.002009699700943686,47.49565913899076,,
156990,78,H4,2026-05-05 09:00:00,0.0020304354365905633,49.70316207992099,,
156991,78,H4,2026-05-05 13:00:00,0.0020018329054055247,48.68266594256702,,
156992,78,H4,2026-05-05 17:00:00,0.0019324162693051363,48.68266594256702,,
156993,78,H4,2026-05-05 21:00:00,0.0019808151072119124,39.965465004226616,,
156994,78,H4,2026-05-06 01:00:00,0.001983614028125341,36.86144665102291,,
156995,78,H4,2026-05-06 05:00:00,0.001995498740402109,36.2549596249709,,
156996,78,H4,2026-05-06 09:00:00,0.00207153454465909,48.0395987671621,,
156997,78,H4,2026-05-06 13:00:00,0.0021292820771834403,56.126234204662005,,
156998,78,H4,2026-05-06 17:00:00,0.002067190500241769,55.692997756936094,,
156999,78,H4,2026-05-06 21:00:00,0.0020152483216530795,57.27507776011652,,
157000,78,H4,2026-05-07 01:00:00,0.0019741591558207084,56.00059112207613,,
157001,78,H4,2026-05-07 05:00:00,0.0019788620732620736,51.80534959401315,,
157002,78,H4,2026-05-07 09:00:00,0.0019489433537433543,55.06093903233726,,
157003,78,H4,2026-05-07 13:00:00,0.0019283045427616857,53.641923565768145,,
157004,78,H4,2026-05-07 17:00:00,0.0020705685039929885,64.10298652410918,,
157005,78,H4,2026-05-07 21:00:00,0.0019855278965649173,61.865729117020074,,
157006,78,H4,2026-05-08 01:00:00,0.0019115616182388522,60.05981799284504,,
157007,78,H4,2026-05-08 05:00:00,0.0018421643597932157,57.96430948766294,,
157008,78,H4,2026-05-08 09:00:00,0.002070581191236569,68.15955100064036,,
157009,78,H4,2026-05-08 13:00:00,0.0021598253918625274,67.7084014706401,,
157010,78,H4,2026-05-08 17:00:00,0.0021434092924437743,61.8854771369982,,
157011,78,H4,2026-05-10 21:00:00,0.002102451485840653,63.718336031087816,,
157012,78,H4,2026-05-11 01:00:00,0.0020422763797091803,66.28857611612155,,
157013,78,H4,2026-05-11 05:00:00,0.0020928280668728125,56.31746572463734,,
157014,78,H4,2026-05-11 09:00:00,0.0020990546335247435,55.44127458320031,,
157015,78,H4,2026-05-11 13:00:00,0.002106265016844403,54.30395655306314,,
157016,78,H4,2026-05-11 17:00:00,0.0020943889442126638,58.57472105209972,,
157017,78,H4,2026-05-11 21:00:00,0.002066218305340333,61.404912866156685,,
157018,78,H4,2026-05-12 01:00:00,0.0019729169978160146,62.592184162779965,,
157019,78,H4,2026-05-12 05:00:00,0.002016280069400587,65.73925542614163,,
157020,78,H4,2026-05-12 09:00:00,0.001959402921586259,64.12026855001886,,
157021,78,H4,2026-05-12 13:00:00,0.0020037312843300997,67.14449602299791,,
157022,78,H4,2026-05-12 17:00:00,0.0020241790497351015,59.62267106038903,,
157023,78,H4,2026-05-12 21:00:00,0.0019217376890397278,58.7581967446434,,
157024,78,H4,2026-05-13 01:00:00,0.0018830421398225998,58.66659237031867,,
157025,78,H4,2026-05-13 05:00:00,0.0018699677012638453,60.331603317361186,,
157026,78,H4,2026-05-13 09:00:00,0.0018721128654592858,58.55352196099363,,
157027,78,H4,2026-05-13 13:00:00,0.0018805333750693321,61.77704383355966,,
157028,78,H4,2026-05-13 17:00:00,0.0018633524197072431,62.050470649761714,,
157029,78,H4,2026-05-13 21:00:00,0.0017909701040138698,61.63500321119254,,
157030,78,H4,2026-05-14 01:00:00,0.0017144722394414544,61.06884117521845,,
157031,78,H4,2026-05-14 05:00:00,0.0016948670794813424,61.40818557011755,,
157032,78,H4,2026-05-14 09:00:00,0.0017402337166612426,68.5641071843231,,
157033,78,H4,2026-05-14 13:00:00,0.001790217022614011,66.77698804998388,,
157034,78,H4,2026-05-14 17:00:00,0.0017523443781415845,65.22773279036565,,
157035,78,H4,2026-05-14 21:00:00,0.0017843197797028985,70.37531536387561,,
157036,78,H4,2026-05-15 01:00:00,0.0017418683668669788,73.32193303970868,,
157037,78,H4,2026-05-15 05:00:00,0.0017481634835193375,73.8504311041415,,
157038,78,H4,2026-05-15 09:00:00,0.001801866091839381,75.39872485331624,,
157039,78,H4,2026-05-15 13:00:00,0.0019174470852794236,62.66624444887609,,
157040,78,H4,2026-05-15 17:00:00,0.0019776294363309,67.20300575802231,,
157041,78,H4,2026-05-17 21:00:00,0.0019435130480215384,70.27674940018292,,
157042,78,H4,2026-05-18 01:00:00,0.0018989764017342849,66.14140848148588,,
157043,78,H4,2026-05-18 05:00:00,0.0019247638016104181,57.50038582908889,,
157044,78,H4,2026-05-18 09:00:00,0.0019408521014953794,58.313022734136865,,
157045,78,H4,2026-05-18 13:00:00,0.0019265055228171435,59.010286165393715,,
157046,78,H4,2026-05-18 17:00:00,0.001896040842615923,58.0201858778785,,
157047,78,H4,2026-05-18 21:00:00,0.0018484664967147746,61.32055702026863,,
157048,78,H4,2026-05-19 01:00:00,0.0017842903183780054,62.909187286958684,,
157049,78,H4,2026-05-19 05:00:00,0.0017818410099224278,65.72933206904617,,
157050,78,H4,2026-05-19 09:00:00,0.001871709509213694,67.46116159863705,,
157051,78,H4,2026-05-19 13:00:00,0.001918015972841293,57.57861300366064,,
157052,78,H4,2026-05-19 17:00:00,0.0018531576890669116,55.087974810119384,,
157053,78,H4,2026-05-19 21:00:00,0.0018372178541335624,60.31882662218062,,
157054,78,H4,2026-05-20 01:00:00,0.001772416578838315,60.94496279959229,,
157055,78,H4,2026-05-20 05:00:00,0.0017643868232070062,65.52785835977875,,
157056,78,H4,2026-05-20 09:00:00,0.0018240734786922155,59.42938745422581,,
157057,78,H4,2026-05-20 13:00:00,0.002015925373071344,52.50973783403,,
157058,78,H4,2026-05-20 17:00:00,0.00198407356070911,51.419998834937054,,
157059,78,H4,2026-05-20 21:00:00,0.001943782592087029,53.24852302964602,,
157060,78,H4,2026-05-21 01:00:00,0.0019535124069379453,58.60229257099221,,
157061,78,H4,2026-05-21 05:00:00,0.0019368329492995167,60.42346871906462,,
157062,78,H4,2026-05-21 09:00:00,0.0019027734529209808,62.983848924503015,,
157063,78,H4,2026-05-21 13:00:00,0.0019582896348551977,66.41369451109198,,
157064,78,H4,2026-05-21 17:00:00,0.001967697518079837,62.12631868539574,,
157065,78,H4,2026-05-21 21:00:00,0.0019264334096455629,63.858004814111275,,
157066,78,H4,2026-05-22 01:00:00,0.001855973880385177,65.74324727782792,,
157067,78,H4,2026-05-22 05:00:00,0.0018076900317862328,62.892105063980075,,
157068,78,H4,2026-05-22 09:00:00,0.0018428550295157852,68.9457489427684,,
157069,78,H4,2026-05-22 13:00:00,0.0019369368131218043,70.12135902136096,,
157070,78,H4,2026-05-22 17:00:00,0.001941441326470247,73.3774586801351,,
157071,78,H4,2026-05-24 21:00:00,0.001964195517436653,63.39906214343909,,
157072,78,H4,2026-05-25 01:00:00,0.0019324672661911754,64.09807039008535,,
157073,78,H4,2026-05-25 05:00:00,0.0019137196043203656,66.1274779321085,,
157074,78,H4,2026-05-25 09:00:00,0.0018727396325831892,62.81717488432678,,
157075,78,H4,2026-05-25 13:00:00,0.0018504010873986762,60.56538952808727,,
157076,78,H4,2026-05-25 17:00:00,0.0017625152954416324,60.603411260471375,,
157077,78,H4,2026-05-25 21:00:00,0.001687335631481515,60.847333625884914,,
157078,78,H4,2026-05-26 01:00:00,0.0016296688006614062,63.89655317606659,,
157079,78,H4,2026-05-26 05:00:00,0.001630406743471312,58.594219336768916,,
157080,78,H4,2026-05-26 09:00:00,0.0016718062617947927,64.41197656512479,,
157081,78,H4,2026-05-26 13:00:00,0.001689534385952302,60.851661160228375,,
157082,78,H4,2026-05-26 17:00:00,0.001648853358384281,60.93185321532835,,
157083,78,H4,2026-05-26 21:00:00,0.0016096495470711253,57.566589793894096,,
157084,78,H4,2026-05-27 01:00:00,0.0015553888651374747,58.498087097033,,
157085,78,H4,2026-05-27 05:00:00,0.0015935753747705068,66.14210470420869,,
157086,78,H4,2026-05-27 09:00:00,0.0016183199908583155,66.07348764334891,,
157087,78,H4,2026-05-27 13:00:00,0.0017112971343684225,64.77094625656193,,
157088,78,H4,2026-05-27 17:00:00,0.001694061624770684,69.82472335542188,,
157089,78,H4,2026-05-27 21:00:00,0.0016644857944299169,71.98847099917852,,
157090,78,H4,2026-05-28 01:00:00,0.0017070225233992192,75.69010000916626,,
157091,78,H4,2026-05-28 05:00:00,0.0017250923431564153,74.40434000378215,,
157092,78,H4,2026-05-28 09:00:00,0.0018147286043595273,63.417094856902324,1.387,
157093,78,H4,2026-05-28 13:00:00,0.0021336765611909784,41.842669388807785,,
157094,78,H4,2026-05-28 17:00:00,0.002113413949677346,39.67089988144979,,
157095,78,H4,2026-05-28 21:00:00,0.0020295986675575315,39.80031942699011,,
157096,78,H4,2026-05-29 01:00:00,0.0019810559055891334,42.075263350055,,
157097,78,H4,2026-05-29 05:00:00,0.0020031233409041884,48.77853555268681,,
157098,78,H4,2026-05-29 09:00:00,0.0020729002451253167,53.15692262289225,,
157099,78,H4,2026-05-29 13:00:00,0.002287693084759237,46.569638385961326,,
157100,78,H4,2026-05-29 17:00:00,0.002240715007276436,45.47782588261085,,
157101,78,H4,2026-05-31 21:00:00,0.002200663935328112,48.99994892628968,,
157102,78,H4,2026-06-01 01:00:00,0.002109187939947535,50.26490362930568,,
157103,78,H4,2026-06-01 05:00:00,0.0020906745156655617,52.7165789535442,,
157104,78,H4,2026-06-01 09:00:00,0.002128483478832312,56.65613113428675,,
157105,78,H4,2026-06-01 13:00:00,0.002142163230344281,57.400303252622216,,
157106,78,H4,2026-06-01 17:00:00,0.0020998658567482724,61.479462046474545,,
157107,78,H4,2026-06-01 21:00:00,0.002027018295551965,62.6413208478519,,
157108,78,H4,2026-06-02 01:00:00,0.0019250884172982484,62.4810952193859,,
157109,78,H4,2026-06-02 05:00:00,0.0018811535303483679,63.519477455875844,,
157110,78,H4,2026-06-02 09:00:00,0.001879642563894911,57.54423336212225,,
157111,78,H4,2026-06-02 13:00:00,0.001950382380759555,55.56369007307278,,
157112,78,H4,2026-06-02 17:00:00,0.0018910693535624447,58.28954858878656,,
157113,78,H4,2026-06-02 21:00:00,0.0018517072568794216,58.73708440795128,,
157114,78,H4,2026-06-03 01:00:00,0.0018194424528166105,61.898920014860785,,
157115,78,H4,2026-06-03 05:00:00,0.0017837679919011375,65.00598059193328,,
158490,78,D,2026-05-10 21:00:00,0.0057801332735845515,48.20005418085299,,
158491,78,D,2026-05-11 21:00:00,0.005744409468328509,50.863397579525405,,
158492,78,D,2026-05-12 21:00:00,0.005579808792019322,52.18712156443319,,
158493,78,D,2026-05-13 21:00:00,0.0054412510211607895,54.14037557302325,,
158494,78,D,2026-05-14 21:00:00,0.005424018805363597,58.05811045877215,,
158495,78,D,2026-05-17 21:00:00,0.005260874604980477,56.307759820739996,,
158496,78,D,2026-05-18 21:00:00,0.005156526418910444,56.99877651739163,,
158497,78,D,2026-05-19 21:00:00,0.005128203103273991,57.1328798743548,,
158498,78,D,2026-05-20 21:00:00,0.005210474310182981,61.8582875502989,,
158499,78,D,2026-05-21 21:00:00,0.0051990118594556255,66.90021252060247,,
158500,78,D,2026-05-24 21:00:00,0.005014796726637371,63.104410980764314,,
158501,78,D,2026-05-25 21:00:00,0.004817311246163279,64.2453146901267,,
158502,78,D,2026-05-26 21:00:00,0.004818931871437328,67.48241378382403,,
158503,78,D,2026-05-27 21:00:00,0.005161151023477527,56.38870892347487,,
158504,78,D,2026-05-28 21:00:00,0.005216783093229136,57.93843540516633,,
158505,78,D,2026-05-31 21:00:00,0.0052712985865699035,63.336613586705326,,
158506,78,D,2026-06-01 21:00:00,0.005175491544672053,63.086939520475354,,
166299,88,H4,2026-01-07 22:00:00,0.0010619583751015297,46.89117386100283,,
166300,88,H4,2026-01-08 02:00:00,0.0010318184911657122,50.3655868123821,,
166301,88,H4,2026-01-08 06:00:00,0.001044545741796728,56.74997340492393,,
166302,88,H4,2026-01-08 10:00:00,0.001034935331668388,55.957222123743165,,
166303,88,H4,2026-01-08 14:00:00,0.0011031542365492208,43.57497356158706,,
166304,88,H4,2026-01-08 18:00:00,0.0010700717910814175,45.99736361094721,,
166305,88,H4,2026-01-08 22:00:00,0.0010364952345756052,46.61441453147965,,
166306,88,H4,2026-01-09 02:00:00,0.000991031289248781,46.61441453147965,,
166307,88,H4,2026-01-09 06:00:00,0.001023100482873868,51.7315695419406,,
166308,88,H4,2026-01-09 10:00:00,0.0010921647340971666,42.036120316611864,,
166309,88,H4,2026-01-09 14:00:00,0.0011170101102330832,49.82602465218522,,
166310,88,H4,2026-01-09 18:00:00,0.0010765093880735729,51.6701078062246,,
166311,88,H4,2026-01-11 22:00:00,0.0010503301460683169,51.38954927849015,,
166312,88,H4,2026-01-12 02:00:00,0.001022449421349151,55.06790318042975,,
166313,88,H4,2026-01-12 06:00:00,0.001032274462681358,52.32666917103563,0.86926,
166314,88,H4,2026-01-12 10:00:00,0.0010456834296326894,45.72232371310894,,
166315,88,H4,2026-01-12 14:00:00,0.001029563184658929,41.691310024941494,,
166316,88,H4,2026-01-12 18:00:00,0.0010203086714690064,40.57468658329169,,
166317,88,H4,2026-01-12 22:00:00,0.0010502866235069343,35.82186117888773,,
166318,88,H4,2026-01-13 02:00:00,0.0010238375789707256,37.3677006899953,,0.86518
166319,88,H4,2026-01-13 06:00:00,0.0010135634661871018,38.25746285637159,,
166320,88,H4,2026-01-13 10:00:00,0.0010111660757451725,39.37053986005346,,
166321,88,H4,2026-01-13 14:00:00,0.0010410827846205203,48.030740079739914,,
166322,88,H4,2026-01-13 18:00:00,0.0010074340142904802,51.43932606169326,,
166323,88,H4,2026-01-13 22:00:00,0.0009833315846982994,48.729696171106085,,
166324,88,H4,2026-01-14 02:00:00,0.0009766650429341391,44.94008829261702,,
166325,88,H4,2026-01-14 06:00:00,0.0009876175398674124,41.00627755608776,,
166326,88,H4,2026-01-14 10:00:00,0.001002787715591167,46.23545089771678,,
166327,88,H4,2026-01-14 14:00:00,0.0010390171644775131,50.45554032932354,,
166328,88,H4,2026-01-14 18:00:00,0.0010519445098719764,43.59384722657843,,
166329,88,H4,2026-01-14 22:00:00,0.0010210913305954033,45.514879324459784,,
166330,88,H4,2026-01-15 02:00:00,0.00099029909269573,47.51394549016715,,
166331,88,H4,2026-01-15 06:00:00,0.001008849157503176,43.796555540947466,,
166332,88,H4,2026-01-15 10:00:00,0.0010767885033958035,54.125904074159685,,
166333,88,H4,2026-01-15 14:00:00,0.0010713036102961034,51.74713755822493,,
166334,88,H4,2026-01-15 18:00:00,0.0010519247809892326,53.98547472283247,,
166335,88,H4,2026-01-15 22:00:00,0.0010310730109185718,53.69548464313368,,
166336,88,H4,2026-01-16 02:00:00,0.0009917106529958113,52.112799210357366,,
166337,88,H4,2026-01-16 06:00:00,0.0010365884634961151,46.49093334649532,,
166338,88,H4,2026-01-16 10:00:00,0.0010546892875321079,49.14938917564763,,
166339,88,H4,2026-01-16 14:00:00,0.0010679257669941014,48.35879714774245,,
166340,88,H4,2026-01-16 18:00:00,0.0010559310693516665,50.239508755220726,,
166341,88,H4,2026-01-18 22:00:00,0.0010740788501122642,56.804324164135885,,
166342,88,H4,2026-01-19 02:00:00,0.0010566446465328165,57.96035945903554,,
166343,88,H4,2026-01-19 06:00:00,0.0011154557432090434,50.09899253934747,,
166344,88,H4,2026-01-19 10:00:00,0.0010886374758369663,50.61425118490174,,
166345,88,H4,2026-01-19 14:00:00,0.001075163370420041,49.900818834007524,,
166346,88,H4,2026-01-19 18:00:00,0.0010276517011043175,52.99289557318501,,
166347,88,H4,2026-01-19 22:00:00,0.0009863908653111484,52.36814744571783,,
166348,88,H4,2026-01-20 02:00:00,0.0009666486606460656,54.82614992713171,,
166349,88,H4,2026-01-20 06:00:00,0.001140459470599923,69.24169781657304,,
166350,88,H4,2026-01-20 10:00:00,0.001323998079842785,75.8384367397976,,
166351,88,H4,2026-01-20 14:00:00,0.0013615696455682937,72.34683738647567,,
166352,88,H4,2026-01-20 18:00:00,0.0013200289565991302,74.00402003890233,,
166353,88,H4,2026-01-20 22:00:00,0.0012835983168420478,70.38679015143707,,
166354,88,H4,2026-01-21 02:00:00,0.0012347698656390478,70.63839261741863,,
166355,88,H4,2026-01-21 06:00:00,0.0012865720180933987,73.16400262462491,,
166356,88,H4,2026-01-21 10:00:00,0.0013303883025152995,75.23504748348218,0.87458,
166357,88,H4,2026-01-21 14:00:00,0.0014153605666213551,60.96901096147806,,
166358,88,H4,2026-01-21 18:00:00,0.0014406919547198254,52.32717992135939,,
166359,88,H4,2026-01-21 22:00:00,0.0014077853865255509,53.61877264606566,,
166360,88,H4,2026-01-22 02:00:00,0.0013386578589165826,53.868029823545776,,
166361,88,H4,2026-01-22 06:00:00,0.001374468011851109,50.04486049391296,,
166362,88,H4,2026-01-22 10:00:00,0.0015634345824331742,62.86149217481487,,
166363,88,H4,2026-01-22 14:00:00,0.0016510463979736666,52.6984579280748,,
166364,88,H4,2026-01-22 18:00:00,0.0015809716552612583,52.52259826160928,,
166365,88,H4,2026-01-22 22:00:00,0.0015316165370283074,51.96237227993276,,
166366,88,H4,2026-01-23 02:00:00,0.0014472153558120048,52.372688848840845,,
166367,88,H4,2026-01-23 06:00:00,0.0016074142589682882,39.49556907788565,,
166368,88,H4,2026-01-23 10:00:00,0.001614741811899124,40.62903843275461,,
166369,88,H4,2026-01-23 14:00:00,0.0016779745396206113,37.7483476171805,,
166370,88,H4,2026-01-23 18:00:00,0.001633119215361996,38.61041304535439,,
166371,88,H4,2026-01-25 22:00:00,0.0017200392714075692,44.41328609150733,,
166372,88,H4,2026-01-26 02:00:00,0.0016400364663070317,45.259102015840654,,
166373,88,H4,2026-01-26 06:00:00,0.0016143195758565256,43.49809866237718,,
166374,88,H4,2026-01-26 10:00:00,0.0015890110347239195,44.056236317887674,,
166375,88,H4,2026-01-26 14:00:00,0.0015783673893864964,43.96270063878252,,
166376,88,H4,2026-01-26 18:00:00,0.0015499125758588867,47.83872213864673,,
166377,88,H4,2026-01-26 22:00:00,0.001478490249011827,47.08332477345518,,
166378,88,H4,2026-01-27 02:00:00,0.0014214552312252688,46.6302082649744,,
166379,88,H4,2026-01-27 06:00:00,0.0014027798575663246,44.33287829262213,,
166380,88,H4,2026-01-27 10:00:00,0.0014111527248830212,46.05031549661068,,
166381,88,H4,2026-01-27 14:00:00,0.0015096418159628023,51.489978865835106,,
166382,88,H4,2026-01-27 18:00:00,0.0016075245433940302,54.93356418429416,,
166383,88,H4,2026-01-27 22:00:00,0.0015898442188658872,51.872455864348,,
166384,88,H4,2026-01-28 02:00:00,0.0015762839175183286,51.73134621816869,,
166385,88,H4,2026-01-28 06:00:00,0.0015636922091241592,54.402945749076174,,
166386,88,H4,2026-01-28 10:00:00,0.0015648570513295784,47.10309984758342,,
166387,88,H4,2026-01-28 14:00:00,0.001660224404806038,35.32376334358901,,
166388,88,H4,2026-01-28 18:00:00,0.0016309226616056049,34.24770868184741,,
166389,88,H4,2026-01-28 22:00:00,0.0015887139000623424,40.33002658813656,,
166390,88,H4,2026-01-29 02:00:00,0.0015580914786293136,37.21895046731269,,
166391,88,H4,2026-01-29 06:00:00,0.0015467992301557963,39.29154518140766,,
166392,88,H4,2026-01-29 10:00:00,0.0015177421422875273,38.65029123685289,,
166393,88,H4,2026-01-29 14:00:00,0.001559331989266989,42.341919364455826,,
166394,88,H4,2026-01-29 18:00:00,0.0014879511328907758,43.97910463958062,,
166395,88,H4,2026-01-29 22:00:00,0.001488097480541442,40.039811992482115,,
166396,88,H4,2026-01-30 02:00:00,0.0015025190890741939,46.335645633282326,,
166397,88,H4,2026-01-30 06:00:00,0.0014723391541403205,47.32830666089634,,
166398,88,H4,2026-01-30 10:00:00,0.0014857435002731544,45.34122516976222,,
166399,88,H4,2026-01-30 14:00:00,0.001514618964539362,41.37313172179529,,
166400,88,H4,2026-01-30 18:00:00,0.001485003324215121,40.0780617455356,,
166401,88,H4,2026-02-01 22:00:00,0.0015160745153426148,48.097264814256995,,
166402,88,H4,2026-02-02 02:00:00,0.001462069192818141,47.41392620225132,,
166403,88,H4,2026-02-02 06:00:00,0.0014919213933311305,39.36504270358262,,
166404,88,H4,2026-02-02 10:00:00,0.0014632127223789093,43.575380673832,,
166405,88,H4,2026-02-02 14:00:00,0.0015286975279232764,34.67332956167101,,
166406,88,H4,2026-02-02 18:00:00,0.001519504847357333,30.79274803133916,,
166407,88,H4,2026-02-02 22:00:00,0.0014581116439746661,34.537185980625736,,
166408,88,H4,2026-02-03 02:00:00,0.0014075322408336206,32.507774211957354,,
166409,88,H4,2026-02-03 06:00:00,0.0013912799379169304,34.10618767530676,,
166410,88,H4,2026-02-03 10:00:00,0.0014069027994942924,34.61373529328928,,
166411,88,H4,2026-02-03 14:00:00,0.001384981170958985,34.04886405044495,,
166412,88,H4,2026-02-03 18:00:00,0.0013460539444619193,34.29630336538928,,
166413,88,H4,2026-02-03 22:00:00,0.0012999072341432132,34.3846754570302,,
166414,88,H4,2026-02-04 02:00:00,0.0012456281459901253,34.137439879971225,,
166415,88,H4,2026-02-04 06:00:00,0.0012552261355622547,29.599304783232498,,
166416,88,H4,2026-02-04 10:00:00,0.0012527099830220935,32.89849342898671,,0.86126
166417,88,H4,2026-02-04 14:00:00,0.0013653735556633725,50.632067491852105,,
166418,88,H4,2026-02-04 18:00:00,0.0013178468731159833,51.54387256622807,,
166419,88,H4,2026-02-04 22:00:00,0.0012822863821791224,52.60442481486784,,
166420,88,H4,2026-02-05 02:00:00,0.0012535516405948988,56.894292655361554,,
166421,88,H4,2026-02-05 06:00:00,0.0014325836662666908,68.224048783928,,
166422,88,H4,2026-02-05 10:00:00,0.0016381134043904932,71.31946328477429,,
166423,88,H4,2026-02-05 14:00:00,0.0017282481612197445,74.76586975902295,,
166424,88,H4,2026-02-05 18:00:00,0.00169194472113262,72.6538161162064,,
166425,88,H4,2026-02-05 22:00:00,0.0016753772410517196,71.59984697085157,,
166426,88,H4,2026-02-06 02:00:00,0.0016278502952623078,65.3391300664658,,
166427,88,H4,2026-02-06 06:00:00,0.0015830038456007144,59.60437564341457,,
166428,88,H4,2026-02-06 10:00:00,0.0016149321423435269,61.86669920042375,,
166429,88,H4,2026-02-06 14:00:00,0.001626722703604704,54.560333937017525,,
166430,88,H4,2026-02-06 18:00:00,0.0015590996533472261,55.80465470961892,,
166431,88,H4,2026-02-08 22:00:00,0.00156130682096528,61.069926245385396,,
166432,88,H4,2026-02-09 02:00:00,0.0015204991908963268,59.80079389461207,,
166433,88,H4,2026-02-09 06:00:00,0.0016590349629751618,69.10404686696509,,
166434,88,H4,2026-02-09 10:00:00,0.0017333896084769387,68.07234657539901,,
166435,88,H4,2026-02-09 14:00:00,0.0019160046364428728,62.593170275844614,0.87417,
166436,88,H4,2026-02-09 18:00:00,0.0019020043052683777,57.320323707783075,,
166437,88,H4,2026-02-09 22:00:00,0.0018132897120349217,57.468725081892,,
166438,88,H4,2026-02-10 02:00:00,0.0017280547326038605,59.3704743332987,,
166439,88,H4,2026-02-10 06:00:00,0.0017146222517035838,63.51655184454754,,
166440,88,H4,2026-02-10 10:00:00,0.001837863519439042,55.822278428644786,,
166441,88,H4,2026-02-10 14:00:00,0.00182373041090768,59.5320581752245,,
166442,88,H4,2026-02-10 18:00:00,0.0017620353815571287,61.57046614104382,,
166443,88,H4,2026-02-10 22:00:00,0.0017140328543030427,62.0096551142761,,
166444,88,H4,2026-02-11 02:00:00,0.001643030507567107,61.313089410151086,,
166445,88,H4,2026-02-11 06:00:00,0.0016713854713123167,52.5689088619335,,
166446,88,H4,2026-02-11 10:00:00,0.0016691436519328637,49.39634370437629,,
166447,88,H4,2026-02-11 14:00:00,0.0017156333910805157,52.61025612570974,,
166448,88,H4,2026-02-11 18:00:00,0.0016902310060033301,56.034979223666255,,
166449,88,H4,2026-02-11 22:00:00,0.0016230716484316578,55.717689300154596,,
166450,88,H4,2026-02-12 02:00:00,0.0015685665306865372,55.60466502715286,,
166451,88,H4,2026-02-12 06:00:00,0.001524383207066071,55.12298787156814,,
166452,88,H4,2026-02-12 10:00:00,0.0014690701208470598,53.805384933278795,,
166453,88,H4,2026-02-12 14:00:00,0.0015262793979294123,56.52334747891163,,
166454,88,H4,2026-02-12 18:00:00,0.0014729737266487401,57.7821960829056,,
166455,88,H4,2026-02-12 22:00:00,0.0014199041747452593,58.00046671280094,,
166456,88,H4,2026-02-13 02:00:00,0.0013713395908348809,59.467373278619924,,
166457,88,H4,2026-02-13 06:00:00,0.0014041010486323892,51.43167298807445,,
166458,88,H4,2026-02-13 10:00:00,0.0014380938308729402,53.37904430229973,,
166459,88,H4,2026-02-13 14:00:00,0.001441087128667733,47.25735888001502,,
166460,88,H4,2026-02-13 18:00:00,0.0014181523337628954,41.91380414636862,,
166461,88,H4,2026-02-15 22:00:00,0.0013911414527798343,45.830366283173845,,
166462,88,H4,2026-02-16 02:00:00,0.0013203456347241366,47.37236359119459,,
166463,88,H4,2026-02-16 06:00:00,0.0013138923751009886,45.145953714386614,,
166464,88,H4,2026-02-16 10:00:00,0.0012843286340223393,45.220887559214326,,
166465,88,H4,2026-02-16 14:00:00,0.0012340194458778805,44.69486825815236,,
166466,88,H4,2026-02-16 18:00:00,0.0011858751997437466,44.55533203159851,,
166467,88,H4,2026-02-16 22:00:00,0.0011461698283334804,48.21181835613688,,
166468,88,H4,2026-02-17 02:00:00,0.0010978719834525154,51.26122863930679,,
166469,88,H4,2026-02-17 06:00:00,0.0012401668417773306,60.80088558084718,,
166470,88,H4,2026-02-17 10:00:00,0.0014030120673646698,71.317367525479,,
166471,88,H4,2026-02-17 14:00:00,0.0013842254911243304,70.1682859567869,,
166472,88,H4,2026-02-17 18:00:00,0.0013467808131868762,67.73375472195326,,
166473,88,H4,2026-02-17 22:00:00,0.001293439326530674,67.85799299747079,,
166474,88,H4,2026-02-18 02:00:00,0.0012260508032070517,67.20773202020092,,
166475,88,H4,2026-02-18 06:00:00,0.0012770471744065518,53.6760947784309,,
166476,88,H4,2026-02-18 10:00:00,0.001259400947663225,56.593207709243,,
166477,88,H4,2026-02-18 14:00:00,0.0012837294514015693,59.92617495855857,,
166478,88,H4,2026-02-18 18:00:00,0.0012620344905871779,60.823283958483714,,
166479,88,H4,2026-02-18 22:00:00,0.0012583177412595254,63.737399641906514,,
166480,88,H4,2026-02-19 02:00:00,0.0012227236168838517,65.44439528985772,,
166481,88,H4,2026-02-19 06:00:00,0.001221814787106437,61.406003067843905,,
166482,88,H4,2026-02-19 10:00:00,0.0012631137308845503,60.32036074377366,,
166483,88,H4,2026-02-19 14:00:00,0.0012843198929642257,65.30075143609477,0.87518,
166484,88,H4,2026-02-19 18:00:00,0.0012368684720382142,62.70606369862136,,
166485,88,H4,2026-02-19 22:00:00,0.0011963778668926319,63.436209507449504,,
166486,88,H4,2026-02-20 02:00:00,0.0011594937335431593,61.76195469034157,,
166487,88,H4,2026-02-20 06:00:00,0.0011852441811472168,56.90936048003873,,
166488,88,H4,2026-02-20 10:00:00,0.0011920124539224197,48.67266924259977,,
166489,88,H4,2026-02-20 14:00:00,0.0012168687072136744,52.76304454684632,,
166490,88,H4,2026-02-20 18:00:00,0.00120066379955555,57.883610562255356,,
166491,88,H4,2026-02-22 22:00:00,0.0012120449567301476,61.33528625825468,,
166492,88,H4,2026-02-23 02:00:00,0.0011654703169637088,57.00097134658145,,
166493,88,H4,2026-02-23 06:00:00,0.00115007958003773,52.63750294264871,,
166494,88,H4,2026-02-23 10:00:00,0.0011336453243207514,51.0506611342901,,
166495,88,H4,2026-02-23 14:00:00,0.0011740992297264144,56.34952354279457,,
166496,88,H4,2026-02-23 18:00:00,0.0011559492847459582,51.33880197599386,,
166497,88,H4,2026-02-23 22:00:00,0.0011248100501212428,50.008542377556495,,
166498,88,H4,2026-02-24 02:00:00,0.0010816093322554372,50.008542377556495,,
166499,88,H4,2026-02-24 06:00:00,0.0010950658085229134,49.05043051290398,,
166500,88,H4,2026-02-24 10:00:00,0.0010704182507712788,47.03486455342333,,
166501,88,H4,2026-02-24 14:00:00,0.0011703883757161854,39.850314859899655,,0.87076
166502,88,H4,2026-02-24 18:00:00,0.001178217777450748,47.811005622654,,
166503,88,H4,2026-02-24 22:00:00,0.0011469165076328429,44.45648268321548,,
166504,88,H4,2026-02-25 02:00:00,0.0011335653285162162,47.81536140374168,,
166505,88,H4,2026-02-25 06:00:00,0.0011511678050507676,43.28099365980512,,
166506,88,H4,2026-02-25 10:00:00,0.0011946558189757114,40.90973868036195,,
166507,88,H4,2026-02-25 14:00:00,0.0012243232604774465,37.8275932296313,,
166508,88,H4,2026-02-25 18:00:00,0.001170443027586206,37.617104682108234,,
166509,88,H4,2026-02-25 22:00:00,0.001133982811330048,40.97717262589821,,
166510,88,H4,2026-02-26 02:00:00,0.001101555467663617,43.230239232196745,,
166511,88,H4,2026-02-26 06:00:00,0.0011357300771162177,47.234793950413355,,
166512,88,H4,2026-02-26 10:00:00,0.001115320785893632,48.218213616651404,,
166513,88,H4,2026-02-26 14:00:00,0.0013170835869012257,66.56254116342838,,
166514,88,H4,2026-02-26 18:00:00,0.0013115776164082822,62.76620368294494,,
166515,88,H4,2026-02-26 22:00:00,0.0012671792152362598,61.745153311422214,,
166516,88,H4,2026-02-27 02:00:00,0.001233094985576532,64.12446947675753,,
166517,88,H4,2026-02-27 06:00:00,0.0012807310580353441,59.326032628436124,,
166518,88,H4,2026-02-27 10:00:00,0.0013828216967471045,68.73491805401781,,
166519,88,H4,2026-02-27 14:00:00,0.0014583344326937475,71.14135429771525,0.87894,
166520,88,H4,2026-02-27 18:00:00,0.0014798819732156215,60.91645334754599,,
166521,88,H4,2026-03-01 22:00:00,0.001498461832271646,62.35515950605325,,
166522,88,H4,2026-03-02 02:00:00,0.0014514288442522472,63.859500427889,,
166523,88,H4,2026-03-02 06:00:00,0.0015277553553770843,64.86746150816613,,
166524,88,H4,2026-03-02 10:00:00,0.0017093442585644368,48.137218020408795,,
166525,88,H4,2026-03-02 14:00:00,0.0017465339543812596,42.620165581157046,,
166526,88,H4,2026-03-02 18:00:00,0.0016824958147825995,40.72281949677992,,
166527,88,H4,2026-03-02 22:00:00,0.0016144603994409858,41.79975268601244,,
166528,88,H4,2026-03-03 02:00:00,0.0015605703709094848,45.34783323364637,,
166529,88,H4,2026-03-03 06:00:00,0.001543386772987378,44.040762083559336,,
166530,88,H4,2026-03-03 10:00:00,0.0015902877177739923,39.24220972042193,,
166531,88,H4,2026-03-03 14:00:00,0.0016109814522187065,34.72839297607942,,
166532,88,H4,2026-03-03 18:00:00,0.0015773399199173724,33.18679296104918,,
166533,88,H4,2026-03-03 22:00:00,0.0015475299256375557,36.71627153719051,,
166534,88,H4,2026-03-04 02:00:00,0.0015141349309491646,40.020175330013366,,
166535,88,H4,2026-03-04 06:00:00,0.0015952681501670844,34.35253811186625,,
166536,88,H4,2026-03-04 10:00:00,0.0016706061394408593,42.05446331905581,,
166537,88,H4,2026-03-04 14:00:00,0.0016777057009093649,43.15933497974639,,
166538,88,H4,2026-03-04 18:00:00,0.0016278695794158455,41.490875206412596,,
166539,88,H4,2026-03-04 22:00:00,0.0015680217523147105,40.41685707110647,,
166540,88,H4,2026-03-05 02:00:00,0.0015295916271493722,45.20321709952298,,
166541,88,H4,2026-03-05 06:00:00,0.0015339065109244157,43.10088721198009,,
166542,88,H4,2026-03-05 10:00:00,0.00157505604585839,38.4175088606096,,
166543,88,H4,2026-03-05 14:00:00,0.0015475520425827847,40.049003562288576,,
166544,88,H4,2026-03-05 18:00:00,0.001499869753826871,38.758880576268744,,
166545,88,H4,2026-03-05 22:00:00,0.001485593342839235,39.300363341250154,,
166546,88,H4,2026-03-06 02:00:00,0.001406622389779293,38.97051837481572,,
166547,88,H4,2026-03-06 06:00:00,0.0013875779333664886,37.692935141197324,,
166548,88,H4,2026-03-06 10:00:00,0.0015198937952688838,29.391555697148846,,
166549,88,H4,2026-03-06 14:00:00,0.0015549013813211034,29.16101038052541,,
166550,88,H4,2026-03-06 18:00:00,0.001529551282655309,29.754396742029996,,
166551,88,H4,2026-03-08 21:00:00,0.0014945833338942183,28.780789368719653,,
166552,88,H4,2026-03-09 01:00:00,0.0014478273814732072,34.75824512447278,,
166553,88,H4,2026-03-09 05:00:00,0.0015129825685108373,32.08156008917949,,
166554,88,H4,2026-03-09 09:00:00,0.0015334838136172077,29.499207404028425,,
166555,88,H4,2026-03-09 13:00:00,0.001534663541215982,29.97840476601388,,
166556,88,H4,2026-03-09 17:00:00,0.0015136161454148418,32.29130204775349,,
166557,88,H4,2026-03-09 21:00:00,0.0014726435635994996,31.18209081118688,,
166558,88,H4,2026-03-10 01:00:00,0.0014088833090566799,29.728857644817495,,
166559,88,H4,2026-03-10 05:00:00,0.0014125345012669182,32.38854924071461,,
166560,88,H4,2026-03-10 09:00:00,0.0014144963226049953,35.124104989602145,,
166561,88,H4,2026-03-10 13:00:00,0.0013884608709903525,34.82066206296702,,
166562,88,H4,2026-03-10 17:00:00,0.0013585708087767577,33.37174945844845,,
166563,88,H4,2026-03-10 21:00:00,0.001305815751006986,32.43731421287117,,
166564,88,H4,2026-03-11 01:00:00,0.001253971768792203,30.68928722374166,,
166565,88,H4,2026-03-11 05:00:00,0.001247973785307046,32.97731264502009,,
166566,88,H4,2026-03-11 09:00:00,0.001308118514927974,30.285641780554087,,
166567,88,H4,2026-03-11 13:00:00,0.0013396814781474063,23.80026911355216,,
166568,88,H4,2026-03-11 17:00:00,0.001317561372565447,22.275722289828508,,
166569,88,H4,2026-03-11 21:00:00,0.0012691641316679135,26.361657537799914,,
166570,88,H4,2026-03-12 01:00:00,0.0012249381222630574,29.79891110379289,,
166571,88,H4,2026-03-12 05:00:00,0.0012310139706728333,30.018774943553822,,
166572,88,H4,2026-03-12 09:00:00,0.0012316558299104894,27.428451673640822,,
166573,88,H4,2026-03-12 13:00:00,0.0012643946992025952,34.49409141282206,,0.86172
166574,88,H4,2026-03-12 17:00:00,0.0012347950778309827,31.730188171255094,,
166575,88,H4,2026-03-12 21:00:00,0.0012001668579859144,30.232554528352168,,
166576,88,H4,2026-03-13 01:00:00,0.0011687263681297844,35.81075439094106,,
166577,88,H4,2026-03-13 05:00:00,0.0011823887704062303,37.92844251102652,,
166578,88,H4,2026-03-13 09:00:00,0.0012693610010915044,52.41864432220678,,
166579,88,H4,2026-03-13 13:00:00,0.0012851209295849677,46.45009967124421,,
166580,88,H4,2026-03-13 17:00:00,0.0012647551489003272,42.79923682929686,,
166581,88,H4,2026-03-15 21:00:00,0.0012772726382645895,45.12177885066865,,
166582,88,H4,2026-03-16 01:00:00,0.0012274674498171205,43.86309959424926,,
166583,88,H4,2026-03-16 05:00:00,0.0012362197748301885,45.50032127729869,,
166584,88,H4,2026-03-16 09:00:00,0.0012464897909137498,49.15079990209206,,
166585,88,H4,2026-03-16 13:00:00,0.001221740520134197,47.99673303210609,,
166586,88,H4,2026-03-16 17:00:00,0.0011873304829817517,47.10342988835363,,
166587,88,H4,2026-03-16 21:00:00,0.0011489497341973436,47.972438526086215,,
166588,88,H4,2026-03-17 01:00:00,0.001105453324611818,46.01843928312292,,
166589,88,H4,2026-03-17 05:00:00,0.0010814923728538345,45.03080313590197,,
166590,88,H4,2026-03-17 09:00:00,0.0010899572033642735,52.36986176897123,,
166591,88,H4,2026-03-17 13:00:00,0.0010892459745525374,46.66651305321712,,
166592,88,H4,2026-03-17 17:00:00,0.0010542998335130737,49.456118838336124,,
166593,88,H4,2026-03-17 21:00:00,0.001014706988262144,47.291726068274315,,
166594,88,H4,2026-03-18 01:00:00,0.0009679422033862785,46.36717542655321,,
166595,88,H4,2026-03-18 05:00:00,0.0009788034745729657,48.24912856679832,,
166596,88,H4,2026-03-18 09:00:00,0.0009774603692463224,52.326278901233124,,
166597,88,H4,2026-03-18 13:00:00,0.0010454989143001557,43.06438093699909,,
166598,88,H4,2026-03-18 17:00:00,0.0010693918489929973,48.47117485945287,,
166599,88,H4,2026-03-18 21:00:00,0.0010665781454934956,47.658844450631626,,
166600,88,H4,2026-03-19 01:00:00,0.0010446797065296733,51.59051252786407,,
166601,88,H4,2026-03-19 05:00:00,0.0010929168703489862,50.412400898412265,,
166602,88,H4,2026-03-19 09:00:00,0.0011512799510383419,48.22300913242812,,
166603,88,H4,2026-03-19 13:00:00,0.0012990456688213175,41.16377746487768,,0.86118
166604,88,H4,2026-03-19 17:00:00,0.0012891138353340842,40.943731295844714,,
166605,88,H4,2026-03-19 21:00:00,0.0012813199899530752,36.27932836045118,,
166606,88,H4,2026-03-20 01:00:00,0.0012155114192421432,36.27932836045118,,
166607,88,H4,2026-03-20 05:00:00,0.001210117746439135,36.13680601339431,,
166608,88,H4,2026-03-20 09:00:00,0.0012893950502649103,55.65021879598347,,
166609,88,H4,2026-03-20 13:00:00,0.0014844382609602756,71.10222909582953,,
166610,88,H4,2026-03-20 17:00:00,0.001501264099463109,68.95879954294767,,
166611,88,H4,2026-03-22 21:00:00,0.0015111738066443136,64.195200660319,0.86798,
166612,88,H4,2026-03-23 01:00:00,0.0014775185347411512,65.00866900901046,,
166613,88,H4,2026-03-23 05:00:00,0.0015126957822596424,60.701596248947226,,
166614,88,H4,2026-03-23 09:00:00,0.0016539317978125246,50.875595707176856,,
166615,88,H4,2026-03-23 13:00:00,0.0017265080979687773,51.994950893963676,,
166616,88,H4,2026-03-23 17:00:00,0.0016753289481138615,51.04067835123551,,
166617,88,H4,2026-03-23 21:00:00,0.00162280545182001,50.665155313785995,,
166618,88,H4,2026-03-24 01:00:00,0.001579033633832871,49.616814624588706,,
166619,88,H4,2026-03-24 05:00:00,0.0015898169457019523,55.00586366768699,,
166620,88,H4,2026-03-24 09:00:00,0.0015834014495803882,51.94456610282402,,
166621,88,H4,2026-03-24 13:00:00,0.001568872774610364,55.0088279650155,,
166622,88,H4,2026-03-24 17:00:00,0.0015032390049953407,55.0088279650155,,
166623,88,H4,2026-03-24 21:00:00,0.0014537219332099575,55.40458098240048,,
166624,88,H4,2026-03-25 01:00:00,0.0014077417951235383,58.485154944019726,,
166625,88,H4,2026-03-25 05:00:00,0.001431474524043291,53.02936090936566,,
166626,88,H4,2026-03-25 09:00:00,0.0014199406294687776,53.317959014591175,,
166627,88,H4,2026-03-25 13:00:00,0.00143923058450672,47.22462706789294,,
166628,88,H4,2026-03-25 17:00:00,0.001407142685613386,49.150250925171086,,
166629,88,H4,2026-03-25 21:00:00,0.0013537753509267152,51.68173333134125,,
166630,88,H4,2026-03-26 01:00:00,0.0013035056830033732,54.71647037648391,,
166631,88,H4,2026-03-26 05:00:00,0.0012982552770745574,55.61706972806403,,
166632,88,H4,2026-03-26 09:00:00,0.001322665614426373,51.82466111450529,,
166633,88,H4,2026-03-26 13:00:00,0.001345332356253059,48.52224118770071,,
166634,88,H4,2026-03-26 17:00:00,0.0013270943308064064,48.26077684203055,,
166635,88,H4,2026-03-26 21:00:00,0.0012894447357487996,47.165951361693544,,
166636,88,H4,2026-03-27 01:00:00,0.0012259129689096045,50.30248800995846,,
166637,88,H4,2026-03-27 05:00:00,0.0011883477568446351,52.55307286061586,,
166638,88,H4,2026-03-27 09:00:00,0.001240608631355727,64.79533459798078,,
166639,88,H4,2026-03-27 13:00:00,0.0012841365862588908,68.38432031758319,,
166640,88,H4,2026-03-27 17:00:00,0.0012366982586689747,69.81855246610058,,
166641,88,H4,2026-03-29 21:00:00,0.0013276483830497632,71.63439923813165,,
166642,88,H4,2026-03-30 01:00:00,0.001293530641403353,65.69743411604318,,
166643,88,H4,2026-03-30 05:00:00,0.001308278452731681,69.99276473043548,,
166644,88,H4,2026-03-30 09:00:00,0.0012926871346794207,64.37556946386661,,
166645,88,H4,2026-03-30 13:00:00,0.0013374951964880357,68.04160133830983,,
166646,88,H4,2026-03-30 17:00:00,0.0012991026824531776,70.66879476864301,,
166647,88,H4,2026-03-30 21:00:00,0.0012777382051350936,69.31665782771137,,
166648,88,H4,2026-03-31 01:00:00,0.0012550426190540127,67.18681111079482,,
166649,88,H4,2026-03-31 05:00:00,0.0012539681462644416,56.68321692274188,,
166650,88,H4,2026-03-31 09:00:00,0.0012686847072455542,62.68508923029876,,
166651,88,H4,2026-03-31 13:00:00,0.0015630643710137213,76.52989486709653,0.87428,
166652,88,H4,2026-03-31 17:00:00,0.0015849883445127361,77.00770329705806,,
166653,88,H4,2026-03-31 21:00:00,0.0015217748913332575,77.7182617681917,,
166654,88,H4,2026-04-01 01:00:00,0.0014809338276665967,74.31735226088833,,
166655,88,H4,2026-04-01 05:00:00,0.0014894385542618353,69.13418868457711,,
166656,88,H4,2026-04-01 09:00:00,0.0015066215146717046,65.61406226538148,,
166657,88,H4,2026-04-01 13:00:00,0.00152971997790944,58.78089391404854,,
166658,88,H4,2026-04-01 17:00:00,0.0014790256937730545,58.28752744227652,,
166659,88,H4,2026-04-01 21:00:00,0.0014519524299321212,58.56840114908612,,
166660,88,H4,2026-04-02 01:00:00,0.0014260986849369721,61.238653441000416,,
166661,88,H4,2026-04-02 05:00:00,0.0014485202074414794,66.8495764877775,,
166662,88,H4,2026-04-02 09:00:00,0.0014493401926242322,60.844615846239925,,
166663,88,H4,2026-04-02 13:00:00,0.0014322444645796476,60.844615846239925,,
166664,88,H4,2026-04-02 17:00:00,0.001377084145681101,62.18754866526817,,
166665,88,H4,2026-04-02 21:00:00,0.001360149563846731,57.7771860070232,,
166666,88,H4,2026-04-03 01:00:00,0.0012944245950005356,58.792430982174594,,
166667,88,H4,2026-04-03 05:00:00,0.0012305371239290737,58.3392305560119,,
166668,88,H4,2026-04-03 09:00:00,0.0012219273293627073,62.255865211886075,,
166669,88,H4,2026-04-03 13:00:00,0.0012146468058368003,62.65912385672826,,
166670,88,H4,2026-04-03 17:00:00,0.0012300291768484605,57.529221542622516,,
166671,88,H4,2026-04-05 21:00:00,0.0012421699499307103,58.30011782484245,,
166672,88,H4,2026-04-06 01:00:00,0.0011934435249356598,57.69286823292076,,
166673,88,H4,2026-04-06 05:00:00,0.0011767689874402608,57.05289739116918,,
166674,88,H4,2026-04-06 09:00:00,0.0011448569169088142,57.63133886920308,,
166675,88,H4,2026-04-06 13:00:00,0.0011302242799867597,58.237099293289326,,
166676,88,H4,2026-04-06 17:00:00,0.0011037796885591327,55.36027803580439,,
166677,88,H4,2026-04-06 21:00:00,0.001068509710804917,54.82021457075564,,
166678,88,H4,2026-04-07 01:00:00,0.0010393304457474303,54.36330833569697,,
166679,88,H4,2026-04-07 05:00:00,0.001063663985336903,47.35067466751766,,
166680,88,H4,2026-04-07 09:00:00,0.0010969737006699836,57.61111226421758,,
166681,88,H4,2026-04-07 13:00:00,0.0011471898649078435,63.36148767657012,0.87409,
166682,88,H4,2026-04-07 17:00:00,0.0011523905888429972,54.717062281818215,,
166683,88,H4,2026-04-07 21:00:00,0.0011915055467827858,50.19680236141981,,
166684,88,H4,2026-04-08 01:00:00,0.0012235408648697279,40.8290206744394,,
166685,88,H4,2026-04-08 05:00:00,0.0012432879459504578,38.61185563828186,,
166686,88,H4,2026-04-08 09:00:00,0.0012701959498111442,36.098664115859435,,0.86862
166687,88,H4,2026-04-08 13:00:00,0.0012880390962532109,42.39743768500628,,
166688,88,H4,2026-04-08 17:00:00,0.0012588934465208382,45.51192723072518,,
166689,88,H4,2026-04-08 21:00:00,0.00121182962891221,44.88958954240965,,
166690,88,H4,2026-04-09 01:00:00,0.0011681275125613331,46.15819094011901,,
166691,88,H4,2026-04-09 05:00:00,0.001138261261664097,47.06044575018433,,
166692,88,H4,2026-04-09 09:00:00,0.0011283854572595189,49.14620850210984,,
166693,88,H4,2026-04-09 13:00:00,0.0011292150674552697,48.89724542052942,,
166694,88,H4,2026-04-09 17:00:00,0.0010999854197798892,46.12904960656587,,
166695,88,H4,2026-04-09 21:00:00,0.001067129318367038,45.4571942712577,,
166696,88,H4,2026-04-10 01:00:00,0.0010351915099122463,50.67900959689502,,
166697,88,H4,2026-04-10 05:00:00,0.0010312492592042275,46.999797685266216,,
166698,88,H4,2026-04-10 09:00:00,0.0010847314549753543,48.473630800373414,,
166699,88,H4,2026-04-10 13:00:00,0.0010858220653342568,49.679202294213226,,
166700,88,H4,2026-04-10 17:00:00,0.001056120489238949,50.915970525246685,,
166701,88,H4,2026-04-12 21:00:00,0.0011013975971504505,59.34513644556444,,
166702,88,H4,2026-04-13 01:00:00,0.0010548691973539862,56.35168711564684,,
166703,88,H4,2026-04-13 05:00:00,0.0011059499689715542,43.221185443889944,,
166704,88,H4,2026-04-13 09:00:00,0.0010762392569021552,46.76017088968899,,
166705,88,H4,2026-04-13 13:00:00,0.0010765078814091499,43.27446981155417,,
166706,88,H4,2026-04-13 17:00:00,0.0010874716041656437,47.408475899491044,,
166707,88,H4,2026-04-13 21:00:00,0.001051223632439528,47.09391541553287,,
166708,88,H4,2026-04-14 01:00:00,0.0010182790872652746,45.08064109166845,,
166709,88,H4,2026-04-14 05:00:00,0.001038402009603467,44.8329550968506,,
166710,88,H4,2026-04-14 09:00:00,0.0011320875803460739,34.44017797904539,,0.86846
166711,88,H4,2026-04-14 13:00:00,0.001120509896035642,39.10971042883001,,
166712,88,H4,2026-04-14 17:00:00,0.0010719020463188101,40.941020961557875,,
166713,88,H4,2026-04-14 21:00:00,0.001051051900153181,37.37327277605968,,
166714,88,H4,2026-04-15 01:00:00,0.0010045481929993872,37.124414672052346,,
166715,88,H4,2026-04-15 05:00:00,0.0009935090363565751,40.027318072442284,,
166716,88,H4,2026-04-15 09:00:00,0.0009868298194739636,45.08373054447879,,
166717,88,H4,2026-04-15 13:00:00,0.000978484832368683,43.20091452552246,,
166718,88,H4,2026-04-15 17:00:00,0.0009764502014852061,49.87069463502903,,
166719,88,H4,2026-04-15 21:00:00,0.0009452751870934047,47.66342639134936,,
166720,88,H4,2026-04-16 01:00:00,0.0009048983880152998,47.48930711168513,,
166721,88,H4,2026-04-16 05:00:00,0.0009131199317284942,47.30321116689994,,
166722,88,H4,2026-04-16 09:00:00,0.0008907542223193113,46.13503625114611,,
166723,88,H4,2026-04-16 13:00:00,0.000989986063582222,53.09929451448133,,
166724,88,H4,2026-04-16 17:00:00,0.0009807013447549182,58.90642066506534,,
166725,88,H4,2026-04-16 21:00:00,0.0009570798201295618,60.00440920612554,,
166726,88,H4,2026-04-17 01:00:00,0.0009108598329774526,61.27779655153671,,
166727,88,H4,2026-04-17 05:00:00,0.0009086555591933483,63.46971411387952,,
166728,88,H4,2026-04-17 09:00:00,0.0009423230192509698,59.456850494201944,0.87234,
166729,88,H4,2026-04-17 13:00:00,0.001003585660733045,50.382697171562334,,
166730,88,H4,2026-04-17 17:00:00,0.0009747581135378309,47.887141266399674,,
166731,88,H4,2026-04-19 21:00:00,0.0010194182482851318,55.0761469392165,,
166732,88,H4,2026-04-20 01:00:00,0.0009830312305504803,52.00553274776565,,
166733,88,H4,2026-04-20 05:00:00,0.0009899575712254438,57.22488306567818,,
166734,88,H4,2026-04-20 09:00:00,0.0010106748875664798,49.02302868803714,,
166735,88,H4,2026-04-20 13:00:00,0.0009977695384545961,50.134786899632715,,
166736,88,H4,2026-04-20 17:00:00,0.0009793574285649794,53.33826753907573,,
166737,88,H4,2026-04-20 21:00:00,0.0009565461836674884,55.678392312349345,,
166738,88,H4,2026-04-21 01:00:00,0.0009160785991198108,56.16817746953671,,
166739,88,H4,2026-04-21 05:00:00,0.0009670729848969687,55.946243147085426,,
166740,88,H4,2026-04-21 09:00:00,0.0010137106288328963,44.79539175620938,,
166741,88,H4,2026-04-21 13:00:00,0.0010063027267734012,42.98176464656855,,
166742,88,H4,2026-04-21 17:00:00,0.000990138246289587,38.7902678261111,,
166743,88,H4,2026-04-21 21:00:00,0.00100369980012605,38.577039509867795,,
166744,88,H4,2026-04-22 01:00:00,0.0009641498144027651,37.32495472258525,,
166745,88,H4,2026-04-22 05:00:00,0.0009552819705168578,35.22463639624492,,
166746,88,H4,2026-04-22 09:00:00,0.0009499046869085103,38.68410469982716,,
166747,88,H4,2026-04-22 13:00:00,0.0010134829235578992,28.09210490857363,,
166748,88,H4,2026-04-22 17:00:00,0.0009853770004466173,26.337075604833174,,
166749,88,H4,2026-04-22 21:00:00,0.000982850071843288,27.194287675926915,,
166750,88,H4,2026-04-23 01:00:00,0.0009569322095687641,31.0224924159824,,
166751,88,H4,2026-04-23 05:00:00,0.001016437051742421,27.067141091945473,,
166752,88,H4,2026-04-23 09:00:00,0.0010545486909036724,31.53264256294996,,0.86536
166753,88,H4,2026-04-23 13:00:00,0.0010985094986962637,36.79679463959409,,
166754,88,H4,2026-04-23 17:00:00,0.001062187391646537,38.700151463712785,,
166755,88,H4,2026-04-23 21:00:00,0.0010406025779574975,39.89145434722954,,
166756,88,H4,2026-04-24 01:00:00,0.0009862738223891088,39.00099975954417,,
166757,88,H4,2026-04-24 05:00:00,0.0009551114065041681,38.16011268518914,,
166758,88,H4,2026-04-24 09:00:00,0.0009976034488967233,36.76329145433873,,
166759,88,H4,2026-04-24 13:00:00,0.001009203202546953,33.13501377548583,,
166760,88,H4,2026-04-24 17:00:00,0.00101426011665074,29.723166075219865,,
166761,88,H4,2026-04-26 21:00:00,0.001001812965461398,33.285129066912745,,
166762,88,H4,2026-04-27 01:00:00,0.0009773977536427264,30.588073089745222,,
166763,88,H4,2026-04-27 05:00:00,0.000988297914096815,40.05373200603635,,
166764,88,H4,2026-04-27 09:00:00,0.0009977052059470433,40.74079242755896,,
166765,88,H4,2026-04-27 13:00:00,0.0010771548340936792,33.560692799777925,,
166766,88,H4,2026-04-27 17:00:00,0.0010345009173727048,36.7906141305745,,
166767,88,H4,2026-04-27 21:00:00,0.0009991794232746534,35.98323966703815,,
166768,88,H4,2026-04-28 01:00:00,0.0009706666073264671,33.78735491697873,,
166769,88,H4,2026-04-28 05:00:00,0.0009956189925174328,43.179469851084654,,
166770,88,H4,2026-04-28 09:00:00,0.0010266462073376113,47.43613075647446,,
166771,88,H4,2026-04-28 13:00:00,0.0010118857639563564,44.11940698625472,,
166772,88,H4,2026-04-28 17:00:00,0.0009717510665309067,43.79766199750198,,
166773,88,H4,2026-04-28 21:00:00,0.0009516259903501254,42.22257294617815,,
166774,88,H4,2026-04-29 01:00:00,0.0009150812767536876,42.457161352759876,,
166775,88,H4,2026-04-29 05:00:00,0.0009090040426998526,47.61126838226951,,
166776,88,H4,2026-04-29 09:00:00,0.00090336089679272,46.12809772694006,,
166777,88,H4,2026-04-29 13:00:00,0.0009252636898789496,48.212918561758,,
166778,88,H4,2026-04-29 17:00:00,0.0009113162834590253,44.790607373166864,,
166779,88,H4,2026-04-29 21:00:00,0.0008926508346405262,41.60980668706279,,
166780,88,H4,2026-04-30 01:00:00,0.0008738900607376329,43.06131773400036,,
166781,88,H4,2026-04-30 05:00:00,0.0008693264849706575,42.13833763162322,,
166782,88,H4,2026-04-30 09:00:00,0.000922231736044182,34.66920224838918,,
166783,88,H4,2026-04-30 13:00:00,0.001050643754898165,24.926360494024692,,
166784,88,H4,2026-04-30 17:00:00,0.001076312058119726,20.64080866294188,,
166785,88,H4,2026-04-30 21:00:00,0.0010415754825397522,19.801887946270995,,
166786,88,H4,2026-05-01 01:00:00,0.0010000343766440568,24.10794225776486,,
166787,88,H4,2026-05-01 05:00:00,0.001015746206883767,30.323920207740386,,0.86202
166788,88,H4,2026-05-01 09:00:00,0.001001764334963493,28.72842747026641,,
166789,88,H4,2026-05-01 13:00:00,0.0010544954538946694,34.512693399873356,,
166790,88,H4,2026-05-01 17:00:00,0.001018460064330768,37.10563347404803,,
166791,88,H4,2026-05-03 21:00:00,0.0010121414883071409,35.18523874113366,,
166792,88,H4,2026-05-04 01:00:00,0.0009698456677137799,35.855579302177276,,
166793,88,H4,2026-05-04 05:00:00,0.0009941424057342265,45.89858345534998,,
166794,88,H4,2026-05-04 09:00:00,0.0010067036624674965,42.32991017182107,,
166795,88,H4,2026-05-04 13:00:00,0.0010397962580055305,46.28766506758197,,
166796,88,H4,2026-05-04 17:00:00,0.0010033822395765662,45.29852523948163,,
166797,88,H4,2026-05-04 21:00:00,0.0009931406510353808,45.968074037486744,,
166798,88,H4,2026-05-05 01:00:00,0.0009393448902471406,45.370024856246,,
166799,88,H4,2026-05-05 05:00:00,0.0009593916838009163,38.77342259009298,,
166800,88,H4,2026-05-05 09:00:00,0.0009430065635294228,40.31273494518842,,
166801,88,H4,2026-05-05 13:00:00,0.0009577918089916057,38.52462947356635,,
166802,88,H4,2026-05-05 17:00:00,0.0009443781083493437,45.2774101321694,,
166803,88,H4,2026-05-05 21:00:00,0.0009212082434672444,42.98120290573272,,
166804,88,H4,2026-05-06 01:00:00,0.0009025505117910122,46.133287608027196,,
166805,88,H4,2026-05-06 05:00:00,0.0009109397609487986,42.50615422697671,,
166806,88,H4,2026-05-06 09:00:00,0.0009680154923095978,45.20362759907599,,
166807,88,H4,2026-05-06 13:00:00,0.0010110143857160524,54.720883825498866,,
166808,88,H4,2026-05-06 17:00:00,0.0009745133581649098,52.097359814524864,,
166809,88,H4,2026-05-06 21:00:00,0.0009427624040102756,52.79374279325145,,
166810,88,H4,2026-05-07 01:00:00,0.0009047079465809717,51.190881347685014,,
166811,88,H4,2026-05-07 05:00:00,0.0008979430932537579,50.77583623227049,,
166812,88,H4,2026-05-07 09:00:00,0.0008995185865927775,50.88305202601784,,
166813,88,H4,2026-05-07 13:00:00,0.0009266958304075832,59.67894501068643,,
166814,88,H4,2026-05-07 17:00:00,0.000908360413949895,60.65795797505398,,
166815,88,H4,2026-05-07 21:00:00,0.0008777632415248971,62.22201431176999,,
166816,88,H4,2026-05-08 01:00:00,0.0008736372957016854,58.28213189571462,,
166817,88,H4,2026-05-08 05:00:00,0.0008926632031515671,47.75334857876109,,
166818,88,H4,2026-05-08 09:00:00,0.000896044402926451,54.34609185906374,,
166819,88,H4,2026-05-08 13:00:00,0.0009084698027174198,50.35448858128643,,
166820,88,H4,2026-05-08 17:00:00,0.0008792933882376001,51.09135716993181,,
166821,88,H4,2026-05-10 21:00:00,0.0010093438605063454,59.09992612627839,,
166822,88,H4,2026-05-11 01:00:00,0.0009815335847558968,56.265108606314705,,
166823,88,H4,2026-05-11 05:00:00,0.0009799954715590522,54.456731909752556,,
166824,88,H4,2026-05-11 09:00:00,0.0010271386521619754,54.80436285016601,,
166825,88,H4,2026-05-11 13:00:00,0.0011152001770075514,38.954078721270754,,
166826,88,H4,2026-05-11 17:00:00,0.0012234001643641565,56.67404537479944,,
166827,88,H4,2026-05-11 21:00:00,0.0011995858669095701,56.06735077590276,,
166828,88,H4,2026-05-12 01:00:00,0.00115175830498746,55.21857200961678,,
166829,88,H4,2026-05-12 05:00:00,0.0013780612832026407,66.740867441574,,
166830,88,H4,2026-05-12 09:00:00,0.001401056905831026,65.11350429751322,,
166831,88,H4,2026-05-12 13:00:00,0.0014209814125573823,63.58892419046188,,
166832,88,H4,2026-05-12 17:00:00,0.0013780541688032787,59.51558890460517,,
166833,88,H4,2026-05-12 21:00:00,0.001315336013888763,60.04747111969883,,
166834,88,H4,2026-05-13 01:00:00,0.0012535262986109908,59.1347385090569,,
166835,88,H4,2026-05-13 05:00:00,0.001328274420138775,48.05607681476053,,
166836,88,H4,2026-05-13 09:00:00,0.0014033976758431438,58.50786954575488,,
166837,88,H4,2026-05-13 13:00:00,0.001408869270425779,52.5692840087407,,
166838,88,H4,2026-05-13 17:00:00,0.0013482357511096523,51.64550986031845,,
166839,88,H4,2026-05-13 21:00:00,0.00130336176888753,50.896373638366,,
166840,88,H4,2026-05-14 01:00:00,0.001243121642538414,50.446073346108534,,
166841,88,H4,2026-05-14 05:00:00,0.0012243272394999547,52.15554898278223,,
166842,88,H4,2026-05-14 09:00:00,0.0012240181509642436,50.52865462329589,,
166843,88,H4,2026-05-14 13:00:00,0.0013730168544668002,62.96849651439758,,
166844,88,H4,2026-05-14 17:00:00,0.0015092299362905964,69.820801312939,,
166845,88,H4,2026-05-14 21:00:00,0.0014585706551269839,70.67849028012851,,
166846,88,H4,2026-05-15 01:00:00,0.001395815608332201,72.01670463797049,,
166847,88,H4,2026-05-15 05:00:00,0.0014575430648798957,72.23504847750046,,
166848,88,H4,2026-05-15 09:00:00,0.0014962899888170463,65.36897483691283,,
166849,88,H4,2026-05-15 13:00:00,0.001562269275330121,70.68107733399827,,
166850,88,H4,2026-05-15 17:00:00,0.0015078214699493996,70.87137372798409,,
166851,88,H4,2026-05-17 21:00:00,0.0014758342220958676,70.65970229391206,,
166852,88,H4,2026-05-18 01:00:00,0.0014104174919461632,71.45540718935342,0.873,
166853,88,H4,2026-05-18 05:00:00,0.0015096733853785817,55.88651928193647,,
166854,88,H4,2026-05-18 09:00:00,0.0015054110007086795,53.750584548684444,,
166855,88,H4,2026-05-18 13:00:00,0.0016657387863723476,44.18188670959523,,
166856,88,H4,2026-05-18 17:00:00,0.001600328873060039,44.566588011785015,,
166857,88,H4,2026-05-18 21:00:00,0.0015517339535557528,44.77154657738274,,
166858,88,H4,2026-05-19 01:00:00,0.001483038671158912,46.164889797494745,,
166859,88,H4,2026-05-19 05:00:00,0.0014521073375047037,45.593164323511004,,
166860,88,H4,2026-05-19 09:00:00,0.0014769568133972265,39.30293283098288,,
166861,88,H4,2026-05-19 13:00:00,0.0014714598981545725,38.54725591952911,,
166862,88,H4,2026-05-19 17:00:00,0.0014249270482863917,40.24051142582368,,
166863,88,H4,2026-05-19 21:00:00,0.0013824322591230779,40.01218570799353,,
166864,88,H4,2026-05-20 01:00:00,0.0013508299549000046,38.23649355871971,,
166865,88,H4,2026-05-20 05:00:00,0.0013400563866928599,38.39146346619582,,
166866,88,H4,2026-05-20 09:00:00,0.0013050523590719427,35.424163757320954,,
166867,88,H4,2026-05-20 13:00:00,0.001303977190566797,32.82420772174139,,
166868,88,H4,2026-05-20 17:00:00,0.0012779788198120214,36.64366477382105,,
166869,88,H4,2026-05-20 21:00:00,0.0012324089041111607,37.15672818155852,,
166870,88,H4,2026-05-21 01:00:00,0.0011750939823889299,36.62439337134072,,
166871,88,H4,2026-05-21 05:00:00,0.0011911586979325825,35.8500215500125,,
166872,88,H4,2026-05-21 09:00:00,0.0012025045052231095,32.75970007867116,,
166873,88,H4,2026-05-21 13:00:00,0.0011787541834214614,34.84537292538212,,
166874,88,H4,2026-05-21 17:00:00,0.0011467003131770718,38.34650009208236,,
166875,88,H4,2026-05-21 21:00:00,0.001121936005092989,38.55566087627217,,
166876,88,H4,2026-05-22 01:00:00,0.0010696548618720613,36.80747891861791,,
166877,88,H4,2026-05-22 05:00:00,0.0010661080860240584,34.968628318804434,,
166878,88,H4,2026-05-22 09:00:00,0.0010599575084509099,29.71560395977386,,
166879,88,H4,2026-05-22 13:00:00,0.0010571034007044178,29.961919551891654,,
166880,88,H4,2026-05-22 17:00:00,0.001031596014939819,31.889847444859498,,
166881,88,H4,2026-05-24 21:00:00,0.0010929105853012646,28.866298873096866,,
166882,88,H4,2026-05-25 01:00:00,0.0010448455434940297,30.604296803746408,,
166883,88,H4,2026-05-25 05:00:00,0.001013070861815888,27.58890716728699,,
166884,88,H4,2026-05-25 09:00:00,0.0009864229431147513,26.90171951252593,,
166885,88,H4,2026-05-25 13:00:00,0.0009759641614637021,23.338184923994717,,
166886,88,H4,2026-05-25 17:00:00,0.0009291095785020081,23.15959993709079,,0.8618
166887,88,H4,2026-05-25 21:00:00,0.0009098874657518642,30.465490053263196,,
166888,88,H4,2026-05-26 01:00:00,0.0008656097896267241,32.76043280628008,,
166889,88,H4,2026-05-26 05:00:00,0.0008902090903676677,43.309365979155864,,
166890,88,H4,2026-05-26 09:00:00,0.0008837655839128358,44.87895871724892,,
166891,88,H4,2026-05-26 13:00:00,0.0009384966136333504,54.620959410531434,,
166892,88,H4,2026-05-26 17:00:00,0.0009086039983738308,56.165975521048715,,
166893,88,H4,2026-05-26 21:00:00,0.0008722751413471334,55.454326485159974,,
166894,88,H4,2026-05-27 01:00:00,0.0008349697741080576,58.22314124379936,,
166895,88,H4,2026-05-27 05:00:00,0.0008489005045289089,63.72261173602161,,
166896,88,H4,2026-05-27 09:00:00,0.0008654076113482782,65.74099561353606,,
166897,88,H4,2026-05-27 13:00:00,0.0008814499248233958,62.46604681816541,,
166898,88,H4,2026-05-27 17:00:00,0.0008606320730502947,59.28550267875513,,
166899,88,H4,2026-05-27 21:00:00,0.0008405869249752755,63.30923307154297,,
166900,88,H4,2026-05-28 01:00:00,0.000821973573191329,64.32622334800102,,
166901,88,H4,2026-05-28 05:00:00,0.0008375468893919433,65.7572298931162,,
166902,88,H4,2026-05-28 09:00:00,0.0008434363972925132,67.99567047245183,,
166903,88,H4,2026-05-28 13:00:00,0.0008596195117716205,65.81530484801362,,
166904,88,H4,2026-05-28 17:00:00,0.0008325038323593644,61.43934542271083,,
166905,88,H4,2026-05-28 21:00:00,0.0007944678443336932,62.17793784259443,,
166906,88,H4,2026-05-29 01:00:00,0.0007948629983098517,55.33003868521975,,
166907,88,H4,2026-05-29 05:00:00,0.0008438013555734363,62.77108113556486,,
166908,88,H4,2026-05-29 09:00:00,0.0008706726873181907,63.420084141728594,,
166909,88,H4,2026-05-29 13:00:00,0.0009270532096526052,58.311376585938184,,
166910,88,H4,2026-05-29 17:00:00,0.0009129779803917054,57.95227989552012,,
166911,88,H4,2026-05-31 21:00:00,0.0009170509817922997,49.522523426324256,,
166912,88,H4,2026-06-01 01:00:00,0.0008894044830928519,46.3186643516317,,
166913,88,H4,2026-06-01 05:00:00,0.0008951613057290786,45.026919681026584,,
166914,88,H4,2026-06-01 09:00:00,0.0008969354981770038,41.96598779417605,,
166915,88,H4,2026-06-01 13:00:00,0.0009728686768786515,34.048181523004615,,
166916,88,H4,2026-06-01 17:00:00,0.0009612351999587542,40.13048199499417,,
166917,88,H4,2026-06-01 21:00:00,0.0009397183999616999,40.13048199499417,,
166918,88,H4,2026-06-02 01:00:00,0.0008990242285358629,38.823235893856136,,
166919,88,H4,2026-06-02 05:00:00,0.0008990939264975879,44.12693713581286,,
166920,88,H4,2026-06-02 09:00:00,0.0008898729317477637,43.771574662348456,,
166921,88,H4,2026-06-02 13:00:00,0.0009448820080514944,34.32103568025504,,
166922,88,H4,2026-06-02 17:00:00,0.0009345332931906751,37.955960349211395,,
166923,88,H4,2026-06-02 21:00:00,0.0009006380579627629,36.20280888138638,,
166924,88,H4,2026-06-03 01:00:00,0.0008663067681082781,37.63458738212568,,
166925,88,H4,2026-06-03 05:00:00,0.0008837134275291115,36.317934300188845,,
168300,88,D,2026-05-10 21:00:00,0.0025985844128838553,46.45717844738139,,
168301,88,D,2026-05-11 21:00:00,0.002730828383392156,51.27322349511598,,
168302,88,D,2026-05-12 21:00:00,0.0027414834988641443,48.217948466578875,,
168303,88,D,2026-05-13 21:00:00,0.002976377534659561,61.336460105089465,,
168304,88,D,2026-05-14 21:00:00,0.0029666362821838825,64.95329440526531,,
168305,88,D,2026-05-17 21:00:00,0.0032161622620278927,50.827766248734264,,
168306,88,D,2026-05-18 21:00:00,0.0032064363861687636,48.03854014882105,,
168307,88,D,2026-05-19 21:00:00,0.003159548072870991,45.40058315279594,,
168308,88,D,2026-05-20 21:00:00,0.003056723210523059,44.90128702006324,,
168309,88,D,2026-05-21 21:00:00,0.0030219572669142663,42.02786247633691,,
168310,88,D,2026-05-24 21:00:00,0.0030482460335632473,38.19358030789537,,
168311,88,D,2026-05-25 21:00:00,0.0030555141740230226,46.68753163231441,,
168312,88,D,2026-05-26 21:00:00,0.002985834590164241,48.711705682834406,,
168313,88,D,2026-05-27 21:00:00,0.0028911321194382235,50.65374785804639,,
168314,88,D,2026-05-28 21:00:00,0.002876051253764058,50.91370074806377,,
168315,88,D,2026-05-31 21:00:00,0.002879904735638061,45.42466006880992,,
168316,88,D,2026-06-01 21:00:00,0.002805625825949633,43.75513134441336,,
176113,100,H4,2026-01-07 22:00:00,0.0015757007385353938,42.92588612616384,,
176114,100,H4,2026-01-08 02:00:00,0.0015388649714971477,39.51167203079986,,
176115,100,H4,2026-01-08 06:00:00,0.0015853746163902104,32.68509417002042,,
176116,100,H4,2026-01-08 10:00:00,0.0015399907152194817,33.24334180991785,,
176117,100,H4,2026-01-08 14:00:00,0.001554277092703802,35.960061631193796,,
176118,100,H4,2026-01-08 18:00:00,0.0015239715860821074,37.684928922091515,,
176119,100,H4,2026-01-08 22:00:00,0.0015244021870762447,34.136799331578956,,
176120,100,H4,2026-01-09 02:00:00,0.0014662306022850836,33.27373679993947,,
176121,100,H4,2026-01-09 06:00:00,0.001476499844979006,28.754267003773023,,
176122,100,H4,2026-01-09 10:00:00,0.00158389271319479,34.279969399327314,,
176123,100,H4,2026-01-09 14:00:00,0.001680757519395166,31.144159398879765,,0.57112
176124,100,H4,2026-01-09 18:00:00,0.001618560553724089,34.79396014693049,,
176125,100,H4,2026-01-11 22:00:00,0.0016715205141723624,43.2773743470031,,
176126,100,H4,2026-01-12 02:00:00,0.0016192690488743401,45.77135699208301,,
176127,100,H4,2026-01-12 06:00:00,0.0016021784025261683,49.02689247543803,,
176128,100,H4,2026-01-12 10:00:00,0.0016113085166314428,54.6842958077468,,
176129,100,H4,2026-01-12 14:00:00,0.0015840721940149078,55.538379605873104,,
176130,100,H4,2026-01-12 18:00:00,0.0015502098944424182,57.45726622258192,,
176131,100,H4,2026-01-12 22:00:00,0.001500909187696529,59.16539111062605,,
176132,100,H4,2026-01-13 02:00:00,0.0014365585314324945,59.88806323035289,,
176133,100,H4,2026-01-13 06:00:00,0.0014303757791873214,55.319322302307285,,
176134,100,H4,2026-01-13 10:00:00,0.0015246346521025072,51.907686915009165,0.57827,
176135,100,H4,2026-01-13 14:00:00,0.0016685893198094702,39.19291925646237,,
176136,100,H4,2026-01-13 18:00:00,0.0015979757969659376,38.047020190060074,,
176137,100,H4,2026-01-13 22:00:00,0.0015752632400397955,36.88562354875756,,
176138,100,H4,2026-01-14 02:00:00,0.0015656015800369527,42.37285169282969,,
176139,100,H4,2026-01-14 06:00:00,0.0015252014671771625,45.35726278269686,,
176140,100,H4,2026-01-14 10:00:00,0.0014984013623787925,42.86879744107011,,
176141,100,H4,2026-01-14 14:00:00,0.001501372693637449,42.67105828737023,,
176142,100,H4,2026-01-14 18:00:00,0.001458417501234767,46.52292872403862,,
176143,100,H4,2026-01-14 22:00:00,0.001472816251146569,41.920724492293424,,
176144,100,H4,2026-01-15 02:00:00,0.001426186518921817,39.618537834479625,,
176145,100,H4,2026-01-15 06:00:00,0.00145503033899883,49.24850413028815,,
176146,100,H4,2026-01-15 10:00:00,0.0015296710290703384,40.41415299830554,,
176147,100,H4,2026-01-15 14:00:00,0.0015768373841367445,47.27392385399294,,0.57255
176148,100,H4,2026-01-15 18:00:00,0.001544206142412692,47.096982105612646,,
176149,100,H4,2026-01-15 22:00:00,0.0015139057036689292,49.343060841776264,,
176150,100,H4,2026-01-16 02:00:00,0.0014993410105497145,52.96026577809775,,
176151,100,H4,2026-01-16 06:00:00,0.001479388081224735,55.19514200677557,,
176152,100,H4,2026-01-16 10:00:00,0.0014651460754229724,53.595515662228046,,
176153,100,H4,2026-01-16 14:00:00,0.0014904927843213266,49.871020592804335,,
176154,100,H4,2026-01-16 18:00:00,0.001440457585441229,51.39129136274296,,
176155,100,H4,2026-01-18 22:00:00,0.0015639963293382843,57.27228143701411,,
176156,100,H4,2026-01-19 02:00:00,0.0015951394486712642,61.40591110893211,,
176157,100,H4,2026-01-19 06:00:00,0.0015562009166233163,62.21753549871421,,
176158,100,H4,2026-01-19 10:00:00,0.0015400437082930753,65.71194899061385,,
176159,100,H4,2026-01-19 14:00:00,0.001557183443414999,69.31194050569496,,
176160,100,H4,2026-01-19 18:00:00,0.0015473846260282114,70.20192757783144,,
176161,100,H4,2026-01-19 22:00:00,0.0015625714384547745,72.33142357623358,,
176162,100,H4,2026-01-20 02:00:00,0.001675959192850861,78.643813617302,,
176163,100,H4,2026-01-20 06:00:00,0.0016891049647900832,79.67998713538807,,
176164,100,H4,2026-01-20 10:00:00,0.00166988318159079,76.4132660442882,,
176165,100,H4,2026-01-20 14:00:00,0.0017041772400485896,78.24862158036018,,
176166,100,H4,2026-01-20 18:00:00,0.0016967360086165427,72.32854096979854,,
176167,100,H4,2026-01-20 22:00:00,0.0016833977222867906,72.69927170317716,,
176168,100,H4,2026-01-21 02:00:00,0.0016431550278377348,73.46497533369038,,
176169,100,H4,2026-01-21 06:00:00,0.0016500725258493227,75.00204136953342,,
176170,100,H4,2026-01-21 10:00:00,0.0017050673454315124,79.36138179032598,,
176171,100,H4,2026-01-21 14:00:00,0.0017775625350435512,67.75726367805844,,
176172,100,H4,2026-01-21 18:00:00,0.0017198794968261567,67.57588429199305,,
176173,100,H4,2026-01-21 22:00:00,0.0017241738184814314,69.67406185433461,,
176174,100,H4,2026-01-22 02:00:00,0.0017024471171613275,71.52089405735475,,
176175,100,H4,2026-01-22 06:00:00,0.0016965580373640866,73.44447177978087,,
176176,100,H4,2026-01-22 10:00:00,0.0017639467489809436,78.09527449734901,,
176177,100,H4,2026-01-22 14:00:00,0.0018108076954823033,81.28233423976056,,
176178,100,H4,2026-01-22 18:00:00,0.0018571785743764257,83.82911885538671,,
176179,100,H4,2026-01-22 22:00:00,0.001841665819063822,78.54434310854305,,
176180,100,H4,2026-01-23 02:00:00,0.0018201182605592622,74.65835605462303,,
176181,100,H4,2026-01-23 06:00:00,0.0018065383848050308,67.84753519564381,,
176182,100,H4,2026-01-23 10:00:00,0.0018532142144618157,69.01821676526238,,
176183,100,H4,2026-01-23 14:00:00,0.0020094131991431176,75.18675219742087,,
176184,100,H4,2026-01-23 18:00:00,0.0020487408277757523,77.48621570560476,,
176185,100,H4,2026-01-25 22:00:00,0.0021195450543631937,79.050791838053,,
176186,100,H4,2026-01-26 02:00:00,0.0020838632647658195,79.050791838053,,
176187,100,H4,2026-01-26 06:00:00,0.0020928730315682644,80.43248020096524,,
176188,100,H4,2026-01-26 10:00:00,0.0020926678150276767,77.05998952905088,,
176189,100,H4,2026-01-26 14:00:00,0.0021946201139542688,80.8220241366843,,
176190,100,H4,2026-01-26 18:00:00,0.0022150043915289586,72.38038258798096,,
176191,100,H4,2026-01-26 22:00:00,0.0021596469349911755,69.90900211207101,,
176192,100,H4,2026-01-27 02:00:00,0.002134672153920376,69.49087242403829,,
176193,100,H4,2026-01-27 06:00:00,0.002122195571497489,70.82709771262248,,
176194,100,H4,2026-01-27 10:00:00,0.0022020387449619558,74.15974567037584,,
176195,100,H4,2026-01-27 14:00:00,0.002283321691750388,78.00918220822452,,
176196,100,H4,2026-01-27 18:00:00,0.0023952272851967826,81.40053258262432,,
176197,100,H4,2026-01-27 22:00:00,0.0024627110505398703,68.4632538213987,,
176198,100,H4,2026-01-28 02:00:00,0.0024189459755013095,70.69107547754976,,
176199,100,H4,2026-01-28 06:00:00,0.002414021262965499,71.4356908356013,,
176200,100,H4,2026-01-28 10:00:00,0.0023808768870393925,70.33603539650963,,
176201,100,H4,2026-01-28 14:00:00,0.002389385680822289,71.41902681689035,,
176202,100,H4,2026-01-28 18:00:00,0.0025558581321921217,75.35539521974692,,
176203,100,H4,2026-01-28 22:00:00,0.0025604396941784034,70.90595423169525,,
176204,100,H4,2026-01-29 02:00:00,0.0027211225731656593,76.12329586351738,0.60927,
176205,100,H4,2026-01-29 06:00:00,0.002721042389368116,68.74741783335185,,
176206,100,H4,2026-01-29 10:00:00,0.00276811079012754,70.21272122949536,,
176207,100,H4,2026-01-29 14:00:00,0.0030475314479755746,64.61070288874828,,
176208,100,H4,2026-01-29 18:00:00,0.002994850630263036,67.7263347761496,,
176209,100,H4,2026-01-29 22:00:00,0.0030130755852442537,59.15239025268177,,
176210,100,H4,2026-01-30 02:00:00,0.002968570186298236,58.76824481126544,,
176211,100,H4,2026-01-30 06:00:00,0.002970100887276937,55.523061036033155,,
176212,100,H4,2026-01-30 10:00:00,0.0030679508239000136,59.232142067332475,,
176213,100,H4,2026-01-30 14:00:00,0.003198811479335728,53.537611406583935,,
176214,100,H4,2026-01-30 18:00:00,0.0031988963736688885,50.38779908195741,,
176215,100,H4,2026-02-01 22:00:00,0.0032604037755496864,52.23209742334459,,
176216,100,H4,2026-02-02 02:00:00,0.003276089220153283,46.50371912063067,,
176217,100,H4,2026-02-02 06:00:00,0.003282797132999476,51.16593396851159,,
176218,100,H4,2026-02-02 10:00:00,0.0032418830520709414,46.77582932536167,,
176219,100,H4,2026-02-02 14:00:00,0.0031888914054944498,46.77582932536167,,
176220,100,H4,2026-02-02 18:00:00,0.003061113447959129,45.74344094040634,,
176221,100,H4,2026-02-02 22:00:00,0.0030338910588191925,51.22398043400824,,
176222,100,H4,2026-02-03 02:00:00,0.0030764702689035296,54.41836439047528,,
176223,100,H4,2026-02-03 06:00:00,0.0030438652496961394,54.44234289127216,,
176224,100,H4,2026-02-03 10:00:00,0.002950017731860702,56.203954063926744,,
176225,100,H4,2026-02-03 14:00:00,0.0029871593224420788,57.10955744924472,,
176226,100,H4,2026-02-03 18:00:00,0.0029837907994104975,57.529885843133414,,
176227,100,H4,2026-02-03 22:00:00,0.0029178057423097517,55.907276710317646,,
176228,100,H4,2026-02-04 02:00:00,0.0028465339035733356,55.070908850372604,,
176229,100,H4,2026-02-04 06:00:00,0.002838210053318098,49.35978773498043,,
176230,100,H4,2026-02-04 10:00:00,0.002795480763795378,51.354134403495884,,
176231,100,H4,2026-02-04 14:00:00,0.0028993749949528494,40.187216011357506,,
176232,100,H4,2026-02-04 18:00:00,0.0028229910667419314,44.016701908951845,,
176233,100,H4,2026-02-04 22:00:00,0.0027163488476889402,43.08010449484931,,
176234,100,H4,2026-02-05 02:00:00,0.002688038215711158,39.845280413148124,,
176235,100,H4,2026-02-05 06:00:00,0.002618178343160368,38.34491864582218,,
176236,100,H4,2026-02-05 10:00:00,0.0025911656043632004,44.69875945037327,,
176237,100,H4,2026-02-05 14:00:00,0.002637510918337259,41.07840909903406,,
176238,100,H4,2026-02-05 18:00:00,0.0027284029955988894,33.769182867397205,,
176239,100,H4,2026-02-05 22:00:00,0.0027470884959132575,35.25065349608765,,0.59285
176240,100,H4,2026-02-06 02:00:00,0.00271372503191945,42.97725105389093,,
176241,100,H4,2026-02-06 06:00:00,0.002645601815353774,45.882736787658345,,
176242,100,H4,2026-02-06 10:00:00,0.0026023445428285073,50.45262103354319,,
176243,100,H4,2026-02-06 14:00:00,0.002597891361197899,55.77287063934436,,
176244,100,H4,2026-02-06 18:00:00,0.002495184835398053,53.63618752949189,,
176245,100,H4,2026-02-08 22:00:00,0.002465528775726769,53.33059290006005,,
176246,100,H4,2026-02-09 02:00:00,0.0023651338631748534,54.44857401850403,,
176247,100,H4,2026-02-09 06:00:00,0.0023283385872337934,51.745342975605624,,
176248,100,H4,2026-02-09 10:00:00,0.002486314402431379,58.83694599788472,,
176249,100,H4,2026-02-09 14:00:00,0.0024551490879719945,61.75875565333325,,
176250,100,H4,2026-02-09 18:00:00,0.002385495581688283,63.27386041327534,,
176251,100,H4,2026-02-09 22:00:00,0.0023179601829962627,60.53888556883664,,
176252,100,H4,2026-02-10 02:00:00,0.002268105884210812,56.69048174378731,,
176253,100,H4,2026-02-10 06:00:00,0.002223955463910043,58.477263473902646,,
176254,100,H4,2026-02-10 10:00:00,0.0021815300736307557,59.379637594618686,,
176255,100,H4,2026-02-10 14:00:00,0.00216570649694285,57.38543549425463,,
176256,100,H4,2026-02-10 18:00:00,0.0020967274614469306,57.343110055032625,,
176257,100,H4,2026-02-10 22:00:00,0.0020576754999150106,59.03510725834136,,
176258,100,H4,2026-02-11 02:00:00,0.0020356986784925038,62.82213054332406,,
176259,100,H4,2026-02-11 06:00:00,0.0019888630586001855,63.69654703667353,,
176260,100,H4,2026-02-11 10:00:00,0.002201087125843027,57.836752152477054,,
176261,100,H4,2026-02-11 14:00:00,0.0022838666168542338,59.8267743297576,,
176262,100,H4,2026-02-11 18:00:00,0.0022407332870789326,55.06838670638712,,
176263,100,H4,2026-02-11 22:00:00,0.002193538052287574,58.804517649968,,
176264,100,H4,2026-02-12 02:00:00,0.0021675710485527474,54.13628201430709,,
176265,100,H4,2026-02-12 06:00:00,0.0022448874022275573,61.455544418630325,,
176266,100,H4,2026-02-12 10:00:00,0.002204538302068447,62.104017231168214,0.60762,
176267,100,H4,2026-02-12 14:00:00,0.002350642709063564,47.28048507171329,,
176268,100,H4,2026-02-12 18:00:00,0.0022713110869875966,47.75290024807307,,
176269,100,H4,2026-02-12 22:00:00,0.0022005031522027724,47.2319871433963,,
176270,100,H4,2026-02-13 02:00:00,0.0021554672127597142,44.549795543070495,,
176271,100,H4,2026-02-13 06:00:00,0.0022022195547054474,49.20904439512262,,
176272,100,H4,2026-02-13 10:00:00,0.0022306324436550617,49.32089607448974,,
176273,100,H4,2026-02-13 14:00:00,0.002273444411965415,51.61584974368161,,
176274,100,H4,2026-02-13 18:00:00,0.0022074840968250254,49.75557120391147,,
176275,100,H4,2026-02-15 22:00:00,0.002146949518480375,49.38058054700857,,
176276,100,H4,2026-02-16 02:00:00,0.002086453124303211,48.03761751344078,,
176277,100,H4,2026-02-16 06:00:00,0.0020324207582815565,50.02082972916343,,
176278,100,H4,2026-02-16 10:00:00,0.001949390704118583,49.63225946733363,,
176279,100,H4,2026-02-16 14:00:00,0.0019030056538243962,46.246978142295575,,
176280,100,H4,2026-02-16 18:00:00,0.0017956481071226583,46.91542510176259,,
176281,100,H4,2026-02-16 22:00:00,0.001758816099471036,42.461056476887265,,
176282,100,H4,2026-02-17 02:00:00,0.001760329235223105,47.06724602441153,,
176283,100,H4,2026-02-17 06:00:00,0.0017688771469928828,52.309376111004745,,
176284,100,H4,2026-02-17 10:00:00,0.0018518144936362554,43.90780297740077,,
176285,100,H4,2026-02-17 14:00:00,0.0019331134583765186,46.87059799043842,,
176286,100,H4,2026-02-17 18:00:00,0.0019443196399210555,55.387037720336764,,
176287,100,H4,2026-02-17 22:00:00,0.002112582522783835,43.60243214799059,,
176288,100,H4,2026-02-18 02:00:00,0.0021252551997278397,37.938007656090555,,
176289,100,H4,2026-02-18 06:00:00,0.002149165542604424,42.84644576532228,,
176290,100,H4,2026-02-18 10:00:00,0.002182082289561251,36.91336690365471,,
176291,100,H4,2026-02-18 14:00:00,0.0021833621260211604,35.83987568146556,,
176292,100,H4,2026-02-18 18:00:00,0.002198836259876789,32.135363833746524,,
176293,100,H4,2026-02-18 22:00:00,0.002162490812742738,35.732945976517215,,
176294,100,H4,2026-02-19 02:00:00,0.0021094557546896837,34.84130174482476,,
176295,100,H4,2026-02-19 06:00:00,0.0021116374864975653,37.05330600768534,,
176296,100,H4,2026-02-19 10:00:00,0.0021158062374620253,34.737463008633526,,
176297,100,H4,2026-02-19 14:00:00,0.002211820077643311,35.43835281912325,,
176298,100,H4,2026-02-19 18:00:00,0.0021466900720973577,37.92712102781935,,
176299,100,H4,2026-02-19 22:00:00,0.0022183550669475456,32.415020905265024,,
176300,100,H4,2026-02-20 02:00:00,0.002197043990737009,33.393871672142296,,0.5938
176301,100,H4,2026-02-20 06:00:00,0.0021872551342557987,35.65210015225817,,
176302,100,H4,2026-02-20 10:00:00,0.0021395940532375327,34.45015273820334,,
176303,100,H4,2026-02-20 14:00:00,0.0022753373351491408,42.55075606509207,,
176304,100,H4,2026-02-20 18:00:00,0.002241384668352775,44.70978399625547,,
176305,100,H4,2026-02-22 22:00:00,0.0022862857634704365,50.62338309867882,,
176306,100,H4,2026-02-23 02:00:00,0.002205836780365401,48.615233807825376,,
176307,100,H4,2026-02-23 06:00:00,0.0021547055817678715,46.88204747816958,,
176308,100,H4,2026-02-23 10:00:00,0.002167226611641599,43.26458785514397,,
176309,100,H4,2026-02-23 14:00:00,0.002180996139381487,40.4519789065838,,
176310,100,H4,2026-02-23 18:00:00,0.0021294964151399535,38.41832195556664,,
176311,100,H4,2026-02-23 22:00:00,0.002070246671201391,39.990395772329,,
176312,100,H4,2026-02-24 02:00:00,0.002032371908972719,42.00979903995768,,
176313,100,H4,2026-02-24 06:00:00,0.0019943453440461,44.54820022966858,,
176314,100,H4,2026-02-24 10:00:00,0.002010463533757093,37.542848891692614,,
176315,100,H4,2026-02-24 14:00:00,0.002091858995631593,47.54767137891527,,
176316,100,H4,2026-02-24 18:00:00,0.002011011924515048,46.27925056076383,,
176317,100,H4,2026-02-24 22:00:00,0.001983796787049689,47.6073526903338,,
176318,100,H4,2026-02-25 02:00:00,0.0019620970165461406,53.397505655034266,,
176319,100,H4,2026-02-25 06:00:00,0.0019655186582214212,48.56688986797657,,
176320,100,H4,2026-02-25 10:00:00,0.0019665530397770326,47.34476931958403,,
176321,100,H4,2026-02-25 14:00:00,0.002059656394078673,57.15718674449904,,
176322,100,H4,2026-02-25 18:00:00,0.001967538080215906,59.159310536116685,,
176323,100,H4,2026-02-25 22:00:00,0.0019498567887719167,61.94248858152052,,
176324,100,H4,2026-02-26 02:00:00,0.0019212955895739185,61.21785405935393,0.6013,
176325,100,H4,2026-02-26 06:00:00,0.0019583459046043526,52.11370998398372,,
176326,100,H4,2026-02-26 10:00:00,0.0019220354828469034,50.632239172010934,,
176327,100,H4,2026-02-26 14:00:00,0.002000461519786404,42.03125302323292,,
176328,100,H4,2026-02-26 18:00:00,0.0020682856969445186,49.64706427211477,,
176329,100,H4,2026-02-26 22:00:00,0.002039836718591343,48.95443792029595,,
176330,100,H4,2026-02-27 02:00:00,0.0020227055244062485,52.990327693269016,,
176331,100,H4,2026-02-27 06:00:00,0.0019482265583772374,52.10305086662367,,
176332,100,H4,2026-02-27 10:00:00,0.0019347818042074335,48.22600416436607,,
176333,100,H4,2026-02-27 14:00:00,0.002008725961049754,55.31995602520201,,
176334,100,H4,2026-02-27 18:00:00,0.0019338169638319115,54.93757628786363,,
176335,100,H4,2026-03-01 22:00:00,0.0021399728949867782,51.48814511667777,,
176336,100,H4,2026-03-02 02:00:00,0.0022399748310591504,42.43391369185845,,
176337,100,H4,2026-03-02 06:00:00,0.002315690914554923,40.74921728962556,,
176338,100,H4,2026-03-02 10:00:00,0.002392427277801,36.116647901273865,,
176339,100,H4,2026-03-02 14:00:00,0.002485111043672355,38.309388394156926,,
176340,100,H4,2026-03-02 18:00:00,0.002494031683410044,38.56172527232012,,
176341,100,H4,2026-03-02 22:00:00,0.002473029420309325,40.56881730725975,,
176342,100,H4,2026-03-03 02:00:00,0.0024742416045729436,35.61179994023877,,
176343,100,H4,2026-03-03 06:00:00,0.0026260814899605857,27.90482349583928,,
176344,100,H4,2026-03-03 10:00:00,0.002726361383534828,27.718795432157037,,
176345,100,H4,2026-03-03 14:00:00,0.0029466212847109184,25.95691057024976,,0.58361
176346,100,H4,2026-03-03 18:00:00,0.0029468626215172823,30.700611047820644,,
176347,100,H4,2026-03-03 22:00:00,0.00301565814855176,28.772703863143533,,
176348,100,H4,2026-03-04 02:00:00,0.003023825423655203,35.66508271876751,,
176349,100,H4,2026-03-04 06:00:00,0.003017837893394121,41.598885616541516,,
176350,100,H4,2026-03-04 10:00:00,0.0030015637581516813,42.078321948563996,,
176351,100,H4,2026-03-04 14:00:00,0.0030400234897122744,48.921467487361184,,
176352,100,H4,2026-03-04 18:00:00,0.002938593240447109,52.02024988439537,,
176353,100,H4,2026-03-04 22:00:00,0.002851550866129462,49.37504850909105,,
176354,100,H4,2026-03-05 02:00:00,0.002836440089977356,44.39431013239016,,
176355,100,H4,2026-03-05 06:00:00,0.0029495515121218366,46.27046397248229,,
176356,100,H4,2026-03-05 10:00:00,0.002924583546970272,42.76020060656251,,
176357,100,H4,2026-03-05 14:00:00,0.003022113293615254,35.94754583693337,,
176358,100,H4,2026-03-05 18:00:00,0.0030148194869284444,41.643781079018986,,
176359,100,H4,2026-03-05 22:00:00,0.002945189523576408,45.89235802611792,,
176360,100,H4,2026-03-06 02:00:00,0.002831247414749519,43.81057237977839,,
176361,100,H4,2026-03-06 06:00:00,0.0029475868851245547,37.142389482105855,,
176362,100,H4,2026-03-06 10:00:00,0.0030284735361870924,34.77692241406855,,
176363,100,H4,2026-03-06 14:00:00,0.003157868283602297,45.03560225893995,,
176364,100,H4,2026-03-06 18:00:00,0.0030587348347735567,47.009206508633966,,
176365,100,H4,2026-03-08 21:00:00,0.003212396632289727,37.99303066220944,,
176366,100,H4,2026-03-09 01:00:00,0.0031929397299833135,41.97885955911947,,
176367,100,H4,2026-03-09 05:00:00,0.0031791583206987914,46.20284646349761,,
176368,100,H4,2026-03-09 09:00:00,0.0031835041549345936,49.06215000030778,,
176369,100,H4,2026-03-09 13:00:00,0.003202539572439262,54.294362932890834,,
176370,100,H4,2026-03-09 17:00:00,0.0031409296029793156,56.3304350398606,,
176371,100,H4,2026-03-09 21:00:00,0.0030315774884807933,54.36168082559656,,
176372,100,H4,2026-03-10 01:00:00,0.0029600362393035922,50.441321002889865,,
176373,100,H4,2026-03-10 05:00:00,0.002990747936496193,53.6980553607528,,
176374,100,H4,2026-03-10 09:00:00,0.002931408798175032,56.458493188722855,,
176375,100,H4,2026-03-10 13:00:00,0.0029527367411625346,59.4269370588107,,
176376,100,H4,2026-03-10 17:00:00,0.0030239698310794974,53.2560235866789,0.59645,
176377,100,H4,2026-03-10 21:00:00,0.00290940055743096,52.84844160495507,,
176378,100,H4,2026-03-11 01:00:00,0.002867300517614462,57.011574976708395,,
176379,100,H4,2026-03-11 05:00:00,0.0028546361949277205,52.06135577555178,,
176380,100,H4,2026-03-11 09:00:00,0.002822162181004309,48.8538950170909,,
176381,100,H4,2026-03-11 13:00:00,0.002872722025218289,49.21129277545782,,
176382,100,H4,2026-03-11 17:00:00,0.0027746704519884076,48.73971707859051,,
176383,100,H4,2026-03-11 21:00:00,0.0027429082768463823,46.44949163164968,,
176384,100,H4,2026-03-12 01:00:00,0.002680557685643064,44.916583347681794,,
176385,100,H4,2026-03-12 05:00:00,0.0026055178509542753,45.6163918403324,,
176386,100,H4,2026-03-12 09:00:00,0.0025622665758861128,43.30296781490764,,
176387,100,H4,2026-03-12 13:00:00,0.0026878189633228185,35.1927207536619,,
176388,100,H4,2026-03-12 17:00:00,0.0025994033230854786,34.21538777634014,,
176389,100,H4,2026-03-12 21:00:00,0.002488731657150801,34.29559302847224,,
176390,100,H4,2026-03-13 01:00:00,0.002539536538782893,29.627500712622194,,
176391,100,H4,2026-03-13 05:00:00,0.0025752839288698324,27.572946657181106,,
176392,100,H4,2026-03-13 09:00:00,0.0025556207910934214,34.47219064545585,,
176393,100,H4,2026-03-13 13:00:00,0.0026666478774438956,28.53297146431531,,
176394,100,H4,2026-03-13 17:00:00,0.0027104587433407564,25.11483068032713,,0.57732
176395,100,H4,2026-03-15 21:00:00,0.0027489974045307006,34.66347453738527,,
176396,100,H4,2026-03-16 01:00:00,0.0026983547327785106,35.12426777446669,,
176397,100,H4,2026-03-16 05:00:00,0.0026399008232943304,38.81117780955524,,
176398,100,H4,2026-03-16 09:00:00,0.0027027650502018837,45.5340425549858,,
176399,100,H4,2026-03-16 13:00:00,0.002649710403758889,46.405981318019215,,
176400,100,H4,2026-03-16 17:00:00,0.0026375882320618283,50.68295629473156,,
176401,100,H4,2026-03-16 21:00:00,0.0025777605012002706,46.94043075415792,,
176402,100,H4,2026-03-17 01:00:00,0.002485063322543113,46.037076427291545,,
176403,100,H4,2026-03-17 05:00:00,0.002486130228075752,45.10232808926717,,
176404,100,H4,2026-03-17 09:00:00,0.0024199780689274845,48.95047013627128,,
176405,100,H4,2026-03-17 13:00:00,0.0023806939211469527,51.22700847323038,,
176406,100,H4,2026-03-17 17:00:00,0.002306358641065028,50.835184824010526,,
176407,100,H4,2026-03-17 21:00:00,0.0022287615952746686,51.052286626633155,,
176408,100,H4,2026-03-18 01:00:00,0.0021652786241836215,52.3156722579139,,
176409,100,H4,2026-03-18 05:00:00,0.0021491872938847953,51.98222971073775,,
176410,100,H4,2026-03-18 09:00:00,0.00230281677289303,39.90111694280223,,
176411,100,H4,2026-03-18 13:00:00,0.0024061870034006727,46.20880681943183,,
176412,100,H4,2026-03-18 17:00:00,0.0026486022174434837,36.407744117720334,,
176413,100,H4,2026-03-18 21:00:00,0.002697273487626088,42.513792595951585,,
176414,100,H4,2026-03-19 01:00:00,0.0026381825242242194,42.857992085999676,,
176415,100,H4,2026-03-19 05:00:00,0.0025790266296367736,41.64947365102224,,
176416,100,H4,2026-03-19 09:00:00,0.0026005247275198607,40.39991813104951,,
176417,100,H4,2026-03-19 13:00:00,0.0027769158184113006,49.68156077910547,,
176418,100,H4,2026-03-19 17:00:00,0.002987136117096212,57.75863374011319,0.58926,
176419,100,H4,2026-03-19 21:00:00,0.002900197823017915,59.46163128572781,,
176420,100,H4,2026-03-20 01:00:00,0.002783040835659495,58.874013228557025,,
176421,100,H4,2026-03-20 05:00:00,0.002728537918826667,59.13495656558231,,
176422,100,H4,2026-03-20 09:00:00,0.002751499496053334,54.08429424997548,,
176423,100,H4,2026-03-20 13:00:00,0.0028199638177638093,47.71518814949313,,
176424,100,H4,2026-03-20 17:00:00,0.002812109259352108,45.02789695375864,,
176425,100,H4,2026-03-22 21:00:00,0.0028076728836841027,43.203020517626626,,
176426,100,H4,2026-03-23 01:00:00,0.0027821248205638143,40.74096978023998,,
176427,100,H4,2026-03-23 05:00:00,0.0027548301905235386,37.462568671460176,,
176428,100,H4,2026-03-23 09:00:00,0.003216628034057572,52.28419918652387,,
176429,100,H4,2026-03-23 13:00:00,0.0033911546030534596,52.13954864396065,,
176430,100,H4,2026-03-23 17:00:00,0.003377500702835354,53.76948308842228,,
176431,100,H4,2026-03-23 21:00:00,0.0034119649383471127,49.87890995499995,,
176432,100,H4,2026-03-24 01:00:00,0.0033139674427508934,46.56298025985502,,
176433,100,H4,2026-03-24 05:00:00,0.003359398339697259,45.11194748339216,,
176434,100,H4,2026-03-24 09:00:00,0.00330158417257603,45.55401294151817,,
176435,100,H4,2026-03-24 13:00:00,0.0032771853031063106,42.946540830400814,,
176436,100,H4,2026-03-24 17:00:00,0.003458814924313006,49.55111538898822,,
176437,100,H4,2026-03-24 21:00:00,0.003318899572576359,50.24647040371384,,
176438,100,H4,2026-03-25 01:00:00,0.003281835317392335,44.25544384689205,,
176439,100,H4,2026-03-25 05:00:00,0.0032238470804357372,47.78425369591406,,
176440,100,H4,2026-03-25 09:00:00,0.0031435722889760413,44.92572628063002,,
176441,100,H4,2026-03-25 13:00:00,0.0030590314111920355,44.925726280630016,,
176442,100,H4,2026-03-25 17:00:00,0.0029976720246783174,42.011049181296926,,
176443,100,H4,2026-03-25 21:00:00,0.002893552594344151,40.51969703424389,,
176444,100,H4,2026-03-26 01:00:00,0.002785441694748136,43.06521475862844,,
176445,100,H4,2026-03-26 05:00:00,0.002769338716551841,38.0125690713898,,
176446,100,H4,2026-03-26 09:00:00,0.0027272430939410002,35.85015679087546,,
176447,100,H4,2026-03-26 13:00:00,0.002732440015802359,33.73965956623971,,
176448,100,H4,2026-03-26 17:00:00,0.002770122871816479,32.46647020887542,,
176449,100,H4,2026-03-26 21:00:00,0.0027372569524010187,31.341399066581317,,
176450,100,H4,2026-03-27 01:00:00,0.002704595741515228,39.10263365807227,,
176451,100,H4,2026-03-27 05:00:00,0.0026206960456927057,37.177280873727774,,
176452,100,H4,2026-03-27 09:00:00,0.0026170748995717956,34.03643165752334,,
176453,100,H4,2026-03-27 13:00:00,0.0025615695496023863,33.76135705688036,,
176454,100,H4,2026-03-27 17:00:00,0.00252502886748793,32.041642393221665,,
176455,100,H4,2026-03-29 21:00:00,0.0025218125198102235,29.225262494764408,,
176456,100,H4,2026-03-30 01:00:00,0.002454540196966638,31.033106538798123,,
176457,100,H4,2026-03-30 05:00:00,0.002479215897183309,28.268243218375943,,
176458,100,H4,2026-03-30 09:00:00,0.002414986190241646,28.6426638721301,,
176459,100,H4,2026-03-30 13:00:00,0.0024324871766529567,27.326036534257724,,
176460,100,H4,2026-03-30 17:00:00,0.0023358809497491797,29.591578492605052,,
176461,100,H4,2026-03-30 21:00:00,0.002324746596195664,30.252024970537263,,
176462,100,H4,2026-03-31 01:00:00,0.002352978982181684,26.78387732032553,,
176463,100,H4,2026-03-31 05:00:00,0.0022877661977401347,30.32246119759361,,
176464,100,H4,2026-03-31 09:00:00,0.0023622114693301294,35.636299000731825,,
176465,100,H4,2026-03-31 13:00:00,0.002483482078663688,38.90853156952435,,
176466,100,H4,2026-03-31 17:00:00,0.002444661930187706,47.27932787330738,,
176467,100,H4,2026-03-31 21:00:00,0.002401471792317152,50.31318615319909,,
176468,100,H4,2026-04-01 01:00:00,0.00239922380715164,44.08952667151983,,
176469,100,H4,2026-04-01 05:00:00,0.00248427924949795,54.02348856043617,,
176470,100,H4,2026-04-01 09:00:00,0.0024339735888195256,53.3329303097522,,
176471,100,H4,2026-04-01 13:00:00,0.0023808326181895575,56.83233593091458,,
176472,100,H4,2026-04-01 17:00:00,0.0024479160026045885,49.448651968900435,,
176473,100,H4,2026-04-01 21:00:00,0.0023573505738471146,50.23026929267527,,
176474,100,H4,2026-04-02 01:00:00,0.002564682675715181,37.32119325899786,,
176475,100,H4,2026-04-02 05:00:00,0.0025072053417355238,37.77341904361263,,
176476,100,H4,2026-04-02 09:00:00,0.002438119245897271,37.85389792439789,,
176477,100,H4,2026-04-02 13:00:00,0.002473253585476037,42.46191343342074,,
176478,100,H4,2026-04-02 17:00:00,0.0023894497579420317,40.87260838739606,,
176479,100,H4,2026-04-02 21:00:00,0.002303060489517598,40.755267842392804,,
176480,100,H4,2026-04-03 01:00:00,0.002208556168837768,38.132127752545436,,
176481,100,H4,2026-04-03 05:00:00,0.002117945013920788,37.60495855153586,,
176482,100,H4,2026-04-03 09:00:00,0.0020738060843550218,36.72407196690206,,
176483,100,H4,2026-04-03 13:00:00,0.0020399627926153806,33.83931515238673,,
176484,100,H4,2026-04-03 17:00:00,0.002054965450285709,33.5210222711285,,
176485,100,H4,2026-04-05 21:00:00,0.002006039346693879,34.60498538765613,,0.56812
176486,100,H4,2026-04-06 01:00:00,0.00198989367907288,39.990761477200074,,
176487,100,H4,2026-04-06 05:00:00,0.002036329844853387,49.893369121709284,,
176488,100,H4,2026-04-06 09:00:00,0.0019773062845067114,48.71101521461795,,
176489,100,H4,2026-04-06 13:00:00,0.0019703558356133745,46.105601508863856,,
176490,100,H4,2026-04-06 17:00:00,0.0019253304187838484,45.09999009403749,,
176491,100,H4,2026-04-06 21:00:00,0.001906378246013573,42.169711438323006,,
176492,100,H4,2026-04-07 01:00:00,0.001910208371298315,41.076716147202326,,
176493,100,H4,2026-04-07 05:00:00,0.001962336344777005,50.147382888176594,,
176494,100,H4,2026-04-07 09:00:00,0.001987883748721504,42.80856166426924,,
176495,100,H4,2026-04-07 13:00:00,0.0019916063380985343,45.2728824987023,,
176496,100,H4,2026-04-07 17:00:00,0.0020579201710914986,55.51482970638168,,
176497,100,H4,2026-04-07 21:00:00,0.0026594973017278153,68.86670714934031,,
176498,100,H4,2026-04-08 01:00:00,0.0028088189230329737,75.41047630130149,,
176499,100,H4,2026-04-08 05:00:00,0.002879617571387763,69.84880561158492,,
176500,100,H4,2026-04-08 09:00:00,0.0029646448877172103,74.31396932222961,,
176501,100,H4,2026-04-08 13:00:00,0.0029635988243088386,69.29626334843813,,
176502,100,H4,2026-04-08 17:00:00,0.002946913194001065,65.1298962475432,,
176503,100,H4,2026-04-08 21:00:00,0.002819276537286699,65.435809010605,,
176504,100,H4,2026-04-09 01:00:00,0.002729328213194792,66.94784806046397,,
176505,100,H4,2026-04-09 05:00:00,0.0026243761979665957,65.63701644915709,,
176506,100,H4,2026-04-09 09:00:00,0.002548349326683268,66.83829044119436,,
176507,100,H4,2026-04-09 13:00:00,0.0026370386604916032,71.70363083587874,,
176508,100,H4,2026-04-09 17:00:00,0.0025915358990279175,69.1334692772221,,
176509,100,H4,2026-04-09 21:00:00,0.0025342833348116346,65.74943523751509,,
176510,100,H4,2026-04-10 01:00:00,0.002426120239467948,64.57921786102261,,
176511,100,H4,2026-04-10 05:00:00,0.00238568307950595,60.502799766386076,,
176512,100,H4,2026-04-10 09:00:00,0.0023774200023983817,63.946661628283316,,
176513,100,H4,2026-04-10 13:00:00,0.0024661757165127876,59.52329284157792,,
176514,100,H4,2026-04-10 17:00:00,0.0023864488796190146,58.77657385670005,,
176515,100,H4,2026-04-12 21:00:00,0.002508131102503366,52.89704856392743,,
176516,100,H4,2026-04-13 01:00:00,0.002419693166610268,54.78097249328512,,
176517,100,H4,2026-04-13 05:00:00,0.002381143654709534,56.130659283619245,,
176518,100,H4,2026-04-13 09:00:00,0.002359633393658859,54.86098432378509,,
176519,100,H4,2026-04-13 13:00:00,0.002446802436968942,62.687830364409145,,
176520,100,H4,2026-04-13 17:00:00,0.002383459405756875,64.64699895515822,,
176521,100,H4,2026-04-13 21:00:00,0.0022989265910599538,64.4489356980744,,
176522,100,H4,2026-04-14 01:00:00,0.0022454318345556746,65.71586238249543,,
176523,100,H4,2026-04-14 05:00:00,0.0022714724178016974,70.01123115756636,,
176524,100,H4,2026-04-14 09:00:00,0.002263510102244437,73.03967794639888,,
176525,100,H4,2026-04-14 13:00:00,0.0022254022377984064,70.99839545121712,,
176526,100,H4,2026-04-14 17:00:00,0.0021371592208128012,69.05555042320988,,
176527,100,H4,2026-04-14 21:00:00,0.002050219276469032,68.91386221795887,,
176528,100,H4,2026-04-15 01:00:00,0.0019837750424355305,68.91386221795887,,
176529,100,H4,2026-04-15 05:00:00,0.0019135053965472783,70.14526405708338,,
176530,100,H4,2026-04-15 09:00:00,0.0018925407253653267,64.92544575557658,,
176531,100,H4,2026-04-15 13:00:00,0.001911644959267807,68.98358728002857,,
176532,100,H4,2026-04-15 17:00:00,0.0018679560336058265,69.27075319520566,,
176533,100,H4,2026-04-15 21:00:00,0.0017952448883482685,68.81334136340072,,
176534,100,H4,2026-04-16 01:00:00,0.0017970131106091016,69.19667577180122,,
176535,100,H4,2026-04-16 05:00:00,0.0018286550312798815,58.5181042239948,,
176536,100,H4,2026-04-16 09:00:00,0.0017744653861884625,56.42869379619968,,
176537,100,H4,2026-04-16 13:00:00,0.0017634321443178549,54.47998602806208,,
176538,100,H4,2026-04-16 17:00:00,0.001704615562580861,56.30802561038676,,
176539,100,H4,2026-04-16 21:00:00,0.0016735715938250848,53.973758487041216,,
176540,100,H4,2026-04-17 01:00:00,0.001614030765694726,54.604273497252585,,
176541,100,H4,2026-04-17 05:00:00,0.0015958857110022473,56.876395385680006,,
176542,100,H4,2026-04-17 09:00:00,0.0017690367316449376,66.79260873263246,,
176543,100,H4,2026-04-17 13:00:00,0.0018241055365274413,59.50463074060376,0.5929,
176544,100,H4,2026-04-17 17:00:00,0.0018795265696326274,48.722755336299315,,
176545,100,H4,2026-04-19 21:00:00,0.0019731318146588702,46.87905345224505,,0.58493
176546,100,H4,2026-04-20 01:00:00,0.0018993366850403833,47.979771825806374,,
176547,100,H4,2026-04-20 05:00:00,0.0018808126361089335,44.830407238145405,,
176548,100,H4,2026-04-20 09:00:00,0.001853611733529728,48.512785255578954,,
176549,100,H4,2026-04-20 13:00:00,0.00186621089542046,52.99190173598287,,
176550,100,H4,2026-04-20 17:00:00,0.0017743386886047148,53.29893790196744,,
176551,100,H4,2026-04-20 21:00:00,0.0018911716394186655,60.868353505931026,,
176552,100,H4,2026-04-21 01:00:00,0.001907516522317333,57.44976286110058,,
176553,100,H4,2026-04-21 05:00:00,0.0019119796278660969,56.493024718567156,,
176554,100,H4,2026-04-21 09:00:00,0.0018761239401613773,56.861438523576915,,
176555,100,H4,2026-04-21 13:00:00,0.0019328293730069975,51.67754311046692,,
176556,100,H4,2026-04-21 17:00:00,0.0020376272749350662,51.97757849899393,,
176557,100,H4,2026-04-21 21:00:00,0.0020370824695825677,56.581308332417834,,
176558,100,H4,2026-04-22 01:00:00,0.0019487194360409573,56.476251732819904,,
176559,100,H4,2026-04-22 05:00:00,0.0019395251906094634,61.10387828134178,,
176560,100,H4,2026-04-22 09:00:00,0.0019481305341373554,52.470495240887054,,
176561,100,H4,2026-04-22 13:00:00,0.0019704069245561106,54.726464832460024,,
176562,100,H4,2026-04-22 17:00:00,0.0018882350013735341,54.62674032717327,,
176563,100,H4,2026-04-22 21:00:00,0.00192764678698971,55.328056753070555,,
176564,100,H4,2026-04-23 01:00:00,0.0020142434450618678,45.44649831810998,,
176565,100,H4,2026-04-23 05:00:00,0.0019332260561288766,45.89462555393596,,
176566,100,H4,2026-04-23 09:00:00,0.0019165670521196737,41.93737659068722,,
176567,100,H4,2026-04-23 13:00:00,0.0019103836912539825,41.06355214735462,,
176568,100,H4,2026-04-23 17:00:00,0.00203107057045013,33.70638139092013,,
176569,100,H4,2026-04-23 21:00:00,0.0019988512439894006,36.125204152300924,,
176570,100,H4,2026-04-24 01:00:00,0.0020075047265615867,34.572667571097995,,0.58402
176571,100,H4,2026-04-24 05:00:00,0.0019805401032357605,37.00240282071212,,
176572,100,H4,2026-04-24 09:00:00,0.0020076443815760653,44.14996368178329,,
176573,100,H4,2026-04-24 13:00:00,0.001999955497177776,48.83835965281952,,
176574,100,H4,2026-04-24 17:00:00,0.0019106729616650796,48.65508495965107,,
176575,100,H4,2026-04-26 21:00:00,0.0019249106072604272,50.360281153052455,,
176576,100,H4,2026-04-27 01:00:00,0.0018802741353132516,52.88775492659038,,
176577,100,H4,2026-04-27 05:00:00,0.001995968839933738,62.45474382410697,,
176578,100,H4,2026-04-27 09:00:00,0.001953399637081325,64.04714478171309,,
176579,100,H4,2026-04-27 13:00:00,0.0019195853772898046,62.79236662265607,0.5924,
176580,100,H4,2026-04-27 17:00:00,0.0018503292789119618,59.278526656567024,,
176581,100,H4,2026-04-27 21:00:00,0.0018231629018468276,60.87698069562678,,
176582,100,H4,2026-04-28 01:00:00,0.0018100798374291952,53.6731694476008,,
176583,100,H4,2026-04-28 05:00:00,0.0018122169918985429,49.50080948031799,,
176584,100,H4,2026-04-28 09:00:00,0.0018649157781915077,43.86176247632235,,
176585,100,H4,2026-04-28 13:00:00,0.001868850365463545,47.45938842394001,,
176586,100,H4,2026-04-28 17:00:00,0.0017896467679304334,47.6600677194898,,
176587,100,H4,2026-04-28 21:00:00,0.0017618148559353994,48.97190951011754,,
176588,100,H4,2026-04-29 01:00:00,0.0018823995090828753,38.53026889249733,,
176589,100,H4,2026-04-29 05:00:00,0.0018350852584340985,37.03936755595703,,
176590,100,H4,2026-04-29 09:00:00,0.001772579168545946,34.860379180682486,,
176591,100,H4,2026-04-29 13:00:00,0.0018423949422212377,29.773194186603405,,
176592,100,H4,2026-04-29 17:00:00,0.0018929381606340022,28.586945572512334,,0.5815
176593,100,H4,2026-04-29 21:00:00,0.0019362997205887127,33.67328009634949,,
176594,100,H4,2026-04-30 01:00:00,0.001888706883403804,30.52372845723417,,
176595,100,H4,2026-04-30 05:00:00,0.0019423706774463877,37.73864736515351,,
176596,100,H4,2026-04-30 09:00:00,0.002095772771914506,49.68516695036268,,
176597,100,H4,2026-04-30 13:00:00,0.0021675032882063263,57.29468774159471,,
176598,100,H4,2026-04-30 17:00:00,0.0021719673390487365,61.97822414975802,,
176599,100,H4,2026-04-30 21:00:00,0.0020739696719738283,60.23908154153328,,
176600,100,H4,2026-05-01 01:00:00,0.0020365432668328362,56.00782401101589,,
176601,100,H4,2026-05-01 05:00:00,0.0019875044620590596,56.89704843079168,,
176602,100,H4,2026-05-01 09:00:00,0.001981254143340556,58.28925954535441,,
176603,100,H4,2026-05-01 13:00:00,0.002037593133101948,60.919384259443,,
176604,100,H4,2026-05-01 17:00:00,0.002029907909308951,55.49913449367843,,
176605,100,H4,2026-05-03 21:00:00,0.002005628772929738,57.744956876958284,,
176606,100,H4,2026-05-04 01:00:00,0.0020587981462918937,61.88768950819701,,
176607,100,H4,2026-05-04 05:00:00,0.0021003125644138997,54.54674249110357,,
176608,100,H4,2026-05-04 09:00:00,0.0021652902383843403,51.70067779407627,,
176609,100,H4,2026-05-04 13:00:00,0.0022827695070711715,43.10015864819908,,
176610,100,H4,2026-05-04 17:00:00,0.0022161431137089423,45.63184798550809,,
176611,100,H4,2026-05-04 21:00:00,0.00215213289130116,43.026142385387566,,
176612,100,H4,2026-05-05 01:00:00,0.0020948376847796536,41.59267566116134,,
176613,100,H4,2026-05-05 05:00:00,0.0021423492787239627,49.17318625970448,,
176614,100,H4,2026-05-05 09:00:00,0.002106467187386535,50.415439211901756,,
176615,100,H4,2026-05-05 13:00:00,0.0021374338168589245,53.26416667223093,,
176616,100,H4,2026-05-05 17:00:00,0.002057617115654717,51.17722103757481,,
176617,100,H4,2026-05-05 21:00:00,0.0022306444645365255,60.76726416443207,,
176618,100,H4,2026-05-06 01:00:00,0.002322027002783917,66.62889268321725,,
176619,100,H4,2026-05-06 05:00:00,0.0024154536454422107,70.44662349136122,,
176620,100,H4,2026-05-06 09:00:00,0.0024764926707677667,66.98350711399112,0.5991,
176621,100,H4,2026-05-06 13:00:00,0.0024624574799986367,62.97562738889926,,
176622,100,H4,2026-05-06 17:00:00,0.0023758533742844466,64.04186390698416,,
176623,100,H4,2026-05-06 21:00:00,0.0023240067046927035,64.10608670883435,,
176624,100,H4,2026-05-07 01:00:00,0.0022672919400717985,65.6478152362557,,
176625,100,H4,2026-05-07 05:00:00,0.0022867710872095342,68.49956166739514,,
176626,100,H4,2026-05-07 09:00:00,0.002214858866694564,69.14389666138631,,
176627,100,H4,2026-05-07 13:00:00,0.002231654661930671,61.40807578061674,,
176628,100,H4,2026-05-07 17:00:00,0.002257965043221341,53.45423798564819,,
176629,100,H4,2026-05-07 21:00:00,0.0021781103972769536,53.568867579200095,,
176630,100,H4,2026-05-08 01:00:00,0.0021311025117571685,55.31685012611422,,
176631,100,H4,2026-05-08 05:00:00,0.002138880903774507,60.30814240685697,,
176632,100,H4,2026-05-08 09:00:00,0.002141817982076325,58.98970963165523,,
176633,100,H4,2026-05-08 13:00:00,0.002109545269070871,58.54378517783016,,
176634,100,H4,2026-05-08 17:00:00,0.002023863464137243,60.751359045102205,,
176635,100,H4,2026-05-10 21:00:00,0.0020921589309845813,56.80776485065166,,
176636,100,H4,2026-05-11 01:00:00,0.0020677190073428195,50.85661055966866,,
176637,100,H4,2026-05-11 05:00:00,0.0020435962211040474,53.76925085095289,,
176638,100,H4,2026-05-11 09:00:00,0.001972625062453758,54.57831409203594,,
176639,100,H4,2026-05-11 13:00:00,0.0019574375579927738,58.18990705915114,,
176640,100,H4,2026-05-11 17:00:00,0.0018826205895647239,58.44867022813801,,
176641,100,H4,2026-05-11 21:00:00,0.0018460048331672423,54.796438350575826,,
176642,100,H4,2026-05-12 01:00:00,0.0018170044879410106,55.09859235025807,,
176643,100,H4,2026-05-12 05:00:00,0.0018400755959452183,49.891069414430774,,
176644,100,H4,2026-05-12 09:00:00,0.0018222130533777014,54.66456390440189,,
176645,100,H4,2026-05-12 13:00:00,0.0018606264067078677,46.9568602630567,,
176646,100,H4,2026-05-12 17:00:00,0.0018562959490858787,52.44756614429259,,
176647,100,H4,2026-05-12 21:00:00,0.001800846238436885,53.650805134919885,,
176648,100,H4,2026-05-13 01:00:00,0.001871500078548541,47.48541999969375,,
176649,100,H4,2026-05-13 05:00:00,0.0018563929300807879,44.24091136733031,,
176650,100,H4,2026-05-13 09:00:00,0.0018223648636464494,42.26480287971426,,
176651,100,H4,2026-05-13 13:00:00,0.0018443388019574228,47.44520992847632,,
176652,100,H4,2026-05-13 17:00:00,0.0017797431732461742,47.48580512185515,,
176653,100,H4,2026-05-13 21:00:00,0.0017297615180143025,45.84591010439162,,
176654,100,H4,2026-05-14 01:00:00,0.0016654928381561378,46.125488151365246,,
176655,100,H4,2026-05-14 05:00:00,0.0016493862068592705,49.36307658581339,,
176656,100,H4,2026-05-14 09:00:00,0.0016222871920836077,44.78452267507304,,
176657,100,H4,2026-05-14 13:00:00,0.0016192666783633517,41.02499857858204,,
176658,100,H4,2026-05-14 17:00:00,0.0015936047727659723,38.583326618785286,,
176659,100,H4,2026-05-14 21:00:00,0.0016847758604255406,32.661834580706326,,
176660,100,H4,2026-05-15 01:00:00,0.0017101490132522827,28.354192207070383,,
176661,100,H4,2026-05-15 05:00:00,0.0017737097980199802,23.881359552827604,,
176662,100,H4,2026-05-15 09:00:00,0.0018527305267328383,23.065034862571565,,
176663,100,H4,2026-05-15 13:00:00,0.0018318212033947789,23.01420303096569,,
176664,100,H4,2026-05-15 17:00:00,0.0018016911174380105,22.104843022982635,,
176665,100,H4,2026-05-17 21:00:00,0.001819427466192438,20.03869586844199,,
176666,100,H4,2026-05-18 01:00:00,0.001825182647178693,26.063552337032064,,
176667,100,H4,2026-05-18 05:00:00,0.00190695531523736,37.958227530073856,,
176668,100,H4,2026-05-18 09:00:00,0.001982172792720403,44.643780743846946,,
176669,100,H4,2026-05-18 13:00:00,0.0020163033075260898,42.75369217760435,,
176670,100,H4,2026-05-18 17:00:00,0.002018710214131369,44.378319891843844,,
176671,100,H4,2026-05-18 21:00:00,0.0020138023416934143,39.88847272455801,,
176672,100,H4,2026-05-19 01:00:00,0.001955673603001026,37.557872053738286,,
176673,100,H4,2026-05-19 05:00:00,0.001934554059929524,36.02894680802526,,
176674,100,H4,2026-05-19 09:00:00,0.0018820859127916996,34.716889586157635,,
176675,100,H4,2026-05-19 13:00:00,0.0019133654904494345,33.737773840590464,,
176676,100,H4,2026-05-19 17:00:00,0.0018338393839887623,33.21966026314192,,
176677,100,H4,2026-05-19 21:00:00,0.0018407079994181355,29.657208518917955,,
176678,100,H4,2026-05-20 01:00:00,0.001877800285173977,33.44469417444034,,0.58152
176679,100,H4,2026-05-20 05:00:00,0.0018608145505186913,39.104706708901524,,
176680,100,H4,2026-05-20 09:00:00,0.001842899225481642,40.06157426200626,,
176681,100,H4,2026-05-20 13:00:00,0.0020884064236615213,52.699738169353445,,
176682,100,H4,2026-05-20 17:00:00,0.0020242345362571287,52.382548749315276,,
176683,100,H4,2026-05-20 21:00:00,0.0019625034979530516,49.571091687632794,,
176684,100,H4,2026-05-21 01:00:00,0.001996610390956405,49.65423444383594,,
176685,100,H4,2026-05-21 05:00:00,0.002025423934459516,50.48935982167966,,
176686,100,H4,2026-05-21 09:00:00,0.0020607507962838337,45.48577491041032,,
176687,100,H4,2026-05-21 13:00:00,0.0020385543108349825,48.58137349114839,,
176688,100,H4,2026-05-21 17:00:00,0.002107229002918198,54.63430308968885,0.58882,
176689,100,H4,2026-05-21 21:00:00,0.002035284074138326,53.8286834928458,,
176690,100,H4,2026-05-22 01:00:00,0.0019527637831284453,54.34049823446126,,
176691,100,H4,2026-05-22 05:00:00,0.001944709227190696,48.202540824105135,,
176692,100,H4,2026-05-22 09:00:00,0.0018850871395342216,47.21539508061197,,
176693,100,H4,2026-05-22 13:00:00,0.001918295200996068,46.83974982984569,,
176694,100,H4,2026-05-22 17:00:00,0.001908416972353492,42.68010855876211,,
176695,100,H4,2026-05-24 21:00:00,0.001999244331471097,53.994061221060214,,
176696,100,H4,2026-05-25 01:00:00,0.0019500125935088782,55.60712338035328,,
176697,100,H4,2026-05-25 05:00:00,0.0019257259796868155,53.389585125057614,,
176698,100,H4,2026-05-25 09:00:00,0.0018674598382806104,54.80130513748538,,
176699,100,H4,2026-05-25 13:00:00,0.0017983555641177106,53.175265131572495,,
176700,100,H4,2026-05-25 17:00:00,0.0016906158809664466,53.52180328998706,,
176701,100,H4,2026-05-25 21:00:00,0.00170842903232599,46.299736995674046,,
176702,100,H4,2026-05-26 01:00:00,0.0016763983871598506,42.020849119509286,,
176703,100,H4,2026-05-26 05:00:00,0.0016380842166484348,40.02888914313506,,
176704,100,H4,2026-05-26 09:00:00,0.0015867924868878346,38.00772710070036,,
176705,100,H4,2026-05-26 13:00:00,0.0015634501663958412,35.82586647720201,,
176706,100,H4,2026-05-26 17:00:00,0.0015017751545104185,37.616452449291586,,0.5832
176707,100,H4,2026-05-26 21:00:00,0.0014816483577596742,43.25624373653898,,
176708,100,H4,2026-05-27 01:00:00,0.0016693877607768443,58.27674683903254,,
176709,100,H4,2026-05-27 05:00:00,0.0016387172064356425,58.35141821848346,,
176710,100,H4,2026-05-27 09:00:00,0.0017223802631188175,64.62413390561045,,
176711,100,H4,2026-05-27 13:00:00,0.0017593531014674668,63.394720293726664,,
176712,100,H4,2026-05-27 17:00:00,0.0017522564513626473,66.1673033864507,,
176713,100,H4,2026-05-27 21:00:00,0.0017385238476938874,65.31965686827319,,
176714,100,H4,2026-05-28 01:00:00,0.0019457721442871876,48.56833009930113,,
176715,100,H4,2026-05-28 05:00:00,0.0019967884196952453,55.879424885760514,,
176716,100,H4,2026-05-28 09:00:00,0.0020263035325741503,61.542469014069205,,
176717,100,H4,2026-05-28 13:00:00,0.0021287104231045694,67.33223807122812,,
176718,100,H4,2026-05-28 17:00:00,0.0020330882500256687,67.63612813040672,,
176719,100,H4,2026-05-28 21:00:00,0.0020450105178809767,69.88850412292086,,
176720,100,H4,2026-05-29 01:00:00,0.002004652623746624,72.21285168663694,,
176721,100,H4,2026-05-29 05:00:00,0.0019250345791932896,72.55957878359604,,
176722,100,H4,2026-05-29 09:00:00,0.0019296749663937644,75.82523534067886,,
176723,100,H4,2026-05-29 13:00:00,0.001904698183079918,77.35962625110866,,
176724,100,H4,2026-05-29 17:00:00,0.0018415054557170602,77.09873810538103,,
176725,100,H4,2026-05-31 21:00:00,0.0018428264945944191,71.34633502941672,,
176726,100,H4,2026-06-01 01:00:00,0.0018126246021233877,67.16508838699944,,
176727,100,H4,2026-06-01 05:00:00,0.0017610085591145768,65.57696014003034,,
176728,100,H4,2026-06-01 09:00:00,0.0017530793763206735,60.4033167704013,,
176729,100,H4,2026-06-01 13:00:00,0.0019442879922977635,53.08884905227891,,
176730,100,H4,2026-06-01 17:00:00,0.0018954102785622119,51.666434433093116,,
176731,100,H4,2026-06-01 21:00:00,0.0019307381158077685,46.927278552248104,,
176732,100,H4,2026-06-02 01:00:00,0.0019099711075357833,51.763792737901696,,
176733,100,H4,2026-06-02 05:00:00,0.0018949731712832219,50.230144565409596,,
176734,100,H4,2026-06-02 09:00:00,0.0018696179447629908,50.15394190864483,,
176735,100,H4,2026-06-02 13:00:00,0.0018217880915656329,48.566997832867514,,
176736,100,H4,2026-06-02 17:00:00,0.0017530889421680858,48.5256595256446,,
176737,100,H4,2026-06-02 21:00:00,0.001726439732013226,51.25142135845412,,
176738,100,H4,2026-06-03 01:00:00,0.001768122608297998,43.939564019476094,,
176739,100,H4,2026-06-03 05:00:00,0.0017953995648481399,37.86111449957308,,
178118,100,D,2026-05-10 21:00:00,0.005777009072225634,59.94794989247797,,
178119,100,D,2026-05-11 21:00:00,0.005612936995638092,58.18499824270709,,
178120,100,D,2026-05-12 21:00:00,0.0055405843530925165,55.723598359620595,,
178121,100,D,2026-05-13 21:00:00,0.005379114042157333,52.04062825751243,,
178122,100,D,2026-05-14 21:00:00,0.005580605896288951,43.04712445473131,,
178123,100,D,2026-05-17 21:00:00,0.00559913404655403,47.88958581582421,,
178124,100,D,2026-05-18 21:00:00,0.0056391959003715955,43.47942169093966,,
178125,100,D,2026-05-19 21:00:00,0.005757110478916474,47.98213741842346,,
178126,100,D,2026-05-20 21:00:00,0.00564588830185101,48.537185722654534,,
178127,100,D,2026-05-21 21:00:00,0.0055083248517188,45.517756533201506,,
178128,100,D,2026-05-24 21:00:00,0.005348444505167456,48.74852261154582,,
178129,100,D,2026-05-25 21:00:00,0.005272127040512635,44.459943531000135,,
178130,100,D,2026-05-26 21:00:00,0.005439832251904586,52.617358467853116,,
178131,100,D,2026-05-27 21:00:00,0.005561272805339975,56.031084808917285,,
178132,100,D,2026-05-28 21:00:00,0.005634039033529971,61.11833327382945,,
178133,100,D,2026-05-31 21:00:00,0.005799464816849259,54.169829057054194,,
178134,100,D,2026-06-01 21:00:00,0.005581645901360029,53.20265618572965,,
178135,7,D,2026-06-02 21:00:00,0.005478713409677309,40.264030086582686,,
178136,7,D,2026-06-03 21:00:00,0.005450948166128933,42.53636610921491,,
178137,7,D,2026-06-04 21:00:00,0.0059651661542625845,32.92170097684125,,
178138,7,D,2026-06-07 21:00:00,0.0059326542861009805,34.68428550515256,,
178139,7,D,2026-06-08 21:00:00,0.005873893265665192,36.80115295370262,,
178140,7,D,2026-06-09 21:00:00,0.005739329460974832,35.90448938649406,,
178141,7,D,2026-06-10 21:00:00,0.005950091642333762,43.653259009755324,,
178142,7,D,2026-06-11 21:00:00,0.005757227953595635,42.10329449594309,,
178143,7,D,2026-06-14 21:00:00,0.005740283099767373,45.8882334983478,,
178144,7,D,2026-06-15 21:00:00,0.005651691449783986,48.93980158036734,,
178145,7,D,2026-06-16 21:00:00,0.006240142060513698,36.559472333334654,,
178146,7,D,2026-06-17 21:00:00,0.006344417627619865,32.85332265931997,,
178147,7,D,2026-06-18 21:00:00,0.006339102082789874,34.99363259956881,,
178148,7,D,2026-06-21 21:00:00,0.006277023362590603,31.512563193361117,,
178149,7,D,2026-06-22 21:00:00,0.0062815216938341325,28.220859585162145,,
178150,7,D,2026-06-23 21:00:00,0.006260698715703119,26.72418228803903,,1.13246
178151,7,D,2026-06-24 21:00:00,0.006204220236010029,28.758622489426372,,
178152,7,D,2026-06-25 21:00:00,0.00633106164772359,31.376477978766857,,
178153,7,D,2026-06-28 21:00:00,0.0062338429586004706,37.886851955718186,,
178154,7,D,2026-06-29 21:00:00,0.006174282747271871,37.65133446580869,,
178155,7,D,2026-06-30 21:00:00,0.006172548265323887,33.56879555137104,,
178156,7,D,2026-07-01 21:00:00,0.006431651960657897,42.16543324122034,,
178157,7,D,2026-07-02 21:00:00,0.006268676820610912,42.726310670595296,,
178158,7,D,2026-07-05 21:00:00,0.006081628476281571,43.2129418175418,,
178159,7,D,2026-07-06 21:00:00,0.005933655013690036,39.861864934201,,
178160,7,D,2026-07-07 21:00:00,0.005798393941283607,40.67080731365021,,
178161,7,D,2026-07-08 21:00:00,0.005624222945477638,43.07591843196232,,
178162,7,D,2026-07-09 21:00:00,0.005573921306514952,41.126570170698606,,
178163,7,D,2026-07-12 21:00:00,0.005663641213192448,37.041131700131686,,
178164,7,D,2026-07-13 21:00:00,0.005863381126535838,44.052864019944735,,
178165,7,D,2026-07-14 21:00:00,0.005990282474640412,50.360972998445014,,
178166,7,D,2026-07-15 21:00:00,0.005886690869308953,47.58689078565061,,
178167,7,D,2026-07-16 21:00:00,0.0056647843786440276,46.9215797258823,,
178168,7,D,2026-07-19 21:00:00,0.005596585494455167,43.686463082220484,,
178169,7,D,2026-07-20 21:00:00,0.005420400816279804,41.62187925696988,,
178170,7,D,2026-07-21 21:00:00,0.005202515043688388,44.0959698395115,,
178171,7,D,2026-07-22 21:00:00,0.005345192540567797,39.63785387838373,,
178172,7,D,2026-07-23 21:00:00,0.005221964501955808,38.79311630928451,,
178173,7,D,2026-07-26 21:00:00,0.005216109894673244,38.498592803484314,,
178174,7,D,2026-07-27 21:00:00,0.005215673473625151,42.21654837203804,,
178175,7,D,2026-07-28 21:00:00,0.0055309825112233564,55.17843726094869,,
178176,7,D,2026-07-29 21:00:00,0.005868769474707399,62.14025372680116,,
178177,29,D,2026-06-02 21:00:00,0.005003643900225022,58.77096054870803,,
178178,29,D,2026-06-03 21:00:00,0.005045526478780376,54.872065437639016,,
178179,29,D,2026-06-04 21:00:00,0.005370846016010345,61.9699720574067,,
178180,29,D,2026-06-07 21:00:00,0.005279357014866752,63.404668098862466,,
178181,29,D,2026-06-08 21:00:00,0.005211545799519123,63.70712582435542,,
178182,29,D,2026-06-09 21:00:00,0.005105721099553464,65.49238621528892,,
178183,29,D,2026-06-10 21:00:00,0.005248883878156792,57.07245979705255,,
178184,29,D,2026-06-11 21:00:00,0.0051139636011455865,59.47697348562115,,
178185,29,D,2026-06-14 21:00:00,0.00510939477249233,55.878517612614104,,
178186,29,D,2026-06-15 21:00:00,0.005018009431600022,53.65130885200613,,
178187,29,D,2026-06-16 21:00:00,0.005413151615057159,60.91717626004274,,
178188,29,D,2026-06-17 21:00:00,0.005599355071124507,65.32152790770077,,
178189,29,D,2026-06-18 21:00:00,0.0055501154231870405,67.22160482393505,,
178190,29,D,2026-06-21 21:00:00,0.005353678607245111,68.46475586576697,,
178191,29,D,2026-06-22 21:00:00,0.005196272992441887,69.2799176107668,,
178192,29,D,2026-06-23 21:00:00,0.0051558249215531825,71.40279356992701,,
178193,29,D,2026-06-24 21:00:00,0.00511040885572796,67.4010920775707,,
178194,29,D,2026-06-25 21:00:00,0.005073951080318823,66.7696803422273,,
178195,29,D,2026-06-28 21:00:00,0.00494009743172462,62.521377182207324,,
178196,29,D,2026-06-29 21:00:00,0.0048615190437442946,63.38684252095429,,
178197,29,D,2026-06-30 21:00:00,0.004822839112048273,64.71956234378487,,
178198,29,D,2026-07-01 21:00:00,0.005119064889759105,54.083796395843734,,
178199,29,D,2026-07-02 21:00:00,0.005013417397633453,53.925265583636694,,
178200,29,D,2026-07-05 21:00:00,0.004944601869231063,56.4024902051965,,
178201,29,D,2026-07-06 21:00:00,0.004888558878571697,60.528942672002394,,
178202,29,D,2026-07-07 21:00:00,0.004855804672959436,60.472045275113594,,
178203,29,D,2026-07-08 21:00:00,0.004775390053462334,57.5401999636085,,
178204,29,D,2026-07-09 21:00:00,0.004855719335357883,59.593996256553794,,
178205,29,D,2026-07-12 21:00:00,0.005042453668546603,67.09219092762658,,
178206,29,D,2026-07-13 21:00:00,0.005333706977936133,57.25206204267232,,
178207,29,D,2026-07-14 21:00:00,0.005528442193797834,51.44773685823652,,
178208,29,D,2026-07-15 21:00:00,0.005529267751383703,55.57371971970762,,
178209,29,D,2026-07-16 21:00:00,0.005367177197713442,53.814798799536696,,
178210,29,D,2026-07-19 21:00:00,0.005315950255019628,57.206099944836126,,
178211,29,D,2026-07-20 21:00:00,0.0052333823796610794,60.11161776199529,,
178212,29,D,2026-07-21 21:00:00,0.005106712209685289,61.78593295090138,,
178213,29,D,2026-07-22 21:00:00,0.0051005184804220555,64.41793625905876,,
178214,29,D,2026-07-23 21:00:00,0.004969767160391908,65.67088027028142,,
178215,29,D,2026-07-26 21:00:00,0.005006926648935343,66.78812822227779,,
178216,29,D,2026-07-27 21:00:00,0.004916431888297109,66.85149972899319,,
178217,29,D,2026-07-28 21:00:00,0.005095972467704454,55.868668141328456,,
178218,29,D,2026-07-29 21:00:00,0.005701260148582706,44.29171427986906,,
178219,46,D,2026-06-02 21:00:00,0.9383015429817319,48.856069975171344,,
178220,46,D,2026-06-03 21:00:00,0.9258514327687518,50.202391331258795,,
178221,46,D,2026-06-04 21:00:00,0.9819334732852705,40.31058381593904,,
178222,46,D,2026-06-07 21:00:00,0.9848667966220367,40.28688134739516,,
178223,46,D,2026-06-08 21:00:00,0.9760191682918905,44.91450712080466,,
178224,46,D,2026-06-09 21:00:00,0.9504463705567552,45.96822005693852,,
178225,46,D,2026-06-10 21:00:00,0.9407002012312742,46.18279571111316,,
178226,46,D,2026-06-11 21:00:00,0.9021501868576104,47.49273758168574,,
178227,46,D,2026-06-14 21:00:00,0.8933537449392094,53.412611096437196,,
178228,46,D,2026-06-15 21:00:00,0.8913999060149811,57.737477168486635,186.322,
178229,46,D,2026-06-16 21:00:00,0.9547999127281965,43.07248516919988,,
178230,46,D,2026-06-17 21:00:00,0.9638856332476106,44.41495992449,,
178231,46,D,2026-06-18 21:00:00,0.9548223737299233,45.14925450513453,,
178232,46,D,2026-06-21 21:00:00,0.9591922041777853,42.24171508572298,,
178233,46,D,2026-06-22 21:00:00,0.966749903879372,36.29013839079956,,
178234,46,D,2026-06-23 21:00:00,0.9521249107451312,35.52795673087947,,183.171
178235,46,D,2026-06-24 21:00:00,0.9339731314061938,37.87825686144199,,
178236,46,D,2026-06-25 21:00:00,0.9464750505914663,40.21267662540529,,
178237,46,D,2026-06-28 21:00:00,0.9491554041206458,49.616412926025234,,
178238,46,D,2026-06-29 21:00:00,0.9685014466834588,55.83045903976911,,
178239,46,D,2026-06-30 21:00:00,0.9643942004917834,49.31740014647054,,
178240,46,D,2026-07-01 21:00:00,0.9905803290280858,43.17020606760278,,
178241,46,D,2026-07-02 21:00:00,0.9693245912403643,46.36879906051234,,
178242,46,D,2026-07-05 21:00:00,0.9754442632946224,53.436737301664515,,
178243,46,D,2026-07-06 21:00:00,0.9604839587735773,49.81712382789198,,
178244,46,D,2026-07-07 21:00:00,0.9498779617183206,54.74012871603769,,
178245,46,D,2026-07-08 21:00:00,0.9027438215955849,54.28711690140741,,
178246,46,D,2026-07-09 21:00:00,0.9251192629101845,46.292563580528686,,
178247,46,D,2026-07-12 21:00:00,0.9361821727023151,48.647761944063895,,
178248,46,D,2026-07-13 21:00:00,0.9213120175092931,51.9770876610486,,
178249,46,D,2026-07-14 21:00:00,0.9119325876872022,56.22516349117236,,
178250,46,D,2026-07-15 21:00:00,0.8695088314238315,55.18416159563403,,
178251,46,D,2026-07-16 21:00:00,0.8416867720364143,54.83791242566965,,
178252,46,D,2026-07-19 21:00:00,0.8194234311766684,52.10469456896564,,
178253,46,D,2026-07-20 21:00:00,0.8120360432354784,56.338952974773726,,
178254,46,D,2026-07-21 21:00:00,0.7880334687186584,57.78669915313596,,
178255,46,D,2026-07-22 21:00:00,0.7760310780958974,59.59764497935397,,
178256,46,D,2026-07-23 21:00:00,0.7473860010890476,58.08333685155145,,
178257,46,D,2026-07-26 21:00:00,0.7377155724398295,56.24989287588195,,
178258,46,D,2026-07-27 21:00:00,0.7308787458369842,59.97093766523148,,
178259,46,D,2026-07-28 21:00:00,0.770815978277201,65.81003181564411,,
178260,46,D,2026-07-29 21:00:00,1.096829122685973,39.56444631923602,,
178261,48,D,2026-06-02 21:00:00,0.8058839465903096,57.131183016455395,,
178262,48,D,2026-06-03 21:00:00,0.7841779504052881,56.442636682223835,,
178263,48,D,2026-06-04 21:00:00,0.7723080968049121,58.862024954212664,,
178264,48,D,2026-06-07 21:00:00,0.7567146613188471,57.20994803794271,,
178265,48,D,2026-06-08 21:00:00,0.730877899796073,58.86194195224725,,
178266,48,D,2026-06-09 21:00:00,0.7029580498106395,60.53792968466677,,
178267,48,D,2026-06-10 21:00:00,0.7284610462527369,53.322440712712215,,
178268,48,D,2026-06-11 21:00:00,0.7089995429489713,55.837522142959905,,
178269,48,D,2026-06-14 21:00:00,0.7053567184526152,57.06407437320419,,
178270,48,D,2026-06-15 21:00:00,0.6858312385631438,58.14004102478859,,
178271,48,D,2026-06-16 21:00:00,0.6856290072372043,60.26522824468489,,
178272,48,D,2026-06-17 21:00:00,0.7319412210059756,66.38572839003022,,
178273,48,D,2026-06-18 21:00:00,0.7134454195055496,64.90277494181544,,
178274,48,D,2026-06-21 21:00:00,0.7236278895408671,67.19163905015668,,
178275,48,D,2026-06-22 21:00:00,0.7060830402879467,66.8355455127878,,
178276,48,D,2026-06-23 21:00:00,0.67893425169595,68.71828159682829,,
178277,48,D,2026-06-24 21:00:00,0.6585103765748108,68.60980134146467,,
178278,48,D,2026-06-25 21:00:00,0.6340453496766102,67.57585699466719,,
178279,48,D,2026-06-28 21:00:00,0.6075421104139955,69.36218592156575,,
178280,48,D,2026-06-29 21:00:00,0.6199319596701391,74.4100245444996,,
178281,48,D,2026-06-30 21:00:00,0.6146511054079858,74.50121209368984,,
178282,48,D,2026-07-01 21:00:00,0.712033169307416,51.83840528752314,,
178283,48,D,2026-07-02 21:00:00,0.7357450857854585,54.47665236272978,,
178284,48,D,2026-07-05 21:00:00,0.7641204368007816,60.77404852663579,,
178285,48,D,2026-07-06 21:00:00,0.7472546913150108,60.953532801524915,,
178286,48,D,2026-07-07 21:00:00,0.7390936419353678,65.04091695195189,,
178287,48,D,2026-07-08 21:00:00,0.7143726675114109,61.785160598487245,,
178288,48,D,2026-07-09 21:00:00,0.7460603341177378,53.60203161950937,,
178289,48,D,2026-07-12 21:00:00,0.7504845959664702,59.88657055738967,,
178290,48,D,2026-07-13 21:00:00,0.759807124826008,57.71264622507019,,
178291,48,D,2026-07-14 21:00:00,0.74332090162415,56.88439968323957,,
178292,48,D,2026-07-15 21:00:00,0.7307265515081397,58.45021052746558,,
178293,48,D,2026-07-16 21:00:00,0.7067460835432712,58.8211707911509,,
178294,48,D,2026-07-19 21:00:00,0.6849785061473243,59.672318922464555,,
178295,48,D,2026-07-20 21:00:00,0.6938371842796601,65.58030911205418,,
178296,48,D,2026-07-21 21:00:00,0.6844916711168284,65.10668122585078,,
178297,48,D,2026-07-22 21:00:00,0.7064565517513399,70.19250294684657,,
178298,48,D,2026-07-23 21:00:00,0.6769953694833859,69.91112811998525,,
178299,48,D,2026-07-26 21:00:00,0.6657814145202856,68.20980487178085,,
178300,48,D,2026-07-27 21:00:00,0.6400827420545497,69.1655309927296,,
178301,48,D,2026-07-28 21:00:00,0.6427911176220817,62.118326826612346,,
178302,48,D,2026-07-29 21:00:00,1.010234609220505,31.20592168959,,
178303,54,D,2026-06-02 21:00:00,1.229801874200474,51.46470627666867,,
178304,54,D,2026-06-03 21:00:00,1.1988874546147257,51.54683215827564,,
178305,54,D,2026-06-04 21:00:00,1.2621812078565315,45.04813576180906,,
178306,54,D,2026-06-07 21:00:00,1.2518111215810663,43.735516126612154,,
178307,54,D,2026-06-08 21:00:00,1.2548960414681323,50.35289829311093,,
178308,54,D,2026-06-09 21:00:00,1.227117752791838,50.91053327147865,,
178309,54,D,2026-06-10 21:00:00,1.2161807704495646,50.78000863408508,,
178310,54,D,2026-06-11 21:00:00,1.1659535725603085,52.33599990188698,,
178311,54,D,2026-06-14 21:00:00,1.1507426030917152,54.361297414454825,,
178312,54,D,2026-06-15 21:00:00,1.1424752742994495,57.23679316320597,,
178313,54,D,2026-06-16 21:00:00,1.2206556118494885,43.15786079905103,,
178314,54,D,2026-06-17 21:00:00,1.2522516395745238,40.44334364663068,,212.4
178315,54,D,2026-06-18 21:00:00,1.2437336653191993,43.30122142255595,,
178316,54,D,2026-06-21 21:00:00,1.2933955463678295,48.1741778263931,,
178317,54,D,2026-06-22 21:00:00,1.2889387216272699,43.216747780297865,,
178318,54,D,2026-06-23 21:00:00,1.2656573843681787,41.66773137687173,,
178319,54,D,2026-06-24 21:00:00,1.24111042834188,44.58460507995388,,
178320,54,D,2026-06-25 21:00:00,1.1953882548888883,44.963310114088884,,
178321,54,D,2026-06-28 21:00:00,1.208003379539683,54.17235653914505,,
178322,54,D,2026-06-29 21:00:00,1.235931709572562,59.30961978436676,,
178323,54,D,2026-06-30 21:00:00,1.2065080160316637,60.69015534838879,,
178324,54,D,2026-07-01 21:00:00,1.2236145863151162,54.33148911057304,,
178325,54,D,2026-07-02 21:00:00,1.1950706872926067,56.792846127942376,,
178326,54,D,2026-07-05 21:00:00,1.2427084953431364,64.62004515214264,,
178327,54,D,2026-07-06 21:00:00,1.2148721742471966,61.12852696987421,,
178328,54,D,2026-07-07 21:00:00,1.2286670189438265,66.1209045767146,,
178329,54,D,2026-07-08 21:00:00,1.1877622318764087,66.12891276697508,,
178330,54,D,2026-07-09 21:00:00,1.199493501028094,58.43807415173514,,
178331,54,D,2026-07-12 21:00:00,1.173672536668946,58.9943727208446,,
178332,54,D,2026-07-13 21:00:00,1.1422673554783076,61.29570874154512,,
178333,54,D,2026-07-14 21:00:00,1.2463196872298583,70.25380972711994,,
178334,54,D,2026-07-15 21:00:00,1.2227254238562968,65.10756415274352,,
178335,54,D,2026-07-16 21:00:00,1.203387893580847,62.45513875621284,,
178336,54,D,2026-07-19 21:00:00,1.1746459011822143,60.93809673064143,,
178337,54,D,2026-07-20 21:00:00,1.1768140510977714,61.08417495300798,,
178338,54,D,2026-07-21 21:00:00,1.134184476019358,60.78581971640344,,
178339,54,D,2026-07-22 21:00:00,1.1002427277322604,60.32207798597233,,
178340,54,D,2026-07-23 21:00:00,1.0579396757513833,61.095929887173085,,
178341,54,D,2026-07-26 21:00:00,1.057229698911999,54.98659136936132,,
178342,54,D,2026-07-27 21:00:00,1.0148561489897132,56.13831699067295,,
178343,54,D,2026-07-28 21:00:00,1.042437852633306,60.44860484853812,,
178344,54,D,2026-07-29 21:00:00,1.421120863159498,39.01319132396993,,
178345,60,D,2026-06-02 21:00:00,0.005824543620651224,46.62603607204143,,
178346,60,D,2026-06-03 21:00:00,0.005598504790604708,47.34364389850469,,
178347,60,D,2026-06-04 21:00:00,0.0059578973055615094,38.305277927685225,,
178348,60,D,2026-06-07 21:00:00,0.005918047498021406,38.28738769521688,,
178349,60,D,2026-06-08 21:00:00,0.0059624726767341625,36.69107279625087,,
178350,60,D,2026-06-09 21:00:00,0.005841581771253151,33.99151079954876,,
178351,60,D,2026-06-10 21:00:00,0.005967897359020783,42.20717070826488,,
178352,60,D,2026-06-11 21:00:00,0.0058180475476621585,41.51788521896254,,
178353,60,D,2026-06-14 21:00:00,0.005732472722829152,45.12295051657837,,
178354,60,D,2026-06-15 21:00:00,0.005592296099769931,44.71392362818495,,
178355,60,D,2026-06-16 21:00:00,0.005766417806929221,38.908088662939164,,
178356,60,D,2026-06-17 21:00:00,0.005644530820719995,38.971891898845705,,
178357,60,D,2026-06-18 21:00:00,0.005490635762097137,38.94998802100367,,
178358,60,D,2026-06-21 21:00:00,0.005279876064804483,37.4755857563732,,
178359,60,D,2026-06-22 21:00:00,0.005604884917318449,29.63287458178786,,
178360,60,D,2026-06-23 21:00:00,0.00549810742322427,28.41869173742427,,
178361,60,D,2026-06-24 21:00:00,0.005396099750136823,30.358524751222376,,
178362,60,D,2026-06-25 21:00:00,0.005309235482269904,29.03303157092344,,
178363,60,D,2026-06-28 21:00:00,0.005122861519250628,28.374395293299486,,
178364,60,D,2026-06-29 21:00:00,0.005216942839304154,35.028838539466534,,0.68654
178365,60,D,2026-06-30 21:00:00,0.005109304065068142,32.46595843955686,,
178366,60,D,2026-07-01 21:00:00,0.0051672109175632695,37.82097189692715,,
178367,60,D,2026-07-02 21:00:00,0.005076695852023036,41.1869325583795,,
178368,60,D,2026-07-05 21:00:00,0.004979789005449958,43.9365056755626,,
178369,60,D,2026-07-06 21:00:00,0.004903375505060674,40.38175619501441,,
178370,60,D,2026-07-07 21:00:00,0.0048395629689849074,40.67923095869803,,
178371,60,D,2026-07-08 21:00:00,0.004650308471200273,42.7740902331753,,
178372,60,D,2026-07-09 21:00:00,0.004576000723257397,44.870689015448136,,
178373,60,D,2026-07-12 21:00:00,0.004528429243024724,39.85076939160627,,
178374,60,D,2026-07-13 21:00:00,0.004777827154237246,49.749740177632134,,
178375,60,D,2026-07-14 21:00:00,0.004797268071791728,54.291460726833456,,
178376,60,D,2026-07-15 21:00:00,0.004642463209520892,52.840402876885754,,
178377,60,D,2026-07-16 21:00:00,0.004560858694555111,50.298786675403356,,
178378,60,D,2026-07-19 21:00:00,0.0045950830735154635,52.96641681575922,,
178379,60,D,2026-07-20 21:00:00,0.004506148568264363,52.87807976720417,,
178380,60,D,2026-07-21 21:00:00,0.00441570938481691,52.613484500409825,,
178381,60,D,2026-07-22 21:00:00,0.004522444428758565,47.33025052718141,,
178382,60,D,2026-07-23 21:00:00,0.004462269826704375,50.243254538557466,,
178383,60,D,2026-07-26 21:00:00,0.0043406791247969185,51.350626101726796,,
178384,60,D,2026-07-27 21:00:00,0.004273487758739993,48.3383729956835,,
178385,60,D,2026-07-28 21:00:00,0.004445381490258566,44.80064317052945,,
178386,60,D,2026-07-29 21:00:00,0.0047492828123829505,57.667545339974254,,
178387,69,D,2026-06-02 21:00:00,0.007750968304603837,44.848226160185874,,
178388,69,D,2026-06-03 21:00:00,0.0075616134257035705,45.60078265381909,,
178389,69,D,2026-06-04 21:00:00,0.008114355323867593,38.53144975892539,,
178390,69,D,2026-06-07 21:00:00,0.007990472800734196,38.52387422781748,,
178391,69,D,2026-06-08 21:00:00,0.007992581886396049,43.301752967512904,,
178392,69,D,2026-06-09 21:00:00,0.007824540323082052,42.32272179726606,,
178393,69,D,2026-06-10 21:00:00,0.008042787442861906,47.872723893318465,,
178394,69,D,2026-06-11 21:00:00,0.007784016911228919,46.93238676130167,,
178395,69,D,2026-06-14 21:00:00,0.0076180157032839976,47.57628719452657,,
178396,69,D,2026-06-15 21:00:00,0.007450300295906577,49.412465525692795,,
178397,69,D,2026-06-16 21:00:00,0.008200993131913248,37.04227832103335,,
178398,69,D,2026-06-17 21:00:00,0.008558779336776583,31.3628266525364,,
178399,69,D,2026-06-18 21:00:00,0.00850243795557826,34.91684108031686,,
178400,69,D,2026-06-21 21:00:00,0.008535120958751247,36.81585310379424,,
178401,69,D,2026-06-22 21:00:00,0.008461183747411876,33.66859219450487,,
178402,69,D,2026-06-23 21:00:00,0.008350384908311026,31.521288700517175,,1.31402
178403,69,D,2026-06-24 21:00:00,0.008239643129145947,34.46628908493807,,
178404,69,D,2026-06-25 21:00:00,0.008020382905635514,35.30369957875071,,
178405,69,D,2026-06-28 21:00:00,0.00795892698380441,42.91396673702773,,
178406,69,D,2026-06-29 21:00:00,0.007851860770675517,43.09998082851111,,
178407,69,D,2026-06-30 21:00:00,0.00781458500134154,44.888863121937,,
178408,69,D,2026-07-01 21:00:00,0.00808997178695999,52.60813158606788,,
178409,69,D,2026-07-02 21:00:00,0.007846402373605706,53.26165140668906,,
178410,69,D,2026-07-05 21:00:00,0.00777665934691958,56.77288059667175,,
178411,69,D,2026-07-06 21:00:00,0.00759904082213961,53.11823468928088,,
178412,69,D,2026-07-07 21:00:00,0.007686252191986784,56.07411896888134,,
178413,69,D,2026-07-08 21:00:00,0.007495805606844873,57.988591453687846,,
178414,69,D,2026-07-09 21:00:00,0.0073868194920702415,57.07771633906058,,
178415,69,D,2026-07-12 21:00:00,0.007354189528350945,50.15328076766881,,
178416,69,D,2026-07-13 21:00:00,0.007553175990611579,54.91821523754101,,
178417,69,D,2026-07-14 21:00:00,0.008285091991282184,66.32848253338578,,
178418,69,D,2026-07-15 21:00:00,0.008299728277619163,59.73027046095697,,
178419,69,D,2026-07-16 21:00:00,0.00810117625778922,56.969103030982794,,
178420,69,D,2026-07-19 21:00:00,0.008013949382232847,54.80454760836732,,
178421,69,D,2026-07-20 21:00:00,0.008129381569216217,49.56028819086131,,
178422,69,D,2026-07-21 21:00:00,0.007840140028557907,49.60698828760596,,
178423,69,D,2026-07-22 21:00:00,0.007954415740803763,44.21132526951823,,
178424,69,D,2026-07-23 21:00:00,0.007694814616460645,45.20760007283707,,
178425,69,D,2026-07-26 21:00:00,0.0077108992867134666,42.16062149806443,,
178426,69,D,2026-07-27 21:00:00,0.007429406480519651,42.30139501945639,,
178427,69,D,2026-07-28 21:00:00,0.007673734589053964,50.663750857665875,,
178428,69,D,2026-07-29 21:00:00,0.008152753546978685,58.7456744653839,,
178429,78,D,2026-06-02 21:00:00,0.0053324351264513,69.84801444398099,,
178430,78,D,2026-06-03 21:00:00,0.0052686897602762075,70.961770050787,,
178431,78,D,2026-06-04 21:00:00,0.005494497634542189,73.34914451854345,,
178432,78,D,2026-06-07 21:00:00,0.005351319232074889,74.39431787551551,,
178433,78,D,2026-06-08 21:00:00,0.00532765357264097,73.436497227019,,
178434,78,D,2026-06-09 21:00:00,0.005363535460309473,72.08015160710079,,
178435,78,D,2026-06-10 21:00:00,0.005641140070287366,74.06233246290626,,
178436,78,D,2026-06-11 21:00:00,0.0055089157795525515,76.03670594843214,,
178437,78,D,2026-06-14 21:00:00,0.00542685036672738,76.15267411563745,,
178438,78,D,2026-06-15 21:00:00,0.005313503911961143,76.52839059929559,,
178439,78,D,2026-06-16 21:00:00,0.005882539346821074,83.42270480481628,,
178440,78,D,2026-06-17 21:00:00,0.005835215107762426,85.06742847749516,,
178441,78,D,2026-06-18 21:00:00,0.005791271171493682,85.74791591983258,,
178442,78,D,2026-06-21 21:00:00,0.005725466087815557,85.99105775225166,,
178443,78,D,2026-06-22 21:00:00,0.005789361367257292,87.93944573614077,,
178444,78,D,2026-06-23 21:00:00,0.005680121269596068,88.70256479485691,,
178445,78,D,2026-06-24 21:00:00,0.005781541178910643,80.97750022614862,1.42486,
178446,78,D,2026-06-25 21:00:00,0.005657145380417013,79.72356465887782,,
178447,78,D,2026-06-28 21:00:00,0.005557349281815792,80.6896318790015,,
178448,78,D,2026-06-29 21:00:00,0.005656110047400374,76.86731430070628,,
178449,78,D,2026-06-30 21:00:00,0.005562816472586052,78.25235450744012,,
178450,78,D,2026-07-01 21:00:00,0.005696901010258485,70.31777073582116,,
178451,78,D,2026-07-02 21:00:00,0.005654265223811458,71.99397383301232,,
178452,78,D,2026-07-05 21:00:00,0.005561817707824936,72.47479249891492,,
178453,78,D,2026-07-06 21:00:00,0.005468830728694579,71.15912807848261,,
178454,78,D,2026-07-07 21:00:00,0.005461057105216396,64.90838677751742,,
178455,78,D,2026-07-08 21:00:00,0.005335981597700931,63.59659231575494,,
178456,78,D,2026-07-09 21:00:00,0.005360554340722303,61.16370864436777,,
178457,78,D,2026-07-12 21:00:00,0.005332657602099276,61.02141031306103,,
178458,78,D,2026-07-13 21:00:00,0.00573246777337789,43.50757272302491,,
178459,78,D,2026-07-14 21:00:00,0.005698005789565182,40.98451188536832,,
178460,78,D,2026-07-15 21:00:00,0.005634576804596239,41.25203860173069,,
178461,78,D,2026-07-16 21:00:00,0.005531392747125089,38.52496948864171,,
178462,78,D,2026-07-19 21:00:00,0.005629864693759009,47.42980835960435,,
178463,78,D,2026-07-20 21:00:00,0.00563344578706193,53.29734772100843,,
178464,78,D,2026-07-21 21:00:00,0.005479628230843232,49.89043433950001,,
178465,78,D,2026-07-22 21:00:00,0.0053946547857830094,49.48962721309063,,
178466,78,D,2026-07-23 21:00:00,0.0053578937296556665,51.02163722172786,,
178467,78,D,2026-07-26 21:00:00,0.005374472748965975,55.63145957016609,,
178468,78,D,2026-07-27 21:00:00,0.0052977246954684035,52.78626806325933,,
178469,78,D,2026-07-28 21:00:00,0.0055378872172206686,43.627944476617934,,
178470,78,D,2026-07-29 21:00:00,0.005693752415990618,39.1822071465736,,
178471,88,D,2026-06-02 21:00:00,0.0026600108446956233,45.91476161973874,,
178472,88,D,2026-06-03 21:00:00,0.0025714386415030773,47.567223340916186,,
178473,88,D,2026-06-04 21:00:00,0.002563478738538565,44.05486798193111,,
178474,88,D,2026-06-07 21:00:00,0.0025175159715000984,47.03012015151612,,
178475,88,D,2026-06-08 21:00:00,0.002514121973535804,42.2943780316673,,
178476,88,D,2026-06-09 21:00:00,0.0024316846897118197,42.687286193471344,,
178477,88,D,2026-06-10 21:00:00,0.0023994214975895456,43.21720547286314,,
178478,88,D,2026-06-11 21:00:00,0.002324462819190289,42.2848912564533,,
178479,88,D,2026-06-14 21:00:00,0.0023527154749624153,47.444514204906504,,
178480,88,D,2026-06-15 21:00:00,0.002307521512465104,49.199242508205195,,
178481,88,D,2026-06-16 21:00:00,0.0022698414044318824,51.357591724671614,,
178482,88,D,2026-06-17 21:00:00,0.0023591384469724597,59.58354344863556,,
178483,88,D,2026-06-18 21:00:00,0.002369199986474423,55.32661215498283,,
178484,88,D,2026-06-21 21:00:00,0.002677114273154823,42.838143415754296,0.86898,
178485,88,D,2026-06-22 21:00:00,0.002628748967929479,41.73279366654272,,
178486,88,D,2026-06-23 21:00:00,0.0026252668987916607,43.61303554452733,,
178487,88,D,2026-06-24 21:00:00,0.002569890691735107,41.99162001203231,,
178488,88,D,2026-06-25 21:00:00,0.0026763270708968895,44.65084415310453,,
178489,88,D,2026-06-28 21:00:00,0.0026408751372614023,41.387356854890314,,
178490,88,D,2026-06-29 21:00:00,0.0025815269131713005,40.6910857338385,,
178491,88,D,2026-06-30 21:00:00,0.002767132133659062,31.09227438592086,,
178492,88,D,2026-07-01 21:00:00,0.002775908409826268,30.332557836070578,,
178493,88,D,2026-07-02 21:00:00,0.002667629237695815,30.106212341070517,,
178494,88,D,2026-07-05 21:00:00,0.002679941435003254,26.425344305834585,,
178495,88,D,2026-07-06 21:00:00,0.0026428027610744535,26.06238963501471,,
178496,88,D,2026-07-07 21:00:00,0.002709745420997709,23.631443076648708,,
178497,88,D,2026-07-08 21:00:00,0.002679049319497869,23.24983780380066,,
178498,88,D,2026-07-09 21:00:00,0.0026398315109623124,22.244072926297193,,
178499,88,D,2026-07-12 21:00:00,0.0026369864030364285,27.00490574135368,,
178500,88,D,2026-07-13 21:00:00,0.0026414873742481144,27.944696510231083,,
178501,88,D,2026-07-14 21:00:00,0.003041381133230394,18.93228254685242,,
178502,88,D,2026-07-15 21:00:00,0.003011282480856791,27.996671522421025,,
178503,88,D,2026-07-16 21:00:00,0.0029869051607955962,32.93567549545874,,
178504,88,D,2026-07-19 21:00:00,0.0029521262207387717,32.13853508184101,,
178505,88,D,2026-07-20 21:00:00,0.003084831490686001,40.052950433432656,,
178506,88,D,2026-07-21 21:00:00,0.0030159149556370016,43.17720991516381,,
178507,88,D,2026-07-22 21:00:00,0.002944778173091495,47.05213980761583,,
178508,88,D,2026-07-23 21:00:00,0.0029058654464420995,44.26571895815247,,
178509,88,D,2026-07-26 21:00:00,0.0028840179145533814,50.150016665367346,,
178510,88,D,2026-07-27 21:00:00,0.002858016634942423,53.46034842505691,,
178511,88,D,2026-07-28 21:00:00,0.002840301161017964,55.89748987220646,,
178512,88,D,2026-07-29 21:00:00,0.002847422506659534,51.224411728562934,,
178513,100,D,2026-06-02 21:00:00,0.005810701480733864,46.8978363756385,,
178514,100,D,2026-06-03 21:00:00,0.0056006513749671544,47.69653442682689,,
178515,100,D,2026-06-04 21:00:00,0.00587846199104093,41.07953448350572,,
178516,100,D,2026-06-07 21:00:00,0.0058557147059665774,42.763518662719676,,
178517,100,D,2026-06-08 21:00:00,0.0057867350841118255,43.64918493614755,,
178518,100,D,2026-06-09 21:00:00,0.005643396863818124,41.70886307970438,,
178519,100,D,2026-06-10 21:00:00,0.005778154230688261,46.779102298362425,,
178520,100,D,2026-06-11 21:00:00,0.0055968574999248144,46.16290666200612,,
178521,100,D,2026-06-14 21:00:00,0.0055135105356444655,45.2065996718483,,
178522,100,D,2026-06-15 21:00:00,0.0054654026402412865,46.484769995898205,,
178523,100,D,2026-06-16 21:00:00,0.0056693024516526235,39.51434287367197,,
178524,100,D,2026-06-17 21:00:00,0.005621495133677436,38.238755503938165,,
178525,100,D,2026-06-18 21:00:00,0.005523531195557618,36.72040071746817,,
178526,100,D,2026-06-21 21:00:00,0.005353278967303504,34.40576467180172,,
178527,100,D,2026-06-22 21:00:00,0.0054109018982104,30.559220056080036,,
178528,100,D,2026-06-23 21:00:00,0.0053486946197668,29.222544394708123,,
178529,100,D,2026-06-24 21:00:00,0.005172359289783456,29.002699862220297,,
178530,100,D,2026-06-25 21:00:00,0.005030762197656068,28.19503330475777,,0.56264
178531,100,D,2026-06-28 21:00:00,0.0048642791835377805,30.89550224412453,,
178532,100,D,2026-06-29 21:00:00,0.004871116384713651,36.09226470573703,,
178533,100,D,2026-06-30 21:00:00,0.004751036642948392,35.67947237679665,,
178534,100,D,2026-07-01 21:00:00,0.004763105454166367,40.621127144641314,,
178535,100,D,2026-07-02 21:00:00,0.004691455064583054,43.51850641618268,,
178536,100,D,2026-07-05 21:00:00,0.004623493988541413,41.83090229100222,,
178537,100,D,2026-07-06 21:00:00,0.004538958703645598,38.63137044938433,,
178538,100,D,2026-07-07 21:00:00,0.004551890224813766,43.02608077211143,,
178539,100,D,2026-07-08 21:00:00,0.004718898065898494,52.214201355587576,,
178540,100,D,2026-07-09 21:00:00,0.00471040534690574,53.360846244635134,,
178541,100,D,2026-07-12 21:00:00,0.004692519250698189,51.20634061507676,,
178542,100,D,2026-07-13 21:00:00,0.005060196447076886,59.590539369552005,,
178543,100,D,2026-07-14 21:00:00,0.005112325272285677,63.88092610948287,,
178544,100,D,2026-07-15 21:00:00,0.004923587752836698,62.57503218776934,,
178545,100,D,2026-07-16 21:00:00,0.00473976005620551,62.62139247747414,,
178546,100,D,2026-07-19 21:00:00,0.004666920052190834,61.69546882051352,,
178547,100,D,2026-07-20 21:00:00,0.004690711477034347,59.343582049412596,,
178548,100,D,2026-07-21 21:00:00,0.004520660657246182,56.98334207393871,,
178549,100,D,2026-07-22 21:00:00,0.004634184896014308,48.80645212955558,,
178550,100,D,2026-07-23 21:00:00,0.004546028832013291,51.9480817674753,,
178551,100,D,2026-07-26 21:00:00,0.004489169629726629,49.134960466719726,,
178552,100,D,2026-07-27 21:00:00,0.004429228941889016,51.241270234330194,,
178553,100,D,2026-07-28 21:00:00,0.0045764268746112296,52.954632636336314,,
178554,100,D,2026-07-29 21:00:00,0.0049109678121389945,64.43557478623623,,
178555,7,H4,2026-06-03 09:00:00,0.0020289782891398126,39.558351294968745,,
178556,7,H4,2026-06-03 13:00:00,0.0020133369827726897,39.46966892125202,,
178557,7,H4,2026-06-03 17:00:00,0.001928098626860358,38.96791621865299,,
178558,7,H4,2026-06-03 21:00:00,0.0019189487249417626,42.96932827990451,,
178559,7,H4,2026-06-04 01:00:00,0.001857595244588768,44.405411747619375,,
178560,7,H4,2026-06-04 05:00:00,0.0018420527271181476,46.110347629024695,,
178561,7,H4,2026-06-04 09:00:00,0.0019411918180382848,55.95938699169271,,
178562,7,H4,2026-06-04 13:00:00,0.0019282495453212633,50.280498847023196,,
178563,7,H4,2026-06-04 17:00:00,0.0019033745777983257,45.7242788001319,,
178564,7,H4,2026-06-04 21:00:00,0.0018045621079555935,46.48239759719441,,
178565,7,H4,2026-06-05 01:00:00,0.0017256648145301883,47.96100096664203,,
178566,7,H4,2026-06-05 05:00:00,0.0017952601849208839,55.90931280033237,,
178567,7,H4,2026-06-05 09:00:00,0.0020827416002836734,39.91137948994345,,
178568,7,H4,2026-06-05 13:00:00,0.0024854029145491216,29.920073671213927,,
178569,7,H4,2026-06-05 17:00:00,0.002416445563509896,28.561260044572364,,
178570,7,H4,2026-06-07 21:00:00,0.002421699451830625,32.319633113804315,,
178571,7,H4,2026-06-08 01:00:00,0.0024130066338427206,31.97065744436287,,
178572,7,H4,2026-06-08 05:00:00,0.0024685061599968136,28.35895343640729,,
178573,7,H4,2026-06-08 09:00:00,0.0026071842914256143,39.2247354805467,,1.14997
178574,7,H4,2026-06-08 13:00:00,0.002585242556323783,38.60903437891703,,
178575,7,H4,2026-06-08 17:00:00,0.002502725230872087,37.364926225302,,
178576,7,H4,2026-06-08 21:00:00,0.0024096734286669285,37.16650312784684,,
178577,7,H4,2026-06-09 01:00:00,0.0023654110409050176,41.885861199727756,,
178578,7,H4,2026-06-09 05:00:00,0.0023185959665546507,43.557706299332686,,
178579,7,H4,2026-06-09 09:00:00,0.0023279819689435927,50.30792096601733,,
178580,7,H4,2026-06-09 13:00:00,0.002515268971161908,42.48428430835852,,
178581,7,H4,2026-06-09 17:00:00,0.0024327497589360435,43.35726543136739,,
178582,7,H4,2026-06-09 21:00:00,0.002347553347583478,42.98255655668311,,
178583,7,H4,2026-06-10 01:00:00,0.002299870965613223,44.27906451542193,,
178584,7,H4,2026-06-10 05:00:00,0.0022313087537837156,46.631458028553105,,
178585,7,H4,2026-06-10 09:00:00,0.00228050098565631,45.20423167152431,,
178586,7,H4,2026-06-10 13:00:00,0.002394036629538005,47.054083246571295,,
178587,7,H4,2026-06-10 17:00:00,0.00238517687028529,41.83162688466745,,
178588,7,H4,2026-06-10 21:00:00,0.0023383785224077697,44.31826436536026,,
178589,7,H4,2026-06-11 01:00:00,0.002274922913664354,46.45699496035367,,
178590,7,H4,2026-06-11 05:00:00,0.0022902855626883204,41.7449852398039,,
178591,7,H4,2026-06-11 09:00:00,0.00232026516535344,44.565666198153295,,
178592,7,H4,2026-06-11 13:00:00,0.0023916747963996223,36.70558642866332,,
178593,7,H4,2026-06-11 17:00:00,0.0028415551680853537,55.82806103720554,,
178594,7,H4,2026-06-11 21:00:00,0.0027843012275078315,53.44988346330495,,
178595,7,H4,2026-06-12 01:00:00,0.002683279711257263,53.89056512687286,,
178596,7,H4,2026-06-12 05:00:00,0.0026959025890245917,55.081231477670904,,
178597,7,H4,2026-06-12 09:00:00,0.002714766689808555,51.423633084876634,,
178598,7,H4,2026-06-12 13:00:00,0.002675854783393658,54.15951650346178,,
178599,7,H4,2026-06-12 17:00:00,0.0025761508702941073,51.97275835471854,,
178600,7,H4,2026-06-14 21:00:00,0.002754282950987379,59.30378267161978,,
178601,7,H4,2026-06-15 01:00:00,0.002694691311631148,62.023949921820474,,
178602,7,H4,2026-06-15 05:00:00,0.002680070503657486,58.65246886963919,1.16221,
178603,7,H4,2026-06-15 09:00:00,0.0026243511819676667,61.49538366441929,,
178604,7,H4,2026-06-15 13:00:00,0.002606897526112837,57.8253470070259,,
178605,7,H4,2026-06-15 17:00:00,0.0025671191313904828,53.73835283031117,,
178606,7,H4,2026-06-15 21:00:00,0.0024566106220054494,54.63800774022767,,
178607,7,H4,2026-06-16 01:00:00,0.002419709863290778,50.599652938751696,,
178608,7,H4,2026-06-16 05:00:00,0.002473302015912858,57.091305697845776,,
178609,7,H4,2026-06-16 09:00:00,0.002451637586204797,55.28144057203916,,
178610,7,H4,2026-06-16 13:00:00,0.0025036634729044514,58.418279722729864,,
178611,7,H4,2026-06-16 17:00:00,0.0023848303676969876,56.91197291185922,,
178612,7,H4,2026-06-16 21:00:00,0.002273771055718639,58.42713342235089,,
178613,7,H4,2026-06-17 01:00:00,0.0021663588374530173,57.59622826690695,,
178614,7,H4,2026-06-17 05:00:00,0.00213090463477779,54.011703927687975,,
178615,7,H4,2026-06-17 09:00:00,0.0021258400180079605,54.07090188846073,,
178616,7,H4,2026-06-17 13:00:00,0.0021297085881502543,50.40266861550115,,
178617,7,H4,2026-06-17 17:00:00,0.002823300831853797,31.03347423015437,,
178618,7,H4,2026-06-17 21:00:00,0.0027680650581499463,35.07719633163582,,
178619,7,H4,2026-06-18 01:00:00,0.002665346125424954,37.33411430574246,,
178620,7,H4,2026-06-18 05:00:00,0.0028049642593231767,31.179419458466583,,
178621,7,H4,2026-06-18 09:00:00,0.002838895383657248,29.477926392679237,,
178622,7,H4,2026-06-18 13:00:00,0.0028232599991103065,28.949484066095465,,
178623,7,H4,2026-06-18 17:00:00,0.002780884284888138,27.974721193444452,,
178624,7,H4,2026-06-18 21:00:00,0.0026436782645389754,29.393259712502314,,
178625,7,H4,2026-06-19 01:00:00,0.002711986959929036,25.084937985223533,,
178626,7,H4,2026-06-19 05:00:00,0.002860416462791253,35.92956554838287,,
178627,7,H4,2026-06-19 09:00:00,0.002816101001163308,37.75578915159428,,
178628,7,H4,2026-06-19 13:00:00,0.0027535223582230753,37.39599791178752,,
178629,7,H4,2026-06-19 17:00:00,0.002663270761207141,38.06190395085482,,
178630,7,H4,2026-06-21 21:00:00,0.0025716085639780548,37.17159270259153,,
178631,7,H4,2026-06-22 01:00:00,0.0025357793808367664,35.13225080055388,,
178632,7,H4,2026-06-22 05:00:00,0.0025103665679198435,34.179683365364696,,
178633,7,H4,2026-06-22 09:00:00,0.0024460546702112914,35.682119941998565,,
178634,7,H4,2026-06-22 13:00:00,0.002484193622339071,31.095712561470236,,
178635,7,H4,2026-06-22 17:00:00,0.002410322649314864,30.636297689978946,,
178636,7,H4,2026-06-22 21:00:00,0.0022931567457923695,30.37605693780452,,
178637,7,H4,2026-06-23 01:00:00,0.002225074121092907,29.248467998531765,,
178638,7,H4,2026-06-23 05:00:00,0.0023125688267291245,26.897465204023078,,
178639,7,H4,2026-06-23 09:00:00,0.0023630996248199024,23.79926000206214,,
178640,7,H4,2026-06-23 13:00:00,0.0023693067944756284,22.477025620302285,,
178641,7,H4,2026-06-23 17:00:00,0.002248642023441656,23.57054204015934,,
178642,7,H4,2026-06-23 21:00:00,0.002168024736052967,22.70815652662037,,
178643,7,H4,2026-06-24 01:00:00,0.0021253086834777443,20.732725314830134,,
178644,7,H4,2026-06-24 05:00:00,0.002241358063229328,19.34297578885544,,
178645,7,H4,2026-06-24 09:00:00,0.0022848324872843774,16.554550556972643,,
178646,7,H4,2026-06-24 13:00:00,0.0024316301667640654,30.43905388210456,,1.13246
178647,7,H4,2026-06-24 17:00:00,0.0023450851548523464,30.261844649436398,,
178648,7,H4,2026-06-24 21:00:00,0.002291864786648611,29.306399652909974,,
178649,7,H4,2026-06-25 01:00:00,0.0022567315876022673,35.157412551701526,,
178650,7,H4,2026-06-25 05:00:00,0.002294107902773534,35.324504801321666,,
178651,7,H4,2026-06-25 09:00:00,0.002420243052575421,32.19722237365987,,
178652,7,H4,2026-06-25 13:00:00,0.0025259399773914634,40.5032735416162,,
178653,7,H4,2026-06-25 17:00:00,0.002431229979006365,39.511603483287416,,
178654,7,H4,2026-06-25 21:00:00,0.002356142123363065,38.11991252022275,,
178655,7,H4,2026-06-26 01:00:00,0.002352131971694272,43.04116123057176,,
178656,7,H4,2026-06-26 05:00:00,0.0024412654022875416,51.28408209524764,,
178657,7,H4,2026-06-26 09:00:00,0.0025540321592669966,58.200609043763464,,
178658,7,H4,2026-06-26 13:00:00,0.002705887005033641,47.64126286189655,,
178659,7,H4,2026-06-26 17:00:00,0.0025997522189598254,46.475820282349545,,
178660,7,H4,2026-06-28 21:00:00,0.0024897699176055564,47.22886513419918,,
178661,7,H4,2026-06-29 01:00:00,0.002402643494919437,45.917697143670786,,
178662,7,H4,2026-06-29 05:00:00,0.0024624546738537564,49.97708085271376,,
178663,7,H4,2026-06-29 09:00:00,0.0024094221971499128,51.93433719567808,,
178664,7,H4,2026-06-29 13:00:00,0.0024508920402106366,58.031453340014494,,
178665,7,H4,2026-06-29 17:00:00,0.0023315426087670197,57.487507452540825,,
178666,7,H4,2026-06-29 21:00:00,0.002270003850997937,54.79124169345121,,
178667,7,H4,2026-06-30 01:00:00,0.0023100035759266477,46.560168096371186,,
178668,7,H4,2026-06-30 05:00:00,0.0023364318919318885,47.948250420971206,,
178669,7,H4,2026-06-30 09:00:00,0.0022881153282224673,48.8074476301598,,
178670,7,H4,2026-06-30 13:00:00,0.0024496785190637233,54.20447386383335,,
178671,7,H4,2026-06-30 17:00:00,0.002368987196273456,56.310529184936165,,
178672,7,H4,2026-06-30 21:00:00,0.0023047738251110723,52.16343564353106,,
178673,7,H4,2026-07-01 01:00:00,0.002204432837603147,51.826512332985324,,
178674,7,H4,2026-07-01 05:00:00,0.0021719733492029164,47.803130387715335,,
178675,7,H4,2026-07-01 09:00:00,0.002241118109974131,40.69019471519374,,
178676,7,H4,2026-07-01 13:00:00,0.0024388953878331193,44.618788967715666,,1.13618
178677,7,H4,2026-07-01 17:00:00,0.00235040286013076,43.45632467179371,,
178678,7,H4,2026-07-01 21:00:00,0.0022418026558357136,43.025191628700746,,
178679,7,H4,2026-07-02 01:00:00,0.002168102466133158,46.88419932810931,,
178680,7,H4,2026-07-02 05:00:00,0.002294666575695063,57.100121567322965,,
178681,7,H4,2026-07-02 09:00:00,0.002685047534573986,64.07243192970458,1.1473,
178682,7,H4,2026-07-02 13:00:00,0.002669686996390128,59.53061119636284,,
178683,7,H4,2026-07-02 17:00:00,0.002561852210933694,58.19140558802223,,
178684,7,H4,2026-07-02 21:00:00,0.002486005624438434,57.17782879286562,,
178685,7,H4,2026-07-03 01:00:00,0.002422719508407121,60.96128294364621,,
178686,7,H4,2026-07-03 05:00:00,0.0023675252578066073,62.481353932093846,,
178687,7,H4,2026-07-03 09:00:00,0.00231841631082043,60.26074751999641,,
178688,7,H4,2026-07-03 13:00:00,0.0022463865743332667,56.74106734442921,,
178689,7,H4,2026-07-03 17:00:00,0.002149501819023752,56.74106734442921,,
178690,7,H4,2026-07-05 21:00:00,0.002055965974807766,56.989026108970826,,
178691,7,H4,2026-07-06 01:00:00,0.001989111262321498,54.62851638682619,,
178692,7,H4,2026-07-06 05:00:00,0.0019748890292985307,49.789990300295074,,
178693,7,H4,2026-07-06 09:00:00,0.001916682670062909,47.06687744634654,,
178694,7,H4,2026-07-06 13:00:00,0.001947633907915564,53.505948308611,,
178695,7,H4,2026-07-06 17:00:00,0.0019149457716358801,56.82180520064897,,
178696,7,H4,2026-07-06 21:00:00,0.0018495925022333252,55.89586013734169,,
178697,7,H4,2026-07-07 01:00:00,0.001803193037788094,54.589501034996715,,
178698,7,H4,2026-07-07 05:00:00,0.0017643935350889473,51.276973693251456,,
178699,7,H4,2026-07-07 09:00:00,0.0017712225682968777,54.62709220277948,,
178700,7,H4,2026-07-07 13:00:00,0.0018154209562756803,49.18498332404545,,
178701,7,H4,2026-07-07 17:00:00,0.001841462316541708,44.68583621274504,,
178702,7,H4,2026-07-07 21:00:00,0.0018192150082173026,43.49182322932839,,
178703,7,H4,2026-07-08 01:00:00,0.001817842507630354,46.39535970534151,,
178704,7,H4,2026-07-08 05:00:00,0.0019101394713710391,44.806994477535106,,
178705,7,H4,2026-07-08 09:00:00,0.001927272366273099,39.76505784963693,,
178706,7,H4,2026-07-08 13:00:00,0.0019581814829678873,47.834974817302744,,
178707,7,H4,2026-07-08 17:00:00,0.001934025662755892,48.65804178330656,,
178708,7,H4,2026-07-08 21:00:00,0.0018987381154161773,52.49243636175473,,
178709,7,H4,2026-07-09 01:00:00,0.001837399678600747,52.93078042981243,,
178710,7,H4,2026-07-09 05:00:00,0.0018761568444149827,52.8830098471601,,
178711,7,H4,2026-07-09 09:00:00,0.0018471456412424898,52.02343271927448,,
178712,7,H4,2026-07-09 13:00:00,0.0018730638097251564,57.26042150615718,,
178713,7,H4,2026-07-09 17:00:00,0.0018478449661733572,53.70585508953953,,
178714,7,H4,2026-07-09 21:00:00,0.0018079988971609756,57.90598149587072,,
178715,7,H4,2026-07-10 01:00:00,0.0018402846902209008,58.948826821287504,,
178716,7,H4,2026-07-10 05:00:00,0.0018309786409193992,52.390095138724526,,
178717,7,H4,2026-07-10 09:00:00,0.0018337658808537307,51.679510236912414,,
178718,7,H4,2026-07-10 13:00:00,0.001913496889364179,51.88032982382014,,
178719,7,H4,2026-07-10 17:00:00,0.001916818540123878,44.59515515354938,,
178720,7,H4,2026-07-12 21:00:00,0.0019699029301150214,37.10147926861943,,
178721,7,H4,2026-07-13 01:00:00,0.0019770527208210925,41.59979333729563,,
178722,7,H4,2026-07-13 05:00:00,0.002192977526476721,55.03504887140293,,
178723,7,H4,2026-07-13 09:00:00,0.0021577648460141007,52.95700850762552,,
178724,7,H4,2026-07-13 13:00:00,0.002365067357013098,39.64830267538077,,
178725,7,H4,2026-07-13 17:00:00,0.002291133974369309,37.66292616055153,,1.13775
178726,7,H4,2026-07-13 21:00:00,0.0022089101190572095,39.338454855107,,
178727,7,H4,2026-07-14 01:00:00,0.002137559396267404,41.747296158353116,,
178728,7,H4,2026-07-14 05:00:00,0.0021405908679625945,45.185311248110665,,
178729,7,H4,2026-07-14 09:00:00,0.0025091200916795425,58.9442674360149,,
178730,7,H4,2026-07-14 13:00:00,0.0025791829422738602,54.49924687116175,,
178731,7,H4,2026-07-14 17:00:00,0.0025170984463971473,51.202375975112645,,
178732,7,H4,2026-07-14 21:00:00,0.002457305700225916,54.46297664625947,,
178733,7,H4,2026-07-15 01:00:00,0.0023532124359240568,55.51257006315322,,
178734,7,H4,2026-07-15 05:00:00,0.0023558401190723307,51.457195390070034,,
178735,7,H4,2026-07-15 09:00:00,0.0023604229677100116,52.63094464077407,,
178736,7,H4,2026-07-15 13:00:00,0.002323964184302147,56.53564309219217,,
178737,7,H4,2026-07-15 17:00:00,0.0024465381711376954,61.79499687901137,1.14824,
178738,7,H4,2026-07-15 21:00:00,0.002351785444627861,64.04979973608849,,
178739,7,H4,2026-07-16 01:00:00,0.002282372198583009,61.18058524895041,,
178740,7,H4,2026-07-16 05:00:00,0.0022207741843985065,61.06429990896077,,
178741,7,H4,2026-07-16 09:00:00,0.002230718885512893,54.25319024794932,,
178742,7,H4,2026-07-16 13:00:00,0.002249953250833397,50.06931283448684,,
178743,7,H4,2026-07-16 17:00:00,0.0021849565900595755,52.620804524718054,,
178744,7,H4,2026-07-16 21:00:00,0.0020703168336267505,53.75528502962141,,
178745,7,H4,2026-07-17 01:00:00,0.0020195799169391276,50.05729641498158,,
178746,7,H4,2026-07-17 05:00:00,0.001993895637157761,51.74364644594079,,
178747,7,H4,2026-07-17 09:00:00,0.0019793316630750605,47.590371375789836,,
178748,7,H4,2026-07-17 13:00:00,0.001980807972855413,50.781249354006746,,
178749,7,H4,2026-07-17 17:00:00,0.0019036074033657337,50.781249354006746,,
178750,7,H4,2026-07-19 21:00:00,0.0018697783031253272,48.975318577047545,,
178751,7,H4,2026-07-20 01:00:00,0.0018355084243306611,53.13763632940768,,
178752,7,H4,2026-07-20 05:00:00,0.0018151149654498952,50.92144332544989,,
178753,7,H4,2026-07-20 09:00:00,0.0018540353250606268,45.206163364638854,,
178754,7,H4,2026-07-20 13:00:00,0.0018801756589848756,41.2083463055381,,
178755,7,H4,2026-07-20 17:00:00,0.0017994488262002436,42.333758901137394,,
178756,7,H4,2026-07-20 21:00:00,0.001729488195757372,42.02189941548696,,
178757,7,H4,2026-07-21 01:00:00,0.0016702390389175526,44.32836069311379,,
178758,7,H4,2026-07-21 05:00:00,0.0016352219647091531,45.95408109157782,,
178759,7,H4,2026-07-21 09:00:00,0.0016291346815156538,44.266675488125,,
178760,7,H4,2026-07-21 13:00:00,0.0016341964899788239,40.61302636187801,,
178761,7,H4,2026-07-21 17:00:00,0.0016117538835517641,36.96616698630324,,
178762,7,H4,2026-07-21 21:00:00,0.0015623428918694975,40.390557491073494,,
178763,7,H4,2026-07-22 01:00:00,0.001530746971021677,42.842817356833926,,
178764,7,H4,2026-07-22 05:00:00,0.001528550758805847,43.80472235160501,,
178765,7,H4,2026-07-22 09:00:00,0.0015136542760339998,42.756326369967574,,
178766,7,H4,2026-07-22 13:00:00,0.0015162503991744242,43.70265169261773,,
178767,7,H4,2026-07-22 17:00:00,0.0014422325135191108,45.45072302882881,,
178768,7,H4,2026-07-22 21:00:00,0.0014220730482677492,48.75121762794814,,
178769,7,H4,2026-07-23 01:00:00,0.0014619249733914882,57.04104995900131,,
178770,7,H4,2026-07-23 05:00:00,0.0015575017610063757,45.674626258682196,,
178771,7,H4,2026-07-23 09:00:00,0.0017291087780773623,36.54814044677838,,
178772,7,H4,2026-07-23 13:00:00,0.0017663152939289856,35.07403342620481,,
178773,7,H4,2026-07-23 17:00:00,0.0017101499157911996,34.32848971005723,,
178774,7,H4,2026-07-23 21:00:00,0.00165299635037754,38.17782106893101,,
178775,7,H4,2026-07-24 01:00:00,0.001612068039636285,36.4520765073297,,
178776,7,H4,2026-07-24 05:00:00,0.001673348893947977,38.90147745434853,,
178777,7,H4,2026-07-24 09:00:00,0.0017366811158088281,34.29224382621618,,
178778,7,H4,2026-07-24 13:00:00,0.0017969181789653423,38.87981728753545,,
178779,7,H4,2026-07-24 17:00:00,0.0017428525947535273,36.41558906497692,,
178780,7,H4,2026-07-26 21:00:00,0.0019212202665568484,50.85758164286021,,
178781,7,H4,2026-07-27 01:00:00,0.001878275961802787,51.65859184310878,,
178782,7,H4,2026-07-27 05:00:00,0.0019126848216740107,51.06105494360636,,
178783,7,H4,2026-07-27 09:00:00,0.0019682073344115874,43.71040924549745,,
178784,7,H4,2026-07-27 13:00:00,0.001958335381953617,42.456670576504344,,
178785,7,H4,2026-07-27 17:00:00,0.0019098828546712122,38.64356079711061,,
178786,7,H4,2026-07-27 21:00:00,0.0018291769364804113,41.54423897836761,,
178787,7,H4,2026-07-28 01:00:00,0.0017856642981603818,39.66185679339584,,
178788,7,H4,2026-07-28 05:00:00,0.0017424025625774942,41.679771538018485,,
178789,7,H4,2026-07-28 09:00:00,0.0017600880938219543,39.21705280331096,,
178790,7,H4,2026-07-28 13:00:00,0.0019165103728346802,52.540333839244695,,
178791,7,H4,2026-07-28 17:00:00,0.0018689024890607725,48.92187365072154,,
178792,7,H4,2026-07-28 21:00:00,0.0018125523112707154,50.673262990435,,
178793,7,H4,2026-07-29 01:00:00,0.0018130842890370883,54.48298962722163,,
178794,7,H4,2026-07-29 05:00:00,0.0017764354112487306,52.47194834082779,,
178795,7,H4,2026-07-29 09:00:00,0.0018095471675881084,45.53920903043734,,
178796,7,H4,2026-07-29 13:00:00,0.0018260080841889608,48.31728483404569,,
178797,7,H4,2026-07-29 17:00:00,0.0023127217924611768,68.85107557241591,,
178798,7,H4,2026-07-29 21:00:00,0.0022896702358568026,65.81424267495706,,
178799,7,H4,2026-07-30 01:00:00,0.002221122361867035,63.418042740699654,,
178800,7,H4,2026-07-30 05:00:00,0.0022224707645908193,62.43877330335766,,
178801,7,H4,2026-07-30 09:00:00,0.0023215799956914827,67.17590113035277,,
178802,7,H4,2026-07-30 13:00:00,0.00263718142457066,75.00065112879363,,
178803,7,H4,2026-07-30 17:00:00,0.0026059541799584684,74.82913102880408,,
178804,7,H4,2026-07-30 21:00:00,0.002533386024247148,71.31632922103844,,
178805,7,H4,2026-07-31 01:00:00,0.0024738584510866396,67.94980369951477,,
178806,7,H4,2026-07-31 05:00:00,0.0024528685617233132,70.03286280161855,,
178807,7,H4,2026-07-31 09:00:00,0.002589092235885944,59.62981259034352,,
178808,7,H4,2026-07-31 13:00:00,0.00286201421903695,64.55328016447869,,
178809,29,H4,2026-06-03 09:00:00,0.001834739621772183,64.78646160995449,,
178810,29,H4,2026-06-03 13:00:00,0.001901543934502737,69.33715633236189,,
178811,29,H4,2026-06-03 17:00:00,0.0018378622248954035,69.86146242804915,,
178812,29,H4,2026-06-03 21:00:00,0.00182658635168859,64.40588706630709,,
178813,29,H4,2026-06-04 01:00:00,0.001770401612282265,61.057102686445326,,
178814,29,H4,2026-06-04 05:00:00,0.0017839443542621003,62.0487987967976,,
178815,29,H4,2026-06-04 09:00:00,0.0019515197575290908,47.2069506784782,,
178816,29,H4,2026-06-04 13:00:00,0.001925696917705583,51.73825411915377,,
178817,29,H4,2026-06-04 17:00:00,0.0018602899950123319,54.267373912163976,,
178818,29,H4,2026-06-04 21:00:00,0.001800269281082881,52.36748906210264,,
178819,29,H4,2026-06-05 01:00:00,0.0017159643324341084,52.192573140277815,,
178820,29,H4,2026-06-05 05:00:00,0.001746252594403103,48.12452059085221,,
178821,29,H4,2026-06-05 09:00:00,0.0020443774090885903,64.1589401978856,,
178822,29,H4,2026-06-05 13:00:00,0.0022212075941536887,68.69344487504551,,
178823,29,H4,2026-06-05 17:00:00,0.0021704070517141326,70.50029037216979,,
178824,29,H4,2026-06-07 21:00:00,0.002206806548020267,68.29136859913447,,
178825,29,H4,2026-06-08 01:00:00,0.0022206060803045386,70.24059959564141,,
178826,29,H4,2026-06-08 05:00:00,0.002208419931711357,72.67116884228828,,
178827,29,H4,2026-06-08 09:00:00,0.00225853279373198,63.11306741472019,,
178828,29,H4,2026-06-08 13:00:00,0.002305780451322555,66.43482258830824,,
178829,29,H4,2026-06-08 17:00:00,0.002227510419085225,67.30673087410335,,
178830,29,H4,2026-06-08 21:00:00,0.0021376882462934253,67.71723225460502,,
178831,29,H4,2026-06-09 01:00:00,0.0020835676572724697,62.91088445207903,,
178832,29,H4,2026-06-09 05:00:00,0.002044741396038729,60.89259793729189,,
178833,29,H4,2026-06-09 09:00:00,0.0019922598677502507,57.83421582013112,,
178834,29,H4,2026-06-09 13:00:00,0.002159241305768086,64.49226476155341,,
178835,29,H4,2026-06-09 17:00:00,0.002097866926784649,64.03159980630889,,
178836,29,H4,2026-06-09 21:00:00,0.0020723050034428857,65.61846048843584,,
178837,29,H4,2026-06-10 01:00:00,0.001985711788911249,66.25014993544721,,
178838,29,H4,2026-06-10 05:00:00,0.0019681609468461653,64.86792826719415,,
178839,29,H4,2026-06-10 09:00:00,0.0020204351649285766,61.88820049474501,,
178840,29,H4,2026-06-10 13:00:00,0.0020904040817193927,62.718130450949445,,
178841,29,H4,2026-06-10 17:00:00,0.0020853752187394298,67.14176134610946,,
178842,29,H4,2026-06-10 21:00:00,0.0020671341316866134,62.890359883768696,,
178843,29,H4,2026-06-11 01:00:00,0.0020080531222804203,58.692830689735565,,
178844,29,H4,2026-06-11 05:00:00,0.0020046207564032447,63.910985961552164,,
178845,29,H4,2026-06-11 09:00:00,0.002016433559517299,59.12227621716051,,
178846,29,H4,2026-06-11 13:00:00,0.0020338311624089234,64.36992795369576,,
178847,29,H4,2026-06-11 17:00:00,0.002396414650808291,44.48188982719802,0.8013,
178848,29,H4,2026-06-11 21:00:00,0.002355242175750551,47.33517927130059,,
178849,29,H4,2026-06-12 01:00:00,0.0022412963060540816,47.364605765486715,,
178850,29,H4,2026-06-12 05:00:00,0.0022733465699073595,46.80136880240799,,
178851,29,H4,2026-06-12 09:00:00,0.0022995361006282605,51.349491272985546,,
178852,29,H4,2026-06-12 13:00:00,0.0022609978077262408,49.47742233888486,,
178853,29,H4,2026-06-12 17:00:00,0.002173783678602933,51.263345879055464,,
178854,29,H4,2026-06-14 21:00:00,0.0023120848444170053,43.71520119662314,,
178855,29,H4,2026-06-15 01:00:00,0.0022540787841015012,40.76323825654804,,
178856,29,H4,2026-06-15 05:00:00,0.002216644585237109,40.66127443802053,,
178857,29,H4,2026-06-15 09:00:00,0.0021740271148630265,39.08209600663338,,
178858,29,H4,2026-06-15 13:00:00,0.00215088232094424,42.527515250984614,,
178859,29,H4,2026-06-15 17:00:00,0.0020965335837339377,46.71641325038951,,
178860,29,H4,2026-06-15 21:00:00,0.002016781184895798,45.714303433311784,,
178861,29,H4,2026-06-16 01:00:00,0.0019955825288318083,50.37391166742165,,
178862,29,H4,2026-06-16 05:00:00,0.001959469491058107,46.675692438299954,,
178863,29,H4,2026-06-16 09:00:00,0.0019437930988396763,48.2663273318167,,
178864,29,H4,2026-06-16 13:00:00,0.002059236448922557,40.96574572948965,,
178865,29,H4,2026-06-16 17:00:00,0.0019750052739995246,43.07496225344916,,
178866,29,H4,2026-06-16 21:00:00,0.0019039334687138431,40.99180991093059,,
178867,29,H4,2026-06-17 01:00:00,0.001830795363805719,39.7496836706486,,
178868,29,H4,2026-06-17 05:00:00,0.0018028814092481674,39.081648102643534,,0.791
178869,29,H4,2026-06-17 09:00:00,0.0018255327371590054,41.442174873662935,,
178870,29,H4,2026-06-17 13:00:00,0.0018237089702190783,45.56784873604443,,
178871,29,H4,2026-06-17 17:00:00,0.002332729758060574,64.97598747846689,,
178872,29,H4,2026-06-17 21:00:00,0.002287534775341964,61.69580603052909,,
178873,29,H4,2026-06-18 01:00:00,0.0021848537199603965,60.34701499583253,,
178874,29,H4,2026-06-18 05:00:00,0.002329507025677514,68.343886071097,,
178875,29,H4,2026-06-18 09:00:00,0.002373113666700553,70.29401611195694,,
178876,29,H4,2026-06-18 13:00:00,0.0024021769762219425,71.70203081000264,,
178877,29,H4,2026-06-18 17:00:00,0.0023948786207775236,71.89332253224208,,
178878,29,H4,2026-06-18 21:00:00,0.002287387290721982,71.92738351961594,,
178879,29,H4,2026-06-19 01:00:00,0.002414716769956128,77.37510958693682,,
178880,29,H4,2026-06-19 05:00:00,0.002483665572102122,67.47712008369783,,
178881,29,H4,2026-06-19 09:00:00,0.00244697517409483,68.56397509431183,,
178882,29,H4,2026-06-19 13:00:00,0.00239361980451663,70.35317408371637,,
178883,29,H4,2026-06-19 17:00:00,0.002303361247051154,68.39178690327944,,
178884,29,H4,2026-06-21 21:00:00,0.002250264015118929,69.91493972997205,,
178885,29,H4,2026-06-22 01:00:00,0.0022116737283247195,70.98303878905934,,
178886,29,H4,2026-06-22 05:00:00,0.0021622684620158086,68.57603971679791,,
178887,29,H4,2026-06-22 09:00:00,0.0021413921433003965,69.6066624750443,,
178888,29,H4,2026-06-22 13:00:00,0.0021612927044932237,70.68200824019053,,
178889,29,H4,2026-06-22 17:00:00,0.0020776289398865603,68.74182951805422,,
178890,29,H4,2026-06-22 21:00:00,0.0019906554441803835,68.53922146306418,,
178891,29,H4,2026-06-23 01:00:00,0.0019256086267389334,70.10490568995041,,
178892,29,H4,2026-06-23 05:00:00,0.0019480651534004394,71.4052254504713,,
178893,29,H4,2026-06-23 09:00:00,0.00189891764244326,68.42883842615859,,
178894,29,H4,2026-06-23 13:00:00,0.0019689949536973125,70.84499513598134,,
178895,29,H4,2026-06-23 17:00:00,0.001913352457004649,67.37447451187258,,
178896,29,H4,2026-06-23 21:00:00,0.0018538272815043148,68.56305257933334,,
178897,29,H4,2026-06-24 01:00:00,0.0018199824756825814,70.5261682277055,,
178898,29,H4,2026-06-24 05:00:00,0.001829983727419545,72.50205554033715,,
178899,29,H4,2026-06-24 09:00:00,0.0018678420326038573,76.85150637159339,,
178900,29,H4,2026-06-24 13:00:00,0.0019187104588464408,67.25725872217815,0.81396,
178901,29,H4,2026-06-24 17:00:00,0.001867373997500265,68.38247169762073,,
178902,29,H4,2026-06-24 21:00:00,0.0018154187119645338,68.61477724968492,,
178903,29,H4,2026-06-25 01:00:00,0.001818603089681351,61.14282407165449,,
178904,29,H4,2026-06-25 05:00:00,0.0018651314404183952,60.128224343570594,,
178905,29,H4,2026-06-25 09:00:00,0.0019340506232456527,64.33474650760486,,
178906,29,H4,2026-06-25 13:00:00,0.0020394755787281078,54.09184825840844,,
178907,29,H4,2026-06-25 17:00:00,0.0019702273231046725,54.83110957929487,,
178908,29,H4,2026-06-25 21:00:00,0.0019109253714543408,55.5649958860851,,
178909,29,H4,2026-06-26 01:00:00,0.0019658592734933178,48.26062093460431,,
178910,29,H4,2026-06-26 05:00:00,0.0019425836111009362,47.331060082302606,,
178911,29,H4,2026-06-26 09:00:00,0.0019595419245937314,43.018170969715314,,
178912,29,H4,2026-06-26 13:00:00,0.002048146072837035,51.959098662789636,,
178913,29,H4,2026-06-26 17:00:00,0.0019768499247772462,53.35632126485699,,
178914,29,H4,2026-06-28 21:00:00,0.0018856463587217233,53.393751166102646,,
178915,29,H4,2026-06-29 01:00:00,0.0018023859045273104,54.02939057200946,,
178916,29,H4,2026-06-29 05:00:00,0.0017850726256325028,49.821754148923205,,
178917,29,H4,2026-06-29 09:00:00,0.0017404245809444624,48.58171369169189,,
178918,29,H4,2026-06-29 13:00:00,0.001720394253734145,44.10614283598481,,
178919,29,H4,2026-06-29 17:00:00,0.001658937521324561,43.29568754585104,,
178920,29,H4,2026-06-29 21:00:00,0.0016082991269442356,45.24599491731251,,
178921,29,H4,2026-06-30 01:00:00,0.0016291349035910767,53.80189696873272,,
178922,29,H4,2026-06-30 05:00:00,0.0016434824104774282,52.52515601478194,,
178923,29,H4,2026-06-30 09:00:00,0.0016446622383004688,51.41338482907714,,
178924,29,H4,2026-06-30 13:00:00,0.0017671863641361518,48.6892006288281,,
178925,29,H4,2026-06-30 17:00:00,0.0017209587666978559,46.952681232710226,,
178926,29,H4,2026-06-30 21:00:00,0.0016973188547908663,50.229743988590265,,
178927,29,H4,2026-07-01 01:00:00,0.001627510365162951,51.15054002637289,,
178928,29,H4,2026-07-01 05:00:00,0.0016069739105084551,54.70713131201589,,
178929,29,H4,2026-07-01 09:00:00,0.0016521900597578445,62.4426831323437,,
178930,29,H4,2026-07-01 13:00:00,0.0018348907697751367,48.42483361729723,0.81202,
178931,29,H4,2026-07-01 17:00:00,0.001800970000505478,51.67262890799389,,
178932,29,H4,2026-07-01 21:00:00,0.0017559007147550873,50.954594427116064,,
178933,29,H4,2026-07-02 01:00:00,0.001701193520844005,47.9498242130785,,
178934,29,H4,2026-07-02 05:00:00,0.0019211082693551481,33.65761997938705,,
178935,29,H4,2026-07-02 09:00:00,0.002242457678686922,31.24017769329066,,0.801
178936,29,H4,2026-07-02 13:00:00,0.002243710701637851,30.799013314122547,,
178937,29,H4,2026-07-02 17:00:00,0.0021634456515208624,33.6737744845602,,
178938,29,H4,2026-07-02 21:00:00,0.002120342390697944,35.14984906141595,,
178939,29,H4,2026-07-03 01:00:00,0.0020681750770766625,31.598340355886307,,
178940,29,H4,2026-07-03 05:00:00,0.0020275911429997622,32.14126673405622,,
178941,29,H4,2026-07-03 09:00:00,0.001957048918499782,35.66102700414967,,
178942,29,H4,2026-07-03 13:00:00,0.0018786882814640893,37.77896802886844,,
178943,29,H4,2026-07-03 17:00:00,0.0018130676899309373,37.23739246620141,,
178944,29,H4,2026-07-05 21:00:00,0.0017471342835072951,38.367288656511114,,
178945,29,H4,2026-07-06 01:00:00,0.0017080532632567727,43.23297458112168,,
178946,29,H4,2026-07-06 05:00:00,0.0017031923158812871,48.26026135455369,,
178947,29,H4,2026-07-06 09:00:00,0.0016722500076040518,52.93589794960459,,
178948,29,H4,2026-07-06 13:00:00,0.001676375007060906,51.04806281513885,,
178949,29,H4,2026-07-06 17:00:00,0.0016552053636994162,47.185229589706736,,
178950,29,H4,2026-07-06 21:00:00,0.0016162621234351682,49.906677072979534,,
178951,29,H4,2026-07-07 01:00:00,0.0015708148289040832,49.75329359692214,,
178952,29,H4,2026-07-07 05:00:00,0.0015528994839823622,52.872937145007924,,
178953,29,H4,2026-07-07 09:00:00,0.0015734066636979044,50.50893269665301,,
178954,29,H4,2026-07-07 13:00:00,0.0016053061877194764,56.494140637713464,,
178955,29,H4,2026-07-07 17:00:00,0.0016484986028823662,62.08979524255499,,
178956,29,H4,2026-07-07 21:00:00,0.0016393201312479091,63.64491341599271,,
178957,29,H4,2026-07-08 01:00:00,0.0016250829790159153,60.22426880625892,,
178958,29,H4,2026-07-08 05:00:00,0.001666148480514777,57.044799890923336,,
178959,29,H4,2026-07-08 09:00:00,0.0017014235890494315,61.43052542340157,,
178960,29,H4,2026-07-08 13:00:00,0.0017434647612601874,61.43052542340157,,
178961,29,H4,2026-07-08 17:00:00,0.0017353601354558898,58.563338469799,,
178962,29,H4,2026-07-08 21:00:00,0.001752120125780471,52.82113368904243,,
178963,29,H4,2026-07-09 01:00:00,0.0017019686882247225,50.471580161552446,,
178964,29,H4,2026-07-09 05:00:00,0.0017146852104943846,50.295290425682786,,
178965,29,H4,2026-07-09 09:00:00,0.0016907791240305034,53.11692568521945,,
178966,29,H4,2026-07-09 13:00:00,0.0016828663294568978,47.00981871145308,,
178967,29,H4,2026-07-09 17:00:00,0.0016569473059242616,49.46368379281218,,
178968,29,H4,2026-07-09 21:00:00,0.0016721653555011027,42.84064031702958,,
178969,29,H4,2026-07-10 01:00:00,0.0017555821158224492,38.37777353954502,,0.80306
178970,29,H4,2026-07-10 05:00:00,0.001780183393263702,47.95361730162881,,
178971,29,H4,2026-07-10 09:00:00,0.0017651702937448634,51.46964522999387,,
178972,29,H4,2026-07-10 13:00:00,0.001842658129905946,52.252460128719335,,
178973,29,H4,2026-07-10 17:00:00,0.0018424682634840973,57.756162348769415,,
178974,29,H4,2026-07-12 21:00:00,0.0019151491018066598,64.51105272500718,,
178975,29,H4,2026-07-13 01:00:00,0.0018933527373918985,59.86113925612961,,
178976,29,H4,2026-07-13 05:00:00,0.001968113256149616,53.86625158874241,,
178977,29,H4,2026-07-13 09:00:00,0.001987533737853216,59.093629025663844,,
178978,29,H4,2026-07-13 13:00:00,0.0021805670422922704,69.5540779756924,,
178979,29,H4,2026-07-13 17:00:00,0.0021248122535571052,71.947555591223,,
178980,29,H4,2026-07-13 21:00:00,0.002047325664017315,70.77834840136926,0.81518,
178981,29,H4,2026-07-14 01:00:00,0.0020025166880160766,67.24766650366271,,
178982,29,H4,2026-07-14 05:00:00,0.0020509083531577866,61.55284435793631,,
178983,29,H4,2026-07-14 09:00:00,0.002382986327932233,46.17033541769456,,
178984,29,H4,2026-07-14 13:00:00,0.0024556301616513562,48.05292840338783,,
178985,29,H4,2026-07-14 17:00:00,0.0023816565786762577,49.87877099694828,,
178986,29,H4,2026-07-14 21:00:00,0.0023093953944850953,47.32821787454795,,
178987,29,H4,2026-07-15 01:00:00,0.0022487242948790185,49.921798999662045,,
178988,29,H4,2026-07-15 05:00:00,0.0022309582738162313,52.504177221876745,,
178989,29,H4,2026-07-15 09:00:00,0.0022544612542579295,49.04105495474203,,
178990,29,H4,2026-07-15 13:00:00,0.002301999736096651,43.09681181328051,,
178991,29,H4,2026-07-15 17:00:00,0.0023989997549468895,38.8382727255122,,0.8034
178992,29,H4,2026-07-15 21:00:00,0.0023104997724506782,37.59981841998106,,
178993,29,H4,2026-07-16 01:00:00,0.0022661783601327706,42.39323784076322,,
178994,29,H4,2026-07-16 05:00:00,0.0022185941915518616,45.37025268405089,,
178995,29,H4,2026-07-16 09:00:00,0.002200123177869591,49.62613801614661,,
178996,29,H4,2026-07-16 13:00:00,0.0021958286651646225,53.439415423459025,,
178997,29,H4,2026-07-16 17:00:00,0.0021225551890814353,51.070023925837326,,
178998,29,H4,2026-07-16 21:00:00,0.002023086961289897,49.4509104060926,,
178999,29,H4,2026-07-17 01:00:00,0.0019600093211977637,52.71350802230593,,
179000,29,H4,2026-07-17 05:00:00,0.002022865798255071,44.24775445595963,,
179001,29,H4,2026-07-17 09:00:00,0.0019912325269511393,47.383405247398635,,
179002,29,H4,2026-07-17 13:00:00,0.001993287346454631,47.13515078139488,,
179003,29,H4,2026-07-17 17:00:00,0.0018973382502793029,47.652035075936425,,
179004,29,H4,2026-07-19 21:00:00,0.0018675283752593553,49.69512200839622,,
179005,29,H4,2026-07-20 01:00:00,0.0018241334913122614,46.07313332350099,,
179006,29,H4,2026-07-20 05:00:00,0.0018081239562185317,45.96596799423125,,
179007,29,H4,2026-07-20 09:00:00,0.0018532579593457791,53.094001836404566,,
179008,29,H4,2026-07-20 13:00:00,0.0018665966765353693,57.98105521792538,,
179009,29,H4,2026-07-20 17:00:00,0.001776839771068557,57.893862616044814,,
179010,29,H4,2026-07-20 21:00:00,0.0017120655017065119,58.365845226805575,,
179011,29,H4,2026-07-21 01:00:00,0.0016426322515846155,57.32778699983929,,
179012,29,H4,2026-07-21 05:00:00,0.0016410156621857112,57.56003638741533,,
179013,29,H4,2026-07-21 09:00:00,0.0016709431148867362,59.536445636719435,,
179014,29,H4,2026-07-21 13:00:00,0.0017037328923948318,64.88945189349269,,
179015,29,H4,2026-07-21 17:00:00,0.0016563234000809102,66.64043985469712,,
179016,29,H4,2026-07-21 21:00:00,0.001588014585789411,65.6333076547414,,
179017,29,H4,2026-07-22 01:00:00,0.0015417278296615915,66.4523137641657,,
179018,29,H4,2026-07-22 05:00:00,0.0015587472704000494,59.51522250839018,,
179019,29,H4,2026-07-22 09:00:00,0.0015509796082286138,62.56540430108314,,
179020,29,H4,2026-07-22 13:00:00,0.0016551953504979954,68.2409576068482,,
179021,29,H4,2026-07-22 17:00:00,0.0015855385397481395,68.30044892648387,,
179022,29,H4,2026-07-22 21:00:00,0.0015301429297661358,65.08375617310988,,
179023,29,H4,2026-07-23 01:00:00,0.001503704149068558,60.86288621619444,,
179024,29,H4,2026-07-23 05:00:00,0.0015805824241350837,66.09382625430106,,
179025,29,H4,2026-07-23 09:00:00,0.0016762551081254292,71.52227013301832,,
179026,29,H4,2026-07-23 13:00:00,0.001702236886116473,69.09114365135014,,
179027,29,H4,2026-07-23 17:00:00,0.0016792199656795856,70.80129489796096,,
179028,29,H4,2026-07-23 21:00:00,0.001627847110988184,66.93747133823538,,
179029,29,H4,2026-07-24 01:00:00,0.0016244294602033155,70.05939537132485,,
179030,29,H4,2026-07-24 05:00:00,0.001659113070188789,64.89975126132781,,
179031,29,H4,2026-07-24 09:00:00,0.0016898907080324496,69.140261396678,,
179032,29,H4,2026-07-24 13:00:00,0.0017241842288872752,65.53513044852065,,
179033,29,H4,2026-07-24 17:00:00,0.0016888853553953316,67.72167694535759,,
179034,29,H4,2026-07-26 21:00:00,0.001860393544295668,52.99919788385632,,
179035,29,H4,2026-07-27 01:00:00,0.0018232225768459779,52.99919788385632,,
179036,29,H4,2026-07-27 05:00:00,0.0018101352499284142,52.40060920232582,,
179037,29,H4,2026-07-27 09:00:00,0.0018329827320763899,57.791198085114296,,
179038,29,H4,2026-07-27 13:00:00,0.0018877696797852147,62.79214063075086,,
179039,29,H4,2026-07-27 17:00:00,0.0018507861312291266,66.10272722617115,,
179040,29,H4,2026-07-27 21:00:00,0.0018243014075699057,63.73856757004577,,
179041,29,H4,2026-07-28 01:00:00,0.0017597084498863435,64.94800139743984,,
179042,29,H4,2026-07-28 05:00:00,0.0017297292748944544,65.26714529753235,,
179043,29,H4,2026-07-28 09:00:00,0.0016976057552591402,66.14237146618012,,
179044,29,H4,2026-07-28 13:00:00,0.001780633915597779,56.607534994764876,,
179045,29,H4,2026-07-28 17:00:00,0.0017820172073407885,61.6075207877991,,
179046,29,H4,2026-07-28 21:00:00,0.0017561588353878735,60.221805564152795,,
179047,29,H4,2026-07-29 01:00:00,0.0018042903471458857,52.34277319427528,,
179048,29,H4,2026-07-29 05:00:00,0.0018518410366354632,58.2579337733165,,
179049,29,H4,2026-07-29 09:00:00,0.001832423819732932,60.290094539694884,,
179050,29,H4,2026-07-29 13:00:00,0.0018779649754662921,62.296350335835044,,
179051,29,H4,2026-07-29 17:00:00,0.002260967477218694,40.30321037090851,,
179052,29,H4,2026-07-29 21:00:00,0.0022316126574173597,43.69328227748246,,
179053,29,H4,2026-07-30 01:00:00,0.0021743546104589797,46.481401990288724,,
179054,29,H4,2026-07-30 05:00:00,0.0021961864239976267,48.453336801635714,,
179055,29,H4,2026-07-30 09:00:00,0.002379315965140652,40.431676552406344,,
179056,29,H4,2026-07-30 13:00:00,0.0028557933962020344,28.029249370489097,,
179057,29,H4,2026-07-30 17:00:00,0.0027975224393304555,29.03114290225045,,
179058,29,H4,2026-07-30 21:00:00,0.002713413693663999,32.11342200788543,,
179059,29,H4,2026-07-31 01:00:00,0.0026445984298308503,34.98231576887372,,
179060,29,H4,2026-07-31 05:00:00,0.002617127113414364,33.45954254717654,,
179061,29,H4,2026-07-31 09:00:00,0.002825903748170488,44.96590492105553,,
179062,29,H4,2026-07-31 13:00:00,0.00297119633758688,41.90397425306225,,
179063,46,H4,2026-06-03 09:00:00,0.28605495528847724,45.22063157082992,,
179064,46,H4,2026-06-03 13:00:00,0.2842653156250143,47.266569632516024,,
179065,46,H4,2026-06-03 17:00:00,0.27460350736608474,49.88951643933504,,
179066,46,H4,2026-06-03 21:00:00,0.26513182826850695,47.73622603070486,,
179067,46,H4,2026-06-04 01:00:00,0.2696224119636138,47.796887705909796,,
179068,46,H4,2026-06-04 05:00:00,0.26493509682335625,49.774464886784756,,
179069,46,H4,2026-06-04 09:00:00,0.2769397327645446,59.41879707573734,,
179070,46,H4,2026-06-04 13:00:00,0.2705154661385065,56.42994979404745,,
179071,46,H4,2026-06-04 17:00:00,0.264264361414329,52.41273405896871,,
179072,46,H4,2026-06-04 21:00:00,0.25760262131330497,50.91590509572031,,
179073,46,H4,2026-06-05 01:00:00,0.24813100550521175,52.46389189358464,,
179074,46,H4,2026-06-05 05:00:00,0.25905021939769535,60.34522920944545,,
179075,46,H4,2026-06-05 09:00:00,0.28190377515500337,47.176910252413045,186.209,
179076,46,H4,2026-06-05 13:00:00,0.3319106483582174,34.25466363571533,,
179077,46,H4,2026-06-05 17:00:00,0.3341313163326304,32.86116104026134,,
179078,46,H4,2026-06-07 21:00:00,0.34490765088029857,37.29507615419238,,
179079,46,H4,2026-06-08 01:00:00,0.3454142472459898,37.12288794526269,,
179080,46,H4,2026-06-08 05:00:00,0.3938132295855617,28.40258728662738,,183.977
179081,46,H4,2026-06-08 09:00:00,0.4098265703294498,38.302308259174076,,
179082,46,H4,2026-06-08 13:00:00,0.3984103867344891,41.6309538132575,,
179083,46,H4,2026-06-08 17:00:00,0.3805239305391702,40.53197858075647,,
179084,46,H4,2026-06-08 21:00:00,0.3675579355006589,41.48259053259724,,
179085,46,H4,2026-06-09 01:00:00,0.3579466543934693,45.031152270406324,,
179086,46,H4,2026-06-09 05:00:00,0.3484504647939354,46.31662595703229,,
179087,46,H4,2026-06-09 09:00:00,0.3523468601657985,53.13061644432179,,
179088,46,H4,2026-06-09 13:00:00,0.36282208443966973,48.29625531966157,,
179089,46,H4,2026-06-09 17:00:00,0.3490490784082639,48.33254822639215,,
179090,46,H4,2026-06-09 21:00:00,0.3349027156648172,48.2595860087964,,
179091,46,H4,2026-06-10 01:00:00,0.33155252168875965,49.37075029843939,,
179092,46,H4,2026-06-10 05:00:00,0.3225130558538491,52.95710578266319,,
179093,46,H4,2026-06-10 09:00:00,0.3230478375785751,51.50040254976665,,
179094,46,H4,2026-06-10 13:00:00,0.329544420608676,54.40630306791843,,
179095,46,H4,2026-06-10 17:00:00,0.3250055334223414,49.64628942466992,,
179096,46,H4,2026-06-10 21:00:00,0.31900513817788945,50.9601862746395,,
179097,46,H4,2026-06-11 01:00:00,0.30829048545089616,52.88012176718616,,
179098,46,H4,2026-06-11 05:00:00,0.3122697364901182,47.61856340327445,,
179099,46,H4,2026-06-11 09:00:00,0.3160361838836819,50.37083181416067,,
179100,46,H4,2026-06-11 13:00:00,0.33139074217770503,40.6765334949205,,
179101,46,H4,2026-06-11 17:00:00,0.3492914034507277,50.53655399414529,,
179102,46,H4,2026-06-11 21:00:00,0.34119916034710357,51.95776441679239,,
179103,46,H4,2026-06-12 01:00:00,0.3388992203223103,54.31952644133341,,
179104,46,H4,2026-06-12 05:00:00,0.33347784744214365,52.124426648375476,,
179105,46,H4,2026-06-12 09:00:00,0.32387228691056286,51.505350569165934,,
179106,46,H4,2026-06-12 13:00:00,0.3185956949883798,54.58970622322879,,
179107,46,H4,2026-06-12 17:00:00,0.3093388596320664,51.69279523758019,,
179108,46,H4,2026-06-14 21:00:00,0.32160036965834704,58.69883277076246,,
179109,46,H4,2026-06-15 01:00:00,0.31234320039703706,61.13350377079928,,
179110,46,H4,2026-06-15 05:00:00,0.3071758289401045,59.17988377344987,,
179111,46,H4,2026-06-15 09:00:00,0.30566326973009705,62.881177223038385,,
179112,46,H4,2026-06-15 13:00:00,0.30297303617794735,60.25183463891822,,
179113,46,H4,2026-06-15 17:00:00,0.2928321050223798,58.631108575100875,,
179114,46,H4,2026-06-15 21:00:00,0.29234409752078133,55.34690980955509,,
179115,46,H4,2026-06-16 01:00:00,0.2921766619835841,51.483196609018805,,
179116,46,H4,2026-06-16 05:00:00,0.3128783289847582,60.86759046701581,,
179117,46,H4,2026-06-16 09:00:00,0.30981559120013136,58.54470884421338,,
179118,46,H4,2026-06-16 13:00:00,0.3180430489715514,63.29080199679895,186.322,
179119,46,H4,2026-06-16 17:00:00,0.30146854547358437,63.350651462716115,,
179120,46,H4,2026-06-16 21:00:00,0.2869350779397558,62.527270539526995,,
179121,46,H4,2026-06-17 01:00:00,0.27929685808691457,58.770675394799454,,
179122,46,H4,2026-06-17 05:00:00,0.2899899396521351,52.854765700274406,,
179123,46,H4,2026-06-17 09:00:00,0.2844192296769818,53.86761386953529,,
179124,46,H4,2026-06-17 13:00:00,0.28417499898576926,48.70310179411768,,
179125,46,H4,2026-06-17 17:00:00,0.35323392762964323,34.41081340713657,,
179126,46,H4,2026-06-17 21:00:00,0.3579315042275267,39.608162060626505,,
179127,46,H4,2026-06-18 01:00:00,0.34607925392555894,39.650900438795986,,
179128,46,H4,2026-06-18 05:00:00,0.3660735929308765,33.902056347815176,,
179129,46,H4,2026-06-18 09:00:00,0.3663540505786713,32.75284174545246,,
179130,46,H4,2026-06-18 13:00:00,0.3870430469659095,44.386019848932314,,
179131,46,H4,2026-06-18 17:00:00,0.4330399721826307,42.427231379278055,,
179132,46,H4,2026-06-18 21:00:00,0.433037117026728,38.72086179965081,,
179133,46,H4,2026-06-19 01:00:00,0.4240344658105323,36.08568019124742,,
179134,46,H4,2026-06-19 05:00:00,0.4386748611097793,44.6392100636203,,
179135,46,H4,2026-06-19 09:00:00,0.4229123710305106,44.31170670762041,,
179136,46,H4,2026-06-19 13:00:00,0.4117043445283327,46.99877864869934,,
179137,46,H4,2026-06-19 17:00:00,0.39701117706202244,46.65245944573387,,
179138,46,H4,2026-06-21 21:00:00,0.3977246644147338,49.71762868923371,,
179139,46,H4,2026-06-22 01:00:00,0.3828157598136809,50.19177507899391,,
179140,46,H4,2026-06-22 05:00:00,0.3745432055412748,50.93909777239628,,
179141,46,H4,2026-06-22 09:00:00,0.36307583371689794,52.206390626068384,,
179142,46,H4,2026-06-22 13:00:00,0.4038561313085479,40.899946921461854,,
179143,46,H4,2026-06-22 17:00:00,0.3975806933579375,41.094361711005575,,
179144,46,H4,2026-06-22 21:00:00,0.38275350097522753,40.347908673503284,,
179145,46,H4,2026-06-23 01:00:00,0.3671282509055675,39.39687296976313,,
179146,46,H4,2026-06-23 05:00:00,0.39633337584088485,33.40306695783673,,
179147,46,H4,2026-06-23 09:00:00,0.3951667061379642,31.26649710417972,,
179148,46,H4,2026-06-23 13:00:00,0.38979765569953767,30.020892653057686,,
179149,46,H4,2026-06-23 17:00:00,0.37138353743528535,30.340064176761302,,
179150,46,H4,2026-06-23 21:00:00,0.35607042761847796,29.873192615622955,,
179151,46,H4,2026-06-24 01:00:00,0.3548511113600151,26.266582961449345,,
179152,46,H4,2026-06-24 05:00:00,0.36271888912001427,28.103901126633744,,
179153,46,H4,2026-06-24 09:00:00,0.370953254182871,23.80104281448949,,
179154,46,H4,2026-06-24 13:00:00,0.3909565931698095,37.246673893003184,,183.171
179155,46,H4,2026-06-24 17:00:00,0.37695969365767973,38.25771188703766,,
179156,46,H4,2026-06-24 21:00:00,0.3718911441107014,35.49360770247354,,
179157,46,H4,2026-06-25 01:00:00,0.36718463381708066,42.015571380348625,,
179158,46,H4,2026-06-25 05:00:00,0.3648143028301466,43.05998266452882,,
179159,46,H4,2026-06-25 09:00:00,0.3836132811994208,40.0515666270092,,
179160,46,H4,2026-06-25 13:00:00,0.38556947539946224,45.626227892700065,,
179161,46,H4,2026-06-25 17:00:00,0.368028798585216,45.35152904299419,,
179162,46,H4,2026-06-25 21:00:00,0.359169598686272,44.24234943909647,,
179163,46,H4,2026-06-26 01:00:00,0.3515860559229659,43.55016084541767,,
179164,46,H4,2026-06-26 05:00:00,0.36504419478561057,51.61013111742093,,
179165,46,H4,2026-06-26 09:00:00,0.3895410380152097,60.40765650459487,,
179166,46,H4,2026-06-26 13:00:00,0.40693096387126476,50.616389858937566,,
179167,46,H4,2026-06-26 17:00:00,0.3920073235947464,49.29265671573057,,
179168,46,H4,2026-06-28 21:00:00,0.3786496576236919,50.14255743468788,,
179169,46,H4,2026-06-29 01:00:00,0.36246039636485783,49.77148525687648,,
179170,46,H4,2026-06-29 05:00:00,0.37149893948165197,54.72776115916731,,
179171,46,H4,2026-06-29 09:00:00,0.3628204438043911,57.39886750651517,,
179172,46,H4,2026-06-29 13:00:00,0.37297612638979144,63.818098606162295,,
179173,46,H4,2026-06-29 17:00:00,0.3556921173619492,63.15080795992806,,
179174,46,H4,2026-06-29 21:00:00,0.36685696612181,64.52057172789529,,
179175,46,H4,2026-06-30 01:00:00,0.3728671828273945,55.97730055713381,,
179176,46,H4,2026-06-30 05:00:00,0.3713766697682952,59.2186188469535,,
179177,46,H4,2026-06-30 09:00:00,0.3821354790705613,61.30899451908649,,
179178,46,H4,2026-06-30 13:00:00,0.41326865913695066,68.46084541409317,185.866,
179179,46,H4,2026-06-30 17:00:00,0.39560661205573966,69.0753659981134,,
179180,46,H4,2026-06-30 21:00:00,0.3800632826231866,66.93174685396424,,
179181,46,H4,2026-07-01 01:00:00,0.37170161957867365,67.33330189312144,,
179182,46,H4,2026-07-01 05:00:00,0.371937218180197,60.68673888333644,,
179183,46,H4,2026-07-01 09:00:00,0.3783702740244698,52.8103998116464,,
179184,46,H4,2026-07-01 13:00:00,0.3777009687370077,51.06405278285946,,
179185,46,H4,2026-07-01 17:00:00,0.360579470970079,52.78212815689603,,
179186,46,H4,2026-07-01 21:00:00,0.3426095087579311,51.417158333775205,,
179187,46,H4,2026-07-02 01:00:00,0.3333516867037948,51.78338178665602,,
179188,46,H4,2026-07-02 05:00:00,0.39618370908209677,34.97070118298248,,183.76
179189,46,H4,2026-07-02 09:00:00,0.40752772986194746,44.227204517869,,
179190,46,H4,2026-07-02 13:00:00,0.4072757491575224,40.90601241137989,,
179191,46,H4,2026-07-02 17:00:00,0.38854176707484295,42.40076583598604,,
179192,46,H4,2026-07-02 21:00:00,0.38586021228378264,42.99660243237027,,
179193,46,H4,2026-07-03 01:00:00,0.382798768549228,46.24488664604123,,
179194,46,H4,2026-07-03 05:00:00,0.4018131422242832,46.24488664604124,,
179195,46,H4,2026-07-03 09:00:00,0.3918979177796919,47.46680992641121,,
179196,46,H4,2026-07-03 13:00:00,0.3743337807954273,48.48763183742228,,
179197,46,H4,2026-07-03 17:00:00,0.35645279645289646,49.01068985243772,,
179198,46,H4,2026-07-05 21:00:00,0.35763473956340314,53.01796748640776,,
179199,46,H4,2026-07-06 01:00:00,0.36066082959458906,59.66970842446402,,
179200,46,H4,2026-07-06 05:00:00,0.3606850560521177,61.988004346030316,,
179201,46,H4,2026-07-06 09:00:00,0.3471361234769659,62.74660714609443,,
179202,46,H4,2026-07-06 13:00:00,0.3435549718000396,64.68938735997355,,
179203,46,H4,2026-07-06 17:00:00,0.32944390238575005,63.959740705287416,,
179204,46,H4,2026-07-06 21:00:00,0.316055052215339,64.12733319645267,,
179205,46,H4,2026-07-07 01:00:00,0.33169397705710024,52.54851014753029,,
179206,46,H4,2026-07-07 05:00:00,0.33843012155302077,52.5252976555692,,
179207,46,H4,2026-07-07 09:00:00,0.3335422557278057,54.07639952410825,,
179208,46,H4,2026-07-07 13:00:00,0.3333606660329637,51.47446468762651,,
179209,46,H4,2026-07-07 17:00:00,0.31954918988775105,51.768490366147105,,
179210,46,H4,2026-07-07 21:00:00,0.322724247752912,56.627019894458265,,
179211,46,H4,2026-07-08 01:00:00,0.3163153729134186,59.40606717227766,,
179212,46,H4,2026-07-08 05:00:00,0.31664998913388853,60.88031894025678,,
179213,46,H4,2026-07-08 09:00:00,0.3122464184814696,55.02982779999848,,
179214,46,H4,2026-07-08 13:00:00,0.31508596001850775,61.43964315997868,,
179215,46,H4,2026-07-08 17:00:00,0.30700839144575703,64.05594790141531,,
179216,46,H4,2026-07-08 21:00:00,0.298150649199631,62.1109316876401,,
179217,46,H4,2026-07-09 01:00:00,0.2885684599710871,62.1109316876401,,
179218,46,H4,2026-07-09 05:00:00,0.28595642711601016,60.65307819004715,,
179219,46,H4,2026-07-09 09:00:00,0.2786023966077232,61.2229495709735,,
179220,46,H4,2026-07-09 13:00:00,0.275845082564315,62.41873252652956,185.818,
179221,46,H4,2026-07-09 17:00:00,0.2641418623811493,61.497691983768895,,
179222,46,H4,2026-07-09 21:00:00,0.2778460150682093,53.31946097085917,,
179223,46,H4,2026-07-10 01:00:00,0.30042844256333673,41.406160702970816,,
179224,46,H4,2026-07-10 05:00:00,0.3037549823802418,38.67294031885916,,
179225,46,H4,2026-07-10 09:00:00,0.29905819792451016,41.91926818621464,,
179226,46,H4,2026-07-10 13:00:00,0.3109826123584723,35.62884181183729,,
179227,46,H4,2026-07-10 17:00:00,0.2993409971900097,35.413558085883906,,
179228,46,H4,2026-07-12 21:00:00,0.3016737831050086,39.54423475368021,,184.392
179229,46,H4,2026-07-13 01:00:00,0.2955542271689371,40.2948777006028,,
179230,46,H4,2026-07-13 05:00:00,0.33215749665687166,56.03852896843506,,
179231,46,H4,2026-07-13 09:00:00,0.3265748183242373,54.825361976845016,,
179232,46,H4,2026-07-13 13:00:00,0.33224804558679216,47.933894211927395,,
179233,46,H4,2026-07-13 17:00:00,0.3212303280448782,45.361529358480276,,
179234,46,H4,2026-07-13 21:00:00,0.315428161755959,44.98414419700364,,
179235,46,H4,2026-07-14 01:00:00,0.3042547216305328,45.526426178604545,,
179236,46,H4,2026-07-14 05:00:00,0.30309367008549554,48.27190725707266,,
179237,46,H4,2026-07-14 09:00:00,0.3210155507936746,56.21034835434498,,
179238,46,H4,2026-07-14 13:00:00,0.31337158287984057,56.40449558217866,,
179239,46,H4,2026-07-14 17:00:00,0.30063075553128193,56.13646186856362,,
179240,46,H4,2026-07-14 21:00:00,0.2887999872790469,56.28560169494536,,
179241,46,H4,2026-07-15 01:00:00,0.2926714167591162,60.91319618372292,,
179242,46,H4,2026-07-15 05:00:00,0.2925520298477505,57.341390461345945,,
179243,46,H4,2026-07-15 09:00:00,0.287798313430054,54.5776999109545,,
179244,46,H4,2026-07-15 13:00:00,0.2835984338993368,59.93554666350051,,
179245,46,H4,2026-07-15 17:00:00,0.2955556886208143,67.14027293812103,,
179246,46,H4,2026-07-15 21:00:00,0.28465885371932764,68.18351088591919,,
179247,46,H4,2026-07-16 01:00:00,0.2762546498822329,64.0758040176693,,
179248,46,H4,2026-07-16 05:00:00,0.2703793177477869,64.98451322194761,,
179249,46,H4,2026-07-16 09:00:00,0.26892365219437353,60.71205399118937,,
179250,46,H4,2026-07-16 13:00:00,0.264714819894776,60.80158213594169,,
179251,46,H4,2026-07-16 17:00:00,0.2540923327594359,60.99303290867263,,
179252,46,H4,2026-07-16 21:00:00,0.24722859470518954,63.6906493929578,,
179253,46,H4,2026-07-17 01:00:00,0.2489265522262465,57.23951194305897,,
179254,46,H4,2026-07-17 05:00:00,0.25457465563865767,58.5611923330319,,
179255,46,H4,2026-07-17 09:00:00,0.26346218023589574,52.48184678553276,,
179256,46,H4,2026-07-17 13:00:00,0.2687148816476167,57.23534593066085,,
179257,46,H4,2026-07-17 17:00:00,0.257092390101358,56.22007519791735,,
179258,46,H4,2026-07-19 21:00:00,0.25394293366554627,50.7991242193533,,
179259,46,H4,2026-07-20 01:00:00,0.2528041526894358,55.8886422507102,,
179260,46,H4,2026-07-20 05:00:00,0.2498895703544753,54.081233620629504,,
179261,46,H4,2026-07-20 09:00:00,0.2557546010434409,47.84767656037551,,
179262,46,H4,2026-07-20 13:00:00,0.2541292723974791,45.982750802039,,
179263,46,H4,2026-07-20 17:00:00,0.243620038654802,46.290174746416014,,
179264,46,H4,2026-07-20 21:00:00,0.2352186073223165,47.330348386589904,,
179265,46,H4,2026-07-21 01:00:00,0.2275601353707235,48.07718739770723,,
179266,46,H4,2026-07-21 05:00:00,0.23516298284424347,57.22243257479107,,
179267,46,H4,2026-07-21 09:00:00,0.2307227697839405,56.49527336208959,,
179268,46,H4,2026-07-21 13:00:00,0.23709971479937483,61.315597802402806,,
179269,46,H4,2026-07-21 17:00:00,0.2338068780279911,62.60521108251417,,
179270,46,H4,2026-07-21 21:00:00,0.22639210102599142,63.44512271182906,,
179271,46,H4,2026-07-22 01:00:00,0.22086409380984923,66.27478687773822,,
179272,46,H4,2026-07-22 05:00:00,0.2377309442520024,57.0611653944985,,
179273,46,H4,2026-07-22 09:00:00,0.23817873394828792,60.72587499999095,,
179274,46,H4,2026-07-22 13:00:00,0.23266596723769603,61.414007736809026,,
179275,46,H4,2026-07-22 17:00:00,0.22411839814928913,64.12194887661875,,
179276,46,H4,2026-07-22 21:00:00,0.2192527982814832,62.664699654329205,,
179277,46,H4,2026-07-23 01:00:00,0.22902045554709116,68.93678733058731,,
179278,46,H4,2026-07-23 05:00:00,0.2370904230080121,66.4767769342597,,
179279,46,H4,2026-07-23 09:00:00,0.25044110707886885,64.72635960454612,,
179280,46,H4,2026-07-23 13:00:00,0.25490959943037944,65.4482981188869,,
179281,46,H4,2026-07-23 17:00:00,0.24820177089963816,67.32589821189717,,
179282,46,H4,2026-07-23 21:00:00,0.24340164440680567,68.4147002759212,,
179283,46,H4,2026-07-24 01:00:00,0.23801581266346084,64.94579442316436,,
179284,46,H4,2026-07-24 05:00:00,0.23822896890178402,62.90628630810202,,
179285,46,H4,2026-07-24 09:00:00,0.24149832826594173,58.337449938647126,,
179286,46,H4,2026-07-24 13:00:00,0.23853416196123284,60.17796899371546,,
179287,46,H4,2026-07-24 17:00:00,0.23092457896400226,58.00224177281985,,
179288,46,H4,2026-07-26 21:00:00,0.23835853760943124,66.29289826987775,,
179289,46,H4,2026-07-27 01:00:00,0.22876149920875855,64.90768326261676,,
179290,46,H4,2026-07-27 05:00:00,0.2438499635509899,60.31398748033825,,
179291,46,H4,2026-07-27 09:00:00,0.24550353758306173,54.85076755967599,,
179292,46,H4,2026-07-27 13:00:00,0.24525328489855663,50.522411951200986,,
179293,46,H4,2026-07-27 17:00:00,0.23573519312008995,46.929159711692385,,
179294,46,H4,2026-07-27 21:00:00,0.2303255364686547,51.313824143182224,,
179295,46,H4,2026-07-28 01:00:00,0.22580228386375092,47.88916745468047,,
179296,46,H4,2026-07-28 05:00:00,0.22881640644491164,53.5561277463883,,
179297,46,H4,2026-07-28 09:00:00,0.23261523455598812,51.53070290602631,,
179298,46,H4,2026-07-28 13:00:00,0.2467855749448449,62.2346405064933,,
179299,46,H4,2026-07-28 17:00:00,0.2373008910202114,61.54782538698713,,
179300,46,H4,2026-07-28 21:00:00,0.23813654166162657,56.97698961450214,,
179301,46,H4,2026-07-29 01:00:00,0.2499839315429407,51.14438527846797,,
179302,46,H4,2026-07-29 05:00:00,0.2562707935755894,54.620324270302184,,
179303,46,H4,2026-07-29 09:00:00,0.25253716546304783,52.62317074671253,,
179304,46,H4,2026-07-29 13:00:00,0.2581416536442579,59.2790649907082,,
179305,46,H4,2026-07-29 17:00:00,0.3107029640982395,73.89335868537434,,
179306,46,H4,2026-07-29 21:00:00,0.3087956095197953,71.02679552713685,,
179307,46,H4,2026-07-30 01:00:00,0.2967387802683824,67.22697341695871,,
179308,46,H4,2026-07-30 05:00:00,0.2951145816777837,69.4322063622786,,
179309,46,H4,2026-07-30 09:00:00,0.3528921115579409,57.65317955559006,,
179310,46,H4,2026-07-30 13:00:00,0.6740426750180871,24.589948044822833,,
179311,46,H4,2026-07-30 17:00:00,0.7301824839453672,24.398315369774053,,
179312,46,H4,2026-07-30 21:00:00,0.7730265922349847,37.872650669234005,,
179313,46,H4,2026-07-31 01:00:00,0.7512389785039135,38.01802767198292,,
179314,46,H4,2026-07-31 05:00:00,0.8620790514679195,27.648319798873757,,
179315,46,H4,2026-07-31 09:00:00,0.9087162620773549,38.81769721471008,,
179316,46,H4,2026-07-31 13:00:00,0.9985222433575457,35.153186564103734,,
179317,48,H4,2026-06-03 09:00:00,0.18128227511451114,62.897122771554436,,
179318,48,H4,2026-06-03 13:00:00,0.17954782689204682,65.49364309216853,,
179319,48,H4,2026-06-03 17:00:00,0.17715155354261597,69.13864910262849,,
179320,48,H4,2026-06-03 21:00:00,0.18292644257528695,57.646852161161945,,
179321,48,H4,2026-06-04 01:00:00,0.1987174109627662,55.591775369891,,
179322,48,H4,2026-06-04 05:00:00,0.1922375958939975,55.903631588315875,,
179323,48,H4,2026-06-04 09:00:00,0.18907776761585454,55.129341327720525,,
179324,48,H4,2026-06-04 13:00:00,0.18878649850043652,59.953870659248516,,
179325,48,H4,2026-06-04 17:00:00,0.18080174860754808,62.40025560142231,,
179326,48,H4,2026-06-04 21:00:00,0.174244480849866,57.942242779992,,
179327,48,H4,2026-06-05 01:00:00,0.16851273221773228,58.03582626395724,,
179328,48,H4,2026-06-05 05:00:00,0.16097610848789543,57.21323230165168,,
179329,48,H4,2026-06-05 09:00:00,0.1774063864530451,67.99995001696226,,
179330,48,H4,2026-06-05 13:00:00,0.20887735884925784,70.08410296171301,,
179331,48,H4,2026-06-05 17:00:00,0.21195754750288298,71.15519028525338,,
179332,48,H4,2026-06-07 21:00:00,0.2075320083955346,71.40024179392202,,
179333,48,H4,2026-06-08 01:00:00,0.20185115065299744,72.00846736917403,,
179334,48,H4,2026-06-08 05:00:00,0.22357606846349762,52.100246872824755,,
179335,48,H4,2026-06-08 09:00:00,0.22189206357324695,48.97247370067848,,
179336,48,H4,2026-06-08 13:00:00,0.22511405903230045,57.12520757130209,,
179337,48,H4,2026-06-08 17:00:00,0.21953448338713755,57.77902160259345,,
179338,48,H4,2026-06-08 21:00:00,0.21421059171662846,59.97030197472428,,
179339,48,H4,2026-06-09 01:00:00,0.20476697802258514,57.557522155789115,,
179340,48,H4,2026-06-09 05:00:00,0.20242647959240026,56.73807773514408,,
179341,48,H4,2026-06-09 09:00:00,0.19296744533580176,57.262285413522534,,
179342,48,H4,2026-06-09 13:00:00,0.20054119924038782,65.33027264815273,,
179343,48,H4,2026-06-09 17:00:00,0.19635968500893128,62.9385992000925,,
179344,48,H4,2026-06-09 21:00:00,0.18940542179400688,63.69014578117612,,
179345,48,H4,2026-06-10 01:00:00,0.18716217738014831,62.840607045299414,,
179346,48,H4,2026-06-10 05:00:00,0.1813648789958516,64.89640191145253,,
179347,48,H4,2026-06-10 09:00:00,0.1831245304961471,65.40201021618873,,
179348,48,H4,2026-06-10 13:00:00,0.18354420688927894,67.34987475863903,,
179349,48,H4,2026-06-10 17:00:00,0.179362477825759,69.76931287887906,,
179350,48,H4,2026-06-10 21:00:00,0.1714080151239179,67.01434152750016,,
179351,48,H4,2026-06-11 01:00:00,0.1678788711864962,65.86111265598441,,
179352,48,H4,2026-06-11 05:00:00,0.1627446661017467,67.16506527684628,,
179353,48,H4,2026-06-11 09:00:00,0.15740576138019294,67.16506527684628,160.596,
179354,48,H4,2026-06-11 13:00:00,0.15344820699589373,66.57523842221772,,
179355,48,H4,2026-06-11 17:00:00,0.21477333506761567,35.30286660639791,,159.536
179356,48,H4,2026-06-11 21:00:00,0.2207895254199293,45.2564757047513,,
179357,48,H4,2026-06-12 01:00:00,0.21601884503279328,48.94181043656823,,
179358,48,H4,2026-06-12 05:00:00,0.23087464181616565,43.1163289911845,,
179359,48,H4,2026-06-12 09:00:00,0.23966931025786906,49.544517395257515,,
179360,48,H4,2026-06-12 13:00:00,0.23547864523944864,48.63669247149442,,
179361,48,H4,2026-06-12 17:00:00,0.22301588486520282,48.483616799186926,,
179362,48,H4,2026-06-14 21:00:00,0.24208617880340327,44.1104670200508,,
179363,48,H4,2026-06-15 01:00:00,0.2403657374603023,42.05067601495503,,
179364,48,H4,2026-06-15 05:00:00,0.2355538990702788,46.0083432758232,,
179365,48,H4,2026-06-15 09:00:00,0.22708576342240105,46.0083432758232,,
179366,48,H4,2026-06-15 13:00:00,0.2260796374636577,49.713473247037875,,
179367,48,H4,2026-06-15 17:00:00,0.22293109193053845,55.39928407169539,,
179368,48,H4,2026-06-15 21:00:00,0.22222172822121383,48.69631712272319,,
179369,48,H4,2026-06-16 01:00:00,0.2276344619196987,50.98880137702028,,
179370,48,H4,2026-06-16 05:00:00,0.22551771463972073,53.69459739110864,,
179371,48,H4,2026-06-16 09:00:00,0.21640930645116815,53.69459739110864,,
179372,48,H4,2026-06-16 13:00:00,0.21123721313322794,56.59625230647339,,
179373,48,H4,2026-06-16 17:00:00,0.202934555052283,59.340130102712386,,
179374,48,H4,2026-06-16 21:00:00,0.19701065826283454,53.539000447713846,,
179375,48,H4,2026-06-17 01:00:00,0.19129561124405994,49.56740544302857,,
179376,48,H4,2026-06-17 05:00:00,0.19398878186948318,46.991936691922156,,
179377,48,H4,2026-06-17 09:00:00,0.19227529745023553,48.92935802821074,,
179378,48,H4,2026-06-17 13:00:00,0.1903984904895042,46.722501222280926,,
179379,48,H4,2026-06-17 17:00:00,0.22008431259739636,64.23780330519122,,
179380,48,H4,2026-06-17 21:00:00,0.21964971884043938,64.65152075868986,,
179381,48,H4,2026-06-18 01:00:00,0.21374616749469372,59.808249568033204,,
179382,48,H4,2026-06-18 05:00:00,0.2130500126736427,64.70866109321386,,
179383,48,H4,2026-06-18 09:00:00,0.2318321546255253,67.09803601541284,,
179384,48,H4,2026-06-18 13:00:00,0.2617727150094171,76.65678592688366,,
179385,48,H4,2026-06-18 17:00:00,0.30821752108017353,75.80366738461274,,
179386,48,H4,2026-06-18 21:00:00,0.3166305552887317,64.12224413786838,,
179387,48,H4,2026-06-19 01:00:00,0.3245140870538238,68.76082472483279,,
179388,48,H4,2026-06-19 05:00:00,0.3169773665499788,65.70037765105874,,
179389,48,H4,2026-06-19 09:00:00,0.3069789832249798,61.85579261709183,,
179390,48,H4,2026-06-19 13:00:00,0.29998048442319575,64.99635107846832,,
179391,48,H4,2026-06-19 17:00:00,0.2866961641072535,64.08316059663736,,
179392,48,H4,2026-06-21 21:00:00,0.2890035809567366,67.45698752770755,,
179393,48,H4,2026-06-22 01:00:00,0.2868604680312544,70.26944972310973,,
179394,48,H4,2026-06-22 05:00:00,0.27887043460045136,71.84473934771245,,
179395,48,H4,2026-06-22 09:00:00,0.26866540355756163,71.8756012045461,,
179396,48,H4,2026-06-22 13:00:00,0.3106178747320211,63.64845578159057,,
179397,48,H4,2026-06-22 17:00:00,0.3091451693940191,64.54646402252443,,
179398,48,H4,2026-06-22 21:00:00,0.29549194300873166,63.75494240636883,,
179399,48,H4,2026-06-23 01:00:00,0.28067108993667894,64.49182451167144,,
179400,48,H4,2026-06-23 05:00:00,0.29476601208405767,57.74851007514563,,
179401,48,H4,2026-06-23 09:00:00,0.29335415407805393,60.76109235879852,,
179402,48,H4,2026-06-23 13:00:00,0.282043143072478,61.76421536386599,,
179403,48,H4,2026-06-23 17:00:00,0.26961148999587276,60.98613789275536,,
179404,48,H4,2026-06-23 21:00:00,0.25892495499616586,62.22681406807105,,
179405,48,H4,2026-06-24 01:00:00,0.2473588867821526,59.31237103639466,,
179406,48,H4,2026-06-24 05:00:00,0.24497610915485588,64.65988471761642,,
179407,48,H4,2026-06-24 09:00:00,0.23833495850093667,64.56757371293745,,
179408,48,H4,2026-06-24 13:00:00,0.2301681757508694,64.67619145064008,,
179409,48,H4,2026-06-24 17:00:00,0.22101330605437902,66.1297941877045,,
179410,48,H4,2026-06-24 21:00:00,0.21322664133620872,61.03242324624024,,
179411,48,H4,2026-06-25 01:00:00,0.21371045266933658,62.73685997324982,,
179412,48,H4,2026-06-25 05:00:00,0.21058827747867084,63.81019083724609,,
179413,48,H4,2026-06-25 09:00:00,0.21004625765876397,65.08439635619322,,
179414,48,H4,2026-06-25 13:00:00,0.21632866782599525,60.98022706284464,,
179415,48,H4,2026-06-25 17:00:00,0.208948048695567,62.244168082417055,,
179416,48,H4,2026-06-25 21:00:00,0.20280890236017068,63.34031481977349,,
179417,48,H4,2026-06-26 01:00:00,0.20846540933444496,52.100475291501105,,
179418,48,H4,2026-06-26 05:00:00,0.20907502295341412,50.24503338350325,,
179419,48,H4,2026-06-26 09:00:00,0.20656966417102582,53.41623123427119,,
179420,48,H4,2026-06-26 13:00:00,0.2056718310159517,57.44769193939388,,
179421,48,H4,2026-06-26 17:00:00,0.19612384308624106,57.12175080101083,,
179422,48,H4,2026-06-28 21:00:00,0.19368642572293857,57.596748895114246,,
179423,48,H4,2026-06-29 01:00:00,0.18585168102844318,59.90163442728841,,
179424,48,H4,2026-06-29 05:00:00,0.17829084666926956,61.51678838320354,,
179425,48,H4,2026-06-29 09:00:00,0.171841500478607,63.317387587637846,,
179426,48,H4,2026-06-29 13:00:00,0.17113853615870694,65.30930380921694,,
179427,48,H4,2026-06-29 17:00:00,0.16434292643308454,65.30930380921694,,
179428,48,H4,2026-06-29 21:00:00,0.189247003116436,72.20410908972289,,
179429,48,H4,2026-06-30 01:00:00,0.19472936003668995,74.07307240051186,,
179430,48,H4,2026-06-30 05:00:00,0.201820120034068,77.08529941033905,,
179431,48,H4,2026-06-30 09:00:00,0.22311868288877743,79.00022705904517,,
179432,48,H4,2026-06-30 13:00:00,0.23268163411100756,83.2436724855981,,
179433,48,H4,2026-06-30 17:00:00,0.22291866024593585,79.0496999960895,,
179434,48,H4,2026-06-30 21:00:00,0.22499589879979826,80.76547456742533,,
179435,48,H4,2026-07-01 01:00:00,0.2287819060283835,81.48920439326614,162.84,
179436,48,H4,2026-07-01 05:00:00,0.2231546270263565,76.92247754023884,,
179437,48,H4,2026-07-01 09:00:00,0.21564358223875923,77.60887395355586,,
179438,48,H4,2026-07-01 13:00:00,0.23181189779313208,62.62661309216487,,
179439,48,H4,2026-07-01 17:00:00,0.22918247652219562,66.76121696258767,,
179440,48,H4,2026-07-01 21:00:00,0.2214551567706109,64.71245469808807,,
179441,48,H4,2026-07-02 01:00:00,0.2215655027155682,58.18465820977745,,
179442,48,H4,2026-07-02 05:00:00,0.3155965382358855,26.610302075917915,,
179443,48,H4,2026-07-02 09:00:00,0.3660539283618931,26.671130237751242,,
179444,48,H4,2026-07-02 13:00:00,0.36862150490747325,26.157473776568622,,
179445,48,H4,2026-07-02 17:00:00,0.3559342545569396,30.636803267878392,,
179446,48,H4,2026-07-02 21:00:00,0.36336752208858736,32.846281545266294,,
179447,48,H4,2026-07-03 01:00:00,0.3626984133679749,31.894870216826405,,
179448,48,H4,2026-07-03 05:00:00,0.386934240984548,30.408789085400443,,160.48
179449,48,H4,2026-07-03 09:00:00,0.37429608091422367,35.118945391281244,,
179450,48,H4,2026-07-03 13:00:00,0.3638463608489206,40.82741565859855,,
179451,48,H4,2026-07-03 17:00:00,0.3491430493597111,41.77750947998055,,
179452,48,H4,2026-07-05 21:00:00,0.34663283154830266,46.24509916397782,,
179453,48,H4,2026-07-06 01:00:00,0.3515876292948522,56.18397377236849,,
179454,48,H4,2026-07-06 05:00:00,0.3572599414880779,61.881138973505294,,
179455,48,H4,2026-07-06 09:00:00,0.3458842313817851,64.32210962980652,,
179456,48,H4,2026-07-06 13:00:00,0.3341782148545139,60.48467903197873,,
179457,48,H4,2026-07-06 17:00:00,0.3286654852220489,56.19405857553255,,
179458,48,H4,2026-07-06 21:00:00,0.31804652199190103,56.93627216223605,,
179459,48,H4,2026-07-07 01:00:00,0.3286146275639087,48.88442027733851,,
179460,48,H4,2026-07-07 05:00:00,0.335713582737915,51.13485059444908,,
179461,48,H4,2026-07-07 09:00:00,0.32687689825663463,49.73403635841432,,
179462,48,H4,2026-07-07 13:00:00,0.3183856912383035,51.99978338445586,,
179463,48,H4,2026-07-07 17:00:00,0.31571528472128024,56.044904011495404,,
179464,48,H4,2026-07-07 21:00:00,0.31559276438404543,60.5321501213074,,
179465,48,H4,2026-07-08 01:00:00,0.3058361383566138,60.946439508841344,,
179466,48,H4,2026-07-08 05:00:00,0.31399069990256906,63.25019914163206,,
179467,48,H4,2026-07-08 09:00:00,0.3137056499095286,63.852522024197135,,
179468,48,H4,2026-07-08 13:00:00,0.3073695320588496,64.12951854810335,162.711,
179469,48,H4,2026-07-08 17:00:00,0.301985994054646,66.20149041293692,,
179470,48,H4,2026-07-08 21:00:00,0.30027270876502776,59.318319393688554,,
179471,48,H4,2026-07-09 01:00:00,0.2903960867103833,58.842846833936235,,
179472,48,H4,2026-07-09 05:00:00,0.28322493765964146,57.565070588481305,,
179473,48,H4,2026-07-09 09:00:00,0.2720660135410943,58.84820839666793,,
179474,48,H4,2026-07-09 13:00:00,0.2668470125738741,54.18014102040498,,
179475,48,H4,2026-07-09 17:00:00,0.2578579402471682,56.49209960260876,,
179476,48,H4,2026-07-09 21:00:00,0.27865380165808523,45.810254096860774,,
179477,48,H4,2026-07-10 01:00:00,0.3173213872539358,36.528743539238995,,
179478,48,H4,2026-07-10 05:00:00,0.320655573878655,38.248787426457184,,
179479,48,H4,2026-07-10 09:00:00,0.3159658900301814,41.71385247925845,,
179480,48,H4,2026-07-10 13:00:00,0.33539689788516797,35.99853260975195,,161.282
179481,48,H4,2026-07-10 17:00:00,0.3307971194647979,41.820541050685954,,
179482,48,H4,2026-07-12 21:00:00,0.3372401823601689,51.35205848750048,,
179483,48,H4,2026-07-13 01:00:00,0.32872302647730095,49.11918798067508,,
179484,48,H4,2026-07-13 05:00:00,0.34274281030035125,51.070117645281464,,
179485,48,H4,2026-07-13 09:00:00,0.3336897524217553,51.810533831765106,,
179486,48,H4,2026-07-13 13:00:00,0.33792619867734425,58.905075210876554,,
179487,48,H4,2026-07-13 17:00:00,0.3231457559146768,59.115409237539296,,
179488,48,H4,2026-07-13 21:00:00,0.318278201920771,56.83698615254341,,
179489,48,H4,2026-07-14 01:00:00,0.30961547321214267,54.98273703896414,,
179490,48,H4,2026-07-14 05:00:00,0.31128579655413235,53.76224472240209,,
179491,48,H4,2026-07-14 09:00:00,0.3376225253716948,44.51445382952025,,
179492,48,H4,2026-07-14 13:00:00,0.34043520213086015,49.7201255651418,,
179493,48,H4,2026-07-14 17:00:00,0.3284755448357988,53.24031921142526,,
179494,48,H4,2026-07-14 21:00:00,0.31865586306181337,49.14487527930966,,
179495,48,H4,2026-07-15 01:00:00,0.31475187284311107,51.80647330940783,,
179496,48,H4,2026-07-15 05:00:00,0.3100553104971742,53.85021839496652,,
179497,48,H4,2026-07-15 09:00:00,0.3080513597473768,50.348875815183206,,
179498,48,H4,2026-07-15 13:00:00,0.30076197690827966,50.270070090555215,,
179499,48,H4,2026-07-15 17:00:00,0.3069218357005455,51.148404998925976,,
179500,48,H4,2026-07-15 21:00:00,0.29685599029336346,48.33296353730713,,
179501,48,H4,2026-07-16 01:00:00,0.2857234195581225,48.33296353730713,,
179502,48,H4,2026-07-16 05:00:00,0.27960031816111297,49.93112841262661,,
179503,48,H4,2026-07-16 09:00:00,0.27320029543531904,54.53631792956688,,
179504,48,H4,2026-07-16 13:00:00,0.2775431314756536,59.515302144604995,,
179505,48,H4,2026-07-16 17:00:00,0.26850433637025056,55.714779765303696,,
179506,48,H4,2026-07-16 21:00:00,0.25932545520094596,57.06686551031553,,
179507,48,H4,2026-07-17 01:00:00,0.25044506554373486,56.91410400716567,,
179508,48,H4,2026-07-17 05:00:00,0.2551989894334666,55.78831787537264,,
179509,48,H4,2026-07-17 09:00:00,0.2476847759025051,56.450948253129546,,
179510,48,H4,2026-07-17 13:00:00,0.24413586333803897,57.14268985665876,,
179511,48,H4,2026-07-17 17:00:00,0.23484044452817934,56.37125796285191,,
179512,48,H4,2026-07-19 21:00:00,0.23692326991902238,52.8196206608977,,
179513,48,H4,2026-07-20 01:00:00,0.22757160778194896,52.8196206608977,,
179514,48,H4,2026-07-20 05:00:00,0.22145935008323803,54.264759182197054,,
179515,48,H4,2026-07-20 09:00:00,0.22249796793443663,55.945030385395626,,
179516,48,H4,2026-07-20 13:00:00,0.22189097022483392,60.8439078559211,,
179517,48,H4,2026-07-20 17:00:00,0.2142559009230607,59.50401689336997,,
179518,48,H4,2026-07-20 21:00:00,0.20530905085712772,60.81353685038088,,
179519,48,H4,2026-07-21 01:00:00,0.19807269008161957,57.763703879050716,,
179520,48,H4,2026-07-21 05:00:00,0.20035321221864602,65.5922935874755,,
179521,48,H4,2026-07-21 09:00:00,0.20047083991731404,66.92601084454259,,
179522,48,H4,2026-07-21 13:00:00,0.20886577992322103,74.44631470820747,,
179523,48,H4,2026-07-21 17:00:00,0.21273250992870563,78.06517744566432,,
179524,48,H4,2026-07-21 21:00:00,0.21168018779094147,74.47818874969727,,
179525,48,H4,2026-07-22 01:00:00,0.2059887458058746,75.17431225038092,,
179526,48,H4,2026-07-22 05:00:00,0.2285609782483115,63.444562432981456,,
179527,48,H4,2026-07-22 09:00:00,0.2260923369448619,67.2504601566097,,
179528,48,H4,2026-07-22 13:00:00,0.21851431287737005,67.39864880776977,,
179529,48,H4,2026-07-22 17:00:00,0.20804900481470096,68.76836822161205,,
179530,48,H4,2026-07-22 21:00:00,0.20175979018507978,63.15883279160005,,
179531,48,H4,2026-07-23 01:00:00,0.19463409088614578,63.58137353512652,,
179532,48,H4,2026-07-23 05:00:00,0.20758879867999083,70.50355747732759,,
179533,48,H4,2026-07-23 09:00:00,0.2261895987742785,76.56334641785745,,
179534,48,H4,2026-07-23 13:00:00,0.23303319886183022,77.91572815386944,163.988,
179535,48,H4,2026-07-23 17:00:00,0.22788797037169958,79.28599367523682,,
179536,48,H4,2026-07-23 21:00:00,0.22282454391657694,76.24958226434285,,
179537,48,H4,2026-07-24 01:00:00,0.21733707649396536,76.56089114507141,,
179538,48,H4,2026-07-24 05:00:00,0.21567014245868332,71.46395031578416,,
179539,48,H4,2026-07-24 09:00:00,0.2136937037116357,73.81096994813299,,
179540,48,H4,2026-07-24 13:00:00,0.2152870105893753,70.18464708815425,,
179541,48,H4,2026-07-24 17:00:00,0.20619508126156233,71.64216590010494,,
179542,48,H4,2026-07-26 21:00:00,0.21489543260002236,61.25625603147587,,
179543,48,H4,2026-07-27 01:00:00,0.21218861598573452,59.02609445579888,,
179544,48,H4,2026-07-27 05:00:00,0.21688942912961,56.67809513872188,,
179545,48,H4,2026-07-27 09:00:00,0.21639732704892212,61.6636170588694,,
179546,48,H4,2026-07-27 13:00:00,0.2140832322597132,60.04400782278547,,
179547,48,H4,2026-07-27 17:00:00,0.20914871566973442,62.64284681223622,,
179548,48,H4,2026-07-27 21:00:00,0.20335237883618298,62.75751406274087,,
179549,48,H4,2026-07-28 01:00:00,0.19725578034788385,62.81896687561217,,
179550,48,H4,2026-07-28 05:00:00,0.19638036746589232,65.11276930628514,,
179551,48,H4,2026-07-28 09:00:00,0.19242462693261367,66.72596391625066,,
179552,48,H4,2026-07-28 13:00:00,0.19589429643742595,59.436193996761645,,
179553,48,H4,2026-07-28 17:00:00,0.19404470383475378,63.387504586200905,,
179554,48,H4,2026-07-28 21:00:00,0.1953272249894155,55.67939769151399,,
179555,48,H4,2026-07-29 01:00:00,0.21737528034731574,45.29070167533184,,
179556,48,H4,2026-07-29 05:00:00,0.22677704603679244,50.889518508631376,,
179557,48,H4,2026-07-29 09:00:00,0.23315011417702175,57.198668706620154,,
179558,48,H4,2026-07-29 13:00:00,0.22935367745009008,59.72436821896699,,
179559,48,H4,2026-07-29 17:00:00,0.26068555763222695,45.91669113592472,,
179560,48,H4,2026-07-29 21:00:00,0.26377944637278233,47.511088789014764,,
179561,48,H4,2026-07-30 01:00:00,0.255009485917585,47.43041949262447,,
179562,48,H4,2026-07-30 05:00:00,0.2569373797806154,52.154653813749,,
179563,48,H4,2026-07-30 09:00:00,0.3356561383677129,36.86891547814247,,
179564,48,H4,2026-07-30 13:00:00,0.6693235570557337,14.51303039940774,,
179565,48,H4,2026-07-30 17:00:00,0.7162290172660379,14.443414111138665,,
179566,48,H4,2026-07-30 21:00:00,0.7596412303184626,29.04610838253666,,
179567,48,H4,2026-07-31 01:00:00,0.7448097138671433,30.84557574626507,,
179568,48,H4,2026-07-31 05:00:00,0.8488947343052045,23.03999105118163,,
179569,48,H4,2026-07-31 09:00:00,0.9227593961405477,37.15131095392165,,
179570,48,H4,2026-07-31 13:00:00,0.9774194392733669,32.65031532625933,,
179571,54,H4,2026-06-03 09:00:00,0.3476846478623973,51.337405381593165,,
179572,54,H4,2026-06-03 13:00:00,0.3471357444436528,49.83619383024992,,
179573,54,H4,2026-06-03 17:00:00,0.33491176269767875,51.31815371994197,,
179574,54,H4,2026-06-03 21:00:00,0.3257037796478438,48.29795020423347,,
179575,54,H4,2026-06-04 01:00:00,0.3315106525301394,49.257127701233465,,
179576,54,H4,2026-06-04 05:00:00,0.32983132020655753,49.055346189689445,,
179577,54,H4,2026-06-04 09:00:00,0.3384147973346618,59.29187900939055,,
179578,54,H4,2026-06-04 13:00:00,0.33309945466789886,53.75299438688065,,
179579,54,H4,2026-06-04 17:00:00,0.3224494936201916,50.79452051815005,,
179580,54,H4,2026-06-04 21:00:00,0.3194173869330351,48.296237668113456,,
179581,54,H4,2026-06-05 01:00:00,0.3151732878663891,50.948500480447315,,
179582,54,H4,2026-06-05 05:00:00,0.3283751958759327,59.97372786099765,,
179583,54,H4,2026-06-05 09:00:00,0.3662055390276521,48.92263477921429,215.614,
179584,54,H4,2026-06-05 13:00:00,0.40976228623996264,37.549555371571,,
179585,54,H4,2026-06-05 17:00:00,0.4207792657942505,35.02951338412909,,
179586,54,H4,2026-06-07 21:00:00,0.43086646109466203,38.433542467494966,,
179587,54,H4,2026-06-08 01:00:00,0.434947428159329,36.79179359964357,,
179588,54,H4,2026-06-08 05:00:00,0.4776654690050924,28.90225228685027,,
179589,54,H4,2026-06-08 09:00:00,0.5076179355047301,36.53634949031481,,212.933
179590,54,H4,2026-06-08 13:00:00,0.49143094011153554,39.47436400890792,,
179591,54,H4,2026-06-08 17:00:00,0.4713287301035693,38.79676598062427,,
179592,54,H4,2026-06-08 21:00:00,0.45730524938188616,39.62870847771254,,
179593,54,H4,2026-06-09 01:00:00,0.4520691601403239,45.97487473205236,,
179594,54,H4,2026-06-09 05:00:00,0.4516356487017292,50.90739308714035,,
179595,54,H4,2026-06-09 09:00:00,0.4500902452230327,56.70908422165799,,
179596,54,H4,2026-06-09 13:00:00,0.4512266562785289,52.792559903556395,,
179597,54,H4,2026-06-09 17:00:00,0.43871046654434703,53.741666193571426,,
179598,54,H4,2026-06-09 21:00:00,0.4226597189340365,54.14500417134161,,
179599,54,H4,2026-06-10 01:00:00,0.41732688186732053,54.83015837160724,,
179600,54,H4,2026-06-10 05:00:00,0.40694639030536844,57.03586587811025,,
179601,54,H4,2026-06-10 09:00:00,0.40559307671212824,58.12060078665756,,
179602,54,H4,2026-06-10 13:00:00,0.4186221426612636,59.22914260505195,,
179603,54,H4,2026-06-10 17:00:00,0.41514913247117363,53.37377673160101,,
179604,54,H4,2026-06-10 21:00:00,0.41249562300894793,53.26215255287643,,
179605,54,H4,2026-06-11 01:00:00,0.4008173642225962,56.98256241531992,,
179606,54,H4,2026-06-11 05:00:00,0.4046875524924117,50.63037895279915,,
179607,54,H4,2026-06-11 09:00:00,0.40313844160009726,49.75878729384971,,
179608,54,H4,2026-06-11 13:00:00,0.4191999814858057,41.268331238453705,,
179609,54,H4,2026-06-11 17:00:00,0.439399982808248,52.30549498612146,,
179610,54,H4,2026-06-11 21:00:00,0.4330856983219445,54.765874627083626,,
179611,54,H4,2026-06-12 01:00:00,0.4295795770132332,57.24884463402651,,
179612,54,H4,2026-06-12 05:00:00,0.4232524643694314,53.62594060811958,,
179613,54,H4,2026-06-12 09:00:00,0.4137344312001857,51.67372879436034,,
179614,54,H4,2026-06-12 13:00:00,0.41425340040017194,56.966609092162734,,
179615,54,H4,2026-06-12 17:00:00,0.40559244322873156,54.0197602575049,,
179616,54,H4,2026-06-14 21:00:00,0.44119298299810766,60.55298088010767,,
179617,54,H4,2026-06-15 01:00:00,0.42453634135538765,60.865999506967064,,
179618,54,H4,2026-06-15 05:00:00,0.42878374554428916,54.3802646818165,,
179619,54,H4,2026-06-15 09:00:00,0.4107277637196982,56.106335483775894,,
179620,54,H4,2026-06-15 13:00:00,0.40153292345400626,57.643922329383486,,
179621,54,H4,2026-06-15 17:00:00,0.39320914320729133,55.75521532004241,,
179622,54,H4,2026-06-15 21:00:00,0.3936942044067689,51.90492584396163,,
179623,54,H4,2026-06-16 01:00:00,0.39493033266342836,48.23980586932676,,
179624,54,H4,2026-06-16 05:00:00,0.41172102318746884,57.13838611311767,,
179625,54,H4,2026-06-16 09:00:00,0.4043838072455066,54.629411328410846,,
179626,54,H4,2026-06-16 13:00:00,0.4137849638708277,59.34549368551892,215.566,
179627,54,H4,2026-06-16 17:00:00,0.39251460930862675,60.155165250361094,,
179628,54,H4,2026-06-16 21:00:00,0.373549280072297,58.100149627178936,,
179629,54,H4,2026-06-17 01:00:00,0.3583671886385616,55.72298161311584,,
179630,54,H4,2026-06-17 05:00:00,0.38155524659294954,49.6782925124575,,
179631,54,H4,2026-06-17 09:00:00,0.3690155861220258,50.08511707054189,,
179632,54,H4,2026-06-17 13:00:00,0.38008590139902404,43.54920785257201,,
179633,54,H4,2026-06-17 17:00:00,0.4619369084419496,31.31807929312076,,
179634,54,H4,2026-06-17 21:00:00,0.4703699864103827,35.68799879442952,,
179635,54,H4,2026-06-18 01:00:00,0.453343558809641,35.59088330007209,,
179636,54,H4,2026-06-18 05:00:00,0.5083904474660945,27.727106064386263,,
179637,54,H4,2026-06-18 09:00:00,0.5157197012185176,27.257976156446546,,
179638,54,H4,2026-06-18 13:00:00,0.5249540082743365,37.099925709285,,
179639,54,H4,2026-06-18 17:00:00,0.5713858648261684,34.386379363364156,,212.4
179640,54,H4,2026-06-18 21:00:00,0.5682868744814435,31.561003065875667,,
179641,54,H4,2026-06-19 01:00:00,0.5544806691613404,29.43363287357043,,
179642,54,H4,2026-06-19 05:00:00,0.5843034785069575,42.97754102196779,,
179643,54,H4,2026-06-19 09:00:00,0.5603532300421745,41.87850844543865,,
179644,54,H4,2026-06-19 13:00:00,0.5433279993248765,43.35562845870912,,
179645,54,H4,2026-06-19 17:00:00,0.5243045708016701,44.352014025691915,,
179646,54,H4,2026-06-21 21:00:00,0.5442828157444082,44.977399388344466,,
179647,54,H4,2026-06-22 01:00:00,0.5246197574769508,44.873952373217044,,
179648,54,H4,2026-06-22 05:00:00,0.5211469176571685,46.68956514822054,,
179649,54,H4,2026-06-22 09:00:00,0.5591364235388011,58.701204735473574,,
179650,54,H4,2026-06-22 13:00:00,0.5951266790003145,51.01588922914021,,
179651,54,H4,2026-06-22 17:00:00,0.5819033447860059,52.78705300469936,,
179652,54,H4,2026-06-22 21:00:00,0.5589816773012929,51.37723853221034,,
179653,54,H4,2026-06-23 01:00:00,0.5339115574940576,50.087542078018444,,
179654,54,H4,2026-06-23 05:00:00,0.5622035891016254,43.77965844725545,,
179655,54,H4,2026-06-23 09:00:00,0.5454033327372234,44.112500559439376,,
179656,54,H4,2026-06-23 13:00:00,0.5460888089702773,40.081775139633436,,
179657,54,H4,2026-06-23 17:00:00,0.5322967511866847,43.870106189850965,,
179658,54,H4,2026-06-23 21:00:00,0.5068469832447778,43.807442694314844,,
179659,54,H4,2026-06-24 01:00:00,0.49028648444157985,41.4604463814905,,
179660,54,H4,2026-06-24 05:00:00,0.48769459269575327,45.794690560517544,,
179661,54,H4,2026-06-24 09:00:00,0.5160735503603416,37.70653934762315,,
179662,54,H4,2026-06-24 13:00:00,0.5192825824774606,42.98636852805589,,
179663,54,H4,2026-06-24 17:00:00,0.5020481123004986,43.32710116825009,,
179664,54,H4,2026-06-24 21:00:00,0.48618753285046307,40.83061456594392,,
179665,54,H4,2026-06-25 01:00:00,0.4794598519325725,46.84357995474849,,
179666,54,H4,2026-06-25 05:00:00,0.47492700536595994,49.47066142667879,,
179667,54,H4,2026-06-25 09:00:00,0.4916465049826773,46.99696301220749,,
179668,54,H4,2026-06-25 13:00:00,0.4943860403410576,52.44738430645815,,
179669,54,H4,2026-06-25 17:00:00,0.47421560888812614,49.634160292309254,,
179670,54,H4,2026-06-25 21:00:00,0.4619144939675452,50.74310821092809,,
179671,54,H4,2026-06-26 01:00:00,0.4567777443984359,48.64853744877865,,
179672,54,H4,2026-06-26 05:00:00,0.4505793340842622,51.66885353128781,,
179673,54,H4,2026-06-26 09:00:00,0.4424665245068162,51.66885353128781,,
179674,54,H4,2026-06-26 13:00:00,0.43857605847061537,52.55305521332527,,
179675,54,H4,2026-06-26 17:00:00,0.42596348286557145,49.97099791248707,,
179676,54,H4,2026-06-28 21:00:00,0.4196803769466016,50.573073987208765,,
179677,54,H4,2026-06-29 01:00:00,0.40491749287898676,51.954647403304676,,
179678,54,H4,2026-06-29 05:00:00,0.4081376719590583,55.343657642283425,,
179679,54,H4,2026-06-29 09:00:00,0.4209849811048394,62.96610273199791,,
179680,54,H4,2026-06-29 13:00:00,0.4271289110259226,67.85207912141905,,
179681,54,H4,2026-06-29 17:00:00,0.4097625602383565,68.82413979810656,,
179682,54,H4,2026-06-29 21:00:00,0.4186366630784733,69.05316785587061,,
179683,54,H4,2026-06-30 01:00:00,0.4154483300014412,64.55856359418799,,
179684,54,H4,2026-06-30 05:00:00,0.41334487785848084,66.88013024219792,,
179685,54,H4,2026-06-30 09:00:00,0.4365345294400179,63.664897288886756,,
179686,54,H4,2026-06-30 13:00:00,0.4897106344800154,73.45831534865798,,
179687,54,H4,2026-06-30 17:00:00,0.46973130344572916,74.19240065051935,,
179688,54,H4,2026-06-30 21:00:00,0.4516790674853209,71.15772248903882,,
179689,54,H4,2026-07-01 01:00:00,0.4414877055220835,70.95926547528363,,
179690,54,H4,2026-07-01 05:00:00,0.43502429798479175,70.98105514874129,,
179691,54,H4,2026-07-01 09:00:00,0.42537970527159114,67.75110227727419,,
179692,54,H4,2026-07-01 13:00:00,0.44806686918076283,72.38441874344615,,
179693,54,H4,2026-07-01 17:00:00,0.43063352138213745,73.42264575728942,,
179694,54,H4,2026-07-01 21:00:00,0.4152311269976993,72.90177109490836,,
179695,54,H4,2026-07-02 01:00:00,0.40664318935500565,73.08455457181817,,
179696,54,H4,2026-07-02 05:00:00,0.46488296154393444,54.008049319277596,,
179697,54,H4,2026-07-02 09:00:00,0.4813198928622243,55.88870841971464,,
179698,54,H4,2026-07-02 13:00:00,0.479797043372066,51.259363880799995,,
179699,54,H4,2026-07-02 17:00:00,0.46138296884549046,52.723198851375194,,
179700,54,H4,2026-07-02 21:00:00,0.46614132821367116,54.543469420950544,,
179701,54,H4,2026-07-03 01:00:00,0.4629883761984087,57.80695575826231,,
179702,54,H4,2026-07-03 05:00:00,0.4837749207556646,53.49997056048566,,
179703,54,H4,2026-07-03 09:00:00,0.46807671213025864,55.54817894960292,,
179704,54,H4,2026-07-03 13:00:00,0.4552140898352409,59.21717770708827,,
179705,54,H4,2026-07-03 17:00:00,0.4333416548470095,58.78962153578808,,
179706,54,H4,2026-07-05 21:00:00,0.4368886795007948,62.54344204798075,,
179707,54,H4,2026-07-06 01:00:00,0.43475377382216734,67.75212644712641,,
179708,54,H4,2026-07-06 05:00:00,0.44541421854915564,71.3865588774043,,
179709,54,H4,2026-07-06 09:00:00,0.444384631509929,74.05011131969529,,
179710,54,H4,2026-07-06 13:00:00,0.4459285864020775,77.0554159342282,,
179711,54,H4,2026-07-06 17:00:00,0.42686225880192924,77.11918588996876,,
179712,54,H4,2026-07-06 21:00:00,0.4153006688875047,77.33961615997917,,
179713,54,H4,2026-07-07 01:00:00,0.42663633539554097,65.92299131069223,,
179714,54,H4,2026-07-07 05:00:00,0.4304480257244302,67.94268830297034,,
179715,54,H4,2026-07-07 09:00:00,0.42184459531554247,63.73285984801766,,
179716,54,H4,2026-07-07 13:00:00,0.4135699813644331,61.430003264222776,,
179717,54,H4,2026-07-07 17:00:00,0.39888641126697555,62.194967494596966,,
179718,54,H4,2026-07-07 21:00:00,0.39768023903362054,64.99843149494669,,
179719,54,H4,2026-07-08 01:00:00,0.38106022195978995,65.61798587370295,,
179720,54,H4,2026-07-08 05:00:00,0.37927020610551887,63.9285238178798,,
179721,54,H4,2026-07-08 09:00:00,0.3861794770979837,65.01003935188774,,
179722,54,H4,2026-07-08 13:00:00,0.4135952287338428,73.97996915606907,,
179723,54,H4,2026-07-08 17:00:00,0.4059098552528549,75.80193207857303,,
179724,54,H4,2026-07-08 21:00:00,0.3953448655919374,72.75403033241358,,
179725,54,H4,2026-07-09 01:00:00,0.37910594662108316,72.81823131108347,,
179726,54,H4,2026-07-09 05:00:00,0.38009837900528953,74.64147893187595,218.015,
179727,54,H4,2026-07-09 09:00:00,0.39073420907634,64.0305051761613,,
179728,54,H4,2026-07-09 13:00:00,0.38175319414231473,67.09207343335748,,
179729,54,H4,2026-07-09 17:00:00,0.368485108846437,68.18713548203097,,
179730,54,H4,2026-07-09 21:00:00,0.3774504582145486,62.45356729050476,,
179731,54,H4,2026-07-10 01:00:00,0.39363256834208177,53.14517271382292,,
179732,54,H4,2026-07-10 05:00:00,0.4007302420319327,48.53459307000698,,
179733,54,H4,2026-07-10 09:00:00,0.4141780818867945,54.00122947566889,,
179734,54,H4,2026-07-10 13:00:00,0.43430821889488047,45.39817851210963,,
179735,54,H4,2026-07-10 17:00:00,0.4208576318309611,47.273203579840484,,
179736,54,H4,2026-07-12 21:00:00,0.41622494384303693,48.99401874913264,,
179737,54,H4,2026-07-13 01:00:00,0.39913744785424804,48.927877779894025,,
179738,54,H4,2026-07-13 05:00:00,0.417056201578945,53.67585576212113,,
179739,54,H4,2026-07-13 09:00:00,0.4166236157518776,55.50816460594168,,
179740,54,H4,2026-07-13 13:00:00,0.41043621462674235,53.09071075908093,,
179741,54,H4,2026-07-13 17:00:00,0.4059050564391165,48.30388444041546,,
179742,54,H4,2026-07-13 21:00:00,0.4015546952648938,47.983788942477936,,
179743,54,H4,2026-07-14 01:00:00,0.384515074174545,48.65555352632537,,
179744,54,H4,2026-07-14 05:00:00,0.3803354260192219,52.5916873644988,,
179745,54,H4,2026-07-14 09:00:00,0.3924543241607048,53.98026897820247,,
179746,54,H4,2026-07-14 13:00:00,0.3914933010063701,52.620161319566364,,
179747,54,H4,2026-07-14 17:00:00,0.39381520807734416,57.27690144732933,,
179748,54,H4,2026-07-14 21:00:00,0.3888998360718208,56.66948676787597,,
179749,54,H4,2026-07-15 01:00:00,0.3853355620666907,59.33960152069629,,
179750,54,H4,2026-07-15 05:00:00,0.3820258790619269,59.70774479208498,,
179751,54,H4,2026-07-15 09:00:00,0.3902383162717903,65.67865237655329,,
179752,54,H4,2026-07-15 13:00:00,0.4795070079666635,80.32347334082371,,
179753,54,H4,2026-07-15 17:00:00,0.4671136502547598,81.65140210588392,219.614,
179754,54,H4,2026-07-15 21:00:00,0.45831981809370514,76.80882495189786,,
179755,54,H4,2026-07-16 01:00:00,0.44158268822987035,76.424652492162,,
179756,54,H4,2026-07-16 05:00:00,0.4348982104991642,73.5130935850165,,
179757,54,H4,2026-07-16 09:00:00,0.43354833832065226,69.58475144144,,
179758,54,H4,2026-07-16 13:00:00,0.44658059986917814,63.897933882350785,,
179759,54,H4,2026-07-16 17:00:00,0.4292534141642374,64.66946320016228,,
179760,54,H4,2026-07-16 21:00:00,0.4128781702953645,65.05935315249948,,
179761,54,H4,2026-07-17 01:00:00,0.41081544384569463,58.63531927386058,,
179762,54,H4,2026-07-17 05:00:00,0.42147148357100234,53.06869225004922,,
179763,54,H4,2026-07-17 09:00:00,0.41829494903021713,50.19417168568958,,
179764,54,H4,2026-07-17 13:00:00,0.4277738812423436,56.675109687752254,,
179765,54,H4,2026-07-17 17:00:00,0.4095043182964617,54.94365356650613,,
179766,54,H4,2026-07-19 21:00:00,0.3962540098467157,52.817702345240306,,
179767,54,H4,2026-07-20 01:00:00,0.39095015200052197,56.86574149766048,,
179768,54,H4,2026-07-20 05:00:00,0.3846679982861988,58.2219912333477,,
179769,54,H4,2026-07-20 09:00:00,0.3848345698371846,54.491168898619314,,
179770,54,H4,2026-07-20 13:00:00,0.4034892434202419,47.32113954953336,,
179771,54,H4,2026-07-20 17:00:00,0.3963828688902247,49.61841618623164,,
179772,54,H4,2026-07-20 21:00:00,0.38442694968378105,50.6698518090893,,
179773,54,H4,2026-07-21 01:00:00,0.3691821675635104,52.146385325939576,,
179774,54,H4,2026-07-21 05:00:00,0.3671691555946888,53.80103224724725,,
179775,54,H4,2026-07-21 09:00:00,0.3941570730522094,43.044201096733886,,
179776,54,H4,2026-07-21 13:00:00,0.4194315678341937,48.07869682165237,,217.524
179777,54,H4,2026-07-21 17:00:00,0.4124721701317515,50.40454051205906,,
179778,54,H4,2026-07-21 21:00:00,0.39736701512234024,51.893946202936995,,
179779,54,H4,2026-07-22 01:00:00,0.37584079975645907,52.324241083914615,,
179780,54,H4,2026-07-22 05:00:00,0.3887807426309968,44.289387023480316,,
179781,54,H4,2026-07-22 09:00:00,0.377724975300212,43.6191205464929,,
179782,54,H4,2026-07-22 13:00:00,0.3838874770644825,48.31248948709705,,
179783,54,H4,2026-07-22 17:00:00,0.3668240858455917,50.420844676686215,,
179784,54,H4,2026-07-22 21:00:00,0.35769379399947626,49.50013208554519,,
179785,54,H4,2026-07-23 01:00:00,0.3487156658566565,51.760711195054775,,
179786,54,H4,2026-07-23 05:00:00,0.35023597543832424,52.85646264584451,,
179787,54,H4,2026-07-23 09:00:00,0.3573619771927289,53.40526039131124,,
179788,54,H4,2026-07-23 13:00:00,0.3789075502503905,49.05327601278018,,
179789,54,H4,2026-07-23 17:00:00,0.3625570109467916,48.63573595371152,,
179790,54,H4,2026-07-23 21:00:00,0.3539457958791629,50.8388987277117,,
179791,54,H4,2026-07-24 01:00:00,0.3510210961735076,45.856289973935795,,
179792,54,H4,2026-07-24 05:00:00,0.35666244644682893,47.070750053683454,,
179793,54,H4,2026-07-24 09:00:00,0.35432941455776856,46.570772121192725,,
179794,54,H4,2026-07-24 13:00:00,0.35930588494649784,53.7637096966981,,
179795,54,H4,2026-07-24 17:00:00,0.3459983217360338,52.641354759348694,,
179796,54,H4,2026-07-26 21:00:00,0.3486412987548892,56.14166225558156,,
179797,54,H4,2026-07-27 01:00:00,0.33359549170096886,54.02197511406114,,
179798,54,H4,2026-07-27 05:00:00,0.34748152800804394,46.27988991208803,,
179799,54,H4,2026-07-27 09:00:00,0.3502328474360405,42.35332072973621,,
179800,54,H4,2026-07-27 13:00:00,0.35043050119060964,37.96238463274472,,
179801,54,H4,2026-07-27 17:00:00,0.34311403681985114,35.739492300963775,,
179802,54,H4,2026-07-27 21:00:00,0.3301773199041459,38.35237548646414,,
179803,54,H4,2026-07-28 01:00:00,0.3185217970538499,38.93929827034025,,
179804,54,H4,2026-07-28 05:00:00,0.32527024012143085,46.39022980159172,,
179805,54,H4,2026-07-28 09:00:00,0.3308937943984712,46.14172347442114,,
179806,54,H4,2026-07-28 13:00:00,0.32754423765572477,43.107756416263975,,
179807,54,H4,2026-07-28 17:00:00,0.3201482206803151,42.27351983679129,,
179808,54,H4,2026-07-28 21:00:00,0.3177090620602927,38.497833981662794,,
179809,54,H4,2026-07-29 01:00:00,0.3328727004845576,32.78260536862767,,
179810,54,H4,2026-07-29 05:00:00,0.3443103647356603,43.57640236679206,,
179811,54,H4,2026-07-29 09:00:00,0.33628819582597025,41.98614515207083,,
179812,54,H4,2026-07-29 13:00:00,0.341981896124115,47.64456480324015,,
179813,54,H4,2026-07-29 17:00:00,0.37605461782953453,60.89189805781128,,
179814,54,H4,2026-07-29 21:00:00,0.3782650022702808,58.02968776548676,,
179815,54,H4,2026-07-30 01:00:00,0.3657460735366896,53.934405279008075,,
179816,54,H4,2026-07-30 05:00:00,0.37447849685549744,60.53892423036539,,
179817,54,H4,2026-07-30 09:00:00,0.4401586042229607,48.11441480023602,,
179818,54,H4,2026-07-30 13:00:00,0.8062187039213204,24.094794224166222,,
179819,54,H4,2026-07-30 17:00:00,0.8684887964983687,23.92974831192548,,
179820,54,H4,2026-07-30 21:00:00,0.9164538824627704,38.429043156277025,,
179821,54,H4,2026-07-31 01:00:00,0.8870643194297151,38.37842288466976,,
179822,54,H4,2026-07-31 05:00:00,1.0132025823275919,27.81405754513392,,
179823,54,H4,2026-07-31 09:00:00,1.0773309693041926,39.00701639272856,,
179824,54,H4,2026-07-31 13:00:00,1.159378757211036,36.047276860645326,,
179825,60,H4,2026-06-03 09:00:00,0.0018250921909051996,46.38690696255883,,
179826,60,H4,2026-06-03 13:00:00,0.0018718713201262595,39.68271320163837,,
179827,60,H4,2026-06-03 17:00:00,0.0018231662258315284,37.22750803750475,,
179828,60,H4,2026-06-03 21:00:00,0.0017850829239864203,38.85709365808068,,
179829,60,H4,2026-06-04 01:00:00,0.0017568627151302476,38.35666733700119,,
179830,60,H4,2026-06-04 05:00:00,0.0017370868069066612,39.31850707891216,,
179831,60,H4,2026-06-04 09:00:00,0.001753009177841897,45.18991134877247,,
179832,60,H4,2026-06-04 13:00:00,0.0017063656651389036,44.64264169046719,,
179833,60,H4,2026-06-04 17:00:00,0.0016444824033432642,41.5703930405101,,
179834,60,H4,2026-06-04 21:00:00,0.0016470193745330322,37.52182539753391,,
179835,60,H4,2026-06-05 01:00:00,0.0017065179906378181,40.2440045219805,,
179836,60,H4,2026-06-05 05:00:00,0.0017446238484494039,42.32100325752171,,
179837,60,H4,2026-06-05 09:00:00,0.0019150078592744442,32.09208436437673,,
179838,60,H4,2026-06-05 13:00:00,0.002216793012183407,23.07290725366316,,
179839,60,H4,2026-06-05 17:00:00,0.0022255935113131564,20.77799739888198,,
179840,60,H4,2026-06-07 21:00:00,0.0023151939747907907,27.48610679793643,,
179841,60,H4,2026-06-08 01:00:00,0.0023426801194485936,25.157537044420096,,
179842,60,H4,2026-06-08 05:00:00,0.0023524886823451255,26.644770921960188,,
179843,60,H4,2026-06-08 09:00:00,0.002470168062177617,36.75114388021876,,
179844,60,H4,2026-06-08 13:00:00,0.002500870343450645,32.585496025949396,,
179845,60,H4,2026-06-08 17:00:00,0.002407951033204169,31.37502879979469,,
179846,60,H4,2026-06-08 21:00:00,0.002328811673689591,31.008976212984052,,
179847,60,H4,2026-06-09 01:00:00,0.002293896554140339,36.58629181250203,,
179848,60,H4,2026-06-09 05:00:00,0.0023014753717017487,35.69832425335301,,
179849,60,H4,2026-06-09 09:00:00,0.002252798559437335,39.228150506355796,,
179850,60,H4,2026-06-09 13:00:00,0.002503312948048953,29.602889505882843,,
179851,60,H4,2026-06-09 17:00:00,0.0024673620231883135,34.15063468844754,,
179852,60,H4,2026-06-09 21:00:00,0.0024118361643891543,34.6252257779214,,
179853,60,H4,2026-06-10 01:00:00,0.002352419295504209,32.30582778824517,,
179854,60,H4,2026-06-10 05:00:00,0.002302246488682482,30.747192732467482,,
179855,60,H4,2026-06-10 09:00:00,0.002343514596633733,31.567709067047574,,
179856,60,H4,2026-06-10 13:00:00,0.002398263554017034,34.448656368385016,,
179857,60,H4,2026-06-10 17:00:00,0.0024269590144443904,29.881773395339195,,
179858,60,H4,2026-06-10 21:00:00,0.0023600333705555048,30.215463425772185,,
179859,60,H4,2026-06-11 01:00:00,0.002280745272658689,35.37296842678387,,
179860,60,H4,2026-06-11 05:00:00,0.002269977753183066,31.776498876448514,,
179861,60,H4,2026-06-11 09:00:00,0.002262836485098562,30.734365383443347,,0.69789
179862,60,H4,2026-06-11 13:00:00,0.0022390624504486636,30.734365383443347,,
179863,60,H4,2026-06-11 17:00:00,0.002579843703988042,53.9447272835761,,
179864,60,H4,2026-06-11 21:00:00,0.0024898548679888953,51.79918323935608,,
179865,60,H4,2026-06-12 01:00:00,0.0024312938059896927,50.66943947672288,,
179866,60,H4,2026-06-12 05:00:00,0.0024576299627047165,50.63814008676667,,
179867,60,H4,2026-06-12 09:00:00,0.002434227822511528,48.819463459755006,,
179868,60,H4,2026-06-12 13:00:00,0.0024617829780464217,53.33200842427015,,
179869,60,H4,2026-06-12 17:00:00,0.002368798479614538,51.92338045827154,,
179870,60,H4,2026-06-14 21:00:00,0.0025288843024992144,58.57997170711113,,
179871,60,H4,2026-06-15 01:00:00,0.0024853925666064153,61.990526081508605,,
179872,60,H4,2026-06-15 05:00:00,0.0024621502404202464,58.08936220188064,,
179873,60,H4,2026-06-15 09:00:00,0.002374853794675944,58.390524951095216,,
179874,60,H4,2026-06-15 13:00:00,0.0023402213807705236,60.71222293402874,0.70884,
179875,60,H4,2026-06-15 17:00:00,0.002256634139286915,56.6591106259096,,
179876,60,H4,2026-06-15 21:00:00,0.0021540174150521383,56.845266556006884,,
179877,60,H4,2026-06-16 01:00:00,0.0022015875996912663,49.05483480293722,,
179878,60,H4,2026-06-16 05:00:00,0.0022393313425704622,54.759436847370736,,
179879,60,H4,2026-06-16 09:00:00,0.0021908076752440012,55.09785539961948,,
179880,60,H4,2026-06-16 13:00:00,0.0021357499841551503,56.46870007908948,,
179881,60,H4,2026-06-16 17:00:00,0.002048910699572634,53.79511744816922,,
179882,60,H4,2026-06-16 21:00:00,0.0019497027924603027,54.47365445528564,,
179883,60,H4,2026-06-17 01:00:00,0.0019004383072845617,51.15257795759753,,
179884,60,H4,2026-06-17 05:00:00,0.0018389784281928102,51.23467425556165,,
179885,60,H4,2026-06-17 09:00:00,0.0017690513976076074,52.69035201430921,,
179886,60,H4,2026-06-17 13:00:00,0.001732690583492781,55.78400105898092,,
179887,60,H4,2026-06-17 17:00:00,0.002182498398957581,35.81262284875022,,
179888,60,H4,2026-06-17 21:00:00,0.0021658913704606115,39.476153199340565,,
179889,60,H4,2026-06-18 01:00:00,0.0021476134154277083,43.759663191565444,,
179890,60,H4,2026-06-18 05:00:00,0.0022084981714685864,38.0819080847896,,
179891,60,H4,2026-06-18 09:00:00,0.0021893197306494055,40.433308208223565,,
179892,60,H4,2026-06-18 13:00:00,0.0022079397498887304,40.81749853293509,,
179893,60,H4,2026-06-18 17:00:00,0.0021759440534681058,39.394619816427294,,
179894,60,H4,2026-06-18 21:00:00,0.0021098051925060963,38.88925504282231,,
179895,60,H4,2026-06-19 01:00:00,0.0021191048216127975,33.84924959363356,,
179896,60,H4,2026-06-19 05:00:00,0.002184168762926175,44.37412451434452,,
179897,60,H4,2026-06-19 09:00:00,0.0021302995655743005,45.26560417746562,,
179898,60,H4,2026-06-19 13:00:00,0.0020824210251761295,41.48513505588198,,
179899,60,H4,2026-06-19 17:00:00,0.0020008195233778303,43.56174746175941,,
179900,60,H4,2026-06-21 21:00:00,0.0019757609859936943,43.13435047187665,,
179901,60,H4,2026-06-22 01:00:00,0.0019724923441370007,40.7362964675705,,
179902,60,H4,2026-06-22 05:00:00,0.0019530286052700668,38.103977015128045,,
179903,60,H4,2026-06-22 09:00:00,0.0019320979906079189,43.11792162771315,,
179904,60,H4,2026-06-22 13:00:00,0.0019169481341359284,41.68255301889872,,
179905,60,H4,2026-06-22 17:00:00,0.0018421661245547854,41.125574186043515,,
179906,60,H4,2026-06-22 21:00:00,0.0018712971156580132,37.30464951365169,,
179907,60,H4,2026-06-23 01:00:00,0.0019162044645395799,31.62916132022798,,
179908,60,H4,2026-06-23 05:00:00,0.0019693327170724746,27.407656579061708,,
179909,60,H4,2026-06-23 09:00:00,0.00203152323728158,25.603658204241484,,
179910,60,H4,2026-06-23 13:00:00,0.002064985863190043,22.592882429205318,,
179911,60,H4,2026-06-23 17:00:00,0.002003201158676467,22.381812427515342,,
179912,60,H4,2026-06-23 21:00:00,0.0019429725044852863,23.805480036798798,,
179913,60,H4,2026-06-24 01:00:00,0.0019613316113077646,22.281946302504494,,
179914,60,H4,2026-06-24 05:00:00,0.0020098079247857794,20.335337417630825,,
179915,60,H4,2026-06-24 09:00:00,0.0019883930730153656,19.331386803206442,,
179916,60,H4,2026-06-24 13:00:00,0.0019906507106571265,25.740074269638043,,
179917,60,H4,2026-06-24 17:00:00,0.0019920328027530428,25.467710644986866,,
179918,60,H4,2026-06-24 21:00:00,0.001936887602556397,24.22546188264124,,
179919,60,H4,2026-06-25 01:00:00,0.0019428242023737988,28.9082964167156,,
179920,60,H4,2026-06-25 05:00:00,0.001949051045061383,28.85967087235224,,
179921,60,H4,2026-06-25 09:00:00,0.0019976902561284287,31.10603595388507,,
179922,60,H4,2026-06-25 13:00:00,0.0021149980949764042,37.75051392512688,,
179923,60,H4,2026-06-25 17:00:00,0.002056069659620948,35.71520308703589,,
179924,60,H4,2026-06-25 21:00:00,0.0020456361125051714,32.08006073195928,,
179925,60,H4,2026-06-26 01:00:00,0.002090947818754795,28.887511693513503,,
179926,60,H4,2026-06-26 05:00:00,0.002049451545986596,34.311796517161255,,
179927,60,H4,2026-06-26 09:00:00,0.0020030621498446934,38.40278369685191,,
179928,60,H4,2026-06-26 13:00:00,0.002012843424855789,37.60628781910058,,
179929,60,H4,2026-06-26 17:00:00,0.001948354608794657,35.58604387826327,,
179930,60,H4,2026-06-28 21:00:00,0.001913472136737889,32.78739973142211,,
179931,60,H4,2026-06-29 01:00:00,0.0018817955555423236,34.930562907826626,,
179932,60,H4,2026-06-29 05:00:00,0.001866667301575019,36.30538523477673,,
179933,60,H4,2026-06-29 09:00:00,0.0018140482086053723,39.6154264567957,,
179934,60,H4,2026-06-29 13:00:00,0.0018287590508478473,35.79761110226835,,
179935,60,H4,2026-06-29 17:00:00,0.001746704832930145,35.99492132412627,,
179936,60,H4,2026-06-29 21:00:00,0.0017919402020065585,31.26890643333006,,
179937,60,H4,2026-06-30 01:00:00,0.0017939444732917996,29.94016458785981,,0.68654
179938,60,H4,2026-06-30 05:00:00,0.0017693770109138186,38.04964547580347,,
179939,60,H4,2026-06-30 09:00:00,0.0017137072244199699,40.230301084125806,,
179940,60,H4,2026-06-30 13:00:00,0.001912728136961405,53.537745305138216,,
179941,60,H4,2026-06-30 17:00:00,0.0018661046986070216,56.455043473127866,,
179942,60,H4,2026-06-30 21:00:00,0.0018699543629922286,48.5130734802278,,
179943,60,H4,2026-07-01 01:00:00,0.0018763861942070745,45.200783680017345,,
179944,60,H4,2026-07-01 05:00:00,0.001820930037478005,45.0148363723849,,
179945,60,H4,2026-07-01 09:00:00,0.0017708636062295766,45.209026709414495,,
179946,60,H4,2026-07-01 13:00:00,0.0018672304914988933,49.52817672867574,,
179947,60,H4,2026-07-01 17:00:00,0.0018252854563918337,46.296615349590475,,
179948,60,H4,2026-07-01 21:00:00,0.001798479352363842,44.27849473803646,,
179949,60,H4,2026-07-02 01:00:00,0.0017900165414807116,47.17180572026497,,
179950,60,H4,2026-07-02 05:00:00,0.0018157296456606596,53.893570074687666,,
179951,60,H4,2026-07-02 09:00:00,0.0020803203852563326,59.71598105110041,,
179952,60,H4,2026-07-02 13:00:00,0.0021102975005951622,58.986712389772094,,
179953,60,H4,2026-07-02 17:00:00,0.0020267048219812177,58.3291746198761,,
179954,60,H4,2026-07-02 21:00:00,0.0019869401918397003,56.62962104150463,,
179955,60,H4,2026-07-03 01:00:00,0.0020107301781368716,64.07056503306106,,
179956,60,H4,2026-07-03 05:00:00,0.00195282087969853,64.85760521700887,,
179957,60,H4,2026-07-03 09:00:00,0.0018604765311486346,62.22751367051875,,
179958,60,H4,2026-07-03 13:00:00,0.001762585350352303,62.56964483984624,,
179959,60,H4,2026-07-03 17:00:00,0.0016845435396128491,63.78637137714985,,
179960,60,H4,2026-07-05 21:00:00,0.0016713618582119354,59.67564137916983,,
179961,60,H4,2026-07-06 01:00:00,0.0016626931540539359,58.74000326367465,,
179962,60,H4,2026-07-06 05:00:00,0.0016360722144786557,58.178669417438485,,
179963,60,H4,2026-07-06 09:00:00,0.0016149241991587522,53.88121728849093,,
179964,60,H4,2026-07-06 13:00:00,0.0016545724706474132,63.33642587559451,,
179965,60,H4,2026-07-06 17:00:00,0.0016271030084583117,67.06294915978737,,
179966,60,H4,2026-07-06 21:00:00,0.001596595650711288,61.868790455632244,,
179967,60,H4,2026-07-07 01:00:00,0.0016111245328033327,57.667611207041105,,
179968,60,H4,2026-07-07 05:00:00,0.001574615637603094,57.545634317084115,,
179969,60,H4,2026-07-07 09:00:00,0.0015635716634885854,61.413070658039594,,
179970,60,H4,2026-07-07 13:00:00,0.0015733165446679745,53.535083884067205,,
179971,60,H4,2026-07-07 17:00:00,0.0016145082200488324,49.209054239085475,,
179972,60,H4,2026-07-07 21:00:00,0.001608471918616775,52.45964822501305,,
179973,60,H4,2026-07-08 01:00:00,0.0016214382101441451,54.72888395971029,,
179974,60,H4,2026-07-08 05:00:00,0.0017499069094195616,43.02531233479745,,
179975,60,H4,2026-07-08 09:00:00,0.0018034849873181606,45.96485882347516,,0.69066
179976,60,H4,2026-07-08 13:00:00,0.0018303789167954398,48.628887006593274,,
179977,60,H4,2026-07-08 17:00:00,0.0017967804227386247,50.505922172388814,,
179978,60,H4,2026-07-08 21:00:00,0.001768438963971585,51.786513131993566,,
179979,60,H4,2026-07-09 01:00:00,0.001732836180830757,53.74370245782778,,
179980,60,H4,2026-07-09 05:00:00,0.0016976335964857044,52.40269862766596,,
179981,60,H4,2026-07-09 09:00:00,0.001655659768165301,50.92038233643672,,
179982,60,H4,2026-07-09 13:00:00,0.001643112641867782,55.507769690919716,,
179983,60,H4,2026-07-09 17:00:00,0.001582890310305799,55.659923890033454,,
179984,60,H4,2026-07-09 21:00:00,0.001562683859569668,57.68580468674798,,
179985,60,H4,2026-07-10 01:00:00,0.0016432064410289754,62.04357398323948,,
179986,60,H4,2026-07-10 05:00:00,0.0016301202666697643,54.416624368311425,,
179987,60,H4,2026-07-10 09:00:00,0.0016293973904790637,57.815909852140194,,
179988,60,H4,2026-07-10 13:00:00,0.0017222975768734154,61.523896566223,,
179989,60,H4,2026-07-10 17:00:00,0.0016635620356681721,57.62739278474641,,
179990,60,H4,2026-07-12 21:00:00,0.0016890218902633042,47.391635110505014,,
179991,60,H4,2026-07-13 01:00:00,0.0016662346123873528,47.10708445992697,,
179992,60,H4,2026-07-13 05:00:00,0.0017129321400739697,51.8782107963283,,
179993,60,H4,2026-07-13 09:00:00,0.0016727227014972563,53.82830708497508,,
179994,60,H4,2026-07-13 13:00:00,0.0017718139371045996,42.62144160436238,,
179995,60,H4,2026-07-13 17:00:00,0.0017359700844542705,40.98197556813106,,
179996,60,H4,2026-07-13 21:00:00,0.0016776865069932454,41.76736489585549,,
179997,60,H4,2026-07-14 01:00:00,0.0016842803279222948,49.11231400142281,,
179998,60,H4,2026-07-14 05:00:00,0.001689688875927844,53.78689184723276,,
179999,60,H4,2026-07-14 09:00:00,0.0018904253847901453,62.7671916932853,,
180000,60,H4,2026-07-14 13:00:00,0.0019325378573051377,65.26586532060574,,
180001,60,H4,2026-07-14 17:00:00,0.0018644994389261978,63.44225351427392,,
180002,60,H4,2026-07-14 21:00:00,0.0018377494790028975,66.5219431665012,,
180003,60,H4,2026-07-15 01:00:00,0.0018000530876455501,65.7415802601619,,
180004,60,H4,2026-07-15 05:00:00,0.001765763581385153,67.04985322911533,,
180005,60,H4,2026-07-15 09:00:00,0.0017624947541433603,69.31558253996084,,
180006,60,H4,2026-07-15 13:00:00,0.0017344594145616906,67.60458964230355,,
180007,60,H4,2026-07-15 17:00:00,0.0018091408849501417,71.2804517032005,0.70212,
180008,60,H4,2026-07-15 21:00:00,0.0017934879645965587,66.35318662290294,,
180009,60,H4,2026-07-16 01:00:00,0.0017889531099825194,66.573671997482,,
180010,60,H4,2026-07-16 05:00:00,0.0017133136021266258,66.23977589503593,,
180011,60,H4,2026-07-16 09:00:00,0.00170093405911758,65.53186911498592,,
180012,60,H4,2026-07-16 13:00:00,0.0017237244834663258,62.85525822995775,,
180013,60,H4,2026-07-16 17:00:00,0.00165631559179016,64.2983145470105,,
180014,60,H4,2026-07-16 21:00:00,0.0016065787638051456,64.90294554458387,,
180015,60,H4,2026-07-17 01:00:00,0.0016639659949619224,51.70159533762395,,
180016,60,H4,2026-07-17 05:00:00,0.0016765398524646387,48.3513049863413,,
180017,60,H4,2026-07-17 09:00:00,0.0016403584344314506,46.46838620554451,,
180018,60,H4,2026-07-17 13:00:00,0.0016731899748292035,54.06676510647354,,
180019,60,H4,2026-07-17 17:00:00,0.0015979621194842572,52.92725979281672,,
180020,60,H4,2026-07-19 21:00:00,0.0016366791109496696,54.576819994700124,,0.69644
180021,60,H4,2026-07-20 01:00:00,0.0016247734601675563,60.29017486676464,,
180022,60,H4,2026-07-20 05:00:00,0.0016437182130127272,61.81639759787784,,
180023,60,H4,2026-07-20 09:00:00,0.0016613097692261003,63.57532185741221,,
180024,60,H4,2026-07-20 13:00:00,0.001659073357138523,62.541134033653925,,
180025,60,H4,2026-07-20 17:00:00,0.0016205681173429149,59.20721791577319,,
180026,60,H4,2026-07-20 21:00:00,0.0015933846803898508,60.7108946521218,,
180027,60,H4,2026-07-21 01:00:00,0.0015431429175048657,63.51130041945175,,
180028,60,H4,2026-07-21 05:00:00,0.001550775566254521,69.38609001135049,,
180029,60,H4,2026-07-21 09:00:00,0.0015535773115220618,64.74112841983536,0.70269,
180030,60,H4,2026-07-21 13:00:00,0.00154403607498477,58.23382023825255,,
180031,60,H4,2026-07-21 17:00:00,0.0015094620696287115,52.991231575519876,,
180032,60,H4,2026-07-21 21:00:00,0.0014916433503695207,58.06175067228396,,
180033,60,H4,2026-07-22 01:00:00,0.0015008116824859802,52.48293263641075,,
180034,60,H4,2026-07-22 05:00:00,0.001500753705165557,51.33297783185602,,
180035,60,H4,2026-07-22 09:00:00,0.0015278427262251596,44.966648117541325,,
180036,60,H4,2026-07-22 13:00:00,0.0015344253886376527,50.61971536020298,,
180037,60,H4,2026-07-22 17:00:00,0.0014762521465921021,51.41593510881971,,
180038,60,H4,2026-07-22 21:00:00,0.0014436627075498107,49.89958657490872,,
180039,60,H4,2026-07-23 01:00:00,0.001534115371296252,59.5378035339051,,
180040,60,H4,2026-07-23 05:00:00,0.0015659642733465184,52.04185793927034,,
180041,60,H4,2026-07-23 09:00:00,0.0016769668252503392,43.313233876351056,,
180042,60,H4,2026-07-23 13:00:00,0.0016828977663038854,42.99117169003823,,
180043,60,H4,2026-07-23 17:00:00,0.0016769764972821826,39.47861599279835,,
180044,60,H4,2026-07-23 21:00:00,0.0016479067474763122,43.828031856771176,,
180045,60,H4,2026-07-24 01:00:00,0.0015973419797994364,42.55552832000261,,
180046,60,H4,2026-07-24 05:00:00,0.0016025318383851954,49.27311777433352,,
180047,60,H4,2026-07-24 09:00:00,0.001638065278500538,44.94897624502329,,
180048,60,H4,2026-07-24 13:00:00,0.001722489187179066,50.78429581110186,,
180049,60,H4,2026-07-24 17:00:00,0.0016873113880948518,48.042234677187466,,
180050,60,H4,2026-07-26 21:00:00,0.0017317891460880712,51.931065245918724,,
180051,60,H4,2026-07-27 01:00:00,0.0017009470642246353,53.22702333761751,,
180052,60,H4,2026-07-27 05:00:00,0.0016873079882085908,55.794002445851355,,
180053,60,H4,2026-07-27 09:00:00,0.0016589288461936924,52.63590882061288,,
180054,60,H4,2026-07-27 13:00:00,0.001652576785751283,51.834207227558444,,
180055,60,H4,2026-07-27 17:00:00,0.0015973927296261908,49.40317124832626,,
180056,60,H4,2026-07-27 21:00:00,0.0015582932489386053,49.20823741027445,,
180057,60,H4,2026-07-28 01:00:00,0.001638415159728706,41.30916615067975,,
180058,60,H4,2026-07-28 05:00:00,0.0016170997911766562,42.46946040804915,,
180059,60,H4,2026-07-28 09:00:00,0.0015873069489497507,40.81431645960295,,
180060,60,H4,2026-07-28 13:00:00,0.001638927881167628,47.77378382129032,,
180061,60,H4,2026-07-28 17:00:00,0.0015947187467985134,44.24447749327275,,
180062,60,H4,2026-07-28 21:00:00,0.0015465245505986217,42.51114809880013,,
180063,60,H4,2026-07-29 01:00:00,0.0016853442255558625,35.992627050865025,,
180064,60,H4,2026-07-29 05:00:00,0.001696391066587583,33.132651785233406,,
180065,60,H4,2026-07-29 09:00:00,0.0016495059904027586,32.857594054283936,,
180066,60,H4,2026-07-29 13:00:00,0.0017402555625168497,28.92161370102845,,
180067,60,H4,2026-07-29 17:00:00,0.002055951593765642,42.90087129518538,,
180068,60,H4,2026-07-29 21:00:00,0.002033383622782379,43.95102624762402,,
180069,60,H4,2026-07-30 01:00:00,0.0019924276497264963,41.62127533243443,,
180070,60,H4,2026-07-30 05:00:00,0.001972254246174603,46.16052284520954,,
180071,60,H4,2026-07-30 09:00:00,0.0020092360857335593,52.499669170277045,,
180072,60,H4,2026-07-30 13:00:00,0.0022578620796097335,66.6310965471225,,
180073,60,H4,2026-07-30 17:00:00,0.00217730050249475,67.32758407825506,,
180074,60,H4,2026-07-30 21:00:00,0.0020867790380308367,67.37072749771227,,
180075,60,H4,2026-07-31 01:00:00,0.0020334376781714837,66.14786623023053,,
180076,60,H4,2026-07-31 05:00:00,0.0020167635583020938,69.45478114656132,,
180077,60,H4,2026-07-31 09:00:00,0.0021262804469948052,57.105800760704014,,
180078,60,H4,2026-07-31 13:00:00,0.0022401175579237517,60.527351550172746,,
180079,69,H4,2026-06-03 09:00:00,0.0023978596241619196,44.115850488714734,,
180080,69,H4,2026-06-03 13:00:00,0.0024001553652932225,41.22405102089786,,
180081,69,H4,2026-06-03 17:00:00,0.002344429982058005,39.56033817659893,,
180082,69,H4,2026-06-03 21:00:00,0.0023205421261967237,43.2594478091659,,
180083,69,H4,2026-06-04 01:00:00,0.0022576462600398224,45.56590470974262,,
180084,69,H4,2026-06-04 05:00:00,0.00226924295575127,45.27229849732554,,
180085,69,H4,2026-06-04 09:00:00,0.002340011316054754,55.28013363402519,,
180086,69,H4,2026-06-04 13:00:00,0.002369296222050845,47.73742629101623,,
180087,69,H4,2026-06-04 17:00:00,0.002313632206190069,44.19255806433096,,
180088,69,H4,2026-06-04 21:00:00,0.0022476584771764924,44.0678114381876,,
180089,69,H4,2026-06-05 01:00:00,0.002198540014521029,46.42916370109602,,
180090,69,H4,2026-06-05 05:00:00,0.002285787156340954,55.49898830213299,,
180091,69,H4,2026-06-05 09:00:00,0.0026868023594594586,40.94231457755808,1.34832,
180092,69,H4,2026-06-05 13:00:00,0.003075602190926638,32.20455534266385,,
180093,69,H4,2026-06-05 17:00:00,0.003047344891574737,29.825736923676217,,
180094,69,H4,2026-06-07 21:00:00,0.0030596773993193985,33.010450611353136,,
180095,69,H4,2026-06-08 01:00:00,0.003068986156510872,31.574244834493257,,
180096,69,H4,2026-06-08 05:00:00,0.003056201431045798,28.948128693801834,,
180097,69,H4,2026-06-08 09:00:00,0.0032936156145425307,37.82228381843726,,1.3306
180098,69,H4,2026-06-08 13:00:00,0.003272643070646644,36.58363581689205,,
180099,69,H4,2026-06-08 17:00:00,0.0031445971370290212,35.839096748576154,,
180100,69,H4,2026-06-08 21:00:00,0.003047125912955528,35.370359276646994,,
180101,69,H4,2026-06-09 01:00:00,0.003025188347744416,42.80641316796021,,
180102,69,H4,2026-06-09 05:00:00,0.003001960608619809,48.06204732190695,,
180103,69,H4,2026-06-09 09:00:00,0.0029918205651469714,53.67548064280066,,
180104,69,H4,2026-06-09 13:00:00,0.0031552619533507715,46.38668852794677,,
180105,69,H4,2026-06-09 17:00:00,0.003072028956682855,48.07415579513487,,
180106,69,H4,2026-06-09 21:00:00,0.0029604554597769295,48.09858976703134,,
180107,69,H4,2026-06-10 01:00:00,0.00287899435550716,48.97768169494512,,
180108,69,H4,2026-06-10 05:00:00,0.0027969233301137924,50.04959558901263,,
180109,69,H4,2026-06-10 09:00:00,0.0028314288065342482,50.855707776319136,,
180110,69,H4,2026-06-10 13:00:00,0.003002041034638945,50.94390550241827,,
180111,69,H4,2026-06-10 17:00:00,0.002997609532164746,44.69547399739278,,
180112,69,H4,2026-06-10 21:00:00,0.0029906374227244,45.68727955623948,,
180113,69,H4,2026-06-11 01:00:00,0.0029334490353869528,49.822056800428086,,
180114,69,H4,2026-06-11 05:00:00,0.002942488390002175,44.11440966258049,,
180115,69,H4,2026-06-11 09:00:00,0.0029401677907163193,43.582048441947755,,
180116,69,H4,2026-06-11 13:00:00,0.0030015843770937268,36.87318029865382,,
180117,69,H4,2026-06-11 17:00:00,0.0035507569215870384,57.58895539104607,,
180118,69,H4,2026-06-11 21:00:00,0.0034535599986165455,55.84270187016657,,
180119,69,H4,2026-06-12 01:00:00,0.0033361628558582273,56.40820198516465,,
180120,69,H4,2026-06-12 05:00:00,0.0033535797947254905,56.79856500101828,,
180121,69,H4,2026-06-12 09:00:00,0.003372609809387952,51.611663381221916,,
180122,69,H4,2026-06-12 13:00:00,0.0033717091087173863,56.39785685661625,,
180123,69,H4,2026-06-12 17:00:00,0.003270158458094724,54.02810383837468,,
180124,69,H4,2026-06-14 21:00:00,0.0034251471396593946,61.237055826906776,1.3461,
180125,69,H4,2026-06-15 01:00:00,0.0033119223439694425,62.3257779899654,,
180126,69,H4,2026-06-15 05:00:00,0.0033739278908287733,55.13403912281644,,
180127,69,H4,2026-06-15 09:00:00,0.0032550758986267096,56.542796096417604,,
180128,69,H4,2026-06-15 13:00:00,0.0031682847630105193,56.38391297805738,,
180129,69,H4,2026-06-15 17:00:00,0.003120550137081193,51.83501319720725,,
180130,69,H4,2026-06-15 21:00:00,0.0030026536987182565,52.21676589522388,,
180131,69,H4,2026-06-16 01:00:00,0.002981035577381233,48.039417412048614,,
180132,69,H4,2026-06-16 05:00:00,0.003007390178996857,54.50755662875117,,
180133,69,H4,2026-06-16 09:00:00,0.0029632908804970736,52.367555963693604,,
180134,69,H4,2026-06-16 13:00:00,0.0030394843890330114,55.42442359539805,,
180135,69,H4,2026-06-16 17:00:00,0.0029016640755306494,54.76982361468019,,
180136,69,H4,2026-06-16 21:00:00,0.002768688070135598,55.652702858591645,,
180137,69,H4,2026-06-17 01:00:00,0.0026344960651259164,55.756043025996824,,
180138,69,H4,2026-06-17 05:00:00,0.002683460631902636,51.2838350493384,,
180139,69,H4,2026-06-17 09:00:00,0.002636070586766727,50.685373595366535,,
180140,69,H4,2026-06-17 13:00:00,0.0026892084019976867,45.10626008558213,,
180141,69,H4,2026-06-17 17:00:00,0.0035099792304264135,27.36221810365376,,
180142,69,H4,2026-06-17 21:00:00,0.003496409285395955,30.882812206326406,,
180143,69,H4,2026-06-18 01:00:00,0.0033452371935819535,33.179631565350036,,
180144,69,H4,2026-06-18 05:00:00,0.0037034345368975228,25.40207917863492,,
180145,69,H4,2026-06-18 09:00:00,0.0037603320699762673,24.346696789109217,,
180146,69,H4,2026-06-18 13:00:00,0.0037945940649779636,23.29562145077422,,
180147,69,H4,2026-06-18 17:00:00,0.0037914087746223893,21.903869231524908,,
180148,69,H4,2026-06-18 21:00:00,0.003670593862149361,23.14013524465244,,
180149,69,H4,2026-06-19 01:00:00,0.0037126943005672585,19.88994120958563,,
180150,69,H4,2026-06-19 05:00:00,0.003943930421955312,35.484099440649345,,
180151,69,H4,2026-06-19 09:00:00,0.0037893639632442266,36.039219636304075,,
180152,69,H4,2026-06-19 13:00:00,0.003682980823012494,35.22324929707183,,
180153,69,H4,2026-06-19 17:00:00,0.0035484821927973175,36.60258464699872,,
180154,69,H4,2026-06-21 21:00:00,0.0035943048933117887,34.90511662377476,,
180155,69,H4,2026-06-22 01:00:00,0.003551140258075236,32.93905173572678,,
180156,69,H4,2026-06-22 05:00:00,0.0035632016682127154,32.70959532545609,,
180157,69,H4,2026-06-22 09:00:00,0.0037929729776260933,45.967005492809996,,
180158,69,H4,2026-06-22 13:00:00,0.0037341891935099383,43.19761320851986,,
180159,69,H4,2026-06-22 17:00:00,0.003550318536830645,44.44209212604375,,
180160,69,H4,2026-06-22 21:00:00,0.003423152927057031,43.48681579502497,,
180161,69,H4,2026-06-23 01:00:00,0.0032886420036958215,42.04493576834826,,
180162,69,H4,2026-06-23 05:00:00,0.003318739003431842,39.14461316535585,,
180163,69,H4,2026-06-23 09:00:00,0.003258114788900994,37.69390906390379,,
180164,69,H4,2026-06-23 13:00:00,0.0032889637325509207,33.77529716556609,,
180165,69,H4,2026-06-23 17:00:00,0.0032040377516544256,38.280513572523866,,
180166,69,H4,2026-06-23 21:00:00,0.0030608921979648302,37.60444324973712,,
180167,69,H4,2026-06-24 01:00:00,0.0029672570409673524,36.57828541659313,,
180168,69,H4,2026-06-24 05:00:00,0.0030267386808982577,36.54188313597048,,
180169,69,H4,2026-06-24 09:00:00,0.0031969716322626618,29.763414139172866,,
180170,69,H4,2026-06-24 13:00:00,0.0032471879442439013,35.82642994875097,,1.31402
180171,69,H4,2026-06-24 17:00:00,0.003146674519655056,35.41691974277944,,
180172,69,H4,2026-06-24 21:00:00,0.0030254834825368345,34.54932752891828,,
180173,69,H4,2026-06-25 01:00:00,0.0029750918052127663,40.518361104851806,,
180174,69,H4,2026-06-25 05:00:00,0.00297187096198329,42.91696222087779,,
180175,69,H4,2026-06-25 09:00:00,0.0030903087504130485,39.929441222899854,,
180176,69,H4,2026-06-25 13:00:00,0.0031945724110978347,47.951505556564236,,
180177,69,H4,2026-06-25 17:00:00,0.0030842458103051275,44.7143021115708,,
180178,69,H4,2026-06-25 21:00:00,0.00299251396671189,45.27880424557756,,
180179,69,H4,2026-06-26 01:00:00,0.002933048683375322,47.55796927924673,,
180180,69,H4,2026-06-26 05:00:00,0.0029478309202770952,51.490271500064516,,
180181,69,H4,2026-06-26 09:00:00,0.002944414425971597,49.95729813178676,,
180182,69,H4,2026-06-26 13:00:00,0.0029819562526879175,48.64392212580504,,
180183,69,H4,2026-06-26 17:00:00,0.0028961022346387726,46.32153074931664,,
180184,69,H4,2026-06-28 21:00:00,0.0027992377893074384,46.86789033255676,,
180185,69,H4,2026-06-29 01:00:00,0.002700720804356905,46.90212698775593,,
180186,69,H4,2026-06-29 05:00:00,0.002717812175474281,49.694810544765474,,
180187,69,H4,2026-06-29 09:00:00,0.002765111305797558,57.6168416524393,,
180188,69,H4,2026-06-29 13:00:00,0.002789031926812025,62.654841118812996,,
180189,69,H4,2026-06-29 17:00:00,0.0026741010748968777,63.71648955656481,,
180190,69,H4,2026-06-29 21:00:00,0.0026445224266899684,58.49342993357106,,
180191,69,H4,2026-06-30 01:00:00,0.0025949136819264076,52.95086328904581,,
180192,69,H4,2026-06-30 05:00:00,0.002592419847503085,53.409112156290014,,
180193,69,H4,2026-06-30 09:00:00,0.0026058184298242935,48.68548453258735,,
180194,69,H4,2026-06-30 13:00:00,0.0028711171134082644,58.206714214409146,,
180195,69,H4,2026-06-30 17:00:00,0.0027803230338790904,60.43973819852516,,
180196,69,H4,2026-06-30 21:00:00,0.0027302999600305896,55.52000270505154,,
180197,69,H4,2026-07-01 01:00:00,0.0026352785343141233,54.314241061607575,,
180198,69,H4,2026-07-01 05:00:00,0.00261847292472027,55.67005298964097,,
180199,69,H4,2026-07-01 09:00:00,0.002598582001525966,52.44901025571422,,
180200,69,H4,2026-07-01 13:00:00,0.0029365404299883852,62.91752637864363,,
180201,69,H4,2026-07-01 17:00:00,0.0028482161135606463,61.09072804648039,,
180202,69,H4,2026-07-01 21:00:00,0.002754772105449163,61.562887896403595,,
180203,69,H4,2026-07-02 01:00:00,0.0026872883836313558,63.98064322198991,,
180204,69,H4,2026-07-02 05:00:00,0.0030431963562291046,74.42241994870108,,
180205,69,H4,2026-07-02 09:00:00,0.003440825187927026,75.26164522214727,,
180206,69,H4,2026-07-02 13:00:00,0.0034500519602179425,71.27945243080264,,
180207,69,H4,2026-07-02 17:00:00,0.0033171911059166593,69.22295870642368,,
180208,69,H4,2026-07-02 21:00:00,0.0032052488840654636,69.34786049646705,,
180209,69,H4,2026-07-03 01:00:00,0.003119159678060788,72.0226022519744,,
180210,69,H4,2026-07-03 05:00:00,0.0030685054153421617,70.17608688397155,,
180211,69,H4,2026-07-03 09:00:00,0.0029557550285320066,68.4406868791753,,
180212,69,H4,2026-07-03 13:00:00,0.0028374868122082813,68.07808300185495,,
180213,69,H4,2026-07-03 17:00:00,0.002719809182764834,67.47917781250203,,
180214,69,H4,2026-07-05 21:00:00,0.0026012513839959216,67.2970135461698,,
180215,69,H4,2026-07-06 01:00:00,0.0025240191422819247,62.69475826597134,,
180216,69,H4,2026-07-06 05:00:00,0.002498732060690359,60.27732292005298,,
180217,69,H4,2026-07-06 09:00:00,0.002465965484926765,61.66652386574731,,
180218,69,H4,2026-07-06 13:00:00,0.002544825093146287,69.60759821171419,,
180219,69,H4,2026-07-06 17:00:00,0.0025230518722072675,72.21374877372108,,
180220,69,H4,2026-07-06 21:00:00,0.002458548167049602,71.55298395266541,,
180221,69,H4,2026-07-07 01:00:00,0.0023815090122603403,71.6924549534564,,
180222,69,H4,2026-07-07 05:00:00,0.0023449726542417474,72.23692594017965,,
180223,69,H4,2026-07-07 09:00:00,0.002354617464653038,68.88909010072507,,
180224,69,H4,2026-07-07 13:00:00,0.002372144788606404,61.67316494435921,,
180225,69,H4,2026-07-07 17:00:00,0.002397705875134527,56.25887975118048,,
180226,69,H4,2026-07-07 21:00:00,0.002345012598339203,53.679757210274296,,
180227,69,H4,2026-07-08 01:00:00,0.002298225984172115,53.97296592101924,,
180228,69,H4,2026-07-08 05:00:00,0.0023683526995883887,48.293956248926996,,
180229,69,H4,2026-07-08 09:00:00,0.0024477560781892287,48.8400601746892,,1.33222
180230,69,H4,2026-07-08 13:00:00,0.002597202072604283,62.99050085321718,,
180231,69,H4,2026-07-08 17:00:00,0.0025945447817039857,63.97277780931728,,
180232,69,H4,2026-07-08 21:00:00,0.0025406487258679755,66.12699353395854,,
180233,69,H4,2026-07-09 01:00:00,0.0024613166740202657,66.44262797456611,,
180234,69,H4,2026-07-09 05:00:00,0.0025162226258759655,69.63081650744483,,
180235,69,H4,2026-07-09 09:00:00,0.002587206724027691,57.479550901136555,,
180236,69,H4,2026-07-09 13:00:00,0.0025988348151685724,63.633094218309516,,
180237,69,H4,2026-07-09 17:00:00,0.0025160608997993805,63.24350448040655,,
180238,69,H4,2026-07-09 21:00:00,0.0025106279783851386,66.3090093989901,,
180239,69,H4,2026-07-10 01:00:00,0.002561297408500486,67.93671598694709,1.34519,
180240,69,H4,2026-07-10 05:00:00,0.0025747761650361683,59.79942911702876,,
180241,69,H4,2026-07-10 09:00:00,0.0025937207246764546,62.45809591271988,,
180242,69,H4,2026-07-10 13:00:00,0.00263059781577099,58.723769493555594,,
180243,69,H4,2026-07-10 17:00:00,0.0025862694003587652,55.43966729944931,,
180244,69,H4,2026-07-12 21:00:00,0.0026343930146188565,47.37602013639228,,
180245,69,H4,2026-07-13 01:00:00,0.0025747935135746387,49.76680306454142,,
180246,69,H4,2026-07-13 05:00:00,0.0026587368340336036,52.83393854375463,,
180247,69,H4,2026-07-13 09:00:00,0.00261596991731693,54.210343256512715,,
180248,69,H4,2026-07-13 13:00:00,0.0027512577803657213,43.87009318309337,,
180249,69,H4,2026-07-13 17:00:00,0.002726167938911024,40.05340259020689,,
180250,69,H4,2026-07-13 21:00:00,0.002648584514703084,41.72091662697048,,
180251,69,H4,2026-07-14 01:00:00,0.0025565427636528655,44.27403903514129,,
180252,69,H4,2026-07-14 05:00:00,0.0025532182805348045,49.022453865692164,,
180253,69,H4,2026-07-14 09:00:00,0.0029251312604966035,57.736113286404056,,
180254,69,H4,2026-07-14 13:00:00,0.0030554790276039914,52.08336740430386,,
180255,69,H4,2026-07-14 17:00:00,0.0030086590970608623,52.67046448101587,,
180256,69,H4,2026-07-14 21:00:00,0.0029666120186993784,55.576851010230236,,
180257,69,H4,2026-07-15 01:00:00,0.002832568303077997,55.36149119442108,,
180258,69,H4,2026-07-15 05:00:00,0.0028366705671438426,53.449642862010656,,
180259,69,H4,2026-07-15 09:00:00,0.002988336955205002,61.07403992615663,,
180260,69,H4,2026-07-15 13:00:00,0.0035355986012617913,74.80179478276284,,
180261,69,H4,2026-07-15 17:00:00,0.003514484415457387,76.05059939741517,1.35582,
180262,69,H4,2026-07-15 21:00:00,0.0033863069572104268,74.44934833167369,,
180263,69,H4,2026-07-16 01:00:00,0.0032744278888382486,74.07609213773733,,
180264,69,H4,2026-07-16 05:00:00,0.0032083973253497914,70.34149988650644,,
180265,69,H4,2026-07-16 09:00:00,0.0031749403735390896,63.556981091886406,,
180266,69,H4,2026-07-16 13:00:00,0.00331958748971486,55.6795132885865,,
180267,69,H4,2026-07-16 17:00:00,0.0032296169547352234,58.036948058858535,,
180268,69,H4,2026-07-16 21:00:00,0.0030832157436827047,57.51673443530568,,
180269,69,H4,2026-07-17 01:00:00,0.0030251289048482256,53.07640274872998,,
180270,69,H4,2026-07-17 05:00:00,0.003086191125930503,49.50345177778014,,
180271,69,H4,2026-07-17 09:00:00,0.0030128917597926222,47.001806592865314,,
180272,69,H4,2026-07-17 13:00:00,0.0029955423483788595,52.44555300646224,,
180273,69,H4,2026-07-17 17:00:00,0.0028472893234946575,51.557362822591216,,
180274,69,H4,2026-07-19 21:00:00,0.002738911514673614,51.23767129833409,,
180275,69,H4,2026-07-20 01:00:00,0.002681846406482645,54.83373698302384,,
180276,69,H4,2026-07-20 05:00:00,0.0026602859488767294,55.56235049500494,,
180277,69,H4,2026-07-20 09:00:00,0.002687408381099815,51.45586770038966,,
180278,69,H4,2026-07-20 13:00:00,0.00282545063959269,43.356830902926525,,
180279,69,H4,2026-07-20 17:00:00,0.002771489879621785,46.085236809600644,,
180280,69,H4,2026-07-20 21:00:00,0.002664954888220225,46.274639556875854,,
180281,69,H4,2026-07-21 01:00:00,0.0025560295390616313,48.71384311125346,,
180282,69,H4,2026-07-21 05:00:00,0.002577027429128659,45.90807067578155,,
180283,69,H4,2026-07-21 09:00:00,0.0027629540413337517,37.40737722981846,,
180284,69,H4,2026-07-21 13:00:00,0.0028498858955242046,36.27651156683259,,
180285,69,H4,2026-07-21 17:00:00,0.0027434654744153348,34.92297381301324,,
180286,69,H4,2026-07-21 21:00:00,0.002656075083385666,38.263622402229686,,
180287,69,H4,2026-07-22 01:00:00,0.0025406411488581135,37.99327853121125,,
180288,69,H4,2026-07-22 05:00:00,0.0025448810667968147,35.87268683243728,,
180289,69,H4,2026-07-22 09:00:00,0.002508818133454172,33.004912115668716,,
180290,69,H4,2026-07-22 13:00:00,0.0025560454096360255,38.08016345469474,,
180291,69,H4,2026-07-22 17:00:00,0.002434185023233453,38.97558615800835,,
180292,69,H4,2026-07-22 21:00:00,0.0023631718072881984,41.03262639546619,,
180293,69,H4,2026-07-23 01:00:00,0.0022908023924818957,43.16934097128215,,
180294,69,H4,2026-07-23 05:00:00,0.0023421736501617572,38.41383328627709,,
180295,69,H4,2026-07-23 09:00:00,0.0024791612465787857,32.86257744245481,,
180296,69,H4,2026-07-23 13:00:00,0.002629221157537446,29.593018317231255,,
180297,69,H4,2026-07-23 17:00:00,0.0025364196462847747,28.07290978864407,,
180298,69,H4,2026-07-23 21:00:00,0.0024745325286930097,32.145944788673404,,
180299,69,H4,2026-07-24 01:00:00,0.002442780205214936,29.646716779612362,,
180300,69,H4,2026-07-24 05:00:00,0.0025254387619853013,33.886642278439766,,
180301,69,H4,2026-07-24 09:00:00,0.0025086217075577888,31.749701655460854,,
180302,69,H4,2026-07-24 13:00:00,0.002637291585589378,39.94329817190814,,
180303,69,H4,2026-07-24 17:00:00,0.0025631993294758545,38.041564037551595,,
180304,69,H4,2026-07-26 21:00:00,0.002660827948799007,46.60147887016172,,
180305,69,H4,2026-07-27 01:00:00,0.0025686259524562273,46.57600194665918,,
180306,69,H4,2026-07-27 05:00:00,0.0026022955272807778,43.21735695174217,,
180307,69,H4,2026-07-27 09:00:00,0.0026785601324749967,37.87021557583583,,
180308,69,H4,2026-07-27 13:00:00,0.0026436629801553477,35.76543749479707,,
180309,69,H4,2026-07-27 17:00:00,0.0025898299101442634,32.972682169736316,,
180310,69,H4,2026-07-27 21:00:00,0.002530556345133958,34.72908335007325,,
180311,69,H4,2026-07-28 01:00:00,0.002454088034767248,35.14848308284765,,
180312,69,H4,2026-07-28 05:00:00,0.002418796032283871,38.51358968958822,,
180313,69,H4,2026-07-28 09:00:00,0.0024581677442635885,37.315195098984766,,
180314,69,H4,2026-07-28 13:00:00,0.0024647271911019076,38.751879351131024,,
180315,69,H4,2026-07-28 17:00:00,0.0024258181060231943,35.751622671315175,,
180316,69,H4,2026-07-28 21:00:00,0.0023596882413072563,37.11744816668272,,
180317,69,H4,2026-07-29 01:00:00,0.002331853366928168,39.48602560469982,,
180318,69,H4,2026-07-29 05:00:00,0.002268149555004735,43.05958283251522,,
180319,69,H4,2026-07-29 09:00:00,0.0022997103010758244,36.78346346160643,,
180320,69,H4,2026-07-29 13:00:00,0.0023104452795704128,38.918898289378475,,
180321,69,H4,2026-07-29 17:00:00,0.002856842045315381,61.336737780175675,,
180322,69,H4,2026-07-29 21:00:00,0.0028149247563642814,57.907920262165646,,
180323,69,H4,2026-07-30 01:00:00,0.002738858702338271,54.83261671146167,,
180324,69,H4,2026-07-30 05:00:00,0.0027517973664569683,57.40292840247751,,
180325,69,H4,2026-07-30 09:00:00,0.002921668983138619,60.65298685711271,,
180326,69,H4,2026-07-30 13:00:00,0.0034522640557715645,73.68305651721496,,
180327,69,H4,2026-07-30 17:00:00,0.0033642451946450163,73.57068982571988,,
180328,69,H4,2026-07-30 21:00:00,0.003253227680741807,71.83066066963083,,
180329,69,H4,2026-07-31 01:00:00,0.0031694257035459693,68.0971530206698,,
180330,69,H4,2026-07-31 05:00:00,0.0031516095818641164,69.87625911965287,,
180331,69,H4,2026-07-31 09:00:00,0.0033079231831595296,59.616241440101,,
180332,69,H4,2026-07-31 13:00:00,0.0035895000986481333,65.8108383265203,,
180333,78,H4,2026-06-03 09:00:00,0.001920649528477821,61.75728148833066,,
180334,78,H4,2026-06-03 13:00:00,0.0020348888478722757,69.22035928655097,,
180335,78,H4,2026-06-03 17:00:00,0.001962396787309972,69.97935999929524,,
180336,78,H4,2026-06-03 21:00:00,0.0018965113025021117,67.94933650652916,,
180337,78,H4,2026-06-04 01:00:00,0.0018424747808948123,70.4613928113817,,
180338,78,H4,2026-06-04 05:00:00,0.001880155153688039,73.41515052368678,,
180339,78,H4,2026-06-04 09:00:00,0.0019515726427103213,60.44676249360383,,
180340,78,H4,2026-06-04 13:00:00,0.0019843174539453,62.074955754376134,,
180341,78,H4,2026-06-04 17:00:00,0.0019568662072349248,65.71721990096228,,
180342,78,H4,2026-06-04 21:00:00,0.0018963757638609975,63.863962703632936,,
180343,78,H4,2026-06-05 01:00:00,0.0018466346378709169,62.40607290244365,,
180344,78,H4,2026-06-05 05:00:00,0.001901875020880126,55.57480285702675,,
180345,78,H4,2026-06-05 09:00:00,0.0019731696622458245,57.57530052236291,,
180346,78,H4,2026-06-05 13:00:00,0.0022343718292282514,68.28879490790735,,
180347,78,H4,2026-06-05 17:00:00,0.00218691669856908,69.01453528840318,,
180348,78,H4,2026-06-07 21:00:00,0.0021407083629570098,68.35933125033131,,
180349,78,H4,2026-06-08 01:00:00,0.0020878006227457997,69.43089164556413,,
180350,78,H4,2026-06-08 05:00:00,0.0020543862925496677,71.0997869121083,,
180351,78,H4,2026-06-08 09:00:00,0.002103358700224689,61.65577824684634,,
180352,78,H4,2026-06-08 13:00:00,0.002147404507351501,66.99666550303711,,
180353,78,H4,2026-06-08 17:00:00,0.0021033041853978245,66.99666550303711,,
180354,78,H4,2026-06-08 21:00:00,0.002061639600726565,66.5169681994963,,
180355,78,H4,2026-06-09 01:00:00,0.0020122367721032456,62.470702053813234,,
180356,78,H4,2026-06-09 05:00:00,0.001989934145524445,59.50087784153788,,
180357,78,H4,2026-06-09 09:00:00,0.0019885102779869865,52.60022026823377,,
180358,78,H4,2026-06-09 13:00:00,0.0021964738295593535,63.518866861519015,,
180359,78,H4,2026-06-09 17:00:00,0.0021595828417336786,59.28981366833552,,
180360,78,H4,2026-06-09 21:00:00,0.002086755495895569,58.99036820374205,,
180361,78,H4,2026-06-10 01:00:00,0.002004130103331591,58.71095332854271,,
180362,78,H4,2026-06-10 05:00:00,0.0020024065245221982,52.68355635545128,,
180363,78,H4,2026-06-10 09:00:00,0.0019572346299134764,54.01134888992657,,
180364,78,H4,2026-06-10 13:00:00,0.0020988607277768034,52.05454290772984,,
180365,78,H4,2026-06-10 17:00:00,0.002126799247221309,56.23931117298147,,
180366,78,H4,2026-06-10 21:00:00,0.002047742158134074,54.87753064044557,,
180367,78,H4,2026-06-11 01:00:00,0.0019686177182673503,53.93981744961219,,
180368,78,H4,2026-06-11 05:00:00,0.0021237164526768273,65.09328309082707,,
180369,78,H4,2026-06-11 09:00:00,0.0020898795631999058,67.11379655114416,,
180370,78,H4,2026-06-11 13:00:00,0.0022227453086856195,71.22010313689749,1.40241,
180371,78,H4,2026-06-11 17:00:00,0.0025096920723509343,56.357681470541614,,
180372,78,H4,2026-06-11 21:00:00,0.0024739997814687297,58.96023694073751,,
180373,78,H4,2026-06-12 01:00:00,0.002365856939935254,57.916185396636244,,
180374,78,H4,2026-06-12 05:00:00,0.00236543858708273,60.260699440111736,,
180375,78,H4,2026-06-12 09:00:00,0.002330764402291114,60.00614481382594,,
180376,78,H4,2026-06-12 13:00:00,0.0023699955164131767,56.13888693934681,,
180377,78,H4,2026-06-12 17:00:00,0.00235785297952652,60.48550916823812,,
180378,78,H4,2026-06-14 21:00:00,0.0024508634809889108,54.09391741600813,,
180379,78,H4,2026-06-15 01:00:00,0.0023893732323468603,51.09294766567691,,
180380,78,H4,2026-06-15 05:00:00,0.002436560858607798,54.857529607736154,,
180381,78,H4,2026-06-15 09:00:00,0.002386092225850099,54.453297707406776,,
180382,78,H4,2026-06-15 13:00:00,0.0023735142097179524,56.79609456904372,,
180383,78,H4,2026-06-15 17:00:00,0.0023018346233095338,59.32407545884923,,
180384,78,H4,2026-06-15 21:00:00,0.002206703578787418,59.54574287211908,,
180385,78,H4,2026-06-16 01:00:00,0.0022440818945883255,64.72176330558291,,
180386,78,H4,2026-06-16 05:00:00,0.002203076044974878,61.18111251279616,,
180387,78,H4,2026-06-16 09:00:00,0.002212856327476673,63.62991469951865,,
180388,78,H4,2026-06-16 13:00:00,0.0023105094469426193,53.48612967060638,,
180389,78,H4,2026-06-16 17:00:00,0.002279758772160995,56.04828694210029,,
180390,78,H4,2026-06-16 21:00:00,0.0021776331455780683,55.29137856733265,,
180391,78,H4,2026-06-17 01:00:00,0.0020878022066081925,56.613447720981895,,
180392,78,H4,2026-06-17 05:00:00,0.0020243877632790267,57.26300606569696,,
180393,78,H4,2026-06-17 09:00:00,0.0020340743516162507,61.00534808428206,,
180394,78,H4,2026-06-17 13:00:00,0.002118783326500804,65.93904259503978,,
180395,78,H4,2026-06-17 17:00:00,0.0026474416603221892,77.16779925726604,,
180396,78,H4,2026-06-17 21:00:00,0.0025361958274420196,75.99975389712772,,
180397,78,H4,2026-06-18 01:00:00,0.002457896125481867,76.5227731494562,,
180398,78,H4,2026-06-18 05:00:00,0.0024551892593760254,78.92355769875076,,
180399,78,H4,2026-06-18 09:00:00,0.0024483900265634463,77.17256320706338,,
180400,78,H4,2026-06-18 13:00:00,0.0025227907389517713,79.5340038362695,,
180401,78,H4,2026-06-18 17:00:00,0.002455448543312353,79.5340038362695,,
180402,78,H4,2026-06-18 21:00:00,0.002361487933075766,79.73051478857849,,
180403,78,H4,2026-06-19 01:00:00,0.002335667366427497,81.92645164191293,,
180404,78,H4,2026-06-19 05:00:00,0.002347405411682672,71.77123425850073,,
180405,78,H4,2026-06-19 09:00:00,0.0023383050251339016,74.53000438198296,,
180406,78,H4,2026-06-19 13:00:00,0.0023884260947671892,77.53357844415339,,
180407,78,H4,2026-06-19 17:00:00,0.0024092528022838034,68.89571219705064,,
180408,78,H4,2026-06-21 21:00:00,0.002415734744977814,71.62507352547573,,
180409,78,H4,2026-06-22 01:00:00,0.0024088965489079774,73.80747073260437,,
180410,78,H4,2026-06-22 05:00:00,0.0023911182239859745,70.66669213692929,,
180411,78,H4,2026-06-22 09:00:00,0.0024696097794155475,62.93232488656949,,
180412,78,H4,2026-06-22 13:00:00,0.0025103519380287333,64.40774697180399,,
180413,78,H4,2026-06-22 17:00:00,0.00243461251388382,62.75485292572935,,
180414,78,H4,2026-06-22 21:00:00,0.002361425905749255,62.72086431217011,,
180415,78,H4,2026-06-23 01:00:00,0.002316324055338594,65.72004301896976,,
180416,78,H4,2026-06-23 05:00:00,0.002281586622814409,67.14339994327835,,
180417,78,H4,2026-06-23 09:00:00,0.0022200447211848224,68.16822923193386,,
180418,78,H4,2026-06-23 13:00:00,0.0023407558125287694,71.81494602226066,,
180419,78,H4,2026-06-23 17:00:00,0.0022542732544909897,72.2105438297861,,
180420,78,H4,2026-06-23 21:00:00,0.0021596823077416403,72.31516069540277,,
180421,78,H4,2026-06-24 01:00:00,0.0021339907143315246,73.06145993885485,,
180422,78,H4,2026-06-24 05:00:00,0.0021758485204506897,75.44354897172725,,
180423,78,H4,2026-06-24 09:00:00,0.0021890021975613646,77.21721892932057,,
180424,78,H4,2026-06-24 13:00:00,0.002267644897735554,67.38885476352411,,
180425,78,H4,2026-06-24 17:00:00,0.002274241690754437,70.19071533041917,,
180426,78,H4,2026-06-24 21:00:00,0.002221081569986265,70.82802055046122,,
180427,78,H4,2026-06-25 01:00:00,0.0021331471721300907,67.8858949477052,,
180428,78,H4,2026-06-25 05:00:00,0.0021279223741208107,66.94996963305678,,
180429,78,H4,2026-06-25 09:00:00,0.0021702136331121853,68.80274474150782,1.42486,
180430,78,H4,2026-06-25 13:00:00,0.002451626945032748,51.073234600858974,,
180431,78,H4,2026-06-25 17:00:00,0.0023807964489589817,54.06602051930582,,
180432,78,H4,2026-06-25 21:00:00,0.002305739559747629,52.9675736118716,,
180433,78,H4,2026-06-26 01:00:00,0.002278186734051364,50.9353503458552,,
180434,78,H4,2026-06-26 05:00:00,0.0022568876816191305,49.229339883781,,
180435,78,H4,2026-06-26 09:00:00,0.002213538561503473,46.45792230825482,,
180436,78,H4,2026-06-26 13:00:00,0.0022782858071103687,51.48544011231246,,
180437,78,H4,2026-06-26 17:00:00,0.002245551106602496,52.562309964871034,,
180438,78,H4,2026-06-28 21:00:00,0.0021708688847023243,51.22645691572755,,
180439,78,H4,2026-06-29 01:00:00,0.0021250925357950176,51.37433097904974,,
180440,78,H4,2026-06-29 05:00:00,0.0021447287832382276,53.13406687648921,,
180441,78,H4,2026-06-29 09:00:00,0.0021451052987212183,55.9341575572434,,
180442,78,H4,2026-06-29 13:00:00,0.0021490263488125583,54.85183369313286,,
180443,78,H4,2026-06-29 17:00:00,0.002123381609611658,58.464498526001506,,
180444,78,H4,2026-06-29 21:00:00,0.0021352829232108342,60.180198458922895,,
180445,78,H4,2026-06-30 01:00:00,0.0021456198572672074,66.45919414029186,,
180446,78,H4,2026-06-30 05:00:00,0.0021059327246052625,64.40185274169642,,
180447,78,H4,2026-06-30 09:00:00,0.002125508958562017,61.59202183440998,,
180448,78,H4,2026-06-30 13:00:00,0.0022922583186647237,52.16503938031097,,
180449,78,H4,2026-06-30 17:00:00,0.0023728112959029565,47.57739787391257,,
180450,78,H4,2026-06-30 21:00:00,0.00235332477476703,53.95151722684477,,
180451,78,H4,2026-07-01 01:00:00,0.002258087290855085,54.336158004141865,,
180452,78,H4,2026-07-01 05:00:00,0.002211081055793995,57.00813012993407,,
180453,78,H4,2026-07-01 09:00:00,0.0022045752660944168,60.26942877040799,,
180454,78,H4,2026-07-01 13:00:00,0.0023578198899448055,50.7257271660948,,
180455,78,H4,2026-07-01 17:00:00,0.002276547040663033,53.07714003436753,,
180456,78,H4,2026-07-01 21:00:00,0.0022167936806156813,54.063720242433085,,
180457,78,H4,2026-07-02 01:00:00,0.002148451274857421,52.24693396337312,,
180458,78,H4,2026-07-02 05:00:00,0.0022264190409390277,43.467104255998,,
180459,78,H4,2026-07-02 09:00:00,0.0025602462523005346,39.07671487742564,,1.41502
180460,78,H4,2026-07-02 13:00:00,0.002581657234279058,40.8472301895093,,
180461,78,H4,2026-07-02 17:00:00,0.00248225314611627,41.736722317135346,,
180462,78,H4,2026-07-02 21:00:00,0.0024363779213936836,43.60877095568195,,
180463,78,H4,2026-07-03 01:00:00,0.00243520806986557,37.310961972522264,,
180464,78,H4,2026-07-03 05:00:00,0.0024212646363037447,43.74187868200663,,
180465,78,H4,2026-07-03 09:00:00,0.0024297457337106193,51.7237518045235,,
180466,78,H4,2026-07-03 13:00:00,0.002361906752731284,51.687853817424816,,
180467,78,H4,2026-07-03 17:00:00,0.002291770556107632,50.96411338486356,,
180468,78,H4,2026-07-05 21:00:00,0.0022459298020999544,52.94345748999418,,
180469,78,H4,2026-07-06 01:00:00,0.0021576491019499543,53.74023812647454,,
180470,78,H4,2026-07-06 05:00:00,0.002167817023239241,60.701531529133426,,
180471,78,H4,2026-07-06 09:00:00,0.002199401521579295,62.799725135293635,1.42389,
180472,78,H4,2026-07-06 13:00:00,0.002229444270037922,54.5018754293024,,
180473,78,H4,2026-07-06 17:00:00,0.0021730553936066496,50.41859530175818,,
180474,78,H4,2026-07-06 21:00:00,0.0021114085797776135,53.17277132315681,,
180475,78,H4,2026-07-07 01:00:00,0.002033450824079214,54.70139455442199,,
180476,78,H4,2026-07-07 05:00:00,0.001980347193787843,52.84367688822637,,
180477,78,H4,2026-07-07 09:00:00,0.001979608108517285,55.083778825879804,,
180478,78,H4,2026-07-07 13:00:00,0.002112493243623182,44.71391834465077,,
180479,78,H4,2026-07-07 17:00:00,0.002124458011935816,47.825040573188296,,
180480,78,H4,2026-07-07 21:00:00,0.0020641395825118257,48.372566302897994,,
180481,78,H4,2026-07-08 01:00:00,0.0020367010409038312,45.164254434634195,,
180482,78,H4,2026-07-08 05:00:00,0.0021369366808392637,36.558870875966356,,
180483,78,H4,2026-07-08 09:00:00,0.002238584060779317,45.504496642380836,,
180484,78,H4,2026-07-08 13:00:00,0.002306542342152225,41.88560757082079,,
180485,78,H4,2026-07-08 17:00:00,0.002251789317712787,41.831324635807434,,
180486,78,H4,2026-07-08 21:00:00,0.002202375795019017,39.10260520877981,,
180487,78,H4,2026-07-09 01:00:00,0.0020943489525176483,39.23067526913929,,
180488,78,H4,2026-07-09 05:00:00,0.0022004668844806674,48.68345548164931,,
180489,78,H4,2026-07-09 09:00:00,0.0022232906784463396,45.063673143394446,,
180490,78,H4,2026-07-09 13:00:00,0.002230198487128735,41.6173230397936,,
180491,78,H4,2026-07-09 17:00:00,0.0021630414523338263,42.89989853664074,,
180492,78,H4,2026-07-09 21:00:00,0.0021085384914528433,41.01788428714754,,
180493,78,H4,2026-07-10 01:00:00,0.00215221431349193,39.38956141269636,,
180494,78,H4,2026-07-10 05:00:00,0.0021113418625282303,44.78504772778884,,
180495,78,H4,2026-07-10 09:00:00,0.0021798174437762234,37.93738559679149,,
180496,78,H4,2026-07-10 13:00:00,0.0023969733406493505,33.27650016646609,,
180497,78,H4,2026-07-10 17:00:00,0.0024921895306029692,45.05071555603821,,
180498,78,H4,2026-07-12 21:00:00,0.0024177474212741822,48.58248303963575,,
180499,78,H4,2026-07-13 01:00:00,0.0023986226054688747,44.61902473352372,,
180500,78,H4,2026-07-13 05:00:00,0.002460149562221101,40.38020549732101,,
180501,78,H4,2026-07-13 09:00:00,0.0024158531649195983,40.17914125422616,,
180502,78,H4,2026-07-13 13:00:00,0.0024140065102824762,44.875778312688446,,
180503,78,H4,2026-07-13 17:00:00,0.0023458631881194433,47.3059619195254,,
180504,78,H4,2026-07-13 21:00:00,0.002264730103253764,44.900909706636355,,
180505,78,H4,2026-07-14 01:00:00,0.0022472493815927906,40.83580491368784,,
180506,78,H4,2026-07-14 05:00:00,0.0024095887114790097,32.9296599359152,,
180507,78,H4,2026-07-14 09:00:00,0.0026789038035162287,29.935591248051765,,
180508,78,H4,2026-07-14 13:00:00,0.0026818392461222004,27.97873368216797,,
180509,78,H4,2026-07-14 17:00:00,0.002608850728542043,28.053768069273715,,
180510,78,H4,2026-07-14 21:00:00,0.002576789962217607,26.119597853138245,,
180511,78,H4,2026-07-15 01:00:00,0.0024691621077734855,27.022675020797493,,
180512,78,H4,2026-07-15 05:00:00,0.0024042219572182368,29.470369543145424,,
180513,78,H4,2026-07-15 09:00:00,0.0024089203888455033,29.179615665288665,,
180514,78,H4,2026-07-15 13:00:00,0.0023968546467851115,28.314698709318847,,
180515,78,H4,2026-07-15 17:00:00,0.0024006507434433063,26.860796537132217,,
180516,78,H4,2026-07-15 21:00:00,0.002304175690340213,26.448287414038163,,
180517,78,H4,2026-07-16 01:00:00,0.002256734569601632,30.719040092611323,,
180518,78,H4,2026-07-16 05:00:00,0.002176967814630097,29.5473718339382,,
180519,78,H4,2026-07-16 09:00:00,0.002218612970727938,26.719195170652768,,
180520,78,H4,2026-07-16 13:00:00,0.0023551406156759403,37.3258554194678,,
180521,78,H4,2026-07-16 17:00:00,0.002307630571699085,35.32366152999825,,
180522,78,H4,2026-07-16 21:00:00,0.002239942673720581,33.39455292131714,,
180523,78,H4,2026-07-17 01:00:00,0.0021642324827405367,34.690905357663155,,
180524,78,H4,2026-07-17 05:00:00,0.0021110730196876393,33.17157450408948,,
180525,78,H4,2026-07-17 09:00:00,0.002103853518281368,31.70170102394765,,
180526,78,H4,2026-07-17 13:00:00,0.0021057211241184105,28.054719404917307,,
180527,78,H4,2026-07-17 17:00:00,0.002063169615252803,34.47690727808782,,
180528,78,H4,2026-07-19 21:00:00,0.0019958003570204603,32.08353983613365,,
180529,78,H4,2026-07-20 01:00:00,0.001917528902947579,30.44123297968271,,
180530,78,H4,2026-07-20 05:00:00,0.00194556255273704,38.73916764118334,,1.40032
180531,78,H4,2026-07-20 09:00:00,0.0020465937989701108,47.62021071244098,,
180532,78,H4,2026-07-20 13:00:00,0.002091122813329385,51.58286308384116,,
180533,78,H4,2026-07-20 17:00:00,0.002076042612377278,55.595762701459385,,
180534,78,H4,2026-07-20 21:00:00,0.002048468140064629,56.76516446998583,,
180535,78,H4,2026-07-21 01:00:00,0.0019707204157743035,55.58286843369355,,
180536,78,H4,2026-07-21 05:00:00,0.0019706689575047123,53.50275392945461,,
180537,78,H4,2026-07-21 09:00:00,0.002025621174825802,56.56611175191952,,
180538,78,H4,2026-07-21 13:00:00,0.0020966482337668175,63.09737138008364,,
180539,78,H4,2026-07-21 17:00:00,0.0020590305027834628,65.85028504224994,,
180540,78,H4,2026-07-21 21:00:00,0.001984099752584641,63.896891643346365,,
180541,78,H4,2026-07-22 01:00:00,0.001908092627400026,63.9236938374637,,
180542,78,H4,2026-07-22 05:00:00,0.0019439431540143116,58.7133071093131,,
180543,78,H4,2026-07-22 09:00:00,0.0019779472144418513,57.53042695420196,,
180544,78,H4,2026-07-22 13:00:00,0.0019666652705531587,58.19327696264761,,
180545,78,H4,2026-07-22 17:00:00,0.0019276177512279314,55.21376163047748,,
180546,78,H4,2026-07-22 21:00:00,0.0018627879118545093,51.664534656145506,,
180547,78,H4,2026-07-23 01:00:00,0.0018640173467220516,45.52707073414879,,
180548,78,H4,2026-07-23 05:00:00,0.0018794446790990538,50.29612861864539,,
180549,78,H4,2026-07-23 09:00:00,0.001890198630591977,53.123157639990595,,
180550,78,H4,2026-07-23 13:00:00,0.001968755871263982,50.46729129619182,,
180551,78,H4,2026-07-23 17:00:00,0.0019295590233165529,53.619420957604184,,
180552,78,H4,2026-07-23 21:00:00,0.0019060190930796435,47.67846595383618,,
180553,78,H4,2026-07-24 01:00:00,0.001882732015002536,52.23772068859014,,
180554,78,H4,2026-07-24 05:00:00,0.0018796797282166452,51.040287764195746,,
180555,78,H4,2026-07-24 09:00:00,0.0019875597476297423,60.59429248792788,,
180556,78,H4,2026-07-24 13:00:00,0.0021363054799419046,52.07772888126195,,
180557,78,H4,2026-07-24 17:00:00,0.0021172836599460568,54.91576732792816,,
180558,78,H4,2026-07-26 21:00:00,0.0021146205413784713,50.33489249111979,,
180559,78,H4,2026-07-27 01:00:00,0.0020800047884228677,51.0959195692745,,
180560,78,H4,2026-07-27 05:00:00,0.002086433017821235,56.1009781376327,,
180561,78,H4,2026-07-27 09:00:00,0.0020202592308340072,59.041247240582955,,
180562,78,H4,2026-07-27 13:00:00,0.0020116692857744365,60.05974620098323,,
180563,78,H4,2026-07-27 17:00:00,0.001970121479647694,63.36712205835847,,
180564,78,H4,2026-07-27 21:00:00,0.0019158270882442825,60.356584835359996,1.41292,
180565,78,H4,2026-07-28 01:00:00,0.00186183943908398,60.812267139664826,,
180566,78,H4,2026-07-28 05:00:00,0.0018481366220065572,57.22328804638807,,
180567,78,H4,2026-07-28 09:00:00,0.0018132697204346622,57.961560569517374,,
180568,78,H4,2026-07-28 13:00:00,0.0018794647404036123,47.42585579707942,,
180569,78,H4,2026-07-28 17:00:00,0.0019130744018033597,54.458336718076666,,
180570,78,H4,2026-07-28 21:00:00,0.001839283373103119,51.85519845902983,,
180571,78,H4,2026-07-29 01:00:00,0.001834334560738614,48.08819330224472,,
180572,78,H4,2026-07-29 05:00:00,0.0018183106635429908,50.870198275469434,,
180573,78,H4,2026-07-29 09:00:00,0.001799859901861349,48.86634257569407,,
180574,78,H4,2026-07-29 13:00:00,0.0018391556231569565,49.73506639886571,,
180575,78,H4,2026-07-29 17:00:00,0.002241358792931466,35.630360252239555,,
180576,78,H4,2026-07-29 21:00:00,0.002199833164864932,34.82593742290628,,
180577,78,H4,2026-07-30 01:00:00,0.0021591307959460096,39.485156407715515,,
180578,78,H4,2026-07-30 05:00:00,0.0021420500248070036,40.52938112184813,,
180579,78,H4,2026-07-30 09:00:00,0.002144760737320794,39.84588182487611,,
180580,78,H4,2026-07-30 13:00:00,0.0024472778275121537,27.346664033104233,,
180581,78,H4,2026-07-30 17:00:00,0.0024167579826898508,33.17705092144979,,
180582,78,H4,2026-07-30 21:00:00,0.0023327038410691403,34.62571875620655,,
180583,78,H4,2026-07-31 01:00:00,0.00226679642384991,36.40734286269166,,
180584,78,H4,2026-07-31 05:00:00,0.002217025250717763,34.30952715904424,,
180585,78,H4,2026-07-31 09:00:00,0.0023900948756664926,43.736152066316144,,
180586,78,H4,2026-07-31 13:00:00,0.0025258023845474665,42.14410632173333,,
180587,88,H4,2026-06-03 09:00:00,0.0008654139431577805,38.1391548995065,,
180588,88,H4,2026-06-03 13:00:00,0.0008657415186465132,45.49781227272637,,
180589,88,H4,2026-06-03 17:00:00,0.0008439028387431911,47.729842002544004,,
180590,88,H4,2026-06-03 21:00:00,0.0008236240645472492,48.635970524706934,,
180591,88,H4,2026-06-04 01:00:00,0.000794793774222444,47.311095436000684,,
180592,88,H4,2026-06-04 05:00:00,0.0007873085046351243,51.1338701769998,,
180593,88,H4,2026-06-04 09:00:00,0.0007960721828754702,52.41202697808653,,
180594,88,H4,2026-06-04 13:00:00,0.000798495598384365,56.12009590678039,,
180595,88,H4,2026-06-04 17:00:00,0.0007850316270711961,53.40411892227707,,
180596,88,H4,2026-06-04 21:00:00,0.0007718150822803917,55.26916413658831,,
180597,88,H4,2026-06-05 01:00:00,0.0007538282906889327,53.39898631453543,,
180598,88,H4,2026-06-05 05:00:00,0.0007499834127825748,51.52151498283734,,
180599,88,H4,2026-06-05 09:00:00,0.0008006988832981064,45.202041197490736,,
180600,88,H4,2026-06-05 13:00:00,0.0008620775344910985,36.06996903688396,,
180601,88,H4,2026-06-05 17:00:00,0.0008669291391703047,39.50356484050163,,
180602,88,H4,2026-06-07 21:00:00,0.0008628627720867178,43.45546812289731,,
180603,88,H4,2026-06-08 01:00:00,0.0008390868597948117,49.020542027342806,,
180604,88,H4,2026-06-08 05:00:00,0.0008527235126666091,43.30824124642303,,
180605,88,H4,2026-06-08 09:00:00,0.0008925289760475673,50.61271161797576,,
180606,88,H4,2026-06-08 13:00:00,0.0008973483349013176,52.98494669785443,,
180607,88,H4,2026-06-08 17:00:00,0.0008811091681226562,50.90049613148457,,
180608,88,H4,2026-06-08 21:00:00,0.0008717442275424685,51.65509975997326,,
180609,88,H4,2026-06-09 01:00:00,0.0008494767827180068,46.29183866738275,,
180610,88,H4,2026-06-09 05:00:00,0.0008902284410952904,38.623884023365214,,
180611,88,H4,2026-06-09 09:00:00,0.0008737835524456263,40.57346346939364,,
180612,88,H4,2026-06-09 13:00:00,0.0008792275844137963,37.74873514350045,,
180613,88,H4,2026-06-09 17:00:00,0.0008621398998128091,35.75719948257729,,
180614,88,H4,2026-06-09 21:00:00,0.000860558478397613,34.9925324052805,,
180615,88,H4,2026-06-10 01:00:00,0.0008205185870834954,36.023890413297636,,
180616,88,H4,2026-06-10 05:00:00,0.0008019101165775318,40.116479975903424,,
180617,88,H4,2026-06-10 09:00:00,0.0008332022511077094,35.258468969502246,,
180618,88,H4,2026-06-10 13:00:00,0.0008451163760285874,40.521945414371885,,0.86198
180619,88,H4,2026-06-10 17:00:00,0.000829036634883693,41.06509987207475,,
180620,88,H4,2026-06-10 21:00:00,0.000832676875249143,45.36365868206419,,
180621,88,H4,2026-06-11 01:00:00,0.0008089142413027717,41.3078487408337,,
180622,88,H4,2026-06-11 05:00:00,0.0008011346526382905,42.68742010689442,,
180623,88,H4,2026-06-11 09:00:00,0.0008160536060212746,51.31420776600633,,
180624,88,H4,2026-06-11 13:00:00,0.000853478348448327,45.989294425811906,,
180625,88,H4,2026-06-11 17:00:00,0.000852515609273451,45.18142804480023,,
180626,88,H4,2026-06-11 21:00:00,0.0008580502086110607,42.85084434261336,,
180627,88,H4,2026-06-12 01:00:00,0.0008239037651388455,42.3395420272481,,
180628,88,H4,2026-06-12 05:00:00,0.0008400534962003562,45.95108964582351,,
180629,88,H4,2026-06-12 09:00:00,0.0008293353893289,49.61139219287537,,
180630,88,H4,2026-06-12 13:00:00,0.0008400971472339772,43.19790497282917,,
180631,88,H4,2026-06-12 17:00:00,0.0008215187795744093,43.19790497282918,,
180632,88,H4,2026-06-14 21:00:00,0.0009221245810333847,43.08457907076394,,
180633,88,H4,2026-06-15 01:00:00,0.0009048299681024217,51.33407505860277,,
180634,88,H4,2026-06-15 05:00:00,0.0009180563989522512,60.8147009692039,,
180635,88,H4,2026-06-15 09:00:00,0.0009289095133128058,65.41750137988069,,
180636,88,H4,2026-06-15 13:00:00,0.0009718445480761791,55.33338568819865,,
180637,88,H4,2026-06-15 17:00:00,0.0009438556517850253,55.76534444164374,,
180638,88,H4,2026-06-15 21:00:00,0.0009635802480860949,57.19199908281345,,
180639,88,H4,2026-06-16 01:00:00,0.0009276102303656606,57.37705134178433,,
180640,88,H4,2026-06-16 05:00:00,0.0009156380710538265,59.809379622329374,,
180641,88,H4,2026-06-16 09:00:00,0.0008988067802642685,60.55525989298504,,
180642,88,H4,2026-06-16 13:00:00,0.0009046062959596765,62.07135490101697,,
180643,88,H4,2026-06-16 17:00:00,0.0008692772748196932,58.87292436472965,,
180644,88,H4,2026-06-16 21:00:00,0.0008529003266182847,61.22928998070556,,
180645,88,H4,2026-06-17 01:00:00,0.0008241217318598322,58.11138472312268,,
180646,88,H4,2026-06-17 05:00:00,0.000861684465298413,59.445753767877655,,
180647,88,H4,2026-06-17 09:00:00,0.0008365641463485271,61.21959878495933,,
180648,88,H4,2026-06-17 13:00:00,0.0008510952787521987,65.30530474235766,,
180649,88,H4,2026-06-17 17:00:00,0.0009074456159841906,62.982860813166795,,
180650,88,H4,2026-06-17 21:00:00,0.0009190566434138845,65.71036097865425,,
180651,88,H4,2026-06-18 01:00:00,0.000883409740312891,66.20693099469308,,
180652,88,H4,2026-06-18 05:00:00,0.000989594758861969,76.78077391227495,,
180653,88,H4,2026-06-18 09:00:00,0.0010281951332289734,73.07053387128704,,
180654,88,H4,2026-06-18 13:00:00,0.0010547526237126151,75.76488653891204,,
180655,88,H4,2026-06-18 17:00:00,0.0010565560077331405,78.47850424043983,,
180656,88,H4,2026-06-18 21:00:00,0.0010446591500379123,78.525585376558,,
180657,88,H4,2026-06-19 01:00:00,0.0010143263536066295,78.82490540331654,,
180658,88,H4,2026-06-19 05:00:00,0.0010611601854918667,58.16255596275918,,
180659,88,H4,2026-06-19 09:00:00,0.001064648743671015,60.81137063847632,,
180660,88,H4,2026-06-19 13:00:00,0.0010664595476945165,62.753384644767706,,
180661,88,H4,2026-06-19 17:00:00,0.0010795695800020493,58.659629600196176,,
180662,88,H4,2026-06-21 21:00:00,0.0011696003242876178,63.08383276767053,0.86898,
180663,88,H4,2026-06-22 01:00:00,0.0011389145868384997,64.35863898699364,,
180664,88,H4,2026-06-22 05:00:00,0.0011375635449214648,60.83913999736431,,
180665,88,H4,2026-06-22 09:00:00,0.0013177375774270743,35.82366532201934,,
180666,88,H4,2026-06-22 13:00:00,0.0013243277504679913,32.68494554676754,,
180667,88,H4,2026-06-22 17:00:00,0.0012947329111488545,30.413141592151845,,
180668,88,H4,2026-06-22 21:00:00,0.0012536805603525038,32.280660139606155,,
180669,88,H4,2026-06-23 01:00:00,0.0011869890917558955,33.20000721287525,,
180670,88,H4,2026-06-23 05:00:00,0.001173632728059046,34.35175094800155,,
180671,88,H4,2026-06-23 09:00:00,0.0012126589617691102,30.11179865124211,,
180672,88,H4,2026-06-23 13:00:00,0.0012338976073570317,38.31154917670671,,
180673,88,H4,2026-06-23 17:00:00,0.001236476349688672,34.14009511125664,,
180674,88,H4,2026-06-23 21:00:00,0.0011974423247109074,33.4274344414861,,
180675,88,H4,2026-06-24 01:00:00,0.0011804821586601255,30.828549197735285,,
180676,88,H4,2026-06-24 05:00:00,0.0012040191473272602,27.872528620848655,,0.86029
180677,88,H4,2026-06-24 09:00:00,0.0012523034939467411,36.19498461670516,,
180678,88,H4,2026-06-24 13:00:00,0.001281424672950545,43.50732486810796,,
180679,88,H4,2026-06-24 17:00:00,0.0012263229105969355,44.196058251045194,,
180680,88,H4,2026-06-24 21:00:00,0.0011830141312685796,43.736670530149325,,
180681,88,H4,2026-06-25 01:00:00,0.0011292274076065412,42.488200352516714,,
180682,88,H4,2026-06-25 05:00:00,0.001132854021348936,39.536538125514404,,
180683,88,H4,2026-06-25 09:00:00,0.0010955073055382977,38.85260410460342,,
180684,88,H4,2026-06-25 13:00:00,0.0010965424979998439,36.742106878444254,,
180685,88,H4,2026-06-25 17:00:00,0.001072503748142711,42.96429990367039,,
180686,88,H4,2026-06-25 21:00:00,0.0010516106232753748,39.67519882031324,,
180687,88,H4,2026-06-26 01:00:00,0.0010279241501842805,42.81803662591029,,
180688,88,H4,2026-06-26 05:00:00,0.0010623581394568328,49.43740961474659,,
180689,88,H4,2026-06-26 09:00:00,0.0011829039866384898,62.511893520452944,,
180690,88,H4,2026-06-26 13:00:00,0.0013269822733071757,48.0934465859364,0.86516,
180691,88,H4,2026-06-26 17:00:00,0.0012671978252138053,49.2883665921481,,
180692,88,H4,2026-06-28 21:00:00,0.0012681122662699662,49.548940172065116,,
180693,88,H4,2026-06-29 01:00:00,0.001209675675822108,47.54924109660832,,
180694,88,H4,2026-06-29 05:00:00,0.0011925559846919513,50.332779997891706,,
180695,88,H4,2026-06-29 09:00:00,0.0012323734143568142,43.97300242239296,,
180696,88,H4,2026-06-29 13:00:00,0.0012486324561884715,46.32889007015097,,
180697,88,H4,2026-06-29 17:00:00,0.0012051587093178644,43.98834300706141,,
180698,88,H4,2026-06-29 21:00:00,0.0011733616586523017,46.22913642528557,,
180699,88,H4,2026-06-30 01:00:00,0.0011709786830342822,41.24389056199669,,
180700,88,H4,2026-06-30 05:00:00,0.0011451944913889749,42.88568614542268,,
180701,88,H4,2026-06-30 09:00:00,0.0011848234562897649,49.93619471948598,,
180702,88,H4,2026-06-30 13:00:00,0.00121733606655478,45.024876582411835,,
180703,88,H4,2026-06-30 17:00:00,0.0011632406332294399,44.72877933559203,,
180704,88,H4,2026-06-30 21:00:00,0.0011215805879987671,45.245817448409355,,
180705,88,H4,2026-07-01 01:00:00,0.0010771819745702877,46.590943849781866,,
180706,88,H4,2026-07-01 05:00:00,0.0011159546906724068,39.934802040321415,,
180707,88,H4,2026-07-01 09:00:00,0.0011533864984815188,34.46407360430371,,
180708,88,H4,2026-07-01 13:00:00,0.001298144605732836,28.036944742828283,,
180709,88,H4,2026-07-01 17:00:00,0.0012497057053233523,28.322000344859163,,
180710,88,H4,2026-07-01 21:00:00,0.0012240124406573947,27.61518831932372,,
180711,88,H4,2026-07-02 01:00:00,0.0011687258377532915,27.937978178176238,,
180712,88,H4,2026-07-02 05:00:00,0.0012488168493423352,22.838001726572188,,
180713,88,H4,2026-07-02 09:00:00,0.0013517585029607457,35.51500374161738,,
180714,88,H4,2026-07-02 13:00:00,0.0013594900384635508,34.56160038900714,,
180715,88,H4,2026-07-02 17:00:00,0.001298812178573298,35.01508451974834,,
180716,88,H4,2026-07-02 21:00:00,0.001267468451532346,34.07065426919729,,
180717,88,H4,2026-07-03 01:00:00,0.0012019349907086041,34.36396528439472,,
180718,88,H4,2026-07-03 05:00:00,0.0011939396342294207,40.2340205827231,,
180719,88,H4,2026-07-03 09:00:00,0.0011550868032130285,39.53744137428201,,
180720,88,H4,2026-07-03 13:00:00,0.001146152031554961,36.58181770461654,,
180721,88,H4,2026-07-03 17:00:00,0.0011021411721581723,37.20402301055601,,
180722,88,H4,2026-07-05 21:00:00,0.0010698453741468691,38.02257849116716,,
180723,88,H4,2026-07-06 01:00:00,0.001019856418850663,40.04259559982599,,
180724,88,H4,2026-07-06 05:00:00,0.0010241523889327562,36.9115774540898,,
180725,88,H4,2026-07-06 09:00:00,0.001046712932580417,32.85682310256672,,
180726,88,H4,2026-07-06 13:00:00,0.0010426620088246762,29.454346239457465,,
180727,88,H4,2026-07-06 17:00:00,0.0010203290081943427,28.834465573096637,,
180728,88,H4,2026-07-06 21:00:00,0.0010017340790376029,28.591462910810378,,
180729,88,H4,2026-07-07 01:00:00,0.0009551816448206285,27.429715039539644,,
180730,88,H4,2026-07-07 05:00:00,0.0009669543844762986,24.62086631278143,,
180731,88,H4,2026-07-07 09:00:00,0.0009928862141565587,34.85565619243208,,
180732,88,H4,2026-07-07 13:00:00,0.001016965770288237,34.515955003132134,,
180733,88,H4,2026-07-07 17:00:00,0.0009850396438390743,33.90590279120438,,
180734,88,H4,2026-07-07 21:00:00,0.0010003939549934246,35.541773161903066,,
180735,88,H4,2026-07-08 01:00:00,0.0009732229582081847,39.75687157943075,,
180736,88,H4,2026-07-08 05:00:00,0.000984421318336169,45.01226733639415,,
180737,88,H4,2026-07-08 09:00:00,0.0010269626527407301,37.8399967194018,,
180738,88,H4,2026-07-08 13:00:00,0.0010750367489735376,31.147371369224146,,
180739,88,H4,2026-07-08 17:00:00,0.0010632484097611397,30.780940535568575,,
180740,88,H4,2026-07-08 21:00:00,0.0010480163804924881,32.02489933155954,,
180741,88,H4,2026-07-09 01:00:00,0.0009974437818858824,31.929828298880764,,
180742,88,H4,2026-07-09 05:00:00,0.0010019120831797443,28.070874964457687,,
180743,88,H4,2026-07-09 09:00:00,0.001074632648666907,42.37375101775178,,
180744,88,H4,2026-07-09 13:00:00,0.0010878731737621228,38.82504935891338,,
180745,88,H4,2026-07-09 17:00:00,0.0010701679470648327,36.74211287950094,,
180746,88,H4,2026-07-09 21:00:00,0.0010515845222744938,36.125443259916665,,
180747,88,H4,2026-07-10 01:00:00,0.0010128999135406022,34.63272411000109,,
180748,88,H4,2026-07-10 05:00:00,0.0010034070625734158,38.09814644257462,,
180749,88,H4,2026-07-10 09:00:00,0.0010460208438181752,34.05947246998461,,
180750,88,H4,2026-07-10 13:00:00,0.0010477336406883068,39.82646091293331,,
180751,88,H4,2026-07-10 17:00:00,0.0010243240949248523,37.39228322621398,,
180752,88,H4,2026-07-12 21:00:00,0.0009983009452873624,38.68040791201817,,
180753,88,H4,2026-07-13 01:00:00,0.0009691365920525493,39.7484127015998,,
180754,88,H4,2026-07-13 05:00:00,0.0010577696926202275,52.51470926095817,,
180755,88,H4,2026-07-13 09:00:00,0.001063643286004491,48.28680558958515,,
180756,88,H4,2026-07-13 13:00:00,0.0010919544798613143,43.28316043846846,,
180757,88,H4,2026-07-13 17:00:00,0.0010611005884426487,46.40929277263776,,
180758,88,H4,2026-07-13 21:00:00,0.0010281648321253118,46.40929277263776,,
180759,88,H4,2026-07-14 01:00:00,0.0009832959155449373,46.02553519109448,,
180760,88,H4,2026-07-14 05:00:00,0.000988060493006013,44.063591242226586,,
180761,88,H4,2026-07-14 09:00:00,0.0010617704577912993,52.984583287385256,,
180762,88,H4,2026-07-14 13:00:00,0.0010630725679490615,54.61887717015122,0.85448,
180763,88,H4,2026-07-14 17:00:00,0.0010885673845241269,47.986200885343514,,
180764,88,H4,2026-07-14 21:00:00,0.0010908125713438327,48.95962340637603,,
180765,88,H4,2026-07-15 01:00:00,0.00104575453053356,51.341279567555354,,
180766,88,H4,2026-07-15 05:00:00,0.0010924863497811656,47.41672359247777,,
180767,88,H4,2026-07-15 09:00:00,0.0011758801819396565,37.75872628694059,,
180768,88,H4,2026-07-15 13:00:00,0.0014876030260868231,22.947390241171135,,
180769,88,H4,2026-07-15 17:00:00,0.0015270599527949023,27.49391608083026,,0.8455
180770,88,H4,2026-07-15 21:00:00,0.0015086985275952658,33.60079058814142,,
180771,88,H4,2026-07-16 01:00:00,0.0014566486327670328,32.32149975999576,,
180772,88,H4,2026-07-16 05:00:00,0.0014354594447122404,36.13997816613153,,
180773,88,H4,2026-07-16 09:00:00,0.0014357837700899373,36.7982970043871,,
180774,88,H4,2026-07-16 13:00:00,0.0014675135007977986,42.34553668170904,,
180775,88,H4,2026-07-16 17:00:00,0.001395548250740814,41.44158117847655,,
180776,88,H4,2026-07-16 21:00:00,0.0013430090899736126,43.60247242334342,,
180777,88,H4,2026-07-17 01:00:00,0.001288508440689777,45.54993518579355,,
180778,88,H4,2026-07-17 05:00:00,0.0013143292663547958,52.38647592947335,,
180779,88,H4,2026-07-17 09:00:00,0.001296877175900883,51.43581184162363,,
180780,88,H4,2026-07-17 13:00:00,0.0012742430919079615,47.434969271505594,,
180781,88,H4,2026-07-17 17:00:00,0.0012303685853431066,48.64165873172192,,
180782,88,H4,2026-07-19 21:00:00,0.0011939136863900314,47.269819703693116,,
180783,88,H4,2026-07-20 01:00:00,0.001130062708790741,46.28065459054897,,
180784,88,H4,2026-07-20 05:00:00,0.0011064868010199755,43.25379577376031,,
180785,88,H4,2026-07-20 09:00:00,0.0010960234580899824,42.14688278539306,,
180786,88,H4,2026-07-20 13:00:00,0.001196307496797845,50.03365641629555,,
180787,88,H4,2026-07-20 17:00:00,0.0011758569613122822,47.540971881885326,,
180788,88,H4,2026-07-20 21:00:00,0.0011468671783614083,47.03624964056862,,
180789,88,H4,2026-07-21 01:00:00,0.0010970909513355978,45.75742550771285,,
180790,88,H4,2026-07-21 05:00:00,0.0011215844548116262,51.78879554685415,,
180791,88,H4,2026-07-21 09:00:00,0.0012243284223250818,62.60301072870966,,
180792,88,H4,2026-07-21 13:00:00,0.0012583049635875785,60.728883183027094,,
180793,88,H4,2026-07-21 17:00:00,0.001214140323331321,58.89559207153476,,
180794,88,H4,2026-07-21 21:00:00,0.0011702731573790869,57.62436668637627,,
180795,88,H4,2026-07-22 01:00:00,0.0011223965032805766,59.648390269164324,,
180796,88,H4,2026-07-22 05:00:00,0.0011200824673319666,63.245135088204606,,
180797,88,H4,2026-07-22 09:00:00,0.0011329337196653954,66.42658497746285,,
180798,88,H4,2026-07-22 13:00:00,0.0011562955968321543,60.628212992588985,,
180799,88,H4,2026-07-22 17:00:00,0.001104417339915575,60.814724074034515,,
180800,88,H4,2026-07-22 21:00:00,0.001071958958493029,60.91442305696848,,
180801,88,H4,2026-07-23 01:00:00,0.0010682476043149568,64.73154498753291,,
180802,88,H4,2026-07-23 05:00:00,0.001059801346863889,61.07275785091852,,
180803,88,H4,2026-07-23 09:00:00,0.0010455298220879026,58.84404612018912,,
180804,88,H4,2026-07-23 13:00:00,0.0010987062633673352,63.18457029270223,,
180805,88,H4,2026-07-23 17:00:00,0.0010595129588410925,65.11830267773308,,
180806,88,H4,2026-07-23 21:00:00,0.0010395477474953005,63.626020320238034,,
180807,88,H4,2026-07-24 01:00:00,0.0010138657655313515,66.36077109269914,,
180808,88,H4,2026-07-24 05:00:00,0.0010164467822791118,62.73268599945391,,
180809,88,H4,2026-07-24 09:00:00,0.001070986297830604,60.24953865791152,,
180810,88,H4,2026-07-24 13:00:00,0.0010787729908427008,53.34622119043633,,
180811,88,H4,2026-07-24 17:00:00,0.001050289205782509,53.34622119043633,,
180812,88,H4,2026-07-26 21:00:00,0.0010695542625123288,57.347091407278334,,
180813,88,H4,2026-07-27 01:00:00,0.0010117289580471574,58.309651506791425,,
180814,88,H4,2026-07-27 05:00:00,0.0010058911753295023,62.773014583140835,,
180815,88,H4,2026-07-27 09:00:00,0.0010233275199488295,63.512062041315026,,
180816,88,H4,2026-07-27 13:00:00,0.0010430898399524902,65.81695316958425,,
180817,88,H4,2026-07-27 17:00:00,0.0010178691370987467,66.26474473585887,,
180818,88,H4,2026-07-27 21:00:00,0.0010080213415916927,67.19046525611915,,
180819,88,H4,2026-07-28 01:00:00,0.0009803055314779971,61.61426993435958,,
180820,88,H4,2026-07-28 05:00:00,0.0009717122792295668,58.72235089368704,,
180821,88,H4,2026-07-28 09:00:00,0.0009973042592846015,56.80805883564787,,
180822,88,H4,2026-07-28 13:00:00,0.0011060682407642703,69.10172354081924,,
180823,88,H4,2026-07-28 17:00:00,0.0010613490807096742,69.37779459451085,,
180824,88,H4,2026-07-28 21:00:00,0.0010212527178018445,70.0502163806112,,
180825,88,H4,2026-07-29 01:00:00,0.0009847346665302849,72.03420176604261,,
180826,88,H4,2026-07-29 05:00:00,0.0009843964760638346,62.667152465704454,,
180827,88,H4,2026-07-29 09:00:00,0.0009755110134878524,63.02023921298984,,
180828,88,H4,2026-07-29 13:00:00,0.000962974512524436,64.1756995776588,,
180829,88,H4,2026-07-29 17:00:00,0.001080619190201262,69.97226911851236,,
180830,88,H4,2026-07-29 21:00:00,0.0010562892480440343,70.44475205062922,,
180831,88,H4,2026-07-30 01:00:00,0.0010208400160408894,71.27230908406564,,
180832,88,H4,2026-07-30 05:00:00,0.001033637157752253,61.17998069976918,,
180833,88,H4,2026-07-30 09:00:00,0.0010962345036270897,65.78099430133227,,
180834,88,H4,2026-07-30 13:00:00,0.0012250748962251558,51.38407295862032,,
180835,88,H4,2026-07-30 17:00:00,0.0011768552607804973,51.316877240890605,,
180836,88,H4,2026-07-30 21:00:00,0.001124937027867609,48.77532160805778,,
180837,88,H4,2026-07-31 01:00:00,0.0010760129544484939,49.35932029735513,,
180838,88,H4,2026-07-31 05:00:00,0.0010662977434164624,50.49887109854123,,
180839,88,H4,2026-07-31 09:00:00,0.0010515621903152846,50.17462725778008,,
180840,88,H4,2026-07-31 13:00:00,0.0011435934624356222,45.106292980118255,,
180841,100,H4,2026-06-03 09:00:00,0.0018896809290639663,38.05705043553624,,
180842,100,H4,2026-06-03 13:00:00,0.001943989434130821,33.567055346615504,,
180843,100,H4,2026-06-03 17:00:00,0.0018815616174071921,32.22464964376334,,
180844,100,H4,2026-06-03 21:00:00,0.0018657357875923924,37.18444611789904,,
180845,100,H4,2026-06-04 01:00:00,0.0018110403741929352,38.246284493182415,,
180846,100,H4,2026-06-04 05:00:00,0.0017859660617505838,36.37033607863054,,
180847,100,H4,2026-06-04 09:00:00,0.0018098256287684,42.57119680869087,,
180848,100,H4,2026-06-04 13:00:00,0.0017719809409992248,41.35350015620049,,
180849,100,H4,2026-06-04 17:00:00,0.0017211251594992766,38.495384222752755,,
180850,100,H4,2026-06-04 21:00:00,0.0016610447909636134,38.22299394171212,,
180851,100,H4,2026-06-05 01:00:00,0.0016738273058947884,39.09957954840821,,
180852,100,H4,2026-06-05 05:00:00,0.0016814110697594468,41.21327540054387,,
180853,100,H4,2026-06-05 09:00:00,0.0018577388504909219,32.56992696353859,,
180854,100,H4,2026-06-05 13:00:00,0.002075043218313,25.734403156104406,,
180855,100,H4,2026-06-05 17:00:00,0.0020739687027192108,23.420514197690864,,
180856,100,H4,2026-06-07 21:00:00,0.0021108280810964086,28.8035057879095,,
180857,100,H4,2026-06-08 01:00:00,0.002097197503875239,27.967784124553646,,
180858,100,H4,2026-06-08 05:00:00,0.0020523976821698628,28.217002506920565,,
180859,100,H4,2026-06-08 09:00:00,0.0021900835620148715,40.09202072183648,,
180860,100,H4,2026-06-08 13:00:00,0.002203649021870956,36.476350312247106,,
180861,100,H4,2026-06-08 17:00:00,0.002117674091737316,35.29510917637343,,
180862,100,H4,2026-06-08 21:00:00,0.002069268799470365,34.19606368978735,,
180863,100,H4,2026-06-09 01:00:00,0.0021071781709367707,43.8167501556064,,
180864,100,H4,2026-06-09 05:00:00,0.0021438083015841492,44.758992395242394,,
180865,100,H4,2026-06-09 09:00:00,0.0020963934228995697,47.529115231620096,,
180866,100,H4,2026-06-09 13:00:00,0.002270936749835314,39.68898441702913,,
180867,100,H4,2026-06-09 17:00:00,0.002205155553418503,41.73666173913631,,
180868,100,H4,2026-06-09 21:00:00,0.002153358728174319,41.96813702861288,,
180869,100,H4,2026-06-10 01:00:00,0.002070261676161871,41.1178393608002,,
180870,100,H4,2026-06-10 05:00:00,0.0020252429850074515,39.91654102929178,,
180871,100,H4,2026-06-10 09:00:00,0.0020534399146497745,41.21132403600371,,
180872,100,H4,2026-06-10 13:00:00,0.0020567656350319327,44.60868808803451,,
180873,100,H4,2026-06-10 17:00:00,0.002106996661101079,37.116916854837285,,
180874,100,H4,2026-06-10 21:00:00,0.0021293540424510006,37.86609845997954,,
180875,100,H4,2026-06-11 01:00:00,0.0020786858965616416,38.1142281855776,,
180876,100,H4,2026-06-11 05:00:00,0.0020716369039501027,33.327063486240846,,
180877,100,H4,2026-06-11 09:00:00,0.002059377125096525,33.05929892873898,,0.57694
180878,100,H4,2026-06-11 13:00:00,0.002025850187589629,31.505475654365355,,
180879,100,H4,2026-06-11 17:00:00,0.002394718031333229,55.648317330940586,,
180880,100,H4,2026-06-11 21:00:00,0.002375095314809428,51.858984467407225,,
180881,100,H4,2026-06-12 01:00:00,0.0023133027923230407,51.82677618314667,,
180882,100,H4,2026-06-12 05:00:00,0.0023123525928714006,52.5566229637799,,
180883,100,H4,2026-06-12 09:00:00,0.002299327407666298,50.47966691054462,,
180884,100,H4,2026-06-12 13:00:00,0.0022686611642615652,54.640100921103375,,
180885,100,H4,2026-06-12 17:00:00,0.0021608996525286027,53.55471178855041,,
180886,100,H4,2026-06-14 21:00:00,0.0023001211059194135,58.129251387219874,0.58641,
180887,100,H4,2026-06-15 01:00:00,0.0022358267412108885,61.28784940690839,,
180888,100,H4,2026-06-15 05:00:00,0.0022346962596958247,56.605614849961995,,
180889,100,H4,2026-06-15 09:00:00,0.0021793608125746954,55.94803235380712,,
180890,100,H4,2026-06-15 13:00:00,0.002139406468819357,51.44298255653204,,
180891,100,H4,2026-06-15 17:00:00,0.002075877435332258,47.8149496482397,,
180892,100,H4,2026-06-15 21:00:00,0.0020026004756656677,47.74095083660767,,
180893,100,H4,2026-06-16 01:00:00,0.0020581290131181204,42.7531214001718,,
180894,100,H4,2026-06-16 05:00:00,0.0020704055121811165,49.95275483397734,,
180895,100,H4,2026-06-16 09:00:00,0.0020210908327396118,52.05675442083053,,
180896,100,H4,2026-06-16 13:00:00,0.002006727201829635,54.907827452938605,,
180897,100,H4,2026-06-16 17:00:00,0.0019319609731275153,51.45013754973157,,
180898,100,H4,2026-06-16 21:00:00,0.0018611066179041174,51.32728417823749,,
180899,100,H4,2026-06-17 01:00:00,0.001808170430910959,48.93633542409343,,
180900,100,H4,2026-06-17 05:00:00,0.0017775868287030368,46.05828797563203,,
180901,100,H4,2026-06-17 09:00:00,0.0017377591980813913,45.370249181814415,,
180902,100,H4,2026-06-17 13:00:00,0.0016972049696470065,45.327354715227536,,
180903,100,H4,2026-06-17 17:00:00,0.0020638331861007916,30.240473814232303,,
180904,100,H4,2026-06-17 21:00:00,0.0020664165299507345,35.348248606603846,,
180905,100,H4,2026-06-18 01:00:00,0.0020681010635256766,42.52406475918291,,
180906,100,H4,2026-06-18 05:00:00,0.002140379558988126,35.751631442075734,,
180907,100,H4,2026-06-18 09:00:00,0.0021289238762032584,36.94875852520278,,
180908,100,H4,2026-06-18 13:00:00,0.0021582864564744534,33.82644161340366,,
180909,100,H4,2026-06-18 17:00:00,0.002089837423869134,33.127373157753524,,
180910,100,H4,2026-06-18 21:00:00,0.002044134750735629,35.72035548191839,,
180911,100,H4,2026-06-19 01:00:00,0.0021302679828259473,29.340844183683146,,
180912,100,H4,2026-06-19 05:00:00,0.00212953455548123,34.82027949493279,,
180913,100,H4,2026-06-19 09:00:00,0.002054567801518283,36.42905978844688,,
180914,100,H4,2026-06-19 13:00:00,0.0020292415299812652,34.15911376322008,,
180915,100,H4,2026-06-19 17:00:00,0.0019342957064111773,34.81524325625439,,
180916,100,H4,2026-06-21 21:00:00,0.0018632745845246605,34.227518517119236,,
180917,100,H4,2026-06-22 01:00:00,0.0018551835427729011,31.750306773873547,,
180918,100,H4,2026-06-22 05:00:00,0.001821956146860551,30.74974222848087,,
180919,100,H4,2026-06-22 09:00:00,0.0017939592792276496,35.00725890727311,,
180920,100,H4,2026-06-22 13:00:00,0.0018072479021399592,32.444991709464944,,
180921,100,H4,2026-06-22 17:00:00,0.0017545873377013918,30.942206492941736,,
180922,100,H4,2026-06-22 21:00:00,0.0018014025278655797,28.36738907129613,,
180923,100,H4,2026-06-23 01:00:00,0.0017877309187323241,26.386239299192127,,
180924,100,H4,2026-06-23 05:00:00,0.0017486072816800167,24.82054966587087,,
180925,100,H4,2026-06-23 09:00:00,0.001797278190131447,22.43152610115449,,
180926,100,H4,2026-06-23 13:00:00,0.0017689011765506264,21.63788701203427,,
180927,100,H4,2026-06-23 17:00:00,0.0016961225210827264,21.63788701203427,,
180928,100,H4,2026-06-23 21:00:00,0.0016771137695768203,21.221427262182274,,
180929,100,H4,2026-06-24 01:00:00,0.0016716056431784793,19.065876702262145,,
180930,100,H4,2026-06-24 05:00:00,0.0016993480972371559,17.922266470795407,,
180931,100,H4,2026-06-24 09:00:00,0.001696537518863073,16.00253678020222,,
180932,100,H4,2026-06-24 13:00:00,0.0017289276960871381,27.18093739087122,,
180933,100,H4,2026-06-24 17:00:00,0.0017125757177952037,27.068815262752466,,
180934,100,H4,2026-06-24 21:00:00,0.0017588203093812547,25.6124424893422,,
180935,100,H4,2026-06-25 01:00:00,0.0017696188587111707,27.70682165799684,,
180936,100,H4,2026-06-25 05:00:00,0.0017610746545175106,27.654415274395333,,
180937,100,H4,2026-06-25 09:00:00,0.0017667121791948277,27.048355149669803,,
180938,100,H4,2026-06-25 13:00:00,0.0017926613092523376,32.27915494973821,,
180939,100,H4,2026-06-25 17:00:00,0.0017217569300200294,30.824583398945393,,
180940,100,H4,2026-06-25 21:00:00,0.0017159171493043113,28.971303686645683,,
180941,100,H4,2026-06-26 01:00:00,0.0017347802100682876,28.65145313874868,,0.56264
180942,100,H4,2026-06-26 05:00:00,0.001706581623634839,35.47885997669978,,
180943,100,H4,2026-06-26 09:00:00,0.0016668257933752065,36.508088387134585,,
180944,100,H4,2026-06-26 13:00:00,0.0016770525224198412,32.55351641911314,,
180945,100,H4,2026-06-26 17:00:00,0.0016158344851041335,31.26415514932026,,
180946,100,H4,2026-06-28 21:00:00,0.0015947034504538373,30.375709183302902,,
180947,100,H4,2026-06-29 01:00:00,0.0015836532039928488,36.74751387730179,,
180948,100,H4,2026-06-29 05:00:00,0.0015833922608505043,40.80893573069363,,
180949,100,H4,2026-06-29 09:00:00,0.0015338642422183216,41.90454552922174,,
180950,100,H4,2026-06-29 13:00:00,0.0015243025106313035,42.364100543064694,,
180951,100,H4,2026-06-29 17:00:00,0.0014568523313004977,42.24414362635827,,
180952,100,H4,2026-06-29 21:00:00,0.0014456485933504598,39.14089820496012,,
180953,100,H4,2026-06-30 01:00:00,0.0014395308366825718,40.23203861831467,,
180954,100,H4,2026-06-30 05:00:00,0.0014395643483481023,44.682367714365014,,
180955,100,H4,2026-06-30 09:00:00,0.0014260240377518153,50.97260680474856,,
180956,100,H4,2026-06-30 13:00:00,0.0015470223207695434,59.317339208596955,,
180957,100,H4,2026-06-30 17:00:00,0.0015000921550002864,61.17608855668288,,
180958,100,H4,2026-06-30 21:00:00,0.0014829427153574117,55.48225125201348,,
180959,100,H4,2026-07-01 01:00:00,0.0014827325214033134,58.12695795402266,,
180960,100,H4,2026-07-01 05:00:00,0.0014403944841602158,59.315247154680605,,
180961,100,H4,2026-07-01 09:00:00,0.0014732234495773444,50.37188076861112,,
180962,100,H4,2026-07-01 13:00:00,0.0015958503460361073,57.835626328378126,,
180963,100,H4,2026-07-01 17:00:00,0.0015475753213192369,55.021498900882655,,
180964,100,H4,2026-07-01 21:00:00,0.0014870342269392939,54.816328405657515,,
180965,100,H4,2026-07-02 01:00:00,0.0015029603535864863,57.91473676383537,,
180966,100,H4,2026-07-02 05:00:00,0.001548463185473168,65.3188035399457,,
180967,100,H4,2026-07-02 09:00:00,0.0017892872436536585,67.74053274121246,,
180968,100,H4,2026-07-02 13:00:00,0.0017921952976783972,67.25883321387633,,
180969,100,H4,2026-07-02 17:00:00,0.0017141813478442284,65.74834148134315,,
180970,100,H4,2026-07-02 21:00:00,0.001700311251569638,63.860623819290545,,
180971,100,H4,2026-07-03 01:00:00,0.0017117175907432334,70.89610494506066,,
180972,100,H4,2026-07-03 05:00:00,0.0016965949056901492,72.2491304233245,0.57272,
180973,100,H4,2026-07-03 09:00:00,0.0016418381267122805,66.12458022208713,,
180974,100,H4,2026-07-03 13:00:00,0.0015574211176614045,66.12458022208713,,
180975,100,H4,2026-07-03 17:00:00,0.0015111767521141589,67.79332426790776,,
180976,100,H4,2026-07-05 21:00:00,0.0015303784126774334,57.73995705513323,,
180977,100,H4,2026-07-06 01:00:00,0.0015510656689147627,51.108272360520445,,
180978,100,H4,2026-07-06 05:00:00,0.0015117038354208513,47.07701802459827,,
180979,100,H4,2026-07-06 09:00:00,0.0014837249900336482,44.80408193769041,,
180980,100,H4,2026-07-06 13:00:00,0.001503458919316958,53.56355648098196,,
180981,100,H4,2026-07-06 17:00:00,0.0014760689965086047,56.95863418960893,,
180982,100,H4,2026-07-06 21:00:00,0.0014234926396151303,55.266393581620896,,
180983,100,H4,2026-07-07 01:00:00,0.001404671736785474,52.96646787840524,,
180984,100,H4,2026-07-07 05:00:00,0.0013693380413008027,50.52342865339974,,
180985,100,H4,2026-07-07 09:00:00,0.0013543853240650346,52.4254647235357,,
180986,100,H4,2026-07-07 13:00:00,0.0013447863723461035,47.64372841101023,,
180987,100,H4,2026-07-07 17:00:00,0.0013851587743213874,43.285642826239624,,
180988,100,H4,2026-07-07 21:00:00,0.0013833617190127112,48.144665116930035,,
180989,100,H4,2026-07-08 01:00:00,0.0015009787390832302,60.555783727804304,,
180990,100,H4,2026-07-08 05:00:00,0.0015823374005772834,52.1214047210015,,
180991,100,H4,2026-07-08 09:00:00,0.001610741871964619,51.20163414260631,,
180992,100,H4,2026-07-08 13:00:00,0.0016392603096814287,52.42226848470745,,
180993,100,H4,2026-07-08 17:00:00,0.001622884573275614,54.116073913706,,
180994,100,H4,2026-07-08 21:00:00,0.001756249960898784,63.162570310616516,,
180995,100,H4,2026-07-09 01:00:00,0.0017065178208345894,63.74718592313474,,
180996,100,H4,2026-07-09 05:00:00,0.0017003379764892585,66.89088415622733,,
180997,100,H4,2026-07-09 09:00:00,0.0016995995495971664,68.92243999747535,,
180998,100,H4,2026-07-09 13:00:00,0.0017274852960545144,72.91155452811336,,
180999,100,H4,2026-07-09 17:00:00,0.0016705220606220482,71.02350648350944,,
181000,100,H4,2026-07-09 21:00:00,0.0017419133420061839,75.15716256563937,,
181001,100,H4,2026-07-10 01:00:00,0.0017782052461485975,75.59699053806179,,
181002,100,H4,2026-07-10 05:00:00,0.0017426191571379877,70.358822204317,,
181003,100,H4,2026-07-10 09:00:00,0.0017181463601995649,71.04392974021526,,
181004,100,H4,2026-07-10 13:00:00,0.0017604216201853047,71.64121921244472,,
181005,100,H4,2026-07-10 17:00:00,0.0017132486473149249,65.7949047014065,,
181006,100,H4,2026-07-12 21:00:00,0.0016994451725067215,58.38933508592459,,
181007,100,H4,2026-07-13 01:00:00,0.0017394848030419586,61.23801652740752,,
181008,100,H4,2026-07-13 05:00:00,0.0018688073171103938,68.86879838141226,,
181009,100,H4,2026-07-13 09:00:00,0.0018224639373167941,69.500255657639,,
181010,100,H4,2026-07-13 13:00:00,0.0019522879417941722,55.257187441824385,,
181011,100,H4,2026-07-13 17:00:00,0.0019185530888088688,52.77000575929534,,
181012,100,H4,2026-07-13 21:00:00,0.0020172278681796618,60.89400653507755,,
181013,100,H4,2026-07-14 01:00:00,0.0020202830204525397,63.89156089886106,,
181014,100,H4,2026-07-14 05:00:00,0.002005262804705936,65.67144675109564,,
181015,100,H4,2026-07-14 09:00:00,0.0022234583186555084,70.51173868069371,,
181016,100,H4,2026-07-14 13:00:00,0.0022582112958944,67.04600058951354,,
181017,100,H4,2026-07-14 17:00:00,0.002160481917616225,66.34365895360712,,
181018,100,H4,2026-07-14 21:00:00,0.0021297332092150667,68.70469797035861,,
181019,100,H4,2026-07-15 01:00:00,0.0020954665514139933,65.55719294607972,,
181020,100,H4,2026-07-15 05:00:00,0.0020357903691701315,66.80939463486264,,
181021,100,H4,2026-07-15 09:00:00,0.0020303767713722625,69.47542279627675,,
181022,100,H4,2026-07-15 13:00:00,0.0019982070019885314,70.82434991059807,,
181023,100,H4,2026-07-15 17:00:00,0.002039763644703638,73.28509538429607,,
181024,100,H4,2026-07-15 21:00:00,0.0019919233843676627,70.20308715107743,,
181025,100,H4,2026-07-16 01:00:00,0.001986785999769967,71.17107893583307,,
181026,100,H4,2026-07-16 05:00:00,0.0019241584283578223,71.74577735221602,,
181027,100,H4,2026-07-16 09:00:00,0.0018731471120465525,68.79208823140539,,
181028,100,H4,2026-07-16 13:00:00,0.001882208032614656,64.12922216034124,,
181029,100,H4,2026-07-16 17:00:00,0.0018163360302850349,65.68702959245789,,
181030,100,H4,2026-07-16 21:00:00,0.0017594548852646766,66.75410130236618,,
181031,100,H4,2026-07-17 01:00:00,0.0017466366791743443,60.03317540912432,,
181032,100,H4,2026-07-17 05:00:00,0.0017397340592333226,57.37465460398869,,
181033,100,H4,2026-07-17 09:00:00,0.0016868959121452282,56.09065416115478,,
181034,100,H4,2026-07-17 13:00:00,0.0017306890612777176,62.78083931668461,,
181035,100,H4,2026-07-17 17:00:00,0.0016513541283293138,61.70612095290865,,
181036,100,H4,2026-07-19 21:00:00,0.0016591145477343695,60.53146730468681,,
181037,100,H4,2026-07-20 01:00:00,0.0016977492228961988,66.53451091706017,,
181038,100,H4,2026-07-20 05:00:00,0.0016979099926893299,64.01789001978264,,
181039,100,H4,2026-07-20 09:00:00,0.001690202136068662,63.40297393719184,,
181040,100,H4,2026-07-20 13:00:00,0.0016709019834923275,58.445461380365714,,
181041,100,H4,2026-07-20 17:00:00,0.0016229804132428757,54.73575070995126,,
181042,100,H4,2026-07-20 21:00:00,0.0017399103837255224,63.07312103495704,,
181043,100,H4,2026-07-21 01:00:00,0.0017184882134594136,64.27584415451207,0.58726,
181044,100,H4,2026-07-21 05:00:00,0.0016828819124980268,61.42265427065961,,
181045,100,H4,2026-07-21 09:00:00,0.0017548189187481657,51.647520744285835,,
181046,100,H4,2026-07-21 13:00:00,0.0017551889959804383,48.88363227158744,,
181047,100,H4,2026-07-21 17:00:00,0.001694104067696122,46.37788133899295,,
181048,100,H4,2026-07-21 21:00:00,0.001643810920003545,48.55512874398637,,
181049,100,H4,2026-07-22 01:00:00,0.0015971101400032953,46.101044559100835,,
181050,100,H4,2026-07-22 05:00:00,0.0016016022728602025,42.544767343366814,,
181051,100,H4,2026-07-22 09:00:00,0.0015572021105130437,40.69706495175625,,
181052,100,H4,2026-07-22 13:00:00,0.0015224019597621131,43.23883640019688,,
181053,100,H4,2026-07-22 17:00:00,0.0014493732483505377,42.5836474044078,,
181054,100,H4,2026-07-22 21:00:00,0.001431560873468363,43.445008002791816,,
181055,100,H4,2026-07-23 01:00:00,0.001395020811077768,43.769458407357725,,
181056,100,H4,2026-07-23 05:00:00,0.0015082336102864977,34.48125678601431,,
181057,100,H4,2026-07-23 09:00:00,0.0016090740666945995,29.033253210848002,,
181058,100,H4,2026-07-23 13:00:00,0.0016319973476449842,28.625099069914256,,
181059,100,H4,2026-07-23 17:00:00,0.0015847118228131936,27.276133642728695,,
181060,100,H4,2026-07-23 21:00:00,0.001577232406897968,35.016210894597805,,
181061,100,H4,2026-07-24 01:00:00,0.001561715806405258,32.133776347398594,,
181062,100,H4,2026-07-24 05:00:00,0.0015701646773763043,39.0390664467061,,
181063,100,H4,2026-07-24 09:00:00,0.0015487243432779963,36.861460397063894,,
181064,100,H4,2026-07-24 13:00:00,0.00162095831875814,45.83542469169644,,
181065,100,H4,2026-07-24 17:00:00,0.0015887470102754159,43.42543994262583,,
181066,100,H4,2026-07-26 21:00:00,0.0016152650809700263,48.76023799202733,,
181067,100,H4,2026-07-27 01:00:00,0.0016291747180435944,46.80081627960538,,
181068,100,H4,2026-07-27 05:00:00,0.0016020908096119073,47.90408282545644,,
181069,100,H4,2026-07-27 09:00:00,0.0015947986089253467,43.395304855554734,,
181070,100,H4,2026-07-27 13:00:00,0.0015851701368592437,40.66054751549789,,
181071,100,H4,2026-07-27 17:00:00,0.0015369436985121603,37.97442790687232,,
181072,100,H4,2026-07-27 21:00:00,0.001512876291475576,37.61281747145283,,
181073,100,H4,2026-07-28 01:00:00,0.001496242270655896,35.16091347971293,,
181074,100,H4,2026-07-28 05:00:00,0.001495796394180474,39.06147382156107,,
181075,100,H4,2026-07-28 09:00:00,0.0014668109374533,38.93940810426763,,
181076,100,H4,2026-07-28 13:00:00,0.0015598958704923535,50.581203669873,,
181077,100,H4,2026-07-28 17:00:00,0.0015120461654571894,47.297804542856625,,
181078,100,H4,2026-07-28 21:00:00,0.0014804714393531055,45.33382962228847,,
181079,100,H4,2026-07-29 01:00:00,0.0014754377651135994,48.177871388502986,,
181080,100,H4,2026-07-29 05:00:00,0.0014714779247483407,46.536229765085835,,
181081,100,H4,2026-07-29 09:00:00,0.0014785152158377421,42.83751555732961,,
181082,100,H4,2026-07-29 13:00:00,0.0015493355575636157,38.772144633499096,,
181083,100,H4,2026-07-29 17:00:00,0.0018758115891662156,53.36314375256495,,
181084,100,H4,2026-07-29 21:00:00,0.0018653964756543437,54.49211799477626,,
181085,100,H4,2026-07-30 01:00:00,0.0018300110131076034,57.077368289719395,,
181086,100,H4,2026-07-30 05:00:00,0.0018521530835999196,61.81884696405987,,
181087,100,H4,2026-07-30 09:00:00,0.0019084278633427806,66.42920368834245,,
181088,100,H4,2026-07-30 13:00:00,0.0021049687302468673,75.13931907677356,,
181089,100,H4,2026-07-30 17:00:00,0.002026042392372091,75.52729062324313,,
181090,100,H4,2026-07-30 21:00:00,0.0020041822214883743,71.2842904012085,,
181091,100,H4,2026-07-31 01:00:00,0.0019353120628106363,69.45517445018973,,
181092,100,H4,2026-07-31 05:00:00,0.001967789772609877,72.96800866009346,,
181093,100,H4,2026-07-31 09:00:00,0.002062233360280601,61.351800437127075,,
181094,100,H4,2026-07-31 13:00:00,0.002134216691689131,65.80388204637083,,
181095,7,H4,2026-07-31 17:00:00,0.0028669519389916487,65.63277219926297,,
181096,7,H4,2026-08-02 21:00:00,0.002865026800492242,67.40647936951903,,
181097,7,H4,2026-08-03 01:00:00,0.002796096314742797,64.89980822321178,,
181098,29,H4,2026-07-31 17:00:00,0.0029062305690518353,40.17258929482623,,
181099,29,H4,2026-08-02 21:00:00,0.0028793569569767062,39.83730945119349,,
181100,29,H4,2026-08-03 01:00:00,0.002879402888621227,44.38601390634846,,
181101,46,H4,2026-07-31 17:00:00,1.1006624818933735,26.846081768093512,,
181102,46,H4,2026-08-02 21:00:00,1.2270437331867043,23.09187175132263,,
181103,46,H4,2026-08-03 01:00:00,1.2236120379590827,25.249326977583593,,
181104,48,H4,2026-07-31 17:00:00,1.0652147771340847,25.971425759961406,,
181105,48,H4,2026-08-02 21:00:00,1.1792708644816503,22.650933741875335,,
181106,48,H4,2026-08-03 01:00:00,1.1814658027329596,25.31601686174676,,
181107,54,H4,2026-07-31 17:00:00,1.2730443003000846,27.158312170325402,,
181108,54,H4,2026-08-02 21:00:00,1.4260411359929372,23.13413913656734,,
181109,54,H4,2026-08-03 01:00:00,1.4202524834220132,24.65851587406081,,
181110,60,H4,2026-07-31 17:00:00,0.002190272641843727,60.069071850603876,,
181111,60,H4,2026-08-02 21:00:00,0.002175967453140607,63.01594923846363,,
181112,60,H4,2026-08-03 01:00:00,0.0021305412064877055,58.524993716340376,,
181113,69,H4,2026-07-31 17:00:00,0.003522883291234481,66.70619664259067,,
181114,69,H4,2026-08-02 21:00:00,0.003441963056146296,67.16056571165744,,
181115,69,H4,2026-08-03 01:00:00,0.0033918228378501296,63.23647725870245,,
181116,78,H4,2026-07-31 17:00:00,0.0024411398743836355,39.521039544564225,,
181117,78,H4,2026-08-02 21:00:00,0.0023882013119276486,42.26569134396295,,
181118,78,H4,2026-08-03 01:00:00,0.0023311869325042434,46.011791294676236,,
181119,88,H4,2026-07-31 17:00:00,0.0011189600106112807,46.083517550753655,,
181120,88,H4,2026-08-02 21:00:00,0.001121891438424764,51.454827044696486,,
181121,88,H4,2026-08-03 01:00:00,0.0010838991928229936,54.00190059467307,,
181122,100,H4,2026-07-31 17:00:00,0.002071612126067371,67.53321928353034,,
181123,100,H4,2026-08-02 21:00:00,0.0020607826884911323,69.26557894674625,,
181124,100,H4,2026-08-03 01:00:00,0.002073583925027481,62.23390662157839,,
181125,29,D,2026-07-30 21:00:00,0.005787555040729625,43.83028146040234,,
181126,46,D,2026-07-30 21:00:00,1.2832255387082054,32.84939788409578,,
181127,48,D,2026-07-30 21:00:00,1.1906270660966438,23.982276750000608,,
181128,54,D,2026-07-30 21:00:00,1.5981160373147145,33.800705930399815,,
181129,60,D,2026-07-30 21:00:00,0.004613139144448009,62.333943847857476,,
181130,69,D,2026-07-30 21:00:00,0.008050293643943761,65.0914366347651,,
181131,78,D,2026-07-30 21:00:00,0.0056140715957617516,33.225759008835226,,
181132,88,D,2026-07-30 21:00:00,0.0028248106897485847,46.20258508264613,,
181133,100,D,2026-07-30 21:00:00,0.004698023749695236,71.05242348059984,,
181134,7,H4,2026-08-03 05:00:00,0.0027009587668867753,63.36589392215985,,
181135,7,H4,2026-08-03 09:00:00,0.002638747426394863,64.2940677312136,,
181136,7,H4,2026-08-03 13:00:00,0.002698122610223807,57.940543471544906,,
181137,7,H4,2026-08-03 17:00:00,0.0026011138523506865,58.274103900769674,,
181138,7,H4,2026-08-03 21:00:00,0.002488177148611353,57.385766891375354,,
181139,7,H4,2026-08-04 01:00:00,0.00239902163799625,58.53592333324301,,
181140,7,H4,2026-08-04 05:00:00,0.0023233772352822405,57.68054119443773,,
181141,7,H4,2026-08-04 09:00:00,0.002301707432762074,59.466590939246494,,
181142,7,H4,2026-08-04 13:00:00,0.0022915854732790644,60.44259468112528,,
181143,7,H4,2026-08-04 17:00:00,0.0022386150823305554,63.82459331038585,,
181144,7,H4,2026-08-04 21:00:00,0.002129428290735515,63.398515580145144,,
181145,7,H4,2026-08-05 01:00:00,0.0020758976985401326,64.6194471268227,,
181146,7,H4,2026-08-05 05:00:00,0.0020390478629301236,64.33057559143774,,
181147,7,H4,2026-08-05 09:00:00,0.002061973015577982,67.00451085989314,,
181148,29,H4,2026-08-03 05:00:00,0.0027783854812054435,43.137293521611866,,
181149,29,H4,2026-08-03 09:00:00,0.0026942150896907724,43.43340996608961,,
181150,29,H4,2026-08-03 13:00:00,0.0027081997261414275,48.524697607365965,,
181151,29,H4,2026-08-03 17:00:00,0.002633328317131325,47.18102694963545,,
181152,29,H4,2026-08-03 21:00:00,0.002543804865907662,46.692468361113896,,
181153,29,H4,2026-08-04 01:00:00,0.0024263902326285363,46.562657296418,,
181154,29,H4,2026-08-04 05:00:00,0.0023280766445836405,46.50696084659067,,
181155,29,H4,2026-08-04 09:00:00,0.002326071169970529,42.99038866348606,,
181156,29,H4,2026-08-04 13:00:00,0.002326351800686916,47.40786879326701,,
181157,29,H4,2026-08-04 17:00:00,0.0022573266720664164,44.0413446857541,,
181158,29,H4,2026-08-04 21:00:00,0.002161803338347381,43.873584421512554,,
181159,29,H4,2026-08-05 01:00:00,0.002137388814179706,41.842455564953795,,
181160,29,H4,2026-08-05 05:00:00,0.002174718184595441,47.78252566516854,,
181161,29,H4,2026-08-05 09:00:00,0.0021365240285529078,46.45768979535595,,
181162,46,H4,2026-08-03 05:00:00,1.1720572037312478,29.59093421954894,,
181163,46,H4,2026-08-03 09:00:00,1.1331245463218738,29.222348333771535,,
181164,46,H4,2026-08-03 13:00:00,1.1106870787274554,28.31090494122634,,
181165,46,H4,2026-08-03 17:00:00,1.0695665731040656,31.68893638078505,,
181166,46,H4,2026-08-03 21:00:00,1.0307403893109188,34.433205758158195,,
181167,46,H4,2026-08-04 01:00:00,0.982044647217281,35.607624852874,,
181168,46,H4,2026-08-04 05:00:00,0.9414700295589029,38.0263242133174,,
181169,46,H4,2026-08-04 09:00:00,0.9183650274475543,36.8553534211879,,
181170,46,H4,2026-08-04 13:00:00,0.884196096915588,38.018442591252196,,
181171,46,H4,2026-08-04 17:00:00,0.8571106614216172,42.079326979583605,,
181172,46,H4,2026-08-04 21:00:00,0.8231741856057877,40.46380213659362,,
181173,46,H4,2026-08-05 01:00:00,0.789518886633946,42.31427373642234,,
181174,46,H4,2026-08-05 05:00:00,0.7621246804458074,44.26284439002728,,
181175,46,H4,2026-08-05 09:00:00,0.727544346128249,43.71305151384315,,
181176,48,H4,2026-08-03 05:00:00,1.145237412794361,29.320935173224328,,
181177,48,H4,2026-08-03 09:00:00,1.104006169023336,28.796103943085782,,
181178,48,H4,2026-08-03 13:00:00,1.0822200140930982,29.385402697254264,,
181179,48,H4,2026-08-03 17:00:00,1.0442757273721637,31.972915957206652,,
181180,48,H4,2026-08-03 21:00:00,1.004113175417009,34.5800409131174,,
181181,48,H4,2026-08-04 01:00:00,0.9576050914586517,34.96599568971946,,
181182,48,H4,2026-08-04 05:00:00,0.913633299211604,37.31050881228942,,
181183,48,H4,2026-08-04 09:00:00,0.8952309206964898,35.8437030432402,,
181184,48,H4,2026-08-04 13:00:00,0.8617144263610254,36.298139767485054,,
181185,48,H4,2026-08-04 17:00:00,0.8223062530495238,38.02472772902901,,
181186,48,H4,2026-08-04 21:00:00,0.7898558064031309,36.834368169060056,,
181187,48,H4,2026-08-05 01:00:00,0.7617232488029063,37.8814676045513,,
181188,48,H4,2026-08-05 05:00:00,0.7326001596026996,39.83334000690688,,
181189,48,H4,2026-08-05 09:00:00,0.7124144339167918,38.358676089231125,,
181190,54,H4,2026-08-03 05:00:00,1.3532187667746551,28.685609168182438,,
181191,54,H4,2026-08-03 09:00:00,1.2979888548621787,28.46530692023336,,
181192,54,H4,2026-08-03 13:00:00,1.2744182223720224,26.921730442095537,,
181193,54,H4,2026-08-03 17:00:00,1.2382454922025923,31.050283123709505,,
181194,54,H4,2026-08-03 21:00:00,1.19144224275955,33.1758494229763,,
181195,54,H4,2026-08-04 01:00:00,1.1404820825624398,33.85460389706904,,
181196,54,H4,2026-08-04 05:00:00,1.1075905052365518,38.60319992404545,,
181197,54,H4,2026-08-04 09:00:00,1.0868340405767987,36.92183362720495,,
181198,54,H4,2026-08-04 13:00:00,1.0472030376784567,37.88478489284196,,
181199,54,H4,2026-08-04 17:00:00,1.0034028207014238,40.54961439984109,,
181200,54,H4,2026-08-04 21:00:00,0.9655883335084642,39.01273177344029,,
181201,54,H4,2026-08-05 01:00:00,0.9283320239721444,40.68607213205234,,
181202,54,H4,2026-08-05 05:00:00,0.9002368794027052,42.98030143058843,,
181203,54,H4,2026-08-05 09:00:00,0.8583628165882258,42.61281530051173,,
181204,60,H4,2026-08-03 05:00:00,0.0022157770080824105,50.08012654827179,,
181205,60,H4,2026-08-03 09:00:00,0.0021603643646479526,46.82130914467753,,
181206,60,H4,2026-08-03 13:00:00,0.0021246240528873844,46.40740296691247,,
181207,60,H4,2026-08-03 17:00:00,0.002041436620538283,47.757371422314954,,
181208,60,H4,2026-08-03 21:00:00,0.0019656197190712613,47.51990973395246,,
181209,60,H4,2026-08-04 01:00:00,0.002013789739137598,54.2101587750449,,
181210,60,H4,2026-08-04 05:00:00,0.0019606619006277692,55.3651420230658,,
181211,60,H4,2026-08-04 09:00:00,0.0019434717648686467,58.670755439760555,,
181212,60,H4,2026-08-04 13:00:00,0.0018875094959494613,60.11136769931494,,
181213,60,H4,2026-08-04 17:00:00,0.0018269731033816457,62.51518943606841,,
181214,60,H4,2026-08-04 21:00:00,0.001783617881711528,61.112530103635194,,
181215,60,H4,2026-08-05 01:00:00,0.0017719308901607013,62.69764156600551,,
181216,60,H4,2026-08-05 05:00:00,0.0017225072551492206,59.912937805980185,,
181217,60,H4,2026-08-05 09:00:00,0.0016987567369242764,61.41667202012674,,
181218,69,H4,2026-08-03 05:00:00,0.0032859698226665327,62.00772036764721,,
181219,69,H4,2026-08-03 09:00:00,0.003216257692476069,63.46452547440325,,
181220,69,H4,2026-08-03 13:00:00,0.0033050964287277716,54.22237211697043,,
181221,69,H4,2026-08-03 17:00:00,0.0031904466838186475,55.638897981774186,,
181222,69,H4,2026-08-03 21:00:00,0.003028986206403021,53.62567627139028,,
181223,69,H4,2026-08-04 01:00:00,0.0029069157630885185,53.94828311133857,,
181224,69,H4,2026-08-04 05:00:00,0.002863564637153622,57.232405644996675,,
181225,69,H4,2026-08-04 09:00:00,0.002794024305928359,57.312366316812025,,
181226,69,H4,2026-08-04 13:00:00,0.0027251654269334763,58.03065237960314,,
181227,69,H4,2026-08-04 17:00:00,0.002636939325009656,59.37312737967383,,
181228,69,H4,2026-08-04 21:00:00,0.002525015087508975,58.84996897932049,,
181229,69,H4,2026-08-05 01:00:00,0.0024589425812583375,59.85006593536637,,
181230,69,H4,2026-08-05 05:00:00,0.002423303825454168,60.29543523450683,,
181231,69,H4,2026-08-05 09:00:00,0.002457353552207451,63.49353041710968,,
181232,78,H4,2026-08-03 05:00:00,0.0022927502880308237,45.65503146359466,,
181233,78,H4,2026-08-03 09:00:00,0.0022604109817429127,44.93110492289685,,
181234,78,H4,2026-08-03 13:00:00,0.002211095911618424,46.443610331783795,,
181235,78,H4,2026-08-03 17:00:00,0.0021360176322171116,47.52646061613431,,
181236,78,H4,2026-08-03 21:00:00,0.0020505878013444725,46.54672769055046,,
181237,78,H4,2026-08-04 01:00:00,0.0019641172441055782,46.952816708469776,,
181238,78,H4,2026-08-04 05:00:00,0.002012394583812321,45.001471029106305,,
181239,78,H4,2026-08-04 09:00:00,0.002080080684968573,54.301785766235874,,
181240,78,H4,2026-08-04 13:00:00,0.0021336463503279684,58.389328360116345,,
181241,78,H4,2026-08-04 17:00:00,0.0021098144681616867,52.54872353333817,,
181242,78,H4,2026-08-04 21:00:00,0.0020219705775787085,54.57145524008564,,
181243,78,H4,2026-08-05 01:00:00,0.0019611155363230787,56.34907754793311,,
181244,78,H4,2026-08-05 05:00:00,0.0019253215694428599,54.71415580204241,,
181245,78,H4,2026-08-05 09:00:00,0.0019963700287683726,47.88523795654347,,
181246,88,H4,2026-08-03 05:00:00,0.0010393650555332418,54.09366544950526,,
181247,88,H4,2026-08-03 09:00:00,0.0010294104087094397,52.02375328467813,,
181248,88,H4,2026-08-03 13:00:00,0.0010301668080873398,58.87897420625829,,
181249,88,H4,2026-08-03 17:00:00,0.001008012036081105,55.15955424307944,,
181250,88,H4,2026-08-03 21:00:00,0.0009774397477895994,57.947055462225684,,
181251,88,H4,2026-08-04 01:00:00,0.0009340511943760553,59.653014373549084,,
181252,88,H4,2026-08-04 05:00:00,0.000963047537634909,48.81277389071689,,
181253,88,H4,2026-08-04 09:00:00,0.0009399727135181358,52.472257443349456,,
181254,88,H4,2026-08-04 13:00:00,0.0009335460911239845,53.0744029422985,,
181255,88,H4,2026-08-04 17:00:00,0.0009325785131865593,57.62718461278555,,
181256,88,H4,2026-08-04 21:00:00,0.0009088229051018004,57.83696470580724,,
181257,88,H4,2026-08-05 01:00:00,0.0008667641261659566,58.428023980474464,,
181258,88,H4,2026-08-05 05:00:00,0.0008612809742969647,56.81966210265031,,
181259,88,H4,2026-08-05 09:00:00,0.0008526180475614725,55.82668250274189,,
181260,100,H4,2026-08-03 05:00:00,0.002068160967934453,59.51879320224092,,
181261,100,H4,2026-08-03 09:00:00,0.0020240066130819885,59.67080980612603,,
181262,100,H4,2026-08-03 13:00:00,0.0019594347121475613,57.990097791093,,
181263,100,H4,2026-08-03 17:00:00,0.0019073322327084544,59.28262555428219,,
181264,100,H4,2026-08-03 21:00:00,0.0018246656446578525,57.669059152890206,,
181265,100,H4,2026-08-04 01:00:00,0.001747189527182289,58.025216289665856,,
181266,100,H4,2026-08-04 05:00:00,0.001704533132383553,58.93843538959492,,
181267,100,H4,2026-08-04 09:00:00,0.0017399236229275912,63.69555612729697,,
181268,100,H4,2026-08-04 13:00:00,0.0017177862212899091,64.08137148789763,,
181269,100,H4,2026-08-04 17:00:00,0.001663658634054921,66.4446393797738,,
181270,100,H4,2026-08-04 21:00:00,0.0017226830173367117,57.43983369572904,,
181271,100,H4,2026-08-05 01:00:00,0.0017117770875269517,54.861334290933534,,
181272,100,H4,2026-08-05 05:00:00,0.0016995072955607398,50.10209443165018,,
181273,100,H4,2026-08-05 09:00:00,0.001699542488734975,53.00303870499108,,
181274,7,H4,2026-08-05 13:00:00,0.002140143903554375,67.38447894386111,,
181275,7,H4,2026-08-05 17:00:00,0.002105847910443348,69.27582010762333,,
181276,7,H4,2026-08-05 21:00:00,0.0020161444882688243,70.0344705707178,,
181277,7,H4,2026-08-06 01:00:00,0.0019514198819639043,65.7781956414141,,
181278,7,H4,2026-08-06 05:00:00,0.0019020327475379138,62.52677136617641,,
181279,7,H4,2026-08-06 09:00:00,0.0018404589798566293,59.941113595754835,,
181280,7,H4,2026-08-06 13:00:00,0.001925426195581162,51.20743180779737,,
181281,7,H4,2026-08-06 17:00:00,0.001849324324468212,52.692071833807894,,
181282,7,H4,2026-08-06 21:00:00,0.0017643725870062042,50.3545351402112,,
181283,7,H4,2026-08-07 01:00:00,0.0016897745450771935,52.36264657118258,,
181284,7,H4,2026-08-07 05:00:00,0.001624076363285961,52.36264657118258,,
181285,7,H4,2026-08-07 09:00:00,0.0019209280516226705,68.512494538539,1.15808,
181286,7,H4,2026-08-07 13:00:00,0.0019637189050781996,62.148229724322164,,
181287,7,H4,2026-08-07 17:00:00,0.00192631041185832,61.70095337630939,,
181288,7,H4,2026-08-09 21:00:00,0.0018780025252970096,61.76022913634165,,
181289,7,H4,2026-08-10 01:00:00,0.0018238594877757954,58.54032515165018,,
181290,7,H4,2026-08-10 05:00:00,0.0018064409529346612,61.57992184433542,,
181291,7,H4,2026-08-10 09:00:00,0.001811695170582177,55.080101692573095,,
181292,7,H4,2026-08-10 13:00:00,0.0017680026583977422,55.080101692573095,,
181293,7,H4,2026-08-10 17:00:00,0.001696002468512196,52.98046082011216,,
181294,7,H4,2026-08-10 21:00:00,0.001630573720761325,54.51573299498376,,
181295,7,H4,2026-08-11 01:00:00,0.0015941041692783579,52.809337842031596,,
181296,7,H4,2026-08-11 05:00:00,0.0015659538714727515,49.56600604096801,,
181297,7,H4,2026-08-11 09:00:00,0.0015341000235104128,52.109588628699974,,
181298,7,H4,2026-08-11 13:00:00,0.0015088071646882535,51.011793788594815,,
181299,7,H4,2026-08-11 17:00:00,0.001468178081496231,52.84576345255098,,
181300,7,H4,2026-08-11 21:00:00,0.001400451075675061,51.57505712806272,,
181301,7,H4,2026-08-12 01:00:00,0.0013561331416982712,48.762636487955334,,
181302,7,H4,2026-08-12 05:00:00,0.0013156950601483995,49.54867725652913,,
181303,7,H4,2026-08-12 09:00:00,0.0014424311272806434,60.65045079541863,,
181304,7,H4,2026-08-12 13:00:00,0.0016122574753320213,45.49759342625913,,
181305,7,H4,2026-08-12 17:00:00,0.0015742390842368747,44.275774805201564,,
181306,7,H4,2026-08-12 21:00:00,0.001528936292505681,46.17299543591171,,
181307,7,H4,2026-08-13 01:00:00,0.0014997265573267044,44.94753923318039,,
181308,7,H4,2026-08-13 05:00:00,0.0015126032318033614,44.121313973099404,,1.15118
181309,7,H4,2026-08-13 09:00:00,0.0015559887152459713,53.67743096853917,,
181310,7,H4,2026-08-13 13:00:00,0.0015962752355855535,47.375871800976476,,
181311,7,H4,2026-08-13 17:00:00,0.0015293984330437358,47.25054814724782,,
181312,7,H4,2026-08-13 21:00:00,0.0015115842592548937,51.44623943875693,,
181313,7,H4,2026-08-14 01:00:00,0.0014636139550223976,51.62836864388098,,
181314,7,H4,2026-08-14 05:00:00,0.001496212958235078,58.64486268671082,,
181315,7,H4,2026-08-14 09:00:00,0.001588626318361133,62.29138403115881,,
181316,7,H4,2026-08-14 13:00:00,0.0016408672956210433,64.00060864656459,,
181317,7,H4,2026-08-14 17:00:00,0.0015843767745052399,63.523557782814386,,
181318,7,H4,2026-08-16 21:00:00,0.0015926355763262808,66.75891476635168,,
181319,7,H4,2026-08-17 01:00:00,0.0015488758923029738,68.2293523996476,,
181320,7,H4,2026-08-17 05:00:00,0.0016625276142813272,72.2020869350133,,
181321,7,H4,2026-08-17 09:00:00,0.001652347070404087,71.24942578819059,,
181322,7,H4,2026-08-17 13:00:00,0.0016628937082323683,65.22518830033442,,
181323,7,H4,2026-08-17 17:00:00,0.0016769727290729115,59.946673232492955,,
181324,7,H4,2026-08-17 21:00:00,0.0016086175341391358,61.10236724095123,,
181325,7,H4,2026-08-18 01:00:00,0.0016065734245577629,54.8017239072185,,
181326,7,H4,2026-08-18 05:00:00,0.0015718181799464948,56.831523424161574,,
181327,7,H4,2026-08-18 09:00:00,0.0015181168813788912,55.57344390774476,,
181328,7,H4,2026-08-18 13:00:00,0.0015368228184232645,58.15789981241622,,
181329,7,H4,2026-08-18 17:00:00,0.001491335474250167,55.417007997033025,,
181330,7,H4,2026-08-18 21:00:00,0.0014448115118037232,54.73790413783537,,
181331,7,H4,2026-08-19 01:00:00,0.0014630392609606027,60.309251911450275,,
181332,7,H4,2026-08-19 05:00:00,0.0015056793137491274,65.12923716056497,,
181333,7,H4,2026-08-19 09:00:00,0.0017352736484813366,75.14662510581272,,
181334,7,H4,2026-08-19 13:00:00,0.0019084683878755385,80.42849740337064,,
181335,7,H4,2026-08-19 17:00:00,0.001920006360170144,81.58495235979429,,
181336,7,H4,2026-08-19 21:00:00,0.0018442916201579969,79.83509650718872,,
181337,7,H4,2026-08-20 01:00:00,0.0018125565044324304,79.01090098713084,,
181338,7,H4,2026-08-20 05:00:00,0.0018952310398301238,82.58001570873851,,
181339,7,H4,2026-08-20 09:00:00,0.0019934288226993923,77.10701411438012,,
181340,7,H4,2026-08-20 13:00:00,0.002032469621078006,69.47111333437375,,
181341,7,H4,2026-08-20 17:00:00,0.001957293219572433,70.53227205757517,,
181342,7,H4,2026-08-20 21:00:00,0.001908200846745822,71.51647726638122,,
181343,7,H4,2026-08-21 01:00:00,0.001900472214835408,73.4836031725987,,
181344,7,H4,2026-08-21 05:00:00,0.0019054384852042936,75.67639375304472,,
181345,7,H4,2026-08-21 09:00:00,0.001958621450546847,68.27827219514155,,
181346,7,H4,2026-08-21 13:00:00,0.001978719918364931,64.20410955905501,,
181347,7,H4,2026-08-21 17:00:00,0.0019080970670531535,61.855350511493825,,
181348,7,H4,2026-08-23 21:00:00,0.0018732329908350694,64.21413238763581,,
181349,7,H4,2026-08-24 01:00:00,0.0018180020629182702,63.00838060972377,,
181350,7,H4,2026-08-24 05:00:00,0.0018495733441383885,54.38620621096913,,
181351,7,H4,2026-08-24 09:00:00,0.001814603819557077,56.41784943193185,,
181352,7,H4,2026-08-24 13:00:00,0.0017699892610172875,54.479055534845635,,
181353,7,H4,2026-08-24 17:00:00,0.0017249900280874913,54.130657850056025,,
181354,7,H4,2026-08-24 21:00:00,0.0016674907403669587,55.9144115494372,,
181355,7,H4,2026-08-25 01:00:00,0.001648384258912165,50.14994203986913,,
181356,7,H4,2026-08-25 05:00:00,0.0016499282404184273,54.745846708673106,,
181357,7,H4,2026-08-25 09:00:00,0.0016420762232456892,54.198607264797225,,
181358,7,H4,2026-08-25 13:00:00,0.0016054993501567008,56.23992700147847,,
181359,7,H4,2026-08-25 17:00:00,0.0015701065394312182,57.419026701585686,,
181360,7,H4,2026-08-25 21:00:00,0.0015008132151861423,56.329342640424564,,
181361,7,H4,2026-08-26 01:00:00,0.0014907551283871183,50.82411650738293,,
181362,29,H4,2026-08-05 13:00:00,0.002355765967476983,39.72159233368836,,
181363,29,H4,2026-08-05 17:00:00,0.0022932112555143444,38.09372234200091,,
181364,29,H4,2026-08-05 21:00:00,0.0022265533086918933,36.62012004008203,,
181365,29,H4,2026-08-06 01:00:00,0.0021717995009281877,40.158504228905535,,
181366,29,H4,2026-08-06 05:00:00,0.0021330995365761757,44.69288353968749,,
181367,29,H4,2026-08-06 09:00:00,0.002100735283963593,48.929766958297506,,
181368,29,H4,2026-08-06 13:00:00,0.0022878256208233327,56.466067588575356,0.8136,
181369,29,H4,2026-08-06 17:00:00,0.0021965523621930915,56.32620371054007,,
181370,29,H4,2026-08-06 21:00:00,0.0020825129077507313,57.68083481528393,,
181371,29,H4,2026-08-07 01:00:00,0.0019773334143399646,56.96725696842153,,
181372,29,H4,2026-08-07 05:00:00,0.001967523884744257,51.75731760758076,,
181373,29,H4,2026-08-07 09:00:00,0.0022312721786910956,39.73044211666791,,0.80566
181374,29,H4,2026-08-07 13:00:00,0.002214038451641727,41.82027877280845,,
181375,29,H4,2026-08-07 17:00:00,0.0021551785622387467,43.16444044161908,,
181376,29,H4,2026-08-09 21:00:00,0.0021248086649359797,44.115797108672716,,
181377,29,H4,2026-08-10 01:00:00,0.0020573223317262718,47.260427571014816,,
181378,29,H4,2026-08-10 05:00:00,0.00209322787946011,44.0914351848216,,
181379,29,H4,2026-08-10 09:00:00,0.002066568745212955,48.67019846341882,,
181380,29,H4,2026-08-10 13:00:00,0.0020453852634120333,49.30888583247376,,
181381,29,H4,2026-08-10 17:00:00,0.0019592863160254642,51.81961147678235,,
181382,29,H4,2026-08-10 21:00:00,0.0018779087220236485,49.66257183393927,,
181383,29,H4,2026-08-11 01:00:00,0.0018237723847362457,51.3831451205675,,
181384,29,H4,2026-08-11 05:00:00,0.0017742172143979478,54.57846664547798,,
181385,29,H4,2026-08-11 09:00:00,0.0017474874133695199,53.0078976570066,,
181386,29,H4,2026-08-11 13:00:00,0.0017376668838431255,55.31582869991045,,
181387,29,H4,2026-08-11 17:00:00,0.0017106906778543327,53.52293355141497,,
181388,29,H4,2026-08-11 21:00:00,0.0016720699151504521,55.87381603758937,,
181389,29,H4,2026-08-12 01:00:00,0.0016212077783539884,58.338838200538454,,
181390,29,H4,2026-08-12 05:00:00,0.0016061215084715622,60.70295554207955,,
181391,29,H4,2026-08-12 09:00:00,0.0017799699721521682,46.949307181359465,,
181392,29,H4,2026-08-12 13:00:00,0.001901400688427016,57.547807642082404,,
181393,29,H4,2026-08-12 17:00:00,0.001859157782110795,59.707984383769166,,
181394,29,H4,2026-08-12 21:00:00,0.0018227893691028783,56.567855743637764,,
181395,29,H4,2026-08-13 01:00:00,0.0018140186998812466,59.31524244054241,,
181396,29,H4,2026-08-13 05:00:00,0.0018337316498897318,55.8385723124846,,
181397,29,H4,2026-08-13 09:00:00,0.0018413222463261832,50.888060216062996,,
181398,29,H4,2026-08-13 13:00:00,0.001882656371588597,55.90193350713175,,
181399,29,H4,2026-08-13 17:00:00,0.0018738952021894184,58.77807232208182,0.81471,
181400,29,H4,2026-08-13 21:00:00,0.0018107598306044634,57.11662648019813,,
181401,29,H4,2026-08-14 01:00:00,0.0017471341284184326,56.48753248463006,,
181402,29,H4,2026-08-14 05:00:00,0.0016851959763885438,56.220788521885474,,
181403,29,H4,2026-08-14 09:00:00,0.0017941105495036433,48.77894794559444,,
181404,29,H4,2026-08-14 13:00:00,0.0018138169388248128,52.04503416342044,,
181405,29,H4,2026-08-14 17:00:00,0.0017542585860516105,55.02566522786497,,
181406,29,H4,2026-08-16 21:00:00,0.0017732401156193463,48.73698040510576,,
181407,29,H4,2026-08-17 01:00:00,0.0017222943930751116,47.88969613119295,,
181408,29,H4,2026-08-17 05:00:00,0.0019171305078554655,39.684608999757,,
181409,29,H4,2026-08-17 09:00:00,0.0019109069001515037,41.26332200606738,,
181410,29,H4,2026-08-17 13:00:00,0.0019086992644263957,44.11579710684555,,
181411,29,H4,2026-08-17 17:00:00,0.001895220745538792,47.47766206685654,,
181412,29,H4,2026-08-17 21:00:00,0.0018377049780003093,46.95826190066049,,
181413,29,H4,2026-08-18 01:00:00,0.0018150117652859991,51.15124470027378,,
181414,29,H4,2026-08-18 05:00:00,0.0017939394963370045,50.064829250743315,,
181415,29,H4,2026-08-18 09:00:00,0.0017743723894557955,53.309751804491896,,
181416,29,H4,2026-08-18 13:00:00,0.0017876315044946646,51.529521833490236,,
181417,29,H4,2026-08-18 17:00:00,0.0017206578256021897,53.66581596624146,,
181418,29,H4,2026-08-18 21:00:00,0.0016748965523448883,52.764223081664824,,
181419,29,H4,2026-08-19 01:00:00,0.0016809753700345379,47.59731080094569,,
181420,29,H4,2026-08-19 05:00:00,0.0016380485578892194,46.33059730065121,,
181421,29,H4,2026-08-19 09:00:00,0.0018403308037542813,33.063900859135515,,
181422,29,H4,2026-08-19 13:00:00,0.0023153071749146895,20.651809240988797,,
181423,29,H4,2026-08-19 17:00:00,0.002400642376706498,18.613032423465853,,
181424,29,H4,2026-08-19 21:00:00,0.002381310778370317,25.254401933952295,,
181425,29,H4,2026-08-20 01:00:00,0.00233264572277244,29.00501586828122,,
181426,29,H4,2026-08-20 05:00:00,0.002367456742574404,25.96898877757866,,
181427,29,H4,2026-08-20 09:00:00,0.0024926384038190903,25.80094837149727,,0.79498
181428,29,H4,2026-08-20 13:00:00,0.00258030708926058,35.303330705069854,,
181429,29,H4,2026-08-20 17:00:00,0.002445999440027684,35.62734909575998,,
181430,29,H4,2026-08-20 21:00:00,0.002356999480025705,35.15334823952453,,
181431,29,H4,2026-08-21 01:00:00,0.0023036423743095836,34.423393887868755,,
181432,29,H4,2026-08-21 05:00:00,0.002266239347573185,33.55144378374618,,
181433,29,H4,2026-08-21 09:00:00,0.002265793679889389,35.55472239533579,,
181434,29,H4,2026-08-21 13:00:00,0.002271094131325862,40.154471114059334,,
181435,29,H4,2026-08-21 17:00:00,0.0021617302648025837,41.12969868264952,,
181436,29,H4,2026-08-23 21:00:00,0.0021537495316023988,37.14072855057334,,
181437,29,H4,2026-08-24 01:00:00,0.0020734817079165113,38.566605149641624,,
181438,29,H4,2026-08-24 05:00:00,0.0021210901573510436,46.553868047284354,,
181439,29,H4,2026-08-24 09:00:00,0.0020874408603974008,47.886914239403346,,
181440,29,H4,2026-08-24 13:00:00,0.0020183379417975872,47.0227205201811,,
181441,29,H4,2026-08-24 17:00:00,0.0019405995173834728,47.64883239880936,,
181442,29,H4,2026-08-24 21:00:00,0.0018591281232846549,46.394050627902466,,
181443,29,H4,2026-08-25 01:00:00,0.001851333257335745,52.98259721399441,,
181444,29,H4,2026-08-25 05:00:00,0.001827666596097483,48.65123646483975,,
181445,29,H4,2026-08-25 09:00:00,0.0017735475535190924,48.23782949332635,,
181446,29,H4,2026-08-25 13:00:00,0.0017518655854105918,47.91891600777362,,
181447,29,H4,2026-08-25 17:00:00,0.0017667323293098403,43.646066314716144,,
181448,29,H4,2026-08-25 21:00:00,0.001716251448644856,45.36314739591301,,
181449,29,H4,2026-08-26 01:00:00,0.0017379477737416538,53.100548141134304,,
181450,46,H4,2026-08-05 13:00:00,0.8578049940676185,38.232641549986994,,
181451,46,H4,2026-08-05 17:00:00,0.8108189230627877,39.76499977576267,,
181452,46,H4,2026-08-05 21:00:00,0.7700461428440157,39.735914291134456,,
181453,46,H4,2026-08-06 01:00:00,0.7271857040694423,38.96852804038438,,
181454,46,H4,2026-08-06 05:00:00,0.6875295823501961,39.284215338047794,,
181455,46,H4,2026-08-06 09:00:00,0.6541346121823249,39.29774082134645,,
181456,46,H4,2026-08-06 13:00:00,0.6406964255978738,44.75787661107586,,
181457,46,H4,2026-08-06 17:00:00,0.6082895380551694,44.715822614782574,,
181458,46,H4,2026-08-06 21:00:00,0.5774117139083706,44.81354476819875,,
181459,46,H4,2026-08-07 01:00:00,0.5577394486292008,43.62713287206788,,
181460,46,H4,2026-08-07 05:00:00,0.531686630869973,43.57743560131594,,
181461,46,H4,2026-08-07 09:00:00,0.5924233000935447,39.23366717695625,,
181462,46,H4,2026-08-07 13:00:00,0.5928930643725765,37.59051391376773,,
181463,46,H4,2026-08-07 17:00:00,0.5869007026316773,44.27562299207294,,
181464,46,H4,2026-08-09 21:00:00,0.5658363667294147,46.93700080578851,,
181465,46,H4,2026-08-10 01:00:00,0.5515623405344575,51.93904903297652,,
181466,46,H4,2026-08-10 05:00:00,0.5535936019248543,58.41821846599386,,
181467,46,H4,2026-08-10 09:00:00,0.5552654875016503,59.5526238111139,,
181468,46,H4,2026-08-10 13:00:00,0.5285322383943883,60.750975830977275,,
181469,46,H4,2026-08-10 17:00:00,0.51235136422336,63.43639284733707,,
181470,46,H4,2026-08-10 21:00:00,0.5006834096359765,60.916214898304354,,
181471,46,H4,2026-08-11 01:00:00,0.4774203089476932,60.89719736658135,,
181472,46,H4,2026-08-11 05:00:00,0.45853314402285755,62.04564204910333,,
181473,46,H4,2026-08-11 09:00:00,0.44506649087836647,61.65561965730083,,
181474,46,H4,2026-08-11 13:00:00,0.42249031295848455,60.83200312639522,,
181475,46,H4,2026-08-11 17:00:00,0.40395529060430585,62.01594531298238,,
181476,46,H4,2026-08-11 21:00:00,0.3849584841325701,62.454681083197414,,
181477,46,H4,2026-08-12 01:00:00,0.3681043066945295,62.57107593093794,,
181478,46,H4,2026-08-12 05:00:00,0.35238257050206284,59.968351980483945,,
181479,46,H4,2026-08-12 09:00:00,0.3758552440376306,53.679346751879436,,
181480,46,H4,2026-08-12 13:00:00,0.37415129803494296,57.19352014955891,,
181481,46,H4,2026-08-12 17:00:00,0.3562833481753039,57.00506907947296,,
181482,46,H4,2026-08-12 21:00:00,0.3411202518770683,55.322430184383684,,
181483,46,H4,2026-08-13 01:00:00,0.33889737674299214,51.9896033115392,,
181484,46,H4,2026-08-13 05:00:00,0.33011899268992184,55.47511452951708,,
181485,46,H4,2026-08-13 09:00:00,0.32032477892635686,56.56823580411052,,
181486,46,H4,2026-08-13 13:00:00,0.3213730090030462,59.50673052664219,,
181487,46,H4,2026-08-13 17:00:00,0.30584636550282757,60.15931570305165,,
181488,46,H4,2026-08-13 21:00:00,0.2943573393954835,59.58872443926077,,
181489,46,H4,2026-08-14 01:00:00,0.2816175294386642,58.948971799019134,,
181490,46,H4,2026-08-14 05:00:00,0.2794305630501885,60.7890659240714,,
181491,46,H4,2026-08-14 09:00:00,0.29482837997517336,55.61431091592291,,
181492,46,H4,2026-08-14 13:00:00,0.3214120671198039,68.50814450349769,,
181493,46,H4,2026-08-14 17:00:00,0.3077397766112462,66.4095940811855,,
181494,46,H4,2026-08-16 21:00:00,0.3030440782818728,59.91958021461912,,
181495,46,H4,2026-08-17 01:00:00,0.29811235840459677,63.63067358447463,,
181496,46,H4,2026-08-17 05:00:00,0.3073900470899825,67.54465810874515,,
181497,46,H4,2026-08-17 09:00:00,0.3012193294406983,69.35869381746052,,
181498,46,H4,2026-08-17 13:00:00,0.29684652019493474,69.006685046734,,
181499,46,H4,2026-08-17 17:00:00,0.28578605446672484,68.1132152311088,,
181500,46,H4,2026-08-17 21:00:00,0.2818013362905295,68.26073459112474,,
181501,46,H4,2026-08-18 01:00:00,0.27895838369834813,70.67171450427401,,
181502,46,H4,2026-08-18 05:00:00,0.2718899277198952,71.51895106894091,,
181503,46,H4,2026-08-18 09:00:00,0.26318350431133164,69.755733208631,,
181504,46,H4,2026-08-18 13:00:00,0.25567039686052334,68.7725390944569,,
181505,46,H4,2026-08-18 17:00:00,0.2436939399419161,68.32804473594602,,
181506,46,H4,2026-08-18 21:00:00,0.24700151566035214,58.85968712303347,,
181507,46,H4,2026-08-19 01:00:00,0.242715693113185,59.811202817362975,,
181508,46,H4,2026-08-19 05:00:00,0.240521715033671,60.11226656817867,,
181509,46,H4,2026-08-19 09:00:00,0.2809844496741242,56.81227507275895,,
181510,46,H4,2026-08-19 13:00:00,0.2939141318402595,64.83854164209852,,
181511,46,H4,2026-08-19 17:00:00,0.29734883670881335,59.44608179268588,,
181512,46,H4,2026-08-19 21:00:00,0.3021096340867535,65.35629785757351,,
181513,46,H4,2026-08-20 01:00:00,0.3011018030805576,68.91383303233074,,
181514,46,H4,2026-08-20 05:00:00,0.3145231028605181,74.08818988283488,,
181515,46,H4,2026-08-20 09:00:00,0.3100571669419104,74.24887501485725,,
181516,46,H4,2026-08-20 13:00:00,0.31991022644605815,76.70925696261705,,
181517,46,H4,2026-08-20 17:00:00,0.31555949598562444,78.7683214074888,,
181518,46,H4,2026-08-20 21:00:00,0.31216238912950844,80.04276463893514,,
181519,46,H4,2026-08-21 01:00:00,0.30550793276311455,80.59027063464953,,
181520,46,H4,2026-08-21 05:00:00,0.31282879470860747,65.90563802138676,,
181521,46,H4,2026-08-21 09:00:00,0.3153410236579936,66.45121326820552,,
181522,46,H4,2026-08-21 13:00:00,0.311959521968137,68.42801839089722,,
181523,46,H4,2026-08-21 17:00:00,0.30274812754184094,66.00712001997903,,
181524,46,H4,2026-08-23 21:00:00,0.31583754700313726,60.11731004751929,,
181525,46,H4,2026-08-24 01:00:00,0.3066348650743426,62.68488395356654,,
181526,46,H4,2026-08-24 05:00:00,0.3040895175690335,64.36732821072968,,
181527,46,H4,2026-08-24 09:00:00,0.3026545520283897,61.639571776123965,,
181528,46,H4,2026-08-24 13:00:00,0.2971792268835047,60.00410505440546,,
181529,46,H4,2026-08-24 17:00:00,0.28988071067753957,60.50278102899366,,
181530,46,H4,2026-08-24 21:00:00,0.2861749456291438,64.84987502312524,,
181531,46,H4,2026-08-25 01:00:00,0.2853053066556336,61.834492291527404,,
181532,46,H4,2026-08-25 05:00:00,0.28714064189451743,67.2155259722948,,
181533,46,H4,2026-08-25 09:00:00,0.2864877389020513,64.16082296645416,,
181534,46,H4,2026-08-25 13:00:00,0.27631004326618885,65.46283181469747,,
181535,46,H4,2026-08-25 17:00:00,0.26935932589003264,63.75615051807213,,
181536,46,H4,2026-08-25 21:00:00,0.2621193740407451,60.61430144930085,,
181537,46,H4,2026-08-26 01:00:00,0.27575370446640435,48.929285664034836,,
181538,48,H4,2026-08-05 13:00:00,0.8577719118773047,35.14195460540495,,
181539,48,H4,2026-08-05 17:00:00,0.8103596324574985,35.38276590595834,,
181540,48,H4,2026-08-05 21:00:00,0.7674768015676777,35.11471734701584,,
181541,48,H4,2026-08-06 01:00:00,0.7240141728842716,35.27815470528101,,
181542,48,H4,2026-08-06 05:00:00,0.685656017678251,36.58809782959427,,
181543,48,H4,2026-08-06 09:00:00,0.6451805878440903,37.46919744986517,,
181544,48,H4,2026-08-06 13:00:00,0.651596260140942,45.229494035772284,,
181545,48,H4,2026-08-06 17:00:00,0.6206965272737314,44.75570390981315,,
181546,48,H4,2026-08-06 21:00:00,0.590503918182749,45.61211968407854,,
181547,48,H4,2026-08-07 01:00:00,0.5711107811696967,43.958165036257576,,
181548,48,H4,2026-08-07 05:00:00,0.5439600110861471,43.958165036257576,,
181549,48,H4,2026-08-07 09:00:00,0.6301771531514228,34.46501192050563,,156.666
181550,48,H4,2026-08-07 13:00:00,0.6383787850691787,35.39179234158769,,
181551,48,H4,2026-08-07 17:00:00,0.6284945861356659,40.638275077921904,,
181552,48,H4,2026-08-09 21:00:00,0.6078164014116896,42.67742954564609,,
181553,48,H4,2026-08-10 01:00:00,0.5939723727394252,47.897637756486155,,
181554,48,H4,2026-08-10 05:00:00,0.5791172032580373,51.856476986682864,,
181555,48,H4,2026-08-10 09:00:00,0.5755374030253202,54.998291810139484,,
181556,48,H4,2026-08-10 13:00:00,0.5493561599520833,56.028389742430264,,
181557,48,H4,2026-08-10 17:00:00,0.5344735770983636,58.975293956371374,,
181558,48,H4,2026-08-10 21:00:00,0.5245111787341955,56.56496377799539,,
181559,48,H4,2026-08-11 01:00:00,0.5042603802531825,57.08440798734125,,
181560,48,H4,2026-08-11 05:00:00,0.48431321023509766,59.073013261337046,,
181561,48,H4,2026-08-11 09:00:00,0.4734336952183065,57.567425301620894,,
181562,48,H4,2026-08-11 13:00:00,0.4509027169884286,57.53112457665924,,
181563,48,H4,2026-08-11 17:00:00,0.42669538006068536,57.83179972961654,,
181564,48,H4,2026-08-11 21:00:00,0.4080742814849239,58.61317139823863,,
181565,48,H4,2026-08-12 01:00:00,0.3909261185217155,59.75601456801694,,
181566,48,H4,2026-08-12 05:00:00,0.3740028243415927,57.53633207078397,,
181567,48,H4,2026-08-12 09:00:00,0.4017169083171933,47.419402593326026,,
181568,48,H4,2026-08-12 13:00:00,0.42473712915168077,56.73271024468321,,
181569,48,H4,2026-08-12 17:00:00,0.4078987627837031,57.23726477379986,,
181570,48,H4,2026-08-12 21:00:00,0.39347742258486634,55.177688499221574,,
181571,48,H4,2026-08-13 01:00:00,0.38744332097166145,53.870536716814456,,
181572,48,H4,2026-08-13 05:00:00,0.3752687980451131,56.425727114442125,,
181573,48,H4,2026-08-13 09:00:00,0.3673210267561751,51.80990113470054,,
181574,48,H4,2026-08-13 13:00:00,0.37494095341644756,56.90984762727936,,
181575,48,H4,2026-08-13 17:00:00,0.35737374245813125,57.42801710196845,,
181576,48,H4,2026-08-13 21:00:00,0.3453470465682642,54.37652648975403,,
181577,48,H4,2026-08-14 01:00:00,0.32975082895624397,53.92338554158438,,
181578,48,H4,2026-08-14 05:00:00,0.32712576974508417,50.15129542951132,,
181579,48,H4,2026-08-14 09:00:00,0.3461167861918631,45.198597427799655,,
181580,48,H4,2026-08-14 13:00:00,0.3626798728924445,53.732761013138635,,
181581,48,H4,2026-08-14 17:00:00,0.3430598819715552,52.834706264191674,,
181582,48,H4,2026-08-16 21:00:00,0.34641274754501455,47.15728505477321,,
181583,48,H4,2026-08-17 01:00:00,0.33559755129179875,49.13248866467702,,
181584,48,H4,2026-08-17 05:00:00,0.33355486905666937,49.27400893143116,,
181585,48,H4,2026-08-17 09:00:00,0.325372378409764,51.712822588987656,,
181586,48,H4,2026-08-17 13:00:00,0.3176314942376389,54.08988789879758,,
181587,48,H4,2026-08-17 17:00:00,0.3122292446492375,56.158079816127156,,
181588,48,H4,2026-08-17 21:00:00,0.30607001288857766,55.18909990066972,,
181589,48,H4,2026-08-18 01:00:00,0.30942215482510843,60.32971205800188,,
181590,48,H4,2026-08-18 05:00:00,0.298606286623314,59.71723147226955,159.78,
181591,48,H4,2026-08-18 09:00:00,0.28863440900736237,59.598758228491626,,
181592,48,H4,2026-08-18 13:00:00,0.2890176655068372,56.691812769976934,,
181593,48,H4,2026-08-18 17:00:00,0.27630211797063586,57.91232989384711,,
181594,48,H4,2026-08-18 21:00:00,0.274851966687019,52.88514907825527,,
181595,48,H4,2026-08-19 01:00:00,0.2761482547808038,49.27751705701258,,
181596,48,H4,2026-08-19 05:00:00,0.27628052229646005,45.16803659585233,,
181597,48,H4,2026-08-19 09:00:00,0.3354033421324261,34.21326505965996,,
181598,48,H4,2026-08-19 13:00:00,0.35137453198010976,31.25505813715445,,
181599,48,H4,2026-08-19 17:00:00,0.3636334939815322,28.337346350636125,,
181600,48,H4,2026-08-19 21:00:00,0.36680253012570957,35.37136121927729,,158.029
181601,48,H4,2026-08-20 01:00:00,0.3648166351167302,39.69766086268137,,
181602,48,H4,2026-08-20 05:00:00,0.3680440183226778,38.38766113573802,,
181603,48,H4,2026-08-20 09:00:00,0.3846123027282004,42.16437230299492,,
181604,48,H4,2026-08-20 13:00:00,0.40028285253332785,50.15535434617928,,
181605,48,H4,2026-08-20 17:00:00,0.3869769344952329,51.529114868149705,,
181606,48,H4,2026-08-20 21:00:00,0.3779071534598585,52.09369389248233,,
181607,48,H4,2026-08-21 01:00:00,0.3691280710698682,50.002940724909536,,
181608,48,H4,2026-08-21 05:00:00,0.37983320885059235,40.71520204618782,,
181609,48,H4,2026-08-21 09:00:00,0.38784512250412073,45.8463632665459,,
181610,48,H4,2026-08-21 13:00:00,0.38271332803954083,50.199392441486225,,
181611,48,H4,2026-08-21 17:00:00,0.3618766617510028,50.54432266848225,,
181612,48,H4,2026-08-23 21:00:00,0.36795690019736,45.47616701470705,,
181613,48,H4,2026-08-24 01:00:00,0.3596028358975489,48.35256253898771,,
181614,48,H4,2026-08-24 05:00:00,0.3642740619048656,54.88720479777678,,
181615,48,H4,2026-08-24 09:00:00,0.36239734319737477,51.801821381232884,,
181616,48,H4,2026-08-24 13:00:00,0.35065467582613424,52.33543785207076,,
181617,48,H4,2026-08-24 17:00:00,0.3419650561242665,52.93811789164779,,
181618,48,H4,2026-08-24 21:00:00,0.32725326640110425,54.76475907364502,,
181619,48,H4,2026-08-25 01:00:00,0.32294946165816996,57.13958306662373,,
181620,48,H4,2026-08-25 05:00:00,0.3154530715397285,58.0141372556578,,
181621,48,H4,2026-08-25 09:00:00,0.3047064235726065,56.53518369310337,,
181622,48,H4,2026-08-25 13:00:00,0.297655964745993,55.86040380421739,,
181623,48,H4,2026-08-25 17:00:00,0.2928233958355642,53.63547654113228,,
181624,48,H4,2026-08-25 21:00:00,0.28312172470445324,52.46276557505759,,
181625,48,H4,2026-08-26 01:00:00,0.2845416015112778,48.42567253379898,,
181626,54,H4,2026-08-05 13:00:00,1.0057566850289834,37.40540473055129,,
181627,54,H4,2026-08-05 17:00:00,0.9517740646697703,38.88556852170661,,
181628,54,H4,2026-08-05 21:00:00,0.9026473457647874,38.414555381906105,,
181629,54,H4,2026-08-06 01:00:00,0.8514582496387317,37.838701541163445,,
181630,54,H4,2026-08-06 05:00:00,0.8114969460931081,39.958357557723296,,
181631,54,H4,2026-08-06 09:00:00,0.7795328785150293,41.74292785327307,,
181632,54,H4,2026-08-06 13:00:00,0.7718519586211005,47.80202402345031,,
181633,54,H4,2026-08-06 17:00:00,0.7369339615767352,46.91173895978434,,
181634,54,H4,2026-08-06 21:00:00,0.7022958214641098,47.20243508119649,,
181635,54,H4,2026-08-07 01:00:00,0.6791318342166724,45.86931661064713,,
181636,54,H4,2026-08-07 05:00:00,0.6453367032011951,44.1939821496068,,
181637,54,H4,2026-08-07 09:00:00,0.7135269386868236,40.220538017500274,,
181638,54,H4,2026-08-07 13:00:00,0.7156321573520501,40.540382061372455,,
181639,54,H4,2026-08-07 17:00:00,0.704229860398333,45.90419189123897,,
181640,54,H4,2026-08-09 21:00:00,0.6832848703698807,47.96068264816222,,
181641,54,H4,2026-08-10 01:00:00,0.6718359510577461,53.53199698472678,,
181642,54,H4,2026-08-10 05:00:00,0.6754905259821937,59.8784002654412,,
181643,54,H4,2026-08-10 09:00:00,0.6724554884120378,61.91962530686736,,
181644,54,H4,2026-08-10 13:00:00,0.6622086678111777,65.23371513815884,,
181645,54,H4,2026-08-10 17:00:00,0.6407651915389524,67.21517779705792,,
181646,54,H4,2026-08-10 21:00:00,0.6240676778575974,64.73891313352797,,
181647,54,H4,2026-08-11 01:00:00,0.597491415153484,65.33069653682337,,
181648,54,H4,2026-08-11 05:00:00,0.5723134569282354,66.18146630380082,,
181649,54,H4,2026-08-11 09:00:00,0.5651482100047907,63.01264206352437,,
181650,54,H4,2026-08-11 13:00:00,0.5485661950044484,63.970003591455615,,
181651,54,H4,2026-08-11 17:00:00,0.523668609646989,64.65287373037236,,
181652,54,H4,2026-08-11 21:00:00,0.49926370895791755,65.29047585511546,,
181653,54,H4,2026-08-12 01:00:00,0.48124487260378157,66.19727427038775,,
181654,54,H4,2026-08-12 05:00:00,0.4601559531320834,64.6501375412268,,
181655,54,H4,2026-08-12 09:00:00,0.48443052790836394,59.36033806042271,,
181656,54,H4,2026-08-12 13:00:00,0.4756854902006233,61.16285570065841,,
181657,54,H4,2026-08-12 17:00:00,0.45320795518629314,61.429858772983984,,
181658,54,H4,2026-08-12 21:00:00,0.4354073869587013,59.19470855493144,,
181659,54,H4,2026-08-13 01:00:00,0.4278068593187926,56.4203812452338,,
181660,54,H4,2026-08-13 05:00:00,0.4170349407960228,55.2014257599605,,
181661,54,H4,2026-08-13 09:00:00,0.4082467307391628,58.05920694259401,,
181662,54,H4,2026-08-13 13:00:00,0.4043719642577929,58.98693690119431,,
181663,54,H4,2026-08-13 17:00:00,0.3879882525250942,59.95845169490691,,
181664,54,H4,2026-08-13 21:00:00,0.3719176630590148,59.516770866490035,,
181665,54,H4,2026-08-14 01:00:00,0.3564949728405141,58.55863363934684,,
181666,54,H4,2026-08-14 05:00:00,0.3585310462090502,61.90124831109853,,
181667,54,H4,2026-08-14 09:00:00,0.3734931143369761,58.84070634599067,,
181668,54,H4,2026-08-14 13:00:00,0.40167217759862067,69.04362391986278,,
181669,54,H4,2026-08-14 17:00:00,0.38583845062728905,64.74362606160304,,
181670,54,H4,2026-08-16 21:00:00,0.3777785612967682,63.041365930674736,,
181671,54,H4,2026-08-17 01:00:00,0.3656515212041418,64.20211312444775,,
181672,54,H4,2026-08-17 05:00:00,0.36467641254670335,65.05119691083098,,
181673,54,H4,2026-08-17 09:00:00,0.3599138116505104,69.26856123561956,,
181674,54,H4,2026-08-17 13:00:00,0.3587771108183307,71.001521823394,,
181675,54,H4,2026-08-17 17:00:00,0.3508644600455921,67.24211532997253,,
181676,54,H4,2026-08-17 21:00:00,0.34501699861376445,68.39187936063558,,
181677,54,H4,2026-08-18 01:00:00,0.34223007014135354,70.18871571347594,,
181678,54,H4,2026-08-18 05:00:00,0.33614220798840005,67.35805958528869,,
181679,54,H4,2026-08-18 09:00:00,0.3234177645606583,66.6433879505523,,
181680,54,H4,2026-08-18 13:00:00,0.314530781377755,67.07601325652381,,
181681,54,H4,2026-08-18 17:00:00,0.29892143985077274,64.2660481662227,,
181682,54,H4,2026-08-18 21:00:00,0.30585562271857575,55.08484427332453,,
181683,54,H4,2026-08-19 01:00:00,0.30093736395296283,55.69979184693783,,
181684,54,H4,2026-08-19 05:00:00,0.2955132665277508,54.494550018289075,,
181685,54,H4,2026-08-19 09:00:00,0.3465480332043394,50.68853469736696,,214.834
181686,54,H4,2026-08-19 13:00:00,0.35872317368974344,49.344735819415526,,
181687,54,H4,2026-08-19 17:00:00,0.3686000898547607,39.29996672383018,,
181688,54,H4,2026-08-19 21:00:00,0.36977151200799147,46.64186870922583,,
181689,54,H4,2026-08-20 01:00:00,0.3762878325788481,55.239295575528885,,
181690,54,H4,2026-08-20 05:00:00,0.39748155882321623,61.79284348089544,,
181691,54,H4,2026-08-20 09:00:00,0.4120185903358436,66.46556957697285,,
181692,54,H4,2026-08-20 13:00:00,0.4262315481689969,70.39095681843698,,
181693,54,H4,2026-08-20 17:00:00,0.41378643758549777,71.4721701501175,,
181694,54,H4,2026-08-20 21:00:00,0.4083731206151046,73.2233530130645,,
181695,54,H4,2026-08-21 01:00:00,0.39434646914259835,72.04053871962373,,
181696,54,H4,2026-08-21 05:00:00,0.3976074356324126,63.08745328554598,,
181697,54,H4,2026-08-21 09:00:00,0.39320690451581053,62.14834349502878,,
181698,54,H4,2026-08-21 13:00:00,0.3912635541932536,66.3416081828558,,
181699,54,H4,2026-08-21 17:00:00,0.3809590146080201,67.39973097578992,,
181700,54,H4,2026-08-23 21:00:00,0.3997476564217334,61.82732964644116,,
181701,54,H4,2026-08-24 01:00:00,0.38662282382017954,62.916745959714625,,
181702,54,H4,2026-08-24 05:00:00,0.38872119354730933,63.67253472496501,,
181703,54,H4,2026-08-24 09:00:00,0.38166967972250093,66.01221518889358,,
181704,54,H4,2026-08-24 13:00:00,0.37869327402803477,62.94354656148238,,
181705,54,H4,2026-08-24 17:00:00,0.36628661159746173,62.141753764963276,,
181706,54,H4,2026-08-24 21:00:00,0.3643375679119286,66.83672308329989,,
181707,54,H4,2026-08-25 01:00:00,0.3605991702039325,65.24923481232058,,
181708,54,H4,2026-08-25 05:00:00,0.3681278009036522,70.04253466338334,,
181709,54,H4,2026-08-25 09:00:00,0.36954724369624886,64.77350265160928,,
181710,54,H4,2026-08-25 13:00:00,0.3626510120036594,63.49550295794484,,
181711,54,H4,2026-08-25 17:00:00,0.3500330825748271,65.68300542525517,,
181712,54,H4,2026-08-25 21:00:00,0.34210214810519696,62.2039835697644,,
181713,54,H4,2026-08-26 01:00:00,0.35380913752625437,51.545659204302886,,
181714,60,H4,2026-08-05 13:00:00,0.0017427044102670465,69.55756539390623,,
181715,60,H4,2026-08-05 17:00:00,0.001709654095247976,70.8921208851074,,
181716,60,H4,2026-08-05 21:00:00,0.0016361073741588358,70.94487924364508,,
181717,60,H4,2026-08-06 01:00:00,0.0016363854188617742,64.75171300159184,,
181718,60,H4,2026-08-06 05:00:00,0.001610929317514501,62.823209680697445,,
181719,60,H4,2026-08-06 09:00:00,0.0015530057948348953,59.20344256876938,,
181720,60,H4,2026-08-06 13:00:00,0.0015820768094895429,55.32058707262582,,
181721,60,H4,2026-08-06 17:00:00,0.001512642751668861,55.72844336030627,,
181722,60,H4,2026-08-06 21:00:00,0.0014624539836925123,53.56366284788555,,
181723,60,H4,2026-08-07 01:00:00,0.0014229929848573384,52.2636655091358,,
181724,60,H4,2026-08-07 05:00:00,0.0014156363430818132,57.64755858403084,,
181725,60,H4,2026-08-07 09:00:00,0.001615948032861684,68.61903876152066,,
181726,60,H4,2026-08-07 13:00:00,0.001601237459085843,67.0996086284172,,
181727,60,H4,2026-08-07 17:00:00,0.0015647204977225712,68.04451311800162,,
181728,60,H4,2026-08-09 21:00:00,0.001535811890742383,63.90044328355937,,
181729,60,H4,2026-08-10 01:00:00,0.001489682469975074,63.13596813562191,,
181730,60,H4,2026-08-10 05:00:00,0.001482562293548283,66.38421279717359,,
181731,60,H4,2026-08-10 09:00:00,0.0014838078440091163,58.381995149749784,,
181732,60,H4,2026-08-10 13:00:00,0.00147210728372275,60.018907388793025,,
181733,60,H4,2026-08-10 17:00:00,0.0014233853348854075,56.07927016952113,,
181734,60,H4,2026-08-10 21:00:00,0.0013667149538221575,56.70930779082937,,
181735,60,H4,2026-08-11 01:00:00,0.0014348067428348599,53.57602263162079,,
181736,60,H4,2026-08-11 05:00:00,0.0014530348326323678,54.79406142814798,,
181737,60,H4,2026-08-11 09:00:00,0.0014771037731586242,60.101955758955434,,
181738,60,H4,2026-08-11 13:00:00,0.001465167789361574,58.65790569038944,,
181739,60,H4,2026-08-11 17:00:00,0.0014205129472643155,58.80326394958799,,
181740,60,H4,2026-08-11 21:00:00,0.0013969048796025733,60.11221654903691,,
181741,60,H4,2026-08-12 01:00:00,0.0013706973882023957,54.25701078153294,,
181742,60,H4,2026-08-12 05:00:00,0.0013313618604736484,56.16362909684685,,
181743,60,H4,2026-08-12 09:00:00,0.0014448360132969537,68.11764278595763,,
181744,60,H4,2026-08-12 13:00:00,0.0015530620123471687,54.21450881870281,,
181745,60,H4,2026-08-12 17:00:00,0.0014799861543223652,54.02298417585353,,
181746,60,H4,2026-08-12 21:00:00,0.0014349871432993403,53.21319283936577,,
181747,60,H4,2026-08-13 01:00:00,0.0014524880616351029,47.46638518430148,,
181748,60,H4,2026-08-13 05:00:00,0.0014087389143754494,46.92068217980833,,
181749,60,H4,2026-08-13 09:00:00,0.0014395432776343506,54.76195759418518,,
181750,60,H4,2026-08-13 13:00:00,0.0014352901863747575,52.09785830192366,,
181751,60,H4,2026-08-13 17:00:00,0.001379198030205135,52.19062784173539,,
181752,60,H4,2026-08-13 21:00:00,0.0013585410280476278,53.07150289355546,,
181753,60,H4,2026-08-14 01:00:00,0.0013179309546156512,53.48173246833129,,
181754,60,H4,2026-08-14 05:00:00,0.0013187930292859658,58.553987796168336,,
181755,60,H4,2026-08-14 09:00:00,0.0013531649557655334,62.02687206020933,,
181756,60,H4,2026-08-14 13:00:00,0.0013779388874965693,63.21529890599739,,
181757,60,H4,2026-08-14 17:00:00,0.001328086109818244,63.80423552115201,,
181758,60,H4,2026-08-16 21:00:00,0.0013396513876883687,66.82744738750846,,
181759,60,H4,2026-08-17 01:00:00,0.0013653905742820592,70.09857976434013,,
181760,60,H4,2026-08-17 05:00:00,0.0014335769618333478,75.43243615302234,,
181761,60,H4,2026-08-17 09:00:00,0.0014226071788452557,75.934933104138,,
181762,60,H4,2026-08-17 13:00:00,0.0014438495232134477,68.40152008140981,,
181763,60,H4,2026-08-17 17:00:00,0.0014235745572696336,63.01545141537281,,
181764,60,H4,2026-08-17 21:00:00,0.0013776049460360886,65.01780881878943,,
181765,60,H4,2026-08-18 01:00:00,0.0013820617356049391,59.25928562635958,,
181766,60,H4,2026-08-18 05:00:00,0.0013512001830617295,60.67623701750799,,
181767,60,H4,2026-08-18 09:00:00,0.0013439715985573183,63.566056750383105,,
181768,60,H4,2026-08-18 13:00:00,0.0014586879129460737,52.82434038680024,,
181769,60,H4,2026-08-18 17:00:00,0.0014273530620213556,49.8340238990738,,
181770,60,H4,2026-08-18 21:00:00,0.0014289707004483982,44.418264772583534,,
181771,60,H4,2026-08-19 01:00:00,0.0014576156504163696,43.82961908224776,,
181772,60,H4,2026-08-19 05:00:00,0.0014577859611009157,46.34562689045918,,
181773,60,H4,2026-08-19 09:00:00,0.0015822298210222774,56.291764721064496,,
181774,60,H4,2026-08-19 13:00:00,0.0016827848338064038,64.14281037438337,,
181775,60,H4,2026-08-19 17:00:00,0.0016675859171059525,64.68812399897442,,
181776,60,H4,2026-08-19 21:00:00,0.001642044065884101,60.51506365726964,,
181777,60,H4,2026-08-20 01:00:00,0.0016933266326066671,58.97853715397465,,
181778,60,H4,2026-08-20 05:00:00,0.0016895175874204749,62.49915042202342,,
181779,60,H4,2026-08-20 09:00:00,0.0017824091883190158,58.656809189881834,,
181780,60,H4,2026-08-20 13:00:00,0.001809379960581939,56.60335141016147,,
181781,60,H4,2026-08-20 17:00:00,0.001735852820540372,56.76634629160166,,
181782,60,H4,2026-08-20 21:00:00,0.0017382919047874837,60.076758783939226,,
181783,60,H4,2026-08-21 01:00:00,0.001782699625874086,66.53760312724418,,
181784,60,H4,2026-08-21 05:00:00,0.0018353639383116489,71.80898903045582,,
181785,60,H4,2026-08-21 09:00:00,0.0017871236570036774,72.83796530087834,,
181786,60,H4,2026-08-21 13:00:00,0.0017823291100748473,74.30885409352253,,
181787,60,H4,2026-08-21 17:00:00,0.001730734173640926,73.09993287834955,,
181788,60,H4,2026-08-23 21:00:00,0.0017206817326665728,74.37587597014736,,
181789,60,H4,2026-08-24 01:00:00,0.0017049187517618216,68.66033362984791,,
181790,60,H4,2026-08-24 05:00:00,0.0016788531266359776,64.53345949279438,,
181791,60,H4,2026-08-24 09:00:00,0.0016432207604476984,65.06552522130016,,
181792,60,H4,2026-08-24 13:00:00,0.0016594192775585797,57.72172273633227,,
181793,60,H4,2026-08-24 17:00:00,0.0016251750434472495,58.12567680514435,,
181794,60,H4,2026-08-24 21:00:00,0.0016005196832010135,61.236776151248804,,
181795,60,H4,2026-08-25 01:00:00,0.0015804825629723688,55.95607899785132,,
181796,60,H4,2026-08-25 05:00:00,0.0015783052370457746,55.7871395202438,,
181797,60,H4,2026-08-25 09:00:00,0.0015391405772567888,58.444369758431016,,
181798,60,H4,2026-08-25 13:00:00,0.001509916250309873,58.671062434513736,,
181799,60,H4,2026-08-25 17:00:00,0.00151135080385917,62.62348697111989,,
181800,60,H4,2026-08-25 21:00:00,0.001491254317869226,61.70553700933902,,
181801,60,H4,2026-08-26 01:00:00,0.001576164723735711,67.43868363655344,,
181802,69,H4,2026-08-05 13:00:00,0.002654062713936138,62.45826414120099,,
181803,69,H4,2026-08-05 17:00:00,0.0025930582343692728,64.2430454225709,,
181804,69,H4,2026-08-05 21:00:00,0.0024806969319143258,63.693001971921326,,
181805,69,H4,2026-08-06 01:00:00,0.0024070757224918704,61.039716560847864,,
181806,69,H4,2026-08-06 05:00:00,0.0023144274565995897,62.09605070437178,,
181807,69,H4,2026-08-06 09:00:00,0.0022912540668424716,63.424486722007956,,
181808,69,H4,2026-08-06 13:00:00,0.002340450204925151,57.70222107217884,,
181809,69,H4,2026-08-06 17:00:00,0.0022497037617162205,56.87739827219758,,
181810,69,H4,2026-08-06 21:00:00,0.0021782963501650603,55.17855570383067,,
181811,69,H4,2026-08-07 01:00:00,0.00208056089658184,56.50758698966178,,
181812,69,H4,2026-08-07 05:00:00,0.0020419494039688583,51.80590288038106,,
181813,69,H4,2026-08-07 09:00:00,0.0024232387322567933,67.27976886190174,,
181814,69,H4,2026-08-07 13:00:00,0.00243729310852417,65.84189874586752,,
181815,69,H4,2026-08-07 17:00:00,0.0023653436007724468,64.36060907121615,,
181816,69,H4,2026-08-09 21:00:00,0.002298533343574418,63.33756941970259,,
181817,69,H4,2026-08-10 01:00:00,0.002197209533319102,62.44675824434096,,
181818,69,H4,2026-08-10 05:00:00,0.0021702659952248754,66.27755622170332,,
181819,69,H4,2026-08-10 09:00:00,0.002132389852708819,62.43647989897893,,
181820,69,H4,2026-08-10 13:00:00,0.002237219148943907,67.04043581997414,,
181821,69,H4,2026-08-10 17:00:00,0.0021445606383050523,64.33049473470336,,
181822,69,H4,2026-08-10 21:00:00,0.0020742348784261234,65.1398436014099,,
181823,69,H4,2026-08-11 01:00:00,0.0020146466728242665,65.35150794668547,,
181824,69,H4,2026-08-11 05:00:00,0.0020236004819082494,61.529346997684556,,
181825,69,H4,2026-08-11 09:00:00,0.0019826290189147995,59.08116606292709,,
181826,69,H4,2026-08-11 13:00:00,0.001975298374706591,61.27169173167059,,
181827,69,H4,2026-08-11 17:00:00,0.001925634205084688,62.066926069644126,,
181828,69,H4,2026-08-11 21:00:00,0.001848803190435783,61.952761667688726,,
181829,69,H4,2026-08-12 01:00:00,0.0017724601054046557,61.58677616879978,,
181830,69,H4,2026-08-12 05:00:00,0.00171799866930432,62.99915369603609,,
181831,69,H4,2026-08-12 09:00:00,0.0018724273357825904,71.44715379943538,,
181832,69,H4,2026-08-12 13:00:00,0.0020722539546552594,52.074335593755364,,
181833,69,H4,2026-08-12 17:00:00,0.0020228072436084504,51.3376801877043,,
181834,69,H4,2026-08-12 21:00:00,0.0019490352976364214,52.21131839998282,,
181835,69,H4,2026-08-13 01:00:00,0.001901247062090959,51.424211897691436,,
181836,69,H4,2026-08-13 05:00:00,0.0019547294147987506,45.00247131355539,,1.34743
181837,69,H4,2026-08-13 09:00:00,0.002062248742313127,55.703866442558805,,
181838,69,H4,2026-08-13 13:00:00,0.0021320881178622003,47.96469725263279,,
181839,69,H4,2026-08-13 17:00:00,0.002049081823729196,48.33281704806456,,
181840,69,H4,2026-08-13 21:00:00,0.0020091474077485382,51.897603938870716,,
181841,69,H4,2026-08-14 01:00:00,0.0019484940214807892,51.75384914326821,,
181842,69,H4,2026-08-14 05:00:00,0.0020264587342321725,59.46277579614396,,
181843,69,H4,2026-08-14 09:00:00,0.002104568824644161,63.301250718968085,,
181844,69,H4,2026-08-14 13:00:00,0.002151385337169585,63.564926367338444,,
181845,69,H4,2026-08-14 17:00:00,0.002087714955943189,60.99082004998875,,
181846,69,H4,2026-08-16 21:00:00,0.0021157353162329635,66.30533086526407,,
181847,69,H4,2026-08-17 01:00:00,0.0020360399365020295,64.64445826327216,,
181848,69,H4,2026-08-17 05:00:00,0.002046322798180461,65.26097740477064,,
181849,69,H4,2026-08-17 09:00:00,0.001995871169738992,66.99635387802597,,
181850,69,H4,2026-08-17 13:00:00,0.00198473751475764,65.98216392565996,,
181851,69,H4,2026-08-17 17:00:00,0.0020151134065606673,58.243627305372,,
181852,69,H4,2026-08-17 21:00:00,0.001978319591806338,60.65228965258707,,
181853,69,H4,2026-08-18 01:00:00,0.0019977253352487325,54.21494556043233,,
181854,69,H4,2026-08-18 05:00:00,0.002021459239873835,52.971935076714026,,
181855,69,H4,2026-08-18 09:00:00,0.0019813550084542765,52.636540466182836,,
181856,69,H4,2026-08-18 13:00:00,0.0020034010792789802,56.11512641324571,,
181857,69,H4,2026-08-18 17:00:00,0.001953158145044757,52.20780478828577,,
181858,69,H4,2026-08-18 21:00:00,0.0019050754203986991,51.0336598628286,,
181859,69,H4,2026-08-19 01:00:00,0.0019125700332273683,56.006106554195064,,
181860,69,H4,2026-08-19 05:00:00,0.001965243602282559,60.03027186144251,,
181861,69,H4,2026-08-19 09:00:00,0.0022234404878338147,70.44573113033839,,
181862,69,H4,2026-08-19 13:00:00,0.0023196233101313887,73.21674444881612,,
181863,69,H4,2026-08-19 17:00:00,0.002341793073693426,71.33367542898796,,
181864,69,H4,2026-08-19 21:00:00,0.002284522139858188,68.21613865893323,,
181865,69,H4,2026-08-20 01:00:00,0.002279199129868321,69.8908896994792,,
181866,69,H4,2026-08-20 05:00:00,0.0023835420491634305,75.01640680845821,,
181867,69,H4,2026-08-20 09:00:00,0.002494717617080332,76.04425495667242,,
181868,69,H4,2026-08-20 13:00:00,0.0025258092158602996,70.63844484055696,,
181869,69,H4,2026-08-20 17:00:00,0.002433251414727426,70.63844484055696,,
181870,69,H4,2026-08-20 21:00:00,0.0024080191708183143,72.09164560764445,,
181871,69,H4,2026-08-21 01:00:00,0.0023703035157598704,73.16440835824103,,
181872,69,H4,2026-08-21 05:00:00,0.002415281836062745,76.91593867056882,,
181873,69,H4,2026-08-21 09:00:00,0.0025327617049154027,66.85142814869062,,
181874,69,H4,2026-08-21 13:00:00,0.0025575644402785875,66.32241470098221,,
181875,69,H4,2026-08-21 17:00:00,0.002477738408830109,67.07074165360291,,
181876,69,H4,2026-08-23 21:00:00,0.0024700428081993854,69.23342136056239,,
181877,69,H4,2026-08-24 01:00:00,0.0024000397504708574,65.67544851388699,,
181878,69,H4,2026-08-24 05:00:00,0.002428608339722933,54.806431806167964,,
181879,69,H4,2026-08-24 09:00:00,0.0024408506011712903,60.53197707676601,,
181880,69,H4,2026-08-24 13:00:00,0.0024165041296590546,57.47027628100271,,
181881,69,H4,2026-08-24 17:00:00,0.0023310395489691224,55.982755701282905,,
181882,69,H4,2026-08-24 21:00:00,0.002245965295471338,58.52608224700273,,
181883,69,H4,2026-08-25 01:00:00,0.0022005392029376633,53.59908818029643,,
181884,69,H4,2026-08-25 05:00:00,0.0022033578312992603,57.993325220485666,,
181885,69,H4,2026-08-25 09:00:00,0.0022131179862064565,55.86622598850702,,
181886,69,H4,2026-08-25 13:00:00,0.0022364667014774233,55.55275167592932,,
181887,69,H4,2026-08-25 17:00:00,0.0022274333656576114,59.74849166343252,,
181888,69,H4,2026-08-25 21:00:00,0.0021419024109677882,58.2049037804251,,
181889,69,H4,2026-08-26 01:00:00,0.0021031950958986636,53.07739718140197,,
181890,78,H4,2026-08-05 13:00:00,0.002209671311987958,42.06524215522602,,
181891,78,H4,2026-08-05 17:00:00,0.0022196947897031092,38.31340782366196,,
181892,78,H4,2026-08-05 21:00:00,0.0021268594475814607,37.391267503685356,,
181893,78,H4,2026-08-06 01:00:00,0.00206994091561136,39.93156916658978,,
181894,78,H4,2026-08-06 05:00:00,0.0020028022787819664,38.89005418923467,,
181895,78,H4,2026-08-06 09:00:00,0.0020147449731546833,37.936626296469996,,
181896,78,H4,2026-08-06 13:00:00,0.002102263189357914,44.56572061725572,,
181897,78,H4,2026-08-06 17:00:00,0.002036387247260917,41.75853854568013,,
181898,78,H4,2026-08-06 21:00:00,0.001960216729599417,44.076821074673965,,
181899,78,H4,2026-08-07 01:00:00,0.0018794869631994506,44.33712038197144,,
181900,78,H4,2026-08-07 05:00:00,0.0018195236086851992,46.00613721665276,,
181901,78,H4,2026-08-07 09:00:00,0.0022667004937791196,27.761989792831542,,
181902,78,H4,2026-08-07 13:00:00,0.002341936172794896,25.869330630583306,,
181903,78,H4,2026-08-07 17:00:00,0.0023317978747381166,28.000174273546463,,
181904,78,H4,2026-08-09 21:00:00,0.0022609551693996725,31.89243214931159,,
181905,78,H4,2026-08-10 01:00:00,0.00220088694301398,36.187892161673616,,
181906,78,H4,2026-08-10 05:00:00,0.0022551093042272726,32.189492673556586,,
181907,78,H4,2026-08-10 09:00:00,0.0021904586396396075,35.15424027659574,,
181908,78,H4,2026-08-10 13:00:00,0.002255425879665341,32.306962748959734,,
181909,78,H4,2026-08-10 17:00:00,0.0021971811739749515,35.09867080013338,,
181910,78,H4,2026-08-10 21:00:00,0.0021388110901195932,33.42842964794406,,
181911,78,H4,2026-08-11 01:00:00,0.002050324583682472,33.010721272160154,,
181912,78,H4,2026-08-11 05:00:00,0.002033872827705148,34.465824079213434,,
181913,78,H4,2026-08-11 09:00:00,0.0019757390542976374,34.465824079213434,,
181914,78,H4,2026-08-11 13:00:00,0.0019960434075621024,30.42455895331419,,
181915,78,H4,2026-08-11 17:00:00,0.00193632602130767,34.42216915291688,,
181916,78,H4,2026-08-11 21:00:00,0.0018594455912142552,33.92240340952303,,
181917,78,H4,2026-08-12 01:00:00,0.0017880566204132272,37.48984112988972,,
181918,78,H4,2026-08-12 05:00:00,0.0017053382903837043,37.83641679471253,,
181919,78,H4,2026-08-12 09:00:00,0.0017778141267848723,32.41688832631783,,
181920,78,H4,2026-08-12 13:00:00,0.001894398832014518,45.290827367575346,,
181921,78,H4,2026-08-12 17:00:00,0.0018247989154420547,44.64754209342707,,
181922,78,H4,2026-08-12 21:00:00,0.0017408847071961966,44.72806018013648,,
181923,78,H4,2026-08-13 01:00:00,0.0017036786566821825,47.20903346453782,,
181924,78,H4,2026-08-13 05:00:00,0.0016841301812048869,50.51788413788017,,
181925,78,H4,2026-08-13 09:00:00,0.0017431208825473958,42.821626787010025,,
181926,78,H4,2026-08-13 13:00:00,0.001793612248079729,42.821626787010025,,
181927,78,H4,2026-08-13 17:00:00,0.0017440685160740254,42.71916650491971,,
181928,78,H4,2026-08-13 21:00:00,0.0017280636220687513,39.309046249629354,,
181929,78,H4,2026-08-14 01:00:00,0.0016917733633495546,38.52212422178575,,
181930,78,H4,2026-08-14 05:00:00,0.0018095038373960076,31.025250243043814,,
181931,78,H4,2026-08-14 09:00:00,0.0018623964204391378,28.658453300759078,,
181932,78,H4,2026-08-14 13:00:00,0.0018665109618363524,26.848123447616047,,
181933,78,H4,2026-08-14 17:00:00,0.0018046173217051923,27.807766657895996,,
181934,78,H4,2026-08-16 21:00:00,0.0017857160844405267,26.114972099493272,,
181935,78,H4,2026-08-17 01:00:00,0.001731022078409046,25.577535874953142,,
181936,78,H4,2026-08-17 05:00:00,0.0017116633585226866,24.285766145684974,,
181937,78,H4,2026-08-17 09:00:00,0.0017065445471996278,22.914820522600124,,
181938,78,H4,2026-08-17 13:00:00,0.0017975056509710817,33.668171170299914,,
181939,78,H4,2026-08-17 17:00:00,0.0017519695330445637,36.69422262476118,,
181940,78,H4,2026-08-17 21:00:00,0.0017075431378271004,35.330417133002726,,
181941,78,H4,2026-08-18 01:00:00,0.001669147199410887,38.67743706235268,,
181942,78,H4,2026-08-18 05:00:00,0.0016599223994529576,35.75458966049452,,
181943,78,H4,2026-08-18 09:00:00,0.0016570707994920286,39.66073603363169,,
181944,78,H4,2026-08-18 13:00:00,0.0017594228852426009,50.1904006185126,,
181945,78,H4,2026-08-18 17:00:00,0.0017558926791538352,49.858718641595935,,
181946,78,H4,2026-08-18 21:00:00,0.001711186059214281,52.27854625490953,,
181947,78,H4,2026-08-19 01:00:00,0.001846815626413269,43.84351578370923,,
181948,78,H4,2026-08-19 05:00:00,0.0018156145102408863,42.82088464049866,,
181949,78,H4,2026-08-19 09:00:00,0.0018423563309379596,37.240524594232745,,
181950,78,H4,2026-08-19 13:00:00,0.002122188021585263,26.77221586975172,,
181951,78,H4,2026-08-19 17:00:00,0.002107746020043453,26.052275195155033,,
181952,78,H4,2026-08-19 21:00:00,0.002012192732897488,26.82289401674315,,
181953,78,H4,2026-08-20 01:00:00,0.0020063218234048093,25.6017736824805,,
181954,78,H4,2026-08-20 05:00:00,0.002103727407447314,20.75370060307084,,
181955,78,H4,2026-08-20 09:00:00,0.0021727468783439433,24.55272699680428,,
181956,78,H4,2026-08-20 13:00:00,0.0022296935298908144,30.226223495938086,,
181957,78,H4,2026-08-20 17:00:00,0.0021340011348986174,29.956671239717124,,
181958,78,H4,2026-08-20 21:00:00,0.002081572482405864,27.67824232667563,,
181959,78,H4,2026-08-21 01:00:00,0.002075745876519731,25.696285628687406,,
181960,78,H4,2026-08-21 05:00:00,0.0020860497424825993,22.651077462445784,,
181961,78,H4,2026-08-21 09:00:00,0.00207490333230527,22.51977536746169,,
181962,78,H4,2026-08-21 13:00:00,0.002168124522854905,31.834231951676287,,
181963,78,H4,2026-08-21 17:00:00,0.0021154013426509864,32.41166311844968,,
181964,78,H4,2026-08-23 21:00:00,0.0023193012467473545,41.02041631874795,,
181965,78,H4,2026-08-24 01:00:00,0.002236494014836817,43.764709511737685,,
181966,78,H4,2026-08-24 05:00:00,0.0024346015852056125,57.515799299106554,,
181967,78,H4,2026-08-24 09:00:00,0.00241498718626235,55.29212536235312,,
181968,78,H4,2026-08-24 13:00:00,0.0024382023872436083,58.289633176298835,,
181969,78,H4,2026-08-24 17:00:00,0.002382616502440493,57.2399940859432,,
181970,78,H4,2026-08-24 21:00:00,0.002278143895123317,57.44629953466407,,
181971,78,H4,2026-08-25 01:00:00,0.002226847902614509,60.99310264918829,,
181972,78,H4,2026-08-25 05:00:00,0.0021492159095706097,61.19215436143934,,
181973,78,H4,2026-08-25 09:00:00,0.002091414773172702,57.629245990585645,,
181974,78,H4,2026-08-25 13:00:00,0.002155599432231798,52.91073622516418,,
181975,78,H4,2026-08-25 17:00:00,0.002153056615643805,53.67659440718219,,
181976,78,H4,2026-08-25 21:00:00,0.0020706954288121126,54.07875067209544,,
181977,78,H4,2026-08-26 01:00:00,0.002093502898182684,60.9539237125326,,
181978,88,H4,2026-08-05 13:00:00,0.0008863851795204425,54.35435070124844,,
181979,88,H4,2026-08-05 17:00:00,0.0008502148095547,54.70403809717563,,
181980,88,H4,2026-08-05 21:00:00,0.000832342323157931,57.34347914946784,0.85837,
181981,88,H4,2026-08-06 01:00:00,0.0007986035857895014,55.93932629626378,,
181982,88,H4,2026-08-06 05:00:00,0.0008029890439473921,48.57407727204777,,
181983,88,H4,2026-08-06 09:00:00,0.0008199183979511528,42.69561336637545,,
181984,88,H4,2026-08-06 13:00:00,0.0008199242266689228,38.980182963656375,,
181985,88,H4,2026-08-06 17:00:00,0.0008042153533354236,43.3165936793993,,
181986,88,H4,2026-08-06 21:00:00,0.0008003428280971811,42.26532963067201,,
181987,88,H4,2026-08-07 01:00:00,0.0007574611975188094,43.5145192338727,,
181988,88,H4,2026-08-07 05:00:00,0.0007669282548388985,50.626441635575844,,
181989,88,H4,2026-08-07 09:00:00,0.000785004808064693,50.920038503742944,,
181990,88,H4,2026-08-07 13:00:00,0.0008060758932029351,43.49279410233596,,
181991,88,H4,2026-08-07 17:00:00,0.000778499043688438,45.10946785803542,,
181992,88,H4,2026-08-09 21:00:00,0.0007578919691392631,46.96151489247108,,
181993,88,H4,2026-08-10 01:00:00,0.0007358996856293201,43.43373780943193,,
181994,88,H4,2026-08-10 05:00:00,0.000726192565227229,41.322403804538354,,
181995,88,H4,2026-08-10 09:00:00,0.0007471788105681427,37.40601451527807,,
181996,88,H4,2026-08-10 13:00:00,0.000838094609813277,29.801617186670285,,
181997,88,H4,2026-08-10 17:00:00,0.0008039449948266163,30.056829784706295,,
181998,88,H4,2026-08-10 21:00:00,0.0007865203523390013,31.135320001339807,,
181999,88,H4,2026-08-11 01:00:00,0.0007603403271719281,29.425138739310043,,
182000,88,H4,2026-08-11 05:00:00,0.0007574588752310721,29.301335254535644,,
182001,88,H4,2026-08-11 09:00:00,0.0007662118127145665,39.097624877691224,,
182002,88,H4,2026-08-11 13:00:00,0.0007850538260921037,34.91487335280782,,
182003,88,H4,2026-08-11 17:00:00,0.0007604071242283816,35.950556398478355,,
182004,88,H4,2026-08-11 21:00:00,0.0007360923296406463,35.12295067047465,,
182005,88,H4,2026-08-12 01:00:00,0.000713514306094892,32.6915354626196,,
182006,88,H4,2026-08-12 05:00:00,0.0006854061413738273,31.82867864675687,,
182007,88,H4,2026-08-12 09:00:00,0.000695019988418557,31.309542094706885,,0.8532
182008,88,H4,2026-08-12 13:00:00,0.0007053757035315138,35.364275210251805,,
182009,88,H4,2026-08-12 17:00:00,0.0006807060104221219,34.31713975054711,,
182010,88,H4,2026-08-12 21:00:00,0.0006677984382491094,36.67304690408148,,
182011,88,H4,2026-08-13 01:00:00,0.0006436699783741766,35.78446033714526,,
182012,88,H4,2026-08-13 05:00:00,0.000688407837061735,49.422086504555125,,
182013,88,H4,2026-08-13 09:00:00,0.0007049501344144625,44.596462633898,,
182014,88,H4,2026-08-13 13:00:00,0.0007138822676705721,49.650186993146136,,
182015,88,H4,2026-08-13 17:00:00,0.0006907478199798091,48.29471574467005,,
182016,88,H4,2026-08-13 21:00:00,0.0006835515471241069,48.546840160689776,,
182017,88,H4,2026-08-14 01:00:00,0.0006611550080438122,49.21357372834063,,
182018,88,H4,2026-08-14 05:00:00,0.0006682153646121101,44.72030675294138,,
182019,88,H4,2026-08-14 09:00:00,0.0006647714099969562,42.29446570328136,,
182020,88,H4,2026-08-14 13:00:00,0.000687287737854315,46.73925754129007,,
182021,88,H4,2026-08-14 17:00:00,0.0006753386137218615,50.053710506858785,,
182022,88,H4,2026-08-16 21:00:00,0.0006928144270274371,43.07698856626576,,
182023,88,H4,2026-08-17 01:00:00,0.000687613396525474,50.61744137563135,,
182024,88,H4,2026-08-17 05:00:00,0.0007292124396307969,59.281422541847114,,
182025,88,H4,2026-08-17 09:00:00,0.0007556972653714535,53.224733362745155,,
182026,88,H4,2026-08-17 13:00:00,0.0007624331749877794,47.68149704853461,,
182027,88,H4,2026-08-17 17:00:00,0.0007515450910600809,51.200082811751834,,
182028,88,H4,2026-08-17 21:00:00,0.0007421490131272226,48.65503384729366,,
182029,88,H4,2026-08-18 01:00:00,0.0007162812264752815,50.09357184542887,,
182030,88,H4,2026-08-18 05:00:00,0.0007465468531556206,55.296152015196796,,
182031,88,H4,2026-08-18 09:00:00,0.000738936363644503,54.16996180945713,,
182032,88,H4,2026-08-18 13:00:00,0.0007311551948127542,52.22276303982695,,
182033,88,H4,2026-08-18 17:00:00,0.0007039298237546976,54.60051361128014,,
182034,88,H4,2026-08-18 21:00:00,0.0006936491220579339,55.63434336168111,,
182035,88,H4,2026-08-19 01:00:00,0.0006698170419109327,56.06531655949656,,
182036,88,H4,2026-08-19 05:00:00,0.0006569729674887225,58.24916837802759,,
182037,88,H4,2026-08-19 09:00:00,0.0006629034698109619,59.65303102740084,,
182038,88,H4,2026-08-19 13:00:00,0.0007855532219673173,71.31760894637134,,
182039,88,H4,2026-08-19 17:00:00,0.0008165851346839374,75.97906183528004,,
182040,88,H4,2026-08-19 21:00:00,0.0008168290536350877,76.82590995736804,,
182041,88,H4,2026-08-20 01:00:00,0.0008099126926611489,68.60104750889096,0.85852,
182042,88,H4,2026-08-20 05:00:00,0.000822061786042494,69.25099477177103,,
182043,88,H4,2026-08-20 09:00:00,0.0008719145156108849,56.07011512138116,,
182044,88,H4,2026-08-20 13:00:00,0.0008724920502101069,52.36862786324075,,
182045,88,H4,2026-08-20 17:00:00,0.000848742618052241,55.38206779473504,,
182046,88,H4,2026-08-20 21:00:00,0.000829546716762797,54.40657973491838,,
182047,88,H4,2026-08-21 01:00:00,0.0008124362369940323,57.47203954334462,,
182048,88,H4,2026-08-21 05:00:00,0.0008151193629230313,53.02635170271067,,
182049,88,H4,2026-08-21 09:00:00,0.0008554679798570959,55.06800190400085,,
182050,88,H4,2026-08-21 13:00:00,0.000867220267010154,49.64585244101919,,
182051,88,H4,2026-08-21 17:00:00,0.0008545616765094344,44.88625500513654,,
182052,88,H4,2026-08-23 21:00:00,0.0008720929853301884,45.189413408307956,,
182053,88,H4,2026-08-24 01:00:00,0.0008326577720923168,48.06101763976742,,
182054,88,H4,2026-08-24 05:00:00,0.0008317536455142974,49.97622945040137,,
182055,88,H4,2026-08-24 09:00:00,0.0008423426708347033,42.212382064558184,,
182056,88,H4,2026-08-24 13:00:00,0.0008421753372036496,44.12447772085145,,
182057,88,H4,2026-08-24 17:00:00,0.0008098770988319604,45.943685702584254,,
182058,88,H4,2026-08-24 21:00:00,0.0007898858774868225,44.211151002172784,,
182059,88,H4,2026-08-25 01:00:00,0.000752751171952049,43.0158988177912,,
182060,88,H4,2026-08-25 05:00:00,0.0007689832310983298,42.16598706234358,,
182061,88,H4,2026-08-25 09:00:00,0.0007726272860198808,45.99627958851614,,
182062,88,H4,2026-08-25 13:00:00,0.0007967253370184648,50.68595379333325,,
182063,88,H4,2026-08-25 17:00:00,0.0008041020986600039,44.17870755795841,,
182064,88,H4,2026-08-25 21:00:00,0.0007873805201842945,44.904184506118995,,
182065,88,H4,2026-08-26 01:00:00,0.0007482819115997033,45.287069542574606,,
182066,100,H4,2026-08-05 13:00:00,0.00176480567007006,61.19657087604215,,
182067,100,H4,2026-08-05 17:00:00,0.0017444624079222012,63.665478692227275,,
182068,100,H4,2026-08-05 21:00:00,0.0016827150930706148,61.169503471258245,,
182069,100,H4,2026-08-06 01:00:00,0.0016825211578512863,60.21022364678425,,
182070,100,H4,2026-08-06 05:00:00,0.0016559125037190461,59.16111447381499,,
182071,100,H4,2026-08-06 09:00:00,0.0016040616105962562,59.450973117581256,,
182072,100,H4,2026-08-06 13:00:00,0.0016423429241250974,53.51932122056136,,
182073,100,H4,2026-08-06 17:00:00,0.001592175572401872,54.323203801554875,,
182074,100,H4,2026-08-06 21:00:00,0.001545591602944591,52.670966196757206,,
182075,100,H4,2026-08-07 01:00:00,0.0014916207741628314,51.66616155920509,,
182076,100,H4,2026-08-07 05:00:00,0.0014493621474369158,55.06713746492612,,
182077,100,H4,2026-08-07 09:00:00,0.0016336934226199916,65.02475473235799,0.59063,
182078,100,H4,2026-08-07 13:00:00,0.0016420010352899942,61.72029631229415,,
182079,100,H4,2026-08-07 17:00:00,0.0016075723899121332,62.62175635037238,,
182080,100,H4,2026-08-09 21:00:00,0.0016191743620612622,57.25994638861523,,
182081,100,H4,2026-08-10 01:00:00,0.0015720904790568837,58.02595568642692,,
182082,100,H4,2026-08-10 05:00:00,0.0015405125876956753,61.39832166715927,,
182083,100,H4,2026-08-10 09:00:00,0.0015511902600031328,55.18042913744346,,
182084,100,H4,2026-08-10 13:00:00,0.001541105241431474,55.91028910714925,,
182085,100,H4,2026-08-10 17:00:00,0.00147031200990065,53.69465197002755,,
182086,100,H4,2026-08-10 21:00:00,0.0014331468663363184,55.08437121509837,,
182087,100,H4,2026-08-11 01:00:00,0.0014186363758837209,58.84546494436193,,
182088,100,H4,2026-08-11 05:00:00,0.0015030194918920219,48.062787251706126,,
182089,100,H4,2026-08-11 09:00:00,0.001517803813899734,52.76861520198405,,
182090,100,H4,2026-08-11 13:00:00,0.0014886749700497568,52.61907109757339,,
182091,100,H4,2026-08-11 17:00:00,0.0014330553293319163,51.77630307617511,,
182092,100,H4,2026-08-11 21:00:00,0.001403551377236781,49.431604830198495,,
182093,100,H4,2026-08-12 01:00:00,0.0013861548502913002,45.31322191974463,,
182094,100,H4,2026-08-12 05:00:00,0.0013485723609847767,42.00406994284942,,
182095,100,H4,2026-08-12 09:00:00,0.0014465314780572965,52.9506240467691,,
182096,100,H4,2026-08-12 13:00:00,0.0015603506581960563,42.71833064175982,,
182097,100,H4,2026-08-12 17:00:00,0.001486754182610626,43.37560168559803,,
182098,100,H4,2026-08-12 21:00:00,0.0014341288838527263,44.01796029845013,,
182099,100,H4,2026-08-13 01:00:00,0.0015766911064346776,34.77066519680976,,
182100,100,H4,2026-08-13 05:00:00,0.001572641741689341,35.898062235242136,,0.58216
182101,100,H4,2026-08-13 09:00:00,0.001613167331568676,45.490546685891786,,
182102,100,H4,2026-08-13 13:00:00,0.0016000839507423449,43.213810202295576,,
182103,100,H4,2026-08-13 17:00:00,0.0015286493828321807,44.4897740644779,,
182104,100,H4,2026-08-13 21:00:00,0.0015130315697727337,48.40730082721077,,
182105,100,H4,2026-08-14 01:00:00,0.0015163864576461102,51.063893888363005,,
182106,100,H4,2026-08-14 05:00:00,0.0015045017106713934,54.945962453875815,,
182107,100,H4,2026-08-14 09:00:00,0.001549894445623439,59.44027619608425,,
182108,100,H4,2026-08-14 13:00:00,0.0015313305566503372,59.44027619608425,,
182109,100,H4,2026-08-14 17:00:00,0.0014705212311753142,60.00540703220748,,
182110,100,H4,2026-08-16 21:00:00,0.0015376268575199362,65.69913884084006,,
182111,100,H4,2026-08-17 01:00:00,0.001495653510554227,65.81757111065605,,
182112,100,H4,2026-08-17 05:00:00,0.0015038211169432108,69.09288577612321,,
182113,100,H4,2026-08-17 09:00:00,0.0014992624657329812,66.9711763085601,,
182114,100,H4,2026-08-17 13:00:00,0.0015100294324663346,61.668737435453735,,
182115,100,H4,2026-08-17 17:00:00,0.0014735987587187395,58.179875404268714,,
182116,100,H4,2026-08-17 21:00:00,0.0014397702759531155,58.99953129406323,,
182117,100,H4,2026-08-18 01:00:00,0.0015440723990993224,48.43539072220982,,
182118,100,H4,2026-08-18 05:00:00,0.0015037815134493694,46.77287923122266,,
182119,100,H4,2026-08-18 09:00:00,0.0014913685482029818,51.110149475776545,,
182120,100,H4,2026-08-18 13:00:00,0.0015148422233313434,46.28669703007503,,
182121,100,H4,2026-08-18 17:00:00,0.0014494963502362428,45.756391927702325,,
182122,100,H4,2026-08-18 21:00:00,0.0014723894680765146,40.491436517716096,,
182123,100,H4,2026-08-19 01:00:00,0.0014722187917853408,45.51788433216344,,
182124,100,H4,2026-08-19 05:00:00,0.0014513460209435278,47.93243771618713,,
182125,100,H4,2026-08-19 09:00:00,0.0015662498765904153,57.45945697732731,,
182126,100,H4,2026-08-19 13:00:00,0.0017179463139768202,66.19541026181736,,
182127,100,H4,2026-08-19 17:00:00,0.0016980930058356184,66.74695986560931,,
182128,100,H4,2026-08-19 21:00:00,0.0016625149339902156,66.8440564007553,,
182129,100,H4,2026-08-20 01:00:00,0.0017287638672766354,70.38305881518151,,
182130,100,H4,2026-08-20 05:00:00,0.001659566448185446,71.04007970655309,,
182131,100,H4,2026-08-20 09:00:00,0.00171316884474363,70.75833871607759,,
182132,100,H4,2026-08-20 13:00:00,0.0017407996415476558,64.32916646040061,,
182133,100,H4,2026-08-20 17:00:00,0.0016707425242942508,64.85818746802322,,
182134,100,H4,2026-08-20 21:00:00,0.0016914037725589445,68.34143797275163,,
182135,100,H4,2026-08-21 01:00:00,0.0017005892173761659,71.07995357875966,,
182136,100,H4,2026-08-21 05:00:00,0.0016962614161350094,73.70738738593406,,
182137,100,H4,2026-08-21 09:00:00,0.001670099886411084,74.51050706327922,,
182138,100,H4,2026-08-21 13:00:00,0.0016665213230960035,73.61830857813815,,
182139,100,H4,2026-08-21 17:00:00,0.0016031983714462892,72.15614284798362,,
182140,100,H4,2026-08-23 21:00:00,0.0015915413449144112,72.89403960070766,,
182141,100,H4,2026-08-24 01:00:00,0.0015700026774205255,68.10425285678009,,
182142,100,H4,2026-08-24 05:00:00,0.001567859629033344,62.525511136426466,,
182143,100,H4,2026-08-24 09:00:00,0.0015387267983881087,61.5273160979447,,
182144,100,H4,2026-08-24 13:00:00,0.001533103455646102,57.2231164900513,,
182145,100,H4,2026-08-24 17:00:00,0.0014935960659571014,57.94726117028943,,
182146,100,H4,2026-08-24 21:00:00,0.0014754820612458812,60.299493912482795,,
182147,100,H4,2026-08-25 01:00:00,0.0014272333425854628,55.30252225099825,,
182148,100,H4,2026-08-25 05:00:00,0.0014167166752579341,54.065344029009616,,
182149,100,H4,2026-08-25 09:00:00,0.00143266548416808,59.22293901336193,,
182150,100,H4,2026-08-25 13:00:00,0.0014160465210132157,61.146900089629796,,
182151,100,H4,2026-08-25 17:00:00,0.0014306146266551336,64.46423520981654,,
182152,100,H4,2026-08-25 21:00:00,0.0014319992961797634,63.06949218261093,,
182153,100,H4,2026-08-26 01:00:00,0.0015039993464526374,49.76527445057675,,
182154,7,H4,2026-08-26 05:00:00,0.0015123116155171916,51.24471242432282,,
182155,46,H4,2026-08-26 05:00:00,0.2755544592249523,55.46596993122656,,
182156,48,H4,2026-08-26 05:00:00,0.2863405668375321,53.97221275447149,,
182157,54,H4,2026-08-26 05:00:00,0.3563448454167354,53.76587893783072,,
182158,60,H4,2026-08-26 05:00:00,0.0015688407958899847,69.23528269671073,,
182159,69,H4,2026-08-26 05:00:00,0.0020999768969347673,50.190813691876386,,
182160,78,H4,2026-08-26 05:00:00,0.0020226790611665726,62.15728074023483,,
182161,88,H4,2026-08-26 05:00:00,0.000787775732897477,51.63555151391731,,
182162,100,H4,2026-08-26 05:00:00,0.0015042191346926073,51.228402704977725,,
182163,7,H4,2026-08-26 09:00:00,0.0015403936682809615,43.28446733123806,,
182164,7,H4,2026-08-26 13:00:00,0.0015503655491180288,40.877571905453635,,
182165,7,H4,2026-08-26 17:00:00,0.0014846251527524488,42.8862559646062,,
182166,7,H4,2026-08-26 21:00:00,0.0014371519275558325,44.58501296861508,,
182167,7,H4,2026-08-27 01:00:00,0.0013780696470161301,44.17421810982004,,
182168,7,H4,2026-08-27 05:00:00,0.0013532075293721112,40.84211650428061,,
182169,7,H4,2026-08-27 09:00:00,0.0013415498487026765,37.88904264654614,,
182170,29,H4,2026-08-26 05:00:00,0.0016985882327399844,60.28667979220288,,
182171,29,H4,2026-08-26 09:00:00,0.0016951176446871232,64.96923219644864,,
182172,29,H4,2026-08-26 13:00:00,0.0016976092414951864,66.75303189061103,,
182173,29,H4,2026-08-26 17:00:00,0.0016206371528169553,64.62663700230152,,
182174,29,H4,2026-08-26 21:00:00,0.001579163070472882,64.2592346729354,,
182175,29,H4,2026-08-27 01:00:00,0.0015042228511533925,65.45761592797936,,
182176,29,H4,2026-08-27 05:00:00,0.0014667783617852916,66.42050196623343,,
182177,29,H4,2026-08-27 09:00:00,0.0014648656216577707,60.07506737386175,,
182178,46,H4,2026-08-26 09:00:00,0.27307189753798183,57.77040731792123,,
182179,46,H4,2026-08-26 13:00:00,0.26499533342812576,60.57412697056437,,
182180,46,H4,2026-08-26 17:00:00,0.2542099524689742,58.211847214901475,,
182181,46,H4,2026-08-26 21:00:00,0.25090924157833305,54.36988922339857,,
182182,46,H4,2026-08-27 01:00:00,0.2512728671798807,59.69409629975382,,
182183,46,H4,2026-08-27 05:00:00,0.24739623380988737,54.19744932909064,,
182184,46,H4,2026-08-27 09:00:00,0.2415822171091809,53.86153175754695,,
182185,48,H4,2026-08-26 09:00:00,0.2861254533284973,62.60522194799146,,
182186,48,H4,2026-08-26 13:00:00,0.28104506380503347,66.4530971260888,,
182187,48,H4,2026-08-26 17:00:00,0.2706847021046736,62.58737596505092,,
182188,48,H4,2026-08-26 21:00:00,0.2657072233829107,57.893780544911564,,
182189,48,H4,2026-08-27 01:00:00,0.26587099314127427,61.98708035462697,,
182190,48,H4,2026-08-27 05:00:00,0.2553087793454686,60.68750605972246,,
182191,48,H4,2026-08-27 09:00:00,0.2525724379636483,62.78793683503684,,
182192,54,H4,2026-08-26 09:00:00,0.3502022028734633,56.7334213815758,,
182193,54,H4,2026-08-26 13:00:00,0.345330616953931,56.183121413833426,,
182194,54,H4,2026-08-26 17:00:00,0.33094985860007925,55.03337687991666,,
182195,54,H4,2026-08-26 21:00:00,0.3321677258429317,47.998881687032856,,
182196,54,H4,2026-08-27 01:00:00,0.32987003113986596,52.20375149468094,,
182197,54,H4,2026-08-27 05:00:00,0.3235221717727336,47.93159853714089,,
182198,54,H4,2026-08-27 09:00:00,0.3225563023603956,48.813090468375016,,
182199,60,H4,2026-08-26 09:00:00,0.0015595725001991078,65.86735411314785,,
182200,60,H4,2026-08-26 13:00:00,0.0015581744644705992,60.00376632056476,,
182201,60,H4,2026-08-26 17:00:00,0.0014918762884369864,62.15385215198676,,
182202,60,H4,2026-08-26 21:00:00,0.0015074565535486372,65.21636533799875,,
182203,60,H4,2026-08-27 01:00:00,0.0014447810854380217,66.98965888953813,,
182204,60,H4,2026-08-27 05:00:00,0.00140229672219245,65.08392259550041,,
182205,60,H4,2026-08-27 09:00:00,0.0014264183848929867,66.94076059139266,,
182206,69,H4,2026-08-26 09:00:00,0.002154798147020577,43.67926056309703,,
182207,69,H4,2026-08-26 13:00:00,0.002185883993661971,38.86999117209146,,
182208,69,H4,2026-08-26 17:00:00,0.002097606565543259,41.55142162759047,,
182209,69,H4,2026-08-26 21:00:00,0.0020092060965758896,40.20727730241474,,
182210,69,H4,2026-08-27 01:00:00,0.0019271199468204748,38.91067060794836,,
182211,69,H4,2026-08-27 05:00:00,0.0019108970934761575,36.59965649514717,,
182212,69,H4,2026-08-27 09:00:00,0.00186940444394215,35.0849008100666,,
182213,78,H4,2026-08-26 09:00:00,0.0020279100497356977,63.90661138837901,,
182214,78,H4,2026-08-26 13:00:00,0.002075916474754587,65.5180672416154,,
182215,78,H4,2026-08-26 17:00:00,0.0019962081551292486,64.93596215874263,,
182216,78,H4,2026-08-26 21:00:00,0.0019136218583342987,63.28456561809703,,
182217,78,H4,2026-08-27 01:00:00,0.0018640774398818486,65.89954897145208,,
182218,78,H4,2026-08-27 05:00:00,0.001830214765604574,65.54047289085099,,
182219,78,H4,2026-08-27 09:00:00,0.001849485139489961,60.34680229581485,,
182220,88,H4,2026-08-26 09:00:00,0.0007925026450893827,50.34858319198271,,
182221,88,H4,2026-08-26 13:00:00,0.0008058953132972825,56.10313300069648,,
182222,88,H4,2026-08-26 17:00:00,0.0007747599337760467,54.37759844119139,,
182223,88,H4,2026-08-26 21:00:00,0.000765134224220613,59.557229899928984,,
182224,88,H4,2026-08-27 01:00:00,0.0007326246367762858,61.193344130359556,,
182225,88,H4,2026-08-27 05:00:00,0.0007231514484351257,60.66474821141192,,
182226,88,H4,2026-08-27 09:00:00,0.0007329263449754719,58.2272565223601,,
182227,100,H4,2026-08-26 09:00:00,0.0015269730060628883,45.93599085392214,,
182228,100,H4,2026-08-26 13:00:00,0.0015350463627726801,42.62918466122923,,
182229,100,H4,2026-08-26 17:00:00,0.0014696859082889218,45.66454868875685,,
182230,100,H4,2026-08-26 21:00:00,0.0014304226291254297,48.13712013601754,,
182231,100,H4,2026-08-27 01:00:00,0.001400392441330753,50.162477931115866,,
182232,100,H4,2026-08-27 05:00:00,0.0013846501240928392,44.98731619411652,,
182233,100,H4,2026-08-27 09:00:00,0.0013921751152290644,48.02959400501292,,
182234,7,H4,2026-08-27 13:00:00,0.0013634307692765443,42.76359984987019,,
182235,29,H4,2026-08-27 13:00:00,0.0014065861797677704,55.26488709523643,,
182236,46,H4,2026-08-27 13:00:00,0.24147334967700923,45.37099770819287,,
182237,48,H4,2026-08-27 13:00:00,0.24215856225782306,52.51610735431401,,
182238,54,H4,2026-08-27 13:00:00,0.31958987937362765,42.27125670675682,,
182239,60,H4,2026-08-27 13:00:00,0.0013818938573020019,72.94192504311499,,
182240,69,H4,2026-08-27 13:00:00,0.0019260964992184725,41.48240089452197,,
182241,78,H4,2026-08-27 13:00:00,0.0019215624807934067,58.517158693014935,,
182242,88,H4,2026-08-27 13:00:00,0.0007447004794365116,55.52904502371213,,
182243,100,H4,2026-08-27 13:00:00,0.001343009081272083,48.69668460756512,,
182244,7,H4,2026-08-27 17:00:00,0.0013175995096926033,40.607132770552674,,
182245,29,H4,2026-08-27 17:00:00,0.0013671465864769743,57.90927156039654,,
182246,46,H4,2026-08-27 17:00:00,0.23622937050672718,49.45526004566806,,
182247,48,H4,2026-08-27 17:00:00,0.23982505888152356,56.546605084715985,,
182248,54,H4,2026-08-27 17:00:00,0.3121978370322402,47.2705540921853,,
182249,60,H4,2026-08-27 17:00:00,0.0013011312047926324,68.74651018870026,,
182250,69,H4,2026-08-27 17:00:00,0.0018938143627900527,40.82736211973877,,
182251,78,H4,2026-08-27 17:00:00,0.0018634741154701152,60.52281210804881,,
182252,88,H4,2026-08-27 17:00:00,0.0007224557425152756,53.71926265773355,,
182253,100,H4,2026-08-27 17:00:00,0.0012821013882089731,45.76170246836979,,
182254,7,H4,2026-08-27 21:00:00,0.0012445549461045653,38.374123298048666,,
182255,7,H4,2026-08-28 01:00:00,0.001230658164239953,35.07204442481756,,
182256,29,H4,2026-08-27 21:00:00,0.001321673805432246,58.08462711781501,,
182257,29,H4,2026-08-28 01:00:00,0.0013136971050442237,62.222453306379,,
182258,46,H4,2026-08-27 21:00:00,0.22582595389177715,53.30233697051669,,
182259,46,H4,2026-08-28 01:00:00,0.21812410004236413,54.56405964503137,,
182260,48,H4,2026-08-27 21:00:00,0.22724234919285458,61.48435669136447,,
182261,48,H4,2026-08-28 01:00:00,0.22408218139336444,64.73716177934338,,
182262,54,H4,2026-08-27 21:00:00,0.2982385155947142,50.676014331577235,,
182263,54,H4,2026-08-28 01:00:00,0.288578621623662,52.57543636485825,,
182264,60,H4,2026-08-27 21:00:00,0.0012496833485977816,65.68754568640816,,
182265,60,H4,2026-08-28 01:00:00,0.0012304202522693674,66.63568436360234,,
182266,69,H4,2026-08-27 21:00:00,0.001810608585996612,38.83082626660447,,
182267,69,H4,2026-08-28 01:00:00,0.0017562794012825679,36.56799266850206,,
182268,78,H4,2026-08-27 21:00:00,0.0018006307657300105,61.245037747344746,,
182269,78,H4,2026-08-28 01:00:00,0.0017270142824635769,62.580435793649706,,
182270,88,H4,2026-08-27 21:00:00,0.0007013494898238822,53.63763974878273,,
182271,88,H4,2026-08-28 01:00:00,0.0006755388119793197,52.19400418601518,,
182272,100,H4,2026-08-27 21:00:00,0.001251917431517286,46.139529990769965,,
182273,100,H4,2026-08-28 01:00:00,0.0012453519006946263,47.798014787993964,,
182274,7,H4,2026-08-28 05:00:00,0.0011478199817439919,38.27755475399125,,
182275,29,H4,2026-08-28 05:00:00,0.001272550694188133,53.95505411106083,,
182276,46,H4,2026-08-28 05:00:00,0.21500957408818758,55.657259091971014,,
182277,48,H4,2026-08-28 05:00:00,0.21414609263409906,63.158659537635494,,
182278,54,H4,2026-08-28 05:00:00,0.2866883080444289,53.41891854598372,,
182279,60,H4,2026-08-28 05:00:00,0.0012083376270238036,59.03652872500294,,
182280,69,H4,2026-08-28 05:00:00,0.0016686290716977179,39.089464957536485,,
182281,78,H4,2026-08-28 05:00:00,0.001667451860461621,62.58575706444336,,
182282,88,H4,2026-08-28 05:00:00,0.0006588219892069818,53.36372078814552,,
182283,100,H4,2026-08-28 05:00:00,0.0012322985274756547,42.41093248713631,,
182284,7,H4,2026-08-28 09:00:00,0.0011522956523417258,42.85975926582014,,
182285,29,H4,2026-08-28 09:00:00,0.0013003114380032417,51.91612173169728,,
182286,46,H4,2026-08-28 09:00:00,0.21528152817071294,59.38556160195578,,
182287,48,H4,2026-08-28 09:00:00,0.2119746104382866,62.95912131901941,,
182288,54,H4,2026-08-28 09:00:00,0.2925617546492794,51.020648952694145,,
182289,60,H4,2026-08-28 09:00:00,0.0011941687377229613,63.594887307378194,,
182290,69,H4,2026-08-28 09:00:00,0.001692575380766304,37.60904965516989,,
182291,78,H4,2026-08-28 09:00:00,0.0016810376125614979,61.691653574457405,,
182292,88,H4,2026-08-28 09:00:00,0.0006686707313286506,63.00084952780872,,
182293,100,H4,2026-08-28 09:00:00,0.0012354311518352008,42.48501846029026,,
