id,series,ref_period,release_time,value
1,US_10Y_YIELD,2023-12-01,2024-01-15 00:00:00,4.02
2,US_10Y_YIELD,2024-01-01,2024-02-15 00:00:00,4.06
3,US_10Y_YIELD,2024-02-01,2024-03-17 00:00:00,4.21
4,US_10Y_YIELD,2024-03-01,2024-04-15 00:00:00,4.21
5,US_10Y_YIELD,2024-04-01,2024-05-16 00:00:00,4.54
6,US_10Y_YIELD,2024-05-01,2024-06-15 00:00:00,4.48
7,US_10Y_YIELD,2024-06-01,2024-07-16 00:00:00,4.31
8,US_10Y_YIELD,2024-07-01,2024-08-15 00:00:00,4.25
9,US_10Y_YIELD,2024-08-01,2024-09-15 00:00:00,3.87
10,US_10Y_YIELD,2024-09-01,2024-10-16 00:00:00,3.72
11,US_10Y_YIELD,2024-10-01,2024-11-15 00:00:00,4.1
12,US_10Y_YIELD,2024-11-01,2024-12-16 00:00:00,4.36
13,US_10Y_YIELD,2024-12-01,2025-01-15 00:00:00,4.39
14,US_10Y_YIELD,2025-01-01,2025-02-15 00:00:00,4.63
15,US_10Y_YIELD,2025-02-01,2025-03-18 00:00:00,4.45
16,US_10Y_YIELD,2025-03-01,2025-04-15 00:00:00,4.28
17,US_10Y_YIELD,2025-04-01,2025-05-16 00:00:00,4.28
18,US_10Y_YIELD,2025-05-01,2025-06-15 00:00:00,4.42
19,US_10Y_YIELD,2025-06-01,2025-07-16 00:00:00,4.38
20,US_10Y_YIELD,2025-07-01,2025-08-15 00:00:00,4.39
21,US_10Y_YIELD,2025-08-01,2025-09-15 00:00:00,4.26
22,US_10Y_YIELD,2025-09-01,2025-10-16 00:00:00,4.12
23,US_10Y_YIELD,2025-10-01,2025-11-15 00:00:00,4.06
24,US_10Y_YIELD,2025-11-01,2025-12-16 00:00:00,4.09
25,US_10Y_YIELD,2025-12-01,2026-01-15 00:00:00,4.14
26,US_10Y_YIELD,2026-01-01,2026-02-15 00:00:00,4.21
27,US_10Y_YIELD,2026-02-01,2026-03-18 00:00:00,4.13
28,US_10Y_YIELD,2026-03-01,2026-04-15 00:00:00,4.25
29,US_10Y_YIELD,2026-04-01,2026-05-16 00:00:00,4.32
30,DE_10Y_YIELD,2023-12-01,2024-01-15 00:00:00,2.102105263
31,DE_10Y_YIELD,2024-01-01,2024-02-15 00:00:00,2.174545455
32,DE_10Y_YIELD,2024-02-01,2024-03-17 00:00:00,2.3319047619
33,DE_10Y_YIELD,2024-03-01,2024-04-15 00:00:00,2.3495
34,DE_10Y_YIELD,2024-04-01,2024-05-16 00:00:00,2.4457142857
35,DE_10Y_YIELD,2024-05-01,2024-06-15 00:00:00,2.5195454545
36,DE_10Y_YIELD,2024-06-01,2024-07-16 00:00:00,2.4845
37,DE_10Y_YIELD,2024-07-01,2024-08-15 00:00:00,2.4582608696
38,DE_10Y_YIELD,2024-08-01,2024-09-15 00:00:00,2.2077272727
39,DE_10Y_YIELD,2024-09-01,2024-10-16 00:00:00,2.1671428571
40,DE_10Y_YIELD,2024-10-01,2024-11-15 00:00:00,2.2295652174
41,DE_10Y_YIELD,2024-11-01,2024-12-16 00:00:00,2.3057142857
42,DE_10Y_YIELD,2024-12-01,2025-01-15 00:00:00,2.1788888889
43,DE_10Y_YIELD,2025-01-01,2025-02-15 00:00:00,2.4836363636
44,DE_10Y_YIELD,2025-02-01,2025-03-18 00:00:00,2.4055
45,DE_10Y_YIELD,2025-03-01,2025-04-15 00:00:00,2.7414285714
46,DE_10Y_YIELD,2025-04-01,2025-05-16 00:00:00,2.5105
47,DE_10Y_YIELD,2025-05-01,2025-06-15 00:00:00,2.5628571429
48,DE_10Y_YIELD,2025-06-01,2025-07-16 00:00:00,2.519047619
49,DE_10Y_YIELD,2025-07-01,2025-08-15 00:00:00,2.6313043478
50,DE_10Y_YIELD,2025-08-01,2025-09-15 00:00:00,2.6733333333
51,DE_10Y_YIELD,2025-09-01,2025-10-16 00:00:00,2.6931818182
52,DE_10Y_YIELD,2025-10-01,2025-11-15 00:00:00,2.617826087
53,DE_10Y_YIELD,2025-11-01,2025-12-16 00:00:00,2.6575
54,DE_10Y_YIELD,2025-12-01,2026-01-15 00:00:00,2.8142105263
55,DE_10Y_YIELD,2026-01-01,2026-02-15 00:00:00,2.8066666667
56,DE_10Y_YIELD,2026-02-01,2026-03-18 00:00:00,2.745
57,DE_10Y_YIELD,2026-03-01,2026-04-15 00:00:00,2.91
58,DE_10Y_YIELD,2026-04-01,2026-05-16 00:00:00,2.9963157895
59,GB_10Y_YIELD,2023-12-01,2024-01-15 00:00:00,3.8622
60,GB_10Y_YIELD,2024-01-01,2024-02-15 00:00:00,3.9319
61,GB_10Y_YIELD,2024-02-01,2024-03-17 00:00:00,4.123
62,GB_10Y_YIELD,2024-03-01,2024-04-15 00:00:00,4.033
63,GB_10Y_YIELD,2024-04-01,2024-05-16 00:00:00,4.2172
64,GB_10Y_YIELD,2024-05-01,2024-06-15 00:00:00,4.2229
65,GB_10Y_YIELD,2024-06-01,2024-07-16 00:00:00,4.1644
66,GB_10Y_YIELD,2024-07-01,2024-08-15 00:00:00,4.1386
67,GB_10Y_YIELD,2024-08-01,2024-09-15 00:00:00,3.9444
68,GB_10Y_YIELD,2024-09-01,2024-10-16 00:00:00,3.9053
69,GB_10Y_YIELD,2024-10-01,2024-11-15 00:00:00,4.1993
70,GB_10Y_YIELD,2024-11-01,2024-12-16 00:00:00,4.4164
71,GB_10Y_YIELD,2024-12-01,2025-01-15 00:00:00,4.4345
72,GB_10Y_YIELD,2025-01-01,2025-02-15 00:00:00,4.6627
73,GB_10Y_YIELD,2025-02-01,2025-03-18 00:00:00,4.5063
74,GB_10Y_YIELD,2025-03-01,2025-04-15 00:00:00,4.6448
75,GB_10Y_YIELD,2025-04-01,2025-05-16 00:00:00,4.5762
76,GB_10Y_YIELD,2025-05-01,2025-06-15 00:00:00,4.6004
77,GB_10Y_YIELD,2025-06-01,2025-07-16 00:00:00,4.5248
78,GB_10Y_YIELD,2025-07-01,2025-08-15 00:00:00,4.5924
79,GB_10Y_YIELD,2025-08-01,2025-09-15 00:00:00,4.6369
80,GB_10Y_YIELD,2025-09-01,2025-10-16 00:00:00,4.6885
81,GB_10Y_YIELD,2025-10-01,2025-11-15 00:00:00,4.5721
82,GB_10Y_YIELD,2025-11-01,2025-12-16 00:00:00,4.4985
83,GB_10Y_YIELD,2025-12-01,2026-01-15 00:00:00,4.4826
84,GB_10Y_YIELD,2026-01-01,2026-02-15 00:00:00,4.451
85,GB_10Y_YIELD,2026-02-01,2026-03-18 00:00:00,4.4324
86,GB_10Y_YIELD,2026-03-01,2026-04-15 00:00:00,4.7007
87,GB_10Y_YIELD,2026-04-01,2026-05-16 00:00:00,4.8207
88,JP_10Y_YIELD,2023-12-01,2024-01-15 00:00:00,0.62
89,JP_10Y_YIELD,2024-01-01,2024-02-15 00:00:00,0.73
90,JP_10Y_YIELD,2024-02-01,2024-03-17 00:00:00,0.71
91,JP_10Y_YIELD,2024-03-01,2024-04-15 00:00:00,0.725
92,JP_10Y_YIELD,2024-04-01,2024-05-16 00:00:00,0.87
93,JP_10Y_YIELD,2024-05-01,2024-06-15 00:00:00,1.07
94,JP_10Y_YIELD,2024-06-01,2024-07-16 00:00:00,1.05
95,JP_10Y_YIELD,2024-07-01,2024-08-15 00:00:00,1.045
96,JP_10Y_YIELD,2024-08-01,2024-09-15 00:00:00,0.89
97,JP_10Y_YIELD,2024-09-01,2024-10-16 00:00:00,0.855
98,JP_10Y_YIELD,2024-10-01,2024-11-15 00:00:00,0.935
99,JP_10Y_YIELD,2024-11-01,2024-12-16 00:00:00,1.05
100,JP_10Y_YIELD,2024-12-01,2025-01-15 00:00:00,1.09
101,JP_10Y_YIELD,2025-01-01,2025-02-15 00:00:00,1.245
102,JP_10Y_YIELD,2025-02-01,2025-03-18 00:00:00,1.37
103,JP_10Y_YIELD,2025-03-01,2025-04-15 00:00:00,1.485
104,JP_10Y_YIELD,2025-04-01,2025-05-16 00:00:00,1.31
105,JP_10Y_YIELD,2025-05-01,2025-06-15 00:00:00,1.5
106,JP_10Y_YIELD,2025-06-01,2025-07-16 00:00:00,1.42
107,JP_10Y_YIELD,2025-07-01,2025-08-15 00:00:00,1.545
108,JP_10Y_YIELD,2025-08-01,2025-09-15 00:00:00,1.6
109,JP_10Y_YIELD,2025-09-01,2025-10-16 00:00:00,1.645
110,JP_10Y_YIELD,2025-10-01,2025-11-15 00:00:00,1.655
111,JP_10Y_YIELD,2025-11-01,2025-12-16 00:00:00,1.805
112,JP_10Y_YIELD,2025-12-01,2026-01-15 00:00:00,2.06
113,JP_10Y_YIELD,2026-01-01,2026-02-15 00:00:00,2.24
114,JP_10Y_YIELD,2026-02-01,2026-03-18 00:00:00,2.11
115,JP_10Y_YIELD,2026-03-01,2026-04-15 00:00:00,2.345
116,JP_10Y_YIELD,2026-04-01,2026-05-16 00:00:00,2.515
117,AU_10Y_YIELD,2023-12-01,2024-01-15 00:00:00,4.187
118,AU_10Y_YIELD,2024-01-01,2024-02-15 00:00:00,4.148
119,AU_10Y_YIELD,2024-02-01,2024-03-17 00:00:00,4.141
120,AU_10Y_YIELD,2024-03-01,2024-04-15 00:00:00,4.045
121,AU_10Y_YIELD,2024-04-01,2024-05-16 00:00:00,4.268
122,AU_10Y_YIELD,2024-05-01,2024-06-15 00:00:00,4.325
123,AU_10Y_YIELD,2024-06-01,2024-07-16 00:00:00,4.242
124,AU_10Y_YIELD,2024-07-01,2024-08-15 00:00:00,4.326
125,AU_10Y_YIELD,2024-08-01,2024-09-15 00:00:00,3.976
126,AU_10Y_YIELD,2024-09-01,2024-10-16 00:00:00,3.922
127,AU_10Y_YIELD,2024-10-01,2024-11-15 00:00:00,4.267
128,AU_10Y_YIELD,2024-11-01,2024-12-16 00:00:00,4.544
129,AU_10Y_YIELD,2024-12-01,2025-01-15 00:00:00,4.313
130,AU_10Y_YIELD,2025-01-01,2025-02-15 00:00:00,4.481
131,AU_10Y_YIELD,2025-02-01,2025-03-18 00:00:00,4.423
132,AU_10Y_YIELD,2025-03-01,2025-04-15 00:00:00,4.421
133,AU_10Y_YIELD,2025-04-01,2025-05-16 00:00:00,4.267
134,AU_10Y_YIELD,2025-05-01,2025-06-15 00:00:00,4.35
135,AU_10Y_YIELD,2025-06-01,2025-07-16 00:00:00,4.208
136,AU_10Y_YIELD,2025-07-01,2025-08-15 00:00:00,4.291
137,AU_10Y_YIELD,2025-08-01,2025-09-15 00:00:00,4.275
138,AU_10Y_YIELD,2025-09-01,2025-10-16 00:00:00,4.298
139,AU_10Y_YIELD,2025-10-01,2025-11-15 00:00:00,4.234
140,AU_10Y_YIELD,2025-11-01,2025-12-16 00:00:00,4.416
141,AU_10Y_YIELD,2025-12-01,2026-01-15 00:00:00,4.719
142,AU_10Y_YIELD,2026-01-01,2026-02-15 00:00:00,4.75
143,AU_10Y_YIELD,2026-02-01,2026-03-18 00:00:00,4.758
144,AU_10Y_YIELD,2026-03-01,2026-04-15 00:00:00,4.926
145,AU_10Y_YIELD,2026-04-01,2026-05-16 00:00:00,4.96
146,NZ_10Y_YIELD,2023-12-01,2024-01-15 00:00:00,4.7
147,NZ_10Y_YIELD,2024-01-01,2024-02-15 00:00:00,4.65
148,NZ_10Y_YIELD,2024-02-01,2024-03-17 00:00:00,4.8
149,NZ_10Y_YIELD,2024-03-01,2024-04-15 00:00:00,4.64
150,NZ_10Y_YIELD,2024-04-01,2024-05-16 00:00:00,4.82
151,NZ_10Y_YIELD,2024-05-01,2024-06-15 00:00:00,4.75
152,NZ_10Y_YIELD,2024-06-01,2024-07-16 00:00:00,4.64
153,NZ_10Y_YIELD,2024-07-01,2024-08-15 00:00:00,4.5
154,NZ_10Y_YIELD,2024-08-01,2024-09-15 00:00:00,4.22
155,NZ_10Y_YIELD,2024-09-01,2024-10-16 00:00:00,4.19
156,NZ_10Y_YIELD,2024-10-01,2024-11-15 00:00:00,4.38
157,NZ_10Y_YIELD,2024-11-01,2024-12-16 00:00:00,4.63
158,NZ_10Y_YIELD,2024-12-01,2025-01-15 00:00:00,4.49
159,NZ_10Y_YIELD,2025-01-01,2025-02-15 00:00:00,4.65
160,NZ_10Y_YIELD,2025-02-01,2025-03-18 00:00:00,4.61
161,NZ_10Y_YIELD,2025-03-01,2025-04-15 00:00:00,4.63
162,NZ_10Y_YIELD,2025-04-01,2025-05-16 00:00:00,4.55
163,NZ_10Y_YIELD,2025-05-01,2025-06-15 00:00:00,4.59
164,NZ_10Y_YIELD,2025-06-01,2025-07-16 00:00:00,4.58
165,NZ_10Y_YIELD,2025-07-01,2025-08-15 00:00:00,4.55
166,NZ_10Y_YIELD,2025-08-01,2025-09-15 00:00:00,4.41
167,NZ_10Y_YIELD,2025-09-01,2025-10-16 00:00:00,4.29
168,NZ_10Y_YIELD,2025-10-01,2025-11-15 00:00:00,4.08
169,NZ_10Y_YIELD,2025-11-01,2025-12-16 00:00:00,4.21
170,NZ_10Y_YIELD,2025-12-01,2026-01-15 00:00:00,4.52
171,NZ_10Y_YIELD,2026-01-01,2026-02-15 00:00:00,4.51
172,NZ_10Y_YIELD,2026-02-01,2026-03-18 00:00:00,4.45
173,NZ_10Y_YIELD,2026-03-01,2026-04-15 00:00:00,4.64
174,NZ_10Y_YIELD,2026-04-01,2026-05-16 00:00:00,4.68
175,CA_10Y_YIELD,2023-12-01,2024-01-15 00:00:00,3.23421052631579
176,CA_10Y_YIELD,2024-01-01,2024-02-15 00:00:00,3.34636363636364
177,CA_10Y_YIELD,2024-02-01,2024-03-17 00:00:00,3.504
178,CA_10Y_YIELD,2024-03-01,2024-04-15 00:00:00,3.444
179,CA_10Y_YIELD,2024-04-01,2024-05-16 00:00:00,3.69590909090909
180,CA_10Y_YIELD,2024-05-01,2024-06-15 00:00:00,3.64181818181818
181,CA_10Y_YIELD,2024-06-01,2024-07-16 00:00:00,3.3915
182,CA_10Y_YIELD,2024-07-01,2024-08-15 00:00:00,3.40772727272727
183,CA_10Y_YIELD,2024-08-01,2024-09-15 00:00:00,3.0715
184,CA_10Y_YIELD,2024-09-01,2024-10-16 00:00:00,2.94444444444444
185,CA_10Y_YIELD,2024-10-01,2024-11-15 00:00:00,3.18636363636364
186,CA_10Y_YIELD,2024-11-01,2024-12-16 00:00:00,3.2785
187,CA_10Y_YIELD,2024-12-01,2025-01-15 00:00:00,3.1615
188,CA_10Y_YIELD,2025-01-01,2025-02-15 00:00:00,3.28863636363636
189,CA_10Y_YIELD,2025-02-01,2025-03-18 00:00:00,3.05631578947368
190,CA_10Y_YIELD,2025-03-01,2025-04-15 00:00:00,3.01047619047619
191,CA_10Y_YIELD,2025-04-01,2025-05-16 00:00:00,3.10857142857143
192,CA_10Y_YIELD,2025-05-01,2025-06-15 00:00:00,3.22142857142857
193,CA_10Y_YIELD,2025-06-01,2025-07-16 00:00:00,3.314
194,CA_10Y_YIELD,2025-07-01,2025-08-15 00:00:00,3.48045454545455
195,CA_10Y_YIELD,2025-08-01,2025-09-15 00:00:00,3.4225
196,CA_10Y_YIELD,2025-09-01,2025-10-16 00:00:00,3.2245
197,CA_10Y_YIELD,2025-10-01,2025-11-15 00:00:00,3.12818181818182
198,CA_10Y_YIELD,2025-11-01,2025-12-16 00:00:00,3.17421052631579
199,CA_10Y_YIELD,2025-12-01,2026-01-15 00:00:00,3.38761904761905
200,CA_10Y_YIELD,2026-01-01,2026-02-15 00:00:00,3.40238095238095
201,CA_10Y_YIELD,2026-02-01,2026-03-18 00:00:00,3.28842105263158
202,CA_10Y_YIELD,2026-03-01,2026-04-15 00:00:00,3.44090909090909
203,CA_10Y_YIELD,2026-04-01,2026-05-16 00:00:00,3.48333333333333
205,CH_10Y_YIELD,2023-12-01,2024-01-15 00:00:00,0.656
206,CH_10Y_YIELD,2024-01-01,2024-02-15 00:00:00,0.83
207,CH_10Y_YIELD,2024-02-01,2024-03-17 00:00:00,0.828
208,CH_10Y_YIELD,2024-03-01,2024-04-15 00:00:00,0.639
209,CH_10Y_YIELD,2024-04-01,2024-05-16 00:00:00,0.693
210,CH_10Y_YIELD,2024-05-01,2024-06-15 00:00:00,0.915
211,CH_10Y_YIELD,2024-06-01,2024-07-16 00:00:00,0.559
212,CH_10Y_YIELD,2024-07-01,2024-08-15 00:00:00,0.45
213,CH_10Y_YIELD,2024-08-01,2024-09-15 00:00:00,0.451
214,CH_10Y_YIELD,2024-09-01,2024-10-16 00:00:00,0.41
215,CH_10Y_YIELD,2024-10-01,2024-11-15 00:00:00,0.451
216,CH_10Y_YIELD,2024-11-01,2024-12-16 00:00:00,0.289
217,CH_10Y_YIELD,2024-12-01,2025-01-15 00:00:00,0.317
218,CH_10Y_YIELD,2025-01-01,2025-02-15 00:00:00,0.383
219,CH_10Y_YIELD,2025-02-01,2025-03-18 00:00:00,0.396
220,CH_10Y_YIELD,2025-03-01,2025-04-15 00:00:00,0.514
221,CH_10Y_YIELD,2025-04-01,2025-05-16 00:00:00,0.326
222,CH_10Y_YIELD,2025-05-01,2025-06-15 00:00:00,0.259
223,CH_10Y_YIELD,2025-06-01,2025-07-16 00:00:00,0.41
224,CH_10Y_YIELD,2025-07-01,2025-08-15 00:00:00,0.378
225,CH_10Y_YIELD,2025-08-01,2025-09-15 00:00:00,0.32
226,CH_10Y_YIELD,2025-09-01,2025-10-16 00:00:00,0.2
227,CH_10Y_YIELD,2025-10-01,2025-11-15 00:00:00,0.18
228,CH_10Y_YIELD,2025-11-01,2025-12-16 00:00:00,0.19
229,CH_10Y_YIELD,2025-12-01,2026-01-15 00:00:00,0.33
230,CH_10Y_YIELD,2026-01-01,2026-02-15 00:00:00,0.27
231,CH_10Y_YIELD,2026-02-01,2026-03-18 00:00:00,0.25
232,CH_10Y_YIELD,2026-03-01,2026-04-15 00:00:00,0.4
233,CH_10Y_YIELD,2026-04-01,2026-05-16 00:00:00,0.45
234,US_POLICY_RATE,2023-12-01,2024-01-15 00:00:00,5.33
235,US_POLICY_RATE,2024-01-01,2024-02-15 00:00:00,5.33
236,US_POLICY_RATE,2024-02-01,2024-03-17 00:00:00,5.33
237,US_POLICY_RATE,2024-03-01,2024-04-15 00:00:00,5.33
238,US_POLICY_RATE,2024-04-01,2024-05-16 00:00:00,5.33
239,US_POLICY_RATE,2024-05-01,2024-06-15 00:00:00,5.33
240,US_POLICY_RATE,2024-06-01,2024-07-16 00:00:00,5.33
241,US_POLICY_RATE,2024-07-01,2024-08-15 00:00:00,5.33
242,US_POLICY_RATE,2024-08-01,2024-09-15 00:00:00,5.33
243,US_POLICY_RATE,2024-09-01,2024-10-16 00:00:00,4.83
244,US_POLICY_RATE,2024-10-01,2024-11-15 00:00:00,4.83
245,US_POLICY_RATE,2024-11-01,2024-12-16 00:00:00,4.58
246,US_POLICY_RATE,2024-12-01,2025-01-15 00:00:00,4.33
247,US_POLICY_RATE,2025-01-01,2025-02-15 00:00:00,4.33
248,US_POLICY_RATE,2025-02-01,2025-03-18 00:00:00,4.33
249,US_POLICY_RATE,2025-03-01,2025-04-15 00:00:00,4.33
250,US_POLICY_RATE,2025-04-01,2025-05-16 00:00:00,4.33
251,US_POLICY_RATE,2025-05-01,2025-06-15 00:00:00,4.33
252,US_POLICY_RATE,2025-06-01,2025-07-16 00:00:00,4.33
253,US_POLICY_RATE,2025-07-01,2025-08-15 00:00:00,4.33
254,US_POLICY_RATE,2025-08-01,2025-09-15 00:00:00,4.33
255,US_POLICY_RATE,2025-09-01,2025-10-16 00:00:00,4.09
256,US_POLICY_RATE,2025-10-01,2025-11-15 00:00:00,4.0588888889
257,US_POLICY_RATE,2025-11-01,2025-12-16 00:00:00,3.8827272727
258,US_POLICY_RATE,2025-12-01,2026-01-15 00:00:00,3.64
259,US_POLICY_RATE,2026-01-01,2026-02-15 00:00:00,3.64
260,US_POLICY_RATE,2026-02-01,2026-03-18 00:00:00,3.64
261,US_POLICY_RATE,2026-03-01,2026-04-15 00:00:00,3.64
262,US_POLICY_RATE,2026-04-01,2026-05-16 00:00:00,3.64
263,DE_POLICY_RATE,2023-12-01,2024-01-15 00:00:00,3.9034421053
264,DE_POLICY_RATE,2024-01-01,2024-02-15 00:00:00,3.9026495455
265,DE_POLICY_RATE,2024-02-01,2024-03-17 00:00:00,3.9086757143
266,DE_POLICY_RATE,2024-03-01,2024-04-15 00:00:00,3.907311
267,DE_POLICY_RATE,2024-04-01,2024-05-16 00:00:00,3.9082785714
268,DE_POLICY_RATE,2024-05-01,2024-06-15 00:00:00,3.9069627273
269,DE_POLICY_RATE,2024-06-01,2024-07-16 00:00:00,3.786032
270,DE_POLICY_RATE,2024-07-01,2024-08-15 00:00:00,3.6630886957
271,DE_POLICY_RATE,2024-08-01,2024-09-15 00:00:00,3.6643559091
272,DE_POLICY_RATE,2024-09-01,2024-10-16 00:00:00,3.592092381
273,DE_POLICY_RATE,2024-10-01,2024-11-15 00:00:00,3.371393913
274,DE_POLICY_RATE,2024-11-01,2024-12-16 00:00:00,3.1649666667
275,DE_POLICY_RATE,2024-12-01,2025-01-15 00:00:00,3.1026865
276,DE_POLICY_RATE,2025-01-01,2025-02-15 00:00:00,2.9188390909
277,DE_POLICY_RATE,2025-02-01,2025-03-18 00:00:00,2.7290455
278,DE_POLICY_RATE,2025-03-01,2025-04-15 00:00:00,2.5343714286
279,DE_POLICY_RATE,2025-04-01,2025-05-16 00:00:00,2.3830535
280,DE_POLICY_RATE,2025-05-01,2025-06-15 00:00:00,2.169002381
281,DE_POLICY_RATE,2025-06-01,2025-07-16 00:00:00,2.0409652381
282,DE_POLICY_RATE,2025-07-01,2025-08-15 00:00:00,1.9232330435
283,DE_POLICY_RATE,2025-08-01,2025-09-15 00:00:00,1.9243395238
284,DE_POLICY_RATE,2025-09-01,2025-10-16 00:00:00,1.9245627273
285,DE_POLICY_RATE,2025-10-01,2025-11-15 00:00:00,1.926376087
286,DE_POLICY_RATE,2025-11-01,2025-12-16 00:00:00,1.9289305
287,DE_POLICY_RATE,2025-12-01,2026-01-15 00:00:00,1.9292866667
288,DE_POLICY_RATE,2026-01-01,2026-02-15 00:00:00,1.9316709524
289,DE_POLICY_RATE,2026-02-01,2026-03-18 00:00:00,1.9308315
290,DE_POLICY_RATE,2026-03-01,2026-04-15 00:00:00,1.9322881818
291,DE_POLICY_RATE,2026-04-01,2026-05-16 00:00:00,1.9317578947
292,GB_POLICY_RATE,2023-12-01,2024-01-15 00:00:00,5.187
293,GB_POLICY_RATE,2024-01-01,2024-02-15 00:00:00,5.1875
294,GB_POLICY_RATE,2024-02-01,2024-03-17 00:00:00,5.1883
295,GB_POLICY_RATE,2024-03-01,2024-04-15 00:00:00,5.1891
296,GB_POLICY_RATE,2024-04-01,2024-05-16 00:00:00,5.1979
297,GB_POLICY_RATE,2024-05-01,2024-06-15 00:00:00,5.2
298,GB_POLICY_RATE,2024-06-01,2024-07-16 00:00:00,5.2
299,GB_POLICY_RATE,2024-07-01,2024-08-15 00:00:00,5.2
300,GB_POLICY_RATE,2024-08-01,2024-09-15 00:00:00,4.95
301,GB_POLICY_RATE,2024-09-01,2024-10-16 00:00:00,4.95
302,GB_POLICY_RATE,2024-10-01,2024-11-15 00:00:00,4.95
303,GB_POLICY_RATE,2024-11-01,2024-12-16 00:00:00,4.7476
304,GB_POLICY_RATE,2024-12-01,2025-01-15 00:00:00,4.7
305,GB_POLICY_RATE,2025-01-01,2025-02-15 00:00:00,4.7002
306,GB_POLICY_RATE,2025-02-01,2025-03-18 00:00:00,4.4919
307,GB_POLICY_RATE,2025-03-01,2025-04-15 00:00:00,4.4555
308,GB_POLICY_RATE,2025-04-01,2025-05-16 00:00:00,4.4577
309,GB_POLICY_RATE,2025-05-01,2025-06-15 00:00:00,4.2604
310,GB_POLICY_RATE,2025-06-01,2025-07-16 00:00:00,4.2144
311,GB_POLICY_RATE,2025-07-01,2025-08-15 00:00:00,4.2172
312,GB_POLICY_RATE,2025-08-01,2025-09-15 00:00:00,4.0172
313,GB_POLICY_RATE,2025-09-01,2025-10-16 00:00:00,3.9672
314,GB_POLICY_RATE,2025-10-01,2025-11-15 00:00:00,3.9682
315,GB_POLICY_RATE,2025-11-01,2025-12-16 00:00:00,3.9693
316,GB_POLICY_RATE,2025-12-01,2026-01-15 00:00:00,3.8789
317,GB_POLICY_RATE,2026-01-01,2026-02-15 00:00:00,3.725
318,GB_POLICY_RATE,2026-02-01,2026-03-18 00:00:00,3.7274
319,GB_POLICY_RATE,2026-03-01,2026-04-15 00:00:00,3.7289
320,GB_POLICY_RATE,2026-04-01,2026-05-16 00:00:00,3.73
321,JP_POLICY_RATE,2023-12-01,2024-01-15 00:00:00,-0.012
322,JP_POLICY_RATE,2024-01-01,2024-02-15 00:00:00,-0.014
323,JP_POLICY_RATE,2024-02-01,2024-03-17 00:00:00,-0.006
324,JP_POLICY_RATE,2024-03-01,2024-04-15 00:00:00,0.022
325,JP_POLICY_RATE,2024-04-01,2024-05-16 00:00:00,0.077
326,JP_POLICY_RATE,2024-05-01,2024-06-15 00:00:00,0.077
327,JP_POLICY_RATE,2024-06-01,2024-07-16 00:00:00,0.077
328,JP_POLICY_RATE,2024-07-01,2024-08-15 00:00:00,0.078
329,JP_POLICY_RATE,2024-08-01,2024-09-15 00:00:00,0.227
330,JP_POLICY_RATE,2024-09-01,2024-10-16 00:00:00,0.227
331,JP_POLICY_RATE,2024-10-01,2024-11-15 00:00:00,0.227
332,JP_POLICY_RATE,2024-11-01,2024-12-16 00:00:00,0.227
333,JP_POLICY_RATE,2024-12-01,2025-01-15 00:00:00,0.227
334,JP_POLICY_RATE,2025-01-01,2025-02-15 00:00:00,0.293
335,JP_POLICY_RATE,2025-02-01,2025-03-18 00:00:00,0.478
336,JP_POLICY_RATE,2025-03-01,2025-04-15 00:00:00,0.477
337,JP_POLICY_RATE,2025-04-01,2025-05-16 00:00:00,0.477
338,JP_POLICY_RATE,2025-05-01,2025-06-15 00:00:00,0.477
339,JP_POLICY_RATE,2025-06-01,2025-07-16 00:00:00,0.477
340,JP_POLICY_RATE,2025-07-01,2025-08-15 00:00:00,0.478
341,JP_POLICY_RATE,2025-08-01,2025-09-15 00:00:00,0.477
342,JP_POLICY_RATE,2025-09-01,2025-10-16 00:00:00,0.477
343,JP_POLICY_RATE,2025-10-01,2025-11-15 00:00:00,0.477
344,JP_POLICY_RATE,2025-11-01,2025-12-16 00:00:00,0.478
345,JP_POLICY_RATE,2025-12-01,2026-01-15 00:00:00,0.557
346,JP_POLICY_RATE,2026-01-01,2026-02-15 00:00:00,0.728
347,JP_POLICY_RATE,2026-02-01,2026-03-18 00:00:00,0.728
348,JP_POLICY_RATE,2026-03-01,2026-04-15 00:00:00,0.728
349,JP_POLICY_RATE,2026-04-01,2026-05-16 00:00:00,0.727
350,AU_POLICY_RATE,2023-12-01,2024-01-15 00:00:00,4.35
351,AU_POLICY_RATE,2024-01-01,2024-02-15 00:00:00,4.35
352,AU_POLICY_RATE,2024-02-01,2024-03-17 00:00:00,4.35
353,AU_POLICY_RATE,2024-03-01,2024-04-15 00:00:00,4.35
354,AU_POLICY_RATE,2024-04-01,2024-05-16 00:00:00,4.35
355,AU_POLICY_RATE,2024-05-01,2024-06-15 00:00:00,4.35
356,AU_POLICY_RATE,2024-06-01,2024-07-16 00:00:00,4.35
357,AU_POLICY_RATE,2024-07-01,2024-08-15 00:00:00,4.35
358,AU_POLICY_RATE,2024-08-01,2024-09-15 00:00:00,4.35
359,AU_POLICY_RATE,2024-09-01,2024-10-16 00:00:00,4.35
360,AU_POLICY_RATE,2024-10-01,2024-11-15 00:00:00,4.35
361,AU_POLICY_RATE,2024-11-01,2024-12-16 00:00:00,4.35
362,AU_POLICY_RATE,2024-12-01,2025-01-15 00:00:00,4.35
363,AU_POLICY_RATE,2025-01-01,2025-02-15 00:00:00,4.35
364,AU_POLICY_RATE,2025-02-01,2025-03-18 00:00:00,4.25
365,AU_POLICY_RATE,2025-03-01,2025-04-15 00:00:00,4.1
366,AU_POLICY_RATE,2025-04-01,2025-05-16 00:00:00,4.1
367,AU_POLICY_RATE,2025-05-01,2025-06-15 00:00:00,4.01
368,AU_POLICY_RATE,2025-06-01,2025-07-16 00:00:00,3.85
369,AU_POLICY_RATE,2025-07-01,2025-08-15 00:00:00,3.85
370,AU_POLICY_RATE,2025-08-01,2025-09-15 00:00:00,3.7
371,AU_POLICY_RATE,2025-09-01,2025-10-16 00:00:00,3.6
372,AU_POLICY_RATE,2025-10-01,2025-11-15 00:00:00,3.6
373,AU_POLICY_RATE,2025-11-01,2025-12-16 00:00:00,3.6
374,AU_POLICY_RATE,2025-12-01,2026-01-15 00:00:00,3.6
375,AU_POLICY_RATE,2026-01-01,2026-02-15 00:00:00,3.6
376,AU_POLICY_RATE,2026-02-01,2026-03-18 00:00:00,3.83
377,AU_POLICY_RATE,2026-03-01,2026-04-15 00:00:00,3.96
378,AU_POLICY_RATE,2026-04-01,2026-05-16 00:00:00,4.1
379,NZ_POLICY_RATE,2023-12-01,2024-01-15 00:00:00,5.35
380,NZ_POLICY_RATE,2024-01-01,2024-02-15 00:00:00,5.52
381,NZ_POLICY_RATE,2024-02-01,2024-03-17 00:00:00,5.43
382,NZ_POLICY_RATE,2024-03-01,2024-04-15 00:00:00,5.38
383,NZ_POLICY_RATE,2024-04-01,2024-05-16 00:00:00,5.47
384,NZ_POLICY_RATE,2024-05-01,2024-06-15 00:00:00,5.5
385,NZ_POLICY_RATE,2024-06-01,2024-07-16 00:00:00,5.52
386,NZ_POLICY_RATE,2024-07-01,2024-08-15 00:00:00,5.49
387,NZ_POLICY_RATE,2024-08-01,2024-09-15 00:00:00,5.45
388,NZ_POLICY_RATE,2024-09-01,2024-10-16 00:00:00,5.21
389,NZ_POLICY_RATE,2024-10-01,2024-11-15 00:00:00,4.77
390,NZ_POLICY_RATE,2024-11-01,2024-12-16 00:00:00,4.79
391,NZ_POLICY_RATE,2024-12-01,2025-01-15 00:00:00,4.33
392,CA_POLICY_RATE,2023-12-01,2024-01-15 00:00:00,5.01547894736842
393,CA_POLICY_RATE,2024-01-01,2024-02-15 00:00:00,5.02609090909091
394,CA_POLICY_RATE,2024-02-01,2024-03-17 00:00:00,5.01497
395,CA_POLICY_RATE,2024-03-01,2024-04-15 00:00:00,5.00289
396,CA_POLICY_RATE,2024-04-01,2024-05-16 00:00:00,4.99991818181818
397,CA_POLICY_RATE,2024-05-01,2024-06-15 00:00:00,5.0027
398,CA_POLICY_RATE,2024-06-01,2024-07-16 00:00:00,4.80132
399,CA_POLICY_RATE,2024-07-01,2024-08-15 00:00:00,4.70747142857143
400,CA_POLICY_RATE,2024-08-01,2024-09-15 00:00:00,4.51298
401,CA_POLICY_RATE,2024-09-01,2024-10-16 00:00:00,4.29742222222222
402,CA_POLICY_RATE,2024-10-01,2024-11-15 00:00:00,4.13835
403,CA_POLICY_RATE,2024-11-01,2024-12-16 00:00:00,3.76488
404,CA_POLICY_RATE,2024-12-01,2025-01-15 00:00:00,3.46852
405,CA_POLICY_RATE,2025-01-01,2025-02-15 00:00:00,3.22181818181818
406,CA_POLICY_RATE,2025-02-01,2025-03-18 00:00:00,2.99341578947368
407,CA_POLICY_RATE,2025-03-01,2025-04-15 00:00:00,2.84069523809524
408,CA_POLICY_RATE,2025-04-01,2025-05-16 00:00:00,2.739815
409,CA_POLICY_RATE,2025-05-01,2025-06-15 00:00:00,2.74235238095238
410,CA_POLICY_RATE,2025-06-01,2025-07-16 00:00:00,2.744125
411,CA_POLICY_RATE,2025-07-01,2025-08-15 00:00:00,2.74803181818182
412,CA_POLICY_RATE,2025-08-01,2025-09-15 00:00:00,2.75275
413,CA_POLICY_RATE,2025-09-01,2025-10-16 00:00:00,2.657255
414,CA_POLICY_RATE,2025-10-01,2025-11-15 00:00:00,2.48545
415,CA_POLICY_RATE,2025-11-01,2025-12-16 00:00:00,2.24214210526316
416,CA_POLICY_RATE,2025-12-01,2026-01-15 00:00:00,2.25141904761905
417,CA_POLICY_RATE,2026-01-01,2026-02-15 00:00:00,2.25067619047619
418,CA_POLICY_RATE,2026-02-01,2026-03-18 00:00:00,2.25369473684211
419,CA_POLICY_RATE,2026-03-01,2026-04-15 00:00:00,2.25578636363636
420,CA_POLICY_RATE,2026-04-01,2026-05-16 00:00:00,2.25130952380952
421,CH_POLICY_RATE,2023-12-01,2024-01-15 00:00:00,1.6
422,CH_POLICY_RATE,2024-01-01,2024-02-15 00:00:00,1.45
423,CH_POLICY_RATE,2024-02-01,2024-03-17 00:00:00,1.5
424,CH_POLICY_RATE,2024-03-01,2024-04-15 00:00:00,1.34
425,US_10Y_DAILY,2023-12-18,2023-12-19 00:00:00,3.95
426,US_10Y_DAILY,2023-12-19,2023-12-20 00:00:00,3.93
427,US_10Y_DAILY,2023-12-20,2023-12-21 00:00:00,3.86
428,US_10Y_DAILY,2023-12-21,2023-12-22 00:00:00,3.89
429,US_10Y_DAILY,2023-12-22,2023-12-23 00:00:00,3.9
430,US_10Y_DAILY,2023-12-26,2023-12-27 00:00:00,3.89
431,US_10Y_DAILY,2023-12-27,2023-12-28 00:00:00,3.79
432,US_10Y_DAILY,2023-12-28,2023-12-29 00:00:00,3.84
433,US_10Y_DAILY,2023-12-29,2023-12-30 00:00:00,3.88
434,US_10Y_DAILY,2024-01-02,2024-01-03 00:00:00,3.95
435,US_10Y_DAILY,2024-01-03,2024-01-04 00:00:00,3.91
436,US_10Y_DAILY,2024-01-04,2024-01-05 00:00:00,3.99
437,US_10Y_DAILY,2024-01-05,2024-01-06 00:00:00,4.05
438,US_10Y_DAILY,2024-01-08,2024-01-09 00:00:00,4.01
439,US_10Y_DAILY,2024-01-09,2024-01-10 00:00:00,4.02
440,US_10Y_DAILY,2024-01-10,2024-01-11 00:00:00,4.04
441,US_10Y_DAILY,2024-01-11,2024-01-12 00:00:00,3.98
442,US_10Y_DAILY,2024-01-12,2024-01-13 00:00:00,3.96
443,US_10Y_DAILY,2024-01-16,2024-01-17 00:00:00,4.07
444,US_10Y_DAILY,2024-01-17,2024-01-18 00:00:00,4.1
445,US_10Y_DAILY,2024-01-18,2024-01-19 00:00:00,4.14
446,US_10Y_DAILY,2024-01-19,2024-01-20 00:00:00,4.15
447,US_10Y_DAILY,2024-01-22,2024-01-23 00:00:00,4.11
448,US_10Y_DAILY,2024-01-23,2024-01-24 00:00:00,4.14
449,US_10Y_DAILY,2024-01-24,2024-01-25 00:00:00,4.18
450,US_10Y_DAILY,2024-01-25,2024-01-26 00:00:00,4.14
451,US_10Y_DAILY,2024-01-26,2024-01-27 00:00:00,4.15
452,US_10Y_DAILY,2024-01-29,2024-01-30 00:00:00,4.08
453,US_10Y_DAILY,2024-01-30,2024-01-31 00:00:00,4.06
454,US_10Y_DAILY,2024-01-31,2024-02-01 00:00:00,3.99
455,US_10Y_DAILY,2024-02-01,2024-02-02 00:00:00,3.87
456,US_10Y_DAILY,2024-02-02,2024-02-03 00:00:00,4.03
457,US_10Y_DAILY,2024-02-05,2024-02-06 00:00:00,4.17
458,US_10Y_DAILY,2024-02-06,2024-02-07 00:00:00,4.09
459,US_10Y_DAILY,2024-02-07,2024-02-08 00:00:00,4.09
460,US_10Y_DAILY,2024-02-08,2024-02-09 00:00:00,4.15
461,US_10Y_DAILY,2024-02-09,2024-02-10 00:00:00,4.17
462,US_10Y_DAILY,2024-02-12,2024-02-13 00:00:00,4.17
463,US_10Y_DAILY,2024-02-13,2024-02-14 00:00:00,4.31
464,US_10Y_DAILY,2024-02-14,2024-02-15 00:00:00,4.27
465,US_10Y_DAILY,2024-02-15,2024-02-16 00:00:00,4.24
466,US_10Y_DAILY,2024-02-16,2024-02-17 00:00:00,4.3
467,US_10Y_DAILY,2024-02-20,2024-02-21 00:00:00,4.27
468,US_10Y_DAILY,2024-02-21,2024-02-22 00:00:00,4.32
469,US_10Y_DAILY,2024-02-22,2024-02-23 00:00:00,4.33
470,US_10Y_DAILY,2024-02-23,2024-02-24 00:00:00,4.26
471,US_10Y_DAILY,2024-02-26,2024-02-27 00:00:00,4.28
472,US_10Y_DAILY,2024-02-27,2024-02-28 00:00:00,4.31
473,US_10Y_DAILY,2024-02-28,2024-02-29 00:00:00,4.27
474,US_10Y_DAILY,2024-02-29,2024-03-01 00:00:00,4.25
475,US_10Y_DAILY,2024-03-01,2024-03-02 00:00:00,4.19
476,US_10Y_DAILY,2024-03-04,2024-03-05 00:00:00,4.22
477,US_10Y_DAILY,2024-03-05,2024-03-06 00:00:00,4.13
478,US_10Y_DAILY,2024-03-06,2024-03-07 00:00:00,4.11
479,US_10Y_DAILY,2024-03-07,2024-03-08 00:00:00,4.09
480,US_10Y_DAILY,2024-03-08,2024-03-09 00:00:00,4.09
481,US_10Y_DAILY,2024-03-11,2024-03-12 00:00:00,4.1
482,US_10Y_DAILY,2024-03-12,2024-03-13 00:00:00,4.16
483,US_10Y_DAILY,2024-03-13,2024-03-14 00:00:00,4.19
484,US_10Y_DAILY,2024-03-14,2024-03-15 00:00:00,4.29
485,US_10Y_DAILY,2024-03-15,2024-03-16 00:00:00,4.31
486,US_10Y_DAILY,2024-03-18,2024-03-19 00:00:00,4.34
487,US_10Y_DAILY,2024-03-19,2024-03-20 00:00:00,4.3
488,US_10Y_DAILY,2024-03-20,2024-03-21 00:00:00,4.27
489,US_10Y_DAILY,2024-03-21,2024-03-22 00:00:00,4.27
490,US_10Y_DAILY,2024-03-22,2024-03-23 00:00:00,4.22
491,US_10Y_DAILY,2024-03-25,2024-03-26 00:00:00,4.25
492,US_10Y_DAILY,2024-03-26,2024-03-27 00:00:00,4.24
493,US_10Y_DAILY,2024-03-27,2024-03-28 00:00:00,4.2
494,US_10Y_DAILY,2024-03-28,2024-03-29 00:00:00,4.2
495,US_10Y_DAILY,2024-04-01,2024-04-02 00:00:00,4.33
496,US_10Y_DAILY,2024-04-02,2024-04-03 00:00:00,4.36
497,US_10Y_DAILY,2024-04-03,2024-04-04 00:00:00,4.36
498,US_10Y_DAILY,2024-04-04,2024-04-05 00:00:00,4.31
499,US_10Y_DAILY,2024-04-05,2024-04-06 00:00:00,4.39
500,US_10Y_DAILY,2024-04-08,2024-04-09 00:00:00,4.42
501,US_10Y_DAILY,2024-04-09,2024-04-10 00:00:00,4.36
502,US_10Y_DAILY,2024-04-10,2024-04-11 00:00:00,4.55
503,US_10Y_DAILY,2024-04-11,2024-04-12 00:00:00,4.56
504,US_10Y_DAILY,2024-04-12,2024-04-13 00:00:00,4.5
505,US_10Y_DAILY,2024-04-15,2024-04-16 00:00:00,4.63
506,US_10Y_DAILY,2024-04-16,2024-04-17 00:00:00,4.67
507,US_10Y_DAILY,2024-04-17,2024-04-18 00:00:00,4.59
508,US_10Y_DAILY,2024-04-18,2024-04-19 00:00:00,4.64
509,US_10Y_DAILY,2024-04-19,2024-04-20 00:00:00,4.62
510,US_10Y_DAILY,2024-04-22,2024-04-23 00:00:00,4.62
511,US_10Y_DAILY,2024-04-23,2024-04-24 00:00:00,4.61
512,US_10Y_DAILY,2024-04-24,2024-04-25 00:00:00,4.65
513,US_10Y_DAILY,2024-04-25,2024-04-26 00:00:00,4.7
514,US_10Y_DAILY,2024-04-26,2024-04-27 00:00:00,4.67
515,US_10Y_DAILY,2024-04-29,2024-04-30 00:00:00,4.63
516,US_10Y_DAILY,2024-04-30,2024-05-01 00:00:00,4.69
517,US_10Y_DAILY,2024-05-01,2024-05-02 00:00:00,4.63
518,US_10Y_DAILY,2024-05-02,2024-05-03 00:00:00,4.58
519,US_10Y_DAILY,2024-05-03,2024-05-04 00:00:00,4.5
520,US_10Y_DAILY,2024-05-06,2024-05-07 00:00:00,4.49
521,US_10Y_DAILY,2024-05-07,2024-05-08 00:00:00,4.47
522,US_10Y_DAILY,2024-05-08,2024-05-09 00:00:00,4.48
523,US_10Y_DAILY,2024-05-09,2024-05-10 00:00:00,4.45
524,US_10Y_DAILY,2024-05-10,2024-05-11 00:00:00,4.5
525,US_10Y_DAILY,2024-05-13,2024-05-14 00:00:00,4.48
526,US_10Y_DAILY,2024-05-14,2024-05-15 00:00:00,4.45
527,US_10Y_DAILY,2024-05-15,2024-05-16 00:00:00,4.36
528,US_10Y_DAILY,2024-05-16,2024-05-17 00:00:00,4.38
529,US_10Y_DAILY,2024-05-17,2024-05-18 00:00:00,4.42
530,US_10Y_DAILY,2024-05-20,2024-05-21 00:00:00,4.44
531,US_10Y_DAILY,2024-05-21,2024-05-22 00:00:00,4.41
532,US_10Y_DAILY,2024-05-22,2024-05-23 00:00:00,4.43
533,US_10Y_DAILY,2024-05-23,2024-05-24 00:00:00,4.47
534,US_10Y_DAILY,2024-05-24,2024-05-25 00:00:00,4.46
535,US_10Y_DAILY,2024-05-28,2024-05-29 00:00:00,4.54
536,US_10Y_DAILY,2024-05-29,2024-05-30 00:00:00,4.61
537,US_10Y_DAILY,2024-05-30,2024-05-31 00:00:00,4.55
538,US_10Y_DAILY,2024-05-31,2024-06-01 00:00:00,4.51
539,US_10Y_DAILY,2024-06-03,2024-06-04 00:00:00,4.41
540,US_10Y_DAILY,2024-06-04,2024-06-05 00:00:00,4.33
541,US_10Y_DAILY,2024-06-05,2024-06-06 00:00:00,4.29
542,US_10Y_DAILY,2024-06-06,2024-06-07 00:00:00,4.28
543,US_10Y_DAILY,2024-06-07,2024-06-08 00:00:00,4.43
544,US_10Y_DAILY,2024-06-10,2024-06-11 00:00:00,4.47
545,US_10Y_DAILY,2024-06-11,2024-06-12 00:00:00,4.39
546,US_10Y_DAILY,2024-06-12,2024-06-13 00:00:00,4.31
547,US_10Y_DAILY,2024-06-13,2024-06-14 00:00:00,4.24
548,US_10Y_DAILY,2024-06-14,2024-06-15 00:00:00,4.2
549,US_10Y_DAILY,2024-06-17,2024-06-18 00:00:00,4.28
550,US_10Y_DAILY,2024-06-18,2024-06-19 00:00:00,4.22
551,US_10Y_DAILY,2024-06-20,2024-06-21 00:00:00,4.25
552,US_10Y_DAILY,2024-06-21,2024-06-22 00:00:00,4.25
553,US_10Y_DAILY,2024-06-24,2024-06-25 00:00:00,4.25
554,US_10Y_DAILY,2024-06-25,2024-06-26 00:00:00,4.23
555,US_10Y_DAILY,2024-06-26,2024-06-27 00:00:00,4.32
556,US_10Y_DAILY,2024-06-27,2024-06-28 00:00:00,4.29
557,US_10Y_DAILY,2024-06-28,2024-06-29 00:00:00,4.36
558,US_10Y_DAILY,2024-07-01,2024-07-02 00:00:00,4.48
559,US_10Y_DAILY,2024-07-02,2024-07-03 00:00:00,4.43
560,US_10Y_DAILY,2024-07-03,2024-07-04 00:00:00,4.36
561,US_10Y_DAILY,2024-07-05,2024-07-06 00:00:00,4.28
562,US_10Y_DAILY,2024-07-08,2024-07-09 00:00:00,4.28
563,US_10Y_DAILY,2024-07-09,2024-07-10 00:00:00,4.3
564,US_10Y_DAILY,2024-07-10,2024-07-11 00:00:00,4.28
565,US_10Y_DAILY,2024-07-11,2024-07-12 00:00:00,4.2
566,US_10Y_DAILY,2024-07-12,2024-07-13 00:00:00,4.18
567,US_10Y_DAILY,2024-07-15,2024-07-16 00:00:00,4.23
568,US_10Y_DAILY,2024-07-16,2024-07-17 00:00:00,4.17
569,US_10Y_DAILY,2024-07-17,2024-07-18 00:00:00,4.16
570,US_10Y_DAILY,2024-07-18,2024-07-19 00:00:00,4.2
571,US_10Y_DAILY,2024-07-19,2024-07-20 00:00:00,4.25
572,US_10Y_DAILY,2024-07-22,2024-07-23 00:00:00,4.26
573,US_10Y_DAILY,2024-07-23,2024-07-24 00:00:00,4.25
574,US_10Y_DAILY,2024-07-24,2024-07-25 00:00:00,4.28
575,US_10Y_DAILY,2024-07-25,2024-07-26 00:00:00,4.27
576,US_10Y_DAILY,2024-07-26,2024-07-27 00:00:00,4.2
577,US_10Y_DAILY,2024-07-29,2024-07-30 00:00:00,4.17
578,US_10Y_DAILY,2024-07-30,2024-07-31 00:00:00,4.15
579,US_10Y_DAILY,2024-07-31,2024-08-01 00:00:00,4.09
580,US_10Y_DAILY,2024-08-01,2024-08-02 00:00:00,3.99
581,US_10Y_DAILY,2024-08-02,2024-08-03 00:00:00,3.8
582,US_10Y_DAILY,2024-08-05,2024-08-06 00:00:00,3.78
583,US_10Y_DAILY,2024-08-06,2024-08-07 00:00:00,3.9
584,US_10Y_DAILY,2024-08-07,2024-08-08 00:00:00,3.96
585,US_10Y_DAILY,2024-08-08,2024-08-09 00:00:00,3.99
586,US_10Y_DAILY,2024-08-09,2024-08-10 00:00:00,3.94
587,US_10Y_DAILY,2024-08-12,2024-08-13 00:00:00,3.9
588,US_10Y_DAILY,2024-08-13,2024-08-14 00:00:00,3.85
589,US_10Y_DAILY,2024-08-14,2024-08-15 00:00:00,3.83
590,US_10Y_DAILY,2024-08-15,2024-08-16 00:00:00,3.92
591,US_10Y_DAILY,2024-08-16,2024-08-17 00:00:00,3.89
592,US_10Y_DAILY,2024-08-19,2024-08-20 00:00:00,3.86
593,US_10Y_DAILY,2024-08-20,2024-08-21 00:00:00,3.82
594,US_10Y_DAILY,2024-08-21,2024-08-22 00:00:00,3.79
595,US_10Y_DAILY,2024-08-22,2024-08-23 00:00:00,3.86
596,US_10Y_DAILY,2024-08-23,2024-08-24 00:00:00,3.81
597,US_10Y_DAILY,2024-08-26,2024-08-27 00:00:00,3.82
598,US_10Y_DAILY,2024-08-27,2024-08-28 00:00:00,3.83
599,US_10Y_DAILY,2024-08-28,2024-08-29 00:00:00,3.84
600,US_10Y_DAILY,2024-08-29,2024-08-30 00:00:00,3.87
601,US_10Y_DAILY,2024-08-30,2024-08-31 00:00:00,3.91
602,US_10Y_DAILY,2024-09-03,2024-09-04 00:00:00,3.84
603,US_10Y_DAILY,2024-09-04,2024-09-05 00:00:00,3.77
604,US_10Y_DAILY,2024-09-05,2024-09-06 00:00:00,3.73
605,US_10Y_DAILY,2024-09-06,2024-09-07 00:00:00,3.72
606,US_10Y_DAILY,2024-09-09,2024-09-10 00:00:00,3.7
607,US_10Y_DAILY,2024-09-10,2024-09-11 00:00:00,3.65
608,US_10Y_DAILY,2024-09-11,2024-09-12 00:00:00,3.65
609,US_10Y_DAILY,2024-09-12,2024-09-13 00:00:00,3.68
610,US_10Y_DAILY,2024-09-13,2024-09-14 00:00:00,3.66
611,US_10Y_DAILY,2024-09-16,2024-09-17 00:00:00,3.63
612,US_10Y_DAILY,2024-09-17,2024-09-18 00:00:00,3.65
613,US_10Y_DAILY,2024-09-18,2024-09-19 00:00:00,3.7
614,US_10Y_DAILY,2024-09-19,2024-09-20 00:00:00,3.73
615,US_10Y_DAILY,2024-09-20,2024-09-21 00:00:00,3.73
616,US_10Y_DAILY,2024-09-23,2024-09-24 00:00:00,3.75
617,US_10Y_DAILY,2024-09-24,2024-09-25 00:00:00,3.74
618,US_10Y_DAILY,2024-09-25,2024-09-26 00:00:00,3.79
619,US_10Y_DAILY,2024-09-26,2024-09-27 00:00:00,3.79
620,US_10Y_DAILY,2024-09-27,2024-09-28 00:00:00,3.75
621,US_10Y_DAILY,2024-09-30,2024-10-01 00:00:00,3.81
622,US_10Y_DAILY,2024-10-01,2024-10-02 00:00:00,3.74
623,US_10Y_DAILY,2024-10-02,2024-10-03 00:00:00,3.79
624,US_10Y_DAILY,2024-10-03,2024-10-04 00:00:00,3.85
625,US_10Y_DAILY,2024-10-04,2024-10-05 00:00:00,3.98
626,US_10Y_DAILY,2024-10-07,2024-10-08 00:00:00,4.03
627,US_10Y_DAILY,2024-10-08,2024-10-09 00:00:00,4.04
628,US_10Y_DAILY,2024-10-09,2024-10-10 00:00:00,4.06
629,US_10Y_DAILY,2024-10-10,2024-10-11 00:00:00,4.09
630,US_10Y_DAILY,2024-10-11,2024-10-12 00:00:00,4.08
631,US_10Y_DAILY,2024-10-15,2024-10-16 00:00:00,4.03
632,US_10Y_DAILY,2024-10-16,2024-10-17 00:00:00,4.02
633,US_10Y_DAILY,2024-10-17,2024-10-18 00:00:00,4.09
634,US_10Y_DAILY,2024-10-18,2024-10-19 00:00:00,4.08
635,US_10Y_DAILY,2024-10-21,2024-10-22 00:00:00,4.19
636,US_10Y_DAILY,2024-10-22,2024-10-23 00:00:00,4.2
637,US_10Y_DAILY,2024-10-23,2024-10-24 00:00:00,4.24
638,US_10Y_DAILY,2024-10-24,2024-10-25 00:00:00,4.21
639,US_10Y_DAILY,2024-10-25,2024-10-26 00:00:00,4.25
640,US_10Y_DAILY,2024-10-28,2024-10-29 00:00:00,4.28
641,US_10Y_DAILY,2024-10-29,2024-10-30 00:00:00,4.28
642,US_10Y_DAILY,2024-10-30,2024-10-31 00:00:00,4.29
643,US_10Y_DAILY,2024-10-31,2024-11-01 00:00:00,4.28
644,US_10Y_DAILY,2024-11-01,2024-11-02 00:00:00,4.37
645,US_10Y_DAILY,2024-11-04,2024-11-05 00:00:00,4.31
646,US_10Y_DAILY,2024-11-05,2024-11-06 00:00:00,4.26
647,US_10Y_DAILY,2024-11-06,2024-11-07 00:00:00,4.42
648,US_10Y_DAILY,2024-11-07,2024-11-08 00:00:00,4.31
649,US_10Y_DAILY,2024-11-08,2024-11-09 00:00:00,4.3
650,US_10Y_DAILY,2024-11-12,2024-11-13 00:00:00,4.43
651,US_10Y_DAILY,2024-11-13,2024-11-14 00:00:00,4.44
652,US_10Y_DAILY,2024-11-14,2024-11-15 00:00:00,4.43
653,US_10Y_DAILY,2024-11-15,2024-11-16 00:00:00,4.43
654,US_10Y_DAILY,2024-11-18,2024-11-19 00:00:00,4.42
655,US_10Y_DAILY,2024-11-19,2024-11-20 00:00:00,4.39
656,US_10Y_DAILY,2024-11-20,2024-11-21 00:00:00,4.41
657,US_10Y_DAILY,2024-11-21,2024-11-22 00:00:00,4.43
658,US_10Y_DAILY,2024-11-22,2024-11-23 00:00:00,4.41
659,US_10Y_DAILY,2024-11-25,2024-11-26 00:00:00,4.27
660,US_10Y_DAILY,2024-11-26,2024-11-27 00:00:00,4.3
661,US_10Y_DAILY,2024-11-27,2024-11-28 00:00:00,4.25
662,US_10Y_DAILY,2024-11-29,2024-11-30 00:00:00,4.18
663,US_10Y_DAILY,2024-12-02,2024-12-03 00:00:00,4.19
664,US_10Y_DAILY,2024-12-03,2024-12-04 00:00:00,4.23
665,US_10Y_DAILY,2024-12-04,2024-12-05 00:00:00,4.19
666,US_10Y_DAILY,2024-12-05,2024-12-06 00:00:00,4.17
667,US_10Y_DAILY,2024-12-06,2024-12-07 00:00:00,4.15
668,US_10Y_DAILY,2024-12-09,2024-12-10 00:00:00,4.2
669,US_10Y_DAILY,2024-12-10,2024-12-11 00:00:00,4.22
670,US_10Y_DAILY,2024-12-11,2024-12-12 00:00:00,4.26
671,US_10Y_DAILY,2024-12-12,2024-12-13 00:00:00,4.32
672,US_10Y_DAILY,2024-12-13,2024-12-14 00:00:00,4.4
673,US_10Y_DAILY,2024-12-16,2024-12-17 00:00:00,4.39
674,US_10Y_DAILY,2024-12-17,2024-12-18 00:00:00,4.4
675,US_10Y_DAILY,2024-12-18,2024-12-19 00:00:00,4.5
676,US_10Y_DAILY,2024-12-19,2024-12-20 00:00:00,4.57
677,US_10Y_DAILY,2024-12-20,2024-12-21 00:00:00,4.52
678,US_10Y_DAILY,2024-12-23,2024-12-24 00:00:00,4.59
679,US_10Y_DAILY,2024-12-24,2024-12-25 00:00:00,4.59
680,US_10Y_DAILY,2024-12-26,2024-12-27 00:00:00,4.58
681,US_10Y_DAILY,2024-12-27,2024-12-28 00:00:00,4.62
682,US_10Y_DAILY,2024-12-30,2024-12-31 00:00:00,4.55
683,US_10Y_DAILY,2024-12-31,2025-01-01 00:00:00,4.58
684,US_10Y_DAILY,2025-01-02,2025-01-03 00:00:00,4.57
685,US_10Y_DAILY,2025-01-03,2025-01-04 00:00:00,4.6
686,US_10Y_DAILY,2025-01-06,2025-01-07 00:00:00,4.62
687,US_10Y_DAILY,2025-01-07,2025-01-08 00:00:00,4.67
688,US_10Y_DAILY,2025-01-08,2025-01-09 00:00:00,4.67
689,US_10Y_DAILY,2025-01-09,2025-01-10 00:00:00,4.68
690,US_10Y_DAILY,2025-01-10,2025-01-11 00:00:00,4.77
691,US_10Y_DAILY,2025-01-13,2025-01-14 00:00:00,4.79
692,US_10Y_DAILY,2025-01-14,2025-01-15 00:00:00,4.78
693,US_10Y_DAILY,2025-01-15,2025-01-16 00:00:00,4.66
694,US_10Y_DAILY,2025-01-16,2025-01-17 00:00:00,4.61
695,US_10Y_DAILY,2025-01-17,2025-01-18 00:00:00,4.61
696,US_10Y_DAILY,2025-01-21,2025-01-22 00:00:00,4.57
697,US_10Y_DAILY,2025-01-22,2025-01-23 00:00:00,4.6
698,US_10Y_DAILY,2025-01-23,2025-01-24 00:00:00,4.65
699,US_10Y_DAILY,2025-01-24,2025-01-25 00:00:00,4.63
700,US_10Y_DAILY,2025-01-27,2025-01-28 00:00:00,4.53
701,US_10Y_DAILY,2025-01-28,2025-01-29 00:00:00,4.55
702,US_10Y_DAILY,2025-01-29,2025-01-30 00:00:00,4.55
703,US_10Y_DAILY,2025-01-30,2025-01-31 00:00:00,4.52
704,US_10Y_DAILY,2025-01-31,2025-02-01 00:00:00,4.58
705,US_10Y_DAILY,2025-02-03,2025-02-04 00:00:00,4.54
706,US_10Y_DAILY,2025-02-04,2025-02-05 00:00:00,4.52
707,US_10Y_DAILY,2025-02-05,2025-02-06 00:00:00,4.43
708,US_10Y_DAILY,2025-02-06,2025-02-07 00:00:00,4.45
709,US_10Y_DAILY,2025-02-07,2025-02-08 00:00:00,4.49
710,US_10Y_DAILY,2025-02-10,2025-02-11 00:00:00,4.51
711,US_10Y_DAILY,2025-02-11,2025-02-12 00:00:00,4.54
712,US_10Y_DAILY,2025-02-12,2025-02-13 00:00:00,4.62
713,US_10Y_DAILY,2025-02-13,2025-02-14 00:00:00,4.52
714,US_10Y_DAILY,2025-02-14,2025-02-15 00:00:00,4.47
715,US_10Y_DAILY,2025-02-18,2025-02-19 00:00:00,4.55
716,US_10Y_DAILY,2025-02-19,2025-02-20 00:00:00,4.53
717,US_10Y_DAILY,2025-02-20,2025-02-21 00:00:00,4.5
718,US_10Y_DAILY,2025-02-21,2025-02-22 00:00:00,4.42
719,US_10Y_DAILY,2025-02-24,2025-02-25 00:00:00,4.4
720,US_10Y_DAILY,2025-02-25,2025-02-26 00:00:00,4.3
721,US_10Y_DAILY,2025-02-26,2025-02-27 00:00:00,4.25
722,US_10Y_DAILY,2025-02-27,2025-02-28 00:00:00,4.29
723,US_10Y_DAILY,2025-02-28,2025-03-01 00:00:00,4.24
724,US_10Y_DAILY,2025-03-03,2025-03-04 00:00:00,4.16
725,US_10Y_DAILY,2025-03-04,2025-03-05 00:00:00,4.22
726,US_10Y_DAILY,2025-03-05,2025-03-06 00:00:00,4.28
727,US_10Y_DAILY,2025-03-06,2025-03-07 00:00:00,4.29
728,US_10Y_DAILY,2025-03-07,2025-03-08 00:00:00,4.32
729,US_10Y_DAILY,2025-03-10,2025-03-11 00:00:00,4.22
730,US_10Y_DAILY,2025-03-11,2025-03-12 00:00:00,4.28
731,US_10Y_DAILY,2025-03-12,2025-03-13 00:00:00,4.32
732,US_10Y_DAILY,2025-03-13,2025-03-14 00:00:00,4.27
733,US_10Y_DAILY,2025-03-14,2025-03-15 00:00:00,4.31
734,US_10Y_DAILY,2025-03-17,2025-03-18 00:00:00,4.31
735,US_10Y_DAILY,2025-03-18,2025-03-19 00:00:00,4.29
736,US_10Y_DAILY,2025-03-19,2025-03-20 00:00:00,4.25
737,US_10Y_DAILY,2025-03-20,2025-03-21 00:00:00,4.24
738,US_10Y_DAILY,2025-03-21,2025-03-22 00:00:00,4.25
739,US_10Y_DAILY,2025-03-24,2025-03-25 00:00:00,4.34
740,US_10Y_DAILY,2025-03-25,2025-03-26 00:00:00,4.31
741,US_10Y_DAILY,2025-03-26,2025-03-27 00:00:00,4.35
742,US_10Y_DAILY,2025-03-27,2025-03-28 00:00:00,4.38
743,US_10Y_DAILY,2025-03-28,2025-03-29 00:00:00,4.27
744,US_10Y_DAILY,2025-03-31,2025-04-01 00:00:00,4.23
745,US_10Y_DAILY,2025-04-01,2025-04-02 00:00:00,4.17
746,US_10Y_DAILY,2025-04-02,2025-04-03 00:00:00,4.2
747,US_10Y_DAILY,2025-04-03,2025-04-04 00:00:00,4.06
748,US_10Y_DAILY,2025-04-04,2025-04-05 00:00:00,4.01
749,US_10Y_DAILY,2025-04-07,2025-04-08 00:00:00,4.15
750,US_10Y_DAILY,2025-04-08,2025-04-09 00:00:00,4.26
751,US_10Y_DAILY,2025-04-09,2025-04-10 00:00:00,4.34
752,US_10Y_DAILY,2025-04-10,2025-04-11 00:00:00,4.4
753,US_10Y_DAILY,2025-04-11,2025-04-12 00:00:00,4.48
754,US_10Y_DAILY,2025-04-14,2025-04-15 00:00:00,4.38
755,US_10Y_DAILY,2025-04-15,2025-04-16 00:00:00,4.35
756,US_10Y_DAILY,2025-04-16,2025-04-17 00:00:00,4.29
757,US_10Y_DAILY,2025-04-17,2025-04-18 00:00:00,4.34
758,US_10Y_DAILY,2025-04-21,2025-04-22 00:00:00,4.42
759,US_10Y_DAILY,2025-04-22,2025-04-23 00:00:00,4.41
760,US_10Y_DAILY,2025-04-23,2025-04-24 00:00:00,4.4
761,US_10Y_DAILY,2025-04-24,2025-04-25 00:00:00,4.32
762,US_10Y_DAILY,2025-04-25,2025-04-26 00:00:00,4.29
763,US_10Y_DAILY,2025-04-28,2025-04-29 00:00:00,4.23
764,US_10Y_DAILY,2025-04-29,2025-04-30 00:00:00,4.19
765,US_10Y_DAILY,2025-04-30,2025-05-01 00:00:00,4.17
766,US_10Y_DAILY,2025-05-01,2025-05-02 00:00:00,4.25
767,US_10Y_DAILY,2025-05-02,2025-05-03 00:00:00,4.33
768,US_10Y_DAILY,2025-05-05,2025-05-06 00:00:00,4.36
769,US_10Y_DAILY,2025-05-06,2025-05-07 00:00:00,4.3
770,US_10Y_DAILY,2025-05-07,2025-05-08 00:00:00,4.26
771,US_10Y_DAILY,2025-05-08,2025-05-09 00:00:00,4.37
772,US_10Y_DAILY,2025-05-09,2025-05-10 00:00:00,4.37
773,US_10Y_DAILY,2025-05-12,2025-05-13 00:00:00,4.45
774,US_10Y_DAILY,2025-05-13,2025-05-14 00:00:00,4.49
775,US_10Y_DAILY,2025-05-14,2025-05-15 00:00:00,4.53
776,US_10Y_DAILY,2025-05-15,2025-05-16 00:00:00,4.45
777,US_10Y_DAILY,2025-05-16,2025-05-17 00:00:00,4.43
778,US_10Y_DAILY,2025-05-19,2025-05-20 00:00:00,4.46
779,US_10Y_DAILY,2025-05-20,2025-05-21 00:00:00,4.48
780,US_10Y_DAILY,2025-05-21,2025-05-22 00:00:00,4.58
781,US_10Y_DAILY,2025-05-22,2025-05-23 00:00:00,4.54
782,US_10Y_DAILY,2025-05-23,2025-05-24 00:00:00,4.51
783,US_10Y_DAILY,2025-05-27,2025-05-28 00:00:00,4.43
784,US_10Y_DAILY,2025-05-28,2025-05-29 00:00:00,4.47
785,US_10Y_DAILY,2025-05-29,2025-05-30 00:00:00,4.43
786,US_10Y_DAILY,2025-05-30,2025-05-31 00:00:00,4.41
787,US_10Y_DAILY,2025-06-02,2025-06-03 00:00:00,4.46
788,US_10Y_DAILY,2025-06-03,2025-06-04 00:00:00,4.46
789,US_10Y_DAILY,2025-06-04,2025-06-05 00:00:00,4.37
790,US_10Y_DAILY,2025-06-05,2025-06-06 00:00:00,4.4
791,US_10Y_DAILY,2025-06-06,2025-06-07 00:00:00,4.51
792,US_10Y_DAILY,2025-06-09,2025-06-10 00:00:00,4.49
793,US_10Y_DAILY,2025-06-10,2025-06-11 00:00:00,4.47
794,US_10Y_DAILY,2025-06-11,2025-06-12 00:00:00,4.41
795,US_10Y_DAILY,2025-06-12,2025-06-13 00:00:00,4.36
796,US_10Y_DAILY,2025-06-13,2025-06-14 00:00:00,4.41
797,US_10Y_DAILY,2025-06-16,2025-06-17 00:00:00,4.46
798,US_10Y_DAILY,2025-06-17,2025-06-18 00:00:00,4.39
799,US_10Y_DAILY,2025-06-18,2025-06-19 00:00:00,4.38
800,US_10Y_DAILY,2025-06-20,2025-06-21 00:00:00,4.38
801,US_10Y_DAILY,2025-06-23,2025-06-24 00:00:00,4.34
802,US_10Y_DAILY,2025-06-24,2025-06-25 00:00:00,4.3
803,US_10Y_DAILY,2025-06-25,2025-06-26 00:00:00,4.29
804,US_10Y_DAILY,2025-06-26,2025-06-27 00:00:00,4.26
805,US_10Y_DAILY,2025-06-27,2025-06-28 00:00:00,4.29
806,US_10Y_DAILY,2025-06-30,2025-07-01 00:00:00,4.24
807,US_10Y_DAILY,2025-07-01,2025-07-02 00:00:00,4.26
808,US_10Y_DAILY,2025-07-02,2025-07-03 00:00:00,4.3
809,US_10Y_DAILY,2025-07-03,2025-07-04 00:00:00,4.35
810,US_10Y_DAILY,2025-07-07,2025-07-08 00:00:00,4.4
811,US_10Y_DAILY,2025-07-08,2025-07-09 00:00:00,4.42
812,US_10Y_DAILY,2025-07-09,2025-07-10 00:00:00,4.34
813,US_10Y_DAILY,2025-07-10,2025-07-11 00:00:00,4.35
814,US_10Y_DAILY,2025-07-11,2025-07-12 00:00:00,4.43
815,US_10Y_DAILY,2025-07-14,2025-07-15 00:00:00,4.43
816,US_10Y_DAILY,2025-07-15,2025-07-16 00:00:00,4.5
817,US_10Y_DAILY,2025-07-16,2025-07-17 00:00:00,4.46
818,US_10Y_DAILY,2025-07-17,2025-07-18 00:00:00,4.47
819,US_10Y_DAILY,2025-07-18,2025-07-19 00:00:00,4.44
820,US_10Y_DAILY,2025-07-21,2025-07-22 00:00:00,4.38
821,US_10Y_DAILY,2025-07-22,2025-07-23 00:00:00,4.35
822,US_10Y_DAILY,2025-07-23,2025-07-24 00:00:00,4.4
823,US_10Y_DAILY,2025-07-24,2025-07-25 00:00:00,4.43
824,US_10Y_DAILY,2025-07-25,2025-07-26 00:00:00,4.4
825,US_10Y_DAILY,2025-07-28,2025-07-29 00:00:00,4.42
826,US_10Y_DAILY,2025-07-29,2025-07-30 00:00:00,4.34
827,US_10Y_DAILY,2025-07-30,2025-07-31 00:00:00,4.38
828,US_10Y_DAILY,2025-07-31,2025-08-01 00:00:00,4.37
829,US_10Y_DAILY,2025-08-01,2025-08-02 00:00:00,4.23
830,US_10Y_DAILY,2025-08-04,2025-08-05 00:00:00,4.22
831,US_10Y_DAILY,2025-08-05,2025-08-06 00:00:00,4.22
832,US_10Y_DAILY,2025-08-06,2025-08-07 00:00:00,4.22
833,US_10Y_DAILY,2025-08-07,2025-08-08 00:00:00,4.23
834,US_10Y_DAILY,2025-08-08,2025-08-09 00:00:00,4.27
835,US_10Y_DAILY,2025-08-11,2025-08-12 00:00:00,4.27
836,US_10Y_DAILY,2025-08-12,2025-08-13 00:00:00,4.29
837,US_10Y_DAILY,2025-08-13,2025-08-14 00:00:00,4.24
838,US_10Y_DAILY,2025-08-14,2025-08-15 00:00:00,4.29
839,US_10Y_DAILY,2025-08-15,2025-08-16 00:00:00,4.33
840,US_10Y_DAILY,2025-08-18,2025-08-19 00:00:00,4.34
841,US_10Y_DAILY,2025-08-19,2025-08-20 00:00:00,4.3
842,US_10Y_DAILY,2025-08-20,2025-08-21 00:00:00,4.29
843,US_10Y_DAILY,2025-08-21,2025-08-22 00:00:00,4.33
844,US_10Y_DAILY,2025-08-22,2025-08-23 00:00:00,4.26
845,US_10Y_DAILY,2025-08-25,2025-08-26 00:00:00,4.28
846,US_10Y_DAILY,2025-08-26,2025-08-27 00:00:00,4.26
847,US_10Y_DAILY,2025-08-27,2025-08-28 00:00:00,4.24
848,US_10Y_DAILY,2025-08-28,2025-08-29 00:00:00,4.22
849,US_10Y_DAILY,2025-08-29,2025-08-30 00:00:00,4.23
850,US_10Y_DAILY,2025-09-02,2025-09-03 00:00:00,4.28
851,US_10Y_DAILY,2025-09-03,2025-09-04 00:00:00,4.22
852,US_10Y_DAILY,2025-09-04,2025-09-05 00:00:00,4.17
853,US_10Y_DAILY,2025-09-05,2025-09-06 00:00:00,4.1
854,US_10Y_DAILY,2025-09-08,2025-09-09 00:00:00,4.05
855,US_10Y_DAILY,2025-09-09,2025-09-10 00:00:00,4.08
856,US_10Y_DAILY,2025-09-10,2025-09-11 00:00:00,4.04
857,US_10Y_DAILY,2025-09-11,2025-09-12 00:00:00,4.01
858,US_10Y_DAILY,2025-09-12,2025-09-13 00:00:00,4.06
859,US_10Y_DAILY,2025-09-15,2025-09-16 00:00:00,4.05
860,US_10Y_DAILY,2025-09-16,2025-09-17 00:00:00,4.04
861,US_10Y_DAILY,2025-09-17,2025-09-18 00:00:00,4.06
862,US_10Y_DAILY,2025-09-18,2025-09-19 00:00:00,4.11
863,US_10Y_DAILY,2025-09-19,2025-09-20 00:00:00,4.14
864,US_10Y_DAILY,2025-09-22,2025-09-23 00:00:00,4.15
865,US_10Y_DAILY,2025-09-23,2025-09-24 00:00:00,4.12
866,US_10Y_DAILY,2025-09-24,2025-09-25 00:00:00,4.16
867,US_10Y_DAILY,2025-09-25,2025-09-26 00:00:00,4.18
868,US_10Y_DAILY,2025-09-26,2025-09-27 00:00:00,4.2
869,US_10Y_DAILY,2025-09-29,2025-09-30 00:00:00,4.15
870,US_10Y_DAILY,2025-09-30,2025-10-01 00:00:00,4.16
871,US_10Y_DAILY,2025-10-01,2025-10-02 00:00:00,4.12
872,US_10Y_DAILY,2025-10-02,2025-10-03 00:00:00,4.1
873,US_10Y_DAILY,2025-10-03,2025-10-04 00:00:00,4.13
874,US_10Y_DAILY,2025-10-06,2025-10-07 00:00:00,4.18
875,US_10Y_DAILY,2025-10-07,2025-10-08 00:00:00,4.14
876,US_10Y_DAILY,2025-10-08,2025-10-09 00:00:00,4.13
877,US_10Y_DAILY,2025-10-09,2025-10-10 00:00:00,4.14
878,US_10Y_DAILY,2025-10-10,2025-10-11 00:00:00,4.05
879,US_10Y_DAILY,2025-10-14,2025-10-15 00:00:00,4.03
880,US_10Y_DAILY,2025-10-15,2025-10-16 00:00:00,4.05
881,US_10Y_DAILY,2025-10-16,2025-10-17 00:00:00,3.99
882,US_10Y_DAILY,2025-10-17,2025-10-18 00:00:00,4.02
883,US_10Y_DAILY,2025-10-20,2025-10-21 00:00:00,4
884,US_10Y_DAILY,2025-10-21,2025-10-22 00:00:00,3.98
885,US_10Y_DAILY,2025-10-22,2025-10-23 00:00:00,3.97
886,US_10Y_DAILY,2025-10-23,2025-10-24 00:00:00,4.01
887,US_10Y_DAILY,2025-10-24,2025-10-25 00:00:00,4.02
888,US_10Y_DAILY,2025-10-27,2025-10-28 00:00:00,4.01
889,US_10Y_DAILY,2025-10-28,2025-10-29 00:00:00,3.99
890,US_10Y_DAILY,2025-10-29,2025-10-30 00:00:00,4.08
891,US_10Y_DAILY,2025-10-30,2025-10-31 00:00:00,4.11
892,US_10Y_DAILY,2025-10-31,2025-11-01 00:00:00,4.11
893,US_10Y_DAILY,2025-11-03,2025-11-04 00:00:00,4.13
894,US_10Y_DAILY,2025-11-04,2025-11-05 00:00:00,4.1
895,US_10Y_DAILY,2025-11-05,2025-11-06 00:00:00,4.17
896,US_10Y_DAILY,2025-11-06,2025-11-07 00:00:00,4.11
897,US_10Y_DAILY,2025-11-07,2025-11-08 00:00:00,4.11
898,US_10Y_DAILY,2025-11-10,2025-11-11 00:00:00,4.13
899,US_10Y_DAILY,2025-11-12,2025-11-13 00:00:00,4.08
900,US_10Y_DAILY,2025-11-13,2025-11-14 00:00:00,4.11
901,US_10Y_DAILY,2025-11-14,2025-11-15 00:00:00,4.14
902,US_10Y_DAILY,2025-11-17,2025-11-18 00:00:00,4.13
903,US_10Y_DAILY,2025-11-18,2025-11-19 00:00:00,4.12
904,US_10Y_DAILY,2025-11-19,2025-11-20 00:00:00,4.13
905,US_10Y_DAILY,2025-11-20,2025-11-21 00:00:00,4.1
906,US_10Y_DAILY,2025-11-21,2025-11-22 00:00:00,4.06
907,US_10Y_DAILY,2025-11-24,2025-11-25 00:00:00,4.04
908,US_10Y_DAILY,2025-11-25,2025-11-26 00:00:00,4.01
909,US_10Y_DAILY,2025-11-26,2025-11-27 00:00:00,4
910,US_10Y_DAILY,2025-11-28,2025-11-29 00:00:00,4.02
911,US_10Y_DAILY,2025-12-01,2025-12-02 00:00:00,4.09
912,US_10Y_DAILY,2025-12-02,2025-12-03 00:00:00,4.09
913,US_10Y_DAILY,2025-12-03,2025-12-04 00:00:00,4.06
914,US_10Y_DAILY,2025-12-04,2025-12-05 00:00:00,4.11
915,US_10Y_DAILY,2025-12-05,2025-12-06 00:00:00,4.14
916,US_10Y_DAILY,2025-12-08,2025-12-09 00:00:00,4.17
917,US_10Y_DAILY,2025-12-09,2025-12-10 00:00:00,4.18
918,US_10Y_DAILY,2025-12-10,2025-12-11 00:00:00,4.13
919,US_10Y_DAILY,2025-12-11,2025-12-12 00:00:00,4.14
920,US_10Y_DAILY,2025-12-12,2025-12-13 00:00:00,4.19
921,US_10Y_DAILY,2025-12-15,2025-12-16 00:00:00,4.18
922,US_10Y_DAILY,2025-12-16,2025-12-17 00:00:00,4.15
923,US_10Y_DAILY,2025-12-17,2025-12-18 00:00:00,4.16
924,US_10Y_DAILY,2025-12-18,2025-12-19 00:00:00,4.12
925,US_10Y_DAILY,2025-12-19,2025-12-20 00:00:00,4.16
926,US_10Y_DAILY,2025-12-22,2025-12-23 00:00:00,4.17
927,US_10Y_DAILY,2025-12-23,2025-12-24 00:00:00,4.18
928,US_10Y_DAILY,2025-12-24,2025-12-25 00:00:00,4.15
929,US_10Y_DAILY,2025-12-26,2025-12-27 00:00:00,4.14
930,US_10Y_DAILY,2025-12-29,2025-12-30 00:00:00,4.12
931,US_10Y_DAILY,2025-12-30,2025-12-31 00:00:00,4.14
932,US_10Y_DAILY,2025-12-31,2026-01-01 00:00:00,4.18
933,US_10Y_DAILY,2026-01-02,2026-01-03 00:00:00,4.19
934,US_10Y_DAILY,2026-01-05,2026-01-06 00:00:00,4.17
935,US_10Y_DAILY,2026-01-06,2026-01-07 00:00:00,4.18
936,US_10Y_DAILY,2026-01-07,2026-01-08 00:00:00,4.15
937,US_10Y_DAILY,2026-01-08,2026-01-09 00:00:00,4.19
938,US_10Y_DAILY,2026-01-09,2026-01-10 00:00:00,4.18
939,US_10Y_DAILY,2026-01-12,2026-01-13 00:00:00,4.19
940,US_10Y_DAILY,2026-01-13,2026-01-14 00:00:00,4.18
941,US_10Y_DAILY,2026-01-14,2026-01-15 00:00:00,4.15
942,US_10Y_DAILY,2026-01-15,2026-01-16 00:00:00,4.17
943,US_10Y_DAILY,2026-01-16,2026-01-17 00:00:00,4.24
944,US_10Y_DAILY,2026-01-20,2026-01-21 00:00:00,4.3
945,US_10Y_DAILY,2026-01-21,2026-01-22 00:00:00,4.26
946,US_10Y_DAILY,2026-01-22,2026-01-23 00:00:00,4.26
947,US_10Y_DAILY,2026-01-23,2026-01-24 00:00:00,4.24
948,US_10Y_DAILY,2026-01-26,2026-01-27 00:00:00,4.22
949,US_10Y_DAILY,2026-01-27,2026-01-28 00:00:00,4.24
950,US_10Y_DAILY,2026-01-28,2026-01-29 00:00:00,4.26
951,US_10Y_DAILY,2026-01-29,2026-01-30 00:00:00,4.24
952,US_10Y_DAILY,2026-01-30,2026-01-31 00:00:00,4.26
953,US_10Y_DAILY,2026-02-02,2026-02-03 00:00:00,4.29
954,US_10Y_DAILY,2026-02-03,2026-02-04 00:00:00,4.28
955,US_10Y_DAILY,2026-02-04,2026-02-05 00:00:00,4.29
956,US_10Y_DAILY,2026-02-05,2026-02-06 00:00:00,4.21
957,US_10Y_DAILY,2026-02-06,2026-02-07 00:00:00,4.22
958,US_10Y_DAILY,2026-02-09,2026-02-10 00:00:00,4.22
959,US_10Y_DAILY,2026-02-10,2026-02-11 00:00:00,4.16
960,US_10Y_DAILY,2026-02-11,2026-02-12 00:00:00,4.18
961,US_10Y_DAILY,2026-02-12,2026-02-13 00:00:00,4.09
962,US_10Y_DAILY,2026-02-13,2026-02-14 00:00:00,4.04
963,US_10Y_DAILY,2026-02-17,2026-02-18 00:00:00,4.05
964,US_10Y_DAILY,2026-02-18,2026-02-19 00:00:00,4.09
965,US_10Y_DAILY,2026-02-19,2026-02-20 00:00:00,4.08
966,US_10Y_DAILY,2026-02-20,2026-02-21 00:00:00,4.08
967,US_10Y_DAILY,2026-02-23,2026-02-24 00:00:00,4.03
968,US_10Y_DAILY,2026-02-24,2026-02-25 00:00:00,4.04
969,US_10Y_DAILY,2026-02-25,2026-02-26 00:00:00,4.05
970,US_10Y_DAILY,2026-02-26,2026-02-27 00:00:00,4.02
971,US_10Y_DAILY,2026-02-27,2026-02-28 00:00:00,3.97
972,US_10Y_DAILY,2026-03-02,2026-03-03 00:00:00,4.05
973,US_10Y_DAILY,2026-03-03,2026-03-04 00:00:00,4.06
974,US_10Y_DAILY,2026-03-04,2026-03-05 00:00:00,4.09
975,US_10Y_DAILY,2026-03-05,2026-03-06 00:00:00,4.13
976,US_10Y_DAILY,2026-03-06,2026-03-07 00:00:00,4.15
977,US_10Y_DAILY,2026-03-09,2026-03-10 00:00:00,4.12
978,US_10Y_DAILY,2026-03-10,2026-03-11 00:00:00,4.15
979,US_10Y_DAILY,2026-03-11,2026-03-12 00:00:00,4.21
980,US_10Y_DAILY,2026-03-12,2026-03-13 00:00:00,4.27
981,US_10Y_DAILY,2026-03-13,2026-03-14 00:00:00,4.28
982,US_10Y_DAILY,2026-03-16,2026-03-17 00:00:00,4.23
983,US_10Y_DAILY,2026-03-17,2026-03-18 00:00:00,4.2
984,US_10Y_DAILY,2026-03-18,2026-03-19 00:00:00,4.26
985,US_10Y_DAILY,2026-03-19,2026-03-20 00:00:00,4.25
986,US_10Y_DAILY,2026-03-20,2026-03-21 00:00:00,4.39
987,US_10Y_DAILY,2026-03-23,2026-03-24 00:00:00,4.34
988,US_10Y_DAILY,2026-03-24,2026-03-25 00:00:00,4.39
989,US_10Y_DAILY,2026-03-25,2026-03-26 00:00:00,4.33
990,US_10Y_DAILY,2026-03-26,2026-03-27 00:00:00,4.42
991,US_10Y_DAILY,2026-03-27,2026-03-28 00:00:00,4.44
992,US_10Y_DAILY,2026-03-30,2026-03-31 00:00:00,4.35
993,US_10Y_DAILY,2026-03-31,2026-04-01 00:00:00,4.3
994,US_10Y_DAILY,2026-04-01,2026-04-02 00:00:00,4.33
995,US_10Y_DAILY,2026-04-02,2026-04-03 00:00:00,4.31
996,US_10Y_DAILY,2026-04-03,2026-04-04 00:00:00,4.35
997,US_10Y_DAILY,2026-04-06,2026-04-07 00:00:00,4.34
998,US_10Y_DAILY,2026-04-07,2026-04-08 00:00:00,4.33
999,US_10Y_DAILY,2026-04-08,2026-04-09 00:00:00,4.29
1000,US_10Y_DAILY,2026-04-09,2026-04-10 00:00:00,4.29
1001,US_10Y_DAILY,2026-04-10,2026-04-11 00:00:00,4.31
1002,US_10Y_DAILY,2026-04-13,2026-04-14 00:00:00,4.3
1003,US_10Y_DAILY,2026-04-14,2026-04-15 00:00:00,4.26
1004,US_10Y_DAILY,2026-04-15,2026-04-16 00:00:00,4.29
1005,US_10Y_DAILY,2026-04-16,2026-04-17 00:00:00,4.32
1006,US_10Y_DAILY,2026-04-17,2026-04-18 00:00:00,4.26
1007,US_10Y_DAILY,2026-04-20,2026-04-21 00:00:00,4.26
1008,US_10Y_DAILY,2026-04-21,2026-04-22 00:00:00,4.3
1009,US_10Y_DAILY,2026-04-22,2026-04-23 00:00:00,4.3
1010,US_10Y_DAILY,2026-04-23,2026-04-24 00:00:00,4.34
1011,US_10Y_DAILY,2026-04-24,2026-04-25 00:00:00,4.31
1012,US_10Y_DAILY,2026-04-27,2026-04-28 00:00:00,4.35
1013,US_10Y_DAILY,2026-04-28,2026-04-29 00:00:00,4.36
1014,US_10Y_DAILY,2026-04-29,2026-04-30 00:00:00,4.42
1015,US_10Y_DAILY,2026-04-30,2026-05-01 00:00:00,4.4
1016,US_10Y_DAILY,2026-05-01,2026-05-02 00:00:00,4.39
1017,US_10Y_DAILY,2026-05-04,2026-05-05 00:00:00,4.45
1018,US_10Y_DAILY,2026-05-05,2026-05-06 00:00:00,4.43
1019,US_10Y_DAILY,2026-05-06,2026-05-07 00:00:00,4.36
1020,US_10Y_DAILY,2026-05-07,2026-05-08 00:00:00,4.41
1021,US_10Y_DAILY,2026-05-08,2026-05-09 00:00:00,4.38
1022,US_10Y_DAILY,2026-05-11,2026-05-12 00:00:00,4.42
1023,US_10Y_DAILY,2026-05-12,2026-05-13 00:00:00,4.46
1024,US_10Y_DAILY,2026-05-13,2026-05-14 00:00:00,4.46
1025,US_10Y_DAILY,2026-05-14,2026-05-15 00:00:00,4.47
1026,US_10Y_DAILY,2026-05-15,2026-05-16 00:00:00,4.59
1027,US_10Y_DAILY,2026-05-18,2026-05-19 00:00:00,4.61
1028,US_10Y_DAILY,2026-05-19,2026-05-20 00:00:00,4.67
1029,US_10Y_DAILY,2026-05-20,2026-05-21 00:00:00,4.57
1030,US_10Y_DAILY,2026-05-21,2026-05-22 00:00:00,4.57
1031,US_10Y_DAILY,2026-05-22,2026-05-23 00:00:00,4.56
1032,US_10Y_DAILY,2026-05-26,2026-05-27 00:00:00,4.5
1033,US_10Y_DAILY,2026-05-27,2026-05-28 00:00:00,4.48
1034,US_10Y_DAILY,2026-05-28,2026-05-29 00:00:00,4.45
1035,US_10Y_DAILY,2026-05-29,2026-05-30 00:00:00,4.45
1036,US_10Y_DAILY,2026-06-01,2026-06-02 00:00:00,4.47
1037,US_10Y_DAILY,2026-06-02,2026-06-03 00:00:00,4.46
1038,US_2Y_DAILY,2023-12-18,2023-12-19 00:00:00,4.43
1039,US_2Y_DAILY,2023-12-19,2023-12-20 00:00:00,4.41
1040,US_2Y_DAILY,2023-12-20,2023-12-21 00:00:00,4.34
1041,US_2Y_DAILY,2023-12-21,2023-12-22 00:00:00,4.33
1042,US_2Y_DAILY,2023-12-22,2023-12-23 00:00:00,4.31
1043,US_2Y_DAILY,2023-12-26,2023-12-27 00:00:00,4.26
1044,US_2Y_DAILY,2023-12-27,2023-12-28 00:00:00,4.2
1045,US_2Y_DAILY,2023-12-28,2023-12-29 00:00:00,4.26
1046,US_2Y_DAILY,2023-12-29,2023-12-30 00:00:00,4.23
1047,US_2Y_DAILY,2024-01-02,2024-01-03 00:00:00,4.33
1048,US_2Y_DAILY,2024-01-03,2024-01-04 00:00:00,4.33
1049,US_2Y_DAILY,2024-01-04,2024-01-05 00:00:00,4.38
1050,US_2Y_DAILY,2024-01-05,2024-01-06 00:00:00,4.4
1051,US_2Y_DAILY,2024-01-08,2024-01-09 00:00:00,4.36
1052,US_2Y_DAILY,2024-01-09,2024-01-10 00:00:00,4.36
1053,US_2Y_DAILY,2024-01-10,2024-01-11 00:00:00,4.37
1054,US_2Y_DAILY,2024-01-11,2024-01-12 00:00:00,4.26
1055,US_2Y_DAILY,2024-01-12,2024-01-13 00:00:00,4.14
1056,US_2Y_DAILY,2024-01-16,2024-01-17 00:00:00,4.22
1057,US_2Y_DAILY,2024-01-17,2024-01-18 00:00:00,4.34
1058,US_2Y_DAILY,2024-01-18,2024-01-19 00:00:00,4.34
1059,US_2Y_DAILY,2024-01-19,2024-01-20 00:00:00,4.39
1060,US_2Y_DAILY,2024-01-22,2024-01-23 00:00:00,4.37
1061,US_2Y_DAILY,2024-01-23,2024-01-24 00:00:00,4.31
1062,US_2Y_DAILY,2024-01-24,2024-01-25 00:00:00,4.34
1063,US_2Y_DAILY,2024-01-25,2024-01-26 00:00:00,4.28
1064,US_2Y_DAILY,2024-01-26,2024-01-27 00:00:00,4.34
1065,US_2Y_DAILY,2024-01-29,2024-01-30 00:00:00,4.29
1066,US_2Y_DAILY,2024-01-30,2024-01-31 00:00:00,4.36
1067,US_2Y_DAILY,2024-01-31,2024-02-01 00:00:00,4.27
1068,US_2Y_DAILY,2024-02-01,2024-02-02 00:00:00,4.2
1069,US_2Y_DAILY,2024-02-02,2024-02-03 00:00:00,4.36
1070,US_2Y_DAILY,2024-02-05,2024-02-06 00:00:00,4.46
1071,US_2Y_DAILY,2024-02-06,2024-02-07 00:00:00,4.39
1072,US_2Y_DAILY,2024-02-07,2024-02-08 00:00:00,4.41
1073,US_2Y_DAILY,2024-02-08,2024-02-09 00:00:00,4.46
1074,US_2Y_DAILY,2024-02-09,2024-02-10 00:00:00,4.48
1075,US_2Y_DAILY,2024-02-12,2024-02-13 00:00:00,4.46
1076,US_2Y_DAILY,2024-02-13,2024-02-14 00:00:00,4.64
1077,US_2Y_DAILY,2024-02-14,2024-02-15 00:00:00,4.56
1078,US_2Y_DAILY,2024-02-15,2024-02-16 00:00:00,4.56
1079,US_2Y_DAILY,2024-02-16,2024-02-17 00:00:00,4.64
1080,US_2Y_DAILY,2024-02-20,2024-02-21 00:00:00,4.59
1081,US_2Y_DAILY,2024-02-21,2024-02-22 00:00:00,4.64
1082,US_2Y_DAILY,2024-02-22,2024-02-23 00:00:00,4.69
1083,US_2Y_DAILY,2024-02-23,2024-02-24 00:00:00,4.67
1084,US_2Y_DAILY,2024-02-26,2024-02-27 00:00:00,4.69
1085,US_2Y_DAILY,2024-02-27,2024-02-28 00:00:00,4.7
1086,US_2Y_DAILY,2024-02-28,2024-02-29 00:00:00,4.64
1087,US_2Y_DAILY,2024-02-29,2024-03-01 00:00:00,4.64
1088,US_2Y_DAILY,2024-03-01,2024-03-02 00:00:00,4.54
1089,US_2Y_DAILY,2024-03-04,2024-03-05 00:00:00,4.61
1090,US_2Y_DAILY,2024-03-05,2024-03-06 00:00:00,4.54
1091,US_2Y_DAILY,2024-03-06,2024-03-07 00:00:00,4.55
1092,US_2Y_DAILY,2024-03-07,2024-03-08 00:00:00,4.5
1093,US_2Y_DAILY,2024-03-08,2024-03-09 00:00:00,4.48
1094,US_2Y_DAILY,2024-03-11,2024-03-12 00:00:00,4.51
1095,US_2Y_DAILY,2024-03-12,2024-03-13 00:00:00,4.58
1096,US_2Y_DAILY,2024-03-13,2024-03-14 00:00:00,4.61
1097,US_2Y_DAILY,2024-03-14,2024-03-15 00:00:00,4.68
1098,US_2Y_DAILY,2024-03-15,2024-03-16 00:00:00,4.72
1099,US_2Y_DAILY,2024-03-18,2024-03-19 00:00:00,4.73
1100,US_2Y_DAILY,2024-03-19,2024-03-20 00:00:00,4.68
1101,US_2Y_DAILY,2024-03-20,2024-03-21 00:00:00,4.59
1102,US_2Y_DAILY,2024-03-21,2024-03-22 00:00:00,4.62
1103,US_2Y_DAILY,2024-03-22,2024-03-23 00:00:00,4.59
1104,US_2Y_DAILY,2024-03-25,2024-03-26 00:00:00,4.54
1105,US_2Y_DAILY,2024-03-26,2024-03-27 00:00:00,4.56
1106,US_2Y_DAILY,2024-03-27,2024-03-28 00:00:00,4.54
1107,US_2Y_DAILY,2024-03-28,2024-03-29 00:00:00,4.59
1108,US_2Y_DAILY,2024-04-01,2024-04-02 00:00:00,4.72
1109,US_2Y_DAILY,2024-04-02,2024-04-03 00:00:00,4.7
1110,US_2Y_DAILY,2024-04-03,2024-04-04 00:00:00,4.68
1111,US_2Y_DAILY,2024-04-04,2024-04-05 00:00:00,4.65
1112,US_2Y_DAILY,2024-04-05,2024-04-06 00:00:00,4.73
1113,US_2Y_DAILY,2024-04-08,2024-04-09 00:00:00,4.78
1114,US_2Y_DAILY,2024-04-09,2024-04-10 00:00:00,4.74
1115,US_2Y_DAILY,2024-04-10,2024-04-11 00:00:00,4.97
1116,US_2Y_DAILY,2024-04-11,2024-04-12 00:00:00,4.93
1117,US_2Y_DAILY,2024-04-12,2024-04-13 00:00:00,4.88
1118,US_2Y_DAILY,2024-04-15,2024-04-16 00:00:00,4.93
1119,US_2Y_DAILY,2024-04-16,2024-04-17 00:00:00,4.97
1120,US_2Y_DAILY,2024-04-17,2024-04-18 00:00:00,4.93
1121,US_2Y_DAILY,2024-04-18,2024-04-19 00:00:00,4.98
1122,US_2Y_DAILY,2024-04-19,2024-04-20 00:00:00,4.97
1123,US_2Y_DAILY,2024-04-22,2024-04-23 00:00:00,4.97
1124,US_2Y_DAILY,2024-04-23,2024-04-24 00:00:00,4.86
1125,US_2Y_DAILY,2024-04-24,2024-04-25 00:00:00,4.89
1126,US_2Y_DAILY,2024-04-25,2024-04-26 00:00:00,4.96
1127,US_2Y_DAILY,2024-04-26,2024-04-27 00:00:00,4.96
1128,US_2Y_DAILY,2024-04-29,2024-04-30 00:00:00,4.97
1129,US_2Y_DAILY,2024-04-30,2024-05-01 00:00:00,5.04
1130,US_2Y_DAILY,2024-05-01,2024-05-02 00:00:00,4.96
1131,US_2Y_DAILY,2024-05-02,2024-05-03 00:00:00,4.87
1132,US_2Y_DAILY,2024-05-03,2024-05-04 00:00:00,4.81
1133,US_2Y_DAILY,2024-05-06,2024-05-07 00:00:00,4.82
1134,US_2Y_DAILY,2024-05-07,2024-05-08 00:00:00,4.82
1135,US_2Y_DAILY,2024-05-08,2024-05-09 00:00:00,4.84
1136,US_2Y_DAILY,2024-05-09,2024-05-10 00:00:00,4.8
1137,US_2Y_DAILY,2024-05-10,2024-05-11 00:00:00,4.87
1138,US_2Y_DAILY,2024-05-13,2024-05-14 00:00:00,4.85
1139,US_2Y_DAILY,2024-05-14,2024-05-15 00:00:00,4.81
1140,US_2Y_DAILY,2024-05-15,2024-05-16 00:00:00,4.73
1141,US_2Y_DAILY,2024-05-16,2024-05-17 00:00:00,4.78
1142,US_2Y_DAILY,2024-05-17,2024-05-18 00:00:00,4.83
1143,US_2Y_DAILY,2024-05-20,2024-05-21 00:00:00,4.82
1144,US_2Y_DAILY,2024-05-21,2024-05-22 00:00:00,4.82
1145,US_2Y_DAILY,2024-05-22,2024-05-23 00:00:00,4.86
1146,US_2Y_DAILY,2024-05-23,2024-05-24 00:00:00,4.91
1147,US_2Y_DAILY,2024-05-24,2024-05-25 00:00:00,4.93
1148,US_2Y_DAILY,2024-05-28,2024-05-29 00:00:00,4.94
1149,US_2Y_DAILY,2024-05-29,2024-05-30 00:00:00,4.96
1150,US_2Y_DAILY,2024-05-30,2024-05-31 00:00:00,4.92
1151,US_2Y_DAILY,2024-05-31,2024-06-01 00:00:00,4.89
1152,US_2Y_DAILY,2024-06-03,2024-06-04 00:00:00,4.82
1153,US_2Y_DAILY,2024-06-04,2024-06-05 00:00:00,4.77
1154,US_2Y_DAILY,2024-06-05,2024-06-06 00:00:00,4.72
1155,US_2Y_DAILY,2024-06-06,2024-06-07 00:00:00,4.72
1156,US_2Y_DAILY,2024-06-07,2024-06-08 00:00:00,4.87
1157,US_2Y_DAILY,2024-06-10,2024-06-11 00:00:00,4.87
1158,US_2Y_DAILY,2024-06-11,2024-06-12 00:00:00,4.81
1159,US_2Y_DAILY,2024-06-12,2024-06-13 00:00:00,4.75
1160,US_2Y_DAILY,2024-06-13,2024-06-14 00:00:00,4.68
1161,US_2Y_DAILY,2024-06-14,2024-06-15 00:00:00,4.67
1162,US_2Y_DAILY,2024-06-17,2024-06-18 00:00:00,4.75
1163,US_2Y_DAILY,2024-06-18,2024-06-19 00:00:00,4.69
1164,US_2Y_DAILY,2024-06-20,2024-06-21 00:00:00,4.7
1165,US_2Y_DAILY,2024-06-21,2024-06-22 00:00:00,4.7
1166,US_2Y_DAILY,2024-06-24,2024-06-25 00:00:00,4.71
1167,US_2Y_DAILY,2024-06-25,2024-06-26 00:00:00,4.65
1168,US_2Y_DAILY,2024-06-26,2024-06-27 00:00:00,4.71
1169,US_2Y_DAILY,2024-06-27,2024-06-28 00:00:00,4.7
1170,US_2Y_DAILY,2024-06-28,2024-06-29 00:00:00,4.71
1171,US_2Y_DAILY,2024-07-01,2024-07-02 00:00:00,4.77
1172,US_2Y_DAILY,2024-07-02,2024-07-03 00:00:00,4.74
1173,US_2Y_DAILY,2024-07-03,2024-07-04 00:00:00,4.71
1174,US_2Y_DAILY,2024-07-05,2024-07-06 00:00:00,4.6
1175,US_2Y_DAILY,2024-07-08,2024-07-09 00:00:00,4.62
1176,US_2Y_DAILY,2024-07-09,2024-07-10 00:00:00,4.62
1177,US_2Y_DAILY,2024-07-10,2024-07-11 00:00:00,4.62
1178,US_2Y_DAILY,2024-07-11,2024-07-12 00:00:00,4.5
1179,US_2Y_DAILY,2024-07-12,2024-07-13 00:00:00,4.45
1180,US_2Y_DAILY,2024-07-15,2024-07-16 00:00:00,4.44
1181,US_2Y_DAILY,2024-07-16,2024-07-17 00:00:00,4.43
1182,US_2Y_DAILY,2024-07-17,2024-07-18 00:00:00,4.42
1183,US_2Y_DAILY,2024-07-18,2024-07-19 00:00:00,4.46
1184,US_2Y_DAILY,2024-07-19,2024-07-20 00:00:00,4.49
1185,US_2Y_DAILY,2024-07-22,2024-07-23 00:00:00,4.5
1186,US_2Y_DAILY,2024-07-23,2024-07-24 00:00:00,4.4
1187,US_2Y_DAILY,2024-07-24,2024-07-25 00:00:00,4.37
1188,US_2Y_DAILY,2024-07-25,2024-07-26 00:00:00,4.41
1189,US_2Y_DAILY,2024-07-26,2024-07-27 00:00:00,4.36
1190,US_2Y_DAILY,2024-07-29,2024-07-30 00:00:00,4.36
1191,US_2Y_DAILY,2024-07-30,2024-07-31 00:00:00,4.35
1192,US_2Y_DAILY,2024-07-31,2024-08-01 00:00:00,4.29
1193,US_2Y_DAILY,2024-08-01,2024-08-02 00:00:00,4.16
1194,US_2Y_DAILY,2024-08-02,2024-08-03 00:00:00,3.88
1195,US_2Y_DAILY,2024-08-05,2024-08-06 00:00:00,3.89
1196,US_2Y_DAILY,2024-08-06,2024-08-07 00:00:00,3.99
1197,US_2Y_DAILY,2024-08-07,2024-08-08 00:00:00,4
1198,US_2Y_DAILY,2024-08-08,2024-08-09 00:00:00,4.04
1199,US_2Y_DAILY,2024-08-09,2024-08-10 00:00:00,4.05
1200,US_2Y_DAILY,2024-08-12,2024-08-13 00:00:00,4.01
1201,US_2Y_DAILY,2024-08-13,2024-08-14 00:00:00,3.93
1202,US_2Y_DAILY,2024-08-14,2024-08-15 00:00:00,3.94
1203,US_2Y_DAILY,2024-08-15,2024-08-16 00:00:00,4.08
1204,US_2Y_DAILY,2024-08-16,2024-08-17 00:00:00,4.06
1205,US_2Y_DAILY,2024-08-19,2024-08-20 00:00:00,4.06
1206,US_2Y_DAILY,2024-08-20,2024-08-21 00:00:00,3.99
1207,US_2Y_DAILY,2024-08-21,2024-08-22 00:00:00,3.92
1208,US_2Y_DAILY,2024-08-22,2024-08-23 00:00:00,3.99
1209,US_2Y_DAILY,2024-08-23,2024-08-24 00:00:00,3.9
1210,US_2Y_DAILY,2024-08-26,2024-08-27 00:00:00,3.91
1211,US_2Y_DAILY,2024-08-27,2024-08-28 00:00:00,3.83
1212,US_2Y_DAILY,2024-08-28,2024-08-29 00:00:00,3.83
1213,US_2Y_DAILY,2024-08-29,2024-08-30 00:00:00,3.87
1214,US_2Y_DAILY,2024-08-30,2024-08-31 00:00:00,3.91
1215,US_2Y_DAILY,2024-09-03,2024-09-04 00:00:00,3.88
1216,US_2Y_DAILY,2024-09-04,2024-09-05 00:00:00,3.76
1217,US_2Y_DAILY,2024-09-05,2024-09-06 00:00:00,3.75
1218,US_2Y_DAILY,2024-09-06,2024-09-07 00:00:00,3.66
1219,US_2Y_DAILY,2024-09-09,2024-09-10 00:00:00,3.68
1220,US_2Y_DAILY,2024-09-10,2024-09-11 00:00:00,3.59
1221,US_2Y_DAILY,2024-09-11,2024-09-12 00:00:00,3.62
1222,US_2Y_DAILY,2024-09-12,2024-09-13 00:00:00,3.64
1223,US_2Y_DAILY,2024-09-13,2024-09-14 00:00:00,3.57
1224,US_2Y_DAILY,2024-09-16,2024-09-17 00:00:00,3.56
1225,US_2Y_DAILY,2024-09-17,2024-09-18 00:00:00,3.59
1226,US_2Y_DAILY,2024-09-18,2024-09-19 00:00:00,3.61
1227,US_2Y_DAILY,2024-09-19,2024-09-20 00:00:00,3.59
1228,US_2Y_DAILY,2024-09-20,2024-09-21 00:00:00,3.55
1229,US_2Y_DAILY,2024-09-23,2024-09-24 00:00:00,3.57
1230,US_2Y_DAILY,2024-09-24,2024-09-25 00:00:00,3.49
1231,US_2Y_DAILY,2024-09-25,2024-09-26 00:00:00,3.53
1232,US_2Y_DAILY,2024-09-26,2024-09-27 00:00:00,3.6
1233,US_2Y_DAILY,2024-09-27,2024-09-28 00:00:00,3.55
1234,US_2Y_DAILY,2024-09-30,2024-10-01 00:00:00,3.66
1235,US_2Y_DAILY,2024-10-01,2024-10-02 00:00:00,3.61
1236,US_2Y_DAILY,2024-10-02,2024-10-03 00:00:00,3.63
1237,US_2Y_DAILY,2024-10-03,2024-10-04 00:00:00,3.7
1238,US_2Y_DAILY,2024-10-04,2024-10-05 00:00:00,3.93
1239,US_2Y_DAILY,2024-10-07,2024-10-08 00:00:00,3.99
1240,US_2Y_DAILY,2024-10-08,2024-10-09 00:00:00,3.98
1241,US_2Y_DAILY,2024-10-09,2024-10-10 00:00:00,3.99
1242,US_2Y_DAILY,2024-10-10,2024-10-11 00:00:00,3.98
1243,US_2Y_DAILY,2024-10-11,2024-10-12 00:00:00,3.95
1244,US_2Y_DAILY,2024-10-15,2024-10-16 00:00:00,3.95
1245,US_2Y_DAILY,2024-10-16,2024-10-17 00:00:00,3.93
1246,US_2Y_DAILY,2024-10-17,2024-10-18 00:00:00,3.96
1247,US_2Y_DAILY,2024-10-18,2024-10-19 00:00:00,3.95
1248,US_2Y_DAILY,2024-10-21,2024-10-22 00:00:00,4.02
1249,US_2Y_DAILY,2024-10-22,2024-10-23 00:00:00,4.03
1250,US_2Y_DAILY,2024-10-23,2024-10-24 00:00:00,4.07
1251,US_2Y_DAILY,2024-10-24,2024-10-25 00:00:00,4.07
1252,US_2Y_DAILY,2024-10-25,2024-10-26 00:00:00,4.11
1253,US_2Y_DAILY,2024-10-28,2024-10-29 00:00:00,4.12
1254,US_2Y_DAILY,2024-10-29,2024-10-30 00:00:00,4.11
1255,US_2Y_DAILY,2024-10-30,2024-10-31 00:00:00,4.15
1256,US_2Y_DAILY,2024-10-31,2024-11-01 00:00:00,4.16
1257,US_2Y_DAILY,2024-11-01,2024-11-02 00:00:00,4.21
1258,US_2Y_DAILY,2024-11-04,2024-11-05 00:00:00,4.17
1259,US_2Y_DAILY,2024-11-05,2024-11-06 00:00:00,4.19
1260,US_2Y_DAILY,2024-11-06,2024-11-07 00:00:00,4.27
1261,US_2Y_DAILY,2024-11-07,2024-11-08 00:00:00,4.21
1262,US_2Y_DAILY,2024-11-08,2024-11-09 00:00:00,4.26
1263,US_2Y_DAILY,2024-11-12,2024-11-13 00:00:00,4.34
1264,US_2Y_DAILY,2024-11-13,2024-11-14 00:00:00,4.27
1265,US_2Y_DAILY,2024-11-14,2024-11-15 00:00:00,4.34
1266,US_2Y_DAILY,2024-11-15,2024-11-16 00:00:00,4.31
1267,US_2Y_DAILY,2024-11-18,2024-11-19 00:00:00,4.29
1268,US_2Y_DAILY,2024-11-19,2024-11-20 00:00:00,4.27
1269,US_2Y_DAILY,2024-11-20,2024-11-21 00:00:00,4.31
1270,US_2Y_DAILY,2024-11-21,2024-11-22 00:00:00,4.34
1271,US_2Y_DAILY,2024-11-22,2024-11-23 00:00:00,4.37
1272,US_2Y_DAILY,2024-11-25,2024-11-26 00:00:00,4.21
1273,US_2Y_DAILY,2024-11-26,2024-11-27 00:00:00,4.21
1274,US_2Y_DAILY,2024-11-27,2024-11-28 00:00:00,4.19
1275,US_2Y_DAILY,2024-11-29,2024-11-30 00:00:00,4.13
1276,US_2Y_DAILY,2024-12-02,2024-12-03 00:00:00,4.17
1277,US_2Y_DAILY,2024-12-03,2024-12-04 00:00:00,4.17
1278,US_2Y_DAILY,2024-12-04,2024-12-05 00:00:00,4.13
1279,US_2Y_DAILY,2024-12-05,2024-12-06 00:00:00,4.15
1280,US_2Y_DAILY,2024-12-06,2024-12-07 00:00:00,4.1
1281,US_2Y_DAILY,2024-12-09,2024-12-10 00:00:00,4.13
1282,US_2Y_DAILY,2024-12-10,2024-12-11 00:00:00,4.15
1283,US_2Y_DAILY,2024-12-11,2024-12-12 00:00:00,4.15
1284,US_2Y_DAILY,2024-12-12,2024-12-13 00:00:00,4.18
1285,US_2Y_DAILY,2024-12-13,2024-12-14 00:00:00,4.25
1286,US_2Y_DAILY,2024-12-16,2024-12-17 00:00:00,4.25
1287,US_2Y_DAILY,2024-12-17,2024-12-18 00:00:00,4.25
1288,US_2Y_DAILY,2024-12-18,2024-12-19 00:00:00,4.35
1289,US_2Y_DAILY,2024-12-19,2024-12-20 00:00:00,4.32
1290,US_2Y_DAILY,2024-12-20,2024-12-21 00:00:00,4.3
1291,US_2Y_DAILY,2024-12-23,2024-12-24 00:00:00,4.3
1292,US_2Y_DAILY,2024-12-24,2024-12-25 00:00:00,4.29
1293,US_2Y_DAILY,2024-12-26,2024-12-27 00:00:00,4.3
1294,US_2Y_DAILY,2024-12-27,2024-12-28 00:00:00,4.31
1295,US_2Y_DAILY,2024-12-30,2024-12-31 00:00:00,4.24
1296,US_2Y_DAILY,2024-12-31,2025-01-01 00:00:00,4.25
1297,US_2Y_DAILY,2025-01-02,2025-01-03 00:00:00,4.25
1298,US_2Y_DAILY,2025-01-03,2025-01-04 00:00:00,4.28
1299,US_2Y_DAILY,2025-01-06,2025-01-07 00:00:00,4.28
1300,US_2Y_DAILY,2025-01-07,2025-01-08 00:00:00,4.3
1301,US_2Y_DAILY,2025-01-08,2025-01-09 00:00:00,4.28
1302,US_2Y_DAILY,2025-01-09,2025-01-10 00:00:00,4.27
1303,US_2Y_DAILY,2025-01-10,2025-01-11 00:00:00,4.4
1304,US_2Y_DAILY,2025-01-13,2025-01-14 00:00:00,4.4
1305,US_2Y_DAILY,2025-01-14,2025-01-15 00:00:00,4.37
1306,US_2Y_DAILY,2025-01-15,2025-01-16 00:00:00,4.27
1307,US_2Y_DAILY,2025-01-16,2025-01-17 00:00:00,4.23
1308,US_2Y_DAILY,2025-01-17,2025-01-18 00:00:00,4.27
1309,US_2Y_DAILY,2025-01-21,2025-01-22 00:00:00,4.29
1310,US_2Y_DAILY,2025-01-22,2025-01-23 00:00:00,4.29
1311,US_2Y_DAILY,2025-01-23,2025-01-24 00:00:00,4.29
1312,US_2Y_DAILY,2025-01-24,2025-01-25 00:00:00,4.27
1313,US_2Y_DAILY,2025-01-27,2025-01-28 00:00:00,4.17
1314,US_2Y_DAILY,2025-01-28,2025-01-29 00:00:00,4.19
1315,US_2Y_DAILY,2025-01-29,2025-01-30 00:00:00,4.21
1316,US_2Y_DAILY,2025-01-30,2025-01-31 00:00:00,4.18
1317,US_2Y_DAILY,2025-01-31,2025-02-01 00:00:00,4.22
1318,US_2Y_DAILY,2025-02-03,2025-02-04 00:00:00,4.26
1319,US_2Y_DAILY,2025-02-04,2025-02-05 00:00:00,4.21
1320,US_2Y_DAILY,2025-02-05,2025-02-06 00:00:00,4.17
1321,US_2Y_DAILY,2025-02-06,2025-02-07 00:00:00,4.21
1322,US_2Y_DAILY,2025-02-07,2025-02-08 00:00:00,4.29
1323,US_2Y_DAILY,2025-02-10,2025-02-11 00:00:00,4.28
1324,US_2Y_DAILY,2025-02-11,2025-02-12 00:00:00,4.29
1325,US_2Y_DAILY,2025-02-12,2025-02-13 00:00:00,4.36
1326,US_2Y_DAILY,2025-02-13,2025-02-14 00:00:00,4.31
1327,US_2Y_DAILY,2025-02-14,2025-02-15 00:00:00,4.26
1328,US_2Y_DAILY,2025-02-18,2025-02-19 00:00:00,4.29
1329,US_2Y_DAILY,2025-02-19,2025-02-20 00:00:00,4.28
1330,US_2Y_DAILY,2025-02-20,2025-02-21 00:00:00,4.28
1331,US_2Y_DAILY,2025-02-21,2025-02-22 00:00:00,4.19
1332,US_2Y_DAILY,2025-02-24,2025-02-25 00:00:00,4.13
1333,US_2Y_DAILY,2025-02-25,2025-02-26 00:00:00,4.07
1334,US_2Y_DAILY,2025-02-26,2025-02-27 00:00:00,4.05
1335,US_2Y_DAILY,2025-02-27,2025-02-28 00:00:00,4.07
1336,US_2Y_DAILY,2025-02-28,2025-03-01 00:00:00,3.99
1337,US_2Y_DAILY,2025-03-03,2025-03-04 00:00:00,3.96
1338,US_2Y_DAILY,2025-03-04,2025-03-05 00:00:00,3.96
1339,US_2Y_DAILY,2025-03-05,2025-03-06 00:00:00,3.99
1340,US_2Y_DAILY,2025-03-06,2025-03-07 00:00:00,3.96
1341,US_2Y_DAILY,2025-03-07,2025-03-08 00:00:00,3.99
1342,US_2Y_DAILY,2025-03-10,2025-03-11 00:00:00,3.89
1343,US_2Y_DAILY,2025-03-11,2025-03-12 00:00:00,3.94
1344,US_2Y_DAILY,2025-03-12,2025-03-13 00:00:00,4.01
1345,US_2Y_DAILY,2025-03-13,2025-03-14 00:00:00,3.94
1346,US_2Y_DAILY,2025-03-14,2025-03-15 00:00:00,4.02
1347,US_2Y_DAILY,2025-03-17,2025-03-18 00:00:00,4.06
1348,US_2Y_DAILY,2025-03-18,2025-03-19 00:00:00,4.04
1349,US_2Y_DAILY,2025-03-19,2025-03-20 00:00:00,3.99
1350,US_2Y_DAILY,2025-03-20,2025-03-21 00:00:00,3.95
1351,US_2Y_DAILY,2025-03-21,2025-03-22 00:00:00,3.94
1352,US_2Y_DAILY,2025-03-24,2025-03-25 00:00:00,4.04
1353,US_2Y_DAILY,2025-03-25,2025-03-26 00:00:00,3.96
1354,US_2Y_DAILY,2025-03-26,2025-03-27 00:00:00,3.98
1355,US_2Y_DAILY,2025-03-27,2025-03-28 00:00:00,3.97
1356,US_2Y_DAILY,2025-03-28,2025-03-29 00:00:00,3.89
1357,US_2Y_DAILY,2025-03-31,2025-04-01 00:00:00,3.89
1358,US_2Y_DAILY,2025-04-01,2025-04-02 00:00:00,3.87
1359,US_2Y_DAILY,2025-04-02,2025-04-03 00:00:00,3.91
1360,US_2Y_DAILY,2025-04-03,2025-04-04 00:00:00,3.71
1361,US_2Y_DAILY,2025-04-04,2025-04-05 00:00:00,3.68
1362,US_2Y_DAILY,2025-04-07,2025-04-08 00:00:00,3.73
1363,US_2Y_DAILY,2025-04-08,2025-04-09 00:00:00,3.71
1364,US_2Y_DAILY,2025-04-09,2025-04-10 00:00:00,3.91
1365,US_2Y_DAILY,2025-04-10,2025-04-11 00:00:00,3.84
1366,US_2Y_DAILY,2025-04-11,2025-04-12 00:00:00,3.96
1367,US_2Y_DAILY,2025-04-14,2025-04-15 00:00:00,3.84
1368,US_2Y_DAILY,2025-04-15,2025-04-16 00:00:00,3.84
1369,US_2Y_DAILY,2025-04-16,2025-04-17 00:00:00,3.77
1370,US_2Y_DAILY,2025-04-17,2025-04-18 00:00:00,3.81
1371,US_2Y_DAILY,2025-04-21,2025-04-22 00:00:00,3.75
1372,US_2Y_DAILY,2025-04-22,2025-04-23 00:00:00,3.76
1373,US_2Y_DAILY,2025-04-23,2025-04-24 00:00:00,3.81
1374,US_2Y_DAILY,2025-04-24,2025-04-25 00:00:00,3.77
1375,US_2Y_DAILY,2025-04-25,2025-04-26 00:00:00,3.74
1376,US_2Y_DAILY,2025-04-28,2025-04-29 00:00:00,3.67
1377,US_2Y_DAILY,2025-04-29,2025-04-30 00:00:00,3.65
1378,US_2Y_DAILY,2025-04-30,2025-05-01 00:00:00,3.6
1379,US_2Y_DAILY,2025-05-01,2025-05-02 00:00:00,3.7
1380,US_2Y_DAILY,2025-05-02,2025-05-03 00:00:00,3.83
1381,US_2Y_DAILY,2025-05-05,2025-05-06 00:00:00,3.83
1382,US_2Y_DAILY,2025-05-06,2025-05-07 00:00:00,3.78
1383,US_2Y_DAILY,2025-05-07,2025-05-08 00:00:00,3.78
1384,US_2Y_DAILY,2025-05-08,2025-05-09 00:00:00,3.9
1385,US_2Y_DAILY,2025-05-09,2025-05-10 00:00:00,3.88
1386,US_2Y_DAILY,2025-05-12,2025-05-13 00:00:00,3.98
1387,US_2Y_DAILY,2025-05-13,2025-05-14 00:00:00,4.02
1388,US_2Y_DAILY,2025-05-14,2025-05-15 00:00:00,4.05
1389,US_2Y_DAILY,2025-05-15,2025-05-16 00:00:00,3.96
1390,US_2Y_DAILY,2025-05-16,2025-05-17 00:00:00,3.98
1391,US_2Y_DAILY,2025-05-19,2025-05-20 00:00:00,3.97
1392,US_2Y_DAILY,2025-05-20,2025-05-21 00:00:00,3.97
1393,US_2Y_DAILY,2025-05-21,2025-05-22 00:00:00,4
1394,US_2Y_DAILY,2025-05-22,2025-05-23 00:00:00,4
1395,US_2Y_DAILY,2025-05-23,2025-05-24 00:00:00,4
1396,US_2Y_DAILY,2025-05-27,2025-05-28 00:00:00,3.92
1397,US_2Y_DAILY,2025-05-28,2025-05-29 00:00:00,3.96
1398,US_2Y_DAILY,2025-05-29,2025-05-30 00:00:00,3.92
1399,US_2Y_DAILY,2025-05-30,2025-05-31 00:00:00,3.89
1400,US_2Y_DAILY,2025-06-02,2025-06-03 00:00:00,3.94
1401,US_2Y_DAILY,2025-06-03,2025-06-04 00:00:00,3.96
1402,US_2Y_DAILY,2025-06-04,2025-06-05 00:00:00,3.87
1403,US_2Y_DAILY,2025-06-05,2025-06-06 00:00:00,3.92
1404,US_2Y_DAILY,2025-06-06,2025-06-07 00:00:00,4.04
1405,US_2Y_DAILY,2025-06-09,2025-06-10 00:00:00,4.01
1406,US_2Y_DAILY,2025-06-10,2025-06-11 00:00:00,4.01
1407,US_2Y_DAILY,2025-06-11,2025-06-12 00:00:00,3.94
1408,US_2Y_DAILY,2025-06-12,2025-06-13 00:00:00,3.9
1409,US_2Y_DAILY,2025-06-13,2025-06-14 00:00:00,3.96
1410,US_2Y_DAILY,2025-06-16,2025-06-17 00:00:00,3.97
1411,US_2Y_DAILY,2025-06-17,2025-06-18 00:00:00,3.94
1412,US_2Y_DAILY,2025-06-18,2025-06-19 00:00:00,3.94
1413,US_2Y_DAILY,2025-06-20,2025-06-21 00:00:00,3.9
1414,US_2Y_DAILY,2025-06-23,2025-06-24 00:00:00,3.84
1415,US_2Y_DAILY,2025-06-24,2025-06-25 00:00:00,3.75
1416,US_2Y_DAILY,2025-06-25,2025-06-26 00:00:00,3.74
1417,US_2Y_DAILY,2025-06-26,2025-06-27 00:00:00,3.7
1418,US_2Y_DAILY,2025-06-27,2025-06-28 00:00:00,3.73
1419,US_2Y_DAILY,2025-06-30,2025-07-01 00:00:00,3.72
1420,US_2Y_DAILY,2025-07-01,2025-07-02 00:00:00,3.78
1421,US_2Y_DAILY,2025-07-02,2025-07-03 00:00:00,3.78
1422,US_2Y_DAILY,2025-07-03,2025-07-04 00:00:00,3.88
1423,US_2Y_DAILY,2025-07-07,2025-07-08 00:00:00,3.9
1424,US_2Y_DAILY,2025-07-08,2025-07-09 00:00:00,3.9
1425,US_2Y_DAILY,2025-07-09,2025-07-10 00:00:00,3.86
1426,US_2Y_DAILY,2025-07-10,2025-07-11 00:00:00,3.86
1427,US_2Y_DAILY,2025-07-11,2025-07-12 00:00:00,3.9
1428,US_2Y_DAILY,2025-07-14,2025-07-15 00:00:00,3.9
1429,US_2Y_DAILY,2025-07-15,2025-07-16 00:00:00,3.95
1430,US_2Y_DAILY,2025-07-16,2025-07-17 00:00:00,3.88
1431,US_2Y_DAILY,2025-07-17,2025-07-18 00:00:00,3.91
1432,US_2Y_DAILY,2025-07-18,2025-07-19 00:00:00,3.88
1433,US_2Y_DAILY,2025-07-21,2025-07-22 00:00:00,3.85
1434,US_2Y_DAILY,2025-07-22,2025-07-23 00:00:00,3.83
1435,US_2Y_DAILY,2025-07-23,2025-07-24 00:00:00,3.88
1436,US_2Y_DAILY,2025-07-24,2025-07-25 00:00:00,3.91
1437,US_2Y_DAILY,2025-07-25,2025-07-26 00:00:00,3.91
1438,US_2Y_DAILY,2025-07-28,2025-07-29 00:00:00,3.91
1439,US_2Y_DAILY,2025-07-29,2025-07-30 00:00:00,3.86
1440,US_2Y_DAILY,2025-07-30,2025-07-31 00:00:00,3.94
1441,US_2Y_DAILY,2025-07-31,2025-08-01 00:00:00,3.94
1442,US_2Y_DAILY,2025-08-01,2025-08-02 00:00:00,3.69
1443,US_2Y_DAILY,2025-08-04,2025-08-05 00:00:00,3.69
1444,US_2Y_DAILY,2025-08-05,2025-08-06 00:00:00,3.72
1445,US_2Y_DAILY,2025-08-06,2025-08-07 00:00:00,3.69
1446,US_2Y_DAILY,2025-08-07,2025-08-08 00:00:00,3.72
1447,US_2Y_DAILY,2025-08-08,2025-08-09 00:00:00,3.76
1448,US_2Y_DAILY,2025-08-11,2025-08-12 00:00:00,3.76
1449,US_2Y_DAILY,2025-08-12,2025-08-13 00:00:00,3.72
1450,US_2Y_DAILY,2025-08-13,2025-08-14 00:00:00,3.67
1451,US_2Y_DAILY,2025-08-14,2025-08-15 00:00:00,3.74
1452,US_2Y_DAILY,2025-08-15,2025-08-16 00:00:00,3.75
1453,US_2Y_DAILY,2025-08-18,2025-08-19 00:00:00,3.77
1454,US_2Y_DAILY,2025-08-19,2025-08-20 00:00:00,3.75
1455,US_2Y_DAILY,2025-08-20,2025-08-21 00:00:00,3.74
1456,US_2Y_DAILY,2025-08-21,2025-08-22 00:00:00,3.79
1457,US_2Y_DAILY,2025-08-22,2025-08-23 00:00:00,3.68
1458,US_2Y_DAILY,2025-08-25,2025-08-26 00:00:00,3.73
1459,US_2Y_DAILY,2025-08-26,2025-08-27 00:00:00,3.61
1460,US_2Y_DAILY,2025-08-27,2025-08-28 00:00:00,3.59
1461,US_2Y_DAILY,2025-08-28,2025-08-29 00:00:00,3.62
1462,US_2Y_DAILY,2025-08-29,2025-08-30 00:00:00,3.59
1463,US_2Y_DAILY,2025-09-02,2025-09-03 00:00:00,3.66
1464,US_2Y_DAILY,2025-09-03,2025-09-04 00:00:00,3.61
1465,US_2Y_DAILY,2025-09-04,2025-09-05 00:00:00,3.59
1466,US_2Y_DAILY,2025-09-05,2025-09-06 00:00:00,3.51
1467,US_2Y_DAILY,2025-09-08,2025-09-09 00:00:00,3.49
1468,US_2Y_DAILY,2025-09-09,2025-09-10 00:00:00,3.54
1469,US_2Y_DAILY,2025-09-10,2025-09-11 00:00:00,3.54
1470,US_2Y_DAILY,2025-09-11,2025-09-12 00:00:00,3.52
1471,US_2Y_DAILY,2025-09-12,2025-09-13 00:00:00,3.56
1472,US_2Y_DAILY,2025-09-15,2025-09-16 00:00:00,3.54
1473,US_2Y_DAILY,2025-09-16,2025-09-17 00:00:00,3.51
1474,US_2Y_DAILY,2025-09-17,2025-09-18 00:00:00,3.52
1475,US_2Y_DAILY,2025-09-18,2025-09-19 00:00:00,3.57
1476,US_2Y_DAILY,2025-09-19,2025-09-20 00:00:00,3.57
1477,US_2Y_DAILY,2025-09-22,2025-09-23 00:00:00,3.61
1478,US_2Y_DAILY,2025-09-23,2025-09-24 00:00:00,3.53
1479,US_2Y_DAILY,2025-09-24,2025-09-25 00:00:00,3.57
1480,US_2Y_DAILY,2025-09-25,2025-09-26 00:00:00,3.64
1481,US_2Y_DAILY,2025-09-26,2025-09-27 00:00:00,3.63
1482,US_2Y_DAILY,2025-09-29,2025-09-30 00:00:00,3.63
1483,US_2Y_DAILY,2025-09-30,2025-10-01 00:00:00,3.6
1484,US_2Y_DAILY,2025-10-01,2025-10-02 00:00:00,3.55
1485,US_2Y_DAILY,2025-10-02,2025-10-03 00:00:00,3.55
1486,US_2Y_DAILY,2025-10-03,2025-10-04 00:00:00,3.58
1487,US_2Y_DAILY,2025-10-06,2025-10-07 00:00:00,3.6
1488,US_2Y_DAILY,2025-10-07,2025-10-08 00:00:00,3.57
1489,US_2Y_DAILY,2025-10-08,2025-10-09 00:00:00,3.58
1490,US_2Y_DAILY,2025-10-09,2025-10-10 00:00:00,3.6
1491,US_2Y_DAILY,2025-10-10,2025-10-11 00:00:00,3.52
1492,US_2Y_DAILY,2025-10-14,2025-10-15 00:00:00,3.48
1493,US_2Y_DAILY,2025-10-15,2025-10-16 00:00:00,3.5
1494,US_2Y_DAILY,2025-10-16,2025-10-17 00:00:00,3.41
1495,US_2Y_DAILY,2025-10-17,2025-10-18 00:00:00,3.46
1496,US_2Y_DAILY,2025-10-20,2025-10-21 00:00:00,3.46
1497,US_2Y_DAILY,2025-10-21,2025-10-22 00:00:00,3.45
1498,US_2Y_DAILY,2025-10-22,2025-10-23 00:00:00,3.45
1499,US_2Y_DAILY,2025-10-23,2025-10-24 00:00:00,3.48
1500,US_2Y_DAILY,2025-10-24,2025-10-25 00:00:00,3.48
1501,US_2Y_DAILY,2025-10-27,2025-10-28 00:00:00,3.48
1502,US_2Y_DAILY,2025-10-28,2025-10-29 00:00:00,3.47
1503,US_2Y_DAILY,2025-10-29,2025-10-30 00:00:00,3.59
1504,US_2Y_DAILY,2025-10-30,2025-10-31 00:00:00,3.61
1505,US_2Y_DAILY,2025-10-31,2025-11-01 00:00:00,3.6
1506,US_2Y_DAILY,2025-11-03,2025-11-04 00:00:00,3.6
1507,US_2Y_DAILY,2025-11-04,2025-11-05 00:00:00,3.58
1508,US_2Y_DAILY,2025-11-05,2025-11-06 00:00:00,3.63
1509,US_2Y_DAILY,2025-11-06,2025-11-07 00:00:00,3.57
1510,US_2Y_DAILY,2025-11-07,2025-11-08 00:00:00,3.55
1511,US_2Y_DAILY,2025-11-10,2025-11-11 00:00:00,3.58
1512,US_2Y_DAILY,2025-11-12,2025-11-13 00:00:00,3.56
1513,US_2Y_DAILY,2025-11-13,2025-11-14 00:00:00,3.58
1514,US_2Y_DAILY,2025-11-14,2025-11-15 00:00:00,3.62
1515,US_2Y_DAILY,2025-11-17,2025-11-18 00:00:00,3.6
1516,US_2Y_DAILY,2025-11-18,2025-11-19 00:00:00,3.58
1517,US_2Y_DAILY,2025-11-19,2025-11-20 00:00:00,3.58
1518,US_2Y_DAILY,2025-11-20,2025-11-21 00:00:00,3.55
1519,US_2Y_DAILY,2025-11-21,2025-11-22 00:00:00,3.51
1520,US_2Y_DAILY,2025-11-24,2025-11-25 00:00:00,3.46
1521,US_2Y_DAILY,2025-11-25,2025-11-26 00:00:00,3.43
1522,US_2Y_DAILY,2025-11-26,2025-11-27 00:00:00,3.45
1523,US_2Y_DAILY,2025-11-28,2025-11-29 00:00:00,3.47
1524,US_2Y_DAILY,2025-12-01,2025-12-02 00:00:00,3.54
1525,US_2Y_DAILY,2025-12-02,2025-12-03 00:00:00,3.51
1526,US_2Y_DAILY,2025-12-03,2025-12-04 00:00:00,3.49
1527,US_2Y_DAILY,2025-12-04,2025-12-05 00:00:00,3.52
1528,US_2Y_DAILY,2025-12-05,2025-12-06 00:00:00,3.56
1529,US_2Y_DAILY,2025-12-08,2025-12-09 00:00:00,3.57
1530,US_2Y_DAILY,2025-12-09,2025-12-10 00:00:00,3.61
1531,US_2Y_DAILY,2025-12-10,2025-12-11 00:00:00,3.54
1532,US_2Y_DAILY,2025-12-11,2025-12-12 00:00:00,3.52
1533,US_2Y_DAILY,2025-12-12,2025-12-13 00:00:00,3.52
1534,US_2Y_DAILY,2025-12-15,2025-12-16 00:00:00,3.51
1535,US_2Y_DAILY,2025-12-16,2025-12-17 00:00:00,3.48
1536,US_2Y_DAILY,2025-12-17,2025-12-18 00:00:00,3.49
1537,US_2Y_DAILY,2025-12-18,2025-12-19 00:00:00,3.46
1538,US_2Y_DAILY,2025-12-19,2025-12-20 00:00:00,3.48
1539,US_2Y_DAILY,2025-12-22,2025-12-23 00:00:00,3.44
1540,US_2Y_DAILY,2025-12-23,2025-12-24 00:00:00,3.48
1541,US_2Y_DAILY,2025-12-24,2025-12-25 00:00:00,3.47
1542,US_2Y_DAILY,2025-12-26,2025-12-27 00:00:00,3.46
1543,US_2Y_DAILY,2025-12-29,2025-12-30 00:00:00,3.45
1544,US_2Y_DAILY,2025-12-30,2025-12-31 00:00:00,3.45
1545,US_2Y_DAILY,2025-12-31,2026-01-01 00:00:00,3.47
1546,US_2Y_DAILY,2026-01-02,2026-01-03 00:00:00,3.47
1547,US_2Y_DAILY,2026-01-05,2026-01-06 00:00:00,3.46
1548,US_2Y_DAILY,2026-01-06,2026-01-07 00:00:00,3.47
1549,US_2Y_DAILY,2026-01-07,2026-01-08 00:00:00,3.47
1550,US_2Y_DAILY,2026-01-08,2026-01-09 00:00:00,3.49
1551,US_2Y_DAILY,2026-01-09,2026-01-10 00:00:00,3.54
1552,US_2Y_DAILY,2026-01-12,2026-01-13 00:00:00,3.54
1553,US_2Y_DAILY,2026-01-13,2026-01-14 00:00:00,3.53
1554,US_2Y_DAILY,2026-01-14,2026-01-15 00:00:00,3.51
1555,US_2Y_DAILY,2026-01-15,2026-01-16 00:00:00,3.56
1556,US_2Y_DAILY,2026-01-16,2026-01-17 00:00:00,3.59
1557,US_2Y_DAILY,2026-01-20,2026-01-21 00:00:00,3.6
1558,US_2Y_DAILY,2026-01-21,2026-01-22 00:00:00,3.6
1559,US_2Y_DAILY,2026-01-22,2026-01-23 00:00:00,3.61
1560,US_2Y_DAILY,2026-01-23,2026-01-24 00:00:00,3.6
1561,US_2Y_DAILY,2026-01-26,2026-01-27 00:00:00,3.56
1562,US_2Y_DAILY,2026-01-27,2026-01-28 00:00:00,3.53
1563,US_2Y_DAILY,2026-01-28,2026-01-29 00:00:00,3.56
1564,US_2Y_DAILY,2026-01-29,2026-01-30 00:00:00,3.53
1565,US_2Y_DAILY,2026-01-30,2026-01-31 00:00:00,3.52
1566,US_2Y_DAILY,2026-02-02,2026-02-03 00:00:00,3.57
1567,US_2Y_DAILY,2026-02-03,2026-02-04 00:00:00,3.57
1568,US_2Y_DAILY,2026-02-04,2026-02-05 00:00:00,3.57
1569,US_2Y_DAILY,2026-02-05,2026-02-06 00:00:00,3.47
1570,US_2Y_DAILY,2026-02-06,2026-02-07 00:00:00,3.5
1571,US_2Y_DAILY,2026-02-09,2026-02-10 00:00:00,3.48
1572,US_2Y_DAILY,2026-02-10,2026-02-11 00:00:00,3.45
1573,US_2Y_DAILY,2026-02-11,2026-02-12 00:00:00,3.52
1574,US_2Y_DAILY,2026-02-12,2026-02-13 00:00:00,3.47
1575,US_2Y_DAILY,2026-02-13,2026-02-14 00:00:00,3.4
1576,US_2Y_DAILY,2026-02-17,2026-02-18 00:00:00,3.43
1577,US_2Y_DAILY,2026-02-18,2026-02-19 00:00:00,3.47
1578,US_2Y_DAILY,2026-02-19,2026-02-20 00:00:00,3.47
1579,US_2Y_DAILY,2026-02-20,2026-02-21 00:00:00,3.48
1580,US_2Y_DAILY,2026-02-23,2026-02-24 00:00:00,3.43
1581,US_2Y_DAILY,2026-02-24,2026-02-25 00:00:00,3.43
1582,US_2Y_DAILY,2026-02-25,2026-02-26 00:00:00,3.45
1583,US_2Y_DAILY,2026-02-26,2026-02-27 00:00:00,3.42
1584,US_2Y_DAILY,2026-02-27,2026-02-28 00:00:00,3.38
1585,US_2Y_DAILY,2026-03-02,2026-03-03 00:00:00,3.47
1586,US_2Y_DAILY,2026-03-03,2026-03-04 00:00:00,3.51
1587,US_2Y_DAILY,2026-03-04,2026-03-05 00:00:00,3.54
1588,US_2Y_DAILY,2026-03-05,2026-03-06 00:00:00,3.57
1589,US_2Y_DAILY,2026-03-06,2026-03-07 00:00:00,3.56
1590,US_2Y_DAILY,2026-03-09,2026-03-10 00:00:00,3.56
1591,US_2Y_DAILY,2026-03-10,2026-03-11 00:00:00,3.57
1592,US_2Y_DAILY,2026-03-11,2026-03-12 00:00:00,3.64
1593,US_2Y_DAILY,2026-03-12,2026-03-13 00:00:00,3.76
1594,US_2Y_DAILY,2026-03-13,2026-03-14 00:00:00,3.73
1595,US_2Y_DAILY,2026-03-16,2026-03-17 00:00:00,3.68
1596,US_2Y_DAILY,2026-03-17,2026-03-18 00:00:00,3.68
1597,US_2Y_DAILY,2026-03-18,2026-03-19 00:00:00,3.76
1598,US_2Y_DAILY,2026-03-19,2026-03-20 00:00:00,3.79
1599,US_2Y_DAILY,2026-03-20,2026-03-21 00:00:00,3.88
1600,US_2Y_DAILY,2026-03-23,2026-03-24 00:00:00,3.83
1601,US_2Y_DAILY,2026-03-24,2026-03-25 00:00:00,3.9
1602,US_2Y_DAILY,2026-03-25,2026-03-26 00:00:00,3.84
1603,US_2Y_DAILY,2026-03-26,2026-03-27 00:00:00,3.96
1604,US_2Y_DAILY,2026-03-27,2026-03-28 00:00:00,3.88
1605,US_2Y_DAILY,2026-03-30,2026-03-31 00:00:00,3.82
1606,US_2Y_DAILY,2026-03-31,2026-04-01 00:00:00,3.79
1607,US_2Y_DAILY,2026-04-01,2026-04-02 00:00:00,3.81
1608,US_2Y_DAILY,2026-04-02,2026-04-03 00:00:00,3.79
1609,US_2Y_DAILY,2026-04-03,2026-04-04 00:00:00,3.84
1610,US_2Y_DAILY,2026-04-06,2026-04-07 00:00:00,3.84
1611,US_2Y_DAILY,2026-04-07,2026-04-08 00:00:00,3.81
1612,US_2Y_DAILY,2026-04-08,2026-04-09 00:00:00,3.79
1613,US_2Y_DAILY,2026-04-09,2026-04-10 00:00:00,3.78
1614,US_2Y_DAILY,2026-04-10,2026-04-11 00:00:00,3.81
1615,US_2Y_DAILY,2026-04-13,2026-04-14 00:00:00,3.78
1616,US_2Y_DAILY,2026-04-14,2026-04-15 00:00:00,3.76
1617,US_2Y_DAILY,2026-04-15,2026-04-16 00:00:00,3.76
1618,US_2Y_DAILY,2026-04-16,2026-04-17 00:00:00,3.78
1619,US_2Y_DAILY,2026-04-17,2026-04-18 00:00:00,3.71
1620,US_2Y_DAILY,2026-04-20,2026-04-21 00:00:00,3.72
1621,US_2Y_DAILY,2026-04-21,2026-04-22 00:00:00,3.78
1622,US_2Y_DAILY,2026-04-22,2026-04-23 00:00:00,3.79
1623,US_2Y_DAILY,2026-04-23,2026-04-24 00:00:00,3.83
1624,US_2Y_DAILY,2026-04-24,2026-04-25 00:00:00,3.78
1625,US_2Y_DAILY,2026-04-27,2026-04-28 00:00:00,3.78
1626,US_2Y_DAILY,2026-04-28,2026-04-29 00:00:00,3.84
1627,US_2Y_DAILY,2026-04-29,2026-04-30 00:00:00,3.92
1628,US_2Y_DAILY,2026-04-30,2026-05-01 00:00:00,3.88
1629,US_2Y_DAILY,2026-05-01,2026-05-02 00:00:00,3.88
1630,US_2Y_DAILY,2026-05-04,2026-05-05 00:00:00,3.95
1631,US_2Y_DAILY,2026-05-05,2026-05-06 00:00:00,3.93
1632,US_2Y_DAILY,2026-05-06,2026-05-07 00:00:00,3.87
1633,US_2Y_DAILY,2026-05-07,2026-05-08 00:00:00,3.92
1634,US_2Y_DAILY,2026-05-08,2026-05-09 00:00:00,3.9
1635,US_2Y_DAILY,2026-05-11,2026-05-12 00:00:00,3.95
1636,US_2Y_DAILY,2026-05-12,2026-05-13 00:00:00,4
1637,US_2Y_DAILY,2026-05-13,2026-05-14 00:00:00,3.98
1638,US_2Y_DAILY,2026-05-14,2026-05-15 00:00:00,4
1639,US_2Y_DAILY,2026-05-15,2026-05-16 00:00:00,4.09
1640,US_2Y_DAILY,2026-05-18,2026-05-19 00:00:00,4.07
1641,US_2Y_DAILY,2026-05-19,2026-05-20 00:00:00,4.13
1642,US_2Y_DAILY,2026-05-20,2026-05-21 00:00:00,4.04
1643,US_2Y_DAILY,2026-05-21,2026-05-22 00:00:00,4.08
1644,US_2Y_DAILY,2026-05-22,2026-05-23 00:00:00,4.13
1645,US_2Y_DAILY,2026-05-26,2026-05-27 00:00:00,4.01
1646,US_2Y_DAILY,2026-05-27,2026-05-28 00:00:00,4
1647,US_2Y_DAILY,2026-05-28,2026-05-29 00:00:00,3.99
1648,US_2Y_DAILY,2026-05-29,2026-05-30 00:00:00,3.98
1649,US_2Y_DAILY,2026-06-01,2026-06-02 00:00:00,4.05
1650,US_2Y_DAILY,2026-06-02,2026-06-03 00:00:00,4.05
1651,VIX,2023-12-18,2023-12-19 00:00:00,12.56
1652,VIX,2023-12-19,2023-12-20 00:00:00,12.53
1653,VIX,2023-12-20,2023-12-21 00:00:00,13.67
1654,VIX,2023-12-21,2023-12-22 00:00:00,13.65
1655,VIX,2023-12-22,2023-12-23 00:00:00,13.03
1656,VIX,2023-12-26,2023-12-27 00:00:00,12.99
1657,VIX,2023-12-27,2023-12-28 00:00:00,12.43
1658,VIX,2023-12-28,2023-12-29 00:00:00,12.47
1659,VIX,2023-12-29,2023-12-30 00:00:00,12.45
1660,VIX,2024-01-02,2024-01-03 00:00:00,13.2
1661,VIX,2024-01-03,2024-01-04 00:00:00,14.04
1662,VIX,2024-01-04,2024-01-05 00:00:00,14.13
1663,VIX,2024-01-05,2024-01-06 00:00:00,13.35
1664,VIX,2024-01-08,2024-01-09 00:00:00,13.08
1665,VIX,2024-01-09,2024-01-10 00:00:00,12.76
1666,VIX,2024-01-10,2024-01-11 00:00:00,12.69
1667,VIX,2024-01-11,2024-01-12 00:00:00,12.44
1668,VIX,2024-01-12,2024-01-13 00:00:00,12.7
1669,VIX,2024-01-15,2024-01-16 00:00:00,13.25
1670,VIX,2024-01-16,2024-01-17 00:00:00,13.84
1671,VIX,2024-01-17,2024-01-18 00:00:00,14.79
1672,VIX,2024-01-18,2024-01-19 00:00:00,14.13
1673,VIX,2024-01-19,2024-01-20 00:00:00,13.3
1674,VIX,2024-01-22,2024-01-23 00:00:00,13.19
1675,VIX,2024-01-23,2024-01-24 00:00:00,12.55
1676,VIX,2024-01-24,2024-01-25 00:00:00,13.14
1677,VIX,2024-01-25,2024-01-26 00:00:00,13.45
1678,VIX,2024-01-26,2024-01-27 00:00:00,13.26
1679,VIX,2024-01-29,2024-01-30 00:00:00,13.6
1680,VIX,2024-01-30,2024-01-31 00:00:00,13.31
1681,VIX,2024-01-31,2024-02-01 00:00:00,14.35
1682,VIX,2024-02-01,2024-02-02 00:00:00,13.88
1683,VIX,2024-02-02,2024-02-03 00:00:00,13.85
1684,VIX,2024-02-05,2024-02-06 00:00:00,13.67
1685,VIX,2024-02-06,2024-02-07 00:00:00,13.06
1686,VIX,2024-02-07,2024-02-08 00:00:00,12.83
1687,VIX,2024-02-08,2024-02-09 00:00:00,12.79
1688,VIX,2024-02-09,2024-02-10 00:00:00,12.93
1689,VIX,2024-02-12,2024-02-13 00:00:00,13.93
1690,VIX,2024-02-13,2024-02-14 00:00:00,15.85
1691,VIX,2024-02-14,2024-02-15 00:00:00,14.38
1692,VIX,2024-02-15,2024-02-16 00:00:00,14.01
1693,VIX,2024-02-16,2024-02-17 00:00:00,14.24
1694,VIX,2024-02-19,2024-02-20 00:00:00,14.71
1695,VIX,2024-02-20,2024-02-21 00:00:00,15.42
1696,VIX,2024-02-21,2024-02-22 00:00:00,15.34
1697,VIX,2024-02-22,2024-02-23 00:00:00,14.54
1698,VIX,2024-02-23,2024-02-24 00:00:00,13.75
1699,VIX,2024-02-26,2024-02-27 00:00:00,13.74
1700,VIX,2024-02-27,2024-02-28 00:00:00,13.43
1701,VIX,2024-02-28,2024-02-29 00:00:00,13.84
1702,VIX,2024-02-29,2024-03-01 00:00:00,13.4
1703,VIX,2024-03-01,2024-03-02 00:00:00,13.11
1704,VIX,2024-03-04,2024-03-05 00:00:00,13.49
1705,VIX,2024-03-05,2024-03-06 00:00:00,14.46
1706,VIX,2024-03-06,2024-03-07 00:00:00,14.5
1707,VIX,2024-03-07,2024-03-08 00:00:00,14.44
1708,VIX,2024-03-08,2024-03-09 00:00:00,14.74
1709,VIX,2024-03-11,2024-03-12 00:00:00,15.22
1710,VIX,2024-03-12,2024-03-13 00:00:00,13.84
1711,VIX,2024-03-13,2024-03-14 00:00:00,13.75
1712,VIX,2024-03-14,2024-03-15 00:00:00,14.4
1713,VIX,2024-03-15,2024-03-16 00:00:00,14.41
1714,VIX,2024-03-18,2024-03-19 00:00:00,14.33
1715,VIX,2024-03-19,2024-03-20 00:00:00,13.82
1716,VIX,2024-03-20,2024-03-21 00:00:00,13.04
1717,VIX,2024-03-21,2024-03-22 00:00:00,12.92
1718,VIX,2024-03-22,2024-03-23 00:00:00,13.06
1719,VIX,2024-03-25,2024-03-26 00:00:00,13.19
1720,VIX,2024-03-26,2024-03-27 00:00:00,13.24
1721,VIX,2024-03-27,2024-03-28 00:00:00,12.78
1722,VIX,2024-03-28,2024-03-29 00:00:00,13.01
1723,VIX,2024-04-01,2024-04-02 00:00:00,13.65
1724,VIX,2024-04-02,2024-04-03 00:00:00,14.61
1725,VIX,2024-04-03,2024-04-04 00:00:00,14.33
1726,VIX,2024-04-04,2024-04-05 00:00:00,16.35
1727,VIX,2024-04-05,2024-04-06 00:00:00,16.03
1728,VIX,2024-04-08,2024-04-09 00:00:00,15.19
1729,VIX,2024-04-09,2024-04-10 00:00:00,14.98
1730,VIX,2024-04-10,2024-04-11 00:00:00,15.8
1731,VIX,2024-04-11,2024-04-12 00:00:00,14.91
1732,VIX,2024-04-12,2024-04-13 00:00:00,17.31
1733,VIX,2024-04-15,2024-04-16 00:00:00,19.23
1734,VIX,2024-04-16,2024-04-17 00:00:00,18.4
1735,VIX,2024-04-17,2024-04-18 00:00:00,18.21
1736,VIX,2024-04-18,2024-04-19 00:00:00,18
1737,VIX,2024-04-19,2024-04-20 00:00:00,18.71
1738,VIX,2024-04-22,2024-04-23 00:00:00,16.94
1739,VIX,2024-04-23,2024-04-24 00:00:00,15.69
1740,VIX,2024-04-24,2024-04-25 00:00:00,15.97
1741,VIX,2024-04-25,2024-04-26 00:00:00,15.37
1742,VIX,2024-04-26,2024-04-27 00:00:00,15.03
1743,VIX,2024-04-29,2024-04-30 00:00:00,14.67
1744,VIX,2024-04-30,2024-05-01 00:00:00,15.65
1745,VIX,2024-05-01,2024-05-02 00:00:00,15.39
1746,VIX,2024-05-02,2024-05-03 00:00:00,14.68
1747,VIX,2024-05-03,2024-05-04 00:00:00,13.49
1748,VIX,2024-05-06,2024-05-07 00:00:00,13.49
1749,VIX,2024-05-07,2024-05-08 00:00:00,13.23
1750,VIX,2024-05-08,2024-05-09 00:00:00,13
1751,VIX,2024-05-09,2024-05-10 00:00:00,12.69
1752,VIX,2024-05-10,2024-05-11 00:00:00,12.55
1753,VIX,2024-05-13,2024-05-14 00:00:00,13.6
1754,VIX,2024-05-14,2024-05-15 00:00:00,13.42
1755,VIX,2024-05-15,2024-05-16 00:00:00,12.45
1756,VIX,2024-05-16,2024-05-17 00:00:00,12.42
1757,VIX,2024-05-17,2024-05-18 00:00:00,11.99
1758,VIX,2024-05-20,2024-05-21 00:00:00,12.15
1759,VIX,2024-05-21,2024-05-22 00:00:00,11.86
1760,VIX,2024-05-22,2024-05-23 00:00:00,12.29
1761,VIX,2024-05-23,2024-05-24 00:00:00,12.77
1762,VIX,2024-05-24,2024-05-25 00:00:00,11.93
1763,VIX,2024-05-27,2024-05-28 00:00:00,12.36
1764,VIX,2024-05-28,2024-05-29 00:00:00,12.92
1765,VIX,2024-05-29,2024-05-30 00:00:00,14.28
1766,VIX,2024-05-30,2024-05-31 00:00:00,14.47
1767,VIX,2024-05-31,2024-06-01 00:00:00,12.92
1768,VIX,2024-06-03,2024-06-04 00:00:00,13.11
1769,VIX,2024-06-04,2024-06-05 00:00:00,13.16
1770,VIX,2024-06-05,2024-06-06 00:00:00,12.63
1771,VIX,2024-06-06,2024-06-07 00:00:00,12.58
1772,VIX,2024-06-07,2024-06-08 00:00:00,12.22
1773,VIX,2024-06-10,2024-06-11 00:00:00,12.74
1774,VIX,2024-06-11,2024-06-12 00:00:00,12.85
1775,VIX,2024-06-12,2024-06-13 00:00:00,12.04
1776,VIX,2024-06-13,2024-06-14 00:00:00,11.94
1777,VIX,2024-06-14,2024-06-15 00:00:00,12.66
1778,VIX,2024-06-17,2024-06-18 00:00:00,12.75
1779,VIX,2024-06-18,2024-06-19 00:00:00,12.3
1780,VIX,2024-06-19,2024-06-20 00:00:00,12.48
1781,VIX,2024-06-20,2024-06-21 00:00:00,13.28
1782,VIX,2024-06-21,2024-06-22 00:00:00,13.2
1783,VIX,2024-06-24,2024-06-25 00:00:00,13.33
1784,VIX,2024-06-25,2024-06-26 00:00:00,12.84
1785,VIX,2024-06-26,2024-06-27 00:00:00,12.55
1786,VIX,2024-06-27,2024-06-28 00:00:00,12.24
1787,VIX,2024-06-28,2024-06-29 00:00:00,12.44
1788,VIX,2024-07-01,2024-07-02 00:00:00,12.22
1789,VIX,2024-07-02,2024-07-03 00:00:00,12.03
1790,VIX,2024-07-03,2024-07-04 00:00:00,12.09
1791,VIX,2024-07-04,2024-07-05 00:00:00,12.26
1792,VIX,2024-07-05,2024-07-06 00:00:00,12.48
1793,VIX,2024-07-08,2024-07-09 00:00:00,12.37
1794,VIX,2024-07-09,2024-07-10 00:00:00,12.51
1795,VIX,2024-07-10,2024-07-11 00:00:00,12.85
1796,VIX,2024-07-11,2024-07-12 00:00:00,12.92
1797,VIX,2024-07-12,2024-07-13 00:00:00,12.46
1798,VIX,2024-07-15,2024-07-16 00:00:00,13.12
1799,VIX,2024-07-16,2024-07-17 00:00:00,13.19
1800,VIX,2024-07-17,2024-07-18 00:00:00,14.48
1801,VIX,2024-07-18,2024-07-19 00:00:00,15.93
1802,VIX,2024-07-19,2024-07-20 00:00:00,16.52
1803,VIX,2024-07-22,2024-07-23 00:00:00,14.91
1804,VIX,2024-07-23,2024-07-24 00:00:00,14.72
1805,VIX,2024-07-24,2024-07-25 00:00:00,18.04
1806,VIX,2024-07-25,2024-07-26 00:00:00,18.46
1807,VIX,2024-07-26,2024-07-27 00:00:00,16.39
1808,VIX,2024-07-29,2024-07-30 00:00:00,16.6
1809,VIX,2024-07-30,2024-07-31 00:00:00,17.69
1810,VIX,2024-07-31,2024-08-01 00:00:00,16.36
1811,VIX,2024-08-01,2024-08-02 00:00:00,18.59
1812,VIX,2024-08-02,2024-08-03 00:00:00,23.39
1813,VIX,2024-08-05,2024-08-06 00:00:00,38.57
1814,VIX,2024-08-06,2024-08-07 00:00:00,27.71
1815,VIX,2024-08-07,2024-08-08 00:00:00,27.85
1816,VIX,2024-08-08,2024-08-09 00:00:00,23.79
1817,VIX,2024-08-09,2024-08-10 00:00:00,20.37
1818,VIX,2024-08-12,2024-08-13 00:00:00,20.71
1819,VIX,2024-08-13,2024-08-14 00:00:00,18.12
1820,VIX,2024-08-14,2024-08-15 00:00:00,16.19
1821,VIX,2024-08-15,2024-08-16 00:00:00,15.23
1822,VIX,2024-08-16,2024-08-17 00:00:00,14.8
1823,VIX,2024-08-19,2024-08-20 00:00:00,14.65
1824,VIX,2024-08-20,2024-08-21 00:00:00,15.88
1825,VIX,2024-08-21,2024-08-22 00:00:00,16.27
1826,VIX,2024-08-22,2024-08-23 00:00:00,17.55
1827,VIX,2024-08-23,2024-08-24 00:00:00,15.86
1828,VIX,2024-08-26,2024-08-27 00:00:00,16.15
1829,VIX,2024-08-27,2024-08-28 00:00:00,15.43
1830,VIX,2024-08-28,2024-08-29 00:00:00,17.11
1831,VIX,2024-08-29,2024-08-30 00:00:00,15.65
1832,VIX,2024-08-30,2024-08-31 00:00:00,15
1833,VIX,2024-09-02,2024-09-03 00:00:00,15.55
1834,VIX,2024-09-03,2024-09-04 00:00:00,20.72
1835,VIX,2024-09-04,2024-09-05 00:00:00,21.32
1836,VIX,2024-09-05,2024-09-06 00:00:00,19.9
1837,VIX,2024-09-06,2024-09-07 00:00:00,22.38
1838,VIX,2024-09-09,2024-09-10 00:00:00,19.45
1839,VIX,2024-09-10,2024-09-11 00:00:00,19.08
1840,VIX,2024-09-11,2024-09-12 00:00:00,17.69
1841,VIX,2024-09-12,2024-09-13 00:00:00,17.07
1842,VIX,2024-09-13,2024-09-14 00:00:00,16.56
1843,VIX,2024-09-16,2024-09-17 00:00:00,17.14
1844,VIX,2024-09-17,2024-09-18 00:00:00,17.61
1845,VIX,2024-09-18,2024-09-19 00:00:00,18.23
1846,VIX,2024-09-19,2024-09-20 00:00:00,16.33
1847,VIX,2024-09-20,2024-09-21 00:00:00,16.15
1848,VIX,2024-09-23,2024-09-24 00:00:00,15.89
1849,VIX,2024-09-24,2024-09-25 00:00:00,15.39
1850,VIX,2024-09-25,2024-09-26 00:00:00,15.41
1851,VIX,2024-09-26,2024-09-27 00:00:00,15.37
1852,VIX,2024-09-27,2024-09-28 00:00:00,16.96
1853,VIX,2024-09-30,2024-10-01 00:00:00,16.73
1854,VIX,2024-10-01,2024-10-02 00:00:00,19.26
1855,VIX,2024-10-02,2024-10-03 00:00:00,18.9
1856,VIX,2024-10-03,2024-10-04 00:00:00,20.49
1857,VIX,2024-10-04,2024-10-05 00:00:00,19.21
1858,VIX,2024-10-07,2024-10-08 00:00:00,22.64
1859,VIX,2024-10-08,2024-10-09 00:00:00,21.42
1860,VIX,2024-10-09,2024-10-10 00:00:00,20.86
1861,VIX,2024-10-10,2024-10-11 00:00:00,20.93
1862,VIX,2024-10-11,2024-10-12 00:00:00,20.46
1863,VIX,2024-10-14,2024-10-15 00:00:00,19.7
1864,VIX,2024-10-15,2024-10-16 00:00:00,20.64
1865,VIX,2024-10-16,2024-10-17 00:00:00,19.58
1866,VIX,2024-10-17,2024-10-18 00:00:00,19.11
1867,VIX,2024-10-18,2024-10-19 00:00:00,18.03
1868,VIX,2024-10-21,2024-10-22 00:00:00,18.37
1869,VIX,2024-10-22,2024-10-23 00:00:00,18.2
1870,VIX,2024-10-23,2024-10-24 00:00:00,19.24
1871,VIX,2024-10-24,2024-10-25 00:00:00,19.08
1872,VIX,2024-10-25,2024-10-26 00:00:00,20.33
1873,VIX,2024-10-28,2024-10-29 00:00:00,19.8
1874,VIX,2024-10-29,2024-10-30 00:00:00,19.34
1875,VIX,2024-10-30,2024-10-31 00:00:00,20.35
1876,VIX,2024-10-31,2024-11-01 00:00:00,23.16
1877,VIX,2024-11-01,2024-11-02 00:00:00,21.88
1878,VIX,2024-11-04,2024-11-05 00:00:00,21.98
1879,VIX,2024-11-05,2024-11-06 00:00:00,20.49
1880,VIX,2024-11-06,2024-11-07 00:00:00,16.27
1881,VIX,2024-11-07,2024-11-08 00:00:00,15.2
1882,VIX,2024-11-08,2024-11-09 00:00:00,14.94
1883,VIX,2024-11-11,2024-11-12 00:00:00,14.97
1884,VIX,2024-11-12,2024-11-13 00:00:00,14.71
1885,VIX,2024-11-13,2024-11-14 00:00:00,14.02
1886,VIX,2024-11-14,2024-11-15 00:00:00,14.31
1887,VIX,2024-11-15,2024-11-16 00:00:00,16.14
1888,VIX,2024-11-18,2024-11-19 00:00:00,15.58
1889,VIX,2024-11-19,2024-11-20 00:00:00,16.35
1890,VIX,2024-11-20,2024-11-21 00:00:00,17.16
1891,VIX,2024-11-21,2024-11-22 00:00:00,16.87
1892,VIX,2024-11-22,2024-11-23 00:00:00,15.24
1893,VIX,2024-11-25,2024-11-26 00:00:00,14.6
1894,VIX,2024-11-26,2024-11-27 00:00:00,14.1
1895,VIX,2024-11-27,2024-11-28 00:00:00,14.1
1896,VIX,2024-11-28,2024-11-29 00:00:00,13.9
1897,VIX,2024-11-29,2024-11-30 00:00:00,13.51
1898,VIX,2024-12-02,2024-12-03 00:00:00,13.34
1899,VIX,2024-12-03,2024-12-04 00:00:00,13.3
1900,VIX,2024-12-04,2024-12-05 00:00:00,13.45
1901,VIX,2024-12-05,2024-12-06 00:00:00,13.54
1902,VIX,2024-12-06,2024-12-07 00:00:00,12.77
1903,VIX,2024-12-09,2024-12-10 00:00:00,14.19
1904,VIX,2024-12-10,2024-12-11 00:00:00,14.18
1905,VIX,2024-12-11,2024-12-12 00:00:00,13.58
1906,VIX,2024-12-12,2024-12-13 00:00:00,13.92
1907,VIX,2024-12-13,2024-12-14 00:00:00,13.81
1908,VIX,2024-12-16,2024-12-17 00:00:00,14.69
1909,VIX,2024-12-17,2024-12-18 00:00:00,15.87
1910,VIX,2024-12-18,2024-12-19 00:00:00,27.62
1911,VIX,2024-12-19,2024-12-20 00:00:00,24.09
1912,VIX,2024-12-20,2024-12-21 00:00:00,18.36
1913,VIX,2024-12-23,2024-12-24 00:00:00,16.78
1914,VIX,2024-12-24,2024-12-25 00:00:00,14.27
1915,VIX,2024-12-26,2024-12-27 00:00:00,14.73
1916,VIX,2024-12-27,2024-12-28 00:00:00,15.95
1917,VIX,2024-12-30,2024-12-31 00:00:00,17.4
1918,VIX,2024-12-31,2025-01-01 00:00:00,17.35
1919,VIX,2025-01-02,2025-01-03 00:00:00,17.93
1920,VIX,2025-01-03,2025-01-04 00:00:00,16.13
1921,VIX,2025-01-06,2025-01-07 00:00:00,16.04
1922,VIX,2025-01-07,2025-01-08 00:00:00,17.82
1923,VIX,2025-01-08,2025-01-09 00:00:00,17.7
1924,VIX,2025-01-09,2025-01-10 00:00:00,18.07
1925,VIX,2025-01-10,2025-01-11 00:00:00,19.54
1926,VIX,2025-01-13,2025-01-14 00:00:00,19.19
1927,VIX,2025-01-14,2025-01-15 00:00:00,18.71
1928,VIX,2025-01-15,2025-01-16 00:00:00,16.12
1929,VIX,2025-01-16,2025-01-17 00:00:00,16.6
1930,VIX,2025-01-17,2025-01-18 00:00:00,15.97
1931,VIX,2025-01-20,2025-01-21 00:00:00,15.81
1932,VIX,2025-01-21,2025-01-22 00:00:00,15.06
1933,VIX,2025-01-22,2025-01-23 00:00:00,15.1
1934,VIX,2025-01-23,2025-01-24 00:00:00,15.02
1935,VIX,2025-01-24,2025-01-25 00:00:00,14.85
1936,VIX,2025-01-27,2025-01-28 00:00:00,17.9
1937,VIX,2025-01-28,2025-01-29 00:00:00,16.41
1938,VIX,2025-01-29,2025-01-30 00:00:00,16.56
1939,VIX,2025-01-30,2025-01-31 00:00:00,15.84
1940,VIX,2025-01-31,2025-02-01 00:00:00,16.43
1941,VIX,2025-02-03,2025-02-04 00:00:00,18.62
1942,VIX,2025-02-04,2025-02-05 00:00:00,17.21
1943,VIX,2025-02-05,2025-02-06 00:00:00,15.77
1944,VIX,2025-02-06,2025-02-07 00:00:00,15.5
1945,VIX,2025-02-07,2025-02-08 00:00:00,16.54
1946,VIX,2025-02-10,2025-02-11 00:00:00,15.81
1947,VIX,2025-02-11,2025-02-12 00:00:00,16.02
1948,VIX,2025-02-12,2025-02-13 00:00:00,15.89
1949,VIX,2025-02-13,2025-02-14 00:00:00,15.1
1950,VIX,2025-02-14,2025-02-15 00:00:00,14.77
1951,VIX,2025-02-17,2025-02-18 00:00:00,15.37
1952,VIX,2025-02-18,2025-02-19 00:00:00,15.35
1953,VIX,2025-02-19,2025-02-20 00:00:00,15.27
1954,VIX,2025-02-20,2025-02-21 00:00:00,15.66
1955,VIX,2025-02-21,2025-02-22 00:00:00,18.21
1956,VIX,2025-02-24,2025-02-25 00:00:00,18.98
1957,VIX,2025-02-25,2025-02-26 00:00:00,19.43
1958,VIX,2025-02-26,2025-02-27 00:00:00,19.1
1959,VIX,2025-02-27,2025-02-28 00:00:00,21.13
1960,VIX,2025-02-28,2025-03-01 00:00:00,19.63
1961,VIX,2025-03-03,2025-03-04 00:00:00,22.78
1962,VIX,2025-03-04,2025-03-05 00:00:00,23.51
1963,VIX,2025-03-05,2025-03-06 00:00:00,21.93
1964,VIX,2025-03-06,2025-03-07 00:00:00,24.87
1965,VIX,2025-03-07,2025-03-08 00:00:00,23.37
1966,VIX,2025-03-10,2025-03-11 00:00:00,27.86
1967,VIX,2025-03-11,2025-03-12 00:00:00,26.92
1968,VIX,2025-03-12,2025-03-13 00:00:00,24.23
1969,VIX,2025-03-13,2025-03-14 00:00:00,24.66
1970,VIX,2025-03-14,2025-03-15 00:00:00,21.77
1971,VIX,2025-03-17,2025-03-18 00:00:00,20.51
1972,VIX,2025-03-18,2025-03-19 00:00:00,21.7
1973,VIX,2025-03-19,2025-03-20 00:00:00,19.9
1974,VIX,2025-03-20,2025-03-21 00:00:00,19.8
1975,VIX,2025-03-21,2025-03-22 00:00:00,19.28
1976,VIX,2025-03-24,2025-03-25 00:00:00,17.48
1977,VIX,2025-03-25,2025-03-26 00:00:00,17.15
1978,VIX,2025-03-26,2025-03-27 00:00:00,18.33
1979,VIX,2025-03-27,2025-03-28 00:00:00,18.69
1980,VIX,2025-03-28,2025-03-29 00:00:00,21.65
1981,VIX,2025-03-31,2025-04-01 00:00:00,22.28
1982,VIX,2025-04-01,2025-04-02 00:00:00,21.77
1983,VIX,2025-04-02,2025-04-03 00:00:00,21.51
1984,VIX,2025-04-03,2025-04-04 00:00:00,30.02
1985,VIX,2025-04-04,2025-04-05 00:00:00,45.31
1986,VIX,2025-04-07,2025-04-08 00:00:00,46.98
1987,VIX,2025-04-08,2025-04-09 00:00:00,52.33
1988,VIX,2025-04-09,2025-04-10 00:00:00,33.62
1989,VIX,2025-04-10,2025-04-11 00:00:00,40.72
1990,VIX,2025-04-11,2025-04-12 00:00:00,37.56
1991,VIX,2025-04-14,2025-04-15 00:00:00,30.89
1992,VIX,2025-04-15,2025-04-16 00:00:00,30.12
1993,VIX,2025-04-16,2025-04-17 00:00:00,32.64
1994,VIX,2025-04-17,2025-04-18 00:00:00,29.65
1995,VIX,2025-04-21,2025-04-22 00:00:00,33.82
1996,VIX,2025-04-22,2025-04-23 00:00:00,30.57
1997,VIX,2025-04-23,2025-04-24 00:00:00,28.45
1998,VIX,2025-04-24,2025-04-25 00:00:00,26.47
1999,VIX,2025-04-25,2025-04-26 00:00:00,24.84
2000,VIX,2025-04-28,2025-04-29 00:00:00,25.15
2001,VIX,2025-04-29,2025-04-30 00:00:00,24.17
2002,VIX,2025-04-30,2025-05-01 00:00:00,24.7
2003,VIX,2025-05-01,2025-05-02 00:00:00,24.6
2004,VIX,2025-05-02,2025-05-03 00:00:00,22.68
2005,VIX,2025-05-05,2025-05-06 00:00:00,23.64
2006,VIX,2025-05-06,2025-05-07 00:00:00,24.76
2007,VIX,2025-05-07,2025-05-08 00:00:00,23.55
2008,VIX,2025-05-08,2025-05-09 00:00:00,22.48
2009,VIX,2025-05-09,2025-05-10 00:00:00,21.9
2010,VIX,2025-05-12,2025-05-13 00:00:00,18.39
2011,VIX,2025-05-13,2025-05-14 00:00:00,18.22
2012,VIX,2025-05-14,2025-05-15 00:00:00,18.62
2013,VIX,2025-05-15,2025-05-16 00:00:00,17.83
2014,VIX,2025-05-16,2025-05-17 00:00:00,17.24
2015,VIX,2025-05-19,2025-05-20 00:00:00,18.14
2016,VIX,2025-05-20,2025-05-21 00:00:00,18.09
2017,VIX,2025-05-21,2025-05-22 00:00:00,20.87
2018,VIX,2025-05-22,2025-05-23 00:00:00,20.28
2019,VIX,2025-05-23,2025-05-24 00:00:00,22.29
2020,VIX,2025-05-26,2025-05-27 00:00:00,20.57
2021,VIX,2025-05-27,2025-05-28 00:00:00,18.96
2022,VIX,2025-05-28,2025-05-29 00:00:00,19.31
2023,VIX,2025-05-29,2025-05-30 00:00:00,19.18
2024,VIX,2025-05-30,2025-05-31 00:00:00,18.57
2025,VIX,2025-06-02,2025-06-03 00:00:00,18.36
2026,VIX,2025-06-03,2025-06-04 00:00:00,17.69
2027,VIX,2025-06-04,2025-06-05 00:00:00,17.61
2028,VIX,2025-06-05,2025-06-06 00:00:00,18.48
2029,VIX,2025-06-06,2025-06-07 00:00:00,16.77
2030,VIX,2025-06-09,2025-06-10 00:00:00,17.16
2031,VIX,2025-06-10,2025-06-11 00:00:00,16.95
2032,VIX,2025-06-11,2025-06-12 00:00:00,17.26
2033,VIX,2025-06-12,2025-06-13 00:00:00,18.02
2034,VIX,2025-06-13,2025-06-14 00:00:00,20.82
2035,VIX,2025-06-16,2025-06-17 00:00:00,19.11
2036,VIX,2025-06-17,2025-06-18 00:00:00,21.6
2037,VIX,2025-06-18,2025-06-19 00:00:00,20.14
2038,VIX,2025-06-19,2025-06-20 00:00:00,22.17
2039,VIX,2025-06-20,2025-06-21 00:00:00,20.62
2040,VIX,2025-06-23,2025-06-24 00:00:00,19.83
2041,VIX,2025-06-24,2025-06-25 00:00:00,17.48
2042,VIX,2025-06-25,2025-06-26 00:00:00,16.76
2043,VIX,2025-06-26,2025-06-27 00:00:00,16.59
2044,VIX,2025-06-27,2025-06-28 00:00:00,16.32
2045,VIX,2025-06-30,2025-07-01 00:00:00,16.73
2046,VIX,2025-07-01,2025-07-02 00:00:00,16.83
2047,VIX,2025-07-02,2025-07-03 00:00:00,16.64
2048,VIX,2025-07-03,2025-07-04 00:00:00,16.38
2049,VIX,2025-07-04,2025-07-05 00:00:00,17.48
2050,VIX,2025-07-07,2025-07-08 00:00:00,17.79
2051,VIX,2025-07-08,2025-07-09 00:00:00,16.81
2052,VIX,2025-07-09,2025-07-10 00:00:00,15.94
2053,VIX,2025-07-10,2025-07-11 00:00:00,15.78
2054,VIX,2025-07-11,2025-07-12 00:00:00,16.4
2055,VIX,2025-07-14,2025-07-15 00:00:00,17.2
2056,VIX,2025-07-15,2025-07-16 00:00:00,17.38
2057,VIX,2025-07-16,2025-07-17 00:00:00,17.16
2058,VIX,2025-07-17,2025-07-18 00:00:00,16.52
2059,VIX,2025-07-18,2025-07-19 00:00:00,16.41
2060,VIX,2025-07-21,2025-07-22 00:00:00,16.65
2061,VIX,2025-07-22,2025-07-23 00:00:00,16.5
2062,VIX,2025-07-23,2025-07-24 00:00:00,15.37
2063,VIX,2025-07-24,2025-07-25 00:00:00,15.39
2064,VIX,2025-07-25,2025-07-26 00:00:00,14.93
2065,VIX,2025-07-28,2025-07-29 00:00:00,15.03
2066,VIX,2025-07-29,2025-07-30 00:00:00,15.98
2067,VIX,2025-07-30,2025-07-31 00:00:00,15.48
2068,VIX,2025-07-31,2025-08-01 00:00:00,16.72
2069,VIX,2025-08-01,2025-08-02 00:00:00,20.38
2070,VIX,2025-08-04,2025-08-05 00:00:00,17.52
2071,VIX,2025-08-05,2025-08-06 00:00:00,17.85
2072,VIX,2025-08-06,2025-08-07 00:00:00,16.77
2073,VIX,2025-08-07,2025-08-08 00:00:00,16.57
2074,VIX,2025-08-08,2025-08-09 00:00:00,15.15
2075,VIX,2025-08-11,2025-08-12 00:00:00,16.25
2076,VIX,2025-08-12,2025-08-13 00:00:00,14.73
2077,VIX,2025-08-13,2025-08-14 00:00:00,14.49
2078,VIX,2025-08-14,2025-08-15 00:00:00,14.83
2079,VIX,2025-08-15,2025-08-16 00:00:00,15.09
2080,VIX,2025-08-18,2025-08-19 00:00:00,14.99
2081,VIX,2025-08-19,2025-08-20 00:00:00,15.57
2082,VIX,2025-08-20,2025-08-21 00:00:00,15.69
2083,VIX,2025-08-21,2025-08-22 00:00:00,16.6
2084,VIX,2025-08-22,2025-08-23 00:00:00,14.22
2085,VIX,2025-08-25,2025-08-26 00:00:00,14.79
2086,VIX,2025-08-26,2025-08-27 00:00:00,14.62
2087,VIX,2025-08-27,2025-08-28 00:00:00,14.85
2088,VIX,2025-08-28,2025-08-29 00:00:00,14.43
2089,VIX,2025-08-29,2025-08-30 00:00:00,15.36
2090,VIX,2025-09-01,2025-09-02 00:00:00,16.12
2091,VIX,2025-09-02,2025-09-03 00:00:00,17.17
2092,VIX,2025-09-03,2025-09-04 00:00:00,16.35
2093,VIX,2025-09-04,2025-09-05 00:00:00,15.3
2094,VIX,2025-09-05,2025-09-06 00:00:00,15.18
2095,VIX,2025-09-08,2025-09-09 00:00:00,15.11
2096,VIX,2025-09-09,2025-09-10 00:00:00,15.04
2097,VIX,2025-09-10,2025-09-11 00:00:00,15.35
2098,VIX,2025-09-11,2025-09-12 00:00:00,14.71
2099,VIX,2025-09-12,2025-09-13 00:00:00,14.76
2100,VIX,2025-09-15,2025-09-16 00:00:00,15.69
2101,VIX,2025-09-16,2025-09-17 00:00:00,16.36
2102,VIX,2025-09-17,2025-09-18 00:00:00,15.72
2103,VIX,2025-09-18,2025-09-19 00:00:00,15.7
2104,VIX,2025-09-19,2025-09-20 00:00:00,15.45
2105,VIX,2025-09-22,2025-09-23 00:00:00,16.1
2106,VIX,2025-09-23,2025-09-24 00:00:00,16.64
2107,VIX,2025-09-24,2025-09-25 00:00:00,16.18
2108,VIX,2025-09-25,2025-09-26 00:00:00,16.74
2109,VIX,2025-09-26,2025-09-27 00:00:00,15.29
2110,VIX,2025-09-29,2025-09-30 00:00:00,16.12
2111,VIX,2025-09-30,2025-10-01 00:00:00,16.28
2112,VIX,2025-10-01,2025-10-02 00:00:00,16.29
2113,VIX,2025-10-02,2025-10-03 00:00:00,16.63
2114,VIX,2025-10-03,2025-10-04 00:00:00,16.65
2115,VIX,2025-10-06,2025-10-07 00:00:00,16.37
2116,VIX,2025-10-07,2025-10-08 00:00:00,17.24
2117,VIX,2025-10-08,2025-10-09 00:00:00,16.3
2118,VIX,2025-10-09,2025-10-10 00:00:00,16.43
2119,VIX,2025-10-10,2025-10-11 00:00:00,21.66
2120,VIX,2025-10-13,2025-10-14 00:00:00,19.03
2121,VIX,2025-10-14,2025-10-15 00:00:00,20.81
2122,VIX,2025-10-15,2025-10-16 00:00:00,20.64
2123,VIX,2025-10-16,2025-10-17 00:00:00,25.31
2124,VIX,2025-10-17,2025-10-18 00:00:00,20.78
2125,VIX,2025-10-20,2025-10-21 00:00:00,18.23
2126,VIX,2025-10-21,2025-10-22 00:00:00,17.87
2127,VIX,2025-10-22,2025-10-23 00:00:00,18.6
2128,VIX,2025-10-23,2025-10-24 00:00:00,17.3
2129,VIX,2025-10-24,2025-10-25 00:00:00,16.37
2130,VIX,2025-10-27,2025-10-28 00:00:00,15.79
2131,VIX,2025-10-28,2025-10-29 00:00:00,16.42
2132,VIX,2025-10-29,2025-10-30 00:00:00,16.92
2133,VIX,2025-10-30,2025-10-31 00:00:00,16.91
2134,VIX,2025-10-31,2025-11-01 00:00:00,17.44
2135,VIX,2025-11-03,2025-11-04 00:00:00,17.17
2136,VIX,2025-11-04,2025-11-05 00:00:00,19
2137,VIX,2025-11-05,2025-11-06 00:00:00,18.01
2138,VIX,2025-11-06,2025-11-07 00:00:00,19.5
2139,VIX,2025-11-07,2025-11-08 00:00:00,19.08
2140,VIX,2025-11-10,2025-11-11 00:00:00,17.6
2141,VIX,2025-11-11,2025-11-12 00:00:00,17.28
2142,VIX,2025-11-12,2025-11-13 00:00:00,17.51
2143,VIX,2025-11-13,2025-11-14 00:00:00,20
2144,VIX,2025-11-14,2025-11-15 00:00:00,19.83
2145,VIX,2025-11-17,2025-11-18 00:00:00,22.38
2146,VIX,2025-11-18,2025-11-19 00:00:00,24.69
2147,VIX,2025-11-19,2025-11-20 00:00:00,23.66
2148,VIX,2025-11-20,2025-11-21 00:00:00,26.42
2149,VIX,2025-11-21,2025-11-22 00:00:00,23.43
2150,VIX,2025-11-24,2025-11-25 00:00:00,20.52
2151,VIX,2025-11-25,2025-11-26 00:00:00,18.56
2152,VIX,2025-11-26,2025-11-27 00:00:00,17.19
2153,VIX,2025-11-27,2025-11-28 00:00:00,17.21
2154,VIX,2025-11-28,2025-11-29 00:00:00,16.35
2155,VIX,2025-12-01,2025-12-02 00:00:00,17.24
2156,VIX,2025-12-02,2025-12-03 00:00:00,16.59
2157,VIX,2025-12-03,2025-12-04 00:00:00,16.08
2158,VIX,2025-12-04,2025-12-05 00:00:00,15.78
2159,VIX,2025-12-05,2025-12-06 00:00:00,15.41
2160,VIX,2025-12-08,2025-12-09 00:00:00,16.66
2161,VIX,2025-12-09,2025-12-10 00:00:00,16.93
2162,VIX,2025-12-10,2025-12-11 00:00:00,15.77
2163,VIX,2025-12-11,2025-12-12 00:00:00,14.85
2164,VIX,2025-12-12,2025-12-13 00:00:00,15.74
2165,VIX,2025-12-15,2025-12-16 00:00:00,16.5
2166,VIX,2025-12-16,2025-12-17 00:00:00,16.48
2167,VIX,2025-12-17,2025-12-18 00:00:00,17.62
2168,VIX,2025-12-18,2025-12-19 00:00:00,16.87
2169,VIX,2025-12-19,2025-12-20 00:00:00,14.91
2170,VIX,2025-12-22,2025-12-23 00:00:00,14.08
2171,VIX,2025-12-23,2025-12-24 00:00:00,14
2172,VIX,2025-12-24,2025-12-25 00:00:00,13.47
2173,VIX,2025-12-26,2025-12-27 00:00:00,13.6
2174,VIX,2025-12-29,2025-12-30 00:00:00,14.2
2175,VIX,2025-12-30,2025-12-31 00:00:00,14.33
2176,VIX,2025-12-31,2026-01-01 00:00:00,14.95
2177,VIX,2026-01-02,2026-01-03 00:00:00,14.51
2178,VIX,2026-01-05,2026-01-06 00:00:00,14.9
2179,VIX,2026-01-06,2026-01-07 00:00:00,14.75
2180,VIX,2026-01-07,2026-01-08 00:00:00,15.38
2181,VIX,2026-01-08,2026-01-09 00:00:00,15.45
2182,VIX,2026-01-09,2026-01-10 00:00:00,14.49
2183,VIX,2026-01-12,2026-01-13 00:00:00,15.12
2184,VIX,2026-01-13,2026-01-14 00:00:00,15.98
2185,VIX,2026-01-14,2026-01-15 00:00:00,16.75
2186,VIX,2026-01-15,2026-01-16 00:00:00,15.84
2187,VIX,2026-01-16,2026-01-17 00:00:00,15.86
2188,VIX,2026-01-19,2026-01-20 00:00:00,18.84
2189,VIX,2026-01-20,2026-01-21 00:00:00,20.09
2190,VIX,2026-01-21,2026-01-22 00:00:00,16.9
2191,VIX,2026-01-22,2026-01-23 00:00:00,15.64
2192,VIX,2026-01-23,2026-01-24 00:00:00,16.09
2193,VIX,2026-01-26,2026-01-27 00:00:00,16.15
2194,VIX,2026-01-27,2026-01-28 00:00:00,16.35
2195,VIX,2026-01-28,2026-01-29 00:00:00,16.35
2196,VIX,2026-01-29,2026-01-30 00:00:00,16.88
2197,VIX,2026-01-30,2026-01-31 00:00:00,17.44
2198,VIX,2026-02-02,2026-02-03 00:00:00,16.34
2199,VIX,2026-02-03,2026-02-04 00:00:00,18
2200,VIX,2026-02-04,2026-02-05 00:00:00,18.64
2201,VIX,2026-02-05,2026-02-06 00:00:00,21.77
2202,VIX,2026-02-06,2026-02-07 00:00:00,17.76
2203,VIX,2026-02-09,2026-02-10 00:00:00,17.36
2204,VIX,2026-02-10,2026-02-11 00:00:00,17.79
2205,VIX,2026-02-11,2026-02-12 00:00:00,17.65
2206,VIX,2026-02-12,2026-02-13 00:00:00,20.82
2207,VIX,2026-02-13,2026-02-14 00:00:00,20.6
2208,VIX,2026-02-16,2026-02-17 00:00:00,21.2
2209,VIX,2026-02-17,2026-02-18 00:00:00,20.29
2210,VIX,2026-02-18,2026-02-19 00:00:00,19.62
2211,VIX,2026-02-19,2026-02-20 00:00:00,20.23
2212,VIX,2026-02-20,2026-02-21 00:00:00,19.09
2213,VIX,2026-02-23,2026-02-24 00:00:00,21.01
2214,VIX,2026-02-24,2026-02-25 00:00:00,19.55
2215,VIX,2026-02-25,2026-02-26 00:00:00,17.93
2216,VIX,2026-02-26,2026-02-27 00:00:00,18.63
2217,VIX,2026-02-27,2026-02-28 00:00:00,19.86
2218,VIX,2026-03-02,2026-03-03 00:00:00,21.44
2219,VIX,2026-03-03,2026-03-04 00:00:00,23.57
2220,VIX,2026-03-04,2026-03-05 00:00:00,21.15
2221,VIX,2026-03-05,2026-03-06 00:00:00,23.75
2222,VIX,2026-03-06,2026-03-07 00:00:00,29.49
2223,VIX,2026-03-09,2026-03-10 00:00:00,25.5
2224,VIX,2026-03-10,2026-03-11 00:00:00,24.93
2225,VIX,2026-03-11,2026-03-12 00:00:00,24.23
2226,VIX,2026-03-12,2026-03-13 00:00:00,27.29
2227,VIX,2026-03-13,2026-03-14 00:00:00,27.19
2228,VIX,2026-03-16,2026-03-17 00:00:00,23.51
2229,VIX,2026-03-17,2026-03-18 00:00:00,22.37
2230,VIX,2026-03-18,2026-03-19 00:00:00,25.09
2231,VIX,2026-03-19,2026-03-20 00:00:00,24.06
2232,VIX,2026-03-20,2026-03-21 00:00:00,26.78
2233,VIX,2026-03-23,2026-03-24 00:00:00,26.15
2234,VIX,2026-03-24,2026-03-25 00:00:00,26.95
2235,VIX,2026-03-25,2026-03-26 00:00:00,25.33
2236,VIX,2026-03-26,2026-03-27 00:00:00,27.44
2237,VIX,2026-03-27,2026-03-28 00:00:00,31.05
2238,VIX,2026-03-30,2026-03-31 00:00:00,30.61
2239,VIX,2026-03-31,2026-04-01 00:00:00,25.25
2240,VIX,2026-04-01,2026-04-02 00:00:00,24.54
2241,VIX,2026-04-02,2026-04-03 00:00:00,23.87
2242,VIX,2026-04-06,2026-04-07 00:00:00,24.17
2243,VIX,2026-04-07,2026-04-08 00:00:00,25.78
2244,VIX,2026-04-08,2026-04-09 00:00:00,21.04
2245,VIX,2026-04-09,2026-04-10 00:00:00,19.49
2246,VIX,2026-04-10,2026-04-11 00:00:00,19.23
2247,VIX,2026-04-13,2026-04-14 00:00:00,19.12
2248,VIX,2026-04-14,2026-04-15 00:00:00,18.36
2249,VIX,2026-04-15,2026-04-16 00:00:00,18.17
2250,VIX,2026-04-16,2026-04-17 00:00:00,17.94
2251,VIX,2026-04-17,2026-04-18 00:00:00,17.48
2252,VIX,2026-04-20,2026-04-21 00:00:00,18.87
2253,VIX,2026-04-21,2026-04-22 00:00:00,19.5
2254,VIX,2026-04-22,2026-04-23 00:00:00,18.92
2255,VIX,2026-04-23,2026-04-24 00:00:00,19.31
2256,VIX,2026-04-24,2026-04-25 00:00:00,18.71
2257,VIX,2026-04-27,2026-04-28 00:00:00,18.02
2258,VIX,2026-04-28,2026-04-29 00:00:00,17.83
2259,VIX,2026-04-29,2026-04-30 00:00:00,18.81
2260,VIX,2026-04-30,2026-05-01 00:00:00,16.89
2261,VIX,2026-05-01,2026-05-02 00:00:00,16.99
2262,VIX,2026-05-04,2026-05-05 00:00:00,18.29
2263,VIX,2026-05-05,2026-05-06 00:00:00,17.38
2264,VIX,2026-05-06,2026-05-07 00:00:00,17.39
2265,VIX,2026-05-07,2026-05-08 00:00:00,17.08
2266,VIX,2026-05-08,2026-05-09 00:00:00,17.19
2267,VIX,2026-05-11,2026-05-12 00:00:00,18.38
2268,VIX,2026-05-12,2026-05-13 00:00:00,17.99
2269,VIX,2026-05-13,2026-05-14 00:00:00,17.87
2270,VIX,2026-05-14,2026-05-15 00:00:00,17.26
2271,VIX,2026-05-15,2026-05-16 00:00:00,18.43
2272,VIX,2026-05-18,2026-05-19 00:00:00,17.82
2273,VIX,2026-05-19,2026-05-20 00:00:00,18.06
2274,VIX,2026-05-20,2026-05-21 00:00:00,17.44
2275,VIX,2026-05-21,2026-05-22 00:00:00,16.76
2276,VIX,2026-05-22,2026-05-23 00:00:00,16.7
2277,VIX,2026-05-25,2026-05-26 00:00:00,16.59
2278,VIX,2026-05-26,2026-05-27 00:00:00,17.01
2279,VIX,2026-05-27,2026-05-28 00:00:00,16.29
2280,VIX,2026-05-28,2026-05-29 00:00:00,15.74
2281,VIX,2026-05-29,2026-05-30 00:00:00,15.32
2282,VIX,2026-06-01,2026-06-02 00:00:00,16.05
2283,VIX,2026-06-02,2026-06-03 00:00:00,15.77
2346,VIX,2026-06-03,2026-06-04 00:00:00,16.06
3381,US_10Y_DAILY,2026-06-03,2026-06-04 00:00:00,4.49
3382,US_10Y_DAILY,2026-06-04,2026-06-05 00:00:00,4.47
3994,US_2Y_DAILY,2026-06-03,2026-06-04 00:00:00,4.08
3995,US_2Y_DAILY,2026-06-04,2026-06-05 00:00:00,4.05
4628,VIX,2026-06-04,2026-06-05 00:00:00,15.4
4629,US_CPI,2022-01-01,2022-02-10 00:00:00,281.933
4630,US_CPI,2022-02-01,2022-03-10 00:00:00,284.182
4631,US_CPI,2022-03-01,2022-04-12 00:00:00,287.708
4632,US_CPI,2022-04-01,2022-05-11 00:00:00,288.663
4633,US_CPI,2022-05-01,2022-06-10 00:00:00,291.474
4634,US_CPI,2022-06-01,2022-07-13 00:00:00,295.328
4635,US_CPI,2022-07-01,2022-08-10 00:00:00,295.271
4636,US_CPI,2022-08-01,2022-09-13 00:00:00,295.62
4637,US_CPI,2022-09-01,2022-10-13 00:00:00,296.761
4638,US_CPI,2022-10-01,2022-11-10 00:00:00,298.062
4639,US_CPI,2022-11-01,2022-12-13 00:00:00,298.349
4640,US_CPI,2022-12-01,2023-01-12 00:00:00,298.112
4641,US_CPI,2023-01-01,2023-02-14 00:00:00,300.536
4642,US_CPI,2023-02-01,2023-03-14 00:00:00,301.648
4643,US_CPI,2023-03-01,2023-04-12 00:00:00,301.808
4644,US_CPI,2023-04-01,2023-05-10 00:00:00,302.918
4645,US_CPI,2023-05-01,2023-06-13 00:00:00,303.294
4646,US_CPI,2023-06-01,2023-07-12 00:00:00,303.841
4647,US_CPI,2023-07-01,2023-08-10 00:00:00,304.348
4648,US_CPI,2023-08-01,2023-09-13 00:00:00,306.269
4649,US_CPI,2023-09-01,2023-10-12 00:00:00,307.481
4650,US_CPI,2023-10-01,2023-11-14 00:00:00,307.619
4651,US_CPI,2023-11-01,2023-12-12 00:00:00,307.917
4652,US_CPI,2023-12-01,2024-01-11 00:00:00,308.85
4653,US_CPI,2024-01-01,2024-02-13 00:00:00,309.685
4654,US_CPI,2024-02-01,2024-03-12 00:00:00,311.054
4655,US_CPI,2024-03-01,2024-04-10 00:00:00,312.23
4656,US_CPI,2024-04-01,2024-05-15 00:00:00,313.207
4657,US_CPI,2024-05-01,2024-06-12 00:00:00,313.225
4658,US_CPI,2024-06-01,2024-07-11 00:00:00,313.049
4659,US_CPI,2024-07-01,2024-08-14 00:00:00,313.534
4660,US_CPI,2024-08-01,2024-09-11 00:00:00,314.121
4661,US_CPI,2024-09-01,2024-10-10 00:00:00,314.686
4662,US_CPI,2024-10-01,2024-11-13 00:00:00,315.454
4663,US_CPI,2024-11-01,2024-12-11 00:00:00,316.441
4664,US_CPI,2024-12-01,2025-01-15 00:00:00,317.685
4665,US_CPI,2025-01-01,2025-02-12 00:00:00,319.086
4666,US_CPI,2025-02-01,2025-03-12 00:00:00,319.775
4667,US_CPI,2025-03-01,2025-04-10 00:00:00,319.615
4668,US_CPI,2025-04-01,2025-05-13 00:00:00,320.321
4669,US_CPI,2025-05-01,2025-06-11 00:00:00,320.58
4670,US_CPI,2025-06-01,2025-07-15 00:00:00,321.5
4671,US_CPI,2025-07-01,2025-08-12 00:00:00,322.132
4672,US_CPI,2025-08-01,2025-09-11 00:00:00,323.364
4673,US_CPI,2025-09-01,2025-10-24 00:00:00,324.368
4674,US_CPI,2025-11-01,2025-12-18 00:00:00,325.031
4675,US_CPI,2025-12-01,2026-01-13 00:00:00,326.03
4676,US_CPI,2026-01-01,2026-02-13 00:00:00,326.588
4677,US_CPI,2026-02-01,2026-03-11 00:00:00,327.46
4678,US_CPI,2026-03-01,2026-04-10 00:00:00,330.293
4679,US_CPI,2026-04-01,2026-05-12 00:00:00,332.407
4680,US_CORE_CPI,2022-01-01,2022-02-10 00:00:00,286.431
4681,US_CORE_CPI,2022-02-01,2022-03-10 00:00:00,287.878
4682,US_CORE_CPI,2022-03-01,2022-04-12 00:00:00,288.811
4683,US_CORE_CPI,2022-04-01,2022-05-11 00:00:00,290.455
4684,US_CORE_CPI,2022-05-01,2022-06-10 00:00:00,292.289
4685,US_CORE_CPI,2022-06-01,2022-07-13 00:00:00,294.354
4686,US_CORE_CPI,2022-07-01,2022-08-10 00:00:00,295.275
4687,US_CORE_CPI,2022-08-01,2022-09-13 00:00:00,296.95
4688,US_CORE_CPI,2022-09-01,2022-10-13 00:00:00,298.66
4689,US_CORE_CPI,2022-10-01,2022-11-10 00:00:00,299.471
4690,US_CORE_CPI,2022-11-01,2022-12-13 00:00:00,300.066
4691,US_CORE_CPI,2022-12-01,2023-01-12 00:00:00,300.974
4692,US_CORE_CPI,2023-01-01,2023-02-14 00:00:00,302.702
4693,US_CORE_CPI,2023-02-01,2023-03-14 00:00:00,304.07
4694,US_CORE_CPI,2023-03-01,2023-04-12 00:00:00,305.24
4695,US_CORE_CPI,2023-04-01,2023-05-10 00:00:00,306.489
4696,US_CORE_CPI,2023-05-01,2023-06-13 00:00:00,307.824
4697,US_CORE_CPI,2023-06-01,2023-07-12 00:00:00,308.309
4698,US_CORE_CPI,2023-07-01,2023-08-10 00:00:00,308.801
4699,US_CORE_CPI,2023-08-01,2023-09-13 00:00:00,309.661
4700,US_CORE_CPI,2023-09-01,2023-10-12 00:00:00,310.661
4701,US_CORE_CPI,2023-10-01,2023-11-14 00:00:00,311.365
4702,US_CORE_CPI,2023-11-01,2023-12-12 00:00:00,312.251
4703,US_CORE_CPI,2023-12-01,2024-01-11 00:00:00,313.216
4704,US_CORE_CPI,2024-01-01,2024-02-13 00:00:00,314.438
4705,US_CORE_CPI,2024-02-01,2024-03-12 00:00:00,315.565
4706,US_CORE_CPI,2024-03-01,2024-04-10 00:00:00,316.698
4707,US_CORE_CPI,2024-04-01,2024-05-15 00:00:00,317.622
4708,US_CORE_CPI,2024-05-01,2024-06-12 00:00:00,318.14
4709,US_CORE_CPI,2024-06-01,2024-07-11 00:00:00,318.346
4710,US_CORE_CPI,2024-07-01,2024-08-14 00:00:00,318.872
4711,US_CORE_CPI,2024-08-01,2024-09-11 00:00:00,319.768
4712,US_CORE_CPI,2024-09-01,2024-10-10 00:00:00,320.767
4713,US_CORE_CPI,2024-10-01,2024-11-13 00:00:00,321.666
4714,US_CORE_CPI,2024-11-01,2024-12-11 00:00:00,322.657
4715,US_CORE_CPI,2024-12-01,2025-01-15 00:00:00,323.383
4716,US_CORE_CPI,2025-01-01,2025-02-12 00:00:00,324.739
4717,US_CORE_CPI,2025-02-01,2025-03-12 00:00:00,325.475
4718,US_CORE_CPI,2025-03-01,2025-04-10 00:00:00,325.659
4719,US_CORE_CPI,2025-04-01,2025-05-13 00:00:00,326.43
4720,US_CORE_CPI,2025-05-01,2025-06-11 00:00:00,326.854
4721,US_CORE_CPI,2025-06-01,2025-07-15 00:00:00,327.6
4722,US_CORE_CPI,2025-07-01,2025-08-12 00:00:00,328.656
4723,US_CORE_CPI,2025-08-01,2025-09-11 00:00:00,329.793
4724,US_CORE_CPI,2025-09-01,2025-10-24 00:00:00,330.542
4725,US_CORE_CPI,2025-11-01,2025-12-18 00:00:00,331.068
4726,US_CORE_CPI,2025-12-01,2026-01-13 00:00:00,331.86
4727,US_CORE_CPI,2026-01-01,2026-02-13 00:00:00,332.793
4728,US_CORE_CPI,2026-02-01,2026-03-11 00:00:00,333.512
4729,US_CORE_CPI,2026-03-01,2026-04-10 00:00:00,334.165
4730,US_CORE_CPI,2026-04-01,2026-05-12 00:00:00,335.423
4731,US_UNEMPLOYMENT,2022-01-01,2022-02-04 00:00:00,4
4732,US_UNEMPLOYMENT,2022-02-01,2022-03-04 00:00:00,3.8
4733,US_UNEMPLOYMENT,2022-03-01,2022-04-01 00:00:00,3.6
4734,US_UNEMPLOYMENT,2022-04-01,2022-05-06 00:00:00,3.6
4735,US_UNEMPLOYMENT,2022-05-01,2022-06-03 00:00:00,3.6
4736,US_UNEMPLOYMENT,2022-06-01,2022-07-08 00:00:00,3.6
4737,US_UNEMPLOYMENT,2022-07-01,2022-08-05 00:00:00,3.5
4738,US_UNEMPLOYMENT,2022-08-01,2022-09-02 00:00:00,3.7
4739,US_UNEMPLOYMENT,2022-09-01,2022-10-07 00:00:00,3.5
4740,US_UNEMPLOYMENT,2022-10-01,2022-11-04 00:00:00,3.7
4741,US_UNEMPLOYMENT,2022-11-01,2022-12-02 00:00:00,3.7
4742,US_UNEMPLOYMENT,2022-12-01,2023-01-06 00:00:00,3.5
4743,US_UNEMPLOYMENT,2023-01-01,2023-02-03 00:00:00,3.4
4744,US_UNEMPLOYMENT,2023-02-01,2023-03-10 00:00:00,3.6
4745,US_UNEMPLOYMENT,2023-03-01,2023-04-07 00:00:00,3.5
4746,US_UNEMPLOYMENT,2023-04-01,2023-05-05 00:00:00,3.4
4747,US_UNEMPLOYMENT,2023-05-01,2023-06-02 00:00:00,3.7
4748,US_UNEMPLOYMENT,2023-06-01,2023-07-07 00:00:00,3.6
4749,US_UNEMPLOYMENT,2023-07-01,2023-08-04 00:00:00,3.5
4750,US_UNEMPLOYMENT,2023-08-01,2023-09-01 00:00:00,3.8
4751,US_UNEMPLOYMENT,2023-09-01,2023-10-06 00:00:00,3.8
4752,US_UNEMPLOYMENT,2023-10-01,2023-11-03 00:00:00,3.9
4753,US_UNEMPLOYMENT,2023-11-01,2023-12-08 00:00:00,3.7
4754,US_UNEMPLOYMENT,2023-12-01,2024-01-05 00:00:00,3.7
4755,US_UNEMPLOYMENT,2024-01-01,2024-02-02 00:00:00,3.7
4756,US_UNEMPLOYMENT,2024-02-01,2024-03-08 00:00:00,3.9
4757,US_UNEMPLOYMENT,2024-03-01,2024-04-05 00:00:00,3.8
4758,US_UNEMPLOYMENT,2024-04-01,2024-05-03 00:00:00,3.9
4759,US_UNEMPLOYMENT,2024-05-01,2024-06-07 00:00:00,4
4760,US_UNEMPLOYMENT,2024-06-01,2024-07-05 00:00:00,4.1
4761,US_UNEMPLOYMENT,2024-07-01,2024-08-02 00:00:00,4.3
4762,US_UNEMPLOYMENT,2024-08-01,2024-09-06 00:00:00,4.2
4763,US_UNEMPLOYMENT,2024-09-01,2024-10-04 00:00:00,4.1
4764,US_UNEMPLOYMENT,2024-10-01,2024-11-01 00:00:00,4.1
4765,US_UNEMPLOYMENT,2024-11-01,2024-12-06 00:00:00,4.2
4766,US_UNEMPLOYMENT,2024-12-01,2025-01-10 00:00:00,4.1
4767,US_UNEMPLOYMENT,2025-01-01,2025-02-07 00:00:00,4
4768,US_UNEMPLOYMENT,2025-02-01,2025-03-07 00:00:00,4.1
4769,US_UNEMPLOYMENT,2025-03-01,2025-04-04 00:00:00,4.2
4770,US_UNEMPLOYMENT,2025-04-01,2025-05-02 00:00:00,4.2
4771,US_UNEMPLOYMENT,2025-05-01,2025-06-06 00:00:00,4.2
4772,US_UNEMPLOYMENT,2025-06-01,2025-07-03 00:00:00,4.1
4773,US_UNEMPLOYMENT,2025-07-01,2025-08-01 00:00:00,4.2
4774,US_UNEMPLOYMENT,2025-08-01,2025-09-05 00:00:00,4.3
4775,US_UNEMPLOYMENT,2025-09-01,2025-11-20 00:00:00,4.4
4776,US_UNEMPLOYMENT,2025-11-01,2025-12-16 00:00:00,4.6
4777,US_UNEMPLOYMENT,2025-12-01,2026-01-09 00:00:00,4.4
4778,US_UNEMPLOYMENT,2026-01-01,2026-02-11 00:00:00,4.3
4779,US_UNEMPLOYMENT,2026-02-01,2026-03-06 00:00:00,4.4
4780,US_UNEMPLOYMENT,2026-03-01,2026-04-03 00:00:00,4.3
4781,US_UNEMPLOYMENT,2026-04-01,2026-05-08 00:00:00,4.3
4782,US_UNEMPLOYMENT,2026-05-01,2026-06-05 00:00:00,4.3
4783,US_RETAIL_SALES,2022-01-01,2022-02-16 00:00:00,649776
4784,US_RETAIL_SALES,2022-02-01,2022-03-16 00:00:00,658128
4785,US_RETAIL_SALES,2022-03-01,2022-04-14 00:00:00,665726
4786,US_RETAIL_SALES,2022-04-01,2022-05-17 00:00:00,677711
4787,US_RETAIL_SALES,2022-05-01,2022-06-15 00:00:00,672874
4788,US_RETAIL_SALES,2022-06-01,2022-07-15 00:00:00,680591
4789,US_RETAIL_SALES,2022-07-01,2022-08-17 00:00:00,682815
4790,US_RETAIL_SALES,2022-08-01,2022-09-15 00:00:00,683291
4791,US_RETAIL_SALES,2022-09-01,2022-10-14 00:00:00,683974
4792,US_RETAIL_SALES,2022-10-01,2022-11-16 00:00:00,694518
4793,US_RETAIL_SALES,2022-11-01,2022-12-15 00:00:00,689443
4794,US_RETAIL_SALES,2022-12-01,2023-01-18 00:00:00,677136
4795,US_RETAIL_SALES,2023-01-01,2023-02-15 00:00:00,696982
4796,US_RETAIL_SALES,2023-02-01,2023-03-15 00:00:00,697876
4797,US_RETAIL_SALES,2023-03-01,2023-04-14 00:00:00,691671
4798,US_RETAIL_SALES,2023-04-01,2023-05-16 00:00:00,686052
4799,US_RETAIL_SALES,2023-05-01,2023-06-15 00:00:00,686573
4800,US_RETAIL_SALES,2023-06-01,2023-07-18 00:00:00,689499
4801,US_RETAIL_SALES,2023-07-01,2023-08-15 00:00:00,696354
4802,US_RETAIL_SALES,2023-08-01,2023-09-14 00:00:00,697557
4803,US_RETAIL_SALES,2023-09-01,2023-10-17 00:00:00,704881
4804,US_RETAIL_SALES,2023-10-01,2023-11-15 00:00:00,704954
4805,US_RETAIL_SALES,2023-11-01,2023-12-14 00:00:00,705692
4806,US_RETAIL_SALES,2023-12-01,2024-01-17 00:00:00,709890
4807,US_RETAIL_SALES,2024-01-01,2024-02-15 00:00:00,700291
4808,US_RETAIL_SALES,2024-02-01,2024-03-14 00:00:00,700727
4809,US_RETAIL_SALES,2024-03-01,2024-04-15 00:00:00,709590
4810,US_RETAIL_SALES,2024-04-01,2024-05-15 00:00:00,705180
4811,US_RETAIL_SALES,2024-05-01,2024-06-18 00:00:00,703088
4812,US_RETAIL_SALES,2024-06-01,2024-07-16 00:00:00,704324
4813,US_RETAIL_SALES,2024-07-01,2024-08-15 00:00:00,709668
4814,US_RETAIL_SALES,2024-08-01,2024-09-17 00:00:00,710773
4815,US_RETAIL_SALES,2024-09-01,2024-10-17 00:00:00,714358
4816,US_RETAIL_SALES,2024-10-01,2024-11-15 00:00:00,718867
4817,US_RETAIL_SALES,2024-11-01,2024-12-17 00:00:00,724609
4818,US_RETAIL_SALES,2024-12-01,2025-01-16 00:00:00,729191
4819,US_RETAIL_SALES,2025-01-01,2025-02-14 00:00:00,723853
4820,US_RETAIL_SALES,2025-02-01,2025-03-17 00:00:00,722708
4821,US_RETAIL_SALES,2025-03-01,2025-04-16 00:00:00,734870
4822,US_RETAIL_SALES,2025-04-01,2025-05-15 00:00:00,724131
4823,US_RETAIL_SALES,2025-05-01,2025-06-17 00:00:00,715417
4824,US_RETAIL_SALES,2025-06-01,2025-07-17 00:00:00,720106
4825,US_RETAIL_SALES,2025-07-01,2025-08-15 00:00:00,726283
4826,US_RETAIL_SALES,2025-08-01,2025-09-16 00:00:00,732010
4827,US_RETAIL_SALES,2025-09-01,2025-11-25 00:00:00,733258
4828,US_RETAIL_SALES,2025-10-01,2025-12-16 00:00:00,732633
4829,US_RETAIL_SALES,2025-11-01,2026-01-14 00:00:00,735904
4830,US_RETAIL_SALES,2025-12-01,2026-02-10 00:00:00,734967
4831,US_RETAIL_SALES,2026-01-01,2026-03-06 00:00:00,733537
4832,US_RETAIL_SALES,2026-02-01,2026-04-01 00:00:00,738366
4833,US_RETAIL_SALES,2026-03-01,2026-04-21 00:00:00,752063
4834,US_RETAIL_SALES,2026-04-01,2026-05-14 00:00:00,757085
4835,EU_CPI,2022-01-01,2022-02-23 00:00:00,110.7
4836,EU_CPI,2022-02-01,2022-03-17 00:00:00,111.74
4837,EU_CPI,2022-03-01,2022-04-21 00:00:00,114.46
4838,EU_CPI,2022-04-01,2022-05-18 00:00:00,115.11
4839,EU_CPI,2022-05-01,2022-06-17 00:00:00,116.07
4840,EU_CPI,2022-06-01,2022-07-19 00:00:00,117.01
4841,EU_CPI,2022-07-01,2022-08-18 00:00:00,117.14
4842,EU_CPI,2022-08-01,2022-09-16 00:00:00,117.85
4843,EU_CPI,2022-09-01,2022-10-19 00:00:00,119.26
4844,EU_CPI,2022-10-01,2022-11-17 00:00:00,121.03
4845,EU_CPI,2022-11-01,2022-12-16 00:00:00,120.95
4846,EU_CPI,2022-12-01,2023-01-18 00:00:00,120.52
4847,EU_CPI,2023-01-01,2023-02-23 00:00:00,120.26
4848,EU_CPI,2023-02-01,2023-03-17 00:00:00,121.24
4849,EU_CPI,2023-03-01,2023-04-19 00:00:00,122.34
4850,EU_CPI,2023-04-01,2023-05-17 00:00:00,123.12
4851,EU_CPI,2023-05-01,2023-06-16 00:00:00,123.14
4852,EU_CPI,2023-06-01,2023-07-19 00:00:00,123.45
4853,EU_CPI,2023-07-01,2023-08-18 00:00:00,123.32
4854,EU_CPI,2023-08-01,2023-09-19 00:00:00,124
4855,EU_CPI,2023-09-01,2023-10-18 00:00:00,124.4
4856,EU_CPI,2023-10-01,2023-11-17 00:00:00,124.51
4857,EU_CPI,2023-11-01,2023-12-19 00:00:00,123.82
4858,EU_CPI,2023-12-01,2024-01-17 00:00:00,124.02
4859,EU_CPI,2024-01-01,2024-02-22 00:00:00,123.58
4860,EU_CPI,2024-02-01,2024-03-18 00:00:00,124.36
4861,EU_CPI,2024-03-01,2024-04-17 00:00:00,125.29
4862,EU_CPI,2024-04-01,2024-05-17 00:00:00,126.01
4863,EU_CPI,2024-05-01,2024-06-18 00:00:00,126.28
4864,EU_CPI,2024-06-01,2024-07-17 00:00:00,126.55
4865,EU_CPI,2024-07-01,2024-08-20 00:00:00,126.5
4866,EU_CPI,2024-08-01,2024-09-18 00:00:00,126.67
4867,EU_CPI,2024-09-01,2024-10-17 00:00:00,126.56
4868,EU_CPI,2024-10-01,2024-11-19 00:00:00,126.99
4869,EU_CPI,2024-11-01,2024-12-18 00:00:00,126.58
4870,EU_CPI,2024-12-01,2025-01-17 00:00:00,127.03
4871,EU_CPI,2025-01-01,2025-02-24 00:00:00,126.67
4872,EU_CPI,2025-02-01,2025-03-19 00:00:00,127.22
4873,EU_CPI,2025-03-01,2025-04-16 00:00:00,127.99
4874,EU_CPI,2025-04-01,2025-05-19 00:00:00,128.72
4875,EU_CPI,2025-05-01,2025-06-18 00:00:00,128.65
4876,EU_CPI,2025-06-01,2025-07-17 00:00:00,129.04
4877,EU_CPI,2025-07-01,2025-08-20 00:00:00,129.04
4878,EU_CPI,2025-08-01,2025-09-17 00:00:00,129.24
4879,EU_CPI,2025-09-01,2025-10-17 00:00:00,129.37
4880,EU_CPI,2025-10-01,2025-11-19 00:00:00,129.63
4881,EU_CPI,2025-11-01,2025-12-17 00:00:00,129.26
4882,EU_CPI,2025-12-01,2026-01-19 00:00:00,129.47
4883,EU_CPI,2026-01-01,2026-04-16 00:00:00,100.04
4884,EU_CPI,2026-02-01,2026-04-16 00:00:00,100.7
4885,EU_CPI,2026-03-01,2026-04-16 00:00:00,101.98
4886,EU_CPI,2026-04-01,2026-05-20 00:00:00,103.02
4887,UK_CPI,2022-01-01,2022-03-10 00:00:00,114.6
4888,UK_CPI,2022-02-01,2022-04-14 00:00:00,115.4
4889,UK_CPI,2022-03-01,2022-05-11 00:00:00,116.5
4890,UK_CPI,2022-04-01,2022-06-14 00:00:00,119
4891,UK_CPI,2022-05-01,2022-07-13 00:00:00,119.7
4892,UK_CPI,2022-06-01,2022-08-10 00:00:00,120.5
4893,UK_CPI,2022-07-01,2022-09-14 00:00:00,121.2
4894,UK_CPI,2022-08-01,2022-11-11 00:00:00,121.8
4895,UK_CPI,2022-09-01,2022-11-11 00:00:00,122.3
4896,UK_CPI,2022-10-01,2022-12-10 00:00:00,124.3
4897,UK_CPI,2022-11-01,2023-01-11 00:00:00,124.8
4898,UK_CPI,2022-12-01,2023-02-13 00:00:00,125.3
4899,UK_CPI,2023-01-01,2023-03-09 00:00:00,124.8
4900,UK_CPI,2023-02-01,2023-04-07 00:00:00,126
4901,UK_CPI,2023-03-01,2023-05-10 00:00:00,126.8
4902,UK_CPI,2023-04-01,2023-06-13 00:00:00,128.3
4903,UK_CPI,2023-05-01,2023-07-07 00:00:00,129.1
4904,UK_CPI,2023-06-01,2023-08-10 00:00:00,129.4
4905,UK_CPI,2023-07-01,2023-09-09 00:00:00,129
4906,UK_CPI,2023-08-01,2023-10-07 00:00:00,129.4
4907,UK_CPI,2023-09-01,2023-11-10 00:00:00,130.1
4908,UK_CPI,2023-10-01,2023-12-09 00:00:00,130.2
4909,UK_CPI,2023-11-01,2024-01-11 00:00:00,130
4910,UK_CPI,2023-12-01,2024-05-15 00:00:00,130.5
4911,UK_CPI,2024-01-01,2024-05-15 00:00:00,130
4912,UK_CPI,2024-02-01,2024-05-15 00:00:00,130.8
4913,UK_CPI,2024-03-01,2024-05-15 00:00:00,131.6
4914,UK_CPI,2024-04-01,2024-06-17 00:00:00,132.2
4915,UK_CPI,2024-05-01,2024-07-15 00:00:00,132.7
4916,UK_CPI,2024-06-01,2024-08-15 00:00:00,133
4917,UK_CPI,2024-07-01,2024-09-16 00:00:00,132.9
4918,UK_CPI,2024-08-01,2024-10-15 00:00:00,133.4
4919,UK_CPI,2024-09-01,2024-11-15 00:00:00,133.5
4920,UK_CPI,2024-10-01,2024-12-16 00:00:00,134.3
4921,UK_CPI,2024-11-01,2025-01-15 00:00:00,134.6
4922,UK_CPI,2024-12-01,2025-02-17 00:00:00,135.1
4923,UK_CPI,2025-01-01,2025-03-17 00:00:00,135.1
4924,UK_CPI,2025-02-01,2025-04-15 00:00:00,135.6
4925,UK_CPI,2025-03-01,2025-05-15 00:00:00,136.1
7533,US_10Y_YIELD,2026-05-01,2026-06-15 00:00:00,4.48
7562,DE_10Y_YIELD,2026-05-01,2026-06-15 00:00:00,3.0465
7591,GB_10Y_YIELD,2026-05-01,2026-06-15 00:00:00,4.9416
7620,JP_10Y_YIELD,2026-05-01,2026-06-15 00:00:00,2.65
7649,AU_10Y_YIELD,2026-05-01,2026-06-15 00:00:00,4.99
7678,NZ_10Y_YIELD,2026-05-01,2026-06-15 00:00:00,4.68
7707,CA_10Y_YIELD,2026-05-01,2026-06-15 00:00:00,3.5415
7736,CH_10Y_YIELD,2026-05-01,2026-06-15 00:00:00,0.44
7765,US_POLICY_RATE,2026-05-01,2026-06-15 00:00:00,3.628
7794,DE_POLICY_RATE,2026-05-01,2026-06-15 00:00:00,1.9305685
7823,GB_POLICY_RATE,2026-05-01,2026-06-15 00:00:00,3.7296
7852,JP_POLICY_RATE,2026-05-01,2026-06-15 00:00:00,0.727
7881,AU_POLICY_RATE,2026-05-01,2026-06-15 00:00:00,4.31
7922,CA_POLICY_RATE,2026-05-01,2026-06-15 00:00:00,2.24
8523,US_10Y_DAILY,2026-06-05,2026-06-06 00:00:00,4.55
8524,US_10Y_DAILY,2026-06-08,2026-06-09 00:00:00,4.56
8525,US_10Y_DAILY,2026-06-09,2026-06-10 00:00:00,4.53
8526,US_10Y_DAILY,2026-06-10,2026-06-11 00:00:00,4.55
8527,US_10Y_DAILY,2026-06-11,2026-06-12 00:00:00,4.45
8528,US_10Y_DAILY,2026-06-12,2026-06-13 00:00:00,4.48
8529,US_10Y_DAILY,2026-06-15,2026-06-16 00:00:00,4.47
8530,US_10Y_DAILY,2026-06-16,2026-06-17 00:00:00,4.43
8531,US_10Y_DAILY,2026-06-17,2026-06-18 00:00:00,4.49
8532,US_10Y_DAILY,2026-06-18,2026-06-19 00:00:00,4.46
8533,US_10Y_DAILY,2026-06-22,2026-06-23 00:00:00,4.51
8534,US_10Y_DAILY,2026-06-23,2026-06-24 00:00:00,4.5
8535,US_10Y_DAILY,2026-06-24,2026-06-25 00:00:00,4.41
8536,US_10Y_DAILY,2026-06-25,2026-06-26 00:00:00,4.4
8537,US_10Y_DAILY,2026-06-26,2026-06-27 00:00:00,4.38
8538,US_10Y_DAILY,2026-06-29,2026-06-30 00:00:00,4.38
9136,US_2Y_DAILY,2026-06-05,2026-06-06 00:00:00,4.17
9137,US_2Y_DAILY,2026-06-08,2026-06-09 00:00:00,4.15
9138,US_2Y_DAILY,2026-06-09,2026-06-10 00:00:00,4.13
9139,US_2Y_DAILY,2026-06-10,2026-06-11 00:00:00,4.13
9140,US_2Y_DAILY,2026-06-11,2026-06-12 00:00:00,4.05
9141,US_2Y_DAILY,2026-06-12,2026-06-13 00:00:00,4.09
9142,US_2Y_DAILY,2026-06-15,2026-06-16 00:00:00,4.07
9143,US_2Y_DAILY,2026-06-16,2026-06-17 00:00:00,4.05
9144,US_2Y_DAILY,2026-06-17,2026-06-18 00:00:00,4.2
9145,US_2Y_DAILY,2026-06-18,2026-06-19 00:00:00,4.19
9146,US_2Y_DAILY,2026-06-22,2026-06-23 00:00:00,4.24
9147,US_2Y_DAILY,2026-06-23,2026-06-24 00:00:00,4.16
9148,US_2Y_DAILY,2026-06-24,2026-06-25 00:00:00,4.11
9149,US_2Y_DAILY,2026-06-25,2026-06-26 00:00:00,4.09
9150,US_2Y_DAILY,2026-06-26,2026-06-27 00:00:00,4.07
9151,US_2Y_DAILY,2026-06-29,2026-06-30 00:00:00,4.1
9769,VIX,2026-06-05,2026-06-06 00:00:00,21.51
9770,VIX,2026-06-08,2026-06-09 00:00:00,18.92
9771,VIX,2026-06-09,2026-06-10 00:00:00,19.87
9772,VIX,2026-06-10,2026-06-11 00:00:00,22.22
9773,VIX,2026-06-11,2026-06-12 00:00:00,19.44
9774,VIX,2026-06-12,2026-06-13 00:00:00,17.68
9775,VIX,2026-06-15,2026-06-16 00:00:00,16.2
9776,VIX,2026-06-16,2026-06-17 00:00:00,16.41
9777,VIX,2026-06-17,2026-06-18 00:00:00,18.44
9778,VIX,2026-06-18,2026-06-19 00:00:00,16.4
9779,VIX,2026-06-19,2026-06-20 00:00:00,16.78
9780,VIX,2026-06-22,2026-06-23 00:00:00,17.28
9781,VIX,2026-06-23,2026-06-24 00:00:00,19.49
9782,VIX,2026-06-24,2026-06-25 00:00:00,18.63
9783,VIX,2026-06-25,2026-06-26 00:00:00,18.89
9784,VIX,2026-06-26,2026-06-27 00:00:00,18.41
9785,VIX,2026-06-29,2026-06-30 00:00:00,17.65
9787,US_CPI,2022-01-01,2023-02-10 00:00:00,282.599
9788,US_CPI,2022-01-01,2024-02-09 00:00:00,282.39
9789,US_CPI,2022-01-01,2025-02-12 00:00:00,282.542
9790,US_CPI,2022-01-01,2026-02-13 00:00:00,282.543
9792,US_CPI,2022-02-01,2023-02-10 00:00:00,284.61
9793,US_CPI,2022-02-01,2024-02-09 00:00:00,284.535
9794,US_CPI,2022-02-01,2025-02-12 00:00:00,284.525
9795,US_CPI,2022-02-01,2026-02-13 00:00:00,284.5
9797,US_CPI,2022-03-01,2023-02-10 00:00:00,287.472
9798,US_CPI,2022-03-01,2024-02-09 00:00:00,287.553
9799,US_CPI,2022-03-01,2025-02-12 00:00:00,287.467
9800,US_CPI,2022-03-01,2026-02-13 00:00:00,287.674
9802,US_CPI,2022-04-01,2023-02-10 00:00:00,288.611
9803,US_CPI,2022-04-01,2024-02-09 00:00:00,288.764
9804,US_CPI,2022-04-01,2025-02-12 00:00:00,288.582
9805,US_CPI,2022-04-01,2026-02-13 00:00:00,288.561
9807,US_CPI,2022-05-01,2023-02-10 00:00:00,291.268
9808,US_CPI,2022-05-01,2024-02-09 00:00:00,291.359
9809,US_CPI,2022-05-01,2025-02-12 00:00:00,291.299
9810,US_CPI,2022-05-01,2026-02-13 00:00:00,291.298
9812,US_CPI,2022-06-01,2023-02-10 00:00:00,294.728
9813,US_CPI,2022-06-01,2024-02-09 00:00:00,294.996
9814,US_CPI,2022-06-01,2025-02-12 00:00:00,295.072
9815,US_CPI,2022-06-01,2026-02-13 00:00:00,294.957
9817,US_CPI,2022-07-01,2023-02-10 00:00:00,294.628
9818,US_CPI,2022-07-01,2024-02-09 00:00:00,294.977
9819,US_CPI,2022-07-01,2025-02-12 00:00:00,294.94
9820,US_CPI,2022-07-01,2026-02-13 00:00:00,294.913
9822,US_CPI,2022-08-01,2023-02-10 00:00:00,295.32
9823,US_CPI,2022-08-01,2024-02-09 00:00:00,295.209
9824,US_CPI,2022-08-01,2025-02-12 00:00:00,295.162
9825,US_CPI,2022-08-01,2026-02-13 00:00:00,295.097
9827,US_CPI,2022-09-01,2023-02-10 00:00:00,296.539
9828,US_CPI,2022-09-01,2024-02-09 00:00:00,296.341
9829,US_CPI,2022-09-01,2025-02-12 00:00:00,296.421
9830,US_CPI,2022-09-01,2026-02-13 00:00:00,296.349
9832,US_CPI,2022-10-01,2023-02-10 00:00:00,297.987
9833,US_CPI,2022-10-01,2024-02-09 00:00:00,297.863
9834,US_CPI,2022-10-01,2025-02-12 00:00:00,297.979
9835,US_CPI,2022-10-01,2026-02-13 00:00:00,298.007
9837,US_CPI,2022-11-01,2023-02-10 00:00:00,298.598
9838,US_CPI,2022-11-01,2024-02-09 00:00:00,298.648
9839,US_CPI,2022-11-01,2025-02-12 00:00:00,298.708
9840,US_CPI,2022-11-01,2026-02-13 00:00:00,298.786
9842,US_CPI,2022-12-01,2023-02-10 00:00:00,298.99
9843,US_CPI,2022-12-01,2024-02-09 00:00:00,298.812
9844,US_CPI,2022-12-01,2025-02-12 00:00:00,298.808
9845,US_CPI,2022-12-01,2026-02-13 00:00:00,298.832
9847,US_CPI,2023-01-01,2024-02-09 00:00:00,300.356
9848,US_CPI,2023-01-01,2025-02-12 00:00:00,300.456
9849,US_CPI,2023-01-01,2026-02-13 00:00:00,300.42
9851,US_CPI,2023-02-01,2024-02-09 00:00:00,301.509
9852,US_CPI,2023-02-01,2025-02-12 00:00:00,301.476
9853,US_CPI,2023-02-01,2026-02-13 00:00:00,301.45
9855,US_CPI,2023-03-01,2024-02-09 00:00:00,301.744
9856,US_CPI,2023-03-01,2025-02-12 00:00:00,301.643
9857,US_CPI,2023-03-01,2026-02-13 00:00:00,301.821
9859,US_CPI,2023-04-01,2024-02-09 00:00:00,303.032
9860,US_CPI,2023-04-01,2025-02-12 00:00:00,302.858
9861,US_CPI,2023-04-01,2026-02-13 00:00:00,302.845
9863,US_CPI,2023-05-01,2024-02-09 00:00:00,303.365
9864,US_CPI,2023-05-01,2025-02-12 00:00:00,303.316
9865,US_CPI,2023-05-01,2026-02-13 00:00:00,303.334
9867,US_CPI,2023-06-01,2024-02-09 00:00:00,304.003
9868,US_CPI,2023-06-01,2025-02-12 00:00:00,304.099
9869,US_CPI,2023-06-01,2026-02-13 00:00:00,304.014
9871,US_CPI,2023-07-01,2024-02-09 00:00:00,304.628
9872,US_CPI,2023-07-01,2025-02-12 00:00:00,304.615
9873,US_CPI,2023-07-01,2026-02-13 00:00:00,304.609
9875,US_CPI,2023-08-01,2024-02-09 00:00:00,306.187
9876,US_CPI,2023-08-01,2025-02-12 00:00:00,306.138
9877,US_CPI,2023-08-01,2026-02-13 00:00:00,306.082
9879,US_CPI,2023-09-01,2024-02-09 00:00:00,307.288
9880,US_CPI,2023-09-01,2025-02-12 00:00:00,307.374
9881,US_CPI,2023-09-01,2026-02-13 00:00:00,307.276
9883,US_CPI,2023-10-01,2024-02-09 00:00:00,307.531
9884,US_CPI,2023-10-01,2025-02-12 00:00:00,307.653
9885,US_CPI,2023-10-01,2026-02-13 00:00:00,307.696
9887,US_CPI,2023-11-01,2024-02-09 00:00:00,308.024
9888,US_CPI,2023-11-01,2025-02-12 00:00:00,308.087
9889,US_CPI,2023-11-01,2026-02-13 00:00:00,308.148
9891,US_CPI,2023-12-01,2024-02-09 00:00:00,308.742
9892,US_CPI,2023-12-01,2025-02-12 00:00:00,308.735
9893,US_CPI,2023-12-01,2026-02-13 00:00:00,308.741
9895,US_CPI,2024-01-01,2025-02-12 00:00:00,309.794
9896,US_CPI,2024-01-01,2026-02-13 00:00:00,309.698
9898,US_CPI,2024-02-01,2025-02-12 00:00:00,311.022
9899,US_CPI,2024-02-01,2026-02-13 00:00:00,310.967
9901,US_CPI,2024-03-01,2025-02-12 00:00:00,312.107
9902,US_CPI,2024-03-01,2026-02-13 00:00:00,312.345
9904,US_CPI,2024-04-01,2025-02-12 00:00:00,313.016
9905,US_CPI,2024-04-01,2026-02-13 00:00:00,313.023
9907,US_CPI,2024-05-01,2025-02-12 00:00:00,313.14
9908,US_CPI,2024-05-01,2026-02-13 00:00:00,313.175
9910,US_CPI,2024-06-01,2025-02-12 00:00:00,313.131
9911,US_CPI,2024-06-01,2026-02-13 00:00:00,313.044
9913,US_CPI,2024-07-01,2025-02-12 00:00:00,313.566
9914,US_CPI,2024-07-01,2026-02-13 00:00:00,313.569
9916,US_CPI,2024-08-01,2025-02-12 00:00:00,314.131
9917,US_CPI,2024-08-01,2026-02-13 00:00:00,314.062
9919,US_CPI,2024-09-01,2025-02-12 00:00:00,314.851
9920,US_CPI,2024-09-01,2026-02-13 00:00:00,314.732
9922,US_CPI,2024-10-01,2025-02-12 00:00:00,315.564
9923,US_CPI,2024-10-01,2026-02-13 00:00:00,315.631
9925,US_CPI,2024-11-01,2025-02-12 00:00:00,316.449
9926,US_CPI,2024-11-01,2026-02-13 00:00:00,316.528
9928,US_CPI,2024-12-01,2025-02-12 00:00:00,317.603
9929,US_CPI,2024-12-01,2026-02-13 00:00:00,317.604
9931,US_CPI,2025-01-01,2026-02-13 00:00:00,318.961
9933,US_CPI,2025-02-01,2026-02-13 00:00:00,319.679
9935,US_CPI,2025-03-01,2026-02-13 00:00:00,319.785
9937,US_CPI,2025-04-01,2026-02-13 00:00:00,320.302
9939,US_CPI,2025-05-01,2026-02-13 00:00:00,320.62
9941,US_CPI,2025-06-01,2026-02-13 00:00:00,321.435
9943,US_CPI,2025-07-01,2026-02-13 00:00:00,322.169
9945,US_CPI,2025-08-01,2026-02-13 00:00:00,323.291
9947,US_CPI,2025-09-01,2026-02-13 00:00:00,324.245
9949,US_CPI,2025-11-01,2026-02-13 00:00:00,325.063
9951,US_CPI,2025-12-01,2026-02-13 00:00:00,326.031
9956,US_CPI,2026-05-01,2026-06-10 00:00:00,333.979
9958,US_CORE_CPI,2022-01-01,2023-02-10 00:00:00,286.792
9959,US_CORE_CPI,2022-01-01,2024-02-09 00:00:00,286.811
9960,US_CORE_CPI,2022-01-01,2025-02-12 00:00:00,286.799
9961,US_CORE_CPI,2022-01-01,2026-02-13 00:00:00,286.757
9963,US_CORE_CPI,2022-02-01,2023-02-10 00:00:00,288.147
9964,US_CORE_CPI,2022-02-01,2024-02-09 00:00:00,288.287
9965,US_CORE_CPI,2022-02-01,2025-02-12 00:00:00,288.256
9966,US_CORE_CPI,2022-02-01,2026-02-13 00:00:00,288.273
9968,US_CORE_CPI,2022-03-01,2023-02-10 00:00:00,289.046
9969,US_CORE_CPI,2022-03-01,2024-02-09 00:00:00,289.041
9970,US_CORE_CPI,2022-03-01,2025-02-12 00:00:00,289.044
9971,US_CORE_CPI,2022-03-01,2026-02-13 00:00:00,289.056
9973,US_CORE_CPI,2022-04-01,2023-02-10 00:00:00,290.41
9974,US_CORE_CPI,2022-04-01,2024-02-09 00:00:00,290.515
9975,US_CORE_CPI,2022-04-01,2025-02-12 00:00:00,290.474
9976,US_CORE_CPI,2022-04-01,2026-02-13 00:00:00,290.514
9978,US_CORE_CPI,2022-05-01,2023-02-10 00:00:00,292.251
9979,US_CORE_CPI,2022-05-01,2024-02-09 00:00:00,292.072
9980,US_CORE_CPI,2022-05-01,2025-02-12 00:00:00,292.039
9981,US_CORE_CPI,2022-05-01,2026-02-13 00:00:00,292.063
9983,US_CORE_CPI,2022-06-01,2023-02-10 00:00:00,294.017
9984,US_CORE_CPI,2022-06-01,2024-02-09 00:00:00,293.972
9985,US_CORE_CPI,2022-06-01,2025-02-12 00:00:00,294.009
9986,US_CORE_CPI,2022-06-01,2026-02-13 00:00:00,294.05
9988,US_CORE_CPI,2022-07-01,2023-02-10 00:00:00,294.925
9989,US_CORE_CPI,2022-07-01,2024-02-09 00:00:00,295.055
9990,US_CORE_CPI,2022-07-01,2025-02-12 00:00:00,295.08
9991,US_CORE_CPI,2022-07-01,2026-02-13 00:00:00,295.088
9993,US_CORE_CPI,2022-08-01,2023-02-10 00:00:00,296.639
9994,US_CORE_CPI,2022-08-01,2024-02-09 00:00:00,296.569
9995,US_CORE_CPI,2022-08-01,2025-02-12 00:00:00,296.582
9996,US_CORE_CPI,2022-08-01,2026-02-13 00:00:00,296.535
9998,US_CORE_CPI,2022-09-01,2023-02-10 00:00:00,298.339
9999,US_CORE_CPI,2022-09-01,2024-02-09 00:00:00,298.284
10000,US_CORE_CPI,2022-09-01,2025-02-12 00:00:00,298.281
10001,US_CORE_CPI,2022-09-01,2026-02-13 00:00:00,298.226
10003,US_CORE_CPI,2022-10-01,2023-02-10 00:00:00,299.333
10004,US_CORE_CPI,2022-10-01,2024-02-09 00:00:00,299.351
10005,US_CORE_CPI,2022-10-01,2025-02-12 00:00:00,299.381
10006,US_CORE_CPI,2022-10-01,2026-02-13 00:00:00,299.399
10008,US_CORE_CPI,2022-11-01,2023-02-10 00:00:00,300.261
10009,US_CORE_CPI,2022-11-01,2024-02-09 00:00:00,300.292
10010,US_CORE_CPI,2022-11-01,2025-02-12 00:00:00,300.316
10011,US_CORE_CPI,2022-11-01,2026-02-13 00:00:00,300.325
10013,US_CORE_CPI,2022-12-01,2023-02-10 00:00:00,301.46
10014,US_CORE_CPI,2022-12-01,2024-02-09 00:00:00,301.423
10015,US_CORE_CPI,2022-12-01,2025-02-12 00:00:00,301.433
10016,US_CORE_CPI,2022-12-01,2026-02-13 00:00:00,301.394
10018,US_CORE_CPI,2023-01-01,2024-02-09 00:00:00,302.709
10019,US_CORE_CPI,2023-01-01,2025-02-12 00:00:00,302.685
10020,US_CORE_CPI,2023-01-01,2026-02-13 00:00:00,302.642
10022,US_CORE_CPI,2023-02-01,2024-02-09 00:00:00,304.124
10023,US_CORE_CPI,2023-02-01,2025-02-12 00:00:00,304.097
10024,US_CORE_CPI,2023-02-01,2026-02-13 00:00:00,304.123
10026,US_CORE_CPI,2023-03-01,2024-02-09 00:00:00,305.112
10027,US_CORE_CPI,2023-03-01,2025-02-12 00:00:00,305.123
10028,US_CORE_CPI,2023-03-01,2026-02-13 00:00:00,305.147
10030,US_CORE_CPI,2023-04-01,2024-02-09 00:00:00,306.539
10031,US_CORE_CPI,2023-04-01,2025-02-12 00:00:00,306.49
10032,US_CORE_CPI,2023-04-01,2026-02-13 00:00:00,306.534
10034,US_CORE_CPI,2023-05-01,2024-02-09 00:00:00,307.646
10035,US_CORE_CPI,2023-05-01,2025-02-12 00:00:00,307.623
10036,US_CORE_CPI,2023-05-01,2026-02-13 00:00:00,307.652
10038,US_CORE_CPI,2023-06-01,2024-02-09 00:00:00,308.245
10039,US_CORE_CPI,2023-06-01,2025-02-12 00:00:00,308.291
10040,US_CORE_CPI,2023-06-01,2026-02-13 00:00:00,308.322
10042,US_CORE_CPI,2023-07-01,2024-02-09 00:00:00,308.945
10043,US_CORE_CPI,2023-07-01,2025-02-12 00:00:00,308.959
10044,US_CORE_CPI,2023-07-01,2026-02-13 00:00:00,308.96
10046,US_CORE_CPI,2023-08-01,2024-02-09 00:00:00,309.656
10047,US_CORE_CPI,2023-08-01,2025-02-12 00:00:00,309.646
10048,US_CORE_CPI,2023-08-01,2026-02-13 00:00:00,309.58
10050,US_CORE_CPI,2023-09-01,2024-02-09 00:00:00,310.644
10051,US_CORE_CPI,2023-09-01,2025-02-12 00:00:00,310.616
10052,US_CORE_CPI,2023-09-01,2026-02-13 00:00:00,310.539
10054,US_CORE_CPI,2023-10-01,2024-02-09 00:00:00,311.39
10055,US_CORE_CPI,2023-10-01,2025-02-12 00:00:00,311.433
10056,US_CORE_CPI,2023-10-01,2026-02-13 00:00:00,311.457
10058,US_CORE_CPI,2023-11-01,2024-02-09 00:00:00,312.349
10059,US_CORE_CPI,2023-11-01,2025-02-12 00:00:00,312.373
10060,US_CORE_CPI,2023-11-01,2026-02-13 00:00:00,312.392
10062,US_CORE_CPI,2023-12-01,2024-02-09 00:00:00,313.209
10063,US_CORE_CPI,2023-12-01,2025-02-12 00:00:00,313.23
10064,US_CORE_CPI,2023-12-01,2026-02-13 00:00:00,313.195
10066,US_CORE_CPI,2024-01-01,2025-02-12 00:00:00,314.389
10067,US_CORE_CPI,2024-01-01,2026-02-13 00:00:00,314.319
10069,US_CORE_CPI,2024-02-01,2025-02-12 00:00:00,315.555
10070,US_CORE_CPI,2024-02-01,2026-02-13 00:00:00,315.564
10072,US_CORE_CPI,2024-03-01,2025-02-12 00:00:00,316.762
10073,US_CORE_CPI,2024-03-01,2026-02-13 00:00:00,316.792
10075,US_CORE_CPI,2024-04-01,2025-02-12 00:00:00,317.596
10076,US_CORE_CPI,2024-04-01,2026-02-13 00:00:00,317.649
10078,US_CORE_CPI,2024-05-01,2025-02-12 00:00:00,318.053
10079,US_CORE_CPI,2024-05-01,2026-02-13 00:00:00,318.095
10081,US_CORE_CPI,2024-06-01,2025-02-12 00:00:00,318.343
10082,US_CORE_CPI,2024-06-01,2026-02-13 00:00:00,318.39
10084,US_CORE_CPI,2024-07-01,2025-02-12 00:00:00,318.933
10085,US_CORE_CPI,2024-07-01,2026-02-13 00:00:00,318.94
10087,US_CORE_CPI,2024-08-01,2025-02-12 00:00:00,319.839
10088,US_CORE_CPI,2024-08-01,2026-02-13 00:00:00,319.75
10090,US_CORE_CPI,2024-09-01,2025-02-12 00:00:00,320.835
10091,US_CORE_CPI,2024-09-01,2026-02-13 00:00:00,320.732
10093,US_CORE_CPI,2024-10-01,2025-02-12 00:00:00,321.688
10094,US_CORE_CPI,2024-10-01,2026-02-13 00:00:00,321.731
10096,US_CORE_CPI,2024-11-01,2025-02-12 00:00:00,322.619
10097,US_CORE_CPI,2024-11-01,2026-02-13 00:00:00,322.657
10099,US_CORE_CPI,2024-12-01,2025-02-12 00:00:00,323.296
10100,US_CORE_CPI,2024-12-01,2026-02-13 00:00:00,323.259
10102,US_CORE_CPI,2025-01-01,2026-02-13 00:00:00,324.638
10104,US_CORE_CPI,2025-02-01,2026-02-13 00:00:00,325.465
10106,US_CORE_CPI,2025-03-01,2026-02-13 00:00:00,325.69
10108,US_CORE_CPI,2025-04-01,2026-02-13 00:00:00,326.467
10110,US_CORE_CPI,2025-05-01,2026-02-13 00:00:00,326.893
10112,US_CORE_CPI,2025-06-01,2026-02-13 00:00:00,327.658
10114,US_CORE_CPI,2025-07-01,2026-02-13 00:00:00,328.682
10116,US_CORE_CPI,2025-08-01,2026-02-13 00:00:00,329.7
10118,US_CORE_CPI,2025-09-01,2026-02-13 00:00:00,330.418
10120,US_CORE_CPI,2025-11-01,2026-02-13 00:00:00,331.043
10122,US_CORE_CPI,2025-12-01,2026-02-13 00:00:00,331.814
10127,US_CORE_CPI,2026-05-01,2026-06-10 00:00:00,336.121
10130,US_UNEMPLOYMENT,2022-02-01,2026-01-09 00:00:00,3.9
10132,US_UNEMPLOYMENT,2022-03-01,2025-01-10 00:00:00,3.7
10134,US_UNEMPLOYMENT,2022-04-01,2024-01-05 00:00:00,3.7
10139,US_UNEMPLOYMENT,2022-08-01,2024-01-05 00:00:00,3.6
10142,US_UNEMPLOYMENT,2022-10-01,2024-01-05 00:00:00,3.6
10144,US_UNEMPLOYMENT,2022-11-01,2023-01-06 00:00:00,3.6
10147,US_UNEMPLOYMENT,2023-01-01,2025-01-10 00:00:00,3.5
10152,US_UNEMPLOYMENT,2023-05-01,2025-01-10 00:00:00,3.6
10156,US_UNEMPLOYMENT,2023-08-01,2025-01-10 00:00:00,3.7
10158,US_UNEMPLOYMENT,2023-09-01,2026-01-09 00:00:00,3.7
10160,US_UNEMPLOYMENT,2023-10-01,2024-01-05 00:00:00,3.8
10161,US_UNEMPLOYMENT,2023-10-01,2025-01-10 00:00:00,3.9
10164,US_UNEMPLOYMENT,2023-12-01,2025-01-10 00:00:00,3.8
10168,US_UNEMPLOYMENT,2024-03-01,2025-01-10 00:00:00,3.9
10171,US_UNEMPLOYMENT,2024-05-01,2026-01-09 00:00:00,3.9
10174,US_UNEMPLOYMENT,2024-07-01,2025-01-10 00:00:00,4.2
10182,US_UNEMPLOYMENT,2025-02-01,2026-01-09 00:00:00,4.2
10186,US_UNEMPLOYMENT,2025-05-01,2026-01-09 00:00:00,4.3
10189,US_UNEMPLOYMENT,2025-07-01,2026-01-09 00:00:00,4.3
10193,US_UNEMPLOYMENT,2025-11-01,2026-01-09 00:00:00,4.5
10201,US_RETAIL_SALES,2022-01-01,2022-03-16 00:00:00,656117
10202,US_RETAIL_SALES,2022-01-01,2022-04-14 00:00:00,657207
10203,US_RETAIL_SALES,2022-01-01,2022-04-25 00:00:00,651557
10204,US_RETAIL_SALES,2022-01-01,2023-02-15 00:00:00,655154
10205,US_RETAIL_SALES,2022-01-01,2023-03-15 00:00:00,650682
10206,US_RETAIL_SALES,2022-01-01,2023-04-24 00:00:00,644750
10207,US_RETAIL_SALES,2022-01-01,2024-04-23 00:00:00,644034
10208,US_RETAIL_SALES,2022-01-01,2025-04-25 00:00:00,631509
10210,US_RETAIL_SALES,2022-02-01,2022-04-14 00:00:00,662417
10211,US_RETAIL_SALES,2022-02-01,2022-04-25 00:00:00,662757
10212,US_RETAIL_SALES,2022-02-01,2022-05-17 00:00:00,662321
10213,US_RETAIL_SALES,2022-02-01,2023-03-15 00:00:00,662163
10214,US_RETAIL_SALES,2022-02-01,2023-04-14 00:00:00,659782
10215,US_RETAIL_SALES,2022-02-01,2023-04-24 00:00:00,653552
10216,US_RETAIL_SALES,2022-02-01,2024-04-23 00:00:00,650522
10217,US_RETAIL_SALES,2022-02-01,2025-04-25 00:00:00,638101
10219,US_RETAIL_SALES,2022-03-01,2022-04-25 00:00:00,667724
10220,US_RETAIL_SALES,2022-03-01,2022-05-17 00:00:00,671648
10221,US_RETAIL_SALES,2022-03-01,2022-06-15 00:00:00,669958
10222,US_RETAIL_SALES,2022-03-01,2023-04-14 00:00:00,671904
10223,US_RETAIL_SALES,2022-03-01,2023-04-24 00:00:00,667452
10224,US_RETAIL_SALES,2022-03-01,2023-05-16 00:00:00,667050
10225,US_RETAIL_SALES,2022-03-01,2024-04-23 00:00:00,664167
10226,US_RETAIL_SALES,2022-03-01,2025-04-25 00:00:00,651027
10228,US_RETAIL_SALES,2022-04-01,2022-06-15 00:00:00,674674
10229,US_RETAIL_SALES,2022-04-01,2022-07-15 00:00:00,674719
10230,US_RETAIL_SALES,2022-04-01,2023-04-24 00:00:00,674629
10231,US_RETAIL_SALES,2022-04-01,2023-05-16 00:00:00,675277
10232,US_RETAIL_SALES,2022-04-01,2023-06-15 00:00:00,675899
10233,US_RETAIL_SALES,2022-04-01,2024-04-23 00:00:00,673245
10234,US_RETAIL_SALES,2022-04-01,2025-04-25 00:00:00,660194
10236,US_RETAIL_SALES,2022-05-01,2022-07-15 00:00:00,673852
10237,US_RETAIL_SALES,2022-05-01,2022-08-17 00:00:00,677115
10238,US_RETAIL_SALES,2022-05-01,2023-04-24 00:00:00,675323
10239,US_RETAIL_SALES,2022-05-01,2023-06-15 00:00:00,675722
10240,US_RETAIL_SALES,2022-05-01,2023-07-18 00:00:00,674915
10241,US_RETAIL_SALES,2022-05-01,2024-04-23 00:00:00,671040
10242,US_RETAIL_SALES,2022-05-01,2025-04-25 00:00:00,659847
10244,US_RETAIL_SALES,2022-06-01,2022-08-17 00:00:00,682585
10245,US_RETAIL_SALES,2022-06-01,2022-09-15 00:00:00,684084
10246,US_RETAIL_SALES,2022-06-01,2023-04-24 00:00:00,679165
10247,US_RETAIL_SALES,2022-06-01,2023-07-18 00:00:00,679376
10248,US_RETAIL_SALES,2022-06-01,2023-08-15 00:00:00,680515
10249,US_RETAIL_SALES,2022-06-01,2024-04-23 00:00:00,675702
10250,US_RETAIL_SALES,2022-06-01,2025-04-25 00:00:00,666113
10252,US_RETAIL_SALES,2022-07-01,2022-09-15 00:00:00,681300
10253,US_RETAIL_SALES,2022-07-01,2022-10-14 00:00:00,681108
10254,US_RETAIL_SALES,2022-07-01,2023-04-24 00:00:00,675740
10255,US_RETAIL_SALES,2022-07-01,2023-08-15 00:00:00,674932
10256,US_RETAIL_SALES,2022-07-01,2023-09-14 00:00:00,675822
10257,US_RETAIL_SALES,2022-07-01,2024-04-23 00:00:00,671067
10258,US_RETAIL_SALES,2022-07-01,2025-04-25 00:00:00,659550
10260,US_RETAIL_SALES,2022-08-01,2022-10-14 00:00:00,683990
10261,US_RETAIL_SALES,2022-08-01,2022-11-16 00:00:00,685685
10262,US_RETAIL_SALES,2022-08-01,2023-04-24 00:00:00,680500
10263,US_RETAIL_SALES,2022-08-01,2023-09-14 00:00:00,680721
10264,US_RETAIL_SALES,2022-08-01,2023-10-17 00:00:00,680252
10265,US_RETAIL_SALES,2022-08-01,2024-04-23 00:00:00,675107
10266,US_RETAIL_SALES,2022-08-01,2025-04-25 00:00:00,663566
10268,US_RETAIL_SALES,2022-09-01,2022-11-16 00:00:00,685794
10269,US_RETAIL_SALES,2022-09-01,2022-12-15 00:00:00,684538
10270,US_RETAIL_SALES,2022-09-01,2023-04-24 00:00:00,680387
10271,US_RETAIL_SALES,2022-09-01,2023-10-17 00:00:00,679379
10272,US_RETAIL_SALES,2022-09-01,2023-11-15 00:00:00,678202
10273,US_RETAIL_SALES,2022-09-01,2024-04-23 00:00:00,673312
10274,US_RETAIL_SALES,2022-09-01,2025-04-25 00:00:00,661854
10276,US_RETAIL_SALES,2022-10-01,2022-12-15 00:00:00,693482
10277,US_RETAIL_SALES,2022-10-01,2023-01-18 00:00:00,691844
10278,US_RETAIL_SALES,2022-10-01,2023-04-24 00:00:00,687498
10279,US_RETAIL_SALES,2022-10-01,2023-11-15 00:00:00,687871
10280,US_RETAIL_SALES,2022-10-01,2023-12-14 00:00:00,688352
10281,US_RETAIL_SALES,2022-10-01,2024-04-23 00:00:00,681748
10282,US_RETAIL_SALES,2022-10-01,2025-04-25 00:00:00,668671
10284,US_RETAIL_SALES,2022-11-01,2023-01-18 00:00:00,684988
10285,US_RETAIL_SALES,2022-11-01,2023-02-15 00:00:00,684411
10286,US_RETAIL_SALES,2022-11-01,2023-04-24 00:00:00,678482
10287,US_RETAIL_SALES,2022-11-01,2023-12-14 00:00:00,677956
10288,US_RETAIL_SALES,2022-11-01,2024-01-17 00:00:00,679045
10289,US_RETAIL_SALES,2022-11-01,2024-04-23 00:00:00,673674
10290,US_RETAIL_SALES,2022-11-01,2025-04-25 00:00:00,659458
10292,US_RETAIL_SALES,2022-12-01,2023-02-15 00:00:00,676925
10293,US_RETAIL_SALES,2022-12-01,2023-03-15 00:00:00,678815
10294,US_RETAIL_SALES,2022-12-01,2023-04-24 00:00:00,673619
10295,US_RETAIL_SALES,2022-12-01,2024-01-17 00:00:00,672336
10296,US_RETAIL_SALES,2022-12-01,2024-02-15 00:00:00,670566
10297,US_RETAIL_SALES,2022-12-01,2024-04-23 00:00:00,666734
10298,US_RETAIL_SALES,2022-12-01,2025-04-25 00:00:00,651763
10300,US_RETAIL_SALES,2023-01-01,2023-03-15 00:00:00,700682
10301,US_RETAIL_SALES,2023-01-01,2023-04-14 00:00:00,700052
10302,US_RETAIL_SALES,2023-01-01,2023-04-24 00:00:00,692501
10303,US_RETAIL_SALES,2023-01-01,2024-02-15 00:00:00,695776
10304,US_RETAIL_SALES,2023-01-01,2024-03-14 00:00:00,696426
10305,US_RETAIL_SALES,2023-01-01,2024-04-23 00:00:00,693826
10306,US_RETAIL_SALES,2023-01-01,2025-04-25 00:00:00,680253
10308,US_RETAIL_SALES,2023-02-01,2023-04-14 00:00:00,698572
10309,US_RETAIL_SALES,2023-02-01,2023-04-24 00:00:00,687432
10310,US_RETAIL_SALES,2023-02-01,2023-05-16 00:00:00,687942
10311,US_RETAIL_SALES,2023-02-01,2024-03-14 00:00:00,690375
10312,US_RETAIL_SALES,2023-02-01,2024-04-15 00:00:00,689962
10313,US_RETAIL_SALES,2023-02-01,2024-04-23 00:00:00,686434
10314,US_RETAIL_SALES,2023-02-01,2025-04-25 00:00:00,672152
10316,US_RETAIL_SALES,2023-03-01,2023-04-24 00:00:00,683042
10317,US_RETAIL_SALES,2023-03-01,2023-05-16 00:00:00,683179
10318,US_RETAIL_SALES,2023-03-01,2023-06-15 00:00:00,681673
10319,US_RETAIL_SALES,2023-03-01,2024-04-15 00:00:00,682184
10320,US_RETAIL_SALES,2023-03-01,2024-04-23 00:00:00,678720
10321,US_RETAIL_SALES,2023-03-01,2024-05-15 00:00:00,679067
10322,US_RETAIL_SALES,2023-03-01,2025-04-25 00:00:00,665071
10324,US_RETAIL_SALES,2023-04-01,2023-06-15 00:00:00,684213
10325,US_RETAIL_SALES,2023-04-01,2023-07-18 00:00:00,684636
10326,US_RETAIL_SALES,2023-04-01,2024-04-23 00:00:00,682592
10327,US_RETAIL_SALES,2023-04-01,2024-05-15 00:00:00,684397
10328,US_RETAIL_SALES,2023-04-01,2024-06-18 00:00:00,683698
10329,US_RETAIL_SALES,2023-04-01,2025-04-25 00:00:00,670494
10331,US_RETAIL_SALES,2023-05-01,2023-07-18 00:00:00,688161
10332,US_RETAIL_SALES,2023-05-01,2023-08-15 00:00:00,689158
10333,US_RETAIL_SALES,2023-05-01,2024-04-23 00:00:00,685771
10334,US_RETAIL_SALES,2023-05-01,2024-06-18 00:00:00,687470
10335,US_RETAIL_SALES,2023-05-01,2024-07-16 00:00:00,686672
10336,US_RETAIL_SALES,2023-05-01,2025-04-25 00:00:00,673902
10338,US_RETAIL_SALES,2023-06-01,2023-08-15 00:00:00,691312
10339,US_RETAIL_SALES,2023-06-01,2023-09-14 00:00:00,690518
10340,US_RETAIL_SALES,2023-06-01,2024-04-23 00:00:00,686757
10341,US_RETAIL_SALES,2023-06-01,2024-07-16 00:00:00,688630
10342,US_RETAIL_SALES,2023-06-01,2024-08-15 00:00:00,688810
10343,US_RETAIL_SALES,2023-06-01,2025-04-25 00:00:00,677117
10345,US_RETAIL_SALES,2023-07-01,2023-09-14 00:00:00,693668
10346,US_RETAIL_SALES,2023-07-01,2023-10-17 00:00:00,694415
10347,US_RETAIL_SALES,2023-07-01,2024-04-23 00:00:00,690408
10348,US_RETAIL_SALES,2023-07-01,2024-08-15 00:00:00,691250
10349,US_RETAIL_SALES,2023-07-01,2024-09-17 00:00:00,690641
10350,US_RETAIL_SALES,2023-07-01,2025-04-25 00:00:00,678424
10352,US_RETAIL_SALES,2023-08-01,2023-10-17 00:00:00,699882
10353,US_RETAIL_SALES,2023-08-01,2023-11-15 00:00:00,699540
10354,US_RETAIL_SALES,2023-08-01,2024-04-23 00:00:00,695476
10355,US_RETAIL_SALES,2023-08-01,2024-09-17 00:00:00,695940
10356,US_RETAIL_SALES,2023-08-01,2024-10-17 00:00:00,696238
10357,US_RETAIL_SALES,2023-08-01,2025-04-25 00:00:00,684755
10359,US_RETAIL_SALES,2023-09-01,2023-11-15 00:00:00,705701
10360,US_RETAIL_SALES,2023-09-01,2023-12-14 00:00:00,705304
10361,US_RETAIL_SALES,2023-09-01,2024-04-23 00:00:00,701286
10362,US_RETAIL_SALES,2023-09-01,2024-10-17 00:00:00,702160
10363,US_RETAIL_SALES,2023-09-01,2024-11-15 00:00:00,702109
10364,US_RETAIL_SALES,2023-09-01,2025-04-25 00:00:00,689403
10366,US_RETAIL_SALES,2023-10-01,2023-12-14 00:00:00,703748
10367,US_RETAIL_SALES,2023-10-01,2024-01-17 00:00:00,703528
10368,US_RETAIL_SALES,2023-10-01,2024-04-23 00:00:00,699977
10369,US_RETAIL_SALES,2023-10-01,2024-11-15 00:00:00,698956
10370,US_RETAIL_SALES,2023-10-01,2024-12-17 00:00:00,699365
10371,US_RETAIL_SALES,2023-10-01,2025-04-25 00:00:00,686148
10373,US_RETAIL_SALES,2023-11-01,2024-01-17 00:00:00,705981
10374,US_RETAIL_SALES,2023-11-01,2024-02-15 00:00:00,703336
10375,US_RETAIL_SALES,2023-11-01,2024-04-23 00:00:00,700707
10376,US_RETAIL_SALES,2023-11-01,2024-12-17 00:00:00,698105
10377,US_RETAIL_SALES,2023-11-01,2025-01-16 00:00:00,697167
10378,US_RETAIL_SALES,2023-11-01,2025-04-25 00:00:00,685328
10380,US_RETAIL_SALES,2023-12-01,2024-02-15 00:00:00,706180
10381,US_RETAIL_SALES,2023-12-01,2024-03-14 00:00:00,704107
10382,US_RETAIL_SALES,2023-12-01,2024-04-23 00:00:00,703256
10383,US_RETAIL_SALES,2023-12-01,2025-01-16 00:00:00,701672
10384,US_RETAIL_SALES,2023-12-01,2025-02-14 00:00:00,699821
10385,US_RETAIL_SALES,2023-12-01,2025-04-25 00:00:00,686277
10387,US_RETAIL_SALES,2024-01-01,2024-03-14 00:00:00,696710
10388,US_RETAIL_SALES,2024-01-01,2024-04-15 00:00:00,697954
10389,US_RETAIL_SALES,2024-01-01,2024-04-23 00:00:00,695631
10390,US_RETAIL_SALES,2024-01-01,2025-02-14 00:00:00,694696
10391,US_RETAIL_SALES,2024-01-01,2025-03-17 00:00:00,694131
10392,US_RETAIL_SALES,2024-01-01,2025-04-25 00:00:00,680456
10394,US_RETAIL_SALES,2024-02-01,2024-04-15 00:00:00,704528
10395,US_RETAIL_SALES,2024-02-01,2024-04-23 00:00:00,702712
10396,US_RETAIL_SALES,2024-02-01,2024-05-15 00:00:00,700519
10397,US_RETAIL_SALES,2024-02-01,2025-03-17 00:00:00,700932
10398,US_RETAIL_SALES,2024-02-01,2025-04-16 00:00:00,699739
10399,US_RETAIL_SALES,2024-02-01,2025-04-25 00:00:00,685280
10401,US_RETAIL_SALES,2024-03-01,2024-04-23 00:00:00,707682
10402,US_RETAIL_SALES,2024-03-01,2024-05-15 00:00:00,705057
10403,US_RETAIL_SALES,2024-03-01,2024-06-18 00:00:00,703738
10404,US_RETAIL_SALES,2024-03-01,2025-04-16 00:00:00,702520
10405,US_RETAIL_SALES,2024-03-01,2025-04-25 00:00:00,688248
10406,US_RETAIL_SALES,2024-03-01,2025-05-15 00:00:00,687641
10408,US_RETAIL_SALES,2024-04-01,2024-06-18 00:00:00,702458
10409,US_RETAIL_SALES,2024-04-01,2024-07-16 00:00:00,702681
10410,US_RETAIL_SALES,2024-04-01,2025-04-25 00:00:00,688913
10411,US_RETAIL_SALES,2024-04-01,2025-05-15 00:00:00,688629
10412,US_RETAIL_SALES,2024-04-01,2025-06-17 00:00:00,687602
10414,US_RETAIL_SALES,2024-05-01,2024-07-16 00:00:00,704483
10415,US_RETAIL_SALES,2024-05-01,2024-08-15 00:00:00,704309
10416,US_RETAIL_SALES,2024-05-01,2025-04-25 00:00:00,691223
10417,US_RETAIL_SALES,2024-05-01,2025-06-17 00:00:00,692635
10418,US_RETAIL_SALES,2024-05-01,2025-07-17 00:00:00,692774
10420,US_RETAIL_SALES,2024-06-01,2024-08-15 00:00:00,702862
10421,US_RETAIL_SALES,2024-06-01,2024-09-17 00:00:00,702350
10422,US_RETAIL_SALES,2024-06-01,2025-04-25 00:00:00,690682
10423,US_RETAIL_SALES,2024-06-01,2025-07-17 00:00:00,692922
10424,US_RETAIL_SALES,2024-06-01,2025-08-15 00:00:00,692449
10426,US_RETAIL_SALES,2024-07-01,2024-09-17 00:00:00,710409
10427,US_RETAIL_SALES,2024-07-01,2024-10-17 00:00:00,710851
10428,US_RETAIL_SALES,2024-07-01,2025-04-25 00:00:00,699098
10429,US_RETAIL_SALES,2024-07-01,2025-08-15 00:00:00,698909
10430,US_RETAIL_SALES,2024-07-01,2025-09-16 00:00:00,698835
10432,US_RETAIL_SALES,2024-08-01,2024-10-17 00:00:00,711291
10433,US_RETAIL_SALES,2024-08-01,2024-11-15 00:00:00,710038
10434,US_RETAIL_SALES,2024-08-01,2025-04-25 00:00:00,697522
10435,US_RETAIL_SALES,2024-08-01,2025-09-16 00:00:00,697157
10436,US_RETAIL_SALES,2024-08-01,2025-11-25 00:00:00,697039
10438,US_RETAIL_SALES,2024-09-01,2024-11-15 00:00:00,716026
10439,US_RETAIL_SALES,2024-09-01,2024-12-17 00:00:00,716388
10440,US_RETAIL_SALES,2024-09-01,2025-04-25 00:00:00,703079
10441,US_RETAIL_SALES,2024-09-01,2025-11-25 00:00:00,703285
10442,US_RETAIL_SALES,2024-09-01,2025-12-16 00:00:00,703055
10444,US_RETAIL_SALES,2024-10-01,2024-12-17 00:00:00,719676
10445,US_RETAIL_SALES,2024-10-01,2025-01-16 00:00:00,720393
10446,US_RETAIL_SALES,2024-10-01,2025-04-25 00:00:00,707613
10447,US_RETAIL_SALES,2024-10-01,2025-12-16 00:00:00,708070
10448,US_RETAIL_SALES,2024-10-01,2026-01-14 00:00:00,708290
10450,US_RETAIL_SALES,2024-11-01,2025-01-16 00:00:00,725925
10451,US_RETAIL_SALES,2024-11-01,2025-02-14 00:00:00,725079
10452,US_RETAIL_SALES,2024-11-01,2025-04-25 00:00:00,712145
10453,US_RETAIL_SALES,2024-11-01,2026-01-14 00:00:00,712175
10454,US_RETAIL_SALES,2024-11-01,2026-02-10 00:00:00,711853
10456,US_RETAIL_SALES,2024-12-01,2025-02-14 00:00:00,730300
10457,US_RETAIL_SALES,2024-12-01,2025-03-17 00:00:00,730336
10458,US_RETAIL_SALES,2024-12-01,2025-04-25 00:00:00,717662
10459,US_RETAIL_SALES,2024-12-01,2026-02-10 00:00:00,717547
10460,US_RETAIL_SALES,2024-12-01,2026-03-06 00:00:00,717265
10462,US_RETAIL_SALES,2025-01-01,2025-03-17 00:00:00,721300
10463,US_RETAIL_SALES,2025-01-01,2025-04-16 00:00:00,722944
10464,US_RETAIL_SALES,2025-01-01,2025-04-25 00:00:00,711461
10465,US_RETAIL_SALES,2025-01-01,2026-03-06 00:00:00,711095
10466,US_RETAIL_SALES,2025-01-01,2026-04-01 00:00:00,711260
10468,US_RETAIL_SALES,2025-02-01,2025-04-16 00:00:00,724535
10469,US_RETAIL_SALES,2025-02-01,2025-04-25 00:00:00,711680
10470,US_RETAIL_SALES,2025-02-01,2025-05-15 00:00:00,711757
10471,US_RETAIL_SALES,2025-02-01,2026-04-01 00:00:00,711922
10472,US_RETAIL_SALES,2025-02-01,2026-04-21 00:00:00,711575
10474,US_RETAIL_SALES,2025-03-01,2025-04-25 00:00:00,722025
10475,US_RETAIL_SALES,2025-03-01,2025-05-15 00:00:00,723714
10476,US_RETAIL_SALES,2025-03-01,2025-06-17 00:00:00,722572
10477,US_RETAIL_SALES,2025-03-01,2026-04-21 00:00:00,723350
10478,US_RETAIL_SALES,2025-03-01,2026-05-14 00:00:00,723339
10480,US_RETAIL_SALES,2025-04-01,2025-06-17 00:00:00,721983
10481,US_RETAIL_SALES,2025-04-01,2025-07-17 00:00:00,721789
10482,US_RETAIL_SALES,2025-04-01,2026-05-14 00:00:00,721903
10483,US_RETAIL_SALES,2025-04-01,2026-06-17 00:00:00,722442
10485,US_RETAIL_SALES,2025-05-01,2025-07-17 00:00:00,715541
10486,US_RETAIL_SALES,2025-05-01,2025-08-15 00:00:00,716101
10487,US_RETAIL_SALES,2025-05-01,2026-06-17 00:00:00,714568
10489,US_RETAIL_SALES,2025-06-01,2025-08-15 00:00:00,722571
10490,US_RETAIL_SALES,2025-06-01,2025-09-16 00:00:00,723033
10492,US_RETAIL_SALES,2025-07-01,2025-09-16 00:00:00,727414
10493,US_RETAIL_SALES,2025-07-01,2025-11-25 00:00:00,727727
10495,US_RETAIL_SALES,2025-08-01,2025-11-25 00:00:00,732059
10496,US_RETAIL_SALES,2025-08-01,2025-12-16 00:00:00,731700
10498,US_RETAIL_SALES,2025-09-01,2025-12-16 00:00:00,732444
10499,US_RETAIL_SALES,2025-09-01,2026-01-14 00:00:00,732192
10501,US_RETAIL_SALES,2025-10-01,2026-01-14 00:00:00,731412
10502,US_RETAIL_SALES,2025-10-01,2026-02-10 00:00:00,731051
10504,US_RETAIL_SALES,2025-11-01,2026-02-10 00:00:00,735085
10505,US_RETAIL_SALES,2025-11-01,2026-03-06 00:00:00,734718
10507,US_RETAIL_SALES,2025-12-01,2026-03-06 00:00:00,734685
10508,US_RETAIL_SALES,2025-12-01,2026-04-01 00:00:00,734717
10510,US_RETAIL_SALES,2026-01-01,2026-04-01 00:00:00,733955
10511,US_RETAIL_SALES,2026-01-01,2026-04-21 00:00:00,734503
10513,US_RETAIL_SALES,2026-02-01,2026-04-21 00:00:00,739772
10514,US_RETAIL_SALES,2026-02-01,2026-05-14 00:00:00,741278
10516,US_RETAIL_SALES,2026-03-01,2026-05-14 00:00:00,753370
10517,US_RETAIL_SALES,2026-03-01,2026-06-17 00:00:00,754013
10519,US_RETAIL_SALES,2026-04-01,2026-06-17 00:00:00,757036
10520,US_RETAIL_SALES,2026-05-01,2026-06-17 00:00:00,763705
10522,EU_CPI,2022-01-01,2026-04-16 00:00:00,86.02
10524,EU_CPI,2022-02-01,2026-04-16 00:00:00,86.83
10526,EU_CPI,2022-03-01,2026-04-16 00:00:00,88.94
10528,EU_CPI,2022-04-01,2026-04-16 00:00:00,89.45
10530,EU_CPI,2022-05-01,2026-04-16 00:00:00,90.19
10532,EU_CPI,2022-06-01,2026-04-16 00:00:00,90.92
10534,EU_CPI,2022-07-01,2026-04-16 00:00:00,91.02
10536,EU_CPI,2022-08-01,2026-04-16 00:00:00,91.58
10538,EU_CPI,2022-09-01,2026-04-16 00:00:00,92.67
10540,EU_CPI,2022-10-01,2026-04-16 00:00:00,94.05
10542,EU_CPI,2022-11-01,2026-04-16 00:00:00,93.98
10544,EU_CPI,2022-12-01,2026-04-16 00:00:00,93.65
10546,EU_CPI,2023-01-01,2023-03-17 00:00:00,120.27
10547,EU_CPI,2023-01-01,2026-04-16 00:00:00,93.45
10549,EU_CPI,2023-02-01,2026-04-16 00:00:00,94.21
10551,EU_CPI,2023-03-01,2026-04-16 00:00:00,95.06
10553,EU_CPI,2023-04-01,2023-06-16 00:00:00,123.11
10554,EU_CPI,2023-04-01,2026-04-16 00:00:00,95.66
10556,EU_CPI,2023-05-01,2026-04-16 00:00:00,95.69
10558,EU_CPI,2023-06-01,2026-04-16 00:00:00,95.93
10560,EU_CPI,2023-07-01,2026-04-16 00:00:00,95.83
10562,EU_CPI,2023-08-01,2026-04-16 00:00:00,96.35
10564,EU_CPI,2023-09-01,2026-04-16 00:00:00,96.67
10566,EU_CPI,2023-10-01,2026-04-16 00:00:00,96.75
10568,EU_CPI,2023-11-01,2026-04-16 00:00:00,96.21
10570,EU_CPI,2023-12-01,2026-04-16 00:00:00,96.37
10572,EU_CPI,2024-01-01,2026-04-16 00:00:00,96.03
10574,EU_CPI,2024-02-01,2024-04-17 00:00:00,124.35
10575,EU_CPI,2024-02-01,2026-04-16 00:00:00,96.63
10577,EU_CPI,2024-03-01,2026-04-16 00:00:00,97.35
10579,EU_CPI,2024-04-01,2026-04-16 00:00:00,97.91
10581,EU_CPI,2024-05-01,2026-04-16 00:00:00,98.13
10583,EU_CPI,2024-06-01,2026-04-16 00:00:00,98.33
10585,EU_CPI,2024-07-01,2026-04-16 00:00:00,98.3
10587,EU_CPI,2024-08-01,2026-04-16 00:00:00,98.43
10589,EU_CPI,2024-09-01,2026-04-16 00:00:00,98.34
10591,EU_CPI,2024-10-01,2026-04-16 00:00:00,98.68
10593,EU_CPI,2024-11-01,2026-04-16 00:00:00,98.36
10595,EU_CPI,2024-12-01,2026-04-16 00:00:00,98.71
10597,EU_CPI,2025-01-01,2026-04-16 00:00:00,98.43
10599,EU_CPI,2025-02-01,2026-04-16 00:00:00,98.85
10601,EU_CPI,2025-03-01,2026-04-16 00:00:00,99.46
10603,EU_CPI,2025-04-01,2026-04-16 00:00:00,100.02
10605,EU_CPI,2025-05-01,2026-02-25 00:00:00,128.64
10606,EU_CPI,2025-05-01,2026-04-16 00:00:00,99.96
10608,EU_CPI,2025-06-01,2026-02-25 00:00:00,129.03
10609,EU_CPI,2025-06-01,2026-04-16 00:00:00,100.26
10611,EU_CPI,2025-07-01,2026-02-25 00:00:00,129.05
10612,EU_CPI,2025-07-01,2026-04-16 00:00:00,100.28
10614,EU_CPI,2025-08-01,2026-04-16 00:00:00,100.42
10616,EU_CPI,2025-09-01,2025-11-19 00:00:00,129.36
10617,EU_CPI,2025-09-01,2026-04-16 00:00:00,100.52
10619,EU_CPI,2025-10-01,2026-02-25 00:00:00,129.64
10620,EU_CPI,2025-10-01,2026-04-16 00:00:00,100.73
10622,EU_CPI,2025-11-01,2026-02-25 00:00:00,129.25
10623,EU_CPI,2025-11-01,2026-04-16 00:00:00,100.44
10625,EU_CPI,2025-12-01,2026-02-25 00:00:00,129.49
10626,EU_CPI,2025-12-01,2026-04-16 00:00:00,100.62
10631,EU_CPI,2026-05-01,2026-06-17 00:00:00,103.1
13837,US_10Y_YIELD,2020-07-01,2020-08-15 00:00:00,0.62
13838,US_10Y_YIELD,2020-08-01,2020-09-15 00:00:00,0.65
13839,US_10Y_YIELD,2020-09-01,2020-10-16 00:00:00,0.68
13840,US_10Y_YIELD,2020-10-01,2020-11-15 00:00:00,0.79
13841,US_10Y_YIELD,2020-11-01,2020-12-16 00:00:00,0.87
13842,US_10Y_YIELD,2020-12-01,2021-01-15 00:00:00,0.93
13843,US_10Y_YIELD,2021-01-01,2021-02-15 00:00:00,1.08
13844,US_10Y_YIELD,2021-02-01,2021-03-18 00:00:00,1.26
13845,US_10Y_YIELD,2021-03-01,2021-04-15 00:00:00,1.61
13846,US_10Y_YIELD,2021-04-01,2021-05-16 00:00:00,1.64
13847,US_10Y_YIELD,2021-05-01,2021-06-15 00:00:00,1.62
13848,US_10Y_YIELD,2021-06-01,2021-07-16 00:00:00,1.52
13849,US_10Y_YIELD,2021-07-01,2021-08-15 00:00:00,1.32
13850,US_10Y_YIELD,2021-08-01,2021-09-15 00:00:00,1.28
13851,US_10Y_YIELD,2021-09-01,2021-10-16 00:00:00,1.37
13852,US_10Y_YIELD,2021-10-01,2021-11-15 00:00:00,1.58
13853,US_10Y_YIELD,2021-11-01,2021-12-16 00:00:00,1.56
13854,US_10Y_YIELD,2021-12-01,2022-01-15 00:00:00,1.47
13855,US_10Y_YIELD,2022-01-01,2022-02-15 00:00:00,1.76
13856,US_10Y_YIELD,2022-02-01,2022-03-18 00:00:00,1.93
13857,US_10Y_YIELD,2022-03-01,2022-04-15 00:00:00,2.13
13858,US_10Y_YIELD,2022-04-01,2022-05-16 00:00:00,2.75
13859,US_10Y_YIELD,2022-05-01,2022-06-15 00:00:00,2.9
13860,US_10Y_YIELD,2022-06-01,2022-07-16 00:00:00,3.14
13861,US_10Y_YIELD,2022-07-01,2022-08-15 00:00:00,2.9
13862,US_10Y_YIELD,2022-08-01,2022-09-15 00:00:00,2.9
13863,US_10Y_YIELD,2022-09-01,2022-10-16 00:00:00,3.52
13864,US_10Y_YIELD,2022-10-01,2022-11-15 00:00:00,3.98
13865,US_10Y_YIELD,2022-11-01,2022-12-16 00:00:00,3.89
13866,US_10Y_YIELD,2022-12-01,2023-01-15 00:00:00,3.62
13867,US_10Y_YIELD,2023-01-01,2023-02-15 00:00:00,3.53
13868,US_10Y_YIELD,2023-02-01,2023-03-18 00:00:00,3.75
13869,US_10Y_YIELD,2023-03-01,2023-04-15 00:00:00,3.66
13870,US_10Y_YIELD,2023-04-01,2023-05-16 00:00:00,3.46
13871,US_10Y_YIELD,2023-05-01,2023-06-15 00:00:00,3.57
13872,US_10Y_YIELD,2023-06-01,2023-07-16 00:00:00,3.75
13873,US_10Y_YIELD,2023-07-01,2023-08-15 00:00:00,3.9
13874,US_10Y_YIELD,2023-08-01,2023-09-15 00:00:00,4.17
13875,US_10Y_YIELD,2023-09-01,2023-10-16 00:00:00,4.38
13876,US_10Y_YIELD,2023-10-01,2023-11-15 00:00:00,4.8
13877,US_10Y_YIELD,2023-11-01,2023-12-16 00:00:00,4.5
13908,DE_10Y_YIELD,2020-07-01,2020-08-15 00:00:00,-0.5230434783
13909,DE_10Y_YIELD,2020-08-01,2020-09-15 00:00:00,-0.5233333333
13910,DE_10Y_YIELD,2020-09-01,2020-10-16 00:00:00,-0.5240909091
13911,DE_10Y_YIELD,2020-10-01,2020-11-15 00:00:00,-0.6072727273
13912,DE_10Y_YIELD,2020-11-01,2020-12-16 00:00:00,-0.6147619048
13913,DE_10Y_YIELD,2020-12-01,2021-01-15 00:00:00,-0.6185
13914,DE_10Y_YIELD,2021-01-01,2021-02-15 00:00:00,-0.5835
13915,DE_10Y_YIELD,2021-02-01,2021-03-18 00:00:00,-0.4455
13916,DE_10Y_YIELD,2021-03-01,2021-04-15 00:00:00,-0.3647826087
13917,DE_10Y_YIELD,2021-04-01,2021-05-16 00:00:00,-0.325
13918,DE_10Y_YIELD,2021-05-01,2021-06-15 00:00:00,-0.2235
13919,DE_10Y_YIELD,2021-06-01,2021-07-16 00:00:00,-0.2886363636
13920,DE_10Y_YIELD,2021-07-01,2021-08-15 00:00:00,-0.4513636364
13921,DE_10Y_YIELD,2021-08-01,2021-09-15 00:00:00,-0.5386363636
13922,DE_10Y_YIELD,2021-09-01,2021-10-16 00:00:00,-0.3627272727
13923,DE_10Y_YIELD,2021-10-01,2021-11-15 00:00:00,-0.2042857143
13924,DE_10Y_YIELD,2021-11-01,2021-12-16 00:00:00,-0.3136363636
13925,DE_10Y_YIELD,2021-12-01,2022-01-15 00:00:00,-0.3842857143
13926,DE_10Y_YIELD,2022-01-01,2022-02-15 00:00:00,-0.1147619048
13927,DE_10Y_YIELD,2022-02-01,2022-03-18 00:00:00,0.15
13928,DE_10Y_YIELD,2022-03-01,2022-04-15 00:00:00,0.2817391304
13929,DE_10Y_YIELD,2022-04-01,2022-05-16 00:00:00,0.7463157895
13930,DE_10Y_YIELD,2022-05-01,2022-06-15 00:00:00,0.9527272727
13931,DE_10Y_YIELD,2022-06-01,2022-07-16 00:00:00,1.445
13932,DE_10Y_YIELD,2022-07-01,2022-08-15 00:00:00,1.0819047619
13933,DE_10Y_YIELD,2022-08-01,2022-09-15 00:00:00,1.0343478261
13934,DE_10Y_YIELD,2022-09-01,2022-10-16 00:00:00,1.7954545455
13935,DE_10Y_YIELD,2022-10-01,2022-11-15 00:00:00,2.1866666667
13936,DE_10Y_YIELD,2022-11-01,2022-12-16 00:00:00,2.0663636364
13937,DE_10Y_YIELD,2022-12-01,2023-01-15 00:00:00,2.0852380952
13938,DE_10Y_YIELD,2023-01-01,2023-02-15 00:00:00,2.1927272727
13939,DE_10Y_YIELD,2023-02-01,2023-03-18 00:00:00,2.3705
13940,DE_10Y_YIELD,2023-03-01,2023-04-15 00:00:00,2.3834782609
13941,DE_10Y_YIELD,2023-04-01,2023-05-16 00:00:00,2.3594444444
13942,DE_10Y_YIELD,2023-05-01,2023-06-15 00:00:00,2.3422727273
13943,DE_10Y_YIELD,2023-06-01,2023-07-16 00:00:00,2.3763636364
13944,DE_10Y_YIELD,2023-07-01,2023-08-15 00:00:00,2.4566666667
13945,DE_10Y_YIELD,2023-08-01,2023-09-15 00:00:00,2.5456521739
13946,DE_10Y_YIELD,2023-09-01,2023-10-16 00:00:00,2.6614285714
13947,DE_10Y_YIELD,2023-10-01,2023-11-15 00:00:00,2.8231818182
13948,DE_10Y_YIELD,2023-11-01,2023-12-16 00:00:00,2.6013636364
13979,GB_10Y_YIELD,2020-07-01,2020-08-15 00:00:00,0.2094
13980,GB_10Y_YIELD,2020-08-01,2020-09-15 00:00:00,0.2717
13981,GB_10Y_YIELD,2020-09-01,2020-10-16 00:00:00,0.273
13982,GB_10Y_YIELD,2020-10-01,2020-11-15 00:00:00,0.3058
13983,GB_10Y_YIELD,2020-11-01,2020-12-16 00:00:00,0.3836
13984,GB_10Y_YIELD,2020-12-01,2021-01-15 00:00:00,0.3224
13985,GB_10Y_YIELD,2021-01-01,2021-02-15 00:00:00,0.3672
13986,GB_10Y_YIELD,2021-02-01,2021-03-18 00:00:00,0.6222
13987,GB_10Y_YIELD,2021-03-01,2021-04-15 00:00:00,0.8456
13988,GB_10Y_YIELD,2021-04-01,2021-05-16 00:00:00,0.8515
13989,GB_10Y_YIELD,2021-05-01,2021-06-15 00:00:00,0.9058
13990,GB_10Y_YIELD,2021-06-01,2021-07-16 00:00:00,0.8549
13991,GB_10Y_YIELD,2021-07-01,2021-08-15 00:00:00,0.6979
13992,GB_10Y_YIELD,2021-08-01,2021-09-15 00:00:00,0.644
13993,GB_10Y_YIELD,2021-09-01,2021-10-16 00:00:00,0.8023
13994,GB_10Y_YIELD,2021-10-01,2021-11-15 00:00:00,1.083
13995,GB_10Y_YIELD,2021-11-01,2021-12-16 00:00:00,0.9394
13996,GB_10Y_YIELD,2021-12-01,2022-01-15 00:00:00,0.8375
13997,GB_10Y_YIELD,2022-01-01,2022-02-15 00:00:00,1.2051
13998,GB_10Y_YIELD,2022-02-01,2022-03-18 00:00:00,1.4891
13999,GB_10Y_YIELD,2022-03-01,2022-04-15 00:00:00,1.5457
14000,GB_10Y_YIELD,2022-04-01,2022-05-16 00:00:00,1.8362
14001,GB_10Y_YIELD,2022-05-01,2022-06-15 00:00:00,1.9069
14002,GB_10Y_YIELD,2022-06-01,2022-07-16 00:00:00,2.3824
14003,GB_10Y_YIELD,2022-07-01,2022-08-15 00:00:00,2.1454
14004,GB_10Y_YIELD,2022-08-01,2022-09-15 00:00:00,2.3278
14005,GB_10Y_YIELD,2022-09-01,2022-10-16 00:00:00,3.5007
14006,GB_10Y_YIELD,2022-10-01,2022-11-15 00:00:00,4.1096
14007,GB_10Y_YIELD,2022-11-01,2022-12-16 00:00:00,3.4171
14008,GB_10Y_YIELD,2022-12-01,2023-01-15 00:00:00,3.5015
14009,GB_10Y_YIELD,2023-01-01,2023-02-15 00:00:00,3.5115
14010,GB_10Y_YIELD,2023-02-01,2023-03-18 00:00:00,3.5553
14011,GB_10Y_YIELD,2023-03-01,2023-04-15 00:00:00,3.5638
14012,GB_10Y_YIELD,2023-04-01,2023-05-16 00:00:00,3.6503
14013,GB_10Y_YIELD,2023-05-01,2023-06-15 00:00:00,3.9621
14014,GB_10Y_YIELD,2023-06-01,2023-07-16 00:00:00,4.3659
14015,GB_10Y_YIELD,2023-07-01,2023-08-15 00:00:00,4.4372
14016,GB_10Y_YIELD,2023-08-01,2023-09-15 00:00:00,4.5298
14017,GB_10Y_YIELD,2023-09-01,2023-10-16 00:00:00,4.4199
14018,GB_10Y_YIELD,2023-10-01,2023-11-15 00:00:00,4.5695
14019,GB_10Y_YIELD,2023-11-01,2023-12-16 00:00:00,4.2721
14050,JP_10Y_YIELD,2020-07-01,2020-08-15 00:00:00,0.01
14051,JP_10Y_YIELD,2020-08-01,2020-09-15 00:00:00,0.045
14052,JP_10Y_YIELD,2020-09-01,2020-10-16 00:00:00,0.015
14053,JP_10Y_YIELD,2020-10-01,2020-11-15 00:00:00,0.04
14054,JP_10Y_YIELD,2020-11-01,2020-12-16 00:00:00,0.03
14055,JP_10Y_YIELD,2020-12-01,2021-01-15 00:00:00,0.02
14056,JP_10Y_YIELD,2021-01-01,2021-02-15 00:00:00,0.055
14057,JP_10Y_YIELD,2021-02-01,2021-03-18 00:00:00,0.15
14058,JP_10Y_YIELD,2021-03-01,2021-04-15 00:00:00,0.12
14059,JP_10Y_YIELD,2021-04-01,2021-05-16 00:00:00,0.09
14060,JP_10Y_YIELD,2021-05-01,2021-06-15 00:00:00,0.08
14061,JP_10Y_YIELD,2021-06-01,2021-07-16 00:00:00,0.05
14062,JP_10Y_YIELD,2021-07-01,2021-08-15 00:00:00,0.015
14063,JP_10Y_YIELD,2021-08-01,2021-09-15 00:00:00,0.02
14064,JP_10Y_YIELD,2021-09-01,2021-10-16 00:00:00,0.065
14065,JP_10Y_YIELD,2021-10-01,2021-11-15 00:00:00,0.095
14066,JP_10Y_YIELD,2021-11-01,2021-12-16 00:00:00,0.05
14067,JP_10Y_YIELD,2021-12-01,2022-01-15 00:00:00,0.07
14068,JP_10Y_YIELD,2022-01-01,2022-02-15 00:00:00,0.17
14069,JP_10Y_YIELD,2022-02-01,2022-03-18 00:00:00,0.18
14070,JP_10Y_YIELD,2022-03-01,2022-04-15 00:00:00,0.21
14071,JP_10Y_YIELD,2022-04-01,2022-05-16 00:00:00,0.215
14072,JP_10Y_YIELD,2022-05-01,2022-06-15 00:00:00,0.235
14073,JP_10Y_YIELD,2022-06-01,2022-07-16 00:00:00,0.225
14074,JP_10Y_YIELD,2022-07-01,2022-08-15 00:00:00,0.18
14075,JP_10Y_YIELD,2022-08-01,2022-09-15 00:00:00,0.22
14076,JP_10Y_YIELD,2022-09-01,2022-10-16 00:00:00,0.24
14077,JP_10Y_YIELD,2022-10-01,2022-11-15 00:00:00,0.245
14078,JP_10Y_YIELD,2022-11-01,2022-12-16 00:00:00,0.25
14079,JP_10Y_YIELD,2022-12-01,2023-01-15 00:00:00,0.41
14080,JP_10Y_YIELD,2023-01-01,2023-02-15 00:00:00,0.49
14081,JP_10Y_YIELD,2023-02-01,2023-03-18 00:00:00,0.5
14082,JP_10Y_YIELD,2023-03-01,2023-04-15 00:00:00,0.32
14083,JP_10Y_YIELD,2023-04-01,2023-05-16 00:00:00,0.385
14084,JP_10Y_YIELD,2023-05-01,2023-06-15 00:00:00,0.43
14085,JP_10Y_YIELD,2023-06-01,2023-07-16 00:00:00,0.395
14086,JP_10Y_YIELD,2023-07-01,2023-08-15 00:00:00,0.595
14087,JP_10Y_YIELD,2023-08-01,2023-09-15 00:00:00,0.64
14088,JP_10Y_YIELD,2023-09-01,2023-10-16 00:00:00,0.765
14089,JP_10Y_YIELD,2023-10-01,2023-11-15 00:00:00,0.95
14090,JP_10Y_YIELD,2023-11-01,2023-12-16 00:00:00,0.66
14121,AU_10Y_YIELD,2020-07-01,2020-08-15 00:00:00,0.897
14122,AU_10Y_YIELD,2020-08-01,2020-09-15 00:00:00,0.905
14123,AU_10Y_YIELD,2020-09-01,2020-10-16 00:00:00,0.894
14124,AU_10Y_YIELD,2020-10-01,2020-11-15 00:00:00,0.802
14125,AU_10Y_YIELD,2020-11-01,2020-12-16 00:00:00,0.856
14126,AU_10Y_YIELD,2020-12-01,2021-01-15 00:00:00,0.976
14127,AU_10Y_YIELD,2021-01-01,2021-02-15 00:00:00,1.053
14128,AU_10Y_YIELD,2021-02-01,2021-03-18 00:00:00,1.334
14129,AU_10Y_YIELD,2021-03-01,2021-04-15 00:00:00,1.707
14130,AU_10Y_YIELD,2021-04-01,2021-05-16 00:00:00,1.676
14131,AU_10Y_YIELD,2021-05-01,2021-06-15 00:00:00,1.66
14132,AU_10Y_YIELD,2021-06-01,2021-07-16 00:00:00,1.531
14133,AU_10Y_YIELD,2021-07-01,2021-08-15 00:00:00,1.254
14134,AU_10Y_YIELD,2021-08-01,2021-09-15 00:00:00,1.135
14135,AU_10Y_YIELD,2021-09-01,2021-10-16 00:00:00,1.282
14136,AU_10Y_YIELD,2021-10-01,2021-11-15 00:00:00,1.71
14137,AU_10Y_YIELD,2021-11-01,2021-12-16 00:00:00,1.806
14138,AU_10Y_YIELD,2021-12-01,2022-01-15 00:00:00,1.609
14139,AU_10Y_YIELD,2022-01-01,2022-02-15 00:00:00,1.888
14140,AU_10Y_YIELD,2022-02-01,2022-03-18 00:00:00,2.111
14141,AU_10Y_YIELD,2022-03-01,2022-04-15 00:00:00,2.5
14142,AU_10Y_YIELD,2022-04-01,2022-05-16 00:00:00,3.008
14143,AU_10Y_YIELD,2022-05-01,2022-06-15 00:00:00,3.381
14144,AU_10Y_YIELD,2022-06-01,2022-07-16 00:00:00,3.767
14145,AU_10Y_YIELD,2022-07-01,2022-08-15 00:00:00,3.429
14146,AU_10Y_YIELD,2022-08-01,2022-09-15 00:00:00,3.361
14147,AU_10Y_YIELD,2022-09-01,2022-10-16 00:00:00,3.747
14148,AU_10Y_YIELD,2022-10-01,2022-11-15 00:00:00,3.919
14149,AU_10Y_YIELD,2022-11-01,2022-12-16 00:00:00,3.696
14150,AU_10Y_YIELD,2022-12-01,2023-01-15 00:00:00,3.551
14151,AU_10Y_YIELD,2023-01-01,2023-02-15 00:00:00,3.604
14152,AU_10Y_YIELD,2023-02-01,2023-03-18 00:00:00,3.702
14153,AU_10Y_YIELD,2023-03-01,2023-04-15 00:00:00,3.468
14154,AU_10Y_YIELD,2023-04-01,2023-05-16 00:00:00,3.343
14155,AU_10Y_YIELD,2023-05-01,2023-06-15 00:00:00,3.5
14156,AU_10Y_YIELD,2023-06-01,2023-07-16 00:00:00,3.916
14157,AU_10Y_YIELD,2023-07-01,2023-08-15 00:00:00,4.036
14158,AU_10Y_YIELD,2023-08-01,2023-09-15 00:00:00,4.128
14159,AU_10Y_YIELD,2023-09-01,2023-10-16 00:00:00,4.211
14160,AU_10Y_YIELD,2023-10-01,2023-11-15 00:00:00,4.633
14161,AU_10Y_YIELD,2023-11-01,2023-12-16 00:00:00,4.578
14192,NZ_10Y_YIELD,2020-07-01,2020-08-15 00:00:00,0.9
14193,NZ_10Y_YIELD,2020-08-01,2020-09-15 00:00:00,0.67
14194,NZ_10Y_YIELD,2020-09-01,2020-10-16 00:00:00,0.55
14195,NZ_10Y_YIELD,2020-10-01,2020-11-15 00:00:00,0.54
14196,NZ_10Y_YIELD,2020-11-01,2020-12-16 00:00:00,0.77
14197,NZ_10Y_YIELD,2020-12-01,2021-01-15 00:00:00,0.92
14198,NZ_10Y_YIELD,2021-01-01,2021-02-15 00:00:00,1.04
14199,NZ_10Y_YIELD,2021-02-01,2021-03-18 00:00:00,1.46
14200,NZ_10Y_YIELD,2021-03-01,2021-04-15 00:00:00,1.76
14201,NZ_10Y_YIELD,2021-04-01,2021-05-16 00:00:00,1.67
14202,NZ_10Y_YIELD,2021-05-01,2021-06-15 00:00:00,1.81
14203,NZ_10Y_YIELD,2021-06-01,2021-07-16 00:00:00,1.76
14204,NZ_10Y_YIELD,2021-07-01,2021-08-15 00:00:00,1.58
14205,NZ_10Y_YIELD,2021-08-01,2021-09-15 00:00:00,1.65
14206,NZ_10Y_YIELD,2021-09-01,2021-10-16 00:00:00,1.88
14207,NZ_10Y_YIELD,2021-10-01,2021-11-15 00:00:00,2.23
14208,NZ_10Y_YIELD,2021-11-01,2021-12-16 00:00:00,2.57
14209,NZ_10Y_YIELD,2021-12-01,2022-01-15 00:00:00,2.37
14210,NZ_10Y_YIELD,2022-01-01,2022-02-15 00:00:00,2.56
14211,NZ_10Y_YIELD,2022-02-01,2022-03-18 00:00:00,2.73
14212,NZ_10Y_YIELD,2022-03-01,2022-04-15 00:00:00,3.07
14213,NZ_10Y_YIELD,2022-04-01,2022-05-16 00:00:00,3.47
14214,NZ_10Y_YIELD,2022-05-01,2022-06-15 00:00:00,3.65
14215,NZ_10Y_YIELD,2022-06-01,2022-07-16 00:00:00,3.98
14216,NZ_10Y_YIELD,2022-07-01,2022-08-15 00:00:00,3.65
14217,NZ_10Y_YIELD,2022-08-01,2022-09-15 00:00:00,3.57
14218,NZ_10Y_YIELD,2022-09-01,2022-10-16 00:00:00,4.06
14219,NZ_10Y_YIELD,2022-10-01,2022-11-15 00:00:00,4.41
14220,NZ_10Y_YIELD,2022-11-01,2022-12-16 00:00:00,4.28
14221,NZ_10Y_YIELD,2022-12-01,2023-01-15 00:00:00,4.21
14222,NZ_10Y_YIELD,2023-01-01,2023-02-15 00:00:00,4.13
14223,NZ_10Y_YIELD,2023-02-01,2023-03-18 00:00:00,4.31
14224,NZ_10Y_YIELD,2023-03-01,2023-04-15 00:00:00,4.34
14225,NZ_10Y_YIELD,2023-04-01,2023-05-16 00:00:00,4.09
14226,NZ_10Y_YIELD,2023-05-01,2023-06-15 00:00:00,4.22
14227,NZ_10Y_YIELD,2023-06-01,2023-07-16 00:00:00,4.49
14228,NZ_10Y_YIELD,2023-07-01,2023-08-15 00:00:00,4.64
14229,NZ_10Y_YIELD,2023-08-01,2023-09-15 00:00:00,4.91
14230,NZ_10Y_YIELD,2023-09-01,2023-10-16 00:00:00,5.05
14231,NZ_10Y_YIELD,2023-10-01,2023-11-15 00:00:00,5.47
14232,NZ_10Y_YIELD,2023-11-01,2023-12-16 00:00:00,5.08
14263,CA_10Y_YIELD,2020-07-01,2020-08-15 00:00:00,0.516363636363636
14264,CA_10Y_YIELD,2020-08-01,2020-09-15 00:00:00,0.5635
14265,CA_10Y_YIELD,2020-09-01,2020-10-16 00:00:00,0.55952380952381
14266,CA_10Y_YIELD,2020-10-01,2020-11-15 00:00:00,0.602857142857143
14267,CA_10Y_YIELD,2020-11-01,2020-12-16 00:00:00,0.6885
14268,CA_10Y_YIELD,2020-12-01,2021-01-15 00:00:00,0.730952380952381
14269,CA_10Y_YIELD,2021-01-01,2021-02-15 00:00:00,0.8055
14270,CA_10Y_YIELD,2021-02-01,2021-03-18 00:00:00,1.09947368421053
14271,CA_10Y_YIELD,2021-03-01,2021-04-15 00:00:00,1.49652173913043
14272,CA_10Y_YIELD,2021-04-01,2021-05-16 00:00:00,1.51619047619048
14273,CA_10Y_YIELD,2021-05-01,2021-06-15 00:00:00,1.524
14274,CA_10Y_YIELD,2021-06-01,2021-07-16 00:00:00,1.425
14275,CA_10Y_YIELD,2021-07-01,2021-08-15 00:00:00,1.25142857142857
14276,CA_10Y_YIELD,2021-08-01,2021-09-15 00:00:00,1.19190476190476
14277,CA_10Y_YIELD,2021-09-01,2021-10-16 00:00:00,1.263
14278,CA_10Y_YIELD,2021-10-01,2021-11-15 00:00:00,1.597
14279,CA_10Y_YIELD,2021-11-01,2021-12-16 00:00:00,1.68571428571429
14280,CA_10Y_YIELD,2021-12-01,2022-01-15 00:00:00,1.45
14281,CA_10Y_YIELD,2022-01-01,2022-02-15 00:00:00,1.759
14282,CA_10Y_YIELD,2022-02-01,2022-03-18 00:00:00,1.87947368421053
14283,CA_10Y_YIELD,2022-03-01,2022-04-15 00:00:00,2.13217391304348
14284,CA_10Y_YIELD,2022-04-01,2022-05-16 00:00:00,2.704
14285,CA_10Y_YIELD,2022-05-01,2022-06-15 00:00:00,2.91857142857143
14286,CA_10Y_YIELD,2022-06-01,2022-07-16 00:00:00,3.31545454545455
14287,CA_10Y_YIELD,2022-07-01,2022-08-15 00:00:00,3.04315789473684
14288,CA_10Y_YIELD,2022-08-01,2022-09-15 00:00:00,2.85909090909091
14289,CA_10Y_YIELD,2022-09-01,2022-10-16 00:00:00,3.14789473684211
14290,CA_10Y_YIELD,2022-10-01,2022-11-15 00:00:00,3.38052631578947
14291,CA_10Y_YIELD,2022-11-01,2022-12-16 00:00:00,3.16619047619048
14292,CA_10Y_YIELD,2022-12-01,2023-01-15 00:00:00,2.9415
14293,CA_10Y_YIELD,2023-01-01,2023-02-15 00:00:00,2.93761904761905
14294,CA_10Y_YIELD,2023-02-01,2023-03-18 00:00:00,3.17421052631579
14295,CA_10Y_YIELD,2023-03-01,2023-04-15 00:00:00,2.99347826086957
14296,CA_10Y_YIELD,2023-04-01,2023-05-16 00:00:00,2.91611111111111
14297,CA_10Y_YIELD,2023-05-01,2023-06-15 00:00:00,3.04545454545455
14298,CA_10Y_YIELD,2023-06-01,2023-07-16 00:00:00,3.33818181818182
14299,CA_10Y_YIELD,2023-07-01,2023-08-15 00:00:00,3.452
14300,CA_10Y_YIELD,2023-08-01,2023-09-15 00:00:00,3.65409090909091
14301,CA_10Y_YIELD,2023-09-01,2023-10-16 00:00:00,3.816
14302,CA_10Y_YIELD,2023-10-01,2023-11-15 00:00:00,4.062
14303,CA_10Y_YIELD,2023-11-01,2023-12-16 00:00:00,3.71095238095238
14334,CH_10Y_YIELD,2020-07-01,2020-08-15 00:00:00,-0.529
14335,CH_10Y_YIELD,2020-08-01,2020-09-15 00:00:00,-0.41
14336,CH_10Y_YIELD,2020-09-01,2020-10-16 00:00:00,-0.5
14337,CH_10Y_YIELD,2020-10-01,2020-11-15 00:00:00,-0.518
14338,CH_10Y_YIELD,2020-11-01,2020-12-16 00:00:00,-0.509
14339,CH_10Y_YIELD,2020-12-01,2021-01-15 00:00:00,-0.525
14340,CH_10Y_YIELD,2021-01-01,2021-02-15 00:00:00,-0.454
14341,CH_10Y_YIELD,2021-02-01,2021-03-18 00:00:00,-0.229
14342,CH_10Y_YIELD,2021-03-01,2021-04-15 00:00:00,-0.267
14343,CH_10Y_YIELD,2021-04-01,2021-05-16 00:00:00,-0.21
14344,CH_10Y_YIELD,2021-05-01,2021-06-15 00:00:00,-0.134
14345,CH_10Y_YIELD,2021-06-01,2021-07-16 00:00:00,-0.2
14346,CH_10Y_YIELD,2021-07-01,2021-08-15 00:00:00,-0.373
14347,CH_10Y_YIELD,2021-08-01,2021-09-15 00:00:00,-0.347
14348,CH_10Y_YIELD,2021-09-01,2021-10-16 00:00:00,-0.166
14349,CH_10Y_YIELD,2021-10-01,2021-11-15 00:00:00,-0.046
14350,CH_10Y_YIELD,2021-11-01,2021-12-16 00:00:00,-0.234
14351,CH_10Y_YIELD,2021-12-01,2022-01-15 00:00:00,-0.127
14352,CH_10Y_YIELD,2022-01-01,2022-02-15 00:00:00,0.045
14353,CH_10Y_YIELD,2022-02-01,2022-03-18 00:00:00,0.263
14354,CH_10Y_YIELD,2022-03-01,2022-04-15 00:00:00,0.677
14355,CH_10Y_YIELD,2022-04-01,2022-05-16 00:00:00,0.824
14356,CH_10Y_YIELD,2022-05-01,2022-06-15 00:00:00,0.779
14357,CH_10Y_YIELD,2022-06-01,2022-07-16 00:00:00,1.149
14358,CH_10Y_YIELD,2022-07-01,2022-08-15 00:00:00,0.52
14359,CH_10Y_YIELD,2022-08-01,2022-09-15 00:00:00,0.786
14360,CH_10Y_YIELD,2022-09-01,2022-10-16 00:00:00,1.163
14361,CH_10Y_YIELD,2022-10-01,2022-11-15 00:00:00,1.12
14362,CH_10Y_YIELD,2022-11-01,2022-12-16 00:00:00,1.055
14363,CH_10Y_YIELD,2022-12-01,2023-01-15 00:00:00,1.565
14364,CH_10Y_YIELD,2023-01-01,2023-02-15 00:00:00,1.257
14365,CH_10Y_YIELD,2023-02-01,2023-03-18 00:00:00,1.446
14366,CH_10Y_YIELD,2023-03-01,2023-04-15 00:00:00,1.227
14367,CH_10Y_YIELD,2023-04-01,2023-05-16 00:00:00,1.08
14368,CH_10Y_YIELD,2023-05-01,2023-06-15 00:00:00,0.848
14369,CH_10Y_YIELD,2023-06-01,2023-07-16 00:00:00,0.966
14370,CH_10Y_YIELD,2023-07-01,2023-08-15 00:00:00,0.979
14371,CH_10Y_YIELD,2023-08-01,2023-09-15 00:00:00,0.952
14372,CH_10Y_YIELD,2023-09-01,2023-10-16 00:00:00,1.087
14373,CH_10Y_YIELD,2023-10-01,2023-11-15 00:00:00,1.046
14374,CH_10Y_YIELD,2023-11-01,2023-12-16 00:00:00,0.822
14405,US_POLICY_RATE,2020-07-01,2020-08-15 00:00:00,0.09
14406,US_POLICY_RATE,2020-08-01,2020-09-15 00:00:00,0.1
14407,US_POLICY_RATE,2020-09-01,2020-10-16 00:00:00,0.09
14408,US_POLICY_RATE,2020-10-01,2020-11-15 00:00:00,0.09
14409,US_POLICY_RATE,2020-11-01,2020-12-16 00:00:00,0.09
14410,US_POLICY_RATE,2020-12-01,2021-01-15 00:00:00,0.09
14411,US_POLICY_RATE,2021-01-01,2021-02-15 00:00:00,0.09
14412,US_POLICY_RATE,2021-02-01,2021-03-18 00:00:00,0.08
14413,US_POLICY_RATE,2021-03-01,2021-04-15 00:00:00,0.07
14414,US_POLICY_RATE,2021-04-01,2021-05-16 00:00:00,0.07
14415,US_POLICY_RATE,2021-05-01,2021-06-15 00:00:00,0.06
14416,US_POLICY_RATE,2021-06-01,2021-07-16 00:00:00,0.08
14417,US_POLICY_RATE,2021-07-01,2021-08-15 00:00:00,0.1
14418,US_POLICY_RATE,2021-08-01,2021-09-15 00:00:00,0.09
14419,US_POLICY_RATE,2021-09-01,2021-10-16 00:00:00,0.08
14420,US_POLICY_RATE,2021-10-01,2021-11-15 00:00:00,0.08
14421,US_POLICY_RATE,2021-11-01,2021-12-16 00:00:00,0.08
14422,US_POLICY_RATE,2021-12-01,2022-01-15 00:00:00,0.08
14423,US_POLICY_RATE,2022-01-01,2022-02-15 00:00:00,0.08
14424,US_POLICY_RATE,2022-02-01,2022-03-18 00:00:00,0.08
14425,US_POLICY_RATE,2022-03-01,2022-04-15 00:00:00,0.2
14426,US_POLICY_RATE,2022-04-01,2022-05-16 00:00:00,0.33
14427,US_POLICY_RATE,2022-05-01,2022-06-15 00:00:00,0.77
14428,US_POLICY_RATE,2022-06-01,2022-07-16 00:00:00,1.21
14429,US_POLICY_RATE,2022-07-01,2022-08-15 00:00:00,1.68
14430,US_POLICY_RATE,2022-08-01,2022-09-15 00:00:00,2.33
14431,US_POLICY_RATE,2022-09-01,2022-10-16 00:00:00,2.56
14432,US_POLICY_RATE,2022-10-01,2022-11-15 00:00:00,3.08
14433,US_POLICY_RATE,2022-11-01,2022-12-16 00:00:00,3.78
14434,US_POLICY_RATE,2022-12-01,2023-01-15 00:00:00,4.1
14435,US_POLICY_RATE,2023-01-01,2023-02-15 00:00:00,4.33
14436,US_POLICY_RATE,2023-02-01,2023-03-18 00:00:00,4.57
14437,US_POLICY_RATE,2023-03-01,2023-04-15 00:00:00,4.65
14438,US_POLICY_RATE,2023-04-01,2023-05-16 00:00:00,4.83
14439,US_POLICY_RATE,2023-05-01,2023-06-15 00:00:00,5.06
14440,US_POLICY_RATE,2023-06-01,2023-07-16 00:00:00,5.08
14441,US_POLICY_RATE,2023-07-01,2023-08-15 00:00:00,5.12
14442,US_POLICY_RATE,2023-08-01,2023-09-15 00:00:00,5.33
14443,US_POLICY_RATE,2023-09-01,2023-10-16 00:00:00,5.33
14444,US_POLICY_RATE,2023-10-01,2023-11-15 00:00:00,5.33
14445,US_POLICY_RATE,2023-11-01,2023-12-16 00:00:00,5.33
14476,DE_POLICY_RATE,2020-07-01,2020-08-15 00:00:00,-0.5495556522
14477,DE_POLICY_RATE,2020-08-01,2020-09-15 00:00:00,-0.552087619
14478,DE_POLICY_RATE,2020-09-01,2020-10-16 00:00:00,-0.5529327273
14479,DE_POLICY_RATE,2020-10-01,2020-11-15 00:00:00,-0.5546409091
14480,DE_POLICY_RATE,2020-11-01,2020-12-16 00:00:00,-0.5562161905
14481,DE_POLICY_RATE,2020-12-01,2021-01-15 00:00:00,-0.5563490909
14482,DE_POLICY_RATE,2021-01-01,2021-02-15 00:00:00,-0.5657645
14483,DE_POLICY_RATE,2021-02-01,2021-03-18 00:00:00,-0.563521
14484,DE_POLICY_RATE,2021-03-01,2021-04-15 00:00:00,-0.5637665217
14485,DE_POLICY_RATE,2021-04-01,2021-05-16 00:00:00,-0.5660555
14486,DE_POLICY_RATE,2021-05-01,2021-06-15 00:00:00,-0.5647061905
14487,DE_POLICY_RATE,2021-06-01,2021-07-16 00:00:00,-0.5641259091
14488,DE_POLICY_RATE,2021-07-01,2021-08-15 00:00:00,-0.5665222727
14489,DE_POLICY_RATE,2021-08-01,2021-09-15 00:00:00,-0.5681
14490,DE_POLICY_RATE,2021-09-01,2021-10-16 00:00:00,-0.5693604545
14491,DE_POLICY_RATE,2021-10-01,2021-11-15 00:00:00,-0.5704128571
14492,DE_POLICY_RATE,2021-11-01,2021-12-16 00:00:00,-0.5732372727
14493,DE_POLICY_RATE,2021-12-01,2022-01-15 00:00:00,-0.5763721739
14494,DE_POLICY_RATE,2022-01-01,2022-02-15 00:00:00,-0.5794657143
14495,DE_POLICY_RATE,2022-02-01,2022-03-18 00:00:00,-0.576333
14496,DE_POLICY_RATE,2022-03-01,2022-04-15 00:00:00,-0.5777030435
14497,DE_POLICY_RATE,2022-04-01,2022-05-16 00:00:00,-0.5837073684
14498,DE_POLICY_RATE,2022-05-01,2022-06-15 00:00:00,-0.5847413636
14499,DE_POLICY_RATE,2022-06-01,2022-07-16 00:00:00,-0.5826240909
14500,DE_POLICY_RATE,2022-07-01,2022-08-15 00:00:00,-0.5710642857
14501,DE_POLICY_RATE,2022-08-01,2022-09-15 00:00:00,-0.0946521739
14502,DE_POLICY_RATE,2022-09-01,2022-10-16 00:00:00,0.2545840909
14503,DE_POLICY_RATE,2022-10-01,2022-11-15 00:00:00,0.6553785714
14504,DE_POLICY_RATE,2022-11-01,2022-12-16 00:00:00,1.2666195455
14505,DE_POLICY_RATE,2022-12-01,2023-01-15 00:00:00,1.5039647619
14506,DE_POLICY_RATE,2023-01-01,2023-02-15 00:00:00,1.9013118182
14507,DE_POLICY_RATE,2023-02-01,2023-03-18 00:00:00,2.200642
14508,DE_POLICY_RATE,2023-03-01,2023-04-15 00:00:00,2.508363913
14509,DE_POLICY_RATE,2023-04-01,2023-05-16 00:00:00,2.8990811111
14510,DE_POLICY_RATE,2023-05-01,2023-06-15 00:00:00,3.0463090909
14511,DE_POLICY_RATE,2023-06-01,2023-07-16 00:00:00,3.2045904545
14512,DE_POLICY_RATE,2023-07-01,2023-08-15 00:00:00,3.4032633333
14513,DE_POLICY_RATE,2023-08-01,2023-09-15 00:00:00,3.6103665217
14514,DE_POLICY_RATE,2023-09-01,2023-10-16 00:00:00,3.7125219048
14515,DE_POLICY_RATE,2023-10-01,2023-11-15 00:00:00,3.9010604545
14516,DE_POLICY_RATE,2023-11-01,2023-12-16 00:00:00,3.9027436364
14547,GB_POLICY_RATE,2020-07-01,2020-08-15 00:00:00,0.0599
14548,GB_POLICY_RATE,2020-08-01,2020-09-15 00:00:00,0.0562
14549,GB_POLICY_RATE,2020-09-01,2020-10-16 00:00:00,0.0547
14550,GB_POLICY_RATE,2020-10-01,2020-11-15 00:00:00,0.0538
14551,GB_POLICY_RATE,2020-11-01,2020-12-16 00:00:00,0.0537
14552,GB_POLICY_RATE,2020-12-01,2021-01-15 00:00:00,0.0492
14553,GB_POLICY_RATE,2021-01-01,2021-02-15 00:00:00,0.0494
14554,GB_POLICY_RATE,2021-02-01,2021-03-18 00:00:00,0.0486
14555,GB_POLICY_RATE,2021-03-01,2021-04-15 00:00:00,0.0486
14556,GB_POLICY_RATE,2021-04-01,2021-05-16 00:00:00,0.0486
14557,GB_POLICY_RATE,2021-05-01,2021-06-15 00:00:00,0.0495
14558,GB_POLICY_RATE,2021-06-01,2021-07-16 00:00:00,0.0498
14559,GB_POLICY_RATE,2021-07-01,2021-08-15 00:00:00,0.0506
14560,GB_POLICY_RATE,2021-08-01,2021-09-15 00:00:00,0.0504
14561,GB_POLICY_RATE,2021-09-01,2021-10-16 00:00:00,0.05
14562,GB_POLICY_RATE,2021-10-01,2021-11-15 00:00:00,0.0502
14563,GB_POLICY_RATE,2021-11-01,2021-12-16 00:00:00,0.0468
14564,GB_POLICY_RATE,2021-12-01,2022-01-15 00:00:00,0.1141
14565,GB_POLICY_RATE,2022-01-01,2022-02-15 00:00:00,0.1958
14566,GB_POLICY_RATE,2022-02-01,2022-03-18 00:00:00,0.4199
14567,GB_POLICY_RATE,2022-03-01,2022-04-15 00:00:00,0.5623
14568,GB_POLICY_RATE,2022-04-01,2022-05-16 00:00:00,0.6906
14569,GB_POLICY_RATE,2022-05-01,2022-06-15 00:00:00,0.9158
14570,GB_POLICY_RATE,2022-06-01,2022-07-16 00:00:00,1.0767
14571,GB_POLICY_RATE,2022-07-01,2022-08-15 00:00:00,1.1908
14572,GB_POLICY_RATE,2022-08-01,2022-09-15 00:00:00,1.622
14573,GB_POLICY_RATE,2022-09-01,2022-10-16 00:00:00,1.8569
14574,GB_POLICY_RATE,2022-10-01,2022-11-15 00:00:00,2.1857
14575,GB_POLICY_RATE,2022-11-01,2022-12-16 00:00:00,2.8599
14576,GB_POLICY_RATE,2022-12-01,2023-01-15 00:00:00,3.1779
14577,GB_POLICY_RATE,2023-01-01,2023-02-15 00:00:00,3.4275
14578,GB_POLICY_RATE,2023-02-01,2023-03-18 00:00:00,3.9021
14579,GB_POLICY_RATE,2023-03-01,2023-04-15 00:00:00,4.0031
14580,GB_POLICY_RATE,2023-04-01,2023-05-16 00:00:00,4.1774
14581,GB_POLICY_RATE,2023-05-01,2023-06-15 00:00:00,4.3528
14582,GB_POLICY_RATE,2023-06-01,2023-07-16 00:00:00,4.5872
14583,GB_POLICY_RATE,2023-07-01,2023-08-15 00:00:00,4.9302
14584,GB_POLICY_RATE,2023-08-01,2023-09-15 00:00:00,5.1609
14585,GB_POLICY_RATE,2023-09-01,2023-10-16 00:00:00,5.1854
14586,GB_POLICY_RATE,2023-10-01,2023-11-15 00:00:00,5.1871
14587,GB_POLICY_RATE,2023-11-01,2023-12-16 00:00:00,5.1875
14618,JP_POLICY_RATE,2020-07-01,2020-08-15 00:00:00,-0.028
14619,JP_POLICY_RATE,2020-08-01,2020-09-15 00:00:00,-0.035
14620,JP_POLICY_RATE,2020-09-01,2020-10-16 00:00:00,-0.054
14621,JP_POLICY_RATE,2020-10-01,2020-11-15 00:00:00,-0.02
14622,JP_POLICY_RATE,2020-11-01,2020-12-16 00:00:00,-0.032
14623,JP_POLICY_RATE,2020-12-01,2021-01-15 00:00:00,-0.026
14624,JP_POLICY_RATE,2021-01-01,2021-02-15 00:00:00,-0.017
14625,JP_POLICY_RATE,2021-02-01,2021-03-18 00:00:00,-0.016
14626,JP_POLICY_RATE,2021-03-01,2021-04-15 00:00:00,-0.017
14627,JP_POLICY_RATE,2021-04-01,2021-05-16 00:00:00,-0.012
14628,JP_POLICY_RATE,2021-05-01,2021-06-15 00:00:00,-0.017
14629,JP_POLICY_RATE,2021-06-01,2021-07-16 00:00:00,-0.029
14630,JP_POLICY_RATE,2021-07-01,2021-08-15 00:00:00,-0.036
14631,JP_POLICY_RATE,2021-08-01,2021-09-15 00:00:00,-0.034
14632,JP_POLICY_RATE,2021-09-01,2021-10-16 00:00:00,-0.022
14633,JP_POLICY_RATE,2021-10-01,2021-11-15 00:00:00,-0.027
14634,JP_POLICY_RATE,2021-11-01,2021-12-16 00:00:00,-0.039
14635,JP_POLICY_RATE,2021-12-01,2022-01-15 00:00:00,-0.026
14636,JP_POLICY_RATE,2022-01-01,2022-02-15 00:00:00,-0.02
14637,JP_POLICY_RATE,2022-02-01,2022-03-18 00:00:00,-0.018
14638,JP_POLICY_RATE,2022-03-01,2022-04-15 00:00:00,-0.008
14639,JP_POLICY_RATE,2022-04-01,2022-05-16 00:00:00,-0.012
14640,JP_POLICY_RATE,2022-05-01,2022-06-15 00:00:00,-0.018
14641,JP_POLICY_RATE,2022-06-01,2022-07-16 00:00:00,-0.038
14642,JP_POLICY_RATE,2022-07-01,2022-08-15 00:00:00,-0.012
14643,JP_POLICY_RATE,2022-08-01,2022-09-15 00:00:00,-0.018
14644,JP_POLICY_RATE,2022-09-01,2022-10-16 00:00:00,-0.049
14645,JP_POLICY_RATE,2022-10-01,2022-11-15 00:00:00,-0.05
14646,JP_POLICY_RATE,2022-11-01,2022-12-16 00:00:00,-0.067
14647,JP_POLICY_RATE,2022-12-01,2023-01-15 00:00:00,-0.07
14648,JP_POLICY_RATE,2023-01-01,2023-02-15 00:00:00,-0.02
14649,JP_POLICY_RATE,2023-02-01,2023-03-18 00:00:00,-0.019
14650,JP_POLICY_RATE,2023-03-01,2023-04-15 00:00:00,-0.017
14651,JP_POLICY_RATE,2023-04-01,2023-05-16 00:00:00,-0.015
14652,JP_POLICY_RATE,2023-05-01,2023-06-15 00:00:00,-0.051
14653,JP_POLICY_RATE,2023-06-01,2023-07-16 00:00:00,-0.066
14654,JP_POLICY_RATE,2023-07-01,2023-08-15 00:00:00,-0.046
14655,JP_POLICY_RATE,2023-08-01,2023-09-15 00:00:00,-0.064
14656,JP_POLICY_RATE,2023-09-01,2023-10-16 00:00:00,-0.054
14657,JP_POLICY_RATE,2023-10-01,2023-11-15 00:00:00,-0.02
14658,JP_POLICY_RATE,2023-11-01,2023-12-16 00:00:00,-0.015
14689,AU_POLICY_RATE,2020-07-01,2020-08-15 00:00:00,0.25
14690,AU_POLICY_RATE,2020-08-01,2020-09-15 00:00:00,0.25
14691,AU_POLICY_RATE,2020-09-01,2020-10-16 00:00:00,0.25
14692,AU_POLICY_RATE,2020-10-01,2020-11-15 00:00:00,0.25
14693,AU_POLICY_RATE,2020-11-01,2020-12-16 00:00:00,0.11
14694,AU_POLICY_RATE,2020-12-01,2021-01-15 00:00:00,0.1
14695,AU_POLICY_RATE,2021-01-01,2021-02-15 00:00:00,0.1
14696,AU_POLICY_RATE,2021-02-01,2021-03-18 00:00:00,0.1
14697,AU_POLICY_RATE,2021-03-01,2021-04-15 00:00:00,0.1
14698,AU_POLICY_RATE,2021-04-01,2021-05-16 00:00:00,0.1
14699,AU_POLICY_RATE,2021-05-01,2021-06-15 00:00:00,0.1
14700,AU_POLICY_RATE,2021-06-01,2021-07-16 00:00:00,0.1
14701,AU_POLICY_RATE,2021-07-01,2021-08-15 00:00:00,0.1
14702,AU_POLICY_RATE,2021-08-01,2021-09-15 00:00:00,0.1
14703,AU_POLICY_RATE,2021-09-01,2021-10-16 00:00:00,0.1
14704,AU_POLICY_RATE,2021-10-01,2021-11-15 00:00:00,0.1
14705,AU_POLICY_RATE,2021-11-01,2021-12-16 00:00:00,0.1
14706,AU_POLICY_RATE,2021-12-01,2022-01-15 00:00:00,0.1
14707,AU_POLICY_RATE,2022-01-01,2022-02-15 00:00:00,0.1
14708,AU_POLICY_RATE,2022-02-01,2022-03-18 00:00:00,0.1
14709,AU_POLICY_RATE,2022-03-01,2022-04-15 00:00:00,0.1
14710,AU_POLICY_RATE,2022-04-01,2022-05-16 00:00:00,0.1
14711,AU_POLICY_RATE,2022-05-01,2022-06-15 00:00:00,0.33
14712,AU_POLICY_RATE,2022-06-01,2022-07-16 00:00:00,0.73
14713,AU_POLICY_RATE,2022-07-01,2022-08-15 00:00:00,1.28
14714,AU_POLICY_RATE,2022-08-01,2022-09-15 00:00:00,1.81
14715,AU_POLICY_RATE,2022-09-01,2022-10-16 00:00:00,2.25
14716,AU_POLICY_RATE,2022-10-01,2022-11-15 00:00:00,2.58
14717,AU_POLICY_RATE,2022-11-01,2022-12-16 00:00:00,2.84
14718,AU_POLICY_RATE,2022-12-01,2023-01-15 00:00:00,3.05
14719,AU_POLICY_RATE,2023-01-01,2023-02-15 00:00:00,3.1
14720,AU_POLICY_RATE,2023-02-01,2023-03-18 00:00:00,3.29
14721,AU_POLICY_RATE,2023-03-01,2023-04-15 00:00:00,3.54
14722,AU_POLICY_RATE,2023-04-01,2023-05-16 00:00:00,3.6
14723,AU_POLICY_RATE,2023-05-01,2023-06-15 00:00:00,3.83
14724,AU_POLICY_RATE,2023-06-01,2023-07-16 00:00:00,4.05
14725,AU_POLICY_RATE,2023-07-01,2023-08-15 00:00:00,4.1
14726,AU_POLICY_RATE,2023-08-01,2023-09-15 00:00:00,4.1
14727,AU_POLICY_RATE,2023-09-01,2023-10-16 00:00:00,4.1
14728,AU_POLICY_RATE,2023-10-01,2023-11-15 00:00:00,4.1
14729,AU_POLICY_RATE,2023-11-01,2023-12-16 00:00:00,4.29
14760,NZ_POLICY_RATE,2020-07-01,2020-08-15 00:00:00,0.21
14761,NZ_POLICY_RATE,2020-08-01,2020-09-15 00:00:00,0.15
14762,NZ_POLICY_RATE,2020-09-01,2020-10-16 00:00:00,0.26
14763,NZ_POLICY_RATE,2020-10-01,2020-11-15 00:00:00,0.21
14764,NZ_POLICY_RATE,2020-11-01,2020-12-16 00:00:00,0.22
14765,NZ_POLICY_RATE,2020-12-01,2021-01-15 00:00:00,0.23
14766,NZ_POLICY_RATE,2021-01-01,2021-02-15 00:00:00,0.24
14767,NZ_POLICY_RATE,2021-02-01,2021-03-18 00:00:00,0.24
14768,NZ_POLICY_RATE,2021-03-01,2021-04-15 00:00:00,0.23
14769,NZ_POLICY_RATE,2021-04-01,2021-05-16 00:00:00,0.24
14770,NZ_POLICY_RATE,2021-05-01,2021-06-15 00:00:00,0.22
14771,NZ_POLICY_RATE,2021-06-01,2021-07-16 00:00:00,0.23
14772,NZ_POLICY_RATE,2021-07-01,2021-08-15 00:00:00,0.23
14773,NZ_POLICY_RATE,2021-08-01,2021-09-15 00:00:00,0.21
14774,NZ_POLICY_RATE,2021-09-01,2021-10-16 00:00:00,0.2
14775,NZ_POLICY_RATE,2021-10-01,2021-11-15 00:00:00,0.38
14776,NZ_POLICY_RATE,2021-11-01,2021-12-16 00:00:00,0.54
14777,NZ_POLICY_RATE,2021-12-01,2022-01-15 00:00:00,0.71
14778,NZ_POLICY_RATE,2022-01-01,2022-02-15 00:00:00,0.67
14779,NZ_POLICY_RATE,2022-02-01,2022-03-18 00:00:00,0.73
14780,NZ_POLICY_RATE,2022-03-01,2022-04-15 00:00:00,0.94
14781,NZ_POLICY_RATE,2022-04-01,2022-05-16 00:00:00,1.24
14782,NZ_POLICY_RATE,2022-05-01,2022-06-15 00:00:00,1.53
14783,NZ_POLICY_RATE,2022-06-01,2022-07-16 00:00:00,1.96
14784,NZ_POLICY_RATE,2022-07-01,2022-08-15 00:00:00,2.2
14785,NZ_POLICY_RATE,2022-08-01,2022-09-15 00:00:00,2.78
14786,NZ_POLICY_RATE,2022-09-01,2022-10-16 00:00:00,2.9
14787,NZ_POLICY_RATE,2022-10-01,2022-11-15 00:00:00,3.29
14788,NZ_POLICY_RATE,2022-11-01,2022-12-16 00:00:00,3.55
14789,NZ_POLICY_RATE,2022-12-01,2023-01-15 00:00:00,4.18
14790,NZ_POLICY_RATE,2023-01-01,2023-02-15 00:00:00,4.21
14791,NZ_POLICY_RATE,2023-02-01,2023-03-18 00:00:00,4.2
14792,NZ_POLICY_RATE,2023-03-01,2023-04-15 00:00:00,4.75
14793,NZ_POLICY_RATE,2023-04-01,2023-05-16 00:00:00,5.01
14794,NZ_POLICY_RATE,2023-05-01,2023-06-15 00:00:00,5.34
14795,NZ_POLICY_RATE,2023-06-01,2023-07-16 00:00:00,5.4
14796,NZ_POLICY_RATE,2023-07-01,2023-08-15 00:00:00,5.47
14797,NZ_POLICY_RATE,2023-08-01,2023-09-15 00:00:00,5.41
14798,NZ_POLICY_RATE,2023-09-01,2023-10-16 00:00:00,5.39
14799,NZ_POLICY_RATE,2023-10-01,2023-11-15 00:00:00,5.4
14800,NZ_POLICY_RATE,2023-11-01,2023-12-16 00:00:00,5.43
14814,CA_POLICY_RATE,2020-07-01,2020-08-15 00:00:00,0.243040909090909
14815,CA_POLICY_RATE,2020-08-01,2020-09-15 00:00:00,0.238435
14816,CA_POLICY_RATE,2020-09-01,2020-10-16 00:00:00,0.228038095238095
14817,CA_POLICY_RATE,2020-10-01,2020-11-15 00:00:00,0.231838095238095
14818,CA_POLICY_RATE,2020-11-01,2020-12-16 00:00:00,0.22461
14819,CA_POLICY_RATE,2020-12-01,2021-01-15 00:00:00,0.1993
14820,CA_POLICY_RATE,2021-01-01,2021-02-15 00:00:00,0.18108
14821,CA_POLICY_RATE,2021-02-01,2021-03-18 00:00:00,0.211021052631579
14822,CA_POLICY_RATE,2021-03-01,2021-04-15 00:00:00,0.180426086956522
14823,CA_POLICY_RATE,2021-04-01,2021-05-16 00:00:00,0.160319047619048
14824,CA_POLICY_RATE,2021-05-01,2021-06-15 00:00:00,0.180915
14825,CA_POLICY_RATE,2021-06-01,2021-07-16 00:00:00,0.187881818181818
14826,CA_POLICY_RATE,2021-07-01,2021-08-15 00:00:00,0.189790476190476
14827,CA_POLICY_RATE,2021-08-01,2021-09-15 00:00:00,0.200747619047619
14828,CA_POLICY_RATE,2021-09-01,2021-10-16 00:00:00,0.187045
14829,CA_POLICY_RATE,2021-10-01,2021-11-15 00:00:00,0.197725
14830,CA_POLICY_RATE,2021-11-01,2021-12-16 00:00:00,0.202652380952381
14831,CA_POLICY_RATE,2021-12-01,2022-01-15 00:00:00,0.160428571428571
14832,CA_POLICY_RATE,2022-01-01,2022-02-15 00:00:00,0.175935
14833,CA_POLICY_RATE,2022-02-01,2022-03-18 00:00:00,0.171747368421053
14834,CA_POLICY_RATE,2022-03-01,2022-04-15 00:00:00,0.40775652173913
14835,CA_POLICY_RATE,2022-04-01,2022-05-16 00:00:00,0.710333333333333
14836,CA_POLICY_RATE,2022-05-01,2022-06-15 00:00:00,0.947242857142857
14837,CA_POLICY_RATE,2022-06-01,2022-07-16 00:00:00,1.42881363636364
14838,CA_POLICY_RATE,2022-07-01,2022-08-15 00:00:00,2.03743684210526
14839,CA_POLICY_RATE,2022-08-01,2022-09-15 00:00:00,2.48295454545455
14840,CA_POLICY_RATE,2022-09-01,2022-10-16 00:00:00,3.10176842105263
14841,CA_POLICY_RATE,2022-10-01,2022-11-15 00:00:00,3.31408947368421
14842,CA_POLICY_RATE,2022-11-01,2022-12-16 00:00:00,3.74122380952381
14843,CA_POLICY_RATE,2022-12-01,2023-01-15 00:00:00,4.1245
14844,CA_POLICY_RATE,2023-01-01,2023-02-15 00:00:00,4.29001428571429
14845,CA_POLICY_RATE,2023-02-01,2023-03-18 00:00:00,4.49236842105263
14846,CA_POLICY_RATE,2023-03-01,2023-04-15 00:00:00,4.49231304347826
14847,CA_POLICY_RATE,2023-04-01,2023-05-16 00:00:00,4.49171764705882
14848,CA_POLICY_RATE,2023-05-01,2023-06-15 00:00:00,4.49264761904762
14849,CA_POLICY_RATE,2023-06-01,2023-07-16 00:00:00,4.68394545454545
14850,CA_POLICY_RATE,2023-07-01,2023-08-15 00:00:00,4.90389
14851,CA_POLICY_RATE,2023-08-01,2023-09-15 00:00:00,4.99421363636364
14852,CA_POLICY_RATE,2023-09-01,2023-10-16 00:00:00,4.991785
14853,CA_POLICY_RATE,2023-10-01,2023-11-15 00:00:00,5.001845
14854,CA_POLICY_RATE,2023-11-01,2023-12-16 00:00:00,5.01366666666667
14885,CH_POLICY_RATE,2020-07-01,2020-08-15 00:00:00,-0.85
14886,CH_POLICY_RATE,2020-08-01,2020-09-15 00:00:00,-0.83
14887,CH_POLICY_RATE,2020-09-01,2020-10-16 00:00:00,-0.85
14888,CH_POLICY_RATE,2020-10-01,2020-11-15 00:00:00,-0.83
14889,CH_POLICY_RATE,2020-11-01,2020-12-16 00:00:00,-0.83
14890,CH_POLICY_RATE,2020-12-01,2021-01-15 00:00:00,-0.85
14891,CH_POLICY_RATE,2021-01-01,2021-02-15 00:00:00,-0.85
14892,CH_POLICY_RATE,2021-02-01,2021-03-18 00:00:00,-0.85
14893,CH_POLICY_RATE,2021-03-01,2021-04-15 00:00:00,-0.83
14894,CH_POLICY_RATE,2021-04-01,2021-05-16 00:00:00,-0.85
14895,CH_POLICY_RATE,2021-05-01,2021-06-15 00:00:00,-0.85
14896,CH_POLICY_RATE,2021-06-01,2021-07-16 00:00:00,-0.9
14897,CH_POLICY_RATE,2021-07-01,2021-08-15 00:00:00,-0.85
14898,CH_POLICY_RATE,2021-08-01,2021-09-15 00:00:00,-0.8
14899,CH_POLICY_RATE,2021-09-01,2021-10-16 00:00:00,-0.8
14900,CH_POLICY_RATE,2021-10-01,2021-11-15 00:00:00,-0.8
14901,CH_POLICY_RATE,2021-11-01,2021-12-16 00:00:00,-0.8
14902,CH_POLICY_RATE,2021-12-01,2022-01-15 00:00:00,-0.9
14903,CH_POLICY_RATE,2022-01-01,2022-02-15 00:00:00,-0.8
14904,CH_POLICY_RATE,2022-02-01,2022-03-18 00:00:00,-0.86
14905,CH_POLICY_RATE,2022-03-01,2022-04-15 00:00:00,-0.8
14906,CH_POLICY_RATE,2022-04-01,2022-05-16 00:00:00,-0.7
14907,CH_POLICY_RATE,2022-05-01,2022-06-15 00:00:00,-0.8
14908,CH_POLICY_RATE,2022-06-01,2022-07-16 00:00:00,-0.26
14909,CH_POLICY_RATE,2022-07-01,2022-08-15 00:00:00,-0.26
14910,CH_POLICY_RATE,2022-08-01,2022-09-15 00:00:00,-0.2
14911,CH_POLICY_RATE,2022-09-01,2022-10-16 00:00:00,-0.1
14912,CH_POLICY_RATE,2022-10-01,2022-11-15 00:00:00,-0.06
14913,CH_POLICY_RATE,2022-11-01,2022-12-16 00:00:00,-0.05
14914,CH_POLICY_RATE,2022-12-01,2023-01-15 00:00:00,0.24
14915,CH_POLICY_RATE,2023-01-01,2023-02-15 00:00:00,0.45
14916,CH_POLICY_RATE,2023-02-01,2023-03-18 00:00:00,0.45
14917,CH_POLICY_RATE,2023-03-01,2023-04-15 00:00:00,0.6
14918,CH_POLICY_RATE,2023-04-01,2023-05-16 00:00:00,0.9
14919,CH_POLICY_RATE,2023-05-01,2023-06-15 00:00:00,0.95
14920,CH_POLICY_RATE,2023-06-01,2023-07-16 00:00:00,1.2
14921,CH_POLICY_RATE,2023-07-01,2023-08-15 00:00:00,1.2
14922,CH_POLICY_RATE,2023-08-01,2023-09-15 00:00:00,1.2
14923,CH_POLICY_RATE,2023-09-01,2023-10-16 00:00:00,1.2
14924,CH_POLICY_RATE,2023-10-01,2023-11-15 00:00:00,1.2
14925,CH_POLICY_RATE,2023-11-01,2023-12-16 00:00:00,1.63
14930,US_10Y_DAILY,2020-07-01,2020-07-02 00:00:00,0.69
14931,US_10Y_DAILY,2020-07-02,2020-07-03 00:00:00,0.68
14932,US_10Y_DAILY,2020-07-06,2020-07-07 00:00:00,0.69
14933,US_10Y_DAILY,2020-07-07,2020-07-08 00:00:00,0.65
14934,US_10Y_DAILY,2020-07-08,2020-07-09 00:00:00,0.67
14935,US_10Y_DAILY,2020-07-09,2020-07-10 00:00:00,0.62
14936,US_10Y_DAILY,2020-07-10,2020-07-11 00:00:00,0.65
14937,US_10Y_DAILY,2020-07-13,2020-07-14 00:00:00,0.64
14938,US_10Y_DAILY,2020-07-14,2020-07-15 00:00:00,0.63
14939,US_10Y_DAILY,2020-07-15,2020-07-16 00:00:00,0.64
14940,US_10Y_DAILY,2020-07-16,2020-07-17 00:00:00,0.62
14941,US_10Y_DAILY,2020-07-17,2020-07-18 00:00:00,0.64
14942,US_10Y_DAILY,2020-07-20,2020-07-21 00:00:00,0.62
14943,US_10Y_DAILY,2020-07-21,2020-07-22 00:00:00,0.61
14944,US_10Y_DAILY,2020-07-22,2020-07-23 00:00:00,0.6
14945,US_10Y_DAILY,2020-07-23,2020-07-24 00:00:00,0.59
14946,US_10Y_DAILY,2020-07-24,2020-07-25 00:00:00,0.59
14947,US_10Y_DAILY,2020-07-27,2020-07-28 00:00:00,0.62
14948,US_10Y_DAILY,2020-07-28,2020-07-29 00:00:00,0.59
14949,US_10Y_DAILY,2020-07-29,2020-07-30 00:00:00,0.58
14950,US_10Y_DAILY,2020-07-30,2020-07-31 00:00:00,0.55
14951,US_10Y_DAILY,2020-07-31,2020-08-01 00:00:00,0.55
14952,US_10Y_DAILY,2020-08-03,2020-08-04 00:00:00,0.56
14953,US_10Y_DAILY,2020-08-04,2020-08-05 00:00:00,0.52
14954,US_10Y_DAILY,2020-08-05,2020-08-06 00:00:00,0.55
14955,US_10Y_DAILY,2020-08-06,2020-08-07 00:00:00,0.55
14956,US_10Y_DAILY,2020-08-07,2020-08-08 00:00:00,0.57
14957,US_10Y_DAILY,2020-08-10,2020-08-11 00:00:00,0.59
14958,US_10Y_DAILY,2020-08-11,2020-08-12 00:00:00,0.64
14959,US_10Y_DAILY,2020-08-12,2020-08-13 00:00:00,0.69
14960,US_10Y_DAILY,2020-08-13,2020-08-14 00:00:00,0.71
14961,US_10Y_DAILY,2020-08-14,2020-08-15 00:00:00,0.71
14962,US_10Y_DAILY,2020-08-17,2020-08-18 00:00:00,0.69
14963,US_10Y_DAILY,2020-08-18,2020-08-19 00:00:00,0.67
14964,US_10Y_DAILY,2020-08-19,2020-08-20 00:00:00,0.68
14965,US_10Y_DAILY,2020-08-20,2020-08-21 00:00:00,0.65
14966,US_10Y_DAILY,2020-08-21,2020-08-22 00:00:00,0.64
14967,US_10Y_DAILY,2020-08-24,2020-08-25 00:00:00,0.65
14968,US_10Y_DAILY,2020-08-25,2020-08-26 00:00:00,0.69
14969,US_10Y_DAILY,2020-08-26,2020-08-27 00:00:00,0.69
14970,US_10Y_DAILY,2020-08-27,2020-08-28 00:00:00,0.74
14971,US_10Y_DAILY,2020-08-28,2020-08-29 00:00:00,0.74
14972,US_10Y_DAILY,2020-08-31,2020-09-01 00:00:00,0.72
14973,US_10Y_DAILY,2020-09-01,2020-09-02 00:00:00,0.68
14974,US_10Y_DAILY,2020-09-02,2020-09-03 00:00:00,0.66
14975,US_10Y_DAILY,2020-09-03,2020-09-04 00:00:00,0.63
14976,US_10Y_DAILY,2020-09-04,2020-09-05 00:00:00,0.72
14977,US_10Y_DAILY,2020-09-08,2020-09-09 00:00:00,0.69
14978,US_10Y_DAILY,2020-09-09,2020-09-10 00:00:00,0.71
14979,US_10Y_DAILY,2020-09-10,2020-09-11 00:00:00,0.68
14980,US_10Y_DAILY,2020-09-11,2020-09-12 00:00:00,0.67
14981,US_10Y_DAILY,2020-09-14,2020-09-15 00:00:00,0.68
14982,US_10Y_DAILY,2020-09-15,2020-09-16 00:00:00,0.68
14983,US_10Y_DAILY,2020-09-16,2020-09-17 00:00:00,0.69
14984,US_10Y_DAILY,2020-09-17,2020-09-18 00:00:00,0.69
14985,US_10Y_DAILY,2020-09-18,2020-09-19 00:00:00,0.7
14986,US_10Y_DAILY,2020-09-21,2020-09-22 00:00:00,0.68
14987,US_10Y_DAILY,2020-09-22,2020-09-23 00:00:00,0.68
14988,US_10Y_DAILY,2020-09-23,2020-09-24 00:00:00,0.68
14989,US_10Y_DAILY,2020-09-24,2020-09-25 00:00:00,0.67
14990,US_10Y_DAILY,2020-09-25,2020-09-26 00:00:00,0.66
14991,US_10Y_DAILY,2020-09-28,2020-09-29 00:00:00,0.67
14992,US_10Y_DAILY,2020-09-29,2020-09-30 00:00:00,0.66
14993,US_10Y_DAILY,2020-09-30,2020-10-01 00:00:00,0.69
14994,US_10Y_DAILY,2020-10-01,2020-10-02 00:00:00,0.68
14995,US_10Y_DAILY,2020-10-02,2020-10-03 00:00:00,0.7
14996,US_10Y_DAILY,2020-10-05,2020-10-06 00:00:00,0.78
14997,US_10Y_DAILY,2020-10-06,2020-10-07 00:00:00,0.76
14998,US_10Y_DAILY,2020-10-07,2020-10-08 00:00:00,0.81
14999,US_10Y_DAILY,2020-10-08,2020-10-09 00:00:00,0.78
15000,US_10Y_DAILY,2020-10-09,2020-10-10 00:00:00,0.79
15001,US_10Y_DAILY,2020-10-13,2020-10-14 00:00:00,0.74
15002,US_10Y_DAILY,2020-10-14,2020-10-15 00:00:00,0.73
15003,US_10Y_DAILY,2020-10-15,2020-10-16 00:00:00,0.74
15004,US_10Y_DAILY,2020-10-16,2020-10-17 00:00:00,0.76
15005,US_10Y_DAILY,2020-10-19,2020-10-20 00:00:00,0.78
15006,US_10Y_DAILY,2020-10-20,2020-10-21 00:00:00,0.81
15007,US_10Y_DAILY,2020-10-21,2020-10-22 00:00:00,0.83
15008,US_10Y_DAILY,2020-10-22,2020-10-23 00:00:00,0.87
15009,US_10Y_DAILY,2020-10-23,2020-10-24 00:00:00,0.85
15010,US_10Y_DAILY,2020-10-26,2020-10-27 00:00:00,0.81
15011,US_10Y_DAILY,2020-10-27,2020-10-28 00:00:00,0.79
15012,US_10Y_DAILY,2020-10-28,2020-10-29 00:00:00,0.79
15013,US_10Y_DAILY,2020-10-29,2020-10-30 00:00:00,0.85
15014,US_10Y_DAILY,2020-10-30,2020-10-31 00:00:00,0.88
15015,US_10Y_DAILY,2020-11-02,2020-11-03 00:00:00,0.87
15016,US_10Y_DAILY,2020-11-03,2020-11-04 00:00:00,0.9
15017,US_10Y_DAILY,2020-11-04,2020-11-05 00:00:00,0.78
15018,US_10Y_DAILY,2020-11-05,2020-11-06 00:00:00,0.79
15019,US_10Y_DAILY,2020-11-06,2020-11-07 00:00:00,0.83
15020,US_10Y_DAILY,2020-11-09,2020-11-10 00:00:00,0.96
15021,US_10Y_DAILY,2020-11-10,2020-11-11 00:00:00,0.98
15022,US_10Y_DAILY,2020-11-12,2020-11-13 00:00:00,0.88
15023,US_10Y_DAILY,2020-11-13,2020-11-14 00:00:00,0.89
15024,US_10Y_DAILY,2020-11-16,2020-11-17 00:00:00,0.91
15025,US_10Y_DAILY,2020-11-17,2020-11-18 00:00:00,0.87
15026,US_10Y_DAILY,2020-11-18,2020-11-19 00:00:00,0.88
15027,US_10Y_DAILY,2020-11-19,2020-11-20 00:00:00,0.86
15028,US_10Y_DAILY,2020-11-20,2020-11-21 00:00:00,0.83
15029,US_10Y_DAILY,2020-11-23,2020-11-24 00:00:00,0.86
15030,US_10Y_DAILY,2020-11-24,2020-11-25 00:00:00,0.88
15031,US_10Y_DAILY,2020-11-25,2020-11-26 00:00:00,0.88
15032,US_10Y_DAILY,2020-11-27,2020-11-28 00:00:00,0.84
15033,US_10Y_DAILY,2020-11-30,2020-12-01 00:00:00,0.84
15034,US_10Y_DAILY,2020-12-01,2020-12-02 00:00:00,0.92
15035,US_10Y_DAILY,2020-12-02,2020-12-03 00:00:00,0.95
15036,US_10Y_DAILY,2020-12-03,2020-12-04 00:00:00,0.92
15037,US_10Y_DAILY,2020-12-04,2020-12-05 00:00:00,0.97
15038,US_10Y_DAILY,2020-12-07,2020-12-08 00:00:00,0.94
15039,US_10Y_DAILY,2020-12-08,2020-12-09 00:00:00,0.92
15040,US_10Y_DAILY,2020-12-09,2020-12-10 00:00:00,0.95
15041,US_10Y_DAILY,2020-12-10,2020-12-11 00:00:00,0.92
15042,US_10Y_DAILY,2020-12-11,2020-12-12 00:00:00,0.9
15043,US_10Y_DAILY,2020-12-14,2020-12-15 00:00:00,0.9
15044,US_10Y_DAILY,2020-12-15,2020-12-16 00:00:00,0.92
15045,US_10Y_DAILY,2020-12-16,2020-12-17 00:00:00,0.92
15046,US_10Y_DAILY,2020-12-17,2020-12-18 00:00:00,0.94
15047,US_10Y_DAILY,2020-12-18,2020-12-19 00:00:00,0.95
15048,US_10Y_DAILY,2020-12-21,2020-12-22 00:00:00,0.95
15049,US_10Y_DAILY,2020-12-22,2020-12-23 00:00:00,0.93
15050,US_10Y_DAILY,2020-12-23,2020-12-24 00:00:00,0.96
15051,US_10Y_DAILY,2020-12-24,2020-12-25 00:00:00,0.94
15052,US_10Y_DAILY,2020-12-28,2020-12-29 00:00:00,0.94
15053,US_10Y_DAILY,2020-12-29,2020-12-30 00:00:00,0.94
15054,US_10Y_DAILY,2020-12-30,2020-12-31 00:00:00,0.93
15055,US_10Y_DAILY,2020-12-31,2021-01-01 00:00:00,0.93
15056,US_10Y_DAILY,2021-01-04,2021-01-05 00:00:00,0.93
15057,US_10Y_DAILY,2021-01-05,2021-01-06 00:00:00,0.96
15058,US_10Y_DAILY,2021-01-06,2021-01-07 00:00:00,1.04
15059,US_10Y_DAILY,2021-01-07,2021-01-08 00:00:00,1.08
15060,US_10Y_DAILY,2021-01-08,2021-01-09 00:00:00,1.13
15061,US_10Y_DAILY,2021-01-11,2021-01-12 00:00:00,1.15
15062,US_10Y_DAILY,2021-01-12,2021-01-13 00:00:00,1.15
15063,US_10Y_DAILY,2021-01-13,2021-01-14 00:00:00,1.1
15064,US_10Y_DAILY,2021-01-14,2021-01-15 00:00:00,1.15
15065,US_10Y_DAILY,2021-01-15,2021-01-16 00:00:00,1.11
15066,US_10Y_DAILY,2021-01-19,2021-01-20 00:00:00,1.1
15067,US_10Y_DAILY,2021-01-20,2021-01-21 00:00:00,1.1
15068,US_10Y_DAILY,2021-01-21,2021-01-22 00:00:00,1.12
15069,US_10Y_DAILY,2021-01-22,2021-01-23 00:00:00,1.1
15070,US_10Y_DAILY,2021-01-25,2021-01-26 00:00:00,1.05
15071,US_10Y_DAILY,2021-01-26,2021-01-27 00:00:00,1.05
15072,US_10Y_DAILY,2021-01-27,2021-01-28 00:00:00,1.04
15073,US_10Y_DAILY,2021-01-28,2021-01-29 00:00:00,1.07
15074,US_10Y_DAILY,2021-01-29,2021-01-30 00:00:00,1.11
15075,US_10Y_DAILY,2021-02-01,2021-02-02 00:00:00,1.09
15076,US_10Y_DAILY,2021-02-02,2021-02-03 00:00:00,1.12
15077,US_10Y_DAILY,2021-02-03,2021-02-04 00:00:00,1.15
15078,US_10Y_DAILY,2021-02-04,2021-02-05 00:00:00,1.15
15079,US_10Y_DAILY,2021-02-05,2021-02-06 00:00:00,1.19
15080,US_10Y_DAILY,2021-02-08,2021-02-09 00:00:00,1.19
15081,US_10Y_DAILY,2021-02-09,2021-02-10 00:00:00,1.18
15082,US_10Y_DAILY,2021-02-10,2021-02-11 00:00:00,1.15
15083,US_10Y_DAILY,2021-02-11,2021-02-12 00:00:00,1.16
15084,US_10Y_DAILY,2021-02-12,2021-02-13 00:00:00,1.2
15085,US_10Y_DAILY,2021-02-16,2021-02-17 00:00:00,1.3
15086,US_10Y_DAILY,2021-02-17,2021-02-18 00:00:00,1.29
15087,US_10Y_DAILY,2021-02-18,2021-02-19 00:00:00,1.29
15088,US_10Y_DAILY,2021-02-19,2021-02-20 00:00:00,1.34
15089,US_10Y_DAILY,2021-02-22,2021-02-23 00:00:00,1.37
15090,US_10Y_DAILY,2021-02-23,2021-02-24 00:00:00,1.37
15091,US_10Y_DAILY,2021-02-24,2021-02-25 00:00:00,1.38
15092,US_10Y_DAILY,2021-02-25,2021-02-26 00:00:00,1.54
15093,US_10Y_DAILY,2021-02-26,2021-02-27 00:00:00,1.44
15094,US_10Y_DAILY,2021-03-01,2021-03-02 00:00:00,1.45
15095,US_10Y_DAILY,2021-03-02,2021-03-03 00:00:00,1.42
15096,US_10Y_DAILY,2021-03-03,2021-03-04 00:00:00,1.47
15097,US_10Y_DAILY,2021-03-04,2021-03-05 00:00:00,1.54
15098,US_10Y_DAILY,2021-03-05,2021-03-06 00:00:00,1.56
15099,US_10Y_DAILY,2021-03-08,2021-03-09 00:00:00,1.59
15100,US_10Y_DAILY,2021-03-09,2021-03-10 00:00:00,1.55
15101,US_10Y_DAILY,2021-03-10,2021-03-11 00:00:00,1.53
15102,US_10Y_DAILY,2021-03-11,2021-03-12 00:00:00,1.54
15103,US_10Y_DAILY,2021-03-12,2021-03-13 00:00:00,1.64
15104,US_10Y_DAILY,2021-03-15,2021-03-16 00:00:00,1.62
15105,US_10Y_DAILY,2021-03-16,2021-03-17 00:00:00,1.62
15106,US_10Y_DAILY,2021-03-17,2021-03-18 00:00:00,1.63
15107,US_10Y_DAILY,2021-03-18,2021-03-19 00:00:00,1.71
15108,US_10Y_DAILY,2021-03-19,2021-03-20 00:00:00,1.74
15109,US_10Y_DAILY,2021-03-22,2021-03-23 00:00:00,1.69
15110,US_10Y_DAILY,2021-03-23,2021-03-24 00:00:00,1.63
15111,US_10Y_DAILY,2021-03-24,2021-03-25 00:00:00,1.62
15112,US_10Y_DAILY,2021-03-25,2021-03-26 00:00:00,1.63
15113,US_10Y_DAILY,2021-03-26,2021-03-27 00:00:00,1.67
15114,US_10Y_DAILY,2021-03-29,2021-03-30 00:00:00,1.73
15115,US_10Y_DAILY,2021-03-30,2021-03-31 00:00:00,1.73
15116,US_10Y_DAILY,2021-03-31,2021-04-01 00:00:00,1.74
15117,US_10Y_DAILY,2021-04-01,2021-04-02 00:00:00,1.69
15118,US_10Y_DAILY,2021-04-02,2021-04-03 00:00:00,1.72
15119,US_10Y_DAILY,2021-04-05,2021-04-06 00:00:00,1.73
15120,US_10Y_DAILY,2021-04-06,2021-04-07 00:00:00,1.67
15121,US_10Y_DAILY,2021-04-07,2021-04-08 00:00:00,1.68
15122,US_10Y_DAILY,2021-04-08,2021-04-09 00:00:00,1.64
15123,US_10Y_DAILY,2021-04-09,2021-04-10 00:00:00,1.67
15124,US_10Y_DAILY,2021-04-12,2021-04-13 00:00:00,1.69
15125,US_10Y_DAILY,2021-04-13,2021-04-14 00:00:00,1.64
15126,US_10Y_DAILY,2021-04-14,2021-04-15 00:00:00,1.64
15127,US_10Y_DAILY,2021-04-15,2021-04-16 00:00:00,1.56
15128,US_10Y_DAILY,2021-04-16,2021-04-17 00:00:00,1.59
15129,US_10Y_DAILY,2021-04-19,2021-04-20 00:00:00,1.61
15130,US_10Y_DAILY,2021-04-20,2021-04-21 00:00:00,1.58
15131,US_10Y_DAILY,2021-04-21,2021-04-22 00:00:00,1.57
15132,US_10Y_DAILY,2021-04-22,2021-04-23 00:00:00,1.57
15133,US_10Y_DAILY,2021-04-23,2021-04-24 00:00:00,1.58
15134,US_10Y_DAILY,2021-04-26,2021-04-27 00:00:00,1.58
15135,US_10Y_DAILY,2021-04-27,2021-04-28 00:00:00,1.63
15136,US_10Y_DAILY,2021-04-28,2021-04-29 00:00:00,1.63
15137,US_10Y_DAILY,2021-04-29,2021-04-30 00:00:00,1.65
15138,US_10Y_DAILY,2021-04-30,2021-05-01 00:00:00,1.65
15139,US_10Y_DAILY,2021-05-03,2021-05-04 00:00:00,1.63
15140,US_10Y_DAILY,2021-05-04,2021-05-05 00:00:00,1.61
15141,US_10Y_DAILY,2021-05-05,2021-05-06 00:00:00,1.59
15142,US_10Y_DAILY,2021-05-06,2021-05-07 00:00:00,1.58
15143,US_10Y_DAILY,2021-05-07,2021-05-08 00:00:00,1.6
15144,US_10Y_DAILY,2021-05-10,2021-05-11 00:00:00,1.63
15145,US_10Y_DAILY,2021-05-11,2021-05-12 00:00:00,1.64
15146,US_10Y_DAILY,2021-05-12,2021-05-13 00:00:00,1.69
15147,US_10Y_DAILY,2021-05-13,2021-05-14 00:00:00,1.66
15148,US_10Y_DAILY,2021-05-14,2021-05-15 00:00:00,1.63
15149,US_10Y_DAILY,2021-05-17,2021-05-18 00:00:00,1.64
15150,US_10Y_DAILY,2021-05-18,2021-05-19 00:00:00,1.64
15151,US_10Y_DAILY,2021-05-19,2021-05-20 00:00:00,1.68
15152,US_10Y_DAILY,2021-05-20,2021-05-21 00:00:00,1.63
15153,US_10Y_DAILY,2021-05-21,2021-05-22 00:00:00,1.63
15154,US_10Y_DAILY,2021-05-24,2021-05-25 00:00:00,1.61
15155,US_10Y_DAILY,2021-05-25,2021-05-26 00:00:00,1.56
15156,US_10Y_DAILY,2021-05-26,2021-05-27 00:00:00,1.58
15157,US_10Y_DAILY,2021-05-27,2021-05-28 00:00:00,1.61
15158,US_10Y_DAILY,2021-05-28,2021-05-29 00:00:00,1.58
15159,US_10Y_DAILY,2021-06-01,2021-06-02 00:00:00,1.62
15160,US_10Y_DAILY,2021-06-02,2021-06-03 00:00:00,1.59
15161,US_10Y_DAILY,2021-06-03,2021-06-04 00:00:00,1.63
15162,US_10Y_DAILY,2021-06-04,2021-06-05 00:00:00,1.56
15163,US_10Y_DAILY,2021-06-07,2021-06-08 00:00:00,1.57
15164,US_10Y_DAILY,2021-06-08,2021-06-09 00:00:00,1.53
15165,US_10Y_DAILY,2021-06-09,2021-06-10 00:00:00,1.5
15166,US_10Y_DAILY,2021-06-10,2021-06-11 00:00:00,1.45
15167,US_10Y_DAILY,2021-06-11,2021-06-12 00:00:00,1.47
15168,US_10Y_DAILY,2021-06-14,2021-06-15 00:00:00,1.51
15169,US_10Y_DAILY,2021-06-15,2021-06-16 00:00:00,1.51
15170,US_10Y_DAILY,2021-06-16,2021-06-17 00:00:00,1.57
15171,US_10Y_DAILY,2021-06-17,2021-06-18 00:00:00,1.52
15172,US_10Y_DAILY,2021-06-18,2021-06-19 00:00:00,1.45
15173,US_10Y_DAILY,2021-06-21,2021-06-22 00:00:00,1.5
15174,US_10Y_DAILY,2021-06-22,2021-06-23 00:00:00,1.48
15175,US_10Y_DAILY,2021-06-23,2021-06-24 00:00:00,1.5
15176,US_10Y_DAILY,2021-06-24,2021-06-25 00:00:00,1.49
15177,US_10Y_DAILY,2021-06-25,2021-06-26 00:00:00,1.54
15178,US_10Y_DAILY,2021-06-28,2021-06-29 00:00:00,1.49
15179,US_10Y_DAILY,2021-06-29,2021-06-30 00:00:00,1.49
15180,US_10Y_DAILY,2021-06-30,2021-07-01 00:00:00,1.45
15181,US_10Y_DAILY,2021-07-01,2021-07-02 00:00:00,1.48
15182,US_10Y_DAILY,2021-07-02,2021-07-03 00:00:00,1.44
15183,US_10Y_DAILY,2021-07-06,2021-07-07 00:00:00,1.37
15184,US_10Y_DAILY,2021-07-07,2021-07-08 00:00:00,1.33
15185,US_10Y_DAILY,2021-07-08,2021-07-09 00:00:00,1.3
15186,US_10Y_DAILY,2021-07-09,2021-07-10 00:00:00,1.37
15187,US_10Y_DAILY,2021-07-12,2021-07-13 00:00:00,1.38
15188,US_10Y_DAILY,2021-07-13,2021-07-14 00:00:00,1.42
15189,US_10Y_DAILY,2021-07-14,2021-07-15 00:00:00,1.37
15190,US_10Y_DAILY,2021-07-15,2021-07-16 00:00:00,1.31
15191,US_10Y_DAILY,2021-07-16,2021-07-17 00:00:00,1.31
15192,US_10Y_DAILY,2021-07-19,2021-07-20 00:00:00,1.19
15193,US_10Y_DAILY,2021-07-20,2021-07-21 00:00:00,1.23
15194,US_10Y_DAILY,2021-07-21,2021-07-22 00:00:00,1.3
15195,US_10Y_DAILY,2021-07-22,2021-07-23 00:00:00,1.27
15196,US_10Y_DAILY,2021-07-23,2021-07-24 00:00:00,1.3
15197,US_10Y_DAILY,2021-07-26,2021-07-27 00:00:00,1.29
15198,US_10Y_DAILY,2021-07-27,2021-07-28 00:00:00,1.25
15199,US_10Y_DAILY,2021-07-28,2021-07-29 00:00:00,1.26
15200,US_10Y_DAILY,2021-07-29,2021-07-30 00:00:00,1.28
15201,US_10Y_DAILY,2021-07-30,2021-07-31 00:00:00,1.24
15202,US_10Y_DAILY,2021-08-02,2021-08-03 00:00:00,1.2
15203,US_10Y_DAILY,2021-08-03,2021-08-04 00:00:00,1.19
15204,US_10Y_DAILY,2021-08-04,2021-08-05 00:00:00,1.19
15205,US_10Y_DAILY,2021-08-05,2021-08-06 00:00:00,1.23
15206,US_10Y_DAILY,2021-08-06,2021-08-07 00:00:00,1.31
15207,US_10Y_DAILY,2021-08-09,2021-08-10 00:00:00,1.33
15208,US_10Y_DAILY,2021-08-10,2021-08-11 00:00:00,1.36
15209,US_10Y_DAILY,2021-08-11,2021-08-12 00:00:00,1.35
15210,US_10Y_DAILY,2021-08-12,2021-08-13 00:00:00,1.36
15211,US_10Y_DAILY,2021-08-13,2021-08-14 00:00:00,1.29
15212,US_10Y_DAILY,2021-08-16,2021-08-17 00:00:00,1.26
15213,US_10Y_DAILY,2021-08-17,2021-08-18 00:00:00,1.26
15214,US_10Y_DAILY,2021-08-18,2021-08-19 00:00:00,1.27
15215,US_10Y_DAILY,2021-08-19,2021-08-20 00:00:00,1.24
15216,US_10Y_DAILY,2021-08-20,2021-08-21 00:00:00,1.26
15217,US_10Y_DAILY,2021-08-23,2021-08-24 00:00:00,1.25
15218,US_10Y_DAILY,2021-08-24,2021-08-25 00:00:00,1.29
15219,US_10Y_DAILY,2021-08-25,2021-08-26 00:00:00,1.35
15220,US_10Y_DAILY,2021-08-26,2021-08-27 00:00:00,1.34
15221,US_10Y_DAILY,2021-08-27,2021-08-28 00:00:00,1.31
15222,US_10Y_DAILY,2021-08-30,2021-08-31 00:00:00,1.29
15223,US_10Y_DAILY,2021-08-31,2021-09-01 00:00:00,1.3
15224,US_10Y_DAILY,2021-09-01,2021-09-02 00:00:00,1.31
15225,US_10Y_DAILY,2021-09-02,2021-09-03 00:00:00,1.29
15226,US_10Y_DAILY,2021-09-03,2021-09-04 00:00:00,1.33
15227,US_10Y_DAILY,2021-09-07,2021-09-08 00:00:00,1.38
15228,US_10Y_DAILY,2021-09-08,2021-09-09 00:00:00,1.35
15229,US_10Y_DAILY,2021-09-09,2021-09-10 00:00:00,1.3
15230,US_10Y_DAILY,2021-09-10,2021-09-11 00:00:00,1.35
15231,US_10Y_DAILY,2021-09-13,2021-09-14 00:00:00,1.33
15232,US_10Y_DAILY,2021-09-14,2021-09-15 00:00:00,1.28
15233,US_10Y_DAILY,2021-09-15,2021-09-16 00:00:00,1.31
15234,US_10Y_DAILY,2021-09-16,2021-09-17 00:00:00,1.34
15235,US_10Y_DAILY,2021-09-17,2021-09-18 00:00:00,1.37
15236,US_10Y_DAILY,2021-09-20,2021-09-21 00:00:00,1.31
15237,US_10Y_DAILY,2021-09-21,2021-09-22 00:00:00,1.33
15238,US_10Y_DAILY,2021-09-22,2021-09-23 00:00:00,1.32
15239,US_10Y_DAILY,2021-09-23,2021-09-24 00:00:00,1.41
15240,US_10Y_DAILY,2021-09-24,2021-09-25 00:00:00,1.47
15241,US_10Y_DAILY,2021-09-27,2021-09-28 00:00:00,1.48
15242,US_10Y_DAILY,2021-09-28,2021-09-29 00:00:00,1.54
15243,US_10Y_DAILY,2021-09-29,2021-09-30 00:00:00,1.55
15244,US_10Y_DAILY,2021-09-30,2021-10-01 00:00:00,1.52
15245,US_10Y_DAILY,2021-10-01,2021-10-02 00:00:00,1.48
15246,US_10Y_DAILY,2021-10-04,2021-10-05 00:00:00,1.49
15247,US_10Y_DAILY,2021-10-05,2021-10-06 00:00:00,1.54
15248,US_10Y_DAILY,2021-10-06,2021-10-07 00:00:00,1.53
15249,US_10Y_DAILY,2021-10-07,2021-10-08 00:00:00,1.58
15250,US_10Y_DAILY,2021-10-08,2021-10-09 00:00:00,1.61
15251,US_10Y_DAILY,2021-10-12,2021-10-13 00:00:00,1.59
15252,US_10Y_DAILY,2021-10-13,2021-10-14 00:00:00,1.56
15253,US_10Y_DAILY,2021-10-14,2021-10-15 00:00:00,1.52
15254,US_10Y_DAILY,2021-10-15,2021-10-16 00:00:00,1.59
15255,US_10Y_DAILY,2021-10-18,2021-10-19 00:00:00,1.59
15256,US_10Y_DAILY,2021-10-19,2021-10-20 00:00:00,1.65
15257,US_10Y_DAILY,2021-10-20,2021-10-21 00:00:00,1.65
15258,US_10Y_DAILY,2021-10-21,2021-10-22 00:00:00,1.68
15259,US_10Y_DAILY,2021-10-22,2021-10-23 00:00:00,1.66
15260,US_10Y_DAILY,2021-10-25,2021-10-26 00:00:00,1.64
15261,US_10Y_DAILY,2021-10-26,2021-10-27 00:00:00,1.63
15262,US_10Y_DAILY,2021-10-27,2021-10-28 00:00:00,1.54
15263,US_10Y_DAILY,2021-10-28,2021-10-29 00:00:00,1.57
15264,US_10Y_DAILY,2021-10-29,2021-10-30 00:00:00,1.55
15265,US_10Y_DAILY,2021-11-01,2021-11-02 00:00:00,1.58
15266,US_10Y_DAILY,2021-11-02,2021-11-03 00:00:00,1.56
15267,US_10Y_DAILY,2021-11-03,2021-11-04 00:00:00,1.6
15268,US_10Y_DAILY,2021-11-04,2021-11-05 00:00:00,1.53
15269,US_10Y_DAILY,2021-11-05,2021-11-06 00:00:00,1.45
15270,US_10Y_DAILY,2021-11-08,2021-11-09 00:00:00,1.51
15271,US_10Y_DAILY,2021-11-09,2021-11-10 00:00:00,1.46
15272,US_10Y_DAILY,2021-11-10,2021-11-11 00:00:00,1.56
15273,US_10Y_DAILY,2021-11-12,2021-11-13 00:00:00,1.58
15274,US_10Y_DAILY,2021-11-15,2021-11-16 00:00:00,1.63
15275,US_10Y_DAILY,2021-11-16,2021-11-17 00:00:00,1.63
15276,US_10Y_DAILY,2021-11-17,2021-11-18 00:00:00,1.6
15277,US_10Y_DAILY,2021-11-18,2021-11-19 00:00:00,1.59
15278,US_10Y_DAILY,2021-11-19,2021-11-20 00:00:00,1.54
15279,US_10Y_DAILY,2021-11-22,2021-11-23 00:00:00,1.63
15280,US_10Y_DAILY,2021-11-23,2021-11-24 00:00:00,1.67
15281,US_10Y_DAILY,2021-11-24,2021-11-25 00:00:00,1.64
15282,US_10Y_DAILY,2021-11-26,2021-11-27 00:00:00,1.48
15283,US_10Y_DAILY,2021-11-29,2021-11-30 00:00:00,1.52
15284,US_10Y_DAILY,2021-11-30,2021-12-01 00:00:00,1.43
15285,US_10Y_DAILY,2021-12-01,2021-12-02 00:00:00,1.43
15286,US_10Y_DAILY,2021-12-02,2021-12-03 00:00:00,1.44
15287,US_10Y_DAILY,2021-12-03,2021-12-04 00:00:00,1.35
15288,US_10Y_DAILY,2021-12-06,2021-12-07 00:00:00,1.43
15289,US_10Y_DAILY,2021-12-07,2021-12-08 00:00:00,1.48
15290,US_10Y_DAILY,2021-12-08,2021-12-09 00:00:00,1.52
15291,US_10Y_DAILY,2021-12-09,2021-12-10 00:00:00,1.49
15292,US_10Y_DAILY,2021-12-10,2021-12-11 00:00:00,1.48
15293,US_10Y_DAILY,2021-12-13,2021-12-14 00:00:00,1.42
15294,US_10Y_DAILY,2021-12-14,2021-12-15 00:00:00,1.44
15295,US_10Y_DAILY,2021-12-15,2021-12-16 00:00:00,1.47
15296,US_10Y_DAILY,2021-12-16,2021-12-17 00:00:00,1.44
15297,US_10Y_DAILY,2021-12-17,2021-12-18 00:00:00,1.41
15298,US_10Y_DAILY,2021-12-20,2021-12-21 00:00:00,1.43
15299,US_10Y_DAILY,2021-12-21,2021-12-22 00:00:00,1.48
15300,US_10Y_DAILY,2021-12-22,2021-12-23 00:00:00,1.46
15301,US_10Y_DAILY,2021-12-23,2021-12-24 00:00:00,1.5
15302,US_10Y_DAILY,2021-12-27,2021-12-28 00:00:00,1.48
15303,US_10Y_DAILY,2021-12-28,2021-12-29 00:00:00,1.49
15304,US_10Y_DAILY,2021-12-29,2021-12-30 00:00:00,1.55
15305,US_10Y_DAILY,2021-12-30,2021-12-31 00:00:00,1.52
15306,US_10Y_DAILY,2021-12-31,2022-01-01 00:00:00,1.52
15307,US_10Y_DAILY,2022-01-03,2022-01-04 00:00:00,1.63
15308,US_10Y_DAILY,2022-01-04,2022-01-05 00:00:00,1.66
15309,US_10Y_DAILY,2022-01-05,2022-01-06 00:00:00,1.71
15310,US_10Y_DAILY,2022-01-06,2022-01-07 00:00:00,1.73
15311,US_10Y_DAILY,2022-01-07,2022-01-08 00:00:00,1.76
15312,US_10Y_DAILY,2022-01-10,2022-01-11 00:00:00,1.78
15313,US_10Y_DAILY,2022-01-11,2022-01-12 00:00:00,1.75
15314,US_10Y_DAILY,2022-01-12,2022-01-13 00:00:00,1.74
15315,US_10Y_DAILY,2022-01-13,2022-01-14 00:00:00,1.7
15316,US_10Y_DAILY,2022-01-14,2022-01-15 00:00:00,1.78
15317,US_10Y_DAILY,2022-01-18,2022-01-19 00:00:00,1.87
15318,US_10Y_DAILY,2022-01-19,2022-01-20 00:00:00,1.83
15319,US_10Y_DAILY,2022-01-20,2022-01-21 00:00:00,1.83
15320,US_10Y_DAILY,2022-01-21,2022-01-22 00:00:00,1.75
15321,US_10Y_DAILY,2022-01-24,2022-01-25 00:00:00,1.75
15322,US_10Y_DAILY,2022-01-25,2022-01-26 00:00:00,1.78
15323,US_10Y_DAILY,2022-01-26,2022-01-27 00:00:00,1.85
15324,US_10Y_DAILY,2022-01-27,2022-01-28 00:00:00,1.81
15325,US_10Y_DAILY,2022-01-28,2022-01-29 00:00:00,1.78
15326,US_10Y_DAILY,2022-01-31,2022-02-01 00:00:00,1.79
15327,US_10Y_DAILY,2022-02-01,2022-02-02 00:00:00,1.81
15328,US_10Y_DAILY,2022-02-02,2022-02-03 00:00:00,1.78
15329,US_10Y_DAILY,2022-02-03,2022-02-04 00:00:00,1.82
15330,US_10Y_DAILY,2022-02-04,2022-02-05 00:00:00,1.93
15331,US_10Y_DAILY,2022-02-07,2022-02-08 00:00:00,1.92
15332,US_10Y_DAILY,2022-02-08,2022-02-09 00:00:00,1.96
15333,US_10Y_DAILY,2022-02-09,2022-02-10 00:00:00,1.94
15334,US_10Y_DAILY,2022-02-10,2022-02-11 00:00:00,2.03
15335,US_10Y_DAILY,2022-02-11,2022-02-12 00:00:00,1.92
15336,US_10Y_DAILY,2022-02-14,2022-02-15 00:00:00,1.98
15337,US_10Y_DAILY,2022-02-15,2022-02-16 00:00:00,2.05
15338,US_10Y_DAILY,2022-02-16,2022-02-17 00:00:00,2.03
15339,US_10Y_DAILY,2022-02-17,2022-02-18 00:00:00,1.97
15340,US_10Y_DAILY,2022-02-18,2022-02-19 00:00:00,1.92
15341,US_10Y_DAILY,2022-02-22,2022-02-23 00:00:00,1.94
15342,US_10Y_DAILY,2022-02-23,2022-02-24 00:00:00,1.99
15343,US_10Y_DAILY,2022-02-24,2022-02-25 00:00:00,1.96
15344,US_10Y_DAILY,2022-02-25,2022-02-26 00:00:00,1.97
15345,US_10Y_DAILY,2022-02-28,2022-03-01 00:00:00,1.83
15346,US_10Y_DAILY,2022-03-01,2022-03-02 00:00:00,1.72
15347,US_10Y_DAILY,2022-03-02,2022-03-03 00:00:00,1.86
15348,US_10Y_DAILY,2022-03-03,2022-03-04 00:00:00,1.86
15349,US_10Y_DAILY,2022-03-04,2022-03-05 00:00:00,1.74
15350,US_10Y_DAILY,2022-03-07,2022-03-08 00:00:00,1.78
15351,US_10Y_DAILY,2022-03-08,2022-03-09 00:00:00,1.86
15352,US_10Y_DAILY,2022-03-09,2022-03-10 00:00:00,1.94
15353,US_10Y_DAILY,2022-03-10,2022-03-11 00:00:00,1.98
15354,US_10Y_DAILY,2022-03-11,2022-03-12 00:00:00,2
15355,US_10Y_DAILY,2022-03-14,2022-03-15 00:00:00,2.14
15356,US_10Y_DAILY,2022-03-15,2022-03-16 00:00:00,2.15
15357,US_10Y_DAILY,2022-03-16,2022-03-17 00:00:00,2.19
15358,US_10Y_DAILY,2022-03-17,2022-03-18 00:00:00,2.2
15359,US_10Y_DAILY,2022-03-18,2022-03-19 00:00:00,2.14
15360,US_10Y_DAILY,2022-03-21,2022-03-22 00:00:00,2.32
15361,US_10Y_DAILY,2022-03-22,2022-03-23 00:00:00,2.38
15362,US_10Y_DAILY,2022-03-23,2022-03-24 00:00:00,2.32
15363,US_10Y_DAILY,2022-03-24,2022-03-25 00:00:00,2.34
15364,US_10Y_DAILY,2022-03-25,2022-03-26 00:00:00,2.48
15365,US_10Y_DAILY,2022-03-28,2022-03-29 00:00:00,2.46
15366,US_10Y_DAILY,2022-03-29,2022-03-30 00:00:00,2.41
15367,US_10Y_DAILY,2022-03-30,2022-03-31 00:00:00,2.35
15368,US_10Y_DAILY,2022-03-31,2022-04-01 00:00:00,2.32
15369,US_10Y_DAILY,2022-04-01,2022-04-02 00:00:00,2.39
15370,US_10Y_DAILY,2022-04-04,2022-04-05 00:00:00,2.42
15371,US_10Y_DAILY,2022-04-05,2022-04-06 00:00:00,2.54
15372,US_10Y_DAILY,2022-04-06,2022-04-07 00:00:00,2.61
15373,US_10Y_DAILY,2022-04-07,2022-04-08 00:00:00,2.66
15374,US_10Y_DAILY,2022-04-08,2022-04-09 00:00:00,2.72
15375,US_10Y_DAILY,2022-04-11,2022-04-12 00:00:00,2.79
15376,US_10Y_DAILY,2022-04-12,2022-04-13 00:00:00,2.72
15377,US_10Y_DAILY,2022-04-13,2022-04-14 00:00:00,2.7
15378,US_10Y_DAILY,2022-04-14,2022-04-15 00:00:00,2.83
15379,US_10Y_DAILY,2022-04-18,2022-04-19 00:00:00,2.85
15380,US_10Y_DAILY,2022-04-19,2022-04-20 00:00:00,2.93
15381,US_10Y_DAILY,2022-04-20,2022-04-21 00:00:00,2.85
15382,US_10Y_DAILY,2022-04-21,2022-04-22 00:00:00,2.9
15383,US_10Y_DAILY,2022-04-22,2022-04-23 00:00:00,2.9
15384,US_10Y_DAILY,2022-04-25,2022-04-26 00:00:00,2.81
15385,US_10Y_DAILY,2022-04-26,2022-04-27 00:00:00,2.77
15386,US_10Y_DAILY,2022-04-27,2022-04-28 00:00:00,2.82
15387,US_10Y_DAILY,2022-04-28,2022-04-29 00:00:00,2.85
15388,US_10Y_DAILY,2022-04-29,2022-04-30 00:00:00,2.89
15389,US_10Y_DAILY,2022-05-02,2022-05-03 00:00:00,2.99
15390,US_10Y_DAILY,2022-05-03,2022-05-04 00:00:00,2.97
15391,US_10Y_DAILY,2022-05-04,2022-05-05 00:00:00,2.93
15392,US_10Y_DAILY,2022-05-05,2022-05-06 00:00:00,3.05
15393,US_10Y_DAILY,2022-05-06,2022-05-07 00:00:00,3.12
15394,US_10Y_DAILY,2022-05-09,2022-05-10 00:00:00,3.05
15395,US_10Y_DAILY,2022-05-10,2022-05-11 00:00:00,2.99
15396,US_10Y_DAILY,2022-05-11,2022-05-12 00:00:00,2.91
15397,US_10Y_DAILY,2022-05-12,2022-05-13 00:00:00,2.84
15398,US_10Y_DAILY,2022-05-13,2022-05-14 00:00:00,2.93
15399,US_10Y_DAILY,2022-05-16,2022-05-17 00:00:00,2.88
15400,US_10Y_DAILY,2022-05-17,2022-05-18 00:00:00,2.98
15401,US_10Y_DAILY,2022-05-18,2022-05-19 00:00:00,2.89
15402,US_10Y_DAILY,2022-05-19,2022-05-20 00:00:00,2.84
15403,US_10Y_DAILY,2022-05-20,2022-05-21 00:00:00,2.78
15404,US_10Y_DAILY,2022-05-23,2022-05-24 00:00:00,2.86
15405,US_10Y_DAILY,2022-05-24,2022-05-25 00:00:00,2.76
15406,US_10Y_DAILY,2022-05-25,2022-05-26 00:00:00,2.75
15407,US_10Y_DAILY,2022-05-26,2022-05-27 00:00:00,2.75
15408,US_10Y_DAILY,2022-05-27,2022-05-28 00:00:00,2.74
15409,US_10Y_DAILY,2022-05-31,2022-06-01 00:00:00,2.85
15410,US_10Y_DAILY,2022-06-01,2022-06-02 00:00:00,2.94
15411,US_10Y_DAILY,2022-06-02,2022-06-03 00:00:00,2.92
15412,US_10Y_DAILY,2022-06-03,2022-06-04 00:00:00,2.96
15413,US_10Y_DAILY,2022-06-06,2022-06-07 00:00:00,3.04
15414,US_10Y_DAILY,2022-06-07,2022-06-08 00:00:00,2.98
15415,US_10Y_DAILY,2022-06-08,2022-06-09 00:00:00,3.03
15416,US_10Y_DAILY,2022-06-09,2022-06-10 00:00:00,3.04
15417,US_10Y_DAILY,2022-06-10,2022-06-11 00:00:00,3.15
15418,US_10Y_DAILY,2022-06-13,2022-06-14 00:00:00,3.43
15419,US_10Y_DAILY,2022-06-14,2022-06-15 00:00:00,3.49
15420,US_10Y_DAILY,2022-06-15,2022-06-16 00:00:00,3.33
15421,US_10Y_DAILY,2022-06-16,2022-06-17 00:00:00,3.28
15422,US_10Y_DAILY,2022-06-17,2022-06-18 00:00:00,3.25
15423,US_10Y_DAILY,2022-06-21,2022-06-22 00:00:00,3.31
15424,US_10Y_DAILY,2022-06-22,2022-06-23 00:00:00,3.16
15425,US_10Y_DAILY,2022-06-23,2022-06-24 00:00:00,3.09
15426,US_10Y_DAILY,2022-06-24,2022-06-25 00:00:00,3.13
15427,US_10Y_DAILY,2022-06-27,2022-06-28 00:00:00,3.2
15428,US_10Y_DAILY,2022-06-28,2022-06-29 00:00:00,3.2
15429,US_10Y_DAILY,2022-06-29,2022-06-30 00:00:00,3.1
15430,US_10Y_DAILY,2022-06-30,2022-07-01 00:00:00,2.98
15431,US_10Y_DAILY,2022-07-01,2022-07-02 00:00:00,2.88
15432,US_10Y_DAILY,2022-07-05,2022-07-06 00:00:00,2.82
15433,US_10Y_DAILY,2022-07-06,2022-07-07 00:00:00,2.93
15434,US_10Y_DAILY,2022-07-07,2022-07-08 00:00:00,3.01
15435,US_10Y_DAILY,2022-07-08,2022-07-09 00:00:00,3.09
15436,US_10Y_DAILY,2022-07-11,2022-07-12 00:00:00,2.99
15437,US_10Y_DAILY,2022-07-12,2022-07-13 00:00:00,2.96
15438,US_10Y_DAILY,2022-07-13,2022-07-14 00:00:00,2.91
15439,US_10Y_DAILY,2022-07-14,2022-07-15 00:00:00,2.96
15440,US_10Y_DAILY,2022-07-15,2022-07-16 00:00:00,2.93
15441,US_10Y_DAILY,2022-07-18,2022-07-19 00:00:00,2.96
15442,US_10Y_DAILY,2022-07-19,2022-07-20 00:00:00,3.01
15443,US_10Y_DAILY,2022-07-20,2022-07-21 00:00:00,3.04
15444,US_10Y_DAILY,2022-07-21,2022-07-22 00:00:00,2.91
15445,US_10Y_DAILY,2022-07-22,2022-07-23 00:00:00,2.77
15446,US_10Y_DAILY,2022-07-25,2022-07-26 00:00:00,2.81
15447,US_10Y_DAILY,2022-07-26,2022-07-27 00:00:00,2.81
15448,US_10Y_DAILY,2022-07-27,2022-07-28 00:00:00,2.78
15449,US_10Y_DAILY,2022-07-28,2022-07-29 00:00:00,2.68
15450,US_10Y_DAILY,2022-07-29,2022-07-30 00:00:00,2.67
15451,US_10Y_DAILY,2022-08-01,2022-08-02 00:00:00,2.6
15452,US_10Y_DAILY,2022-08-02,2022-08-03 00:00:00,2.75
15453,US_10Y_DAILY,2022-08-03,2022-08-04 00:00:00,2.73
15454,US_10Y_DAILY,2022-08-04,2022-08-05 00:00:00,2.68
15455,US_10Y_DAILY,2022-08-05,2022-08-06 00:00:00,2.83
15456,US_10Y_DAILY,2022-08-08,2022-08-09 00:00:00,2.77
15457,US_10Y_DAILY,2022-08-09,2022-08-10 00:00:00,2.8
15458,US_10Y_DAILY,2022-08-10,2022-08-11 00:00:00,2.78
15459,US_10Y_DAILY,2022-08-11,2022-08-12 00:00:00,2.87
15460,US_10Y_DAILY,2022-08-12,2022-08-13 00:00:00,2.84
15461,US_10Y_DAILY,2022-08-15,2022-08-16 00:00:00,2.79
15462,US_10Y_DAILY,2022-08-16,2022-08-17 00:00:00,2.82
15463,US_10Y_DAILY,2022-08-17,2022-08-18 00:00:00,2.89
15464,US_10Y_DAILY,2022-08-18,2022-08-19 00:00:00,2.88
15465,US_10Y_DAILY,2022-08-19,2022-08-20 00:00:00,2.98
15466,US_10Y_DAILY,2022-08-22,2022-08-23 00:00:00,3.03
15467,US_10Y_DAILY,2022-08-23,2022-08-24 00:00:00,3.05
15468,US_10Y_DAILY,2022-08-24,2022-08-25 00:00:00,3.11
15469,US_10Y_DAILY,2022-08-25,2022-08-26 00:00:00,3.03
15470,US_10Y_DAILY,2022-08-26,2022-08-27 00:00:00,3.04
15471,US_10Y_DAILY,2022-08-29,2022-08-30 00:00:00,3.12
15472,US_10Y_DAILY,2022-08-30,2022-08-31 00:00:00,3.11
15473,US_10Y_DAILY,2022-08-31,2022-09-01 00:00:00,3.15
15474,US_10Y_DAILY,2022-09-01,2022-09-02 00:00:00,3.26
15475,US_10Y_DAILY,2022-09-02,2022-09-03 00:00:00,3.2
15476,US_10Y_DAILY,2022-09-06,2022-09-07 00:00:00,3.33
15477,US_10Y_DAILY,2022-09-07,2022-09-08 00:00:00,3.27
15478,US_10Y_DAILY,2022-09-08,2022-09-09 00:00:00,3.29
15479,US_10Y_DAILY,2022-09-09,2022-09-10 00:00:00,3.33
15480,US_10Y_DAILY,2022-09-12,2022-09-13 00:00:00,3.37
15481,US_10Y_DAILY,2022-09-13,2022-09-14 00:00:00,3.42
15482,US_10Y_DAILY,2022-09-14,2022-09-15 00:00:00,3.41
15483,US_10Y_DAILY,2022-09-15,2022-09-16 00:00:00,3.45
15484,US_10Y_DAILY,2022-09-16,2022-09-17 00:00:00,3.45
15485,US_10Y_DAILY,2022-09-19,2022-09-20 00:00:00,3.49
15486,US_10Y_DAILY,2022-09-20,2022-09-21 00:00:00,3.57
15487,US_10Y_DAILY,2022-09-21,2022-09-22 00:00:00,3.51
15488,US_10Y_DAILY,2022-09-22,2022-09-23 00:00:00,3.7
15489,US_10Y_DAILY,2022-09-23,2022-09-24 00:00:00,3.69
15490,US_10Y_DAILY,2022-09-26,2022-09-27 00:00:00,3.88
15491,US_10Y_DAILY,2022-09-27,2022-09-28 00:00:00,3.97
15492,US_10Y_DAILY,2022-09-28,2022-09-29 00:00:00,3.72
15493,US_10Y_DAILY,2022-09-29,2022-09-30 00:00:00,3.76
15494,US_10Y_DAILY,2022-09-30,2022-10-01 00:00:00,3.83
15495,US_10Y_DAILY,2022-10-03,2022-10-04 00:00:00,3.67
15496,US_10Y_DAILY,2022-10-04,2022-10-05 00:00:00,3.62
15497,US_10Y_DAILY,2022-10-05,2022-10-06 00:00:00,3.76
15498,US_10Y_DAILY,2022-10-06,2022-10-07 00:00:00,3.83
15499,US_10Y_DAILY,2022-10-07,2022-10-08 00:00:00,3.89
15500,US_10Y_DAILY,2022-10-11,2022-10-12 00:00:00,3.93
15501,US_10Y_DAILY,2022-10-12,2022-10-13 00:00:00,3.91
15502,US_10Y_DAILY,2022-10-13,2022-10-14 00:00:00,3.97
15503,US_10Y_DAILY,2022-10-14,2022-10-15 00:00:00,4
15504,US_10Y_DAILY,2022-10-17,2022-10-18 00:00:00,4.02
15505,US_10Y_DAILY,2022-10-18,2022-10-19 00:00:00,4.01
15506,US_10Y_DAILY,2022-10-19,2022-10-20 00:00:00,4.14
15507,US_10Y_DAILY,2022-10-20,2022-10-21 00:00:00,4.24
15508,US_10Y_DAILY,2022-10-21,2022-10-22 00:00:00,4.21
15509,US_10Y_DAILY,2022-10-24,2022-10-25 00:00:00,4.25
15510,US_10Y_DAILY,2022-10-25,2022-10-26 00:00:00,4.1
15511,US_10Y_DAILY,2022-10-26,2022-10-27 00:00:00,4.04
15512,US_10Y_DAILY,2022-10-27,2022-10-28 00:00:00,3.96
15513,US_10Y_DAILY,2022-10-28,2022-10-29 00:00:00,4.02
15514,US_10Y_DAILY,2022-10-31,2022-11-01 00:00:00,4.1
15515,US_10Y_DAILY,2022-11-01,2022-11-02 00:00:00,4.07
15516,US_10Y_DAILY,2022-11-02,2022-11-03 00:00:00,4.1
15517,US_10Y_DAILY,2022-11-03,2022-11-04 00:00:00,4.14
15518,US_10Y_DAILY,2022-11-04,2022-11-05 00:00:00,4.17
15519,US_10Y_DAILY,2022-11-07,2022-11-08 00:00:00,4.22
15520,US_10Y_DAILY,2022-11-08,2022-11-09 00:00:00,4.14
15521,US_10Y_DAILY,2022-11-09,2022-11-10 00:00:00,4.12
15522,US_10Y_DAILY,2022-11-10,2022-11-11 00:00:00,3.82
15523,US_10Y_DAILY,2022-11-14,2022-11-15 00:00:00,3.88
15524,US_10Y_DAILY,2022-11-15,2022-11-16 00:00:00,3.8
15525,US_10Y_DAILY,2022-11-16,2022-11-17 00:00:00,3.67
15526,US_10Y_DAILY,2022-11-17,2022-11-18 00:00:00,3.77
15527,US_10Y_DAILY,2022-11-18,2022-11-19 00:00:00,3.82
15528,US_10Y_DAILY,2022-11-21,2022-11-22 00:00:00,3.83
15529,US_10Y_DAILY,2022-11-22,2022-11-23 00:00:00,3.76
15530,US_10Y_DAILY,2022-11-23,2022-11-24 00:00:00,3.71
15531,US_10Y_DAILY,2022-11-25,2022-11-26 00:00:00,3.68
15532,US_10Y_DAILY,2022-11-28,2022-11-29 00:00:00,3.69
15533,US_10Y_DAILY,2022-11-29,2022-11-30 00:00:00,3.75
15534,US_10Y_DAILY,2022-11-30,2022-12-01 00:00:00,3.68
15535,US_10Y_DAILY,2022-12-01,2022-12-02 00:00:00,3.53
15536,US_10Y_DAILY,2022-12-02,2022-12-03 00:00:00,3.51
15537,US_10Y_DAILY,2022-12-05,2022-12-06 00:00:00,3.6
15538,US_10Y_DAILY,2022-12-06,2022-12-07 00:00:00,3.51
15539,US_10Y_DAILY,2022-12-07,2022-12-08 00:00:00,3.42
15540,US_10Y_DAILY,2022-12-08,2022-12-09 00:00:00,3.48
15541,US_10Y_DAILY,2022-12-09,2022-12-10 00:00:00,3.57
15542,US_10Y_DAILY,2022-12-12,2022-12-13 00:00:00,3.61
15543,US_10Y_DAILY,2022-12-13,2022-12-14 00:00:00,3.51
15544,US_10Y_DAILY,2022-12-14,2022-12-15 00:00:00,3.49
15545,US_10Y_DAILY,2022-12-15,2022-12-16 00:00:00,3.44
15546,US_10Y_DAILY,2022-12-16,2022-12-17 00:00:00,3.48
15547,US_10Y_DAILY,2022-12-19,2022-12-20 00:00:00,3.57
15548,US_10Y_DAILY,2022-12-20,2022-12-21 00:00:00,3.69
15549,US_10Y_DAILY,2022-12-21,2022-12-22 00:00:00,3.68
15550,US_10Y_DAILY,2022-12-22,2022-12-23 00:00:00,3.67
15551,US_10Y_DAILY,2022-12-23,2022-12-24 00:00:00,3.75
15552,US_10Y_DAILY,2022-12-27,2022-12-28 00:00:00,3.84
15553,US_10Y_DAILY,2022-12-28,2022-12-29 00:00:00,3.88
15554,US_10Y_DAILY,2022-12-29,2022-12-30 00:00:00,3.83
15555,US_10Y_DAILY,2022-12-30,2022-12-31 00:00:00,3.88
15556,US_10Y_DAILY,2023-01-03,2023-01-04 00:00:00,3.79
15557,US_10Y_DAILY,2023-01-04,2023-01-05 00:00:00,3.69
15558,US_10Y_DAILY,2023-01-05,2023-01-06 00:00:00,3.71
15559,US_10Y_DAILY,2023-01-06,2023-01-07 00:00:00,3.55
15560,US_10Y_DAILY,2023-01-09,2023-01-10 00:00:00,3.53
15561,US_10Y_DAILY,2023-01-10,2023-01-11 00:00:00,3.61
15562,US_10Y_DAILY,2023-01-11,2023-01-12 00:00:00,3.54
15563,US_10Y_DAILY,2023-01-12,2023-01-13 00:00:00,3.43
15564,US_10Y_DAILY,2023-01-13,2023-01-14 00:00:00,3.49
15565,US_10Y_DAILY,2023-01-17,2023-01-18 00:00:00,3.53
15566,US_10Y_DAILY,2023-01-18,2023-01-19 00:00:00,3.37
15567,US_10Y_DAILY,2023-01-19,2023-01-20 00:00:00,3.39
15568,US_10Y_DAILY,2023-01-20,2023-01-21 00:00:00,3.48
15569,US_10Y_DAILY,2023-01-23,2023-01-24 00:00:00,3.52
15570,US_10Y_DAILY,2023-01-24,2023-01-25 00:00:00,3.46
15571,US_10Y_DAILY,2023-01-25,2023-01-26 00:00:00,3.46
15572,US_10Y_DAILY,2023-01-26,2023-01-27 00:00:00,3.49
15573,US_10Y_DAILY,2023-01-27,2023-01-28 00:00:00,3.52
15574,US_10Y_DAILY,2023-01-30,2023-01-31 00:00:00,3.55
15575,US_10Y_DAILY,2023-01-31,2023-02-01 00:00:00,3.52
15576,US_10Y_DAILY,2023-02-01,2023-02-02 00:00:00,3.39
15577,US_10Y_DAILY,2023-02-02,2023-02-03 00:00:00,3.4
15578,US_10Y_DAILY,2023-02-03,2023-02-04 00:00:00,3.53
15579,US_10Y_DAILY,2023-02-06,2023-02-07 00:00:00,3.63
15580,US_10Y_DAILY,2023-02-07,2023-02-08 00:00:00,3.67
15581,US_10Y_DAILY,2023-02-08,2023-02-09 00:00:00,3.63
15582,US_10Y_DAILY,2023-02-09,2023-02-10 00:00:00,3.67
15583,US_10Y_DAILY,2023-02-10,2023-02-11 00:00:00,3.74
15584,US_10Y_DAILY,2023-02-13,2023-02-14 00:00:00,3.72
15585,US_10Y_DAILY,2023-02-14,2023-02-15 00:00:00,3.77
15586,US_10Y_DAILY,2023-02-15,2023-02-16 00:00:00,3.81
15587,US_10Y_DAILY,2023-02-16,2023-02-17 00:00:00,3.86
15588,US_10Y_DAILY,2023-02-17,2023-02-18 00:00:00,3.82
15589,US_10Y_DAILY,2023-02-21,2023-02-22 00:00:00,3.95
15590,US_10Y_DAILY,2023-02-22,2023-02-23 00:00:00,3.93
15591,US_10Y_DAILY,2023-02-23,2023-02-24 00:00:00,3.88
15592,US_10Y_DAILY,2023-02-24,2023-02-25 00:00:00,3.95
15593,US_10Y_DAILY,2023-02-27,2023-02-28 00:00:00,3.92
15594,US_10Y_DAILY,2023-02-28,2023-03-01 00:00:00,3.92
15595,US_10Y_DAILY,2023-03-01,2023-03-02 00:00:00,4.01
15596,US_10Y_DAILY,2023-03-02,2023-03-03 00:00:00,4.08
15597,US_10Y_DAILY,2023-03-03,2023-03-04 00:00:00,3.97
15598,US_10Y_DAILY,2023-03-06,2023-03-07 00:00:00,3.98
15599,US_10Y_DAILY,2023-03-07,2023-03-08 00:00:00,3.97
15600,US_10Y_DAILY,2023-03-08,2023-03-09 00:00:00,3.98
15601,US_10Y_DAILY,2023-03-09,2023-03-10 00:00:00,3.93
15602,US_10Y_DAILY,2023-03-10,2023-03-11 00:00:00,3.7
15603,US_10Y_DAILY,2023-03-13,2023-03-14 00:00:00,3.55
15604,US_10Y_DAILY,2023-03-14,2023-03-15 00:00:00,3.64
15605,US_10Y_DAILY,2023-03-15,2023-03-16 00:00:00,3.51
15606,US_10Y_DAILY,2023-03-16,2023-03-17 00:00:00,3.56
15607,US_10Y_DAILY,2023-03-17,2023-03-18 00:00:00,3.39
15608,US_10Y_DAILY,2023-03-20,2023-03-21 00:00:00,3.47
15609,US_10Y_DAILY,2023-03-21,2023-03-22 00:00:00,3.59
15610,US_10Y_DAILY,2023-03-22,2023-03-23 00:00:00,3.48
15611,US_10Y_DAILY,2023-03-23,2023-03-24 00:00:00,3.38
15612,US_10Y_DAILY,2023-03-24,2023-03-25 00:00:00,3.38
15613,US_10Y_DAILY,2023-03-27,2023-03-28 00:00:00,3.53
15614,US_10Y_DAILY,2023-03-28,2023-03-29 00:00:00,3.55
15615,US_10Y_DAILY,2023-03-29,2023-03-30 00:00:00,3.57
15616,US_10Y_DAILY,2023-03-30,2023-03-31 00:00:00,3.55
15617,US_10Y_DAILY,2023-03-31,2023-04-01 00:00:00,3.48
15618,US_10Y_DAILY,2023-04-03,2023-04-04 00:00:00,3.43
15619,US_10Y_DAILY,2023-04-04,2023-04-05 00:00:00,3.35
15620,US_10Y_DAILY,2023-04-05,2023-04-06 00:00:00,3.3
15621,US_10Y_DAILY,2023-04-06,2023-04-07 00:00:00,3.3
15622,US_10Y_DAILY,2023-04-07,2023-04-08 00:00:00,3.39
15623,US_10Y_DAILY,2023-04-10,2023-04-11 00:00:00,3.41
15624,US_10Y_DAILY,2023-04-11,2023-04-12 00:00:00,3.43
15625,US_10Y_DAILY,2023-04-12,2023-04-13 00:00:00,3.41
15626,US_10Y_DAILY,2023-04-13,2023-04-14 00:00:00,3.45
15627,US_10Y_DAILY,2023-04-14,2023-04-15 00:00:00,3.52
15628,US_10Y_DAILY,2023-04-17,2023-04-18 00:00:00,3.6
15629,US_10Y_DAILY,2023-04-18,2023-04-19 00:00:00,3.58
15630,US_10Y_DAILY,2023-04-19,2023-04-20 00:00:00,3.6
15631,US_10Y_DAILY,2023-04-20,2023-04-21 00:00:00,3.54
15632,US_10Y_DAILY,2023-04-21,2023-04-22 00:00:00,3.57
15633,US_10Y_DAILY,2023-04-24,2023-04-25 00:00:00,3.52
15634,US_10Y_DAILY,2023-04-25,2023-04-26 00:00:00,3.4
15635,US_10Y_DAILY,2023-04-26,2023-04-27 00:00:00,3.43
15636,US_10Y_DAILY,2023-04-27,2023-04-28 00:00:00,3.53
15637,US_10Y_DAILY,2023-04-28,2023-04-29 00:00:00,3.44
15638,US_10Y_DAILY,2023-05-01,2023-05-02 00:00:00,3.59
15639,US_10Y_DAILY,2023-05-02,2023-05-03 00:00:00,3.44
15640,US_10Y_DAILY,2023-05-03,2023-05-04 00:00:00,3.38
15641,US_10Y_DAILY,2023-05-04,2023-05-05 00:00:00,3.37
15642,US_10Y_DAILY,2023-05-05,2023-05-06 00:00:00,3.44
15643,US_10Y_DAILY,2023-05-08,2023-05-09 00:00:00,3.52
15644,US_10Y_DAILY,2023-05-09,2023-05-10 00:00:00,3.53
15645,US_10Y_DAILY,2023-05-10,2023-05-11 00:00:00,3.43
15646,US_10Y_DAILY,2023-05-11,2023-05-12 00:00:00,3.39
15647,US_10Y_DAILY,2023-05-12,2023-05-13 00:00:00,3.46
15648,US_10Y_DAILY,2023-05-15,2023-05-16 00:00:00,3.5
15649,US_10Y_DAILY,2023-05-16,2023-05-17 00:00:00,3.54
15650,US_10Y_DAILY,2023-05-17,2023-05-18 00:00:00,3.57
15651,US_10Y_DAILY,2023-05-18,2023-05-19 00:00:00,3.65
15652,US_10Y_DAILY,2023-05-19,2023-05-20 00:00:00,3.7
15653,US_10Y_DAILY,2023-05-22,2023-05-23 00:00:00,3.72
15654,US_10Y_DAILY,2023-05-23,2023-05-24 00:00:00,3.7
15655,US_10Y_DAILY,2023-05-24,2023-05-25 00:00:00,3.73
15656,US_10Y_DAILY,2023-05-25,2023-05-26 00:00:00,3.83
15657,US_10Y_DAILY,2023-05-26,2023-05-27 00:00:00,3.8
15658,US_10Y_DAILY,2023-05-30,2023-05-31 00:00:00,3.69
15659,US_10Y_DAILY,2023-05-31,2023-06-01 00:00:00,3.64
15660,US_10Y_DAILY,2023-06-01,2023-06-02 00:00:00,3.61
15661,US_10Y_DAILY,2023-06-02,2023-06-03 00:00:00,3.69
15662,US_10Y_DAILY,2023-06-05,2023-06-06 00:00:00,3.69
15663,US_10Y_DAILY,2023-06-06,2023-06-07 00:00:00,3.7
15664,US_10Y_DAILY,2023-06-07,2023-06-08 00:00:00,3.79
15665,US_10Y_DAILY,2023-06-08,2023-06-09 00:00:00,3.73
15666,US_10Y_DAILY,2023-06-09,2023-06-10 00:00:00,3.75
15667,US_10Y_DAILY,2023-06-12,2023-06-13 00:00:00,3.73
15668,US_10Y_DAILY,2023-06-13,2023-06-14 00:00:00,3.84
15669,US_10Y_DAILY,2023-06-14,2023-06-15 00:00:00,3.83
15670,US_10Y_DAILY,2023-06-15,2023-06-16 00:00:00,3.72
15671,US_10Y_DAILY,2023-06-16,2023-06-17 00:00:00,3.77
15672,US_10Y_DAILY,2023-06-20,2023-06-21 00:00:00,3.74
15673,US_10Y_DAILY,2023-06-21,2023-06-22 00:00:00,3.72
15674,US_10Y_DAILY,2023-06-22,2023-06-23 00:00:00,3.8
15675,US_10Y_DAILY,2023-06-23,2023-06-24 00:00:00,3.74
15676,US_10Y_DAILY,2023-06-26,2023-06-27 00:00:00,3.72
15677,US_10Y_DAILY,2023-06-27,2023-06-28 00:00:00,3.77
15678,US_10Y_DAILY,2023-06-28,2023-06-29 00:00:00,3.71
15679,US_10Y_DAILY,2023-06-29,2023-06-30 00:00:00,3.85
15680,US_10Y_DAILY,2023-06-30,2023-07-01 00:00:00,3.81
15681,US_10Y_DAILY,2023-07-03,2023-07-04 00:00:00,3.86
15682,US_10Y_DAILY,2023-07-05,2023-07-06 00:00:00,3.95
15683,US_10Y_DAILY,2023-07-06,2023-07-07 00:00:00,4.05
15684,US_10Y_DAILY,2023-07-07,2023-07-08 00:00:00,4.06
15685,US_10Y_DAILY,2023-07-10,2023-07-11 00:00:00,4.01
15686,US_10Y_DAILY,2023-07-11,2023-07-12 00:00:00,3.99
15687,US_10Y_DAILY,2023-07-12,2023-07-13 00:00:00,3.86
15688,US_10Y_DAILY,2023-07-13,2023-07-14 00:00:00,3.76
15689,US_10Y_DAILY,2023-07-14,2023-07-15 00:00:00,3.83
15690,US_10Y_DAILY,2023-07-17,2023-07-18 00:00:00,3.81
15691,US_10Y_DAILY,2023-07-18,2023-07-19 00:00:00,3.8
15692,US_10Y_DAILY,2023-07-19,2023-07-20 00:00:00,3.75
15693,US_10Y_DAILY,2023-07-20,2023-07-21 00:00:00,3.85
15694,US_10Y_DAILY,2023-07-21,2023-07-22 00:00:00,3.84
15695,US_10Y_DAILY,2023-07-24,2023-07-25 00:00:00,3.86
15696,US_10Y_DAILY,2023-07-25,2023-07-26 00:00:00,3.91
15697,US_10Y_DAILY,2023-07-26,2023-07-27 00:00:00,3.86
15698,US_10Y_DAILY,2023-07-27,2023-07-28 00:00:00,4.01
15699,US_10Y_DAILY,2023-07-28,2023-07-29 00:00:00,3.96
15700,US_10Y_DAILY,2023-07-31,2023-08-01 00:00:00,3.97
15701,US_10Y_DAILY,2023-08-01,2023-08-02 00:00:00,4.05
15702,US_10Y_DAILY,2023-08-02,2023-08-03 00:00:00,4.08
15703,US_10Y_DAILY,2023-08-03,2023-08-04 00:00:00,4.2
15704,US_10Y_DAILY,2023-08-04,2023-08-05 00:00:00,4.05
15705,US_10Y_DAILY,2023-08-07,2023-08-08 00:00:00,4.09
15706,US_10Y_DAILY,2023-08-08,2023-08-09 00:00:00,4.02
15707,US_10Y_DAILY,2023-08-09,2023-08-10 00:00:00,4
15708,US_10Y_DAILY,2023-08-10,2023-08-11 00:00:00,4.09
15709,US_10Y_DAILY,2023-08-11,2023-08-12 00:00:00,4.16
15710,US_10Y_DAILY,2023-08-14,2023-08-15 00:00:00,4.19
15711,US_10Y_DAILY,2023-08-15,2023-08-16 00:00:00,4.21
15712,US_10Y_DAILY,2023-08-16,2023-08-17 00:00:00,4.28
15713,US_10Y_DAILY,2023-08-17,2023-08-18 00:00:00,4.3
15714,US_10Y_DAILY,2023-08-18,2023-08-19 00:00:00,4.26
15715,US_10Y_DAILY,2023-08-21,2023-08-22 00:00:00,4.34
15716,US_10Y_DAILY,2023-08-22,2023-08-23 00:00:00,4.34
15717,US_10Y_DAILY,2023-08-23,2023-08-24 00:00:00,4.19
15718,US_10Y_DAILY,2023-08-24,2023-08-25 00:00:00,4.23
15719,US_10Y_DAILY,2023-08-25,2023-08-26 00:00:00,4.25
15720,US_10Y_DAILY,2023-08-28,2023-08-29 00:00:00,4.2
15721,US_10Y_DAILY,2023-08-29,2023-08-30 00:00:00,4.12
15722,US_10Y_DAILY,2023-08-30,2023-08-31 00:00:00,4.12
15723,US_10Y_DAILY,2023-08-31,2023-09-01 00:00:00,4.09
15724,US_10Y_DAILY,2023-09-01,2023-09-02 00:00:00,4.18
15725,US_10Y_DAILY,2023-09-05,2023-09-06 00:00:00,4.27
15726,US_10Y_DAILY,2023-09-06,2023-09-07 00:00:00,4.3
15727,US_10Y_DAILY,2023-09-07,2023-09-08 00:00:00,4.27
15728,US_10Y_DAILY,2023-09-08,2023-09-09 00:00:00,4.26
15729,US_10Y_DAILY,2023-09-11,2023-09-12 00:00:00,4.29
15730,US_10Y_DAILY,2023-09-12,2023-09-13 00:00:00,4.27
15731,US_10Y_DAILY,2023-09-13,2023-09-14 00:00:00,4.25
15732,US_10Y_DAILY,2023-09-14,2023-09-15 00:00:00,4.29
15733,US_10Y_DAILY,2023-09-15,2023-09-16 00:00:00,4.33
15734,US_10Y_DAILY,2023-09-18,2023-09-19 00:00:00,4.32
15735,US_10Y_DAILY,2023-09-19,2023-09-20 00:00:00,4.37
15736,US_10Y_DAILY,2023-09-20,2023-09-21 00:00:00,4.35
15737,US_10Y_DAILY,2023-09-21,2023-09-22 00:00:00,4.49
15738,US_10Y_DAILY,2023-09-22,2023-09-23 00:00:00,4.44
15739,US_10Y_DAILY,2023-09-25,2023-09-26 00:00:00,4.55
15740,US_10Y_DAILY,2023-09-26,2023-09-27 00:00:00,4.56
15741,US_10Y_DAILY,2023-09-27,2023-09-28 00:00:00,4.61
15742,US_10Y_DAILY,2023-09-28,2023-09-29 00:00:00,4.59
15743,US_10Y_DAILY,2023-09-29,2023-09-30 00:00:00,4.59
15744,US_10Y_DAILY,2023-10-02,2023-10-03 00:00:00,4.69
15745,US_10Y_DAILY,2023-10-03,2023-10-04 00:00:00,4.81
15746,US_10Y_DAILY,2023-10-04,2023-10-05 00:00:00,4.73
15747,US_10Y_DAILY,2023-10-05,2023-10-06 00:00:00,4.72
15748,US_10Y_DAILY,2023-10-06,2023-10-07 00:00:00,4.78
15749,US_10Y_DAILY,2023-10-10,2023-10-11 00:00:00,4.66
15750,US_10Y_DAILY,2023-10-11,2023-10-12 00:00:00,4.58
15751,US_10Y_DAILY,2023-10-12,2023-10-13 00:00:00,4.7
15752,US_10Y_DAILY,2023-10-13,2023-10-14 00:00:00,4.63
15753,US_10Y_DAILY,2023-10-16,2023-10-17 00:00:00,4.71
15754,US_10Y_DAILY,2023-10-17,2023-10-18 00:00:00,4.83
15755,US_10Y_DAILY,2023-10-18,2023-10-19 00:00:00,4.91
15756,US_10Y_DAILY,2023-10-19,2023-10-20 00:00:00,4.98
15757,US_10Y_DAILY,2023-10-20,2023-10-21 00:00:00,4.93
15758,US_10Y_DAILY,2023-10-23,2023-10-24 00:00:00,4.86
15759,US_10Y_DAILY,2023-10-24,2023-10-25 00:00:00,4.83
15760,US_10Y_DAILY,2023-10-25,2023-10-26 00:00:00,4.95
15761,US_10Y_DAILY,2023-10-26,2023-10-27 00:00:00,4.86
15762,US_10Y_DAILY,2023-10-27,2023-10-28 00:00:00,4.84
15763,US_10Y_DAILY,2023-10-30,2023-10-31 00:00:00,4.88
15764,US_10Y_DAILY,2023-10-31,2023-11-01 00:00:00,4.88
15765,US_10Y_DAILY,2023-11-01,2023-11-02 00:00:00,4.77
15766,US_10Y_DAILY,2023-11-02,2023-11-03 00:00:00,4.67
15767,US_10Y_DAILY,2023-11-03,2023-11-04 00:00:00,4.57
15768,US_10Y_DAILY,2023-11-06,2023-11-07 00:00:00,4.67
15769,US_10Y_DAILY,2023-11-07,2023-11-08 00:00:00,4.58
15770,US_10Y_DAILY,2023-11-08,2023-11-09 00:00:00,4.49
15771,US_10Y_DAILY,2023-11-09,2023-11-10 00:00:00,4.62
15772,US_10Y_DAILY,2023-11-10,2023-11-11 00:00:00,4.61
15773,US_10Y_DAILY,2023-11-13,2023-11-14 00:00:00,4.63
15774,US_10Y_DAILY,2023-11-14,2023-11-15 00:00:00,4.44
15775,US_10Y_DAILY,2023-11-15,2023-11-16 00:00:00,4.53
15776,US_10Y_DAILY,2023-11-16,2023-11-17 00:00:00,4.45
15777,US_10Y_DAILY,2023-11-17,2023-11-18 00:00:00,4.44
15778,US_10Y_DAILY,2023-11-20,2023-11-21 00:00:00,4.42
15779,US_10Y_DAILY,2023-11-21,2023-11-22 00:00:00,4.41
15780,US_10Y_DAILY,2023-11-22,2023-11-23 00:00:00,4.42
15781,US_10Y_DAILY,2023-11-24,2023-11-25 00:00:00,4.47
15782,US_10Y_DAILY,2023-11-27,2023-11-28 00:00:00,4.39
15783,US_10Y_DAILY,2023-11-28,2023-11-29 00:00:00,4.34
15784,US_10Y_DAILY,2023-11-29,2023-11-30 00:00:00,4.27
15785,US_10Y_DAILY,2023-11-30,2023-12-01 00:00:00,4.37
15786,US_10Y_DAILY,2023-12-01,2023-12-02 00:00:00,4.22
15787,US_10Y_DAILY,2023-12-04,2023-12-05 00:00:00,4.28
15788,US_10Y_DAILY,2023-12-05,2023-12-06 00:00:00,4.18
15789,US_10Y_DAILY,2023-12-06,2023-12-07 00:00:00,4.12
15790,US_10Y_DAILY,2023-12-07,2023-12-08 00:00:00,4.14
15791,US_10Y_DAILY,2023-12-08,2023-12-09 00:00:00,4.23
15792,US_10Y_DAILY,2023-12-11,2023-12-12 00:00:00,4.23
15793,US_10Y_DAILY,2023-12-12,2023-12-13 00:00:00,4.2
15794,US_10Y_DAILY,2023-12-13,2023-12-14 00:00:00,4.04
15795,US_10Y_DAILY,2023-12-14,2023-12-15 00:00:00,3.92
15796,US_10Y_DAILY,2023-12-15,2023-12-16 00:00:00,3.91
16428,US_10Y_DAILY,2026-06-30,2026-07-01 00:00:00,4.44
16429,US_10Y_DAILY,2026-07-01,2026-07-02 00:00:00,4.48
16430,US_10Y_DAILY,2026-07-02,2026-07-03 00:00:00,4.49
16431,US_10Y_DAILY,2026-07-06,2026-07-07 00:00:00,4.48
16432,US_10Y_DAILY,2026-07-07,2026-07-08 00:00:00,4.55
16433,US_10Y_DAILY,2026-07-08,2026-07-09 00:00:00,4.56
16434,US_2Y_DAILY,2020-07-01,2020-07-02 00:00:00,0.17
16435,US_2Y_DAILY,2020-07-02,2020-07-03 00:00:00,0.16
16436,US_2Y_DAILY,2020-07-06,2020-07-07 00:00:00,0.16
16437,US_2Y_DAILY,2020-07-07,2020-07-08 00:00:00,0.16
16438,US_2Y_DAILY,2020-07-08,2020-07-09 00:00:00,0.16
16439,US_2Y_DAILY,2020-07-09,2020-07-10 00:00:00,0.16
16440,US_2Y_DAILY,2020-07-10,2020-07-11 00:00:00,0.16
16441,US_2Y_DAILY,2020-07-13,2020-07-14 00:00:00,0.16
16442,US_2Y_DAILY,2020-07-14,2020-07-15 00:00:00,0.14
16443,US_2Y_DAILY,2020-07-15,2020-07-16 00:00:00,0.16
16444,US_2Y_DAILY,2020-07-16,2020-07-17 00:00:00,0.16
16445,US_2Y_DAILY,2020-07-17,2020-07-18 00:00:00,0.14
16446,US_2Y_DAILY,2020-07-20,2020-07-21 00:00:00,0.16
16447,US_2Y_DAILY,2020-07-21,2020-07-22 00:00:00,0.14
16448,US_2Y_DAILY,2020-07-22,2020-07-23 00:00:00,0.14
16449,US_2Y_DAILY,2020-07-23,2020-07-24 00:00:00,0.16
16450,US_2Y_DAILY,2020-07-24,2020-07-25 00:00:00,0.14
16451,US_2Y_DAILY,2020-07-27,2020-07-28 00:00:00,0.15
16452,US_2Y_DAILY,2020-07-28,2020-07-29 00:00:00,0.14
16453,US_2Y_DAILY,2020-07-29,2020-07-30 00:00:00,0.12
16454,US_2Y_DAILY,2020-07-30,2020-07-31 00:00:00,0.11
16455,US_2Y_DAILY,2020-07-31,2020-08-01 00:00:00,0.11
16456,US_2Y_DAILY,2020-08-03,2020-08-04 00:00:00,0.11
16457,US_2Y_DAILY,2020-08-04,2020-08-05 00:00:00,0.11
16458,US_2Y_DAILY,2020-08-05,2020-08-06 00:00:00,0.11
16459,US_2Y_DAILY,2020-08-06,2020-08-07 00:00:00,0.11
16460,US_2Y_DAILY,2020-08-07,2020-08-08 00:00:00,0.13
16461,US_2Y_DAILY,2020-08-10,2020-08-11 00:00:00,0.14
16462,US_2Y_DAILY,2020-08-11,2020-08-12 00:00:00,0.16
16463,US_2Y_DAILY,2020-08-12,2020-08-13 00:00:00,0.16
16464,US_2Y_DAILY,2020-08-13,2020-08-14 00:00:00,0.16
16465,US_2Y_DAILY,2020-08-14,2020-08-15 00:00:00,0.14
16466,US_2Y_DAILY,2020-08-17,2020-08-18 00:00:00,0.14
16467,US_2Y_DAILY,2020-08-18,2020-08-19 00:00:00,0.14
16468,US_2Y_DAILY,2020-08-19,2020-08-20 00:00:00,0.14
16469,US_2Y_DAILY,2020-08-20,2020-08-21 00:00:00,0.13
16470,US_2Y_DAILY,2020-08-21,2020-08-22 00:00:00,0.16
16471,US_2Y_DAILY,2020-08-24,2020-08-25 00:00:00,0.14
16472,US_2Y_DAILY,2020-08-25,2020-08-26 00:00:00,0.15
16473,US_2Y_DAILY,2020-08-26,2020-08-27 00:00:00,0.16
16474,US_2Y_DAILY,2020-08-27,2020-08-28 00:00:00,0.16
16475,US_2Y_DAILY,2020-08-28,2020-08-29 00:00:00,0.14
16476,US_2Y_DAILY,2020-08-31,2020-09-01 00:00:00,0.14
16477,US_2Y_DAILY,2020-09-01,2020-09-02 00:00:00,0.13
16478,US_2Y_DAILY,2020-09-02,2020-09-03 00:00:00,0.14
16479,US_2Y_DAILY,2020-09-03,2020-09-04 00:00:00,0.13
16480,US_2Y_DAILY,2020-09-04,2020-09-05 00:00:00,0.14
16481,US_2Y_DAILY,2020-09-08,2020-09-09 00:00:00,0.14
16482,US_2Y_DAILY,2020-09-09,2020-09-10 00:00:00,0.14
16483,US_2Y_DAILY,2020-09-10,2020-09-11 00:00:00,0.14
16484,US_2Y_DAILY,2020-09-11,2020-09-12 00:00:00,0.13
16485,US_2Y_DAILY,2020-09-14,2020-09-15 00:00:00,0.14
16486,US_2Y_DAILY,2020-09-15,2020-09-16 00:00:00,0.14
16487,US_2Y_DAILY,2020-09-16,2020-09-17 00:00:00,0.14
16488,US_2Y_DAILY,2020-09-17,2020-09-18 00:00:00,0.13
16489,US_2Y_DAILY,2020-09-18,2020-09-19 00:00:00,0.14
16490,US_2Y_DAILY,2020-09-21,2020-09-22 00:00:00,0.14
16491,US_2Y_DAILY,2020-09-22,2020-09-23 00:00:00,0.13
16492,US_2Y_DAILY,2020-09-23,2020-09-24 00:00:00,0.14
16493,US_2Y_DAILY,2020-09-24,2020-09-25 00:00:00,0.14
16494,US_2Y_DAILY,2020-09-25,2020-09-26 00:00:00,0.12
16495,US_2Y_DAILY,2020-09-28,2020-09-29 00:00:00,0.14
16496,US_2Y_DAILY,2020-09-29,2020-09-30 00:00:00,0.11
16497,US_2Y_DAILY,2020-09-30,2020-10-01 00:00:00,0.13
16498,US_2Y_DAILY,2020-10-01,2020-10-02 00:00:00,0.14
16499,US_2Y_DAILY,2020-10-02,2020-10-03 00:00:00,0.13
16500,US_2Y_DAILY,2020-10-05,2020-10-06 00:00:00,0.14
16501,US_2Y_DAILY,2020-10-06,2020-10-07 00:00:00,0.14
16502,US_2Y_DAILY,2020-10-07,2020-10-08 00:00:00,0.16
16503,US_2Y_DAILY,2020-10-08,2020-10-09 00:00:00,0.13
16504,US_2Y_DAILY,2020-10-09,2020-10-10 00:00:00,0.16
16505,US_2Y_DAILY,2020-10-13,2020-10-14 00:00:00,0.16
16506,US_2Y_DAILY,2020-10-14,2020-10-15 00:00:00,0.14
16507,US_2Y_DAILY,2020-10-15,2020-10-16 00:00:00,0.14
16508,US_2Y_DAILY,2020-10-16,2020-10-17 00:00:00,0.14
16509,US_2Y_DAILY,2020-10-19,2020-10-20 00:00:00,0.16
16510,US_2Y_DAILY,2020-10-20,2020-10-21 00:00:00,0.14
16511,US_2Y_DAILY,2020-10-21,2020-10-22 00:00:00,0.14
16512,US_2Y_DAILY,2020-10-22,2020-10-23 00:00:00,0.16
16513,US_2Y_DAILY,2020-10-23,2020-10-24 00:00:00,0.18
16514,US_2Y_DAILY,2020-10-26,2020-10-27 00:00:00,0.16
16515,US_2Y_DAILY,2020-10-27,2020-10-28 00:00:00,0.16
16516,US_2Y_DAILY,2020-10-28,2020-10-29 00:00:00,0.16
16517,US_2Y_DAILY,2020-10-29,2020-10-30 00:00:00,0.16
16518,US_2Y_DAILY,2020-10-30,2020-10-31 00:00:00,0.14
16519,US_2Y_DAILY,2020-11-02,2020-11-03 00:00:00,0.16
16520,US_2Y_DAILY,2020-11-03,2020-11-04 00:00:00,0.17
16521,US_2Y_DAILY,2020-11-04,2020-11-05 00:00:00,0.14
16522,US_2Y_DAILY,2020-11-05,2020-11-06 00:00:00,0.14
16523,US_2Y_DAILY,2020-11-06,2020-11-07 00:00:00,0.16
16524,US_2Y_DAILY,2020-11-09,2020-11-10 00:00:00,0.17
16525,US_2Y_DAILY,2020-11-10,2020-11-11 00:00:00,0.19
16526,US_2Y_DAILY,2020-11-12,2020-11-13 00:00:00,0.17
16527,US_2Y_DAILY,2020-11-13,2020-11-14 00:00:00,0.17
16528,US_2Y_DAILY,2020-11-16,2020-11-17 00:00:00,0.19
16529,US_2Y_DAILY,2020-11-17,2020-11-18 00:00:00,0.18
16530,US_2Y_DAILY,2020-11-18,2020-11-19 00:00:00,0.16
16531,US_2Y_DAILY,2020-11-19,2020-11-20 00:00:00,0.18
16532,US_2Y_DAILY,2020-11-20,2020-11-21 00:00:00,0.16
16533,US_2Y_DAILY,2020-11-23,2020-11-24 00:00:00,0.16
16534,US_2Y_DAILY,2020-11-24,2020-11-25 00:00:00,0.16
16535,US_2Y_DAILY,2020-11-25,2020-11-26 00:00:00,0.17
16536,US_2Y_DAILY,2020-11-27,2020-11-28 00:00:00,0.16
16537,US_2Y_DAILY,2020-11-30,2020-12-01 00:00:00,0.16
16538,US_2Y_DAILY,2020-12-01,2020-12-02 00:00:00,0.17
16539,US_2Y_DAILY,2020-12-02,2020-12-03 00:00:00,0.16
16540,US_2Y_DAILY,2020-12-03,2020-12-04 00:00:00,0.16
16541,US_2Y_DAILY,2020-12-04,2020-12-05 00:00:00,0.16
16542,US_2Y_DAILY,2020-12-07,2020-12-08 00:00:00,0.14
16543,US_2Y_DAILY,2020-12-08,2020-12-09 00:00:00,0.14
16544,US_2Y_DAILY,2020-12-09,2020-12-10 00:00:00,0.16
16545,US_2Y_DAILY,2020-12-10,2020-12-11 00:00:00,0.14
16546,US_2Y_DAILY,2020-12-11,2020-12-12 00:00:00,0.11
16547,US_2Y_DAILY,2020-12-14,2020-12-15 00:00:00,0.13
16548,US_2Y_DAILY,2020-12-15,2020-12-16 00:00:00,0.11
16549,US_2Y_DAILY,2020-12-16,2020-12-17 00:00:00,0.13
16550,US_2Y_DAILY,2020-12-17,2020-12-18 00:00:00,0.13
16551,US_2Y_DAILY,2020-12-18,2020-12-19 00:00:00,0.13
16552,US_2Y_DAILY,2020-12-21,2020-12-22 00:00:00,0.13
16553,US_2Y_DAILY,2020-12-22,2020-12-23 00:00:00,0.13
16554,US_2Y_DAILY,2020-12-23,2020-12-24 00:00:00,0.13
16555,US_2Y_DAILY,2020-12-24,2020-12-25 00:00:00,0.13
16556,US_2Y_DAILY,2020-12-28,2020-12-29 00:00:00,0.13
16557,US_2Y_DAILY,2020-12-29,2020-12-30 00:00:00,0.12
16558,US_2Y_DAILY,2020-12-30,2020-12-31 00:00:00,0.12
16559,US_2Y_DAILY,2020-12-31,2021-01-01 00:00:00,0.13
16560,US_2Y_DAILY,2021-01-04,2021-01-05 00:00:00,0.11
16561,US_2Y_DAILY,2021-01-05,2021-01-06 00:00:00,0.13
16562,US_2Y_DAILY,2021-01-06,2021-01-07 00:00:00,0.14
16563,US_2Y_DAILY,2021-01-07,2021-01-08 00:00:00,0.14
16564,US_2Y_DAILY,2021-01-08,2021-01-09 00:00:00,0.14
16565,US_2Y_DAILY,2021-01-11,2021-01-12 00:00:00,0.14
16566,US_2Y_DAILY,2021-01-12,2021-01-13 00:00:00,0.14
16567,US_2Y_DAILY,2021-01-13,2021-01-14 00:00:00,0.14
16568,US_2Y_DAILY,2021-01-14,2021-01-15 00:00:00,0.16
16569,US_2Y_DAILY,2021-01-15,2021-01-16 00:00:00,0.13
16570,US_2Y_DAILY,2021-01-19,2021-01-20 00:00:00,0.14
16571,US_2Y_DAILY,2021-01-20,2021-01-21 00:00:00,0.13
16572,US_2Y_DAILY,2021-01-21,2021-01-22 00:00:00,0.13
16573,US_2Y_DAILY,2021-01-22,2021-01-23 00:00:00,0.13
16574,US_2Y_DAILY,2021-01-25,2021-01-26 00:00:00,0.13
16575,US_2Y_DAILY,2021-01-26,2021-01-27 00:00:00,0.11
16576,US_2Y_DAILY,2021-01-27,2021-01-28 00:00:00,0.12
16577,US_2Y_DAILY,2021-01-28,2021-01-29 00:00:00,0.12
16578,US_2Y_DAILY,2021-01-29,2021-01-30 00:00:00,0.11
16579,US_2Y_DAILY,2021-02-01,2021-02-02 00:00:00,0.11
16580,US_2Y_DAILY,2021-02-02,2021-02-03 00:00:00,0.11
16581,US_2Y_DAILY,2021-02-03,2021-02-04 00:00:00,0.11
16582,US_2Y_DAILY,2021-02-04,2021-02-05 00:00:00,0.11
16583,US_2Y_DAILY,2021-02-05,2021-02-06 00:00:00,0.09
16584,US_2Y_DAILY,2021-02-08,2021-02-09 00:00:00,0.11
16585,US_2Y_DAILY,2021-02-09,2021-02-10 00:00:00,0.11
16586,US_2Y_DAILY,2021-02-10,2021-02-11 00:00:00,0.11
16587,US_2Y_DAILY,2021-02-11,2021-02-12 00:00:00,0.11
16588,US_2Y_DAILY,2021-02-12,2021-02-13 00:00:00,0.11
16589,US_2Y_DAILY,2021-02-16,2021-02-17 00:00:00,0.13
16590,US_2Y_DAILY,2021-02-17,2021-02-18 00:00:00,0.11
16591,US_2Y_DAILY,2021-02-18,2021-02-19 00:00:00,0.11
16592,US_2Y_DAILY,2021-02-19,2021-02-20 00:00:00,0.11
16593,US_2Y_DAILY,2021-02-22,2021-02-23 00:00:00,0.11
16594,US_2Y_DAILY,2021-02-23,2021-02-24 00:00:00,0.11
16595,US_2Y_DAILY,2021-02-24,2021-02-25 00:00:00,0.12
16596,US_2Y_DAILY,2021-02-25,2021-02-26 00:00:00,0.17
16597,US_2Y_DAILY,2021-02-26,2021-02-27 00:00:00,0.14
16598,US_2Y_DAILY,2021-03-01,2021-03-02 00:00:00,0.13
16599,US_2Y_DAILY,2021-03-02,2021-03-03 00:00:00,0.13
16600,US_2Y_DAILY,2021-03-03,2021-03-04 00:00:00,0.14
16601,US_2Y_DAILY,2021-03-04,2021-03-05 00:00:00,0.14
16602,US_2Y_DAILY,2021-03-05,2021-03-06 00:00:00,0.14
16603,US_2Y_DAILY,2021-03-08,2021-03-09 00:00:00,0.17
16604,US_2Y_DAILY,2021-03-09,2021-03-10 00:00:00,0.17
16605,US_2Y_DAILY,2021-03-10,2021-03-11 00:00:00,0.16
16606,US_2Y_DAILY,2021-03-11,2021-03-12 00:00:00,0.14
16607,US_2Y_DAILY,2021-03-12,2021-03-13 00:00:00,0.14
16608,US_2Y_DAILY,2021-03-15,2021-03-16 00:00:00,0.14
16609,US_2Y_DAILY,2021-03-16,2021-03-17 00:00:00,0.15
16610,US_2Y_DAILY,2021-03-17,2021-03-18 00:00:00,0.13
16611,US_2Y_DAILY,2021-03-18,2021-03-19 00:00:00,0.16
16612,US_2Y_DAILY,2021-03-19,2021-03-20 00:00:00,0.16
16613,US_2Y_DAILY,2021-03-22,2021-03-23 00:00:00,0.15
16614,US_2Y_DAILY,2021-03-23,2021-03-24 00:00:00,0.15
16615,US_2Y_DAILY,2021-03-24,2021-03-25 00:00:00,0.14
16616,US_2Y_DAILY,2021-03-25,2021-03-26 00:00:00,0.14
16617,US_2Y_DAILY,2021-03-26,2021-03-27 00:00:00,0.14
16618,US_2Y_DAILY,2021-03-29,2021-03-30 00:00:00,0.14
16619,US_2Y_DAILY,2021-03-30,2021-03-31 00:00:00,0.16
16620,US_2Y_DAILY,2021-03-31,2021-04-01 00:00:00,0.16
16621,US_2Y_DAILY,2021-04-01,2021-04-02 00:00:00,0.17
16622,US_2Y_DAILY,2021-04-02,2021-04-03 00:00:00,0.19
16623,US_2Y_DAILY,2021-04-05,2021-04-06 00:00:00,0.17
16624,US_2Y_DAILY,2021-04-06,2021-04-07 00:00:00,0.16
16625,US_2Y_DAILY,2021-04-07,2021-04-08 00:00:00,0.16
16626,US_2Y_DAILY,2021-04-08,2021-04-09 00:00:00,0.14
16627,US_2Y_DAILY,2021-04-09,2021-04-10 00:00:00,0.16
16628,US_2Y_DAILY,2021-04-12,2021-04-13 00:00:00,0.18
16629,US_2Y_DAILY,2021-04-13,2021-04-14 00:00:00,0.16
16630,US_2Y_DAILY,2021-04-14,2021-04-15 00:00:00,0.16
16631,US_2Y_DAILY,2021-04-15,2021-04-16 00:00:00,0.16
16632,US_2Y_DAILY,2021-04-16,2021-04-17 00:00:00,0.16
16633,US_2Y_DAILY,2021-04-19,2021-04-20 00:00:00,0.16
16634,US_2Y_DAILY,2021-04-20,2021-04-21 00:00:00,0.15
16635,US_2Y_DAILY,2021-04-21,2021-04-22 00:00:00,0.15
16636,US_2Y_DAILY,2021-04-22,2021-04-23 00:00:00,0.16
16637,US_2Y_DAILY,2021-04-23,2021-04-24 00:00:00,0.16
16638,US_2Y_DAILY,2021-04-26,2021-04-27 00:00:00,0.18
16639,US_2Y_DAILY,2021-04-27,2021-04-28 00:00:00,0.17
16640,US_2Y_DAILY,2021-04-28,2021-04-29 00:00:00,0.17
16641,US_2Y_DAILY,2021-04-29,2021-04-30 00:00:00,0.16
16642,US_2Y_DAILY,2021-04-30,2021-05-01 00:00:00,0.16
16643,US_2Y_DAILY,2021-05-03,2021-05-04 00:00:00,0.16
16644,US_2Y_DAILY,2021-05-04,2021-05-05 00:00:00,0.16
16645,US_2Y_DAILY,2021-05-05,2021-05-06 00:00:00,0.16
16646,US_2Y_DAILY,2021-05-06,2021-05-07 00:00:00,0.16
16647,US_2Y_DAILY,2021-05-07,2021-05-08 00:00:00,0.14
16648,US_2Y_DAILY,2021-05-10,2021-05-11 00:00:00,0.16
16649,US_2Y_DAILY,2021-05-11,2021-05-12 00:00:00,0.16
16650,US_2Y_DAILY,2021-05-12,2021-05-13 00:00:00,0.16
16651,US_2Y_DAILY,2021-05-13,2021-05-14 00:00:00,0.16
16652,US_2Y_DAILY,2021-05-14,2021-05-15 00:00:00,0.16
16653,US_2Y_DAILY,2021-05-17,2021-05-18 00:00:00,0.16
16654,US_2Y_DAILY,2021-05-18,2021-05-19 00:00:00,0.16
16655,US_2Y_DAILY,2021-05-19,2021-05-20 00:00:00,0.16
16656,US_2Y_DAILY,2021-05-20,2021-05-21 00:00:00,0.15
16657,US_2Y_DAILY,2021-05-21,2021-05-22 00:00:00,0.17
16658,US_2Y_DAILY,2021-05-24,2021-05-25 00:00:00,0.15
16659,US_2Y_DAILY,2021-05-25,2021-05-26 00:00:00,0.15
16660,US_2Y_DAILY,2021-05-26,2021-05-27 00:00:00,0.14
16661,US_2Y_DAILY,2021-05-27,2021-05-28 00:00:00,0.14
16662,US_2Y_DAILY,2021-05-28,2021-05-29 00:00:00,0.14
16663,US_2Y_DAILY,2021-06-01,2021-06-02 00:00:00,0.16
16664,US_2Y_DAILY,2021-06-02,2021-06-03 00:00:00,0.13
16665,US_2Y_DAILY,2021-06-03,2021-06-04 00:00:00,0.16
16666,US_2Y_DAILY,2021-06-04,2021-06-05 00:00:00,0.14
16667,US_2Y_DAILY,2021-06-07,2021-06-08 00:00:00,0.16
16668,US_2Y_DAILY,2021-06-08,2021-06-09 00:00:00,0.14
16669,US_2Y_DAILY,2021-06-09,2021-06-10 00:00:00,0.16
16670,US_2Y_DAILY,2021-06-10,2021-06-11 00:00:00,0.14
16671,US_2Y_DAILY,2021-06-11,2021-06-12 00:00:00,0.16
16672,US_2Y_DAILY,2021-06-14,2021-06-15 00:00:00,0.16
16673,US_2Y_DAILY,2021-06-15,2021-06-16 00:00:00,0.16
16674,US_2Y_DAILY,2021-06-16,2021-06-17 00:00:00,0.21
16675,US_2Y_DAILY,2021-06-17,2021-06-18 00:00:00,0.23
16676,US_2Y_DAILY,2021-06-18,2021-06-19 00:00:00,0.26
16677,US_2Y_DAILY,2021-06-21,2021-06-22 00:00:00,0.27
16678,US_2Y_DAILY,2021-06-22,2021-06-23 00:00:00,0.25
16679,US_2Y_DAILY,2021-06-23,2021-06-24 00:00:00,0.26
16680,US_2Y_DAILY,2021-06-24,2021-06-25 00:00:00,0.26
16681,US_2Y_DAILY,2021-06-25,2021-06-26 00:00:00,0.28
16682,US_2Y_DAILY,2021-06-28,2021-06-29 00:00:00,0.25
16683,US_2Y_DAILY,2021-06-29,2021-06-30 00:00:00,0.27
16684,US_2Y_DAILY,2021-06-30,2021-07-01 00:00:00,0.25
16685,US_2Y_DAILY,2021-07-01,2021-07-02 00:00:00,0.25
16686,US_2Y_DAILY,2021-07-02,2021-07-03 00:00:00,0.24
16687,US_2Y_DAILY,2021-07-06,2021-07-07 00:00:00,0.22
16688,US_2Y_DAILY,2021-07-07,2021-07-08 00:00:00,0.22
16689,US_2Y_DAILY,2021-07-08,2021-07-09 00:00:00,0.19
16690,US_2Y_DAILY,2021-07-09,2021-07-10 00:00:00,0.23
16691,US_2Y_DAILY,2021-07-12,2021-07-13 00:00:00,0.23
16692,US_2Y_DAILY,2021-07-13,2021-07-14 00:00:00,0.26
16693,US_2Y_DAILY,2021-07-14,2021-07-15 00:00:00,0.23
16694,US_2Y_DAILY,2021-07-15,2021-07-16 00:00:00,0.23
16695,US_2Y_DAILY,2021-07-16,2021-07-17 00:00:00,0.25
16696,US_2Y_DAILY,2021-07-19,2021-07-20 00:00:00,0.21
16697,US_2Y_DAILY,2021-07-20,2021-07-21 00:00:00,0.2
16698,US_2Y_DAILY,2021-07-21,2021-07-22 00:00:00,0.22
16699,US_2Y_DAILY,2021-07-22,2021-07-23 00:00:00,0.2
16700,US_2Y_DAILY,2021-07-23,2021-07-24 00:00:00,0.22
16701,US_2Y_DAILY,2021-07-26,2021-07-27 00:00:00,0.22
16702,US_2Y_DAILY,2021-07-27,2021-07-28 00:00:00,0.2
16703,US_2Y_DAILY,2021-07-28,2021-07-29 00:00:00,0.2
16704,US_2Y_DAILY,2021-07-29,2021-07-30 00:00:00,0.2
16705,US_2Y_DAILY,2021-07-30,2021-07-31 00:00:00,0.19
16706,US_2Y_DAILY,2021-08-02,2021-08-03 00:00:00,0.17
16707,US_2Y_DAILY,2021-08-03,2021-08-04 00:00:00,0.17
16708,US_2Y_DAILY,2021-08-04,2021-08-05 00:00:00,0.17
16709,US_2Y_DAILY,2021-08-05,2021-08-06 00:00:00,0.21
16710,US_2Y_DAILY,2021-08-06,2021-08-07 00:00:00,0.21
16711,US_2Y_DAILY,2021-08-09,2021-08-10 00:00:00,0.23
16712,US_2Y_DAILY,2021-08-10,2021-08-11 00:00:00,0.24
16713,US_2Y_DAILY,2021-08-11,2021-08-12 00:00:00,0.23
16714,US_2Y_DAILY,2021-08-12,2021-08-13 00:00:00,0.23
16715,US_2Y_DAILY,2021-08-13,2021-08-14 00:00:00,0.23
16716,US_2Y_DAILY,2021-08-16,2021-08-17 00:00:00,0.21
16717,US_2Y_DAILY,2021-08-17,2021-08-18 00:00:00,0.23
16718,US_2Y_DAILY,2021-08-18,2021-08-19 00:00:00,0.23
16719,US_2Y_DAILY,2021-08-19,2021-08-20 00:00:00,0.22
16720,US_2Y_DAILY,2021-08-20,2021-08-21 00:00:00,0.23
16721,US_2Y_DAILY,2021-08-23,2021-08-24 00:00:00,0.23
16722,US_2Y_DAILY,2021-08-24,2021-08-25 00:00:00,0.24
16723,US_2Y_DAILY,2021-08-25,2021-08-26 00:00:00,0.23
16724,US_2Y_DAILY,2021-08-26,2021-08-27 00:00:00,0.25
16725,US_2Y_DAILY,2021-08-27,2021-08-28 00:00:00,0.22
16726,US_2Y_DAILY,2021-08-30,2021-08-31 00:00:00,0.2
16727,US_2Y_DAILY,2021-08-31,2021-09-01 00:00:00,0.2
16728,US_2Y_DAILY,2021-09-01,2021-09-02 00:00:00,0.2
16729,US_2Y_DAILY,2021-09-02,2021-09-03 00:00:00,0.2
16730,US_2Y_DAILY,2021-09-03,2021-09-04 00:00:00,0.21
16731,US_2Y_DAILY,2021-09-07,2021-09-08 00:00:00,0.22
16732,US_2Y_DAILY,2021-09-08,2021-09-09 00:00:00,0.22
16733,US_2Y_DAILY,2021-09-09,2021-09-10 00:00:00,0.23
16734,US_2Y_DAILY,2021-09-10,2021-09-11 00:00:00,0.23
16735,US_2Y_DAILY,2021-09-13,2021-09-14 00:00:00,0.21
16736,US_2Y_DAILY,2021-09-14,2021-09-15 00:00:00,0.21
16737,US_2Y_DAILY,2021-09-15,2021-09-16 00:00:00,0.21
16738,US_2Y_DAILY,2021-09-16,2021-09-17 00:00:00,0.23
16739,US_2Y_DAILY,2021-09-17,2021-09-18 00:00:00,0.23
16740,US_2Y_DAILY,2021-09-20,2021-09-21 00:00:00,0.23
16741,US_2Y_DAILY,2021-09-21,2021-09-22 00:00:00,0.22
16742,US_2Y_DAILY,2021-09-22,2021-09-23 00:00:00,0.25
16743,US_2Y_DAILY,2021-09-23,2021-09-24 00:00:00,0.27
16744,US_2Y_DAILY,2021-09-24,2021-09-25 00:00:00,0.29
16745,US_2Y_DAILY,2021-09-27,2021-09-28 00:00:00,0.31
16746,US_2Y_DAILY,2021-09-28,2021-09-29 00:00:00,0.31
16747,US_2Y_DAILY,2021-09-29,2021-09-30 00:00:00,0.3
16748,US_2Y_DAILY,2021-09-30,2021-10-01 00:00:00,0.28
16749,US_2Y_DAILY,2021-10-01,2021-10-02 00:00:00,0.27
16750,US_2Y_DAILY,2021-10-04,2021-10-05 00:00:00,0.27
16751,US_2Y_DAILY,2021-10-05,2021-10-06 00:00:00,0.28
16752,US_2Y_DAILY,2021-10-06,2021-10-07 00:00:00,0.3
16753,US_2Y_DAILY,2021-10-07,2021-10-08 00:00:00,0.32
16754,US_2Y_DAILY,2021-10-08,2021-10-09 00:00:00,0.32
16755,US_2Y_DAILY,2021-10-12,2021-10-13 00:00:00,0.35
16756,US_2Y_DAILY,2021-10-13,2021-10-14 00:00:00,0.37
16757,US_2Y_DAILY,2021-10-14,2021-10-15 00:00:00,0.36
16758,US_2Y_DAILY,2021-10-15,2021-10-16 00:00:00,0.41
16759,US_2Y_DAILY,2021-10-18,2021-10-19 00:00:00,0.44
16760,US_2Y_DAILY,2021-10-19,2021-10-20 00:00:00,0.41
16761,US_2Y_DAILY,2021-10-20,2021-10-21 00:00:00,0.4
16762,US_2Y_DAILY,2021-10-21,2021-10-22 00:00:00,0.45
16763,US_2Y_DAILY,2021-10-22,2021-10-23 00:00:00,0.48
16764,US_2Y_DAILY,2021-10-25,2021-10-26 00:00:00,0.47
16765,US_2Y_DAILY,2021-10-26,2021-10-27 00:00:00,0.47
16766,US_2Y_DAILY,2021-10-27,2021-10-28 00:00:00,0.5
16767,US_2Y_DAILY,2021-10-28,2021-10-29 00:00:00,0.5
16768,US_2Y_DAILY,2021-10-29,2021-10-30 00:00:00,0.48
16769,US_2Y_DAILY,2021-11-01,2021-11-02 00:00:00,0.5
16770,US_2Y_DAILY,2021-11-02,2021-11-03 00:00:00,0.46
16771,US_2Y_DAILY,2021-11-03,2021-11-04 00:00:00,0.47
16772,US_2Y_DAILY,2021-11-04,2021-11-05 00:00:00,0.41
16773,US_2Y_DAILY,2021-11-05,2021-11-06 00:00:00,0.39
16774,US_2Y_DAILY,2021-11-08,2021-11-09 00:00:00,0.45
16775,US_2Y_DAILY,2021-11-09,2021-11-10 00:00:00,0.41
16776,US_2Y_DAILY,2021-11-10,2021-11-11 00:00:00,0.51
16777,US_2Y_DAILY,2021-11-12,2021-11-13 00:00:00,0.53
16778,US_2Y_DAILY,2021-11-15,2021-11-16 00:00:00,0.53
16779,US_2Y_DAILY,2021-11-16,2021-11-17 00:00:00,0.54
16780,US_2Y_DAILY,2021-11-17,2021-11-18 00:00:00,0.52
16781,US_2Y_DAILY,2021-11-18,2021-11-19 00:00:00,0.52
16782,US_2Y_DAILY,2021-11-19,2021-11-20 00:00:00,0.52
16783,US_2Y_DAILY,2021-11-22,2021-11-23 00:00:00,0.63
16784,US_2Y_DAILY,2021-11-23,2021-11-24 00:00:00,0.6
16785,US_2Y_DAILY,2021-11-24,2021-11-25 00:00:00,0.64
16786,US_2Y_DAILY,2021-11-26,2021-11-27 00:00:00,0.5
16787,US_2Y_DAILY,2021-11-29,2021-11-30 00:00:00,0.51
16788,US_2Y_DAILY,2021-11-30,2021-12-01 00:00:00,0.52
16789,US_2Y_DAILY,2021-12-01,2021-12-02 00:00:00,0.56
16790,US_2Y_DAILY,2021-12-02,2021-12-03 00:00:00,0.63
16791,US_2Y_DAILY,2021-12-03,2021-12-04 00:00:00,0.6
16792,US_2Y_DAILY,2021-12-06,2021-12-07 00:00:00,0.65
16793,US_2Y_DAILY,2021-12-07,2021-12-08 00:00:00,0.7
16794,US_2Y_DAILY,2021-12-08,2021-12-09 00:00:00,0.68
16795,US_2Y_DAILY,2021-12-09,2021-12-10 00:00:00,0.7
16796,US_2Y_DAILY,2021-12-10,2021-12-11 00:00:00,0.67
16797,US_2Y_DAILY,2021-12-13,2021-12-14 00:00:00,0.66
16798,US_2Y_DAILY,2021-12-14,2021-12-15 00:00:00,0.67
16799,US_2Y_DAILY,2021-12-15,2021-12-16 00:00:00,0.69
16800,US_2Y_DAILY,2021-12-16,2021-12-17 00:00:00,0.64
16801,US_2Y_DAILY,2021-12-17,2021-12-18 00:00:00,0.66
16802,US_2Y_DAILY,2021-12-20,2021-12-21 00:00:00,0.65
16803,US_2Y_DAILY,2021-12-21,2021-12-22 00:00:00,0.7
16804,US_2Y_DAILY,2021-12-22,2021-12-23 00:00:00,0.68
16805,US_2Y_DAILY,2021-12-23,2021-12-24 00:00:00,0.71
16806,US_2Y_DAILY,2021-12-27,2021-12-28 00:00:00,0.76
16807,US_2Y_DAILY,2021-12-28,2021-12-29 00:00:00,0.74
16808,US_2Y_DAILY,2021-12-29,2021-12-30 00:00:00,0.75
16809,US_2Y_DAILY,2021-12-30,2021-12-31 00:00:00,0.73
16810,US_2Y_DAILY,2021-12-31,2022-01-01 00:00:00,0.73
16811,US_2Y_DAILY,2022-01-03,2022-01-04 00:00:00,0.78
16812,US_2Y_DAILY,2022-01-04,2022-01-05 00:00:00,0.77
16813,US_2Y_DAILY,2022-01-05,2022-01-06 00:00:00,0.83
16814,US_2Y_DAILY,2022-01-06,2022-01-07 00:00:00,0.88
16815,US_2Y_DAILY,2022-01-07,2022-01-08 00:00:00,0.87
16816,US_2Y_DAILY,2022-01-10,2022-01-11 00:00:00,0.92
16817,US_2Y_DAILY,2022-01-11,2022-01-12 00:00:00,0.9
16818,US_2Y_DAILY,2022-01-12,2022-01-13 00:00:00,0.92
16819,US_2Y_DAILY,2022-01-13,2022-01-14 00:00:00,0.91
16820,US_2Y_DAILY,2022-01-14,2022-01-15 00:00:00,0.99
16821,US_2Y_DAILY,2022-01-18,2022-01-19 00:00:00,1.06
16822,US_2Y_DAILY,2022-01-19,2022-01-20 00:00:00,1.04
16823,US_2Y_DAILY,2022-01-20,2022-01-21 00:00:00,1.08
16824,US_2Y_DAILY,2022-01-21,2022-01-22 00:00:00,1.01
16825,US_2Y_DAILY,2022-01-24,2022-01-25 00:00:00,0.99
16826,US_2Y_DAILY,2022-01-25,2022-01-26 00:00:00,1.02
16827,US_2Y_DAILY,2022-01-26,2022-01-27 00:00:00,1.13
16828,US_2Y_DAILY,2022-01-27,2022-01-28 00:00:00,1.18
16829,US_2Y_DAILY,2022-01-28,2022-01-29 00:00:00,1.15
16830,US_2Y_DAILY,2022-01-31,2022-02-01 00:00:00,1.18
16831,US_2Y_DAILY,2022-02-01,2022-02-02 00:00:00,1.18
16832,US_2Y_DAILY,2022-02-02,2022-02-03 00:00:00,1.16
16833,US_2Y_DAILY,2022-02-03,2022-02-04 00:00:00,1.19
16834,US_2Y_DAILY,2022-02-04,2022-02-05 00:00:00,1.31
16835,US_2Y_DAILY,2022-02-07,2022-02-08 00:00:00,1.3
16836,US_2Y_DAILY,2022-02-08,2022-02-09 00:00:00,1.35
16837,US_2Y_DAILY,2022-02-09,2022-02-10 00:00:00,1.36
16838,US_2Y_DAILY,2022-02-10,2022-02-11 00:00:00,1.61
16839,US_2Y_DAILY,2022-02-11,2022-02-12 00:00:00,1.5
16840,US_2Y_DAILY,2022-02-14,2022-02-15 00:00:00,1.58
16841,US_2Y_DAILY,2022-02-15,2022-02-16 00:00:00,1.58
16842,US_2Y_DAILY,2022-02-16,2022-02-17 00:00:00,1.52
16843,US_2Y_DAILY,2022-02-17,2022-02-18 00:00:00,1.49
16844,US_2Y_DAILY,2022-02-18,2022-02-19 00:00:00,1.47
16845,US_2Y_DAILY,2022-02-22,2022-02-23 00:00:00,1.56
16846,US_2Y_DAILY,2022-02-23,2022-02-24 00:00:00,1.58
16847,US_2Y_DAILY,2022-02-24,2022-02-25 00:00:00,1.54
16848,US_2Y_DAILY,2022-02-25,2022-02-26 00:00:00,1.55
16849,US_2Y_DAILY,2022-02-28,2022-03-01 00:00:00,1.44
16850,US_2Y_DAILY,2022-03-01,2022-03-02 00:00:00,1.31
16851,US_2Y_DAILY,2022-03-02,2022-03-03 00:00:00,1.5
16852,US_2Y_DAILY,2022-03-03,2022-03-04 00:00:00,1.53
16853,US_2Y_DAILY,2022-03-04,2022-03-05 00:00:00,1.5
16854,US_2Y_DAILY,2022-03-07,2022-03-08 00:00:00,1.55
16855,US_2Y_DAILY,2022-03-08,2022-03-09 00:00:00,1.63
16856,US_2Y_DAILY,2022-03-09,2022-03-10 00:00:00,1.68
16857,US_2Y_DAILY,2022-03-10,2022-03-11 00:00:00,1.72
16858,US_2Y_DAILY,2022-03-11,2022-03-12 00:00:00,1.75
16859,US_2Y_DAILY,2022-03-14,2022-03-15 00:00:00,1.87
16860,US_2Y_DAILY,2022-03-15,2022-03-16 00:00:00,1.85
16861,US_2Y_DAILY,2022-03-16,2022-03-17 00:00:00,1.95
16862,US_2Y_DAILY,2022-03-17,2022-03-18 00:00:00,1.94
16863,US_2Y_DAILY,2022-03-18,2022-03-19 00:00:00,1.97
16864,US_2Y_DAILY,2022-03-21,2022-03-22 00:00:00,2.14
16865,US_2Y_DAILY,2022-03-22,2022-03-23 00:00:00,2.18
16866,US_2Y_DAILY,2022-03-23,2022-03-24 00:00:00,2.13
16867,US_2Y_DAILY,2022-03-24,2022-03-25 00:00:00,2.13
16868,US_2Y_DAILY,2022-03-25,2022-03-26 00:00:00,2.3
16869,US_2Y_DAILY,2022-03-28,2022-03-29 00:00:00,2.35
16870,US_2Y_DAILY,2022-03-29,2022-03-30 00:00:00,2.35
16871,US_2Y_DAILY,2022-03-30,2022-03-31 00:00:00,2.31
16872,US_2Y_DAILY,2022-03-31,2022-04-01 00:00:00,2.28
16873,US_2Y_DAILY,2022-04-01,2022-04-02 00:00:00,2.44
16874,US_2Y_DAILY,2022-04-04,2022-04-05 00:00:00,2.43
16875,US_2Y_DAILY,2022-04-05,2022-04-06 00:00:00,2.51
16876,US_2Y_DAILY,2022-04-06,2022-04-07 00:00:00,2.5
16877,US_2Y_DAILY,2022-04-07,2022-04-08 00:00:00,2.47
16878,US_2Y_DAILY,2022-04-08,2022-04-09 00:00:00,2.53
16879,US_2Y_DAILY,2022-04-11,2022-04-12 00:00:00,2.5
16880,US_2Y_DAILY,2022-04-12,2022-04-13 00:00:00,2.39
16881,US_2Y_DAILY,2022-04-13,2022-04-14 00:00:00,2.37
16882,US_2Y_DAILY,2022-04-14,2022-04-15 00:00:00,2.47
16883,US_2Y_DAILY,2022-04-18,2022-04-19 00:00:00,2.46
16884,US_2Y_DAILY,2022-04-19,2022-04-20 00:00:00,2.61
16885,US_2Y_DAILY,2022-04-20,2022-04-21 00:00:00,2.6
16886,US_2Y_DAILY,2022-04-21,2022-04-22 00:00:00,2.68
16887,US_2Y_DAILY,2022-04-22,2022-04-23 00:00:00,2.72
16888,US_2Y_DAILY,2022-04-25,2022-04-26 00:00:00,2.63
16889,US_2Y_DAILY,2022-04-26,2022-04-27 00:00:00,2.54
16890,US_2Y_DAILY,2022-04-27,2022-04-28 00:00:00,2.58
16891,US_2Y_DAILY,2022-04-28,2022-04-29 00:00:00,2.63
16892,US_2Y_DAILY,2022-04-29,2022-04-30 00:00:00,2.7
16893,US_2Y_DAILY,2022-05-02,2022-05-03 00:00:00,2.73
16894,US_2Y_DAILY,2022-05-03,2022-05-04 00:00:00,2.78
16895,US_2Y_DAILY,2022-05-04,2022-05-05 00:00:00,2.66
16896,US_2Y_DAILY,2022-05-05,2022-05-06 00:00:00,2.71
16897,US_2Y_DAILY,2022-05-06,2022-05-07 00:00:00,2.72
16898,US_2Y_DAILY,2022-05-09,2022-05-10 00:00:00,2.61
16899,US_2Y_DAILY,2022-05-10,2022-05-11 00:00:00,2.62
16900,US_2Y_DAILY,2022-05-11,2022-05-12 00:00:00,2.66
16901,US_2Y_DAILY,2022-05-12,2022-05-13 00:00:00,2.56
16902,US_2Y_DAILY,2022-05-13,2022-05-14 00:00:00,2.61
16903,US_2Y_DAILY,2022-05-16,2022-05-17 00:00:00,2.58
16904,US_2Y_DAILY,2022-05-17,2022-05-18 00:00:00,2.71
16905,US_2Y_DAILY,2022-05-18,2022-05-19 00:00:00,2.68
16906,US_2Y_DAILY,2022-05-19,2022-05-20 00:00:00,2.63
16907,US_2Y_DAILY,2022-05-20,2022-05-21 00:00:00,2.6
16908,US_2Y_DAILY,2022-05-23,2022-05-24 00:00:00,2.65
16909,US_2Y_DAILY,2022-05-24,2022-05-25 00:00:00,2.5
16910,US_2Y_DAILY,2022-05-25,2022-05-26 00:00:00,2.48
16911,US_2Y_DAILY,2022-05-26,2022-05-27 00:00:00,2.46
16912,US_2Y_DAILY,2022-05-27,2022-05-28 00:00:00,2.47
16913,US_2Y_DAILY,2022-05-31,2022-06-01 00:00:00,2.53
16914,US_2Y_DAILY,2022-06-01,2022-06-02 00:00:00,2.66
16915,US_2Y_DAILY,2022-06-02,2022-06-03 00:00:00,2.65
16916,US_2Y_DAILY,2022-06-03,2022-06-04 00:00:00,2.66
16917,US_2Y_DAILY,2022-06-06,2022-06-07 00:00:00,2.73
16918,US_2Y_DAILY,2022-06-07,2022-06-08 00:00:00,2.75
16919,US_2Y_DAILY,2022-06-08,2022-06-09 00:00:00,2.78
16920,US_2Y_DAILY,2022-06-09,2022-06-10 00:00:00,2.83
16921,US_2Y_DAILY,2022-06-10,2022-06-11 00:00:00,3.06
16922,US_2Y_DAILY,2022-06-13,2022-06-14 00:00:00,3.4
16923,US_2Y_DAILY,2022-06-14,2022-06-15 00:00:00,3.45
16924,US_2Y_DAILY,2022-06-15,2022-06-16 00:00:00,3.2
16925,US_2Y_DAILY,2022-06-16,2022-06-17 00:00:00,3.14
16926,US_2Y_DAILY,2022-06-17,2022-06-18 00:00:00,3.17
16927,US_2Y_DAILY,2022-06-21,2022-06-22 00:00:00,3.21
16928,US_2Y_DAILY,2022-06-22,2022-06-23 00:00:00,3.06
16929,US_2Y_DAILY,2022-06-23,2022-06-24 00:00:00,3.01
16930,US_2Y_DAILY,2022-06-24,2022-06-25 00:00:00,3.04
16931,US_2Y_DAILY,2022-06-27,2022-06-28 00:00:00,3.08
16932,US_2Y_DAILY,2022-06-28,2022-06-29 00:00:00,3.1
16933,US_2Y_DAILY,2022-06-29,2022-06-30 00:00:00,3.06
16934,US_2Y_DAILY,2022-06-30,2022-07-01 00:00:00,2.92
16935,US_2Y_DAILY,2022-07-01,2022-07-02 00:00:00,2.84
16936,US_2Y_DAILY,2022-07-05,2022-07-06 00:00:00,2.82
16937,US_2Y_DAILY,2022-07-06,2022-07-07 00:00:00,2.97
16938,US_2Y_DAILY,2022-07-07,2022-07-08 00:00:00,3.03
16939,US_2Y_DAILY,2022-07-08,2022-07-09 00:00:00,3.12
16940,US_2Y_DAILY,2022-07-11,2022-07-12 00:00:00,3.07
16941,US_2Y_DAILY,2022-07-12,2022-07-13 00:00:00,3.03
16942,US_2Y_DAILY,2022-07-13,2022-07-14 00:00:00,3.13
16943,US_2Y_DAILY,2022-07-14,2022-07-15 00:00:00,3.15
16944,US_2Y_DAILY,2022-07-15,2022-07-16 00:00:00,3.13
16945,US_2Y_DAILY,2022-07-18,2022-07-19 00:00:00,3.15
16946,US_2Y_DAILY,2022-07-19,2022-07-20 00:00:00,3.23
16947,US_2Y_DAILY,2022-07-20,2022-07-21 00:00:00,3.25
16948,US_2Y_DAILY,2022-07-21,2022-07-22 00:00:00,3.1
16949,US_2Y_DAILY,2022-07-22,2022-07-23 00:00:00,2.98
16950,US_2Y_DAILY,2022-07-25,2022-07-26 00:00:00,3
16951,US_2Y_DAILY,2022-07-26,2022-07-27 00:00:00,3.02
16952,US_2Y_DAILY,2022-07-27,2022-07-28 00:00:00,2.96
16953,US_2Y_DAILY,2022-07-28,2022-07-29 00:00:00,2.85
16954,US_2Y_DAILY,2022-07-29,2022-07-30 00:00:00,2.89
16955,US_2Y_DAILY,2022-08-01,2022-08-02 00:00:00,2.9
16956,US_2Y_DAILY,2022-08-02,2022-08-03 00:00:00,3.06
16957,US_2Y_DAILY,2022-08-03,2022-08-04 00:00:00,3.1
16958,US_2Y_DAILY,2022-08-04,2022-08-05 00:00:00,3.03
16959,US_2Y_DAILY,2022-08-05,2022-08-06 00:00:00,3.24
16960,US_2Y_DAILY,2022-08-08,2022-08-09 00:00:00,3.21
16961,US_2Y_DAILY,2022-08-09,2022-08-10 00:00:00,3.28
16962,US_2Y_DAILY,2022-08-10,2022-08-11 00:00:00,3.23
16963,US_2Y_DAILY,2022-08-11,2022-08-12 00:00:00,3.23
16964,US_2Y_DAILY,2022-08-12,2022-08-13 00:00:00,3.25
16965,US_2Y_DAILY,2022-08-15,2022-08-16 00:00:00,3.2
16966,US_2Y_DAILY,2022-08-16,2022-08-17 00:00:00,3.25
16967,US_2Y_DAILY,2022-08-17,2022-08-18 00:00:00,3.28
16968,US_2Y_DAILY,2022-08-18,2022-08-19 00:00:00,3.22
16969,US_2Y_DAILY,2022-08-19,2022-08-20 00:00:00,3.25
16970,US_2Y_DAILY,2022-08-22,2022-08-23 00:00:00,3.32
16971,US_2Y_DAILY,2022-08-23,2022-08-24 00:00:00,3.29
16972,US_2Y_DAILY,2022-08-24,2022-08-25 00:00:00,3.36
16973,US_2Y_DAILY,2022-08-25,2022-08-26 00:00:00,3.35
16974,US_2Y_DAILY,2022-08-26,2022-08-27 00:00:00,3.37
16975,US_2Y_DAILY,2022-08-29,2022-08-30 00:00:00,3.42
16976,US_2Y_DAILY,2022-08-30,2022-08-31 00:00:00,3.46
16977,US_2Y_DAILY,2022-08-31,2022-09-01 00:00:00,3.45
16978,US_2Y_DAILY,2022-09-01,2022-09-02 00:00:00,3.51
16979,US_2Y_DAILY,2022-09-02,2022-09-03 00:00:00,3.4
16980,US_2Y_DAILY,2022-09-06,2022-09-07 00:00:00,3.5
16981,US_2Y_DAILY,2022-09-07,2022-09-08 00:00:00,3.45
16982,US_2Y_DAILY,2022-09-08,2022-09-09 00:00:00,3.48
16983,US_2Y_DAILY,2022-09-09,2022-09-10 00:00:00,3.56
16984,US_2Y_DAILY,2022-09-12,2022-09-13 00:00:00,3.58
16985,US_2Y_DAILY,2022-09-13,2022-09-14 00:00:00,3.75
16986,US_2Y_DAILY,2022-09-14,2022-09-15 00:00:00,3.78
16987,US_2Y_DAILY,2022-09-15,2022-09-16 00:00:00,3.87
16988,US_2Y_DAILY,2022-09-16,2022-09-17 00:00:00,3.85
16989,US_2Y_DAILY,2022-09-19,2022-09-20 00:00:00,3.95
16990,US_2Y_DAILY,2022-09-20,2022-09-21 00:00:00,3.96
16991,US_2Y_DAILY,2022-09-21,2022-09-22 00:00:00,4.02
16992,US_2Y_DAILY,2022-09-22,2022-09-23 00:00:00,4.11
16993,US_2Y_DAILY,2022-09-23,2022-09-24 00:00:00,4.2
16994,US_2Y_DAILY,2022-09-26,2022-09-27 00:00:00,4.27
16995,US_2Y_DAILY,2022-09-27,2022-09-28 00:00:00,4.3
16996,US_2Y_DAILY,2022-09-28,2022-09-29 00:00:00,4.07
16997,US_2Y_DAILY,2022-09-29,2022-09-30 00:00:00,4.16
16998,US_2Y_DAILY,2022-09-30,2022-10-01 00:00:00,4.22
16999,US_2Y_DAILY,2022-10-03,2022-10-04 00:00:00,4.12
17000,US_2Y_DAILY,2022-10-04,2022-10-05 00:00:00,4.1
17001,US_2Y_DAILY,2022-10-05,2022-10-06 00:00:00,4.15
17002,US_2Y_DAILY,2022-10-06,2022-10-07 00:00:00,4.23
17003,US_2Y_DAILY,2022-10-07,2022-10-08 00:00:00,4.3
17004,US_2Y_DAILY,2022-10-11,2022-10-12 00:00:00,4.3
17005,US_2Y_DAILY,2022-10-12,2022-10-13 00:00:00,4.28
17006,US_2Y_DAILY,2022-10-13,2022-10-14 00:00:00,4.47
17007,US_2Y_DAILY,2022-10-14,2022-10-15 00:00:00,4.48
17008,US_2Y_DAILY,2022-10-17,2022-10-18 00:00:00,4.45
17009,US_2Y_DAILY,2022-10-18,2022-10-19 00:00:00,4.43
17010,US_2Y_DAILY,2022-10-19,2022-10-20 00:00:00,4.55
17011,US_2Y_DAILY,2022-10-20,2022-10-21 00:00:00,4.62
17012,US_2Y_DAILY,2022-10-21,2022-10-22 00:00:00,4.49
17013,US_2Y_DAILY,2022-10-24,2022-10-25 00:00:00,4.5
17014,US_2Y_DAILY,2022-10-25,2022-10-26 00:00:00,4.42
17015,US_2Y_DAILY,2022-10-26,2022-10-27 00:00:00,4.39
17016,US_2Y_DAILY,2022-10-27,2022-10-28 00:00:00,4.3
17017,US_2Y_DAILY,2022-10-28,2022-10-29 00:00:00,4.41
17018,US_2Y_DAILY,2022-10-31,2022-11-01 00:00:00,4.51
17019,US_2Y_DAILY,2022-11-01,2022-11-02 00:00:00,4.54
17020,US_2Y_DAILY,2022-11-02,2022-11-03 00:00:00,4.61
17021,US_2Y_DAILY,2022-11-03,2022-11-04 00:00:00,4.71
17022,US_2Y_DAILY,2022-11-04,2022-11-05 00:00:00,4.66
17023,US_2Y_DAILY,2022-11-07,2022-11-08 00:00:00,4.72
17024,US_2Y_DAILY,2022-11-08,2022-11-09 00:00:00,4.67
17025,US_2Y_DAILY,2022-11-09,2022-11-10 00:00:00,4.61
17026,US_2Y_DAILY,2022-11-10,2022-11-11 00:00:00,4.34
17027,US_2Y_DAILY,2022-11-14,2022-11-15 00:00:00,4.4
17028,US_2Y_DAILY,2022-11-15,2022-11-16 00:00:00,4.37
17029,US_2Y_DAILY,2022-11-16,2022-11-17 00:00:00,4.35
17030,US_2Y_DAILY,2022-11-17,2022-11-18 00:00:00,4.43
17031,US_2Y_DAILY,2022-11-18,2022-11-19 00:00:00,4.51
17032,US_2Y_DAILY,2022-11-21,2022-11-22 00:00:00,4.48
17033,US_2Y_DAILY,2022-11-22,2022-11-23 00:00:00,4.47
17034,US_2Y_DAILY,2022-11-23,2022-11-24 00:00:00,4.46
17035,US_2Y_DAILY,2022-11-25,2022-11-26 00:00:00,4.42
17036,US_2Y_DAILY,2022-11-28,2022-11-29 00:00:00,4.46
17037,US_2Y_DAILY,2022-11-29,2022-11-30 00:00:00,4.48
17038,US_2Y_DAILY,2022-11-30,2022-12-01 00:00:00,4.38
17039,US_2Y_DAILY,2022-12-01,2022-12-02 00:00:00,4.25
17040,US_2Y_DAILY,2022-12-02,2022-12-03 00:00:00,4.28
17041,US_2Y_DAILY,2022-12-05,2022-12-06 00:00:00,4.41
17042,US_2Y_DAILY,2022-12-06,2022-12-07 00:00:00,4.34
17043,US_2Y_DAILY,2022-12-07,2022-12-08 00:00:00,4.26
17044,US_2Y_DAILY,2022-12-08,2022-12-09 00:00:00,4.31
17045,US_2Y_DAILY,2022-12-09,2022-12-10 00:00:00,4.33
17046,US_2Y_DAILY,2022-12-12,2022-12-13 00:00:00,4.39
17047,US_2Y_DAILY,2022-12-13,2022-12-14 00:00:00,4.22
17048,US_2Y_DAILY,2022-12-14,2022-12-15 00:00:00,4.23
17049,US_2Y_DAILY,2022-12-15,2022-12-16 00:00:00,4.23
17050,US_2Y_DAILY,2022-12-16,2022-12-17 00:00:00,4.17
17051,US_2Y_DAILY,2022-12-19,2022-12-20 00:00:00,4.25
17052,US_2Y_DAILY,2022-12-20,2022-12-21 00:00:00,4.25
17053,US_2Y_DAILY,2022-12-21,2022-12-22 00:00:00,4.21
17054,US_2Y_DAILY,2022-12-22,2022-12-23 00:00:00,4.24
17055,US_2Y_DAILY,2022-12-23,2022-12-24 00:00:00,4.31
17056,US_2Y_DAILY,2022-12-27,2022-12-28 00:00:00,4.32
17057,US_2Y_DAILY,2022-12-28,2022-12-29 00:00:00,4.31
17058,US_2Y_DAILY,2022-12-29,2022-12-30 00:00:00,4.34
17059,US_2Y_DAILY,2022-12-30,2022-12-31 00:00:00,4.41
17060,US_2Y_DAILY,2023-01-03,2023-01-04 00:00:00,4.4
17061,US_2Y_DAILY,2023-01-04,2023-01-05 00:00:00,4.36
17062,US_2Y_DAILY,2023-01-05,2023-01-06 00:00:00,4.45
17063,US_2Y_DAILY,2023-01-06,2023-01-07 00:00:00,4.24
17064,US_2Y_DAILY,2023-01-09,2023-01-10 00:00:00,4.19
17065,US_2Y_DAILY,2023-01-10,2023-01-11 00:00:00,4.24
17066,US_2Y_DAILY,2023-01-11,2023-01-12 00:00:00,4.2
17067,US_2Y_DAILY,2023-01-12,2023-01-13 00:00:00,4.12
17068,US_2Y_DAILY,2023-01-13,2023-01-14 00:00:00,4.22
17069,US_2Y_DAILY,2023-01-17,2023-01-18 00:00:00,4.18
17070,US_2Y_DAILY,2023-01-18,2023-01-19 00:00:00,4.06
17071,US_2Y_DAILY,2023-01-19,2023-01-20 00:00:00,4.09
17072,US_2Y_DAILY,2023-01-20,2023-01-21 00:00:00,4.14
17073,US_2Y_DAILY,2023-01-23,2023-01-24 00:00:00,4.21
17074,US_2Y_DAILY,2023-01-24,2023-01-25 00:00:00,4.12
17075,US_2Y_DAILY,2023-01-25,2023-01-26 00:00:00,4.11
17076,US_2Y_DAILY,2023-01-26,2023-01-27 00:00:00,4.17
17077,US_2Y_DAILY,2023-01-27,2023-01-28 00:00:00,4.19
17078,US_2Y_DAILY,2023-01-30,2023-01-31 00:00:00,4.25
17079,US_2Y_DAILY,2023-01-31,2023-02-01 00:00:00,4.21
17080,US_2Y_DAILY,2023-02-01,2023-02-02 00:00:00,4.09
17081,US_2Y_DAILY,2023-02-02,2023-02-03 00:00:00,4.09
17082,US_2Y_DAILY,2023-02-03,2023-02-04 00:00:00,4.3
17083,US_2Y_DAILY,2023-02-06,2023-02-07 00:00:00,4.44
17084,US_2Y_DAILY,2023-02-07,2023-02-08 00:00:00,4.47
17085,US_2Y_DAILY,2023-02-08,2023-02-09 00:00:00,4.45
17086,US_2Y_DAILY,2023-02-09,2023-02-10 00:00:00,4.48
17087,US_2Y_DAILY,2023-02-10,2023-02-11 00:00:00,4.5
17088,US_2Y_DAILY,2023-02-13,2023-02-14 00:00:00,4.52
17089,US_2Y_DAILY,2023-02-14,2023-02-15 00:00:00,4.6
17090,US_2Y_DAILY,2023-02-15,2023-02-16 00:00:00,4.62
17091,US_2Y_DAILY,2023-02-16,2023-02-17 00:00:00,4.62
17092,US_2Y_DAILY,2023-02-17,2023-02-18 00:00:00,4.6
17093,US_2Y_DAILY,2023-02-21,2023-02-22 00:00:00,4.67
17094,US_2Y_DAILY,2023-02-22,2023-02-23 00:00:00,4.66
17095,US_2Y_DAILY,2023-02-23,2023-02-24 00:00:00,4.66
17096,US_2Y_DAILY,2023-02-24,2023-02-25 00:00:00,4.78
17097,US_2Y_DAILY,2023-02-27,2023-02-28 00:00:00,4.78
17098,US_2Y_DAILY,2023-02-28,2023-03-01 00:00:00,4.81
17099,US_2Y_DAILY,2023-03-01,2023-03-02 00:00:00,4.89
17100,US_2Y_DAILY,2023-03-02,2023-03-03 00:00:00,4.89
17101,US_2Y_DAILY,2023-03-03,2023-03-04 00:00:00,4.86
17102,US_2Y_DAILY,2023-03-06,2023-03-07 00:00:00,4.89
17103,US_2Y_DAILY,2023-03-07,2023-03-08 00:00:00,5
17104,US_2Y_DAILY,2023-03-08,2023-03-09 00:00:00,5.05
17105,US_2Y_DAILY,2023-03-09,2023-03-10 00:00:00,4.9
17106,US_2Y_DAILY,2023-03-10,2023-03-11 00:00:00,4.6
17107,US_2Y_DAILY,2023-03-13,2023-03-14 00:00:00,4.03
17108,US_2Y_DAILY,2023-03-14,2023-03-15 00:00:00,4.2
17109,US_2Y_DAILY,2023-03-15,2023-03-16 00:00:00,3.93
17110,US_2Y_DAILY,2023-03-16,2023-03-17 00:00:00,4.14
17111,US_2Y_DAILY,2023-03-17,2023-03-18 00:00:00,3.81
17112,US_2Y_DAILY,2023-03-20,2023-03-21 00:00:00,3.92
17113,US_2Y_DAILY,2023-03-21,2023-03-22 00:00:00,4.17
17114,US_2Y_DAILY,2023-03-22,2023-03-23 00:00:00,3.96
17115,US_2Y_DAILY,2023-03-23,2023-03-24 00:00:00,3.76
17116,US_2Y_DAILY,2023-03-24,2023-03-25 00:00:00,3.76
17117,US_2Y_DAILY,2023-03-27,2023-03-28 00:00:00,3.94
17118,US_2Y_DAILY,2023-03-28,2023-03-29 00:00:00,4.02
17119,US_2Y_DAILY,2023-03-29,2023-03-30 00:00:00,4.08
17120,US_2Y_DAILY,2023-03-30,2023-03-31 00:00:00,4.1
17121,US_2Y_DAILY,2023-03-31,2023-04-01 00:00:00,4.06
17122,US_2Y_DAILY,2023-04-03,2023-04-04 00:00:00,3.97
17123,US_2Y_DAILY,2023-04-04,2023-04-05 00:00:00,3.84
17124,US_2Y_DAILY,2023-04-05,2023-04-06 00:00:00,3.79
17125,US_2Y_DAILY,2023-04-06,2023-04-07 00:00:00,3.82
17126,US_2Y_DAILY,2023-04-07,2023-04-08 00:00:00,3.97
17127,US_2Y_DAILY,2023-04-10,2023-04-11 00:00:00,4
17128,US_2Y_DAILY,2023-04-11,2023-04-12 00:00:00,4.03
17129,US_2Y_DAILY,2023-04-12,2023-04-13 00:00:00,3.95
17130,US_2Y_DAILY,2023-04-13,2023-04-14 00:00:00,3.96
17131,US_2Y_DAILY,2023-04-14,2023-04-15 00:00:00,4.08
17132,US_2Y_DAILY,2023-04-17,2023-04-18 00:00:00,4.18
17133,US_2Y_DAILY,2023-04-18,2023-04-19 00:00:00,4.19
17134,US_2Y_DAILY,2023-04-19,2023-04-20 00:00:00,4.24
17135,US_2Y_DAILY,2023-04-20,2023-04-21 00:00:00,4.14
17136,US_2Y_DAILY,2023-04-21,2023-04-22 00:00:00,4.17
17137,US_2Y_DAILY,2023-04-24,2023-04-25 00:00:00,4.12
17138,US_2Y_DAILY,2023-04-25,2023-04-26 00:00:00,3.86
17139,US_2Y_DAILY,2023-04-26,2023-04-27 00:00:00,3.9
17140,US_2Y_DAILY,2023-04-27,2023-04-28 00:00:00,4.07
17141,US_2Y_DAILY,2023-04-28,2023-04-29 00:00:00,4.04
17142,US_2Y_DAILY,2023-05-01,2023-05-02 00:00:00,4.14
17143,US_2Y_DAILY,2023-05-02,2023-05-03 00:00:00,3.97
17144,US_2Y_DAILY,2023-05-03,2023-05-04 00:00:00,3.89
17145,US_2Y_DAILY,2023-05-04,2023-05-05 00:00:00,3.75
17146,US_2Y_DAILY,2023-05-05,2023-05-06 00:00:00,3.92
17147,US_2Y_DAILY,2023-05-08,2023-05-09 00:00:00,4
17148,US_2Y_DAILY,2023-05-09,2023-05-10 00:00:00,4.01
17149,US_2Y_DAILY,2023-05-10,2023-05-11 00:00:00,3.9
17150,US_2Y_DAILY,2023-05-11,2023-05-12 00:00:00,3.89
17151,US_2Y_DAILY,2023-05-12,2023-05-13 00:00:00,3.98
17152,US_2Y_DAILY,2023-05-15,2023-05-16 00:00:00,3.99
17153,US_2Y_DAILY,2023-05-16,2023-05-17 00:00:00,4.06
17154,US_2Y_DAILY,2023-05-17,2023-05-18 00:00:00,4.12
17155,US_2Y_DAILY,2023-05-18,2023-05-19 00:00:00,4.24
17156,US_2Y_DAILY,2023-05-19,2023-05-20 00:00:00,4.28
17157,US_2Y_DAILY,2023-05-22,2023-05-23 00:00:00,4.29
17158,US_2Y_DAILY,2023-05-23,2023-05-24 00:00:00,4.26
17159,US_2Y_DAILY,2023-05-24,2023-05-25 00:00:00,4.31
17160,US_2Y_DAILY,2023-05-25,2023-05-26 00:00:00,4.5
17161,US_2Y_DAILY,2023-05-26,2023-05-27 00:00:00,4.54
17162,US_2Y_DAILY,2023-05-30,2023-05-31 00:00:00,4.46
17163,US_2Y_DAILY,2023-05-31,2023-06-01 00:00:00,4.4
17164,US_2Y_DAILY,2023-06-01,2023-06-02 00:00:00,4.33
17165,US_2Y_DAILY,2023-06-02,2023-06-03 00:00:00,4.5
17166,US_2Y_DAILY,2023-06-05,2023-06-06 00:00:00,4.46
17167,US_2Y_DAILY,2023-06-06,2023-06-07 00:00:00,4.51
17168,US_2Y_DAILY,2023-06-07,2023-06-08 00:00:00,4.56
17169,US_2Y_DAILY,2023-06-08,2023-06-09 00:00:00,4.52
17170,US_2Y_DAILY,2023-06-09,2023-06-10 00:00:00,4.59
17171,US_2Y_DAILY,2023-06-12,2023-06-13 00:00:00,4.55
17172,US_2Y_DAILY,2023-06-13,2023-06-14 00:00:00,4.67
17173,US_2Y_DAILY,2023-06-14,2023-06-15 00:00:00,4.74
17174,US_2Y_DAILY,2023-06-15,2023-06-16 00:00:00,4.62
17175,US_2Y_DAILY,2023-06-16,2023-06-17 00:00:00,4.7
17176,US_2Y_DAILY,2023-06-20,2023-06-21 00:00:00,4.68
17177,US_2Y_DAILY,2023-06-21,2023-06-22 00:00:00,4.68
17178,US_2Y_DAILY,2023-06-22,2023-06-23 00:00:00,4.77
17179,US_2Y_DAILY,2023-06-23,2023-06-24 00:00:00,4.71
17180,US_2Y_DAILY,2023-06-26,2023-06-27 00:00:00,4.65
17181,US_2Y_DAILY,2023-06-27,2023-06-28 00:00:00,4.74
17182,US_2Y_DAILY,2023-06-28,2023-06-29 00:00:00,4.71
17183,US_2Y_DAILY,2023-06-29,2023-06-30 00:00:00,4.87
17184,US_2Y_DAILY,2023-06-30,2023-07-01 00:00:00,4.87
17185,US_2Y_DAILY,2023-07-03,2023-07-04 00:00:00,4.94
17186,US_2Y_DAILY,2023-07-05,2023-07-06 00:00:00,4.94
17187,US_2Y_DAILY,2023-07-06,2023-07-07 00:00:00,4.99
17188,US_2Y_DAILY,2023-07-07,2023-07-08 00:00:00,4.94
17189,US_2Y_DAILY,2023-07-10,2023-07-11 00:00:00,4.85
17190,US_2Y_DAILY,2023-07-11,2023-07-12 00:00:00,4.88
17191,US_2Y_DAILY,2023-07-12,2023-07-13 00:00:00,4.72
17192,US_2Y_DAILY,2023-07-13,2023-07-14 00:00:00,4.59
17193,US_2Y_DAILY,2023-07-14,2023-07-15 00:00:00,4.74
17194,US_2Y_DAILY,2023-07-17,2023-07-18 00:00:00,4.74
17195,US_2Y_DAILY,2023-07-18,2023-07-19 00:00:00,4.74
17196,US_2Y_DAILY,2023-07-19,2023-07-20 00:00:00,4.74
17197,US_2Y_DAILY,2023-07-20,2023-07-21 00:00:00,4.8
17198,US_2Y_DAILY,2023-07-21,2023-07-22 00:00:00,4.82
17199,US_2Y_DAILY,2023-07-24,2023-07-25 00:00:00,4.81
17200,US_2Y_DAILY,2023-07-25,2023-07-26 00:00:00,4.85
17201,US_2Y_DAILY,2023-07-26,2023-07-27 00:00:00,4.82
17202,US_2Y_DAILY,2023-07-27,2023-07-28 00:00:00,4.91
17203,US_2Y_DAILY,2023-07-28,2023-07-29 00:00:00,4.87
17204,US_2Y_DAILY,2023-07-31,2023-08-01 00:00:00,4.88
17205,US_2Y_DAILY,2023-08-01,2023-08-02 00:00:00,4.92
17206,US_2Y_DAILY,2023-08-02,2023-08-03 00:00:00,4.88
17207,US_2Y_DAILY,2023-08-03,2023-08-04 00:00:00,4.9
17208,US_2Y_DAILY,2023-08-04,2023-08-05 00:00:00,4.78
17209,US_2Y_DAILY,2023-08-07,2023-08-08 00:00:00,4.76
17210,US_2Y_DAILY,2023-08-08,2023-08-09 00:00:00,4.74
17211,US_2Y_DAILY,2023-08-09,2023-08-10 00:00:00,4.79
17212,US_2Y_DAILY,2023-08-10,2023-08-11 00:00:00,4.82
17213,US_2Y_DAILY,2023-08-11,2023-08-12 00:00:00,4.89
17214,US_2Y_DAILY,2023-08-14,2023-08-15 00:00:00,4.96
17215,US_2Y_DAILY,2023-08-15,2023-08-16 00:00:00,4.92
17216,US_2Y_DAILY,2023-08-16,2023-08-17 00:00:00,4.97
17217,US_2Y_DAILY,2023-08-17,2023-08-18 00:00:00,4.94
17218,US_2Y_DAILY,2023-08-18,2023-08-19 00:00:00,4.92
17219,US_2Y_DAILY,2023-08-21,2023-08-22 00:00:00,4.97
17220,US_2Y_DAILY,2023-08-22,2023-08-23 00:00:00,5.02
17221,US_2Y_DAILY,2023-08-23,2023-08-24 00:00:00,4.95
17222,US_2Y_DAILY,2023-08-24,2023-08-25 00:00:00,4.98
17223,US_2Y_DAILY,2023-08-25,2023-08-26 00:00:00,5.03
17224,US_2Y_DAILY,2023-08-28,2023-08-29 00:00:00,4.98
17225,US_2Y_DAILY,2023-08-29,2023-08-30 00:00:00,4.87
17226,US_2Y_DAILY,2023-08-30,2023-08-31 00:00:00,4.9
17227,US_2Y_DAILY,2023-08-31,2023-09-01 00:00:00,4.85
17228,US_2Y_DAILY,2023-09-01,2023-09-02 00:00:00,4.87
17229,US_2Y_DAILY,2023-09-05,2023-09-06 00:00:00,4.94
17230,US_2Y_DAILY,2023-09-06,2023-09-07 00:00:00,5.01
17231,US_2Y_DAILY,2023-09-07,2023-09-08 00:00:00,4.94
17232,US_2Y_DAILY,2023-09-08,2023-09-09 00:00:00,4.98
17233,US_2Y_DAILY,2023-09-11,2023-09-12 00:00:00,4.97
17234,US_2Y_DAILY,2023-09-12,2023-09-13 00:00:00,4.98
17235,US_2Y_DAILY,2023-09-13,2023-09-14 00:00:00,4.96
17236,US_2Y_DAILY,2023-09-14,2023-09-15 00:00:00,5
17237,US_2Y_DAILY,2023-09-15,2023-09-16 00:00:00,5.02
17238,US_2Y_DAILY,2023-09-18,2023-09-19 00:00:00,5.05
17239,US_2Y_DAILY,2023-09-19,2023-09-20 00:00:00,5.08
17240,US_2Y_DAILY,2023-09-20,2023-09-21 00:00:00,5.12
17241,US_2Y_DAILY,2023-09-21,2023-09-22 00:00:00,5.12
17242,US_2Y_DAILY,2023-09-22,2023-09-23 00:00:00,5.1
17243,US_2Y_DAILY,2023-09-25,2023-09-26 00:00:00,5.09
17244,US_2Y_DAILY,2023-09-26,2023-09-27 00:00:00,5.04
17245,US_2Y_DAILY,2023-09-27,2023-09-28 00:00:00,5.1
17246,US_2Y_DAILY,2023-09-28,2023-09-29 00:00:00,5.04
17247,US_2Y_DAILY,2023-09-29,2023-09-30 00:00:00,5.03
17248,US_2Y_DAILY,2023-10-02,2023-10-03 00:00:00,5.12
17249,US_2Y_DAILY,2023-10-03,2023-10-04 00:00:00,5.15
17250,US_2Y_DAILY,2023-10-04,2023-10-05 00:00:00,5.05
17251,US_2Y_DAILY,2023-10-05,2023-10-06 00:00:00,5.03
17252,US_2Y_DAILY,2023-10-06,2023-10-07 00:00:00,5.08
17253,US_2Y_DAILY,2023-10-10,2023-10-11 00:00:00,4.96
17254,US_2Y_DAILY,2023-10-11,2023-10-12 00:00:00,4.99
17255,US_2Y_DAILY,2023-10-12,2023-10-13 00:00:00,5.06
17256,US_2Y_DAILY,2023-10-13,2023-10-14 00:00:00,5.04
17257,US_2Y_DAILY,2023-10-16,2023-10-17 00:00:00,5.09
17258,US_2Y_DAILY,2023-10-17,2023-10-18 00:00:00,5.19
17259,US_2Y_DAILY,2023-10-18,2023-10-19 00:00:00,5.19
17260,US_2Y_DAILY,2023-10-19,2023-10-20 00:00:00,5.14
17261,US_2Y_DAILY,2023-10-20,2023-10-21 00:00:00,5.07
17262,US_2Y_DAILY,2023-10-23,2023-10-24 00:00:00,5.05
17263,US_2Y_DAILY,2023-10-24,2023-10-25 00:00:00,5.02
17264,US_2Y_DAILY,2023-10-25,2023-10-26 00:00:00,5.08
17265,US_2Y_DAILY,2023-10-26,2023-10-27 00:00:00,5.02
17266,US_2Y_DAILY,2023-10-27,2023-10-28 00:00:00,4.99
17267,US_2Y_DAILY,2023-10-30,2023-10-31 00:00:00,5.03
17268,US_2Y_DAILY,2023-10-31,2023-11-01 00:00:00,5.07
17269,US_2Y_DAILY,2023-11-01,2023-11-02 00:00:00,4.95
17270,US_2Y_DAILY,2023-11-02,2023-11-03 00:00:00,4.98
17271,US_2Y_DAILY,2023-11-03,2023-11-04 00:00:00,4.83
17272,US_2Y_DAILY,2023-11-06,2023-11-07 00:00:00,4.93
17273,US_2Y_DAILY,2023-11-07,2023-11-08 00:00:00,4.91
17274,US_2Y_DAILY,2023-11-08,2023-11-09 00:00:00,4.93
17275,US_2Y_DAILY,2023-11-09,2023-11-10 00:00:00,5.03
17276,US_2Y_DAILY,2023-11-10,2023-11-11 00:00:00,5.04
17277,US_2Y_DAILY,2023-11-13,2023-11-14 00:00:00,5.02
17278,US_2Y_DAILY,2023-11-14,2023-11-15 00:00:00,4.8
17279,US_2Y_DAILY,2023-11-15,2023-11-16 00:00:00,4.9
17280,US_2Y_DAILY,2023-11-16,2023-11-17 00:00:00,4.83
17281,US_2Y_DAILY,2023-11-17,2023-11-18 00:00:00,4.88
17282,US_2Y_DAILY,2023-11-20,2023-11-21 00:00:00,4.89
17283,US_2Y_DAILY,2023-11-21,2023-11-22 00:00:00,4.86
17284,US_2Y_DAILY,2023-11-22,2023-11-23 00:00:00,4.89
17285,US_2Y_DAILY,2023-11-24,2023-11-25 00:00:00,4.92
17286,US_2Y_DAILY,2023-11-27,2023-11-28 00:00:00,4.84
17287,US_2Y_DAILY,2023-11-28,2023-11-29 00:00:00,4.73
17288,US_2Y_DAILY,2023-11-29,2023-11-30 00:00:00,4.64
17289,US_2Y_DAILY,2023-11-30,2023-12-01 00:00:00,4.73
17290,US_2Y_DAILY,2023-12-01,2023-12-02 00:00:00,4.56
17291,US_2Y_DAILY,2023-12-04,2023-12-05 00:00:00,4.64
17292,US_2Y_DAILY,2023-12-05,2023-12-06 00:00:00,4.57
17293,US_2Y_DAILY,2023-12-06,2023-12-07 00:00:00,4.6
17294,US_2Y_DAILY,2023-12-07,2023-12-08 00:00:00,4.58
17295,US_2Y_DAILY,2023-12-08,2023-12-09 00:00:00,4.71
17296,US_2Y_DAILY,2023-12-11,2023-12-12 00:00:00,4.71
17297,US_2Y_DAILY,2023-12-12,2023-12-13 00:00:00,4.73
17298,US_2Y_DAILY,2023-12-13,2023-12-14 00:00:00,4.46
17299,US_2Y_DAILY,2023-12-14,2023-12-15 00:00:00,4.37
17300,US_2Y_DAILY,2023-12-15,2023-12-16 00:00:00,4.44
17932,US_2Y_DAILY,2026-06-30,2026-07-01 00:00:00,4.14
17933,US_2Y_DAILY,2026-07-01,2026-07-02 00:00:00,4.17
17934,US_2Y_DAILY,2026-07-02,2026-07-03 00:00:00,4.14
17935,US_2Y_DAILY,2026-07-06,2026-07-07 00:00:00,4.13
17936,US_2Y_DAILY,2026-07-07,2026-07-08 00:00:00,4.19
17937,US_2Y_DAILY,2026-07-08,2026-07-09 00:00:00,4.21
17938,VIX,2020-07-01,2020-07-02 00:00:00,28.62
17939,VIX,2020-07-02,2020-07-03 00:00:00,27.68
17940,VIX,2020-07-06,2020-07-07 00:00:00,27.94
17941,VIX,2020-07-07,2020-07-08 00:00:00,29.43
17942,VIX,2020-07-08,2020-07-09 00:00:00,28.08
17943,VIX,2020-07-09,2020-07-10 00:00:00,29.26
17944,VIX,2020-07-10,2020-07-11 00:00:00,27.29
17945,VIX,2020-07-13,2020-07-14 00:00:00,32.19
17946,VIX,2020-07-14,2020-07-15 00:00:00,29.52
17947,VIX,2020-07-15,2020-07-16 00:00:00,27.76
17948,VIX,2020-07-16,2020-07-17 00:00:00,28
17949,VIX,2020-07-17,2020-07-18 00:00:00,25.68
17950,VIX,2020-07-20,2020-07-21 00:00:00,24.46
17951,VIX,2020-07-21,2020-07-22 00:00:00,24.84
17952,VIX,2020-07-22,2020-07-23 00:00:00,24.32
17953,VIX,2020-07-23,2020-07-24 00:00:00,26.08
17954,VIX,2020-07-24,2020-07-25 00:00:00,25.84
17955,VIX,2020-07-27,2020-07-28 00:00:00,24.74
17956,VIX,2020-07-28,2020-07-29 00:00:00,25.44
17957,VIX,2020-07-29,2020-07-30 00:00:00,24.1
17958,VIX,2020-07-30,2020-07-31 00:00:00,24.76
17959,VIX,2020-07-31,2020-08-01 00:00:00,24.46
17960,VIX,2020-08-03,2020-08-04 00:00:00,24.28
17961,VIX,2020-08-04,2020-08-05 00:00:00,23.76
17962,VIX,2020-08-05,2020-08-06 00:00:00,22.99
17963,VIX,2020-08-06,2020-08-07 00:00:00,22.65
17964,VIX,2020-08-07,2020-08-08 00:00:00,22.21
17965,VIX,2020-08-10,2020-08-11 00:00:00,22.13
17966,VIX,2020-08-11,2020-08-12 00:00:00,24.03
17967,VIX,2020-08-12,2020-08-13 00:00:00,22.28
17968,VIX,2020-08-13,2020-08-14 00:00:00,22.13
17969,VIX,2020-08-14,2020-08-15 00:00:00,22.05
17970,VIX,2020-08-17,2020-08-18 00:00:00,21.35
17971,VIX,2020-08-18,2020-08-19 00:00:00,21.51
17972,VIX,2020-08-19,2020-08-20 00:00:00,22.54
17973,VIX,2020-08-20,2020-08-21 00:00:00,22.72
17974,VIX,2020-08-21,2020-08-22 00:00:00,22.54
17975,VIX,2020-08-24,2020-08-25 00:00:00,22.37
17976,VIX,2020-08-25,2020-08-26 00:00:00,22.03
17977,VIX,2020-08-26,2020-08-27 00:00:00,23.27
17978,VIX,2020-08-27,2020-08-28 00:00:00,24.47
17979,VIX,2020-08-28,2020-08-29 00:00:00,22.96
17980,VIX,2020-08-31,2020-09-01 00:00:00,26.41
17981,VIX,2020-09-01,2020-09-02 00:00:00,26.12
17982,VIX,2020-09-02,2020-09-03 00:00:00,26.57
17983,VIX,2020-09-03,2020-09-04 00:00:00,33.6
17984,VIX,2020-09-04,2020-09-05 00:00:00,30.75
17985,VIX,2020-09-08,2020-09-09 00:00:00,31.46
17986,VIX,2020-09-09,2020-09-10 00:00:00,28.81
17987,VIX,2020-09-10,2020-09-11 00:00:00,29.71
17988,VIX,2020-09-11,2020-09-12 00:00:00,26.87
17989,VIX,2020-09-14,2020-09-15 00:00:00,25.85
17990,VIX,2020-09-15,2020-09-16 00:00:00,25.59
17991,VIX,2020-09-16,2020-09-17 00:00:00,26.04
17992,VIX,2020-09-17,2020-09-18 00:00:00,26.46
17993,VIX,2020-09-18,2020-09-19 00:00:00,25.83
17994,VIX,2020-09-21,2020-09-22 00:00:00,27.78
17995,VIX,2020-09-22,2020-09-23 00:00:00,26.86
17996,VIX,2020-09-23,2020-09-24 00:00:00,28.58
17997,VIX,2020-09-24,2020-09-25 00:00:00,28.51
17998,VIX,2020-09-25,2020-09-26 00:00:00,26.38
17999,VIX,2020-09-28,2020-09-29 00:00:00,26.19
18000,VIX,2020-09-29,2020-09-30 00:00:00,26.27
18001,VIX,2020-09-30,2020-10-01 00:00:00,26.37
18002,VIX,2020-10-01,2020-10-02 00:00:00,26.7
18003,VIX,2020-10-02,2020-10-03 00:00:00,27.63
18004,VIX,2020-10-05,2020-10-06 00:00:00,27.96
18005,VIX,2020-10-06,2020-10-07 00:00:00,29.48
18006,VIX,2020-10-07,2020-10-08 00:00:00,28.06
18007,VIX,2020-10-08,2020-10-09 00:00:00,26.36
18008,VIX,2020-10-09,2020-10-10 00:00:00,25
18009,VIX,2020-10-12,2020-10-13 00:00:00,25.07
18010,VIX,2020-10-13,2020-10-14 00:00:00,26.07
18011,VIX,2020-10-14,2020-10-15 00:00:00,26.4
18012,VIX,2020-10-15,2020-10-16 00:00:00,26.97
18013,VIX,2020-10-16,2020-10-17 00:00:00,27.41
18014,VIX,2020-10-19,2020-10-20 00:00:00,29.18
18015,VIX,2020-10-20,2020-10-21 00:00:00,29.35
18016,VIX,2020-10-21,2020-10-22 00:00:00,28.65
18017,VIX,2020-10-22,2020-10-23 00:00:00,28.11
18018,VIX,2020-10-23,2020-10-24 00:00:00,27.55
18019,VIX,2020-10-26,2020-10-27 00:00:00,32.46
18020,VIX,2020-10-27,2020-10-28 00:00:00,33.35
18021,VIX,2020-10-28,2020-10-29 00:00:00,40.28
18022,VIX,2020-10-29,2020-10-30 00:00:00,37.59
18023,VIX,2020-10-30,2020-10-31 00:00:00,38.02
18024,VIX,2020-11-02,2020-11-03 00:00:00,37.13
18025,VIX,2020-11-03,2020-11-04 00:00:00,35.55
18026,VIX,2020-11-04,2020-11-05 00:00:00,29.57
18027,VIX,2020-11-05,2020-11-06 00:00:00,27.58
18028,VIX,2020-11-06,2020-11-07 00:00:00,24.86
18029,VIX,2020-11-09,2020-11-10 00:00:00,25.75
18030,VIX,2020-11-10,2020-11-11 00:00:00,24.8
18031,VIX,2020-11-11,2020-11-12 00:00:00,23.45
18032,VIX,2020-11-12,2020-11-13 00:00:00,25.35
18033,VIX,2020-11-13,2020-11-14 00:00:00,23.1
18034,VIX,2020-11-16,2020-11-17 00:00:00,22.45
18035,VIX,2020-11-17,2020-11-18 00:00:00,22.71
18036,VIX,2020-11-18,2020-11-19 00:00:00,23.84
18037,VIX,2020-11-19,2020-11-20 00:00:00,23.11
18038,VIX,2020-11-20,2020-11-21 00:00:00,23.7
18039,VIX,2020-11-23,2020-11-24 00:00:00,22.66
18040,VIX,2020-11-24,2020-11-25 00:00:00,21.64
18041,VIX,2020-11-25,2020-11-26 00:00:00,21.25
18042,VIX,2020-11-27,2020-11-28 00:00:00,20.84
18043,VIX,2020-11-30,2020-12-01 00:00:00,20.57
18044,VIX,2020-12-01,2020-12-02 00:00:00,20.77
18045,VIX,2020-12-02,2020-12-03 00:00:00,21.17
18046,VIX,2020-12-03,2020-12-04 00:00:00,21.28
18047,VIX,2020-12-04,2020-12-05 00:00:00,20.79
18048,VIX,2020-12-07,2020-12-08 00:00:00,21.3
18049,VIX,2020-12-08,2020-12-09 00:00:00,20.68
18050,VIX,2020-12-09,2020-12-10 00:00:00,22.27
18051,VIX,2020-12-10,2020-12-11 00:00:00,22.52
18052,VIX,2020-12-11,2020-12-12 00:00:00,23.31
18053,VIX,2020-12-14,2020-12-15 00:00:00,24.72
18054,VIX,2020-12-15,2020-12-16 00:00:00,22.89
18055,VIX,2020-12-16,2020-12-17 00:00:00,22.5
18056,VIX,2020-12-17,2020-12-18 00:00:00,21.93
18057,VIX,2020-12-18,2020-12-19 00:00:00,21.57
18058,VIX,2020-12-21,2020-12-22 00:00:00,25.16
18059,VIX,2020-12-22,2020-12-23 00:00:00,24.23
18060,VIX,2020-12-23,2020-12-24 00:00:00,23.31
18061,VIX,2020-12-24,2020-12-25 00:00:00,21.53
18062,VIX,2020-12-28,2020-12-29 00:00:00,21.7
18063,VIX,2020-12-29,2020-12-30 00:00:00,23.08
18064,VIX,2020-12-30,2020-12-31 00:00:00,22.77
18065,VIX,2020-12-31,2021-01-01 00:00:00,22.75
18066,VIX,2021-01-04,2021-01-05 00:00:00,26.97
18067,VIX,2021-01-05,2021-01-06 00:00:00,25.34
18068,VIX,2021-01-06,2021-01-07 00:00:00,25.07
18069,VIX,2021-01-07,2021-01-08 00:00:00,22.37
18070,VIX,2021-01-08,2021-01-09 00:00:00,21.56
18071,VIX,2021-01-11,2021-01-12 00:00:00,24.08
18072,VIX,2021-01-12,2021-01-13 00:00:00,23.33
18073,VIX,2021-01-13,2021-01-14 00:00:00,22.21
18074,VIX,2021-01-14,2021-01-15 00:00:00,23.25
18075,VIX,2021-01-15,2021-01-16 00:00:00,24.34
18076,VIX,2021-01-19,2021-01-20 00:00:00,23.24
18077,VIX,2021-01-20,2021-01-21 00:00:00,21.58
18078,VIX,2021-01-21,2021-01-22 00:00:00,21.32
18079,VIX,2021-01-22,2021-01-23 00:00:00,21.91
18080,VIX,2021-01-25,2021-01-26 00:00:00,23.19
18081,VIX,2021-01-26,2021-01-27 00:00:00,23.02
18082,VIX,2021-01-27,2021-01-28 00:00:00,37.21
18083,VIX,2021-01-28,2021-01-29 00:00:00,30.21
18084,VIX,2021-01-29,2021-01-30 00:00:00,33.09
18085,VIX,2021-02-01,2021-02-02 00:00:00,30.24
18086,VIX,2021-02-02,2021-02-03 00:00:00,25.56
18087,VIX,2021-02-03,2021-02-04 00:00:00,22.91
18088,VIX,2021-02-04,2021-02-05 00:00:00,21.77
18089,VIX,2021-02-05,2021-02-06 00:00:00,20.87
18090,VIX,2021-02-08,2021-02-09 00:00:00,21.24
18091,VIX,2021-02-09,2021-02-10 00:00:00,21.63
18092,VIX,2021-02-10,2021-02-11 00:00:00,21.99
18093,VIX,2021-02-11,2021-02-12 00:00:00,21.25
18094,VIX,2021-02-12,2021-02-13 00:00:00,19.97
18095,VIX,2021-02-16,2021-02-17 00:00:00,21.46
18096,VIX,2021-02-17,2021-02-18 00:00:00,21.5
18097,VIX,2021-02-18,2021-02-19 00:00:00,22.49
18098,VIX,2021-02-19,2021-02-20 00:00:00,22.05
18099,VIX,2021-02-22,2021-02-23 00:00:00,23.45
18100,VIX,2021-02-23,2021-02-24 00:00:00,23.11
18101,VIX,2021-02-24,2021-02-25 00:00:00,21.34
18102,VIX,2021-02-25,2021-02-26 00:00:00,28.89
18103,VIX,2021-02-26,2021-02-27 00:00:00,27.95
18104,VIX,2021-03-01,2021-03-02 00:00:00,23.35
18105,VIX,2021-03-02,2021-03-03 00:00:00,24.1
18106,VIX,2021-03-03,2021-03-04 00:00:00,26.67
18107,VIX,2021-03-04,2021-03-05 00:00:00,28.57
18108,VIX,2021-03-05,2021-03-06 00:00:00,24.66
18109,VIX,2021-03-08,2021-03-09 00:00:00,25.47
18110,VIX,2021-03-09,2021-03-10 00:00:00,24.03
18111,VIX,2021-03-10,2021-03-11 00:00:00,22.56
18112,VIX,2021-03-11,2021-03-12 00:00:00,21.91
18113,VIX,2021-03-12,2021-03-13 00:00:00,20.69
18114,VIX,2021-03-15,2021-03-16 00:00:00,20.03
18115,VIX,2021-03-16,2021-03-17 00:00:00,19.79
18116,VIX,2021-03-17,2021-03-18 00:00:00,19.23
18117,VIX,2021-03-18,2021-03-19 00:00:00,21.58
18118,VIX,2021-03-19,2021-03-20 00:00:00,20.95
18119,VIX,2021-03-22,2021-03-23 00:00:00,18.88
18120,VIX,2021-03-23,2021-03-24 00:00:00,20.3
18121,VIX,2021-03-24,2021-03-25 00:00:00,21.2
18122,VIX,2021-03-25,2021-03-26 00:00:00,19.81
18123,VIX,2021-03-26,2021-03-27 00:00:00,18.86
18124,VIX,2021-03-29,2021-03-30 00:00:00,20.74
18125,VIX,2021-03-30,2021-03-31 00:00:00,19.61
18126,VIX,2021-03-31,2021-04-01 00:00:00,19.4
18127,VIX,2021-04-01,2021-04-02 00:00:00,17.33
18128,VIX,2021-04-05,2021-04-06 00:00:00,17.91
18129,VIX,2021-04-06,2021-04-07 00:00:00,18.12
18130,VIX,2021-04-07,2021-04-08 00:00:00,17.16
18131,VIX,2021-04-08,2021-04-09 00:00:00,16.95
18132,VIX,2021-04-09,2021-04-10 00:00:00,16.69
18133,VIX,2021-04-12,2021-04-13 00:00:00,16.91
18134,VIX,2021-04-13,2021-04-14 00:00:00,16.65
18135,VIX,2021-04-14,2021-04-15 00:00:00,16.99
18136,VIX,2021-04-15,2021-04-16 00:00:00,16.57
18137,VIX,2021-04-16,2021-04-17 00:00:00,16.25
18138,VIX,2021-04-19,2021-04-20 00:00:00,17.29
18139,VIX,2021-04-20,2021-04-21 00:00:00,18.68
18140,VIX,2021-04-21,2021-04-22 00:00:00,17.5
18141,VIX,2021-04-22,2021-04-23 00:00:00,18.71
18142,VIX,2021-04-23,2021-04-24 00:00:00,17.33
18143,VIX,2021-04-26,2021-04-27 00:00:00,17.64
18144,VIX,2021-04-27,2021-04-28 00:00:00,17.56
18145,VIX,2021-04-28,2021-04-29 00:00:00,17.28
18146,VIX,2021-04-29,2021-04-30 00:00:00,17.61
18147,VIX,2021-04-30,2021-05-01 00:00:00,18.61
18148,VIX,2021-05-03,2021-05-04 00:00:00,18.31
18149,VIX,2021-05-04,2021-05-05 00:00:00,19.48
18150,VIX,2021-05-05,2021-05-06 00:00:00,19.15
18151,VIX,2021-05-06,2021-05-07 00:00:00,18.39
18152,VIX,2021-05-07,2021-05-08 00:00:00,16.69
18153,VIX,2021-05-10,2021-05-11 00:00:00,19.66
18154,VIX,2021-05-11,2021-05-12 00:00:00,21.84
18155,VIX,2021-05-12,2021-05-13 00:00:00,27.59
18156,VIX,2021-05-13,2021-05-14 00:00:00,23.13
18157,VIX,2021-05-14,2021-05-15 00:00:00,18.81
18158,VIX,2021-05-17,2021-05-18 00:00:00,19.72
18159,VIX,2021-05-18,2021-05-19 00:00:00,21.34
18160,VIX,2021-05-19,2021-05-20 00:00:00,22.18
18161,VIX,2021-05-20,2021-05-21 00:00:00,20.67
18162,VIX,2021-05-21,2021-05-22 00:00:00,20.15
18163,VIX,2021-05-24,2021-05-25 00:00:00,18.4
18164,VIX,2021-05-25,2021-05-26 00:00:00,18.84
18165,VIX,2021-05-26,2021-05-27 00:00:00,17.36
18166,VIX,2021-05-27,2021-05-28 00:00:00,16.74
18167,VIX,2021-05-28,2021-05-29 00:00:00,16.76
18168,VIX,2021-06-01,2021-06-02 00:00:00,17.9
18169,VIX,2021-06-02,2021-06-03 00:00:00,17.48
18170,VIX,2021-06-03,2021-06-04 00:00:00,18.04
18171,VIX,2021-06-04,2021-06-05 00:00:00,16.42
18172,VIX,2021-06-07,2021-06-08 00:00:00,16.42
18173,VIX,2021-06-08,2021-06-09 00:00:00,17.07
18174,VIX,2021-06-09,2021-06-10 00:00:00,17.89
18175,VIX,2021-06-10,2021-06-11 00:00:00,16.1
18176,VIX,2021-06-11,2021-06-12 00:00:00,15.65
18177,VIX,2021-06-14,2021-06-15 00:00:00,16.39
18178,VIX,2021-06-15,2021-06-16 00:00:00,17.02
18179,VIX,2021-06-16,2021-06-17 00:00:00,18.15
18180,VIX,2021-06-17,2021-06-18 00:00:00,17.75
18181,VIX,2021-06-18,2021-06-19 00:00:00,20.7
18182,VIX,2021-06-21,2021-06-22 00:00:00,17.89
18183,VIX,2021-06-22,2021-06-23 00:00:00,16.66
18184,VIX,2021-06-23,2021-06-24 00:00:00,16.32
18185,VIX,2021-06-24,2021-06-25 00:00:00,15.97
18186,VIX,2021-06-25,2021-06-26 00:00:00,15.62
18187,VIX,2021-06-28,2021-06-29 00:00:00,15.76
18188,VIX,2021-06-29,2021-06-30 00:00:00,16.02
18189,VIX,2021-06-30,2021-07-01 00:00:00,15.83
18190,VIX,2021-07-01,2021-07-02 00:00:00,15.48
18191,VIX,2021-07-02,2021-07-03 00:00:00,15.07
18192,VIX,2021-07-06,2021-07-07 00:00:00,16.44
18193,VIX,2021-07-07,2021-07-08 00:00:00,16.2
18194,VIX,2021-07-08,2021-07-09 00:00:00,19
18195,VIX,2021-07-09,2021-07-10 00:00:00,16.18
18196,VIX,2021-07-12,2021-07-13 00:00:00,16.17
18197,VIX,2021-07-13,2021-07-14 00:00:00,17.12
18198,VIX,2021-07-14,2021-07-15 00:00:00,16.33
18199,VIX,2021-07-15,2021-07-16 00:00:00,17.01
18200,VIX,2021-07-16,2021-07-17 00:00:00,18.45
18201,VIX,2021-07-19,2021-07-20 00:00:00,22.5
18202,VIX,2021-07-20,2021-07-21 00:00:00,19.73
18203,VIX,2021-07-21,2021-07-22 00:00:00,17.91
18204,VIX,2021-07-22,2021-07-23 00:00:00,17.69
18205,VIX,2021-07-23,2021-07-24 00:00:00,17.2
18206,VIX,2021-07-26,2021-07-27 00:00:00,17.58
18207,VIX,2021-07-27,2021-07-28 00:00:00,19.36
18208,VIX,2021-07-28,2021-07-29 00:00:00,18.31
18209,VIX,2021-07-29,2021-07-30 00:00:00,17.7
18210,VIX,2021-07-30,2021-07-31 00:00:00,18.24
18211,VIX,2021-08-02,2021-08-03 00:00:00,19.46
18212,VIX,2021-08-03,2021-08-04 00:00:00,18.04
18213,VIX,2021-08-04,2021-08-05 00:00:00,17.97
18214,VIX,2021-08-05,2021-08-06 00:00:00,17.28
18215,VIX,2021-08-06,2021-08-07 00:00:00,16.15
18216,VIX,2021-08-09,2021-08-10 00:00:00,16.72
18217,VIX,2021-08-10,2021-08-11 00:00:00,16.79
18218,VIX,2021-08-11,2021-08-12 00:00:00,16.06
18219,VIX,2021-08-12,2021-08-13 00:00:00,15.59
18220,VIX,2021-08-13,2021-08-14 00:00:00,15.45
18221,VIX,2021-08-16,2021-08-17 00:00:00,16.12
18222,VIX,2021-08-17,2021-08-18 00:00:00,17.91
18223,VIX,2021-08-18,2021-08-19 00:00:00,21.57
18224,VIX,2021-08-19,2021-08-20 00:00:00,21.67
18225,VIX,2021-08-20,2021-08-21 00:00:00,18.56
18226,VIX,2021-08-23,2021-08-24 00:00:00,17.15
18227,VIX,2021-08-24,2021-08-25 00:00:00,17.22
18228,VIX,2021-08-25,2021-08-26 00:00:00,16.79
18229,VIX,2021-08-26,2021-08-27 00:00:00,18.84
18230,VIX,2021-08-27,2021-08-28 00:00:00,16.39
18231,VIX,2021-08-30,2021-08-31 00:00:00,16.19
18232,VIX,2021-08-31,2021-09-01 00:00:00,16.48
18233,VIX,2021-09-01,2021-09-02 00:00:00,16.11
18234,VIX,2021-09-02,2021-09-03 00:00:00,16.41
18235,VIX,2021-09-03,2021-09-04 00:00:00,16.41
18236,VIX,2021-09-07,2021-09-08 00:00:00,18.14
18237,VIX,2021-09-08,2021-09-09 00:00:00,17.96
18238,VIX,2021-09-09,2021-09-10 00:00:00,18.8
18239,VIX,2021-09-10,2021-09-11 00:00:00,20.95
18240,VIX,2021-09-13,2021-09-14 00:00:00,19.37
18241,VIX,2021-09-14,2021-09-15 00:00:00,19.46
18242,VIX,2021-09-15,2021-09-16 00:00:00,18.18
18243,VIX,2021-09-16,2021-09-17 00:00:00,18.69
18244,VIX,2021-09-17,2021-09-18 00:00:00,20.81
18245,VIX,2021-09-20,2021-09-21 00:00:00,25.71
18246,VIX,2021-09-21,2021-09-22 00:00:00,24.36
18247,VIX,2021-09-22,2021-09-23 00:00:00,20.87
18248,VIX,2021-09-23,2021-09-24 00:00:00,18.63
18249,VIX,2021-09-24,2021-09-25 00:00:00,17.75
18250,VIX,2021-09-27,2021-09-28 00:00:00,18.76
18251,VIX,2021-09-28,2021-09-29 00:00:00,23.25
18252,VIX,2021-09-29,2021-09-30 00:00:00,22.56
18253,VIX,2021-09-30,2021-10-01 00:00:00,23.14
18254,VIX,2021-10-01,2021-10-02 00:00:00,21.15
18255,VIX,2021-10-04,2021-10-05 00:00:00,22.96
18256,VIX,2021-10-05,2021-10-06 00:00:00,21.3
18257,VIX,2021-10-06,2021-10-07 00:00:00,21
18258,VIX,2021-10-07,2021-10-08 00:00:00,19.54
18259,VIX,2021-10-08,2021-10-09 00:00:00,18.77
18260,VIX,2021-10-11,2021-10-12 00:00:00,20
18261,VIX,2021-10-12,2021-10-13 00:00:00,19.85
18262,VIX,2021-10-13,2021-10-14 00:00:00,18.64
18263,VIX,2021-10-14,2021-10-15 00:00:00,16.86
18264,VIX,2021-10-15,2021-10-16 00:00:00,16.3
18265,VIX,2021-10-18,2021-10-19 00:00:00,16.31
18266,VIX,2021-10-19,2021-10-20 00:00:00,15.7
18267,VIX,2021-10-20,2021-10-21 00:00:00,15.49
18268,VIX,2021-10-21,2021-10-22 00:00:00,15.01
18269,VIX,2021-10-22,2021-10-23 00:00:00,15.43
18270,VIX,2021-10-25,2021-10-26 00:00:00,15.24
18271,VIX,2021-10-26,2021-10-27 00:00:00,15.98
18272,VIX,2021-10-27,2021-10-28 00:00:00,16.98
18273,VIX,2021-10-28,2021-10-29 00:00:00,16.53
18274,VIX,2021-10-29,2021-10-30 00:00:00,16.26
18275,VIX,2021-11-01,2021-11-02 00:00:00,16.41
18276,VIX,2021-11-02,2021-11-03 00:00:00,16.03
18277,VIX,2021-11-03,2021-11-04 00:00:00,15.1
18278,VIX,2021-11-04,2021-11-05 00:00:00,15.44
18279,VIX,2021-11-05,2021-11-06 00:00:00,16.48
18280,VIX,2021-11-08,2021-11-09 00:00:00,17.22
18281,VIX,2021-11-09,2021-11-10 00:00:00,17.78
18282,VIX,2021-11-10,2021-11-11 00:00:00,18.73
18283,VIX,2021-11-11,2021-11-12 00:00:00,17.66
18284,VIX,2021-11-12,2021-11-13 00:00:00,16.29
18285,VIX,2021-11-15,2021-11-16 00:00:00,16.49
18286,VIX,2021-11-16,2021-11-17 00:00:00,16.37
18287,VIX,2021-11-17,2021-11-18 00:00:00,17.11
18288,VIX,2021-11-18,2021-11-19 00:00:00,17.59
18289,VIX,2021-11-19,2021-11-20 00:00:00,17.91
18290,VIX,2021-11-22,2021-11-23 00:00:00,19.17
18291,VIX,2021-11-23,2021-11-24 00:00:00,19.38
18292,VIX,2021-11-24,2021-11-25 00:00:00,18.58
18293,VIX,2021-11-26,2021-11-27 00:00:00,28.62
18294,VIX,2021-11-29,2021-11-30 00:00:00,22.96
18295,VIX,2021-11-30,2021-12-01 00:00:00,27.19
18296,VIX,2021-12-01,2021-12-02 00:00:00,31.12
18297,VIX,2021-12-02,2021-12-03 00:00:00,27.95
18298,VIX,2021-12-03,2021-12-04 00:00:00,30.67
18299,VIX,2021-12-06,2021-12-07 00:00:00,27.18
18300,VIX,2021-12-07,2021-12-08 00:00:00,21.89
18301,VIX,2021-12-08,2021-12-09 00:00:00,19.9
18302,VIX,2021-12-09,2021-12-10 00:00:00,21.58
18303,VIX,2021-12-10,2021-12-11 00:00:00,18.69
18304,VIX,2021-12-13,2021-12-14 00:00:00,20.31
18305,VIX,2021-12-14,2021-12-15 00:00:00,21.89
18306,VIX,2021-12-15,2021-12-16 00:00:00,19.29
18307,VIX,2021-12-16,2021-12-17 00:00:00,20.57
18308,VIX,2021-12-17,2021-12-18 00:00:00,21.57
18309,VIX,2021-12-20,2021-12-21 00:00:00,22.87
18310,VIX,2021-12-21,2021-12-22 00:00:00,21.01
18311,VIX,2021-12-22,2021-12-23 00:00:00,18.63
18312,VIX,2021-12-23,2021-12-24 00:00:00,17.96
18313,VIX,2021-12-27,2021-12-28 00:00:00,17.68
18314,VIX,2021-12-28,2021-12-29 00:00:00,17.54
18315,VIX,2021-12-29,2021-12-30 00:00:00,16.95
18316,VIX,2021-12-30,2021-12-31 00:00:00,17.33
18317,VIX,2021-12-31,2022-01-01 00:00:00,17.22
18318,VIX,2022-01-03,2022-01-04 00:00:00,16.6
18319,VIX,2022-01-04,2022-01-05 00:00:00,16.91
18320,VIX,2022-01-05,2022-01-06 00:00:00,19.73
18321,VIX,2022-01-06,2022-01-07 00:00:00,19.61
18322,VIX,2022-01-07,2022-01-08 00:00:00,18.76
18323,VIX,2022-01-10,2022-01-11 00:00:00,19.4
18324,VIX,2022-01-11,2022-01-12 00:00:00,18.41
18325,VIX,2022-01-12,2022-01-13 00:00:00,17.62
18326,VIX,2022-01-13,2022-01-14 00:00:00,20.31
18327,VIX,2022-01-14,2022-01-15 00:00:00,19.19
18328,VIX,2022-01-18,2022-01-19 00:00:00,22.79
18329,VIX,2022-01-19,2022-01-20 00:00:00,23.85
18330,VIX,2022-01-20,2022-01-21 00:00:00,25.59
18331,VIX,2022-01-21,2022-01-22 00:00:00,28.85
18332,VIX,2022-01-24,2022-01-25 00:00:00,29.9
18333,VIX,2022-01-25,2022-01-26 00:00:00,31.16
18334,VIX,2022-01-26,2022-01-27 00:00:00,31.96
18335,VIX,2022-01-27,2022-01-28 00:00:00,30.49
18336,VIX,2022-01-28,2022-01-29 00:00:00,27.66
18337,VIX,2022-01-31,2022-02-01 00:00:00,24.83
18338,VIX,2022-02-01,2022-02-02 00:00:00,21.96
18339,VIX,2022-02-02,2022-02-03 00:00:00,22.09
18340,VIX,2022-02-03,2022-02-04 00:00:00,24.35
18341,VIX,2022-02-04,2022-02-05 00:00:00,23.22
18342,VIX,2022-02-07,2022-02-08 00:00:00,22.86
18343,VIX,2022-02-08,2022-02-09 00:00:00,21.44
18344,VIX,2022-02-09,2022-02-10 00:00:00,19.96
18345,VIX,2022-02-10,2022-02-11 00:00:00,23.91
18346,VIX,2022-02-11,2022-02-12 00:00:00,27.36
18347,VIX,2022-02-14,2022-02-15 00:00:00,28.33
18348,VIX,2022-02-15,2022-02-16 00:00:00,25.7
18349,VIX,2022-02-16,2022-02-17 00:00:00,24.29
18350,VIX,2022-02-17,2022-02-18 00:00:00,28.11
18351,VIX,2022-02-18,2022-02-19 00:00:00,27.75
18352,VIX,2022-02-22,2022-02-23 00:00:00,28.81
18353,VIX,2022-02-23,2022-02-24 00:00:00,31.02
18354,VIX,2022-02-24,2022-02-25 00:00:00,30.32
18355,VIX,2022-02-25,2022-02-26 00:00:00,27.59
18356,VIX,2022-02-28,2022-03-01 00:00:00,30.15
18357,VIX,2022-03-01,2022-03-02 00:00:00,33.32
18358,VIX,2022-03-02,2022-03-03 00:00:00,30.74
18359,VIX,2022-03-03,2022-03-04 00:00:00,30.48
18360,VIX,2022-03-04,2022-03-05 00:00:00,31.98
18361,VIX,2022-03-07,2022-03-08 00:00:00,36.45
18362,VIX,2022-03-08,2022-03-09 00:00:00,35.13
18363,VIX,2022-03-09,2022-03-10 00:00:00,32.45
18364,VIX,2022-03-10,2022-03-11 00:00:00,30.23
18365,VIX,2022-03-11,2022-03-12 00:00:00,30.75
18366,VIX,2022-03-14,2022-03-15 00:00:00,31.77
18367,VIX,2022-03-15,2022-03-16 00:00:00,29.83
18368,VIX,2022-03-16,2022-03-17 00:00:00,26.67
18369,VIX,2022-03-17,2022-03-18 00:00:00,25.67
18370,VIX,2022-03-18,2022-03-19 00:00:00,23.87
18371,VIX,2022-03-21,2022-03-22 00:00:00,23.53
18372,VIX,2022-03-22,2022-03-23 00:00:00,22.94
18373,VIX,2022-03-23,2022-03-24 00:00:00,23.57
18374,VIX,2022-03-24,2022-03-25 00:00:00,21.67
18375,VIX,2022-03-25,2022-03-26 00:00:00,20.81
18376,VIX,2022-03-28,2022-03-29 00:00:00,19.63
18377,VIX,2022-03-29,2022-03-30 00:00:00,18.9
18378,VIX,2022-03-30,2022-03-31 00:00:00,19.33
18379,VIX,2022-03-31,2022-04-01 00:00:00,20.56
18380,VIX,2022-04-01,2022-04-02 00:00:00,19.63
18381,VIX,2022-04-04,2022-04-05 00:00:00,18.57
18382,VIX,2022-04-05,2022-04-06 00:00:00,21.03
18383,VIX,2022-04-06,2022-04-07 00:00:00,22.1
18384,VIX,2022-04-07,2022-04-08 00:00:00,21.55
18385,VIX,2022-04-08,2022-04-09 00:00:00,21.16
18386,VIX,2022-04-11,2022-04-12 00:00:00,24.37
18387,VIX,2022-04-12,2022-04-13 00:00:00,24.26
18388,VIX,2022-04-13,2022-04-14 00:00:00,21.82
18389,VIX,2022-04-14,2022-04-15 00:00:00,22.7
18390,VIX,2022-04-18,2022-04-19 00:00:00,22.17
18391,VIX,2022-04-19,2022-04-20 00:00:00,21.37
18392,VIX,2022-04-20,2022-04-21 00:00:00,20.32
18393,VIX,2022-04-21,2022-04-22 00:00:00,22.68
18394,VIX,2022-04-22,2022-04-23 00:00:00,28.21
18395,VIX,2022-04-25,2022-04-26 00:00:00,27.02
18396,VIX,2022-04-26,2022-04-27 00:00:00,33.52
18397,VIX,2022-04-27,2022-04-28 00:00:00,31.6
18398,VIX,2022-04-28,2022-04-29 00:00:00,29.99
18399,VIX,2022-04-29,2022-04-30 00:00:00,33.4
18400,VIX,2022-05-02,2022-05-03 00:00:00,32.34
18401,VIX,2022-05-03,2022-05-04 00:00:00,29.25
18402,VIX,2022-05-04,2022-05-05 00:00:00,25.42
18403,VIX,2022-05-05,2022-05-06 00:00:00,31.2
18404,VIX,2022-05-06,2022-05-07 00:00:00,30.19
18405,VIX,2022-05-09,2022-05-10 00:00:00,34.75
18406,VIX,2022-05-10,2022-05-11 00:00:00,32.99
18407,VIX,2022-05-11,2022-05-12 00:00:00,32.56
18408,VIX,2022-05-12,2022-05-13 00:00:00,31.77
18409,VIX,2022-05-13,2022-05-14 00:00:00,28.87
18410,VIX,2022-05-16,2022-05-17 00:00:00,27.47
18411,VIX,2022-05-17,2022-05-18 00:00:00,26.1
18412,VIX,2022-05-18,2022-05-19 00:00:00,30.96
18413,VIX,2022-05-19,2022-05-20 00:00:00,29.35
18414,VIX,2022-05-20,2022-05-21 00:00:00,29.43
18415,VIX,2022-05-23,2022-05-24 00:00:00,28.48
18416,VIX,2022-05-24,2022-05-25 00:00:00,29.45
18417,VIX,2022-05-25,2022-05-26 00:00:00,28.37
18418,VIX,2022-05-26,2022-05-27 00:00:00,27.5
18419,VIX,2022-05-27,2022-05-28 00:00:00,25.72
18420,VIX,2022-05-30,2022-05-31 00:00:00,26.54
18421,VIX,2022-05-31,2022-06-01 00:00:00,26.19
18422,VIX,2022-06-01,2022-06-02 00:00:00,25.69
18423,VIX,2022-06-02,2022-06-03 00:00:00,24.72
18424,VIX,2022-06-03,2022-06-04 00:00:00,24.79
18425,VIX,2022-06-06,2022-06-07 00:00:00,25.07
18426,VIX,2022-06-07,2022-06-08 00:00:00,24.02
18427,VIX,2022-06-08,2022-06-09 00:00:00,23.96
18428,VIX,2022-06-09,2022-06-10 00:00:00,26.09
18429,VIX,2022-06-10,2022-06-11 00:00:00,27.75
18430,VIX,2022-06-13,2022-06-14 00:00:00,34.02
18431,VIX,2022-06-14,2022-06-15 00:00:00,32.69
18432,VIX,2022-06-15,2022-06-16 00:00:00,29.62
18433,VIX,2022-06-16,2022-06-17 00:00:00,32.95
18434,VIX,2022-06-17,2022-06-18 00:00:00,31.13
18435,VIX,2022-06-20,2022-06-21 00:00:00,31.03
18436,VIX,2022-06-21,2022-06-22 00:00:00,30.19
18437,VIX,2022-06-22,2022-06-23 00:00:00,28.95
18438,VIX,2022-06-23,2022-06-24 00:00:00,29.05
18439,VIX,2022-06-24,2022-06-25 00:00:00,27.23
18440,VIX,2022-06-27,2022-06-28 00:00:00,26.95
18441,VIX,2022-06-28,2022-06-29 00:00:00,28.36
18442,VIX,2022-06-29,2022-06-30 00:00:00,28.16
18443,VIX,2022-06-30,2022-07-01 00:00:00,28.71
18444,VIX,2022-07-01,2022-07-02 00:00:00,26.7
18445,VIX,2022-07-04,2022-07-05 00:00:00,27.53
18446,VIX,2022-07-05,2022-07-06 00:00:00,27.54
18447,VIX,2022-07-06,2022-07-07 00:00:00,26.73
18448,VIX,2022-07-07,2022-07-08 00:00:00,26.08
18449,VIX,2022-07-08,2022-07-09 00:00:00,24.64
18450,VIX,2022-07-11,2022-07-12 00:00:00,26.17
18451,VIX,2022-07-12,2022-07-13 00:00:00,27.29
18452,VIX,2022-07-13,2022-07-14 00:00:00,26.82
18453,VIX,2022-07-14,2022-07-15 00:00:00,26.4
18454,VIX,2022-07-15,2022-07-16 00:00:00,24.23
18455,VIX,2022-07-18,2022-07-19 00:00:00,25.3
18456,VIX,2022-07-19,2022-07-20 00:00:00,24.5
18457,VIX,2022-07-20,2022-07-21 00:00:00,23.88
18458,VIX,2022-07-21,2022-07-22 00:00:00,23.11
18459,VIX,2022-07-22,2022-07-23 00:00:00,23.03
18460,VIX,2022-07-25,2022-07-26 00:00:00,23.36
18461,VIX,2022-07-26,2022-07-27 00:00:00,24.69
18462,VIX,2022-07-27,2022-07-28 00:00:00,23.24
18463,VIX,2022-07-28,2022-07-29 00:00:00,22.33
18464,VIX,2022-07-29,2022-07-30 00:00:00,21.33
18465,VIX,2022-08-01,2022-08-02 00:00:00,22.84
18466,VIX,2022-08-02,2022-08-03 00:00:00,23.93
18467,VIX,2022-08-03,2022-08-04 00:00:00,21.95
18468,VIX,2022-08-04,2022-08-05 00:00:00,21.44
18469,VIX,2022-08-05,2022-08-06 00:00:00,21.15
18470,VIX,2022-08-08,2022-08-09 00:00:00,21.29
18471,VIX,2022-08-09,2022-08-10 00:00:00,21.77
18472,VIX,2022-08-10,2022-08-11 00:00:00,19.74
18473,VIX,2022-08-11,2022-08-12 00:00:00,20.2
18474,VIX,2022-08-12,2022-08-13 00:00:00,19.53
18475,VIX,2022-08-15,2022-08-16 00:00:00,19.95
18476,VIX,2022-08-16,2022-08-17 00:00:00,19.69
18477,VIX,2022-08-17,2022-08-18 00:00:00,19.9
18478,VIX,2022-08-18,2022-08-19 00:00:00,19.56
18479,VIX,2022-08-19,2022-08-20 00:00:00,20.6
18480,VIX,2022-08-22,2022-08-23 00:00:00,23.8
18481,VIX,2022-08-23,2022-08-24 00:00:00,24.11
18482,VIX,2022-08-24,2022-08-25 00:00:00,22.82
18483,VIX,2022-08-25,2022-08-26 00:00:00,21.78
18484,VIX,2022-08-26,2022-08-27 00:00:00,25.56
18485,VIX,2022-08-29,2022-08-30 00:00:00,26.21
18486,VIX,2022-08-30,2022-08-31 00:00:00,26.21
18487,VIX,2022-08-31,2022-09-01 00:00:00,25.87
18488,VIX,2022-09-01,2022-09-02 00:00:00,25.56
18489,VIX,2022-09-02,2022-09-03 00:00:00,25.47
18490,VIX,2022-09-05,2022-09-06 00:00:00,25.99
18491,VIX,2022-09-06,2022-09-07 00:00:00,26.91
18492,VIX,2022-09-07,2022-09-08 00:00:00,24.64
18493,VIX,2022-09-08,2022-09-09 00:00:00,23.61
18494,VIX,2022-09-09,2022-09-10 00:00:00,22.79
18495,VIX,2022-09-12,2022-09-13 00:00:00,23.87
18496,VIX,2022-09-13,2022-09-14 00:00:00,27.27
18497,VIX,2022-09-14,2022-09-15 00:00:00,26.16
18498,VIX,2022-09-15,2022-09-16 00:00:00,26.27
18499,VIX,2022-09-16,2022-09-17 00:00:00,26.3
18500,VIX,2022-09-19,2022-09-20 00:00:00,25.76
18501,VIX,2022-09-20,2022-09-21 00:00:00,27.16
18502,VIX,2022-09-21,2022-09-22 00:00:00,27.99
18503,VIX,2022-09-22,2022-09-23 00:00:00,27.35
18504,VIX,2022-09-23,2022-09-24 00:00:00,29.92
18505,VIX,2022-09-26,2022-09-27 00:00:00,32.26
18506,VIX,2022-09-27,2022-09-28 00:00:00,32.6
18507,VIX,2022-09-28,2022-09-29 00:00:00,30.18
18508,VIX,2022-09-29,2022-09-30 00:00:00,31.84
18509,VIX,2022-09-30,2022-10-01 00:00:00,31.62
18510,VIX,2022-10-03,2022-10-04 00:00:00,30.1
18511,VIX,2022-10-04,2022-10-05 00:00:00,29.07
18512,VIX,2022-10-05,2022-10-06 00:00:00,28.55
18513,VIX,2022-10-06,2022-10-07 00:00:00,30.52
18514,VIX,2022-10-07,2022-10-08 00:00:00,31.36
18515,VIX,2022-10-10,2022-10-11 00:00:00,32.45
18516,VIX,2022-10-11,2022-10-12 00:00:00,33.63
18517,VIX,2022-10-12,2022-10-13 00:00:00,33.57
18518,VIX,2022-10-13,2022-10-14 00:00:00,31.94
18519,VIX,2022-10-14,2022-10-15 00:00:00,32.02
18520,VIX,2022-10-17,2022-10-18 00:00:00,31.37
18521,VIX,2022-10-18,2022-10-19 00:00:00,30.5
18522,VIX,2022-10-19,2022-10-20 00:00:00,30.76
18523,VIX,2022-10-20,2022-10-21 00:00:00,29.98
18524,VIX,2022-10-21,2022-10-22 00:00:00,29.69
18525,VIX,2022-10-24,2022-10-25 00:00:00,29.85
18526,VIX,2022-10-25,2022-10-26 00:00:00,28.46
18527,VIX,2022-10-26,2022-10-27 00:00:00,27.28
18528,VIX,2022-10-27,2022-10-28 00:00:00,27.39
18529,VIX,2022-10-28,2022-10-29 00:00:00,25.75
18530,VIX,2022-10-31,2022-11-01 00:00:00,25.88
18531,VIX,2022-11-01,2022-11-02 00:00:00,25.81
18532,VIX,2022-11-02,2022-11-03 00:00:00,25.86
18533,VIX,2022-11-03,2022-11-04 00:00:00,25.3
18534,VIX,2022-11-04,2022-11-05 00:00:00,24.55
18535,VIX,2022-11-07,2022-11-08 00:00:00,24.35
18536,VIX,2022-11-08,2022-11-09 00:00:00,25.54
18537,VIX,2022-11-09,2022-11-10 00:00:00,26.09
18538,VIX,2022-11-10,2022-11-11 00:00:00,23.53
18539,VIX,2022-11-11,2022-11-12 00:00:00,22.52
18540,VIX,2022-11-14,2022-11-15 00:00:00,23.73
18541,VIX,2022-11-15,2022-11-16 00:00:00,24.54
18542,VIX,2022-11-16,2022-11-17 00:00:00,24.11
18543,VIX,2022-11-17,2022-11-18 00:00:00,23.93
18544,VIX,2022-11-18,2022-11-19 00:00:00,23.12
18545,VIX,2022-11-21,2022-11-22 00:00:00,22.36
18546,VIX,2022-11-22,2022-11-23 00:00:00,21.29
18547,VIX,2022-11-23,2022-11-24 00:00:00,20.35
18548,VIX,2022-11-24,2022-11-25 00:00:00,20.42
18549,VIX,2022-11-25,2022-11-26 00:00:00,20.5
18550,VIX,2022-11-28,2022-11-29 00:00:00,22.21
18551,VIX,2022-11-29,2022-11-30 00:00:00,21.89
18552,VIX,2022-11-30,2022-12-01 00:00:00,20.58
18553,VIX,2022-12-01,2022-12-02 00:00:00,19.84
18554,VIX,2022-12-02,2022-12-03 00:00:00,19.06
18555,VIX,2022-12-05,2022-12-06 00:00:00,20.75
18556,VIX,2022-12-06,2022-12-07 00:00:00,22.17
18557,VIX,2022-12-07,2022-12-08 00:00:00,22.68
18558,VIX,2022-12-08,2022-12-09 00:00:00,22.29
18559,VIX,2022-12-09,2022-12-10 00:00:00,22.83
18560,VIX,2022-12-12,2022-12-13 00:00:00,25
18561,VIX,2022-12-13,2022-12-14 00:00:00,22.55
18562,VIX,2022-12-14,2022-12-15 00:00:00,21.14
18563,VIX,2022-12-15,2022-12-16 00:00:00,22.83
18564,VIX,2022-12-16,2022-12-17 00:00:00,22.62
18565,VIX,2022-12-19,2022-12-20 00:00:00,22.42
18566,VIX,2022-12-20,2022-12-21 00:00:00,21.48
18567,VIX,2022-12-21,2022-12-22 00:00:00,20.07
18568,VIX,2022-12-22,2022-12-23 00:00:00,21.97
18569,VIX,2022-12-23,2022-12-24 00:00:00,20.87
18570,VIX,2022-12-27,2022-12-28 00:00:00,21.65
18571,VIX,2022-12-28,2022-12-29 00:00:00,22.14
18572,VIX,2022-12-29,2022-12-30 00:00:00,21.44
18573,VIX,2022-12-30,2022-12-31 00:00:00,21.67
18574,VIX,2023-01-03,2023-01-04 00:00:00,22.9
18575,VIX,2023-01-04,2023-01-05 00:00:00,22.01
18576,VIX,2023-01-05,2023-01-06 00:00:00,22.46
18577,VIX,2023-01-06,2023-01-07 00:00:00,21.13
18578,VIX,2023-01-09,2023-01-10 00:00:00,21.97
18579,VIX,2023-01-10,2023-01-11 00:00:00,20.58
18580,VIX,2023-01-11,2023-01-12 00:00:00,21.09
18581,VIX,2023-01-12,2023-01-13 00:00:00,18.83
18582,VIX,2023-01-13,2023-01-14 00:00:00,18.35
18583,VIX,2023-01-16,2023-01-17 00:00:00,19.49
18584,VIX,2023-01-17,2023-01-18 00:00:00,19.36
18585,VIX,2023-01-18,2023-01-19 00:00:00,20.34
18586,VIX,2023-01-19,2023-01-20 00:00:00,20.52
18587,VIX,2023-01-20,2023-01-21 00:00:00,19.85
18588,VIX,2023-01-23,2023-01-24 00:00:00,19.81
18589,VIX,2023-01-24,2023-01-25 00:00:00,19.2
18590,VIX,2023-01-25,2023-01-26 00:00:00,19.08
18591,VIX,2023-01-26,2023-01-27 00:00:00,18.73
18592,VIX,2023-01-27,2023-01-28 00:00:00,18.51
18593,VIX,2023-01-30,2023-01-31 00:00:00,19.94
18594,VIX,2023-01-31,2023-02-01 00:00:00,19.4
18595,VIX,2023-02-01,2023-02-02 00:00:00,17.87
18596,VIX,2023-02-02,2023-02-03 00:00:00,18.73
18597,VIX,2023-02-03,2023-02-04 00:00:00,18.33
18598,VIX,2023-02-06,2023-02-07 00:00:00,19.43
18599,VIX,2023-02-07,2023-02-08 00:00:00,18.66
18600,VIX,2023-02-08,2023-02-09 00:00:00,19.63
18601,VIX,2023-02-09,2023-02-10 00:00:00,20.71
18602,VIX,2023-02-10,2023-02-11 00:00:00,20.53
18603,VIX,2023-02-13,2023-02-14 00:00:00,20.34
18604,VIX,2023-02-14,2023-02-15 00:00:00,18.91
18605,VIX,2023-02-15,2023-02-16 00:00:00,18.23
18606,VIX,2023-02-16,2023-02-17 00:00:00,20.17
18607,VIX,2023-02-17,2023-02-18 00:00:00,20.02
18608,VIX,2023-02-20,2023-02-21 00:00:00,21.23
18609,VIX,2023-02-21,2023-02-22 00:00:00,22.87
18610,VIX,2023-02-22,2023-02-23 00:00:00,22.29
18611,VIX,2023-02-23,2023-02-24 00:00:00,21.14
18612,VIX,2023-02-24,2023-02-25 00:00:00,21.67
18613,VIX,2023-02-27,2023-02-28 00:00:00,20.95
18614,VIX,2023-02-28,2023-03-01 00:00:00,20.7
18615,VIX,2023-03-01,2023-03-02 00:00:00,20.58
18616,VIX,2023-03-02,2023-03-03 00:00:00,19.59
18617,VIX,2023-03-03,2023-03-04 00:00:00,18.49
18618,VIX,2023-03-06,2023-03-07 00:00:00,18.61
18619,VIX,2023-03-07,2023-03-08 00:00:00,19.59
18620,VIX,2023-03-08,2023-03-09 00:00:00,19.11
18621,VIX,2023-03-09,2023-03-10 00:00:00,22.61
18622,VIX,2023-03-10,2023-03-11 00:00:00,24.8
18623,VIX,2023-03-13,2023-03-14 00:00:00,26.52
18624,VIX,2023-03-14,2023-03-15 00:00:00,23.73
18625,VIX,2023-03-15,2023-03-16 00:00:00,26.14
18626,VIX,2023-03-16,2023-03-17 00:00:00,22.99
18627,VIX,2023-03-17,2023-03-18 00:00:00,25.51
18628,VIX,2023-03-20,2023-03-21 00:00:00,24.15
18629,VIX,2023-03-21,2023-03-22 00:00:00,21.38
18630,VIX,2023-03-22,2023-03-23 00:00:00,22.26
18631,VIX,2023-03-23,2023-03-24 00:00:00,22.61
18632,VIX,2023-03-24,2023-03-25 00:00:00,21.74
18633,VIX,2023-03-27,2023-03-28 00:00:00,20.6
18634,VIX,2023-03-28,2023-03-29 00:00:00,19.97
18635,VIX,2023-03-29,2023-03-30 00:00:00,19.12
18636,VIX,2023-03-30,2023-03-31 00:00:00,19.02
18637,VIX,2023-03-31,2023-04-01 00:00:00,18.7
18638,VIX,2023-04-03,2023-04-04 00:00:00,18.55
18639,VIX,2023-04-04,2023-04-05 00:00:00,19
18640,VIX,2023-04-05,2023-04-06 00:00:00,19.08
18641,VIX,2023-04-06,2023-04-07 00:00:00,18.4
18642,VIX,2023-04-10,2023-04-11 00:00:00,18.97
18643,VIX,2023-04-11,2023-04-12 00:00:00,19.1
18644,VIX,2023-04-12,2023-04-13 00:00:00,19.09
18645,VIX,2023-04-13,2023-04-14 00:00:00,17.8
18646,VIX,2023-04-14,2023-04-15 00:00:00,17.07
18647,VIX,2023-04-17,2023-04-18 00:00:00,16.95
18648,VIX,2023-04-18,2023-04-19 00:00:00,16.83
18649,VIX,2023-04-19,2023-04-20 00:00:00,16.46
18650,VIX,2023-04-20,2023-04-21 00:00:00,17.17
18651,VIX,2023-04-21,2023-04-22 00:00:00,16.77
18652,VIX,2023-04-24,2023-04-25 00:00:00,16.89
18653,VIX,2023-04-25,2023-04-26 00:00:00,18.76
18654,VIX,2023-04-26,2023-04-27 00:00:00,18.84
18655,VIX,2023-04-27,2023-04-28 00:00:00,17.03
18656,VIX,2023-04-28,2023-04-29 00:00:00,15.78
18657,VIX,2023-05-01,2023-05-02 00:00:00,16.08
18658,VIX,2023-05-02,2023-05-03 00:00:00,17.78
18659,VIX,2023-05-03,2023-05-04 00:00:00,18.34
18660,VIX,2023-05-04,2023-05-05 00:00:00,20.09
18661,VIX,2023-05-05,2023-05-06 00:00:00,17.19
18662,VIX,2023-05-08,2023-05-09 00:00:00,16.98
18663,VIX,2023-05-09,2023-05-10 00:00:00,17.71
18664,VIX,2023-05-10,2023-05-11 00:00:00,16.94
18665,VIX,2023-05-11,2023-05-12 00:00:00,16.93
18666,VIX,2023-05-12,2023-05-13 00:00:00,17.03
18667,VIX,2023-05-15,2023-05-16 00:00:00,17.12
18668,VIX,2023-05-16,2023-05-17 00:00:00,17.99
18669,VIX,2023-05-17,2023-05-18 00:00:00,16.87
18670,VIX,2023-05-18,2023-05-19 00:00:00,16.05
18671,VIX,2023-05-19,2023-05-20 00:00:00,16.81
18672,VIX,2023-05-22,2023-05-23 00:00:00,17.21
18673,VIX,2023-05-23,2023-05-24 00:00:00,18.53
18674,VIX,2023-05-24,2023-05-25 00:00:00,20.03
18675,VIX,2023-05-25,2023-05-26 00:00:00,19.14
18676,VIX,2023-05-26,2023-05-27 00:00:00,17.95
18677,VIX,2023-05-29,2023-05-30 00:00:00,17.46
18678,VIX,2023-05-30,2023-05-31 00:00:00,17.46
18679,VIX,2023-05-31,2023-06-01 00:00:00,17.94
18680,VIX,2023-06-01,2023-06-02 00:00:00,15.65
18681,VIX,2023-06-02,2023-06-03 00:00:00,14.6
18682,VIX,2023-06-05,2023-06-06 00:00:00,14.73
18683,VIX,2023-06-06,2023-06-07 00:00:00,13.96
18684,VIX,2023-06-07,2023-06-08 00:00:00,13.94
18685,VIX,2023-06-08,2023-06-09 00:00:00,13.65
18686,VIX,2023-06-09,2023-06-10 00:00:00,13.83
18687,VIX,2023-06-12,2023-06-13 00:00:00,15.01
18688,VIX,2023-06-13,2023-06-14 00:00:00,14.61
18689,VIX,2023-06-14,2023-06-15 00:00:00,13.88
18690,VIX,2023-06-15,2023-06-16 00:00:00,14.5
18691,VIX,2023-06-16,2023-06-17 00:00:00,13.54
18692,VIX,2023-06-19,2023-06-20 00:00:00,14.19
18693,VIX,2023-06-20,2023-06-21 00:00:00,13.88
18694,VIX,2023-06-21,2023-06-22 00:00:00,13.2
18695,VIX,2023-06-22,2023-06-23 00:00:00,12.91
18696,VIX,2023-06-23,2023-06-24 00:00:00,13.44
18697,VIX,2023-06-26,2023-06-27 00:00:00,14.25
18698,VIX,2023-06-27,2023-06-28 00:00:00,13.74
18699,VIX,2023-06-28,2023-06-29 00:00:00,13.43
18700,VIX,2023-06-29,2023-06-30 00:00:00,13.54
18701,VIX,2023-06-30,2023-07-01 00:00:00,13.59
18702,VIX,2023-07-03,2023-07-04 00:00:00,13.57
18703,VIX,2023-07-04,2023-07-05 00:00:00,13.7
18704,VIX,2023-07-05,2023-07-06 00:00:00,14.18
18705,VIX,2023-07-06,2023-07-07 00:00:00,15.44
18706,VIX,2023-07-07,2023-07-08 00:00:00,14.83
18707,VIX,2023-07-10,2023-07-11 00:00:00,15.07
18708,VIX,2023-07-11,2023-07-12 00:00:00,14.84
18709,VIX,2023-07-12,2023-07-13 00:00:00,13.54
18710,VIX,2023-07-13,2023-07-14 00:00:00,13.61
18711,VIX,2023-07-14,2023-07-15 00:00:00,13.34
18712,VIX,2023-07-17,2023-07-18 00:00:00,13.48
18713,VIX,2023-07-18,2023-07-19 00:00:00,13.3
18714,VIX,2023-07-19,2023-07-20 00:00:00,13.76
18715,VIX,2023-07-20,2023-07-21 00:00:00,13.99
18716,VIX,2023-07-21,2023-07-22 00:00:00,13.6
18717,VIX,2023-07-24,2023-07-25 00:00:00,13.91
18718,VIX,2023-07-25,2023-07-26 00:00:00,13.86
18719,VIX,2023-07-26,2023-07-27 00:00:00,13.19
18720,VIX,2023-07-27,2023-07-28 00:00:00,14.41
18721,VIX,2023-07-28,2023-07-29 00:00:00,13.33
18722,VIX,2023-07-31,2023-08-01 00:00:00,13.63
18723,VIX,2023-08-01,2023-08-02 00:00:00,13.93
18724,VIX,2023-08-02,2023-08-03 00:00:00,16.09
18725,VIX,2023-08-03,2023-08-04 00:00:00,15.92
18726,VIX,2023-08-04,2023-08-05 00:00:00,17.1
18727,VIX,2023-08-07,2023-08-08 00:00:00,15.77
18728,VIX,2023-08-08,2023-08-09 00:00:00,15.99
18729,VIX,2023-08-09,2023-08-10 00:00:00,15.96
18730,VIX,2023-08-10,2023-08-11 00:00:00,15.85
18731,VIX,2023-08-11,2023-08-12 00:00:00,14.84
18732,VIX,2023-08-14,2023-08-15 00:00:00,14.82
18733,VIX,2023-08-15,2023-08-16 00:00:00,16.46
18734,VIX,2023-08-16,2023-08-17 00:00:00,16.78
18735,VIX,2023-08-17,2023-08-18 00:00:00,17.89
18736,VIX,2023-08-18,2023-08-19 00:00:00,17.3
18737,VIX,2023-08-21,2023-08-22 00:00:00,17.13
18738,VIX,2023-08-22,2023-08-23 00:00:00,16.97
18739,VIX,2023-08-23,2023-08-24 00:00:00,15.98
18740,VIX,2023-08-24,2023-08-25 00:00:00,17.2
18741,VIX,2023-08-25,2023-08-26 00:00:00,15.68
18742,VIX,2023-08-28,2023-08-29 00:00:00,15.08
18743,VIX,2023-08-29,2023-08-30 00:00:00,14.45
18744,VIX,2023-08-30,2023-08-31 00:00:00,13.88
18745,VIX,2023-08-31,2023-09-01 00:00:00,13.57
18746,VIX,2023-09-01,2023-09-02 00:00:00,13.09
18747,VIX,2023-09-04,2023-09-05 00:00:00,13.82
18748,VIX,2023-09-05,2023-09-06 00:00:00,14.01
18749,VIX,2023-09-06,2023-09-07 00:00:00,14.45
18750,VIX,2023-09-07,2023-09-08 00:00:00,14.4
18751,VIX,2023-09-08,2023-09-09 00:00:00,13.84
18752,VIX,2023-09-11,2023-09-12 00:00:00,13.8
18753,VIX,2023-09-12,2023-09-13 00:00:00,14.23
18754,VIX,2023-09-13,2023-09-14 00:00:00,13.48
18755,VIX,2023-09-14,2023-09-15 00:00:00,12.82
18756,VIX,2023-09-15,2023-09-16 00:00:00,13.79
18757,VIX,2023-09-18,2023-09-19 00:00:00,14
18758,VIX,2023-09-19,2023-09-20 00:00:00,14.11
18759,VIX,2023-09-20,2023-09-21 00:00:00,15.14
18760,VIX,2023-09-21,2023-09-22 00:00:00,17.54
18761,VIX,2023-09-22,2023-09-23 00:00:00,17.2
18762,VIX,2023-09-25,2023-09-26 00:00:00,16.9
18763,VIX,2023-09-26,2023-09-27 00:00:00,18.94
18764,VIX,2023-09-27,2023-09-28 00:00:00,18.22
18765,VIX,2023-09-28,2023-09-29 00:00:00,17.34
18766,VIX,2023-09-29,2023-09-30 00:00:00,17.52
18767,VIX,2023-10-02,2023-10-03 00:00:00,17.61
18768,VIX,2023-10-03,2023-10-04 00:00:00,19.78
18769,VIX,2023-10-04,2023-10-05 00:00:00,18.58
18770,VIX,2023-10-05,2023-10-06 00:00:00,18.49
18771,VIX,2023-10-06,2023-10-07 00:00:00,17.45
18772,VIX,2023-10-09,2023-10-10 00:00:00,17.7
18773,VIX,2023-10-10,2023-10-11 00:00:00,17.03
18774,VIX,2023-10-11,2023-10-12 00:00:00,16.09
18775,VIX,2023-10-12,2023-10-13 00:00:00,16.69
18776,VIX,2023-10-13,2023-10-14 00:00:00,19.32
18777,VIX,2023-10-16,2023-10-17 00:00:00,17.21
18778,VIX,2023-10-17,2023-10-18 00:00:00,17.88
18779,VIX,2023-10-18,2023-10-19 00:00:00,19.22
18780,VIX,2023-10-19,2023-10-20 00:00:00,21.4
18781,VIX,2023-10-20,2023-10-21 00:00:00,21.71
18782,VIX,2023-10-23,2023-10-24 00:00:00,20.37
18783,VIX,2023-10-24,2023-10-25 00:00:00,18.97
18784,VIX,2023-10-25,2023-10-26 00:00:00,20.19
18785,VIX,2023-10-26,2023-10-27 00:00:00,20.68
18786,VIX,2023-10-27,2023-10-28 00:00:00,21.27
18787,VIX,2023-10-30,2023-10-31 00:00:00,19.75
18788,VIX,2023-10-31,2023-11-01 00:00:00,18.14
18789,VIX,2023-11-01,2023-11-02 00:00:00,16.87
18790,VIX,2023-11-02,2023-11-03 00:00:00,15.66
18791,VIX,2023-11-03,2023-11-04 00:00:00,14.91
18792,VIX,2023-11-06,2023-11-07 00:00:00,14.89
18793,VIX,2023-11-07,2023-11-08 00:00:00,14.81
18794,VIX,2023-11-08,2023-11-09 00:00:00,14.45
18795,VIX,2023-11-09,2023-11-10 00:00:00,15.29
18796,VIX,2023-11-10,2023-11-11 00:00:00,14.17
18797,VIX,2023-11-13,2023-11-14 00:00:00,14.76
18798,VIX,2023-11-14,2023-11-15 00:00:00,14.16
18799,VIX,2023-11-15,2023-11-16 00:00:00,14.18
18800,VIX,2023-11-16,2023-11-17 00:00:00,14.32
18801,VIX,2023-11-17,2023-11-18 00:00:00,13.8
18802,VIX,2023-11-20,2023-11-21 00:00:00,13.41
18803,VIX,2023-11-21,2023-11-22 00:00:00,13.35
18804,VIX,2023-11-22,2023-11-23 00:00:00,12.85
18805,VIX,2023-11-23,2023-11-24 00:00:00,12.8
18806,VIX,2023-11-24,2023-11-25 00:00:00,12.46
18807,VIX,2023-11-27,2023-11-28 00:00:00,12.69
18808,VIX,2023-11-28,2023-11-29 00:00:00,12.69
18809,VIX,2023-11-29,2023-11-30 00:00:00,12.98
18810,VIX,2023-11-30,2023-12-01 00:00:00,12.92
18811,VIX,2023-12-01,2023-12-02 00:00:00,12.63
18812,VIX,2023-12-04,2023-12-05 00:00:00,13.08
18813,VIX,2023-12-05,2023-12-06 00:00:00,12.85
18814,VIX,2023-12-06,2023-12-07 00:00:00,12.97
18815,VIX,2023-12-07,2023-12-08 00:00:00,13.06
18816,VIX,2023-12-08,2023-12-09 00:00:00,12.35
18817,VIX,2023-12-11,2023-12-12 00:00:00,12.63
18818,VIX,2023-12-12,2023-12-13 00:00:00,12.07
18819,VIX,2023-12-13,2023-12-14 00:00:00,12.19
18820,VIX,2023-12-14,2023-12-15 00:00:00,12.48
18821,VIX,2023-12-15,2023-12-16 00:00:00,12.28
19474,VIX,2026-06-30,2026-07-01 00:00:00,16.45
19475,VIX,2026-07-01,2026-07-02 00:00:00,16.59
19476,VIX,2026-07-02,2026-07-03 00:00:00,16.15
19477,VIX,2026-07-03,2026-07-04 00:00:00,15.81
19478,VIX,2026-07-06,2026-07-07 00:00:00,15.57
19479,VIX,2026-07-07,2026-07-08 00:00:00,16.13
19480,VIX,2026-07-08,2026-07-09 00:00:00,16.9
19481,VIX,2026-07-09,2026-07-10 00:00:00,15.84
19482,WTI,2020-07-01,2020-07-02 00:00:00,39.88
19483,WTI,2020-07-02,2020-07-03 00:00:00,40.57
19484,WTI,2020-07-06,2020-07-07 00:00:00,40.51
19485,WTI,2020-07-07,2020-07-08 00:00:00,40.59
19486,WTI,2020-07-08,2020-07-09 00:00:00,40.91
19487,WTI,2020-07-09,2020-07-10 00:00:00,39.64
19488,WTI,2020-07-10,2020-07-11 00:00:00,40.56
19489,WTI,2020-07-13,2020-07-14 00:00:00,40.06
19490,WTI,2020-07-14,2020-07-15 00:00:00,40.3
19491,WTI,2020-07-15,2020-07-16 00:00:00,41.2
19492,WTI,2020-07-16,2020-07-17 00:00:00,40.74
19493,WTI,2020-07-17,2020-07-18 00:00:00,40.55
19494,WTI,2020-07-20,2020-07-21 00:00:00,40.83
19495,WTI,2020-07-21,2020-07-22 00:00:00,41.76
19496,WTI,2020-07-22,2020-07-23 00:00:00,41.88
19497,WTI,2020-07-23,2020-07-24 00:00:00,40.99
19498,WTI,2020-07-24,2020-07-25 00:00:00,41.23
19499,WTI,2020-07-27,2020-07-28 00:00:00,41.46
19500,WTI,2020-07-28,2020-07-29 00:00:00,40.89
19501,WTI,2020-07-29,2020-07-30 00:00:00,41.13
19502,WTI,2020-07-30,2020-07-31 00:00:00,39.85
19503,WTI,2020-07-31,2020-08-01 00:00:00,40.1
19504,WTI,2020-08-03,2020-08-04 00:00:00,40.83
19505,WTI,2020-08-04,2020-08-05 00:00:00,41.67
19506,WTI,2020-08-05,2020-08-06 00:00:00,42.25
19507,WTI,2020-08-06,2020-08-07 00:00:00,41.93
19508,WTI,2020-08-07,2020-08-08 00:00:00,41.16
19509,WTI,2020-08-10,2020-08-11 00:00:00,41.94
19510,WTI,2020-08-11,2020-08-12 00:00:00,41.53
19511,WTI,2020-08-12,2020-08-13 00:00:00,42.6
19512,WTI,2020-08-13,2020-08-14 00:00:00,42.26
19513,WTI,2020-08-14,2020-08-15 00:00:00,42.05
19514,WTI,2020-08-17,2020-08-18 00:00:00,42.89
19515,WTI,2020-08-18,2020-08-19 00:00:00,42.89
19516,WTI,2020-08-19,2020-08-20 00:00:00,42.91
19517,WTI,2020-08-20,2020-08-21 00:00:00,42.62
19518,WTI,2020-08-21,2020-08-22 00:00:00,42.32
19519,WTI,2020-08-24,2020-08-25 00:00:00,42.44
19520,WTI,2020-08-25,2020-08-26 00:00:00,43.17
19521,WTI,2020-08-26,2020-08-27 00:00:00,43.21
19522,WTI,2020-08-27,2020-08-28 00:00:00,42.88
19523,WTI,2020-08-28,2020-08-29 00:00:00,42.96
19524,WTI,2020-08-31,2020-09-01 00:00:00,42.61
19525,WTI,2020-09-01,2020-09-02 00:00:00,42.76
19526,WTI,2020-09-02,2020-09-03 00:00:00,42.76
19527,WTI,2020-09-03,2020-09-04 00:00:00,41.39
19528,WTI,2020-09-04,2020-09-05 00:00:00,39.69
19529,WTI,2020-09-08,2020-09-09 00:00:00,36.87
19530,WTI,2020-09-09,2020-09-10 00:00:00,38.05
19531,WTI,2020-09-10,2020-09-11 00:00:00,37.25
19532,WTI,2020-09-11,2020-09-12 00:00:00,37.33
19533,WTI,2020-09-14,2020-09-15 00:00:00,37.23
19534,WTI,2020-09-15,2020-09-16 00:00:00,38.29
19535,WTI,2020-09-16,2020-09-17 00:00:00,40.17
19536,WTI,2020-09-17,2020-09-18 00:00:00,40.99
19537,WTI,2020-09-18,2020-09-19 00:00:00,41.09
19538,WTI,2020-09-21,2020-09-22 00:00:00,39.26
19539,WTI,2020-09-22,2020-09-23 00:00:00,39.55
19540,WTI,2020-09-23,2020-09-24 00:00:00,39.92
19541,WTI,2020-09-24,2020-09-25 00:00:00,40.11
19542,WTI,2020-09-25,2020-09-26 00:00:00,40.06
19543,WTI,2020-09-28,2020-09-29 00:00:00,40.47
19544,WTI,2020-09-29,2020-09-30 00:00:00,39.03
19545,WTI,2020-09-30,2020-10-01 00:00:00,40.05
19546,WTI,2020-10-01,2020-10-02 00:00:00,38.51
19547,WTI,2020-10-02,2020-10-03 00:00:00,36.9
19548,WTI,2020-10-05,2020-10-06 00:00:00,39.12
19549,WTI,2020-10-06,2020-10-07 00:00:00,40.52
19550,WTI,2020-10-07,2020-10-08 00:00:00,39.82
19551,WTI,2020-10-08,2020-10-09 00:00:00,41.04
19552,WTI,2020-10-09,2020-10-10 00:00:00,40.44
19553,WTI,2020-10-12,2020-10-13 00:00:00,39.22
19554,WTI,2020-10-13,2020-10-14 00:00:00,40.03
19555,WTI,2020-10-14,2020-10-15 00:00:00,40.86
19556,WTI,2020-10-15,2020-10-16 00:00:00,40.84
19557,WTI,2020-10-16,2020-10-17 00:00:00,40.7
19558,WTI,2020-10-19,2020-10-20 00:00:00,40.69
19559,WTI,2020-10-20,2020-10-21 00:00:00,41.37
19560,WTI,2020-10-21,2020-10-22 00:00:00,39.88
19561,WTI,2020-10-22,2020-10-23 00:00:00,40.46
19562,WTI,2020-10-23,2020-10-24 00:00:00,39.73
19563,WTI,2020-10-26,2020-10-27 00:00:00,38.39
19564,WTI,2020-10-27,2020-10-28 00:00:00,39.34
19565,WTI,2020-10-28,2020-10-29 00:00:00,37.27
19566,WTI,2020-10-29,2020-10-30 00:00:00,35.94
19567,WTI,2020-10-30,2020-10-31 00:00:00,35.64
19568,WTI,2020-11-02,2020-11-03 00:00:00,36.6
19569,WTI,2020-11-03,2020-11-04 00:00:00,37.44
19570,WTI,2020-11-04,2020-11-05 00:00:00,38.97
19571,WTI,2020-11-05,2020-11-06 00:00:00,38.56
19572,WTI,2020-11-06,2020-11-07 00:00:00,36.97
19573,WTI,2020-11-09,2020-11-10 00:00:00,40.05
19574,WTI,2020-11-10,2020-11-11 00:00:00,41.18
19575,WTI,2020-11-11,2020-11-12 00:00:00,41.23
19576,WTI,2020-11-12,2020-11-13 00:00:00,40.9
19577,WTI,2020-11-13,2020-11-14 00:00:00,39.93
19578,WTI,2020-11-16,2020-11-17 00:00:00,41.14
19579,WTI,2020-11-17,2020-11-18 00:00:00,41.24
19580,WTI,2020-11-18,2020-11-19 00:00:00,41.64
19581,WTI,2020-11-19,2020-11-20 00:00:00,41.57
19582,WTI,2020-11-20,2020-11-21 00:00:00,41.99
19583,WTI,2020-11-23,2020-11-24 00:00:00,42.91
19584,WTI,2020-11-24,2020-11-25 00:00:00,44.71
19585,WTI,2020-11-25,2020-11-26 00:00:00,45.58
19586,WTI,2020-11-30,2020-12-01 00:00:00,45.2
19587,WTI,2020-12-01,2020-12-02 00:00:00,44.54
19588,WTI,2020-12-02,2020-12-03 00:00:00,45.23
19589,WTI,2020-12-03,2020-12-04 00:00:00,45.65
19590,WTI,2020-12-04,2020-12-05 00:00:00,46.23
19591,WTI,2020-12-07,2020-12-08 00:00:00,45.72
19592,WTI,2020-12-08,2020-12-09 00:00:00,45.64
19593,WTI,2020-12-09,2020-12-10 00:00:00,45.48
19594,WTI,2020-12-10,2020-12-11 00:00:00,46.76
19595,WTI,2020-12-11,2020-12-12 00:00:00,46.59
19596,WTI,2020-12-14,2020-12-15 00:00:00,47.02
19597,WTI,2020-12-15,2020-12-16 00:00:00,47.58
19598,WTI,2020-12-16,2020-12-17 00:00:00,47.86
19599,WTI,2020-12-17,2020-12-18 00:00:00,48.34
19600,WTI,2020-12-18,2020-12-19 00:00:00,49.04
19601,WTI,2020-12-21,2020-12-22 00:00:00,47.79
19602,WTI,2020-12-22,2020-12-23 00:00:00,47.02
19603,WTI,2020-12-23,2020-12-24 00:00:00,47.94
19604,WTI,2020-12-24,2020-12-25 00:00:00,48.18
19605,WTI,2020-12-28,2020-12-29 00:00:00,47.5
19606,WTI,2020-12-29,2020-12-30 00:00:00,47.85
19607,WTI,2020-12-30,2020-12-31 00:00:00,48.24
19608,WTI,2020-12-31,2021-01-01 00:00:00,48.35
19609,WTI,2021-01-04,2021-01-05 00:00:00,47.47
19610,WTI,2021-01-05,2021-01-06 00:00:00,49.78
19611,WTI,2021-01-06,2021-01-07 00:00:00,50.45
19612,WTI,2021-01-07,2021-01-08 00:00:00,50.63
19613,WTI,2021-01-08,2021-01-09 00:00:00,52.14
19614,WTI,2021-01-11,2021-01-12 00:00:00,52.15
19615,WTI,2021-01-12,2021-01-13 00:00:00,53.08
19616,WTI,2021-01-13,2021-01-14 00:00:00,52.81
19617,WTI,2021-01-14,2021-01-15 00:00:00,53.47
19618,WTI,2021-01-15,2021-01-16 00:00:00,52.25
19619,WTI,2021-01-19,2021-01-20 00:00:00,52.87
19620,WTI,2021-01-20,2021-01-21 00:00:00,53.16
19621,WTI,2021-01-21,2021-01-22 00:00:00,53
19622,WTI,2021-01-22,2021-01-23 00:00:00,52.28
19623,WTI,2021-01-25,2021-01-26 00:00:00,52.78
19624,WTI,2021-01-26,2021-01-27 00:00:00,52.61
19625,WTI,2021-01-27,2021-01-28 00:00:00,52.81
19626,WTI,2021-01-28,2021-01-29 00:00:00,52.26
19627,WTI,2021-01-29,2021-01-30 00:00:00,52.16
19628,WTI,2021-02-01,2021-02-02 00:00:00,53.55
19629,WTI,2021-02-02,2021-02-03 00:00:00,54.77
19630,WTI,2021-02-03,2021-02-04 00:00:00,55.67
19631,WTI,2021-02-04,2021-02-05 00:00:00,56.19
19632,WTI,2021-02-05,2021-02-06 00:00:00,56.8
19633,WTI,2021-02-08,2021-02-09 00:00:00,57.95
19634,WTI,2021-02-09,2021-02-10 00:00:00,58.34
19635,WTI,2021-02-10,2021-02-11 00:00:00,58.69
19636,WTI,2021-02-11,2021-02-12 00:00:00,58.22
19637,WTI,2021-02-12,2021-02-13 00:00:00,59.5
19638,WTI,2021-02-16,2021-02-17 00:00:00,60.07
19639,WTI,2021-02-17,2021-02-18 00:00:00,61.09
19640,WTI,2021-02-18,2021-02-19 00:00:00,60.4
19641,WTI,2021-02-19,2021-02-20 00:00:00,59.12
19642,WTI,2021-02-22,2021-02-23 00:00:00,61.67
19643,WTI,2021-02-23,2021-02-24 00:00:00,61.66
19644,WTI,2021-02-24,2021-02-25 00:00:00,63.21
19645,WTI,2021-02-25,2021-02-26 00:00:00,63.43
19646,WTI,2021-02-26,2021-02-27 00:00:00,61.55
19647,WTI,2021-03-01,2021-03-02 00:00:00,60.54
19648,WTI,2021-03-02,2021-03-03 00:00:00,59.7
19649,WTI,2021-03-03,2021-03-04 00:00:00,61.33
19650,WTI,2021-03-04,2021-03-05 00:00:00,63.81
19651,WTI,2021-03-05,2021-03-06 00:00:00,66.08
19652,WTI,2021-03-08,2021-03-09 00:00:00,65.03
19653,WTI,2021-03-09,2021-03-10 00:00:00,64.02
19654,WTI,2021-03-10,2021-03-11 00:00:00,64.45
19655,WTI,2021-03-11,2021-03-12 00:00:00,66.02
19656,WTI,2021-03-12,2021-03-13 00:00:00,65.59
19657,WTI,2021-03-15,2021-03-16 00:00:00,65.36
19658,WTI,2021-03-16,2021-03-17 00:00:00,64.82
19659,WTI,2021-03-17,2021-03-18 00:00:00,64.55
19660,WTI,2021-03-18,2021-03-19 00:00:00,59.95
19661,WTI,2021-03-19,2021-03-20 00:00:00,61.43
19662,WTI,2021-03-22,2021-03-23 00:00:00,61.48
19663,WTI,2021-03-23,2021-03-24 00:00:00,57.75
19664,WTI,2021-03-24,2021-03-25 00:00:00,61.12
19665,WTI,2021-03-25,2021-03-26 00:00:00,58.47
19666,WTI,2021-03-26,2021-03-27 00:00:00,60.93
19667,WTI,2021-03-29,2021-03-30 00:00:00,61.49
19668,WTI,2021-03-30,2021-03-31 00:00:00,60.55
19669,WTI,2021-03-31,2021-04-01 00:00:00,59.19
19670,WTI,2021-04-01,2021-04-02 00:00:00,61.41
19671,WTI,2021-04-05,2021-04-06 00:00:00,58.73
19672,WTI,2021-04-06,2021-04-07 00:00:00,59.34
19673,WTI,2021-04-07,2021-04-08 00:00:00,59.77
19674,WTI,2021-04-08,2021-04-09 00:00:00,59.61
19675,WTI,2021-04-09,2021-04-10 00:00:00,59.29
19676,WTI,2021-04-12,2021-04-13 00:00:00,59.7
19677,WTI,2021-04-13,2021-04-14 00:00:00,60.2
19678,WTI,2021-04-14,2021-04-15 00:00:00,63.15
19679,WTI,2021-04-15,2021-04-16 00:00:00,63.42
19680,WTI,2021-04-16,2021-04-17 00:00:00,63.16
19681,WTI,2021-04-19,2021-04-20 00:00:00,63.33
19682,WTI,2021-04-20,2021-04-21 00:00:00,62.61
19683,WTI,2021-04-21,2021-04-22 00:00:00,61.34
19684,WTI,2021-04-22,2021-04-23 00:00:00,61.45
19685,WTI,2021-04-23,2021-04-24 00:00:00,62.18
19686,WTI,2021-04-26,2021-04-27 00:00:00,62.02
19687,WTI,2021-04-27,2021-04-28 00:00:00,63.03
19688,WTI,2021-04-28,2021-04-29 00:00:00,63.81
19689,WTI,2021-04-29,2021-04-30 00:00:00,65
19690,WTI,2021-04-30,2021-05-01 00:00:00,63.5
19691,WTI,2021-05-03,2021-05-04 00:00:00,64.46
19692,WTI,2021-05-04,2021-05-05 00:00:00,65.72
19693,WTI,2021-05-05,2021-05-06 00:00:00,65.63
19694,WTI,2021-05-06,2021-05-07 00:00:00,64.73
19695,WTI,2021-05-07,2021-05-08 00:00:00,64.96
19696,WTI,2021-05-10,2021-05-11 00:00:00,64.92
19697,WTI,2021-05-11,2021-05-12 00:00:00,65.31
19698,WTI,2021-05-12,2021-05-13 00:00:00,65.96
19699,WTI,2021-05-13,2021-05-14 00:00:00,63.82
19700,WTI,2021-05-14,2021-05-15 00:00:00,65.32
19701,WTI,2021-05-17,2021-05-18 00:00:00,66.24
19702,WTI,2021-05-18,2021-05-19 00:00:00,65.49
19703,WTI,2021-05-19,2021-05-20 00:00:00,63.28
19704,WTI,2021-05-20,2021-05-21 00:00:00,61.95
19705,WTI,2021-05-21,2021-05-22 00:00:00,63.61
19706,WTI,2021-05-24,2021-05-25 00:00:00,66.13
19707,WTI,2021-05-25,2021-05-26 00:00:00,66.27
19708,WTI,2021-05-26,2021-05-27 00:00:00,66.41
19709,WTI,2021-05-27,2021-05-28 00:00:00,66.87
19710,WTI,2021-05-28,2021-05-29 00:00:00,66.31
19711,WTI,2021-06-01,2021-06-02 00:00:00,67.8
19712,WTI,2021-06-02,2021-06-03 00:00:00,68.79
19713,WTI,2021-06-03,2021-06-04 00:00:00,68.81
19714,WTI,2021-06-04,2021-06-05 00:00:00,69.57
19715,WTI,2021-06-07,2021-06-08 00:00:00,69.21
19716,WTI,2021-06-08,2021-06-09 00:00:00,70.11
19717,WTI,2021-06-09,2021-06-10 00:00:00,69.9
19718,WTI,2021-06-10,2021-06-11 00:00:00,70.34
19719,WTI,2021-06-11,2021-06-12 00:00:00,71
19720,WTI,2021-06-14,2021-06-15 00:00:00,70.94
19721,WTI,2021-06-15,2021-06-16 00:00:00,72.06
19722,WTI,2021-06-16,2021-06-17 00:00:00,72.03
19723,WTI,2021-06-17,2021-06-18 00:00:00,71.06
19724,WTI,2021-06-18,2021-06-19 00:00:00,71.64
19725,WTI,2021-06-21,2021-06-22 00:00:00,73.64
19726,WTI,2021-06-22,2021-06-23 00:00:00,73.15
19727,WTI,2021-06-23,2021-06-24 00:00:00,73.11
19728,WTI,2021-06-24,2021-06-25 00:00:00,73.31
19729,WTI,2021-06-25,2021-06-26 00:00:00,74.21
19730,WTI,2021-06-28,2021-06-29 00:00:00,72.98
19731,WTI,2021-06-29,2021-06-30 00:00:00,73.14
19732,WTI,2021-06-30,2021-07-01 00:00:00,73.52
19733,WTI,2021-07-01,2021-07-02 00:00:00,75.33
19734,WTI,2021-07-02,2021-07-03 00:00:00,75.37
19735,WTI,2021-07-06,2021-07-07 00:00:00,73.62
19736,WTI,2021-07-07,2021-07-08 00:00:00,72.22
19737,WTI,2021-07-08,2021-07-09 00:00:00,72.98
19738,WTI,2021-07-09,2021-07-10 00:00:00,74.56
19739,WTI,2021-07-12,2021-07-13 00:00:00,74.21
19740,WTI,2021-07-13,2021-07-14 00:00:00,75.24
19741,WTI,2021-07-14,2021-07-15 00:00:00,73.06
19742,WTI,2021-07-15,2021-07-16 00:00:00,71.67
19743,WTI,2021-07-16,2021-07-17 00:00:00,71.76
19744,WTI,2021-07-19,2021-07-20 00:00:00,66.45
19745,WTI,2021-07-20,2021-07-21 00:00:00,67.32
19746,WTI,2021-07-21,2021-07-22 00:00:00,70.26
19747,WTI,2021-07-22,2021-07-23 00:00:00,72.15
19748,WTI,2021-07-23,2021-07-24 00:00:00,72.24
19749,WTI,2021-07-26,2021-07-27 00:00:00,72.15
19750,WTI,2021-07-27,2021-07-28 00:00:00,71.68
19751,WTI,2021-07-28,2021-07-29 00:00:00,72.37
19752,WTI,2021-07-29,2021-07-30 00:00:00,73.62
19753,WTI,2021-07-30,2021-07-31 00:00:00,73.93
19754,WTI,2021-08-02,2021-08-03 00:00:00,71.31
19755,WTI,2021-08-03,2021-08-04 00:00:00,70.64
19756,WTI,2021-08-04,2021-08-05 00:00:00,68.19
19757,WTI,2021-08-05,2021-08-06 00:00:00,69.1
19758,WTI,2021-08-06,2021-08-07 00:00:00,68.26
19759,WTI,2021-08-09,2021-08-10 00:00:00,66.56
19760,WTI,2021-08-10,2021-08-11 00:00:00,68.33
19761,WTI,2021-08-11,2021-08-12 00:00:00,69.3
19762,WTI,2021-08-12,2021-08-13 00:00:00,69.12
19763,WTI,2021-08-13,2021-08-14 00:00:00,68.36
19764,WTI,2021-08-16,2021-08-17 00:00:00,67.44
19765,WTI,2021-08-17,2021-08-18 00:00:00,66.5
19766,WTI,2021-08-18,2021-08-19 00:00:00,65.36
19767,WTI,2021-08-19,2021-08-20 00:00:00,63.69
19768,WTI,2021-08-20,2021-08-21 00:00:00,62.25
19769,WTI,2021-08-23,2021-08-24 00:00:00,65.65
19770,WTI,2021-08-24,2021-08-25 00:00:00,67.5
19771,WTI,2021-08-25,2021-08-26 00:00:00,68.54
19772,WTI,2021-08-26,2021-08-27 00:00:00,67.42
19773,WTI,2021-08-27,2021-08-28 00:00:00,68.84
19774,WTI,2021-08-30,2021-08-31 00:00:00,69.28
19775,WTI,2021-08-31,2021-09-01 00:00:00,68.43
19776,WTI,2021-09-01,2021-09-02 00:00:00,68.63
19777,WTI,2021-09-02,2021-09-03 00:00:00,70.07
19778,WTI,2021-09-03,2021-09-04 00:00:00,69.34
19779,WTI,2021-09-07,2021-09-08 00:00:00,68.49
19780,WTI,2021-09-08,2021-09-09 00:00:00,69.36
19781,WTI,2021-09-09,2021-09-10 00:00:00,68.26
19782,WTI,2021-09-10,2021-09-11 00:00:00,69.82
19783,WTI,2021-09-13,2021-09-14 00:00:00,70.54
19784,WTI,2021-09-14,2021-09-15 00:00:00,70.53
19785,WTI,2021-09-15,2021-09-16 00:00:00,72.59
19786,WTI,2021-09-16,2021-09-17 00:00:00,72.69
19787,WTI,2021-09-17,2021-09-18 00:00:00,72.09
19788,WTI,2021-09-20,2021-09-21 00:00:00,70.41
19789,WTI,2021-09-21,2021-09-22 00:00:00,70.51
19790,WTI,2021-09-22,2021-09-23 00:00:00,72.37
19791,WTI,2021-09-23,2021-09-24 00:00:00,73.43
19792,WTI,2021-09-24,2021-09-25 00:00:00,74.18
19793,WTI,2021-09-27,2021-09-28 00:00:00,75.54
19794,WTI,2021-09-28,2021-09-29 00:00:00,75.44
19795,WTI,2021-09-29,2021-09-30 00:00:00,75.06
19796,WTI,2021-09-30,2021-10-01 00:00:00,75.22
19797,WTI,2021-10-01,2021-10-02 00:00:00,76.01
19798,WTI,2021-10-04,2021-10-05 00:00:00,77.68
19799,WTI,2021-10-05,2021-10-06 00:00:00,79.17
19800,WTI,2021-10-06,2021-10-07 00:00:00,77.66
19801,WTI,2021-10-07,2021-10-08 00:00:00,78.46
19802,WTI,2021-10-08,2021-10-09 00:00:00,79.55
19803,WTI,2021-10-11,2021-10-12 00:00:00,80.64
19804,WTI,2021-10-12,2021-10-13 00:00:00,80.75
19805,WTI,2021-10-13,2021-10-14 00:00:00,80.67
19806,WTI,2021-10-14,2021-10-15 00:00:00,81.43
19807,WTI,2021-10-15,2021-10-16 00:00:00,82.39
19808,WTI,2021-10-18,2021-10-19 00:00:00,82.62
19809,WTI,2021-10-19,2021-10-20 00:00:00,83.19
19810,WTI,2021-10-20,2021-10-21 00:00:00,84.4
19811,WTI,2021-10-21,2021-10-22 00:00:00,82.64
19812,WTI,2021-10-22,2021-10-23 00:00:00,84.53
19813,WTI,2021-10-25,2021-10-26 00:00:00,84.64
19814,WTI,2021-10-26,2021-10-27 00:00:00,85.64
19815,WTI,2021-10-27,2021-10-28 00:00:00,82.66
19816,WTI,2021-10-28,2021-10-29 00:00:00,82.78
19817,WTI,2021-10-29,2021-10-30 00:00:00,83.5
19818,WTI,2021-11-01,2021-11-02 00:00:00,84.08
19819,WTI,2021-11-02,2021-11-03 00:00:00,83.91
19820,WTI,2021-11-03,2021-11-04 00:00:00,80.82
19821,WTI,2021-11-04,2021-11-05 00:00:00,78.88
19822,WTI,2021-11-05,2021-11-06 00:00:00,81.25
19823,WTI,2021-11-08,2021-11-09 00:00:00,81.96
19824,WTI,2021-11-09,2021-11-10 00:00:00,84.12
19825,WTI,2021-11-10,2021-11-11 00:00:00,81.23
19826,WTI,2021-11-11,2021-11-12 00:00:00,81.47
19827,WTI,2021-11-12,2021-11-13 00:00:00,80.87
19828,WTI,2021-11-15,2021-11-16 00:00:00,80.85
19829,WTI,2021-11-16,2021-11-17 00:00:00,80.76
19830,WTI,2021-11-17,2021-11-18 00:00:00,78.32
19831,WTI,2021-11-18,2021-11-19 00:00:00,78.92
19832,WTI,2021-11-19,2021-11-20 00:00:00,76.11
19833,WTI,2021-11-22,2021-11-23 00:00:00,76.74
19834,WTI,2021-11-23,2021-11-24 00:00:00,78.32
19835,WTI,2021-11-24,2021-11-25 00:00:00,78.32
19836,WTI,2021-11-29,2021-11-30 00:00:00,69.88
19837,WTI,2021-11-30,2021-12-01 00:00:00,66.14
19838,WTI,2021-12-01,2021-12-02 00:00:00,65.44
19839,WTI,2021-12-02,2021-12-03 00:00:00,66.6
19840,WTI,2021-12-03,2021-12-04 00:00:00,66.39
19841,WTI,2021-12-06,2021-12-07 00:00:00,69.62
19842,WTI,2021-12-07,2021-12-08 00:00:00,71.94
19843,WTI,2021-12-08,2021-12-09 00:00:00,72.43
19844,WTI,2021-12-09,2021-12-10 00:00:00,70.87
19845,WTI,2021-12-10,2021-12-11 00:00:00,71.71
19846,WTI,2021-12-13,2021-12-14 00:00:00,71.19
19847,WTI,2021-12-14,2021-12-15 00:00:00,70.57
19848,WTI,2021-12-15,2021-12-16 00:00:00,70.89
19849,WTI,2021-12-16,2021-12-17 00:00:00,72.34
19850,WTI,2021-12-17,2021-12-18 00:00:00,70.93
19851,WTI,2021-12-20,2021-12-21 00:00:00,68.69
19852,WTI,2021-12-21,2021-12-22 00:00:00,71.1
19853,WTI,2021-12-22,2021-12-23 00:00:00,72.82
19854,WTI,2021-12-23,2021-12-24 00:00:00,73.89
19855,WTI,2021-12-27,2021-12-28 00:00:00,75.49
19856,WTI,2021-12-28,2021-12-29 00:00:00,76.01
19857,WTI,2021-12-29,2021-12-30 00:00:00,76.58
19858,WTI,2021-12-30,2021-12-31 00:00:00,76.83
19859,WTI,2021-12-31,2022-01-01 00:00:00,75.33
19860,WTI,2022-01-03,2022-01-04 00:00:00,75.99
19861,WTI,2022-01-04,2022-01-05 00:00:00,77
19862,WTI,2022-01-05,2022-01-06 00:00:00,77.83
19863,WTI,2022-01-06,2022-01-07 00:00:00,79.47
19864,WTI,2022-01-07,2022-01-08 00:00:00,79
19865,WTI,2022-01-10,2022-01-11 00:00:00,78.11
19866,WTI,2022-01-11,2022-01-12 00:00:00,81.17
19867,WTI,2022-01-12,2022-01-13 00:00:00,82.51
19868,WTI,2022-01-13,2022-01-14 00:00:00,81.97
19869,WTI,2022-01-14,2022-01-15 00:00:00,83.82
19870,WTI,2022-01-18,2022-01-19 00:00:00,85.42
19871,WTI,2022-01-19,2022-01-20 00:00:00,86.84
19872,WTI,2022-01-20,2022-01-21 00:00:00,86.29
19873,WTI,2022-01-21,2022-01-22 00:00:00,85.16
19874,WTI,2022-01-24,2022-01-25 00:00:00,84.48
19875,WTI,2022-01-25,2022-01-26 00:00:00,86.61
19876,WTI,2022-01-26,2022-01-27 00:00:00,88.33
19877,WTI,2022-01-27,2022-01-28 00:00:00,87.61
19878,WTI,2022-01-28,2022-01-29 00:00:00,87.67
19879,WTI,2022-01-31,2022-02-01 00:00:00,89.16
19880,WTI,2022-02-01,2022-02-02 00:00:00,88.22
19881,WTI,2022-02-02,2022-02-03 00:00:00,88.16
19882,WTI,2022-02-03,2022-02-04 00:00:00,90.17
19883,WTI,2022-02-04,2022-02-05 00:00:00,92.27
19884,WTI,2022-02-07,2022-02-08 00:00:00,91.25
19885,WTI,2022-02-08,2022-02-09 00:00:00,89.32
19886,WTI,2022-02-09,2022-02-10 00:00:00,89.57
19887,WTI,2022-02-10,2022-02-11 00:00:00,89.83
19888,WTI,2022-02-11,2022-02-12 00:00:00,93.1
19889,WTI,2022-02-14,2022-02-15 00:00:00,95.52
19890,WTI,2022-02-15,2022-02-16 00:00:00,92.07
19891,WTI,2022-02-16,2022-02-17 00:00:00,93.83
19892,WTI,2022-02-17,2022-02-18 00:00:00,91.78
19893,WTI,2022-02-18,2022-02-19 00:00:00,91.26
19894,WTI,2022-02-22,2022-02-23 00:00:00,92.11
19895,WTI,2022-02-23,2022-02-24 00:00:00,92.14
19896,WTI,2022-02-24,2022-02-25 00:00:00,92.77
19897,WTI,2022-02-25,2022-02-26 00:00:00,91.68
19898,WTI,2022-02-28,2022-03-01 00:00:00,96.13
19899,WTI,2022-03-01,2022-03-02 00:00:00,103.66
19900,WTI,2022-03-02,2022-03-03 00:00:00,110.74
19901,WTI,2022-03-03,2022-03-04 00:00:00,107.69
19902,WTI,2022-03-04,2022-03-05 00:00:00,115.77
19903,WTI,2022-03-07,2022-03-08 00:00:00,119.26
19904,WTI,2022-03-08,2022-03-09 00:00:00,123.64
19905,WTI,2022-03-09,2022-03-10 00:00:00,108.81
19906,WTI,2022-03-10,2022-03-11 00:00:00,105.93
19907,WTI,2022-03-11,2022-03-12 00:00:00,109.31
19908,WTI,2022-03-14,2022-03-15 00:00:00,103.22
19909,WTI,2022-03-15,2022-03-16 00:00:00,96.42
19910,WTI,2022-03-16,2022-03-17 00:00:00,94.85
19911,WTI,2022-03-17,2022-03-18 00:00:00,102.97
19912,WTI,2022-03-18,2022-03-19 00:00:00,104.69
19913,WTI,2022-03-21,2022-03-22 00:00:00,112.14
19914,WTI,2022-03-22,2022-03-23 00:00:00,111.03
19915,WTI,2022-03-23,2022-03-24 00:00:00,114.89
19916,WTI,2022-03-24,2022-03-25 00:00:00,114.2
19917,WTI,2022-03-25,2022-03-26 00:00:00,116.2
19918,WTI,2022-03-28,2022-03-29 00:00:00,107.55
19919,WTI,2022-03-29,2022-03-30 00:00:00,104.25
19920,WTI,2022-03-30,2022-03-31 00:00:00,107.81
19921,WTI,2022-03-31,2022-04-01 00:00:00,100.53
19922,WTI,2022-04-01,2022-04-02 00:00:00,99.32
19923,WTI,2022-04-04,2022-04-05 00:00:00,103.29
19924,WTI,2022-04-05,2022-04-06 00:00:00,101.98
19925,WTI,2022-04-06,2022-04-07 00:00:00,96.39
19926,WTI,2022-04-07,2022-04-08 00:00:00,96.05
19927,WTI,2022-04-08,2022-04-09 00:00:00,98.35
19928,WTI,2022-04-11,2022-04-12 00:00:00,94.22
19929,WTI,2022-04-12,2022-04-13 00:00:00,100.52
19930,WTI,2022-04-13,2022-04-14 00:00:00,104.26
19931,WTI,2022-04-14,2022-04-15 00:00:00,106.84
19932,WTI,2022-04-18,2022-04-19 00:00:00,108.24
19933,WTI,2022-04-19,2022-04-20 00:00:00,102.54
19934,WTI,2022-04-20,2022-04-21 00:00:00,102.56
19935,WTI,2022-04-21,2022-04-22 00:00:00,103.89
19936,WTI,2022-04-22,2022-04-23 00:00:00,102.86
19937,WTI,2022-04-25,2022-04-26 00:00:00,99.6
19938,WTI,2022-04-26,2022-04-27 00:00:00,102.62
19939,WTI,2022-04-27,2022-04-28 00:00:00,101.96
19940,WTI,2022-04-28,2022-04-29 00:00:00,105.47
19941,WTI,2022-04-29,2022-04-30 00:00:00,104.59
19942,WTI,2022-05-02,2022-05-03 00:00:00,105.18
19943,WTI,2022-05-03,2022-05-04 00:00:00,102.53
19944,WTI,2022-05-04,2022-05-05 00:00:00,107.84
19945,WTI,2022-05-05,2022-05-06 00:00:00,108.17
19946,WTI,2022-05-06,2022-05-07 00:00:00,109.72
19947,WTI,2022-05-09,2022-05-10 00:00:00,103.08
19948,WTI,2022-05-10,2022-05-11 00:00:00,99.74
19949,WTI,2022-05-11,2022-05-12 00:00:00,105.5
19950,WTI,2022-05-12,2022-05-13 00:00:00,106.15
19951,WTI,2022-05-13,2022-05-14 00:00:00,110.52
19952,WTI,2022-05-16,2022-05-17 00:00:00,114.07
19953,WTI,2022-05-17,2022-05-18 00:00:00,112.31
19954,WTI,2022-05-18,2022-05-19 00:00:00,109.67
19955,WTI,2022-05-19,2022-05-20 00:00:00,112.21
19956,WTI,2022-05-20,2022-05-21 00:00:00,112.63
19957,WTI,2022-05-23,2022-05-24 00:00:00,110.32
19958,WTI,2022-05-24,2022-05-25 00:00:00,112.55
19959,WTI,2022-05-25,2022-05-26 00:00:00,112.88
19960,WTI,2022-05-26,2022-05-27 00:00:00,116.19
19961,WTI,2022-05-27,2022-05-28 00:00:00,114.96
19962,WTI,2022-05-31,2022-06-01 00:00:00,114.38
19963,WTI,2022-06-01,2022-06-02 00:00:00,115.26
19964,WTI,2022-06-02,2022-06-03 00:00:00,116.88
19965,WTI,2022-06-03,2022-06-04 00:00:00,118.97
19966,WTI,2022-06-06,2022-06-07 00:00:00,118.41
19967,WTI,2022-06-07,2022-06-08 00:00:00,119.55
19968,WTI,2022-06-08,2022-06-09 00:00:00,121.94
19969,WTI,2022-06-09,2022-06-10 00:00:00,121.52
19970,WTI,2022-06-10,2022-06-11 00:00:00,120.73
19971,WTI,2022-06-13,2022-06-14 00:00:00,120.92
19972,WTI,2022-06-14,2022-06-15 00:00:00,118.92
19973,WTI,2022-06-15,2022-06-16 00:00:00,115.32
19974,WTI,2022-06-16,2022-06-17 00:00:00,117.56
19975,WTI,2022-06-17,2022-06-18 00:00:00,109.56
19976,WTI,2022-06-21,2022-06-22 00:00:00,110.49
19977,WTI,2022-06-22,2022-06-23 00:00:00,106.22
19978,WTI,2022-06-23,2022-06-24 00:00:00,105.75
19979,WTI,2022-06-24,2022-06-25 00:00:00,109.07
19980,WTI,2022-06-27,2022-06-28 00:00:00,111.44
19981,WTI,2022-06-28,2022-06-29 00:00:00,113.66
19982,WTI,2022-06-29,2022-06-30 00:00:00,111.65
19983,WTI,2022-06-30,2022-07-01 00:00:00,107.76
19984,WTI,2022-07-01,2022-07-02 00:00:00,110.3
19985,WTI,2022-07-05,2022-07-06 00:00:00,101.55
19986,WTI,2022-07-06,2022-07-07 00:00:00,100.31
19987,WTI,2022-07-07,2022-07-08 00:00:00,104.62
19988,WTI,2022-07-08,2022-07-09 00:00:00,106.78
19989,WTI,2022-07-11,2022-07-12 00:00:00,106.09
19990,WTI,2022-07-12,2022-07-13 00:00:00,97.69
19991,WTI,2022-07-13,2022-07-14 00:00:00,98.44
19992,WTI,2022-07-14,2022-07-15 00:00:00,97.79
19993,WTI,2022-07-15,2022-07-16 00:00:00,99.59
19994,WTI,2022-07-18,2022-07-19 00:00:00,104.48
19995,WTI,2022-07-19,2022-07-20 00:00:00,106.12
19996,WTI,2022-07-20,2022-07-21 00:00:00,104.45
19997,WTI,2022-07-21,2022-07-22 00:00:00,98.44
19998,WTI,2022-07-22,2022-07-23 00:00:00,97.71
19999,WTI,2022-07-25,2022-07-26 00:00:00,99.83
20000,WTI,2022-07-26,2022-07-27 00:00:00,97.74
20001,WTI,2022-07-27,2022-07-28 00:00:00,100.03
20002,WTI,2022-07-28,2022-07-29 00:00:00,99.11
20003,WTI,2022-07-29,2022-07-30 00:00:00,101.31
20004,WTI,2022-08-01,2022-08-02 00:00:00,96.59
20005,WTI,2022-08-02,2022-08-03 00:00:00,97.14
20006,WTI,2022-08-03,2022-08-04 00:00:00,93.25
20007,WTI,2022-08-04,2022-08-05 00:00:00,91.29
20008,WTI,2022-08-05,2022-08-06 00:00:00,91.77
20009,WTI,2022-08-08,2022-08-09 00:00:00,93.52
20010,WTI,2022-08-09,2022-08-10 00:00:00,93.18
20011,WTI,2022-08-10,2022-08-11 00:00:00,94.68
20012,WTI,2022-08-11,2022-08-12 00:00:00,97.02
20013,WTI,2022-08-12,2022-08-13 00:00:00,94.86
20014,WTI,2022-08-15,2022-08-16 00:00:00,92.24
20015,WTI,2022-08-16,2022-08-17 00:00:00,89.23
20016,WTI,2022-08-17,2022-08-18 00:00:00,90.85
20017,WTI,2022-08-18,2022-08-19 00:00:00,93.2
20018,WTI,2022-08-19,2022-08-20 00:00:00,93.55
20019,WTI,2022-08-22,2022-08-23 00:00:00,93.42
20020,WTI,2022-08-23,2022-08-24 00:00:00,96.46
20021,WTI,2022-08-24,2022-08-25 00:00:00,95.52
20022,WTI,2022-08-25,2022-08-26 00:00:00,93.33
20023,WTI,2022-08-26,2022-08-27 00:00:00,93.63
20024,WTI,2022-08-29,2022-08-30 00:00:00,97.4
20025,WTI,2022-08-30,2022-08-31 00:00:00,92.08
20026,WTI,2022-08-31,2022-09-01 00:00:00,90.09
20027,WTI,2022-09-01,2022-09-02 00:00:00,87.09
20028,WTI,2022-09-02,2022-09-03 00:00:00,87.29
20029,WTI,2022-09-06,2022-09-07 00:00:00,87.35
20030,WTI,2022-09-07,2022-09-08 00:00:00,82.5
20031,WTI,2022-09-08,2022-09-09 00:00:00,84.04
20032,WTI,2022-09-09,2022-09-10 00:00:00,87.27
20033,WTI,2022-09-12,2022-09-13 00:00:00,88.18
20034,WTI,2022-09-13,2022-09-14 00:00:00,87.84
20035,WTI,2022-09-14,2022-09-15 00:00:00,88.88
20036,WTI,2022-09-15,2022-09-16 00:00:00,85.72
20037,WTI,2022-09-16,2022-09-17 00:00:00,85.57
20038,WTI,2022-09-19,2022-09-20 00:00:00,86.15
20039,WTI,2022-09-20,2022-09-21 00:00:00,84.69
20040,WTI,2022-09-21,2022-09-22 00:00:00,83.38
20041,WTI,2022-09-22,2022-09-23 00:00:00,84.02
20042,WTI,2022-09-23,2022-09-24 00:00:00,79.07
20043,WTI,2022-09-26,2022-09-27 00:00:00,77.17
20044,WTI,2022-09-27,2022-09-28 00:00:00,78.91
20045,WTI,2022-09-28,2022-09-29 00:00:00,82.61
20046,WTI,2022-09-29,2022-09-30 00:00:00,81.78
20047,WTI,2022-09-30,2022-10-01 00:00:00,79.91
20048,WTI,2022-10-03,2022-10-04 00:00:00,84.05
20049,WTI,2022-10-04,2022-10-05 00:00:00,86.87
20050,WTI,2022-10-05,2022-10-06 00:00:00,88.22
20051,WTI,2022-10-06,2022-10-07 00:00:00,88.9
20052,WTI,2022-10-07,2022-10-08 00:00:00,93.07
20053,WTI,2022-10-10,2022-10-11 00:00:00,91.6
20054,WTI,2022-10-11,2022-10-12 00:00:00,89.75
20055,WTI,2022-10-12,2022-10-13 00:00:00,87.83
20056,WTI,2022-10-13,2022-10-14 00:00:00,89.59
20057,WTI,2022-10-14,2022-10-15 00:00:00,86.1
20058,WTI,2022-10-17,2022-10-18 00:00:00,86
20059,WTI,2022-10-18,2022-10-19 00:00:00,83.29
20060,WTI,2022-10-19,2022-10-20 00:00:00,86
20061,WTI,2022-10-20,2022-10-21 00:00:00,86.02
20062,WTI,2022-10-21,2022-10-22 00:00:00,85.47
20063,WTI,2022-10-24,2022-10-25 00:00:00,86.12
20064,WTI,2022-10-25,2022-10-26 00:00:00,86.93
20065,WTI,2022-10-26,2022-10-27 00:00:00,89.39
20066,WTI,2022-10-27,2022-10-28 00:00:00,89.06
20067,WTI,2022-10-28,2022-10-29 00:00:00,87.85
20068,WTI,2022-10-31,2022-11-01 00:00:00,86.54
20069,WTI,2022-11-01,2022-11-02 00:00:00,88.36
20070,WTI,2022-11-02,2022-11-03 00:00:00,90.06
20071,WTI,2022-11-03,2022-11-04 00:00:00,88.14
20072,WTI,2022-11-04,2022-11-05 00:00:00,92.58
20073,WTI,2022-11-07,2022-11-08 00:00:00,91.8
20074,WTI,2022-11-08,2022-11-09 00:00:00,88.8
20075,WTI,2022-11-09,2022-11-10 00:00:00,85.79
20076,WTI,2022-11-10,2022-11-11 00:00:00,86.52
20077,WTI,2022-11-11,2022-11-12 00:00:00,89.14
20078,WTI,2022-11-14,2022-11-15 00:00:00,85.85
20079,WTI,2022-11-15,2022-11-16 00:00:00,86.87
20080,WTI,2022-11-16,2022-11-17 00:00:00,85.62
20081,WTI,2022-11-17,2022-11-18 00:00:00,81.69
20082,WTI,2022-11-18,2022-11-19 00:00:00,80.07
20083,WTI,2022-11-21,2022-11-22 00:00:00,79.74
20084,WTI,2022-11-22,2022-11-23 00:00:00,80.83
20085,WTI,2022-11-23,2022-11-24 00:00:00,77.93
20086,WTI,2022-11-25,2022-11-26 00:00:00,76.45
20087,WTI,2022-11-28,2022-11-29 00:00:00,77.1
20088,WTI,2022-11-29,2022-11-30 00:00:00,77.96
20089,WTI,2022-11-30,2022-12-01 00:00:00,80.48
20090,WTI,2022-12-01,2022-12-02 00:00:00,81.06
20091,WTI,2022-12-02,2022-12-03 00:00:00,79.86
20092,WTI,2022-12-05,2022-12-06 00:00:00,76.83
20093,WTI,2022-12-06,2022-12-07 00:00:00,74.21
20094,WTI,2022-12-07,2022-12-08 00:00:00,71.93
20095,WTI,2022-12-08,2022-12-09 00:00:00,71.3
20096,WTI,2022-12-09,2022-12-10 00:00:00,71.05
20097,WTI,2022-12-12,2022-12-13 00:00:00,72.96
20098,WTI,2022-12-13,2022-12-14 00:00:00,75.44
20099,WTI,2022-12-14,2022-12-15 00:00:00,77.14
20100,WTI,2022-12-15,2022-12-16 00:00:00,75.89
20101,WTI,2022-12-16,2022-12-17 00:00:00,74.19
20102,WTI,2022-12-19,2022-12-20 00:00:00,75.05
20103,WTI,2022-12-20,2022-12-21 00:00:00,75.92
20104,WTI,2022-12-21,2022-12-22 00:00:00,78.17
20105,WTI,2022-12-22,2022-12-23 00:00:00,77.68
20106,WTI,2022-12-23,2022-12-24 00:00:00,79.57
20107,WTI,2022-12-27,2022-12-28 00:00:00,79.45
20108,WTI,2022-12-28,2022-12-29 00:00:00,78.89
20109,WTI,2022-12-29,2022-12-30 00:00:00,78.43
20110,WTI,2022-12-30,2022-12-31 00:00:00,80.16
20111,WTI,2023-01-03,2023-01-04 00:00:00,76.87
20112,WTI,2023-01-04,2023-01-05 00:00:00,72.82
20113,WTI,2023-01-05,2023-01-06 00:00:00,73.61
20114,WTI,2023-01-06,2023-01-07 00:00:00,73.77
20115,WTI,2023-01-09,2023-01-10 00:00:00,74.69
20116,WTI,2023-01-10,2023-01-11 00:00:00,75.11
20117,WTI,2023-01-11,2023-01-12 00:00:00,77.46
20118,WTI,2023-01-12,2023-01-13 00:00:00,78.32
20119,WTI,2023-01-13,2023-01-14 00:00:00,79.9
20120,WTI,2023-01-17,2023-01-18 00:00:00,80.25
20121,WTI,2023-01-18,2023-01-19 00:00:00,79.53
20122,WTI,2023-01-19,2023-01-20 00:00:00,80.31
20123,WTI,2023-01-20,2023-01-21 00:00:00,81.27
20124,WTI,2023-01-23,2023-01-24 00:00:00,81.62
20125,WTI,2023-01-24,2023-01-25 00:00:00,79.86
20126,WTI,2023-01-25,2023-01-26 00:00:00,79.78
20127,WTI,2023-01-26,2023-01-27 00:00:00,80.64
20128,WTI,2023-01-27,2023-01-28 00:00:00,79.73
20129,WTI,2023-01-30,2023-01-31 00:00:00,77.97
20130,WTI,2023-01-31,2023-02-01 00:00:00,78.95
20131,WTI,2023-02-01,2023-02-02 00:00:00,76.34
20132,WTI,2023-02-02,2023-02-03 00:00:00,75.87
20133,WTI,2023-02-03,2023-02-04 00:00:00,73.4
20134,WTI,2023-02-06,2023-02-07 00:00:00,74.11
20135,WTI,2023-02-07,2023-02-08 00:00:00,77.17
20136,WTI,2023-02-08,2023-02-09 00:00:00,78.47
20137,WTI,2023-02-09,2023-02-10 00:00:00,78.04
20138,WTI,2023-02-10,2023-02-11 00:00:00,79.74
20139,WTI,2023-02-13,2023-02-14 00:00:00,80.14
20140,WTI,2023-02-14,2023-02-15 00:00:00,79.08
20141,WTI,2023-02-15,2023-02-16 00:00:00,78.57
20142,WTI,2023-02-16,2023-02-17 00:00:00,78.45
20143,WTI,2023-02-17,2023-02-18 00:00:00,76.31
20144,WTI,2023-02-21,2023-02-22 00:00:00,76.28
20145,WTI,2023-02-22,2023-02-23 00:00:00,73.95
20146,WTI,2023-02-23,2023-02-24 00:00:00,75.26
20147,WTI,2023-02-24,2023-02-25 00:00:00,76.19
20148,WTI,2023-02-27,2023-02-28 00:00:00,75.57
20149,WTI,2023-02-28,2023-03-01 00:00:00,76.88
20150,WTI,2023-03-01,2023-03-02 00:00:00,77.57
20151,WTI,2023-03-02,2023-03-03 00:00:00,78.05
20152,WTI,2023-03-03,2023-03-04 00:00:00,79.62
20153,WTI,2023-03-06,2023-03-07 00:00:00,80.39
20154,WTI,2023-03-07,2023-03-08 00:00:00,77.45
20155,WTI,2023-03-08,2023-03-09 00:00:00,76.56
20156,WTI,2023-03-09,2023-03-10 00:00:00,75.6
20157,WTI,2023-03-10,2023-03-11 00:00:00,76.55
20158,WTI,2023-03-13,2023-03-14 00:00:00,74.68
20159,WTI,2023-03-14,2023-03-15 00:00:00,71.18
20160,WTI,2023-03-15,2023-03-16 00:00:00,67.38
20161,WTI,2023-03-16,2023-03-17 00:00:00,68.15
20162,WTI,2023-03-17,2023-03-18 00:00:00,66.61
20163,WTI,2023-03-20,2023-03-21 00:00:00,67.56
20164,WTI,2023-03-21,2023-03-22 00:00:00,69.4
20165,WTI,2023-03-22,2023-03-23 00:00:00,70.71
20166,WTI,2023-03-23,2023-03-24 00:00:00,69.77
20167,WTI,2023-03-24,2023-03-25 00:00:00,69.22
20168,WTI,2023-03-27,2023-03-28 00:00:00,72.87
20169,WTI,2023-03-28,2023-03-29 00:00:00,73.12
20170,WTI,2023-03-29,2023-03-30 00:00:00,72.95
20171,WTI,2023-03-30,2023-03-31 00:00:00,74.32
20172,WTI,2023-03-31,2023-04-01 00:00:00,75.68
20173,WTI,2023-04-03,2023-04-04 00:00:00,80.4
20174,WTI,2023-04-04,2023-04-05 00:00:00,80.7
20175,WTI,2023-04-05,2023-04-06 00:00:00,80.69
20176,WTI,2023-04-06,2023-04-07 00:00:00,80.7
20177,WTI,2023-04-10,2023-04-11 00:00:00,79.79
20178,WTI,2023-04-11,2023-04-12 00:00:00,81.54
20179,WTI,2023-04-12,2023-04-13 00:00:00,83.26
20180,WTI,2023-04-13,2023-04-14 00:00:00,82.16
20181,WTI,2023-04-14,2023-04-15 00:00:00,82.58
20182,WTI,2023-04-17,2023-04-18 00:00:00,80.93
20183,WTI,2023-04-18,2023-04-19 00:00:00,80.85
20184,WTI,2023-04-19,2023-04-20 00:00:00,79.18
20185,WTI,2023-04-20,2023-04-21 00:00:00,77.27
20186,WTI,2023-04-21,2023-04-22 00:00:00,77.86
20187,WTI,2023-04-24,2023-04-25 00:00:00,78.64
20188,WTI,2023-04-25,2023-04-26 00:00:00,77.05
20189,WTI,2023-04-26,2023-04-27 00:00:00,74.33
20190,WTI,2023-04-27,2023-04-28 00:00:00,74.77
20191,WTI,2023-04-28,2023-04-29 00:00:00,76.78
20192,WTI,2023-05-01,2023-05-02 00:00:00,75.65
20193,WTI,2023-05-02,2023-05-03 00:00:00,71.71
20194,WTI,2023-05-03,2023-05-04 00:00:00,68.62
20195,WTI,2023-05-04,2023-05-05 00:00:00,68.52
20196,WTI,2023-05-05,2023-05-06 00:00:00,71.32
20197,WTI,2023-05-08,2023-05-09 00:00:00,73.13
20198,WTI,2023-05-09,2023-05-10 00:00:00,73.68
20199,WTI,2023-05-10,2023-05-11 00:00:00,72.53
20200,WTI,2023-05-11,2023-05-12 00:00:00,70.81
20201,WTI,2023-05-12,2023-05-13 00:00:00,70.02
20202,WTI,2023-05-15,2023-05-16 00:00:00,71.07
20203,WTI,2023-05-16,2023-05-17 00:00:00,70.85
20204,WTI,2023-05-17,2023-05-18 00:00:00,72.78
20205,WTI,2023-05-18,2023-05-19 00:00:00,71.82
20206,WTI,2023-05-19,2023-05-20 00:00:00,71.57
20207,WTI,2023-05-22,2023-05-23 00:00:00,71.81
20208,WTI,2023-05-23,2023-05-24 00:00:00,72.87
20209,WTI,2023-05-24,2023-05-25 00:00:00,74.37
20210,WTI,2023-05-25,2023-05-26 00:00:00,71.68
20211,WTI,2023-05-26,2023-05-27 00:00:00,72.35
20212,WTI,2023-05-30,2023-05-31 00:00:00,69.45
20213,WTI,2023-05-31,2023-06-01 00:00:00,68.11
20214,WTI,2023-06-01,2023-06-02 00:00:00,70.09
20215,WTI,2023-06-02,2023-06-03 00:00:00,71.76
20216,WTI,2023-06-05,2023-06-06 00:00:00,72.14
20217,WTI,2023-06-06,2023-06-07 00:00:00,71.71
20218,WTI,2023-06-07,2023-06-08 00:00:00,72.52
20219,WTI,2023-06-08,2023-06-09 00:00:00,71.28
20220,WTI,2023-06-09,2023-06-10 00:00:00,70.16
20221,WTI,2023-06-12,2023-06-13 00:00:00,67.08
20222,WTI,2023-06-13,2023-06-14 00:00:00,69.39
20223,WTI,2023-06-14,2023-06-15 00:00:00,68.22
20224,WTI,2023-06-15,2023-06-16 00:00:00,70.61
20225,WTI,2023-06-16,2023-06-17 00:00:00,71.81
20226,WTI,2023-06-20,2023-06-21 00:00:00,70.94
20227,WTI,2023-06-21,2023-06-22 00:00:00,72.55
20228,WTI,2023-06-22,2023-06-23 00:00:00,69.22
20229,WTI,2023-06-23,2023-06-24 00:00:00,68.91
20230,WTI,2023-06-26,2023-06-27 00:00:00,69.09
20231,WTI,2023-06-27,2023-06-28 00:00:00,67.68
20232,WTI,2023-06-28,2023-06-29 00:00:00,69.54
20233,WTI,2023-06-29,2023-06-30 00:00:00,69.85
20234,WTI,2023-06-30,2023-07-01 00:00:00,70.66
20235,WTI,2023-07-03,2023-07-04 00:00:00,69.71
20236,WTI,2023-07-05,2023-07-06 00:00:00,71.78
20237,WTI,2023-07-06,2023-07-07 00:00:00,71.76
20238,WTI,2023-07-07,2023-07-08 00:00:00,73.91
20239,WTI,2023-07-10,2023-07-11 00:00:00,73.05
20240,WTI,2023-07-11,2023-07-12 00:00:00,74.87
20241,WTI,2023-07-12,2023-07-13 00:00:00,75.77
20242,WTI,2023-07-13,2023-07-14 00:00:00,76.86
20243,WTI,2023-07-14,2023-07-15 00:00:00,75.44
20244,WTI,2023-07-17,2023-07-18 00:00:00,74.17
20245,WTI,2023-07-18,2023-07-19 00:00:00,75.76
20246,WTI,2023-07-19,2023-07-20 00:00:00,75.4
20247,WTI,2023-07-20,2023-07-21 00:00:00,75.65
20248,WTI,2023-07-21,2023-07-22 00:00:00,77.06
20249,WTI,2023-07-24,2023-07-25 00:00:00,78.81
20250,WTI,2023-07-25,2023-07-26 00:00:00,79.76
20251,WTI,2023-07-26,2023-07-27 00:00:00,79.11
20252,WTI,2023-07-27,2023-07-28 00:00:00,80.17
20253,WTI,2023-07-28,2023-07-29 00:00:00,80.55
20254,WTI,2023-07-31,2023-08-01 00:00:00,81.8
20255,WTI,2023-08-01,2023-08-02 00:00:00,81.37
20256,WTI,2023-08-02,2023-08-03 00:00:00,79.5
20257,WTI,2023-08-03,2023-08-04 00:00:00,81.56
20258,WTI,2023-08-04,2023-08-05 00:00:00,82.76
20259,WTI,2023-08-07,2023-08-08 00:00:00,81.94
20260,WTI,2023-08-08,2023-08-09 00:00:00,82.94
20261,WTI,2023-08-09,2023-08-10 00:00:00,84.35
20262,WTI,2023-08-10,2023-08-11 00:00:00,82.81
20263,WTI,2023-08-11,2023-08-12 00:00:00,83.17
20264,WTI,2023-08-14,2023-08-15 00:00:00,82.5
20265,WTI,2023-08-15,2023-08-16 00:00:00,81.06
20266,WTI,2023-08-16,2023-08-17 00:00:00,79.4
20267,WTI,2023-08-17,2023-08-18 00:00:00,80.43
20268,WTI,2023-08-18,2023-08-19 00:00:00,81.25
20269,WTI,2023-08-21,2023-08-22 00:00:00,80.71
20270,WTI,2023-08-22,2023-08-23 00:00:00,80.25
20271,WTI,2023-08-23,2023-08-24 00:00:00,78.91
20272,WTI,2023-08-24,2023-08-25 00:00:00,79.52
20273,WTI,2023-08-25,2023-08-26 00:00:00,80.47
20274,WTI,2023-08-28,2023-08-29 00:00:00,80.65
20275,WTI,2023-08-29,2023-08-30 00:00:00,81.14
20276,WTI,2023-08-30,2023-08-31 00:00:00,81.64
20277,WTI,2023-08-31,2023-09-01 00:00:00,83.55
20278,WTI,2023-09-01,2023-09-02 00:00:00,85.52
20279,WTI,2023-09-05,2023-09-06 00:00:00,86.74
20280,WTI,2023-09-06,2023-09-07 00:00:00,87.55
20281,WTI,2023-09-07,2023-09-08 00:00:00,86.87
20282,WTI,2023-09-08,2023-09-09 00:00:00,87.51
20283,WTI,2023-09-11,2023-09-12 00:00:00,87.3
20284,WTI,2023-09-12,2023-09-13 00:00:00,88.87
20285,WTI,2023-09-13,2023-09-14 00:00:00,88.59
20286,WTI,2023-09-14,2023-09-15 00:00:00,90.13
20287,WTI,2023-09-15,2023-09-16 00:00:00,90.83
20288,WTI,2023-09-18,2023-09-19 00:00:00,91.47
20289,WTI,2023-09-19,2023-09-20 00:00:00,91.16
20290,WTI,2023-09-20,2023-09-21 00:00:00,89.2
20291,WTI,2023-09-21,2023-09-22 00:00:00,89.56
20292,WTI,2023-09-22,2023-09-23 00:00:00,90
20293,WTI,2023-09-25,2023-09-26 00:00:00,89.68
20294,WTI,2023-09-26,2023-09-27 00:00:00,91.43
20295,WTI,2023-09-27,2023-09-28 00:00:00,93.67
20296,WTI,2023-09-28,2023-09-29 00:00:00,91.65
20297,WTI,2023-09-29,2023-09-30 00:00:00,90.77
20298,WTI,2023-10-02,2023-10-03 00:00:00,88.81
20299,WTI,2023-10-03,2023-10-04 00:00:00,89.26
20300,WTI,2023-10-04,2023-10-05 00:00:00,84.32
20301,WTI,2023-10-05,2023-10-06 00:00:00,82.3
20302,WTI,2023-10-06,2023-10-07 00:00:00,82.83
20303,WTI,2023-10-10,2023-10-11 00:00:00,85.89
20304,WTI,2023-10-11,2023-10-12 00:00:00,83.7
20305,WTI,2023-10-12,2023-10-13 00:00:00,82.87
20306,WTI,2023-10-13,2023-10-14 00:00:00,87.67
20307,WTI,2023-10-16,2023-10-17 00:00:00,86.65
20308,WTI,2023-10-17,2023-10-18 00:00:00,86.66
20309,WTI,2023-10-18,2023-10-19 00:00:00,88.35
20310,WTI,2023-10-19,2023-10-20 00:00:00,89.35
20311,WTI,2023-10-20,2023-10-21 00:00:00,89.12
20312,WTI,2023-10-23,2023-10-24 00:00:00,85.49
20313,WTI,2023-10-24,2023-10-25 00:00:00,84.58
20314,WTI,2023-10-25,2023-10-26 00:00:00,86.07
20315,WTI,2023-10-26,2023-10-27 00:00:00,83.8
20316,WTI,2023-10-27,2023-10-28 00:00:00,86.04
20317,WTI,2023-10-30,2023-10-31 00:00:00,83.03
20318,WTI,2023-10-31,2023-11-01 00:00:00,81.64
20319,WTI,2023-11-01,2023-11-02 00:00:00,81.05
20320,WTI,2023-11-02,2023-11-03 00:00:00,83.04
20321,WTI,2023-11-03,2023-11-04 00:00:00,81.19
20322,WTI,2023-11-06,2023-11-07 00:00:00,81.54
20323,WTI,2023-11-07,2023-11-08 00:00:00,77.96
20324,WTI,2023-11-08,2023-11-09 00:00:00,75.85
20325,WTI,2023-11-09,2023-11-10 00:00:00,76.34
20326,WTI,2023-11-13,2023-11-14 00:00:00,78.86
20327,WTI,2023-11-14,2023-11-15 00:00:00,78.9
20328,WTI,2023-11-15,2023-11-16 00:00:00,77.15
20329,WTI,2023-11-16,2023-11-17 00:00:00,73.5
20330,WTI,2023-11-17,2023-11-18 00:00:00,76.47
20331,WTI,2023-11-20,2023-11-21 00:00:00,78.1
20332,WTI,2023-11-21,2023-11-22 00:00:00,78.35
20333,WTI,2023-11-22,2023-11-23 00:00:00,76.8
20334,WTI,2023-11-24,2023-11-25 00:00:00,74.83
20335,WTI,2023-11-27,2023-11-28 00:00:00,74.46
20336,WTI,2023-11-28,2023-11-29 00:00:00,76.09
20337,WTI,2023-11-29,2023-11-30 00:00:00,77.56
20338,WTI,2023-11-30,2023-12-01 00:00:00,75.66
20339,WTI,2023-12-01,2023-12-02 00:00:00,73.7
20340,WTI,2023-12-04,2023-12-05 00:00:00,72.73
20341,WTI,2023-12-05,2023-12-06 00:00:00,71.95
20342,WTI,2023-12-06,2023-12-07 00:00:00,68.98
20343,WTI,2023-12-07,2023-12-08 00:00:00,69
20344,WTI,2023-12-08,2023-12-09 00:00:00,70.87
20345,WTI,2023-12-11,2023-12-12 00:00:00,70.95
20346,WTI,2023-12-12,2023-12-13 00:00:00,68.27
20347,WTI,2023-12-13,2023-12-14 00:00:00,69.09
20348,WTI,2023-12-14,2023-12-15 00:00:00,71.21
20349,WTI,2023-12-15,2023-12-16 00:00:00,71.05
20350,WTI,2023-12-18,2023-12-19 00:00:00,72.16
20351,WTI,2023-12-19,2023-12-20 00:00:00,73.23
20352,WTI,2023-12-20,2023-12-21 00:00:00,73.87
20353,WTI,2023-12-21,2023-12-22 00:00:00,73.59
20354,WTI,2023-12-22,2023-12-23 00:00:00,73.29
20355,WTI,2023-12-26,2023-12-27 00:00:00,75.84
20356,WTI,2023-12-27,2023-12-28 00:00:00,74.31
20357,WTI,2023-12-28,2023-12-29 00:00:00,72.02
20358,WTI,2023-12-29,2023-12-30 00:00:00,71.89
20359,WTI,2024-01-02,2024-01-03 00:00:00,70.62
20360,WTI,2024-01-03,2024-01-04 00:00:00,72.97
20361,WTI,2024-01-04,2024-01-05 00:00:00,72.38
20362,WTI,2024-01-05,2024-01-06 00:00:00,74
20363,WTI,2024-01-08,2024-01-09 00:00:00,71.06
20364,WTI,2024-01-09,2024-01-10 00:00:00,72.43
20365,WTI,2024-01-10,2024-01-11 00:00:00,71.57
20366,WTI,2024-01-11,2024-01-12 00:00:00,72.15
20367,WTI,2024-01-12,2024-01-13 00:00:00,72.94
20368,WTI,2024-01-16,2024-01-17 00:00:00,72.63
20369,WTI,2024-01-17,2024-01-18 00:00:00,72.79
20370,WTI,2024-01-18,2024-01-19 00:00:00,74.32
20371,WTI,2024-01-19,2024-01-20 00:00:00,73.69
20372,WTI,2024-01-22,2024-01-23 00:00:00,75.26
20373,WTI,2024-01-23,2024-01-24 00:00:00,74.72
20374,WTI,2024-01-24,2024-01-25 00:00:00,75.48
20375,WTI,2024-01-25,2024-01-26 00:00:00,77.91
20376,WTI,2024-01-26,2024-01-27 00:00:00,78.45
20377,WTI,2024-01-29,2024-01-30 00:00:00,77.25
20378,WTI,2024-01-30,2024-01-31 00:00:00,78.3
20379,WTI,2024-01-31,2024-02-01 00:00:00,76.28
20380,WTI,2024-02-01,2024-02-02 00:00:00,74.36
20381,WTI,2024-02-02,2024-02-03 00:00:00,72.72
20382,WTI,2024-02-05,2024-02-06 00:00:00,73.21
20383,WTI,2024-02-06,2024-02-07 00:00:00,73.83
20384,WTI,2024-02-07,2024-02-08 00:00:00,74.26
20385,WTI,2024-02-08,2024-02-09 00:00:00,76.67
20386,WTI,2024-02-09,2024-02-10 00:00:00,77.26
20387,WTI,2024-02-12,2024-02-13 00:00:00,77.34
20388,WTI,2024-02-13,2024-02-14 00:00:00,78.28
20389,WTI,2024-02-14,2024-02-15 00:00:00,77.09
20390,WTI,2024-02-15,2024-02-16 00:00:00,78.47
20391,WTI,2024-02-16,2024-02-17 00:00:00,79.65
20392,WTI,2024-02-20,2024-02-21 00:00:00,78.72
20393,WTI,2024-02-21,2024-02-22 00:00:00,78.89
20394,WTI,2024-02-22,2024-02-23 00:00:00,79.64
20395,WTI,2024-02-23,2024-02-24 00:00:00,77.6
20396,WTI,2024-02-26,2024-02-27 00:00:00,78.53
20397,WTI,2024-02-27,2024-02-28 00:00:00,79.8
20398,WTI,2024-02-28,2024-02-29 00:00:00,79.44
20399,WTI,2024-02-29,2024-03-01 00:00:00,79.22
20400,WTI,2024-03-01,2024-03-02 00:00:00,80.9
20401,WTI,2024-03-04,2024-03-05 00:00:00,79.67
20402,WTI,2024-03-05,2024-03-06 00:00:00,79.11
20403,WTI,2024-03-06,2024-03-07 00:00:00,80.08
20404,WTI,2024-03-07,2024-03-08 00:00:00,79.81
20405,WTI,2024-03-08,2024-03-09 00:00:00,78.96
20406,WTI,2024-03-11,2024-03-12 00:00:00,78.87
20407,WTI,2024-03-12,2024-03-13 00:00:00,78.51
20408,WTI,2024-03-13,2024-03-14 00:00:00,80.67
20409,WTI,2024-03-14,2024-03-15 00:00:00,82.16
20410,WTI,2024-03-15,2024-03-16 00:00:00,81.94
20411,WTI,2024-03-18,2024-03-19 00:00:00,83.68
20412,WTI,2024-03-19,2024-03-20 00:00:00,84.39
20413,WTI,2024-03-20,2024-03-21 00:00:00,82.79
20414,WTI,2024-03-21,2024-03-22 00:00:00,81.99
20415,WTI,2024-03-22,2024-03-23 00:00:00,81.1
20416,WTI,2024-03-25,2024-03-26 00:00:00,82.41
20417,WTI,2024-03-26,2024-03-27 00:00:00,82.41
20418,WTI,2024-03-27,2024-03-28 00:00:00,82.15
20419,WTI,2024-03-28,2024-03-29 00:00:00,83.96
20420,WTI,2024-04-01,2024-04-02 00:00:00,84.54
20421,WTI,2024-04-02,2024-04-03 00:00:00,85.95
20422,WTI,2024-04-03,2024-04-04 00:00:00,86.22
20423,WTI,2024-04-04,2024-04-05 00:00:00,87.37
20424,WTI,2024-04-05,2024-04-06 00:00:00,87.69
20425,WTI,2024-04-08,2024-04-09 00:00:00,87.24
20426,WTI,2024-04-09,2024-04-10 00:00:00,86.04
20427,WTI,2024-04-10,2024-04-11 00:00:00,86.98
20428,WTI,2024-04-11,2024-04-12 00:00:00,85.79
20429,WTI,2024-04-12,2024-04-13 00:00:00,86.46
20430,WTI,2024-04-15,2024-04-16 00:00:00,86.21
20431,WTI,2024-04-16,2024-04-17 00:00:00,86.15
20432,WTI,2024-04-17,2024-04-18 00:00:00,83.58
20433,WTI,2024-04-18,2024-04-19 00:00:00,83.5
20434,WTI,2024-04-19,2024-04-20 00:00:00,83.79
20435,WTI,2024-04-22,2024-04-23 00:00:00,83.82
20436,WTI,2024-04-23,2024-04-24 00:00:00,84.17
20437,WTI,2024-04-24,2024-04-25 00:00:00,84.09
20438,WTI,2024-04-25,2024-04-26 00:00:00,84.92
20439,WTI,2024-04-26,2024-04-27 00:00:00,85.38
20440,WTI,2024-04-29,2024-04-30 00:00:00,84.26
20441,WTI,2024-04-30,2024-05-01 00:00:00,83.49
20442,WTI,2024-05-01,2024-05-02 00:00:00,80.7
20443,WTI,2024-05-02,2024-05-03 00:00:00,80.59
20444,WTI,2024-05-03,2024-05-04 00:00:00,79.65
20445,WTI,2024-05-06,2024-05-07 00:00:00,80.1
20446,WTI,2024-05-07,2024-05-08 00:00:00,79.97
20447,WTI,2024-05-08,2024-05-09 00:00:00,80.57
20448,WTI,2024-05-09,2024-05-10 00:00:00,80.86
20449,WTI,2024-05-10,2024-05-11 00:00:00,79.81
20450,WTI,2024-05-13,2024-05-14 00:00:00,80.71
20451,WTI,2024-05-14,2024-05-15 00:00:00,79.62
20452,WTI,2024-05-15,2024-05-16 00:00:00,80.23
20453,WTI,2024-05-16,2024-05-17 00:00:00,80.85
20454,WTI,2024-05-17,2024-05-18 00:00:00,81.66
20455,WTI,2024-05-20,2024-05-21 00:00:00,81.39
20456,WTI,2024-05-21,2024-05-22 00:00:00,80.66
20457,WTI,2024-05-22,2024-05-23 00:00:00,79.15
20458,WTI,2024-05-23,2024-05-24 00:00:00,77.47
20459,WTI,2024-05-24,2024-05-25 00:00:00,78.48
20460,WTI,2024-05-28,2024-05-29 00:00:00,80.9
20461,WTI,2024-05-29,2024-05-30 00:00:00,80.24
20462,WTI,2024-05-30,2024-05-31 00:00:00,78.96
20463,WTI,2024-05-31,2024-06-01 00:00:00,77.97
20464,WTI,2024-06-03,2024-06-04 00:00:00,75.26
20465,WTI,2024-06-04,2024-06-05 00:00:00,74.27
20466,WTI,2024-06-05,2024-06-06 00:00:00,75.08
20467,WTI,2024-06-06,2024-06-07 00:00:00,76.52
20468,WTI,2024-06-07,2024-06-08 00:00:00,76.53
20469,WTI,2024-06-10,2024-06-11 00:00:00,78.75
20470,WTI,2024-06-11,2024-06-12 00:00:00,78.88
20471,WTI,2024-06-12,2024-06-13 00:00:00,79.56
20472,WTI,2024-06-13,2024-06-14 00:00:00,79.61
20473,WTI,2024-06-14,2024-06-15 00:00:00,79.41
20474,WTI,2024-06-17,2024-06-18 00:00:00,81.33
20475,WTI,2024-06-18,2024-06-19 00:00:00,82.67
20476,WTI,2024-06-20,2024-06-21 00:00:00,83.34
20477,WTI,2024-06-21,2024-06-22 00:00:00,81.71
20478,WTI,2024-06-24,2024-06-25 00:00:00,82.63
20479,WTI,2024-06-25,2024-06-26 00:00:00,81.97
20480,WTI,2024-06-26,2024-06-27 00:00:00,82.19
20481,WTI,2024-06-27,2024-06-28 00:00:00,83.04
20482,WTI,2024-06-28,2024-06-29 00:00:00,82.83
20483,WTI,2024-07-01,2024-07-02 00:00:00,84.7
20484,WTI,2024-07-02,2024-07-03 00:00:00,84.09
20485,WTI,2024-07-03,2024-07-04 00:00:00,85.19
20486,WTI,2024-07-05,2024-07-06 00:00:00,84.44
20487,WTI,2024-07-08,2024-07-09 00:00:00,83.63
20488,WTI,2024-07-09,2024-07-10 00:00:00,82.78
20489,WTI,2024-07-10,2024-07-11 00:00:00,83.39
20490,WTI,2024-07-11,2024-07-12 00:00:00,83.92
20491,WTI,2024-07-12,2024-07-13 00:00:00,83.49
20492,WTI,2024-07-15,2024-07-16 00:00:00,83.22
20493,WTI,2024-07-16,2024-07-17 00:00:00,81.92
20494,WTI,2024-07-17,2024-07-18 00:00:00,84.16
20495,WTI,2024-07-18,2024-07-19 00:00:00,84.17
20496,WTI,2024-07-19,2024-07-20 00:00:00,81.43
20497,WTI,2024-07-22,2024-07-23 00:00:00,81.25
20498,WTI,2024-07-23,2024-07-24 00:00:00,78.24
20499,WTI,2024-07-24,2024-07-25 00:00:00,78.78
20500,WTI,2024-07-25,2024-07-26 00:00:00,79.43
20501,WTI,2024-07-26,2024-07-27 00:00:00,78.58
20502,WTI,2024-07-29,2024-07-30 00:00:00,77.27
20503,WTI,2024-07-30,2024-07-31 00:00:00,76.17
20504,WTI,2024-07-31,2024-08-01 00:00:00,79.36
20505,WTI,2024-08-01,2024-08-02 00:00:00,77.74
20506,WTI,2024-08-02,2024-08-03 00:00:00,74.99
20507,WTI,2024-08-05,2024-08-06 00:00:00,74.46
20508,WTI,2024-08-06,2024-08-07 00:00:00,74.6
20509,WTI,2024-08-07,2024-08-08 00:00:00,76.68
20510,WTI,2024-08-08,2024-08-09 00:00:00,77.64
20511,WTI,2024-08-09,2024-08-10 00:00:00,78.28
20512,WTI,2024-08-12,2024-08-13 00:00:00,81.45
20513,WTI,2024-08-13,2024-08-14 00:00:00,79.81
20514,WTI,2024-08-14,2024-08-15 00:00:00,78.47
20515,WTI,2024-08-15,2024-08-16 00:00:00,79.66
20516,WTI,2024-08-16,2024-08-17 00:00:00,78.05
20517,WTI,2024-08-19,2024-08-20 00:00:00,75.82
20518,WTI,2024-08-20,2024-08-21 00:00:00,75.27
20519,WTI,2024-08-21,2024-08-22 00:00:00,72.76
20520,WTI,2024-08-22,2024-08-23 00:00:00,73.72
20521,WTI,2024-08-23,2024-08-24 00:00:00,75.82
20522,WTI,2024-08-26,2024-08-27 00:00:00,78.4
20523,WTI,2024-08-27,2024-08-28 00:00:00,76.5
20524,WTI,2024-08-28,2024-08-29 00:00:00,75.49
20525,WTI,2024-08-29,2024-08-30 00:00:00,76.9
20526,WTI,2024-08-30,2024-08-31 00:00:00,74.52
20527,WTI,2024-09-03,2024-09-04 00:00:00,71.28
20528,WTI,2024-09-04,2024-09-05 00:00:00,70.11
20529,WTI,2024-09-05,2024-09-06 00:00:00,70.09
20530,WTI,2024-09-06,2024-09-07 00:00:00,68.58
20531,WTI,2024-09-09,2024-09-10 00:00:00,69.65
20532,WTI,2024-09-10,2024-09-11 00:00:00,66.73
20533,WTI,2024-09-11,2024-09-12 00:00:00,68.25
20534,WTI,2024-09-12,2024-09-13 00:00:00,69.89
20535,WTI,2024-09-13,2024-09-14 00:00:00,69.59
20536,WTI,2024-09-16,2024-09-17 00:00:00,71.1
20537,WTI,2024-09-17,2024-09-18 00:00:00,72.16
20538,WTI,2024-09-18,2024-09-19 00:00:00,71.87
20539,WTI,2024-09-19,2024-09-20 00:00:00,72.86
20540,WTI,2024-09-20,2024-09-21 00:00:00,72.72
20541,WTI,2024-09-23,2024-09-24 00:00:00,71.33
20542,WTI,2024-09-24,2024-09-25 00:00:00,72.34
20543,WTI,2024-09-25,2024-09-26 00:00:00,70.42
20544,WTI,2024-09-26,2024-09-27 00:00:00,68.28
20545,WTI,2024-09-27,2024-09-28 00:00:00,68.72
20546,WTI,2024-09-30,2024-10-01 00:00:00,68.75
20547,WTI,2024-10-01,2024-10-02 00:00:00,70.41
20548,WTI,2024-10-02,2024-10-03 00:00:00,70.74
20549,WTI,2024-10-03,2024-10-04 00:00:00,74.33
20550,WTI,2024-10-04,2024-10-05 00:00:00,74.93
20551,WTI,2024-10-07,2024-10-08 00:00:00,77.76
20552,WTI,2024-10-08,2024-10-09 00:00:00,74.26
20553,WTI,2024-10-09,2024-10-10 00:00:00,73.85
20554,WTI,2024-10-10,2024-10-11 00:00:00,76.46
20555,WTI,2024-10-11,2024-10-12 00:00:00,76.11
20556,WTI,2024-10-15,2024-10-16 00:00:00,71.22
20557,WTI,2024-10-16,2024-10-17 00:00:00,70.97
20558,WTI,2024-10-17,2024-10-18 00:00:00,71.26
20559,WTI,2024-10-18,2024-10-19 00:00:00,69.78
20560,WTI,2024-10-21,2024-10-22 00:00:00,71.16
20561,WTI,2024-10-22,2024-10-23 00:00:00,72.84
20562,WTI,2024-10-23,2024-10-24 00:00:00,71.37
20563,WTI,2024-10-24,2024-10-25 00:00:00,70.58
20564,WTI,2024-10-25,2024-10-26 00:00:00,72.02
20565,WTI,2024-10-28,2024-10-29 00:00:00,67.65
20566,WTI,2024-10-29,2024-10-30 00:00:00,67.48
20567,WTI,2024-10-30,2024-10-31 00:00:00,68.91
20568,WTI,2024-10-31,2024-11-01 00:00:00,69.58
20569,WTI,2024-11-01,2024-11-02 00:00:00,69.81
20570,WTI,2024-11-04,2024-11-05 00:00:00,71.83
20571,WTI,2024-11-05,2024-11-06 00:00:00,72.26
20572,WTI,2024-11-06,2024-11-07 00:00:00,71.98
20573,WTI,2024-11-07,2024-11-08 00:00:00,72.69
20574,WTI,2024-11-08,2024-11-09 00:00:00,70.69
20575,WTI,2024-11-12,2024-11-13 00:00:00,68.43
20576,WTI,2024-11-13,2024-11-14 00:00:00,68.76
20577,WTI,2024-11-14,2024-11-15 00:00:00,68.99
20578,WTI,2024-11-15,2024-11-16 00:00:00,67.33
20579,WTI,2024-11-18,2024-11-19 00:00:00,69.46
20580,WTI,2024-11-19,2024-11-20 00:00:00,69.75
20581,WTI,2024-11-20,2024-11-21 00:00:00,69.25
20582,WTI,2024-11-21,2024-11-22 00:00:00,70.39
20583,WTI,2024-11-22,2024-11-23 00:00:00,71.68
20584,WTI,2024-11-25,2024-11-26 00:00:00,69.41
20585,WTI,2024-11-26,2024-11-27 00:00:00,69.05
20586,WTI,2024-11-27,2024-11-28 00:00:00,69.03
20587,WTI,2024-11-29,2024-11-30 00:00:00,68.26
20588,WTI,2024-12-02,2024-12-03 00:00:00,68.35
20589,WTI,2024-12-03,2024-12-04 00:00:00,70.15
20590,WTI,2024-12-04,2024-12-05 00:00:00,68.81
20591,WTI,2024-12-05,2024-12-06 00:00:00,68.58
20592,WTI,2024-12-06,2024-12-07 00:00:00,68.58
20593,WTI,2024-12-09,2024-12-10 00:00:00,68.65
20594,WTI,2024-12-10,2024-12-11 00:00:00,68.85
20595,WTI,2024-12-11,2024-12-12 00:00:00,70.57
20596,WTI,2024-12-12,2024-12-13 00:00:00,70.25
20597,WTI,2024-12-13,2024-12-14 00:00:00,71.54
20598,WTI,2024-12-16,2024-12-17 00:00:00,71.03
20599,WTI,2024-12-17,2024-12-18 00:00:00,70.31
20600,WTI,2024-12-18,2024-12-19 00:00:00,70.8
20601,WTI,2024-12-19,2024-12-20 00:00:00,70.1
20602,WTI,2024-12-20,2024-12-21 00:00:00,69.71
20603,WTI,2024-12-23,2024-12-24 00:00:00,69.5
20604,WTI,2024-12-24,2024-12-25 00:00:00,70.87
20605,WTI,2024-12-26,2024-12-27 00:00:00,70.38
20606,WTI,2024-12-27,2024-12-28 00:00:00,71.28
20607,WTI,2024-12-30,2024-12-31 00:00:00,71.73
20608,WTI,2024-12-31,2025-01-01 00:00:00,72.44
20609,WTI,2025-01-02,2025-01-03 00:00:00,73.79
20610,WTI,2025-01-03,2025-01-04 00:00:00,74.64
20611,WTI,2025-01-06,2025-01-07 00:00:00,74.31
20612,WTI,2025-01-07,2025-01-08 00:00:00,74.99
20613,WTI,2025-01-08,2025-01-09 00:00:00,73.99
20614,WTI,2025-01-10,2025-01-11 00:00:00,77.27
20615,WTI,2025-01-13,2025-01-14 00:00:00,79.57
20616,WTI,2025-01-14,2025-01-15 00:00:00,78.2
20617,WTI,2025-01-15,2025-01-16 00:00:00,80.73
20618,WTI,2025-01-16,2025-01-17 00:00:00,79.35
20619,WTI,2025-01-17,2025-01-18 00:00:00,78.56
20620,WTI,2025-01-21,2025-01-22 00:00:00,76.79
20621,WTI,2025-01-22,2025-01-23 00:00:00,76.12
20622,WTI,2025-01-23,2025-01-24 00:00:00,75.03
20623,WTI,2025-01-24,2025-01-25 00:00:00,74.97
20624,WTI,2025-01-27,2025-01-28 00:00:00,73.51
20625,WTI,2025-01-28,2025-01-29 00:00:00,74.15
20626,WTI,2025-01-29,2025-01-30 00:00:00,72.94
20627,WTI,2025-01-30,2025-01-31 00:00:00,73.1
20628,WTI,2025-01-31,2025-02-01 00:00:00,72.84
20629,WTI,2025-02-03,2025-02-04 00:00:00,73.52
20630,WTI,2025-02-04,2025-02-05 00:00:00,73.04
20631,WTI,2025-02-05,2025-02-06 00:00:00,71.39
20632,WTI,2025-02-06,2025-02-07 00:00:00,70.97
20633,WTI,2025-02-07,2025-02-08 00:00:00,71.32
20634,WTI,2025-02-10,2025-02-11 00:00:00,72.73
20635,WTI,2025-02-11,2025-02-12 00:00:00,73.67
20636,WTI,2025-02-12,2025-02-13 00:00:00,71.72
20637,WTI,2025-02-13,2025-02-14 00:00:00,71.66
20638,WTI,2025-02-14,2025-02-15 00:00:00,71.05
20639,WTI,2025-02-18,2025-02-19 00:00:00,72.21
20640,WTI,2025-02-19,2025-02-20 00:00:00,72.58
20641,WTI,2025-02-20,2025-02-21 00:00:00,72.88
20642,WTI,2025-02-21,2025-02-22 00:00:00,70.72
20643,WTI,2025-02-24,2025-02-25 00:00:00,71.06
20644,WTI,2025-02-25,2025-02-26 00:00:00,69.15
20645,WTI,2025-02-26,2025-02-27 00:00:00,68.87
20646,WTI,2025-02-27,2025-02-28 00:00:00,70.62
20647,WTI,2025-02-28,2025-03-01 00:00:00,69.97
20648,WTI,2025-03-03,2025-03-04 00:00:00,68.63
20649,WTI,2025-03-04,2025-03-05 00:00:00,68.47
20650,WTI,2025-03-05,2025-03-06 00:00:00,66.58
20651,WTI,2025-03-06,2025-03-07 00:00:00,66.62
20652,WTI,2025-03-07,2025-03-08 00:00:00,67.29
20653,WTI,2025-03-10,2025-03-11 00:00:00,66.31
20654,WTI,2025-03-11,2025-03-12 00:00:00,66.52
20655,WTI,2025-03-12,2025-03-13 00:00:00,67.65
20656,WTI,2025-03-13,2025-03-14 00:00:00,66.82
20657,WTI,2025-03-14,2025-03-15 00:00:00,67.43
20658,WTI,2025-03-17,2025-03-18 00:00:00,67.84
20659,WTI,2025-03-18,2025-03-19 00:00:00,67.49
20660,WTI,2025-03-19,2025-03-20 00:00:00,67.4
20661,WTI,2025-03-20,2025-03-21 00:00:00,68.55
20662,WTI,2025-03-21,2025-03-22 00:00:00,68.52
20663,WTI,2025-03-24,2025-03-25 00:00:00,69.46
20664,WTI,2025-03-25,2025-03-26 00:00:00,69.48
20665,WTI,2025-03-26,2025-03-27 00:00:00,70.05
20666,WTI,2025-03-27,2025-03-28 00:00:00,70.3
20667,WTI,2025-03-28,2025-03-29 00:00:00,69.74
20668,WTI,2025-03-31,2025-04-01 00:00:00,71.87
20669,WTI,2025-04-01,2025-04-02 00:00:00,71.61
20670,WTI,2025-04-02,2025-04-03 00:00:00,72.12
20671,WTI,2025-04-03,2025-04-04 00:00:00,67.43
20672,WTI,2025-04-04,2025-04-05 00:00:00,62.42
20673,WTI,2025-04-07,2025-04-08 00:00:00,61.05
20674,WTI,2025-04-08,2025-04-09 00:00:00,60.04
20675,WTI,2025-04-09,2025-04-10 00:00:00,62.63
20676,WTI,2025-04-10,2025-04-11 00:00:00,60.57
20677,WTI,2025-04-11,2025-04-12 00:00:00,61.91
20678,WTI,2025-04-14,2025-04-15 00:00:00,61.99
20679,WTI,2025-04-15,2025-04-16 00:00:00,61.74
20680,WTI,2025-04-16,2025-04-17 00:00:00,62.88
20681,WTI,2025-04-17,2025-04-18 00:00:00,65.07
20682,WTI,2025-04-21,2025-04-22 00:00:00,63.48
20683,WTI,2025-04-22,2025-04-23 00:00:00,64.6
20684,WTI,2025-04-23,2025-04-24 00:00:00,62.64
20685,WTI,2025-04-24,2025-04-25 00:00:00,63.55
20686,WTI,2025-04-25,2025-04-26 00:00:00,63.85
20687,WTI,2025-04-28,2025-04-29 00:00:00,63.3
20688,WTI,2025-04-29,2025-04-30 00:00:00,61.84
20689,WTI,2025-04-30,2025-05-01 00:00:00,59.55
20690,WTI,2025-05-01,2025-05-02 00:00:00,60.59
20691,WTI,2025-05-02,2025-05-03 00:00:00,59.67
20692,WTI,2025-05-05,2025-05-06 00:00:00,58.5
20693,WTI,2025-05-06,2025-05-07 00:00:00,60.42
20694,WTI,2025-05-07,2025-05-08 00:00:00,59.42
20695,WTI,2025-05-08,2025-05-09 00:00:00,61.25
20696,WTI,2025-05-09,2025-05-10 00:00:00,62.37
20697,WTI,2025-05-12,2025-05-13 00:00:00,63.32
20698,WTI,2025-05-13,2025-05-14 00:00:00,65.04
20699,WTI,2025-05-14,2025-05-15 00:00:00,64.48
20700,WTI,2025-05-15,2025-05-16 00:00:00,63.03
20701,WTI,2025-05-16,2025-05-17 00:00:00,63.84
20702,WTI,2025-05-19,2025-05-20 00:00:00,63.98
20703,WTI,2025-05-20,2025-05-21 00:00:00,63.97
20704,WTI,2025-05-21,2025-05-22 00:00:00,62.93
20705,WTI,2025-05-22,2025-05-23 00:00:00,62.55
20706,WTI,2025-05-23,2025-05-24 00:00:00,62.89
20707,WTI,2025-05-27,2025-05-28 00:00:00,61.61
20708,WTI,2025-05-28,2025-05-29 00:00:00,62.54
20709,WTI,2025-05-29,2025-05-30 00:00:00,61.66
20710,WTI,2025-05-30,2025-05-31 00:00:00,61.46
20711,WTI,2025-06-02,2025-06-03 00:00:00,63.27
20712,WTI,2025-06-03,2025-06-04 00:00:00,64.1
20713,WTI,2025-06-04,2025-06-05 00:00:00,63.57
20714,WTI,2025-06-05,2025-06-06 00:00:00,64.06
20715,WTI,2025-06-06,2025-06-07 00:00:00,65.3
20716,WTI,2025-06-09,2025-06-10 00:00:00,65.99
20717,WTI,2025-06-10,2025-06-11 00:00:00,65.66
20718,WTI,2025-06-11,2025-06-12 00:00:00,68.91
20719,WTI,2025-06-12,2025-06-13 00:00:00,68.73
20720,WTI,2025-06-13,2025-06-14 00:00:00,73.84
20721,WTI,2025-06-16,2025-06-17 00:00:00,72.53
20722,WTI,2025-06-17,2025-06-18 00:00:00,75.62
20723,WTI,2025-06-18,2025-06-19 00:00:00,75.89
20724,WTI,2025-06-20,2025-06-21 00:00:00,75.72
20725,WTI,2025-06-23,2025-06-24 00:00:00,69.36
20726,WTI,2025-06-24,2025-06-25 00:00:00,65.45
20727,WTI,2025-06-25,2025-06-26 00:00:00,65.98
20728,WTI,2025-06-26,2025-06-27 00:00:00,66.44
20729,WTI,2025-06-27,2025-06-28 00:00:00,66.66
20730,WTI,2025-06-30,2025-07-01 00:00:00,66.3
20731,WTI,2025-07-01,2025-07-02 00:00:00,66.64
20732,WTI,2025-07-02,2025-07-03 00:00:00,68.66
20733,WTI,2025-07-03,2025-07-04 00:00:00,68.13
20734,WTI,2025-07-07,2025-07-08 00:00:00,69.16
20735,WTI,2025-07-08,2025-07-09 00:00:00,69.55
20736,WTI,2025-07-09,2025-07-10 00:00:00,69.61
20737,WTI,2025-07-10,2025-07-11 00:00:00,67.78
20738,WTI,2025-07-11,2025-07-12 00:00:00,69.63
20739,WTI,2025-07-14,2025-07-15 00:00:00,68.19
20740,WTI,2025-07-15,2025-07-16 00:00:00,67.76
20741,WTI,2025-07-16,2025-07-17 00:00:00,67.13
20742,WTI,2025-07-17,2025-07-18 00:00:00,68.76
20743,WTI,2025-07-18,2025-07-19 00:00:00,68.53
20744,WTI,2025-07-21,2025-07-22 00:00:00,68.39
20745,WTI,2025-07-22,2025-07-23 00:00:00,67.56
20746,WTI,2025-07-23,2025-07-24 00:00:00,66.05
20747,WTI,2025-07-24,2025-07-25 00:00:00,67.16
20748,WTI,2025-07-25,2025-07-26 00:00:00,66.38
20749,WTI,2025-07-28,2025-07-29 00:00:00,67.81
20750,WTI,2025-07-29,2025-07-30 00:00:00,70.27
20751,WTI,2025-07-30,2025-07-31 00:00:00,71.09
20752,WTI,2025-07-31,2025-08-01 00:00:00,70.36
20753,WTI,2025-08-01,2025-08-02 00:00:00,68.39
20754,WTI,2025-08-04,2025-08-05 00:00:00,67.33
20755,WTI,2025-08-05,2025-08-06 00:00:00,66.2
20756,WTI,2025-08-06,2025-08-07 00:00:00,65.38
20757,WTI,2025-08-07,2025-08-08 00:00:00,64.9
20758,WTI,2025-08-08,2025-08-09 00:00:00,64.94
20759,WTI,2025-08-11,2025-08-12 00:00:00,65.03
20760,WTI,2025-08-12,2025-08-13 00:00:00,64.22
20761,WTI,2025-08-13,2025-08-14 00:00:00,63.68
20762,WTI,2025-08-14,2025-08-15 00:00:00,64.99
20763,WTI,2025-08-15,2025-08-16 00:00:00,63.78
20764,WTI,2025-08-18,2025-08-19 00:00:00,64.51
20765,WTI,2025-08-19,2025-08-20 00:00:00,63.38
20766,WTI,2025-08-20,2025-08-21 00:00:00,64.19
20767,WTI,2025-08-21,2025-08-22 00:00:00,64.56
20768,WTI,2025-08-22,2025-08-23 00:00:00,64.08
20769,WTI,2025-08-25,2025-08-26 00:00:00,65.18
20770,WTI,2025-08-26,2025-08-27 00:00:00,63.6
20771,WTI,2025-08-27,2025-08-28 00:00:00,64.49
20772,WTI,2025-08-28,2025-08-29 00:00:00,64.96
20773,WTI,2025-08-29,2025-08-30 00:00:00,64.36
20774,WTI,2025-09-02,2025-09-03 00:00:00,65.95
20775,WTI,2025-09-03,2025-09-04 00:00:00,64.36
20776,WTI,2025-09-04,2025-09-05 00:00:00,63.81
20777,WTI,2025-09-05,2025-09-06 00:00:00,62.22
20778,WTI,2025-09-08,2025-09-09 00:00:00,62.6
20779,WTI,2025-09-09,2025-09-10 00:00:00,62.97
20780,WTI,2025-09-10,2025-09-11 00:00:00,64.01
20781,WTI,2025-09-11,2025-09-12 00:00:00,62.71
20782,WTI,2025-09-12,2025-09-13 00:00:00,63.02
20783,WTI,2025-09-15,2025-09-16 00:00:00,63.66
20784,WTI,2025-09-16,2025-09-17 00:00:00,64.89
20785,WTI,2025-09-17,2025-09-18 00:00:00,64.41
20786,WTI,2025-09-18,2025-09-19 00:00:00,63.91
20787,WTI,2025-09-19,2025-09-20 00:00:00,63.02
20788,WTI,2025-09-22,2025-09-23 00:00:00,62.99
20789,WTI,2025-09-23,2025-09-24 00:00:00,63.76
20790,WTI,2025-09-24,2025-09-25 00:00:00,65.4
20791,WTI,2025-09-25,2025-09-26 00:00:00,65.51
20792,WTI,2025-09-26,2025-09-27 00:00:00,66.5
20793,WTI,2025-09-29,2025-09-30 00:00:00,64.27
20794,WTI,2025-09-30,2025-10-01 00:00:00,63.17
20795,WTI,2025-10-01,2025-10-02 00:00:00,62.59
20796,WTI,2025-10-02,2025-10-03 00:00:00,61.28
20797,WTI,2025-10-03,2025-10-04 00:00:00,61.65
20798,WTI,2025-10-06,2025-10-07 00:00:00,62.49
20799,WTI,2025-10-07,2025-10-08 00:00:00,62.52
20800,WTI,2025-10-08,2025-10-09 00:00:00,63.37
20801,WTI,2025-10-09,2025-10-10 00:00:00,62.36
20802,WTI,2025-10-10,2025-10-11 00:00:00,59.75
20803,WTI,2025-10-14,2025-10-15 00:00:00,59.52
20804,WTI,2025-10-15,2025-10-16 00:00:00,59.08
20805,WTI,2025-10-16,2025-10-17 00:00:00,58.29
20806,WTI,2025-10-17,2025-10-18 00:00:00,58.3
20807,WTI,2025-10-20,2025-10-21 00:00:00,58.34
20808,WTI,2025-10-21,2025-10-22 00:00:00,58.66
20809,WTI,2025-10-22,2025-10-23 00:00:00,59.3
20810,WTI,2025-10-23,2025-10-24 00:00:00,62.44
20811,WTI,2025-10-24,2025-10-25 00:00:00,62.27
20812,WTI,2025-10-27,2025-10-28 00:00:00,62.13
20813,WTI,2025-10-28,2025-10-29 00:00:00,60.97
20814,WTI,2025-10-29,2025-10-30 00:00:00,61.26
20815,WTI,2025-10-30,2025-10-31 00:00:00,61.36
20816,WTI,2025-10-31,2025-11-01 00:00:00,61.75
20817,WTI,2025-11-03,2025-11-04 00:00:00,61.79
20818,WTI,2025-11-04,2025-11-05 00:00:00,61.38
20819,WTI,2025-11-05,2025-11-06 00:00:00,60.4
20820,WTI,2025-11-06,2025-11-07 00:00:00,60.24
20821,WTI,2025-11-07,2025-11-08 00:00:00,60.54
20822,WTI,2025-11-10,2025-11-11 00:00:00,60.94
20823,WTI,2025-11-12,2025-11-13 00:00:00,59.3
20824,WTI,2025-11-13,2025-11-14 00:00:00,59.54
20825,WTI,2025-11-14,2025-11-15 00:00:00,60.87
20826,WTI,2025-11-17,2025-11-18 00:00:00,60.66
20827,WTI,2025-11-18,2025-11-19 00:00:00,61.51
20828,WTI,2025-11-19,2025-11-20 00:00:00,60.27
20829,WTI,2025-11-20,2025-11-21 00:00:00,60.07
20830,WTI,2025-11-21,2025-11-22 00:00:00,58.86
20831,WTI,2025-11-24,2025-11-25 00:00:00,59.11
20832,WTI,2025-11-25,2025-11-26 00:00:00,58.25
20833,WTI,2025-11-26,2025-11-27 00:00:00,58.81
20834,WTI,2025-11-28,2025-11-29 00:00:00,58.58
20835,WTI,2025-12-01,2025-12-02 00:00:00,59.47
20836,WTI,2025-12-02,2025-12-03 00:00:00,58.81
20837,WTI,2025-12-03,2025-12-04 00:00:00,59.09
20838,WTI,2025-12-04,2025-12-05 00:00:00,59.82
20839,WTI,2025-12-05,2025-12-06 00:00:00,60.23
20840,WTI,2025-12-08,2025-12-09 00:00:00,59.04
20841,WTI,2025-12-09,2025-12-10 00:00:00,58.4
20842,WTI,2025-12-10,2025-12-11 00:00:00,58.67
20843,WTI,2025-12-11,2025-12-12 00:00:00,57.76
20844,WTI,2025-12-12,2025-12-13 00:00:00,57.61
20845,WTI,2025-12-15,2025-12-16 00:00:00,56.97
20846,WTI,2025-12-16,2025-12-17 00:00:00,55.44
20847,WTI,2025-12-17,2025-12-18 00:00:00,56.07
20848,WTI,2025-12-18,2025-12-19 00:00:00,56.22
20849,WTI,2025-12-19,2025-12-20 00:00:00,56.8
20850,WTI,2025-12-22,2025-12-23 00:00:00,58.18
20851,WTI,2025-12-23,2025-12-24 00:00:00,58.55
20852,WTI,2025-12-24,2025-12-25 00:00:00,58.72
20853,WTI,2025-12-26,2025-12-27 00:00:00,56.6
20854,WTI,2025-12-29,2025-12-30 00:00:00,57.89
20855,WTI,2025-12-30,2025-12-31 00:00:00,57.79
20856,WTI,2025-12-31,2026-01-01 00:00:00,57.26
20857,WTI,2026-01-02,2026-01-03 00:00:00,57.21
20858,WTI,2026-01-05,2026-01-06 00:00:00,58.1
20859,WTI,2026-01-06,2026-01-07 00:00:00,56.97
20860,WTI,2026-01-07,2026-01-08 00:00:00,56.01
20861,WTI,2026-01-08,2026-01-09 00:00:00,57.74
20862,WTI,2026-01-09,2026-01-10 00:00:00,58.96
20863,WTI,2026-01-12,2026-01-13 00:00:00,59.39
20864,WTI,2026-01-13,2026-01-14 00:00:00,60.85
20865,WTI,2026-01-14,2026-01-15 00:00:00,61.84
20866,WTI,2026-01-15,2026-01-16 00:00:00,59.13
20867,WTI,2026-01-16,2026-01-17 00:00:00,59.4
20868,WTI,2026-01-20,2026-01-21 00:00:00,60.3
20869,WTI,2026-01-21,2026-01-22 00:00:00,60.38
20870,WTI,2026-01-22,2026-01-23 00:00:00,59.24
20871,WTI,2026-01-23,2026-01-24 00:00:00,60.7
20872,WTI,2026-01-26,2026-01-27 00:00:00,60.46
20873,WTI,2026-01-27,2026-01-28 00:00:00,62.04
20874,WTI,2026-01-28,2026-01-29 00:00:00,62.75
20875,WTI,2026-01-29,2026-01-30 00:00:00,64.77
20876,WTI,2026-01-30,2026-01-31 00:00:00,64.5
20877,WTI,2026-02-02,2026-02-03 00:00:00,61.6
20878,WTI,2026-02-03,2026-02-04 00:00:00,62.62
20879,WTI,2026-02-04,2026-02-05 00:00:00,64.56
20880,WTI,2026-02-05,2026-02-06 00:00:00,62.9
20881,WTI,2026-02-06,2026-02-07 00:00:00,63.77
20882,WTI,2026-02-09,2026-02-10 00:00:00,64.53
20883,WTI,2026-02-10,2026-02-11 00:00:00,64.2
20884,WTI,2026-02-11,2026-02-12 00:00:00,64.8
20885,WTI,2026-02-12,2026-02-13 00:00:00,63.08
20886,WTI,2026-02-13,2026-02-14 00:00:00,63.05
20887,WTI,2026-02-17,2026-02-18 00:00:00,62.53
20888,WTI,2026-02-18,2026-02-19 00:00:00,65.33
20889,WTI,2026-02-19,2026-02-20 00:00:00,66.66
20890,WTI,2026-02-20,2026-02-21 00:00:00,66.69
20891,WTI,2026-02-23,2026-02-24 00:00:00,66.36
20892,WTI,2026-02-24,2026-02-25 00:00:00,65.62
20893,WTI,2026-02-25,2026-02-26 00:00:00,65.3
20894,WTI,2026-02-26,2026-02-27 00:00:00,65.1
20895,WTI,2026-02-27,2026-02-28 00:00:00,66.96
20896,WTI,2026-03-02,2026-03-03 00:00:00,71.13
20897,WTI,2026-03-03,2026-03-04 00:00:00,74.48
20898,WTI,2026-03-04,2026-03-05 00:00:00,74.58
20899,WTI,2026-03-05,2026-03-06 00:00:00,80.88
20900,WTI,2026-03-06,2026-03-07 00:00:00,90.77
20901,WTI,2026-03-09,2026-03-10 00:00:00,94.65
20902,WTI,2026-03-10,2026-03-11 00:00:00,83.71
20903,WTI,2026-03-11,2026-03-12 00:00:00,86.8
20904,WTI,2026-03-12,2026-03-13 00:00:00,95.61
20905,WTI,2026-03-13,2026-03-14 00:00:00,98.48
20906,WTI,2026-03-16,2026-03-17 00:00:00,93.39
20907,WTI,2026-03-17,2026-03-18 00:00:00,96.01
20908,WTI,2026-03-18,2026-03-19 00:00:00,96.12
20909,WTI,2026-03-19,2026-03-20 00:00:00,96.11
20910,WTI,2026-03-20,2026-03-21 00:00:00,98.71
20911,WTI,2026-03-23,2026-03-24 00:00:00,89.33
20912,WTI,2026-03-24,2026-03-25 00:00:00,93.18
20913,WTI,2026-03-25,2026-03-26 00:00:00,91.51
20914,WTI,2026-03-26,2026-03-27 00:00:00,96.18
20915,WTI,2026-03-27,2026-03-28 00:00:00,101.26
20916,WTI,2026-03-30,2026-03-31 00:00:00,104.69
20917,WTI,2026-03-31,2026-04-01 00:00:00,102.86
20918,WTI,2026-04-01,2026-04-02 00:00:00,101.9
20919,WTI,2026-04-02,2026-04-03 00:00:00,113.23
20920,WTI,2026-04-06,2026-04-07 00:00:00,114.01
20921,WTI,2026-04-07,2026-04-08 00:00:00,114.58
20922,WTI,2026-04-08,2026-04-09 00:00:00,96.17
20923,WTI,2026-04-09,2026-04-10 00:00:00,99.62
20924,WTI,2026-04-10,2026-04-11 00:00:00,98.34
20925,WTI,2026-04-13,2026-04-14 00:00:00,100.72
20926,WTI,2026-04-14,2026-04-15 00:00:00,93.07
20927,WTI,2026-04-15,2026-04-16 00:00:00,93.04
20928,WTI,2026-04-16,2026-04-17 00:00:00,96.46
20929,WTI,2026-04-17,2026-04-18 00:00:00,85.91
20930,WTI,2026-04-20,2026-04-21 00:00:00,91.06
20931,WTI,2026-04-21,2026-04-22 00:00:00,93.64
20932,WTI,2026-04-22,2026-04-23 00:00:00,94.76
20933,WTI,2026-04-23,2026-04-24 00:00:00,99.27
20934,WTI,2026-04-24,2026-04-25 00:00:00,98.42
20935,WTI,2026-04-27,2026-04-28 00:00:00,99.89
20936,WTI,2026-04-28,2026-04-29 00:00:00,103.45
20937,WTI,2026-04-29,2026-04-30 00:00:00,110.47
20938,WTI,2026-04-30,2026-05-01 00:00:00,108.64
20939,WTI,2026-05-01,2026-05-02 00:00:00,105.38
20940,WTI,2026-05-04,2026-05-05 00:00:00,109.76
20941,WTI,2026-05-05,2026-05-06 00:00:00,105.66
20942,WTI,2026-05-06,2026-05-07 00:00:00,98.75
20943,WTI,2026-05-07,2026-05-08 00:00:00,98.38
20944,WTI,2026-05-08,2026-05-09 00:00:00,98.87
20945,WTI,2026-05-11,2026-05-12 00:00:00,101.56
20946,WTI,2026-05-12,2026-05-13 00:00:00,105.78
20947,WTI,2026-05-13,2026-05-14 00:00:00,104.52
20948,WTI,2026-05-14,2026-05-15 00:00:00,104.66
20949,WTI,2026-05-15,2026-05-16 00:00:00,108.99
20950,WTI,2026-05-18,2026-05-19 00:00:00,112.25
20951,WTI,2026-05-19,2026-05-20 00:00:00,112.09
20952,WTI,2026-05-20,2026-05-21 00:00:00,101.69
20953,WTI,2026-05-21,2026-05-22 00:00:00,100.2
20954,WTI,2026-05-22,2026-05-23 00:00:00,100.35
20955,WTI,2026-05-26,2026-05-27 00:00:00,97.63
20956,WTI,2026-05-27,2026-05-28 00:00:00,92.35
20957,WTI,2026-05-28,2026-05-29 00:00:00,92.65
20958,WTI,2026-05-29,2026-05-30 00:00:00,91.16
20959,WTI,2026-06-01,2026-06-02 00:00:00,95.96
20960,WTI,2026-06-02,2026-06-03 00:00:00,97.47
20961,WTI,2026-06-03,2026-06-04 00:00:00,99.76
20962,WTI,2026-06-04,2026-06-05 00:00:00,96.83
20963,WTI,2026-06-05,2026-06-06 00:00:00,94.32
20964,WTI,2026-06-08,2026-06-09 00:00:00,95
20965,WTI,2026-06-09,2026-06-10 00:00:00,91.9
20966,WTI,2026-06-10,2026-06-11 00:00:00,93.68
20967,WTI,2026-06-11,2026-06-12 00:00:00,91.58
20968,WTI,2026-06-12,2026-06-13 00:00:00,88.62
20969,WTI,2026-06-15,2026-06-16 00:00:00,84.65
20970,WTI,2026-06-16,2026-06-17 00:00:00,79.8
20971,WTI,2026-06-17,2026-06-18 00:00:00,80.65
20972,WTI,2026-06-18,2026-06-19 00:00:00,80.35
20973,WTI,2026-06-22,2026-06-23 00:00:00,78.94
20974,WTI,2026-06-23,2026-06-24 00:00:00,74.62
20975,WTI,2026-06-24,2026-06-25 00:00:00,71.42
20976,WTI,2026-06-25,2026-06-26 00:00:00,72.67
20977,WTI,2026-06-26,2026-06-27 00:00:00,70.3
20978,WTI,2026-06-29,2026-06-30 00:00:00,71.87
20979,WTI,2026-06-30,2026-07-01 00:00:00,70.56
20980,WTI,2026-07-01,2026-07-02 00:00:00,69.74
20981,WTI,2026-07-02,2026-07-03 00:00:00,69.73
20982,WTI,2026-07-06,2026-07-07 00:00:00,69.6
20983,US_CPI,2020-01-01,2020-02-13 00:00:00,258.82
20984,US_CPI,2020-01-01,2021-02-08 00:00:00,258.687
20985,US_CPI,2020-01-01,2022-02-08 00:00:00,258.682
20986,US_CPI,2020-01-01,2023-02-10 00:00:00,259.037
20987,US_CPI,2020-01-01,2024-02-09 00:00:00,258.906
20988,US_CPI,2020-01-01,2025-02-12 00:00:00,259.127
20989,US_CPI,2020-02-01,2020-03-11 00:00:00,259.05
20990,US_CPI,2020-02-01,2021-02-08 00:00:00,258.824
20991,US_CPI,2020-02-01,2022-02-08 00:00:00,259.007
20992,US_CPI,2020-02-01,2023-02-10 00:00:00,259.248
20993,US_CPI,2020-02-01,2024-02-09 00:00:00,259.246
20994,US_CPI,2020-02-01,2025-02-12 00:00:00,259.25
20995,US_CPI,2020-03-01,2020-04-10 00:00:00,257.953
20996,US_CPI,2020-03-01,2021-02-08 00:00:00,257.989
20997,US_CPI,2020-03-01,2022-02-08 00:00:00,258.165
20998,US_CPI,2020-03-01,2023-02-10 00:00:00,258.124
20999,US_CPI,2020-03-01,2024-02-09 00:00:00,258.15
21000,US_CPI,2020-03-01,2025-02-12 00:00:00,258.076
21001,US_CPI,2020-04-01,2020-05-12 00:00:00,255.902
21002,US_CPI,2020-04-01,2021-02-08 00:00:00,256.192
21003,US_CPI,2020-04-01,2022-02-08 00:00:00,256.094
21004,US_CPI,2020-04-01,2023-02-10 00:00:00,256.092
21005,US_CPI,2020-04-01,2024-02-09 00:00:00,256.126
21006,US_CPI,2020-04-01,2025-02-12 00:00:00,256.032
21007,US_CPI,2020-05-01,2020-06-10 00:00:00,255.768
21008,US_CPI,2020-05-01,2021-02-08 00:00:00,255.942
21009,US_CPI,2020-05-01,2022-02-08 00:00:00,255.944
21010,US_CPI,2020-05-01,2023-02-10 00:00:00,255.868
21011,US_CPI,2020-05-01,2024-02-09 00:00:00,255.848
21012,US_CPI,2020-05-01,2025-02-12 00:00:00,255.802
21013,US_CPI,2020-06-01,2020-07-14 00:00:00,257.214
21014,US_CPI,2020-06-01,2021-02-08 00:00:00,257.282
21015,US_CPI,2020-06-01,2022-02-08 00:00:00,257.217
21016,US_CPI,2020-06-01,2023-02-10 00:00:00,256.986
21017,US_CPI,2020-06-01,2024-02-09 00:00:00,257.004
21018,US_CPI,2020-06-01,2025-02-12 00:00:00,257.042
21019,US_CPI,2020-07-01,2020-08-12 00:00:00,258.723
21020,US_CPI,2020-07-01,2021-02-08 00:00:00,258.604
21021,US_CPI,2020-07-01,2022-02-08 00:00:00,258.543
21022,US_CPI,2020-07-01,2023-02-10 00:00:00,258.278
21023,US_CPI,2020-07-01,2024-02-09 00:00:00,258.408
21024,US_CPI,2020-07-01,2025-02-12 00:00:00,258.352
21025,US_CPI,2020-08-01,2020-09-11 00:00:00,259.681
21026,US_CPI,2020-08-01,2021-02-08 00:00:00,259.511
21027,US_CPI,2020-08-01,2022-02-08 00:00:00,259.58
21028,US_CPI,2020-08-01,2023-02-10 00:00:00,259.411
21029,US_CPI,2020-08-01,2024-02-09 00:00:00,259.366
21030,US_CPI,2020-08-01,2025-02-12 00:00:00,259.316
21031,US_CPI,2020-09-01,2020-10-13 00:00:00,260.209
21032,US_CPI,2020-09-01,2021-02-08 00:00:00,260.149
21033,US_CPI,2020-09-01,2022-02-08 00:00:00,260.19
21034,US_CPI,2020-09-01,2023-02-10 00:00:00,260.029
21035,US_CPI,2020-09-01,2024-02-09 00:00:00,259.951
21036,US_CPI,2020-09-01,2025-02-12 00:00:00,259.997
21037,US_CPI,2020-10-01,2020-11-12 00:00:00,260.325
21038,US_CPI,2020-10-01,2021-02-08 00:00:00,260.462
21039,US_CPI,2020-10-01,2022-02-08 00:00:00,260.352
21040,US_CPI,2020-10-01,2023-02-10 00:00:00,260.286
21041,US_CPI,2020-10-01,2024-02-09 00:00:00,260.249
21042,US_CPI,2020-10-01,2025-02-12 00:00:00,260.319
21043,US_CPI,2020-11-01,2020-12-10 00:00:00,260.817
21044,US_CPI,2020-11-01,2021-02-08 00:00:00,260.927
21045,US_CPI,2020-11-01,2022-02-08 00:00:00,260.721
21046,US_CPI,2020-11-01,2023-02-10 00:00:00,260.813
21047,US_CPI,2020-11-01,2024-02-09 00:00:00,260.895
21048,US_CPI,2020-11-01,2025-02-12 00:00:00,260.911
21049,US_CPI,2020-12-01,2021-01-13 00:00:00,261.775
21050,US_CPI,2020-12-01,2021-02-08 00:00:00,261.56
21051,US_CPI,2020-12-01,2022-02-08 00:00:00,261.564
21052,US_CPI,2020-12-01,2023-02-10 00:00:00,262.035
21053,US_CPI,2020-12-01,2024-02-09 00:00:00,262.005
21054,US_CPI,2020-12-01,2025-02-12 00:00:00,262.045
21055,US_CPI,2021-01-01,2021-02-10 00:00:00,262.231
21056,US_CPI,2021-01-01,2022-02-08 00:00:00,262.2
21057,US_CPI,2021-01-01,2023-02-10 00:00:00,262.65
21058,US_CPI,2021-01-01,2024-02-09 00:00:00,262.518
21059,US_CPI,2021-01-01,2025-02-12 00:00:00,262.639
21060,US_CPI,2021-01-01,2026-02-13 00:00:00,262.687
21061,US_CPI,2021-02-01,2021-03-10 00:00:00,263.161
21062,US_CPI,2021-02-01,2022-02-08 00:00:00,263.346
21063,US_CPI,2021-02-01,2023-02-10 00:00:00,263.638
21064,US_CPI,2021-02-01,2024-02-09 00:00:00,263.583
21065,US_CPI,2021-02-01,2025-02-12 00:00:00,263.573
21066,US_CPI,2021-02-01,2026-02-13 00:00:00,263.579
21067,US_CPI,2021-03-01,2021-04-13 00:00:00,264.793
21068,US_CPI,2021-03-01,2022-02-08 00:00:00,265.028
21069,US_CPI,2021-03-01,2023-02-10 00:00:00,264.914
21070,US_CPI,2021-03-01,2024-02-09 00:00:00,264.91
21071,US_CPI,2021-03-01,2025-02-12 00:00:00,264.847
21072,US_CPI,2021-03-01,2026-02-13 00:00:00,264.961
21073,US_CPI,2021-04-01,2021-05-12 00:00:00,266.832
21074,US_CPI,2021-04-01,2022-02-08 00:00:00,266.727
21075,US_CPI,2021-04-01,2023-02-10 00:00:00,266.67
21076,US_CPI,2021-04-01,2024-02-09 00:00:00,266.752
21077,US_CPI,2021-04-01,2025-02-12 00:00:00,266.625
21078,US_CPI,2021-04-01,2026-02-13 00:00:00,266.614
21079,US_CPI,2021-05-01,2021-06-10 00:00:00,268.551
21080,US_CPI,2021-05-01,2022-02-08 00:00:00,268.599
21081,US_CPI,2021-05-01,2023-02-10 00:00:00,268.444
21082,US_CPI,2021-05-01,2024-02-09 00:00:00,268.452
21083,US_CPI,2021-05-01,2025-02-12 00:00:00,268.404
21084,US_CPI,2021-05-01,2026-02-13 00:00:00,268.383
21085,US_CPI,2021-06-01,2021-07-13 00:00:00,270.981
21086,US_CPI,2021-06-01,2022-02-08 00:00:00,270.955
21087,US_CPI,2021-06-01,2023-02-10 00:00:00,270.559
21088,US_CPI,2021-06-01,2024-02-09 00:00:00,270.664
21089,US_CPI,2021-06-01,2025-02-12 00:00:00,270.71
21090,US_CPI,2021-06-01,2026-02-13 00:00:00,270.654
21091,US_CPI,2021-07-01,2021-08-11 00:00:00,272.265
21092,US_CPI,2021-07-01,2022-02-08 00:00:00,272.184
21093,US_CPI,2021-07-01,2023-02-10 00:00:00,271.764
21094,US_CPI,2021-07-01,2024-02-09 00:00:00,271.994
21095,US_CPI,2021-07-01,2025-02-12 00:00:00,271.965
21096,US_CPI,2021-07-01,2026-02-13 00:00:00,271.903
21097,US_CPI,2021-08-01,2021-09-14 00:00:00,273.012
21098,US_CPI,2021-08-01,2022-02-08 00:00:00,273.092
21099,US_CPI,2021-08-01,2023-02-10 00:00:00,272.87
21100,US_CPI,2021-08-01,2024-02-09 00:00:00,272.789
21101,US_CPI,2021-08-01,2025-02-12 00:00:00,272.752
21102,US_CPI,2021-08-01,2026-02-13 00:00:00,272.676
21103,US_CPI,2021-09-01,2021-10-13 00:00:00,274.138
21104,US_CPI,2021-09-01,2022-02-08 00:00:00,274.214
21105,US_CPI,2021-09-01,2023-02-10 00:00:00,274.028
21106,US_CPI,2021-09-01,2024-02-09 00:00:00,273.887
21107,US_CPI,2021-09-01,2025-02-12 00:00:00,273.942
21108,US_CPI,2021-09-01,2026-02-13 00:00:00,273.91
21109,US_CPI,2021-10-01,2021-11-10 00:00:00,276.724
21110,US_CPI,2021-10-01,2022-02-08 00:00:00,276.59
21111,US_CPI,2021-10-01,2023-02-10 00:00:00,276.522
21112,US_CPI,2021-10-01,2024-02-09 00:00:00,276.434
21113,US_CPI,2021-10-01,2025-02-12 00:00:00,276.528
21114,US_CPI,2021-10-01,2026-02-13 00:00:00,276.55
21115,US_CPI,2021-11-01,2021-12-10 00:00:00,278.88
21116,US_CPI,2021-11-01,2022-02-08 00:00:00,278.524
21117,US_CPI,2021-11-01,2023-02-10 00:00:00,278.711
21118,US_CPI,2021-11-01,2024-02-09 00:00:00,278.799
21119,US_CPI,2021-11-01,2025-02-12 00:00:00,278.824
21120,US_CPI,2021-11-01,2026-02-13 00:00:00,278.919
21121,US_CPI,2021-12-01,2022-01-12 00:00:00,280.192
21122,US_CPI,2021-12-01,2022-02-08 00:00:00,280.126
21123,US_CPI,2021-12-01,2023-02-10 00:00:00,280.887
21124,US_CPI,2021-12-01,2024-02-09 00:00:00,280.808
21125,US_CPI,2021-12-01,2025-02-12 00:00:00,280.806
21126,US_CPI,2021-12-01,2026-02-13 00:00:00,280.845
21298,US_CORE_CPI,2020-01-01,2020-02-13 00:00:00,266.476
21299,US_CORE_CPI,2020-01-01,2021-02-08 00:00:00,266.306
21300,US_CORE_CPI,2020-01-01,2022-02-08 00:00:00,266.418
21301,US_CORE_CPI,2020-01-01,2023-02-10 00:00:00,266.626
21302,US_CORE_CPI,2020-01-01,2024-02-09 00:00:00,266.698
21303,US_CORE_CPI,2020-01-01,2025-02-12 00:00:00,266.716
21304,US_CORE_CPI,2020-02-01,2020-03-11 00:00:00,267.07
21305,US_CORE_CPI,2020-02-01,2021-02-08 00:00:00,266.876
21306,US_CORE_CPI,2020-02-01,2022-02-08 00:00:00,267.083
21307,US_CORE_CPI,2020-02-01,2023-02-10 00:00:00,267.283
21308,US_CORE_CPI,2020-02-01,2024-02-09 00:00:00,267.402
21309,US_CORE_CPI,2020-02-01,2025-02-12 00:00:00,267.37
21310,US_CORE_CPI,2020-03-01,2020-04-10 00:00:00,266.795
21311,US_CORE_CPI,2020-03-01,2021-02-08 00:00:00,266.82
21312,US_CORE_CPI,2020-03-01,2022-02-08 00:00:00,266.916
21313,US_CORE_CPI,2020-03-01,2023-02-10 00:00:00,267.09
21314,US_CORE_CPI,2020-03-01,2024-02-09 00:00:00,267.068
21315,US_CORE_CPI,2020-03-01,2025-02-12 00:00:00,267.054
21316,US_CORE_CPI,2020-04-01,2020-05-12 00:00:00,265.601
21317,US_CORE_CPI,2020-04-01,2021-02-08 00:00:00,265.836
21318,US_CORE_CPI,2020-04-01,2022-02-08 00:00:00,265.771
21319,US_CORE_CPI,2020-04-01,2024-02-09 00:00:00,265.796
21320,US_CORE_CPI,2020-04-01,2025-02-12 00:00:00,265.746
21321,US_CORE_CPI,2020-05-01,2020-06-10 00:00:00,265.441
21322,US_CORE_CPI,2020-05-01,2021-02-08 00:00:00,265.637
21323,US_CORE_CPI,2020-05-01,2022-02-08 00:00:00,265.606
21324,US_CORE_CPI,2020-05-01,2023-02-10 00:00:00,265.574
21325,US_CORE_CPI,2020-05-01,2024-02-09 00:00:00,265.461
21326,US_CORE_CPI,2020-05-01,2025-02-12 00:00:00,265.412
21327,US_CORE_CPI,2020-06-01,2020-07-14 00:00:00,266.065
21328,US_CORE_CPI,2020-06-01,2021-02-08 00:00:00,266.282
21329,US_CORE_CPI,2020-06-01,2022-02-08 00:00:00,266.088
21330,US_CORE_CPI,2020-06-01,2023-02-10 00:00:00,265.952
21331,US_CORE_CPI,2020-06-01,2024-02-09 00:00:00,265.839
21332,US_CORE_CPI,2020-06-01,2025-02-12 00:00:00,265.849
21333,US_CORE_CPI,2020-07-01,2020-08-12 00:00:00,267.715
21334,US_CORE_CPI,2020-07-01,2021-02-08 00:00:00,267.722
21335,US_CORE_CPI,2020-07-01,2022-02-08 00:00:00,267.552
21336,US_CORE_CPI,2020-07-01,2023-02-10 00:00:00,267.352
21337,US_CORE_CPI,2020-07-01,2024-02-09 00:00:00,267.373
21338,US_CORE_CPI,2020-07-01,2025-02-12 00:00:00,267.389
21339,US_CORE_CPI,2020-08-01,2020-09-11 00:00:00,268.747
21340,US_CORE_CPI,2020-08-01,2021-02-08 00:00:00,268.654
21341,US_CORE_CPI,2020-08-01,2022-02-08 00:00:00,268.662
21342,US_CORE_CPI,2020-08-01,2023-02-10 00:00:00,268.469
21343,US_CORE_CPI,2020-08-01,2024-02-09 00:00:00,268.39
21344,US_CORE_CPI,2020-08-01,2025-02-12 00:00:00,268.422
21345,US_CORE_CPI,2020-09-01,2020-10-13 00:00:00,269.264
21346,US_CORE_CPI,2020-09-01,2021-02-08 00:00:00,269.155
21347,US_CORE_CPI,2020-09-01,2022-02-08 00:00:00,269.152
21348,US_CORE_CPI,2020-09-01,2023-02-10 00:00:00,268.938
21349,US_CORE_CPI,2020-09-01,2024-02-09 00:00:00,268.9
21350,US_CORE_CPI,2020-09-01,2025-02-12 00:00:00,268.933
21351,US_CORE_CPI,2020-10-01,2020-11-12 00:00:00,269.296
21352,US_CORE_CPI,2020-10-01,2021-02-08 00:00:00,269.35
21353,US_CORE_CPI,2020-10-01,2022-02-08 00:00:00,269.332
21354,US_CORE_CPI,2020-10-01,2023-02-10 00:00:00,269.236
21355,US_CORE_CPI,2020-10-01,2024-02-09 00:00:00,269.28
21356,US_CORE_CPI,2020-10-01,2025-02-12 00:00:00,269.306
21357,US_CORE_CPI,2020-11-01,2020-12-10 00:00:00,269.887
21358,US_CORE_CPI,2020-11-01,2021-02-08 00:00:00,269.819
21359,US_CORE_CPI,2020-11-01,2022-02-08 00:00:00,269.816
21360,US_CORE_CPI,2020-11-01,2023-02-10 00:00:00,269.901
21361,US_CORE_CPI,2020-11-01,2024-02-09 00:00:00,269.967
21362,US_CORE_CPI,2020-11-01,2025-02-12 00:00:00,269.981
21363,US_CORE_CPI,2020-12-01,2021-01-13 00:00:00,270.117
21364,US_CORE_CPI,2020-12-01,2021-02-08 00:00:00,269.94
21365,US_CORE_CPI,2020-12-01,2022-02-08 00:00:00,269.984
21366,US_CORE_CPI,2020-12-01,2023-02-10 00:00:00,270.267
21367,US_CORE_CPI,2020-12-01,2024-02-09 00:00:00,270.34
21368,US_CORE_CPI,2020-12-01,2025-02-12 00:00:00,270.341
21369,US_CORE_CPI,2021-01-01,2021-02-10 00:00:00,270.025
21370,US_CORE_CPI,2021-01-01,2022-02-08 00:00:00,270.114
21371,US_CORE_CPI,2021-01-01,2023-02-10 00:00:00,270.383
21372,US_CORE_CPI,2021-01-01,2024-02-09 00:00:00,270.422
21373,US_CORE_CPI,2021-01-01,2025-02-12 00:00:00,270.416
21374,US_CORE_CPI,2021-01-01,2026-02-13 00:00:00,270.387
21375,US_CORE_CPI,2021-02-01,2021-03-10 00:00:00,270.299
21376,US_CORE_CPI,2021-02-01,2022-02-08 00:00:00,270.522
21377,US_CORE_CPI,2021-02-01,2023-02-10 00:00:00,270.727
21378,US_CORE_CPI,2021-02-01,2024-02-09 00:00:00,270.813
21379,US_CORE_CPI,2021-02-01,2025-02-12 00:00:00,270.776
21380,US_CORE_CPI,2021-02-01,2026-02-13 00:00:00,270.793
21381,US_CORE_CPI,2021-03-01,2021-04-13 00:00:00,271.214
21382,US_CORE_CPI,2021-03-01,2022-02-08 00:00:00,271.347
21383,US_CORE_CPI,2021-03-01,2023-02-10 00:00:00,271.526
21384,US_CORE_CPI,2021-03-01,2024-02-09 00:00:00,271.461
21385,US_CORE_CPI,2021-03-01,2025-02-12 00:00:00,271.453
21386,US_CORE_CPI,2021-03-01,2026-02-13 00:00:00,271.459
21387,US_CORE_CPI,2021-04-01,2021-05-12 00:00:00,273.7
21388,US_CORE_CPI,2021-04-01,2022-02-08 00:00:00,273.669
21389,US_CORE_CPI,2021-04-01,2023-02-10 00:00:00,273.615
21390,US_CORE_CPI,2021-04-01,2024-02-09 00:00:00,273.665
21391,US_CORE_CPI,2021-04-01,2025-02-12 00:00:00,273.626
21392,US_CORE_CPI,2021-04-01,2026-02-13 00:00:00,273.66
21393,US_CORE_CPI,2021-05-01,2021-06-10 00:00:00,275.718
21394,US_CORE_CPI,2021-05-01,2022-02-08 00:00:00,275.715
21395,US_CORE_CPI,2021-05-01,2023-02-10 00:00:00,275.654
21396,US_CORE_CPI,2021-05-01,2024-02-09 00:00:00,275.494
21397,US_CORE_CPI,2021-05-01,2025-02-12 00:00:00,275.457
21398,US_CORE_CPI,2021-05-01,2026-02-13 00:00:00,275.465
21399,US_CORE_CPI,2021-06-01,2021-07-13 00:00:00,278.14
21400,US_CORE_CPI,2021-06-01,2022-02-08 00:00:00,277.922
21401,US_CORE_CPI,2021-06-01,2023-02-10 00:00:00,277.676
21402,US_CORE_CPI,2021-06-01,2024-02-09 00:00:00,277.585
21403,US_CORE_CPI,2021-06-01,2025-02-12 00:00:00,277.608
21404,US_CORE_CPI,2021-06-01,2026-02-13 00:00:00,277.651
21405,US_CORE_CPI,2021-07-01,2021-08-11 00:00:00,279.054
21406,US_CORE_CPI,2021-07-01,2022-02-08 00:00:00,278.794
21407,US_CORE_CPI,2021-07-01,2023-02-10 00:00:00,278.522
21408,US_CORE_CPI,2021-07-01,2024-02-09 00:00:00,278.612
21409,US_CORE_CPI,2021-07-01,2025-02-12 00:00:00,278.639
21410,US_CORE_CPI,2021-07-01,2026-02-13 00:00:00,278.648
21411,US_CORE_CPI,2021-08-01,2021-09-14 00:00:00,279.338
21412,US_CORE_CPI,2021-08-01,2022-02-08 00:00:00,279.306
21413,US_CORE_CPI,2021-08-01,2023-02-10 00:00:00,279.057
21414,US_CORE_CPI,2021-08-01,2024-02-09 00:00:00,278.993
21415,US_CORE_CPI,2021-08-01,2025-02-12 00:00:00,279.021
21416,US_CORE_CPI,2021-08-01,2026-02-13 00:00:00,278.997
21417,US_CORE_CPI,2021-09-01,2021-10-13 00:00:00,280.017
21418,US_CORE_CPI,2021-09-01,2023-02-10 00:00:00,279.755
21419,US_CORE_CPI,2021-09-01,2024-02-09 00:00:00,279.71
21420,US_CORE_CPI,2021-09-01,2025-02-12 00:00:00,279.727
21421,US_CORE_CPI,2021-09-01,2026-02-13 00:00:00,279.698
21422,US_CORE_CPI,2021-10-01,2021-11-10 00:00:00,281.695
21423,US_CORE_CPI,2021-10-01,2022-02-08 00:00:00,281.705
21424,US_CORE_CPI,2021-10-01,2023-02-10 00:00:00,281.588
21425,US_CORE_CPI,2021-10-01,2024-02-09 00:00:00,281.623
21426,US_CORE_CPI,2021-10-01,2025-02-12 00:00:00,281.649
21427,US_CORE_CPI,2021-10-01,2026-02-13 00:00:00,281.668
21428,US_CORE_CPI,2021-11-01,2021-12-10 00:00:00,283.201
21429,US_CORE_CPI,2021-11-01,2022-02-08 00:00:00,283.179
21430,US_CORE_CPI,2021-11-01,2023-02-10 00:00:00,283.34
21431,US_CORE_CPI,2021-11-01,2024-02-09 00:00:00,283.393
21432,US_CORE_CPI,2021-11-01,2025-02-12 00:00:00,283.411
21433,US_CORE_CPI,2021-11-01,2026-02-13 00:00:00,283.406
21434,US_CORE_CPI,2021-12-01,2022-01-12 00:00:00,284.759
21435,US_CORE_CPI,2021-12-01,2022-02-08 00:00:00,284.77
21436,US_CORE_CPI,2021-12-01,2023-02-10 00:00:00,285.193
21437,US_CORE_CPI,2021-12-01,2024-02-09 00:00:00,285.221
21438,US_CORE_CPI,2021-12-01,2026-02-13 00:00:00,285.18
21610,US_UNEMPLOYMENT,2020-01-01,2020-02-07 00:00:00,3.6
21611,US_UNEMPLOYMENT,2020-01-01,2021-01-08 00:00:00,3.5
21612,US_UNEMPLOYMENT,2020-01-01,2024-01-05 00:00:00,3.6
21613,US_UNEMPLOYMENT,2020-02-01,2020-03-06 00:00:00,3.5
21614,US_UNEMPLOYMENT,2020-03-01,2020-04-03 00:00:00,4.4
21615,US_UNEMPLOYMENT,2020-04-01,2020-05-08 00:00:00,14.7
21616,US_UNEMPLOYMENT,2020-04-01,2021-01-08 00:00:00,14.8
21617,US_UNEMPLOYMENT,2020-04-01,2022-01-07 00:00:00,14.7
21618,US_UNEMPLOYMENT,2020-04-01,2024-01-05 00:00:00,14.9
21619,US_UNEMPLOYMENT,2020-04-01,2024-01-10 00:00:00,14.8
21620,US_UNEMPLOYMENT,2020-05-01,2020-06-05 00:00:00,13.3
21621,US_UNEMPLOYMENT,2020-05-01,2022-01-07 00:00:00,13.2
21622,US_UNEMPLOYMENT,2020-05-01,2024-01-05 00:00:00,13.3
21623,US_UNEMPLOYMENT,2020-05-01,2024-01-10 00:00:00,13.2
21624,US_UNEMPLOYMENT,2020-06-01,2020-07-02 00:00:00,11.1
21625,US_UNEMPLOYMENT,2020-06-01,2022-01-07 00:00:00,11
21626,US_UNEMPLOYMENT,2020-07-01,2020-08-07 00:00:00,10.2
21627,US_UNEMPLOYMENT,2020-08-01,2020-09-04 00:00:00,8.4
21628,US_UNEMPLOYMENT,2020-09-01,2020-10-02 00:00:00,7.9
21629,US_UNEMPLOYMENT,2020-09-01,2021-01-08 00:00:00,7.8
21630,US_UNEMPLOYMENT,2020-09-01,2022-01-07 00:00:00,7.9
21631,US_UNEMPLOYMENT,2020-09-01,2024-01-05 00:00:00,7.8
21632,US_UNEMPLOYMENT,2020-10-01,2020-11-06 00:00:00,6.9
21633,US_UNEMPLOYMENT,2020-10-01,2024-01-05 00:00:00,6.8
21634,US_UNEMPLOYMENT,2020-10-01,2025-01-10 00:00:00,6.9
21635,US_UNEMPLOYMENT,2020-11-01,2020-12-04 00:00:00,6.7
21636,US_UNEMPLOYMENT,2020-12-01,2021-01-08 00:00:00,6.7
21637,US_UNEMPLOYMENT,2021-01-01,2021-02-05 00:00:00,6.3
21638,US_UNEMPLOYMENT,2021-01-01,2022-01-07 00:00:00,6.4
21639,US_UNEMPLOYMENT,2021-01-01,2023-01-06 00:00:00,6.3
21640,US_UNEMPLOYMENT,2021-01-01,2024-01-05 00:00:00,6.4
21641,US_UNEMPLOYMENT,2021-02-01,2021-03-05 00:00:00,6.2
21642,US_UNEMPLOYMENT,2021-03-01,2021-04-02 00:00:00,6
21643,US_UNEMPLOYMENT,2021-03-01,2023-01-06 00:00:00,6.1
21644,US_UNEMPLOYMENT,2021-04-01,2021-05-07 00:00:00,6.1
21645,US_UNEMPLOYMENT,2021-04-01,2022-01-07 00:00:00,6
21646,US_UNEMPLOYMENT,2021-04-01,2023-01-06 00:00:00,6.1
21647,US_UNEMPLOYMENT,2021-05-01,2021-06-04 00:00:00,5.8
21648,US_UNEMPLOYMENT,2021-06-01,2021-07-02 00:00:00,5.9
21649,US_UNEMPLOYMENT,2021-07-01,2021-08-06 00:00:00,5.4
21650,US_UNEMPLOYMENT,2021-08-01,2021-09-03 00:00:00,5.2
21651,US_UNEMPLOYMENT,2021-08-01,2024-01-05 00:00:00,5.1
21652,US_UNEMPLOYMENT,2021-09-01,2021-10-08 00:00:00,4.8
21653,US_UNEMPLOYMENT,2021-09-01,2022-01-07 00:00:00,4.7
21654,US_UNEMPLOYMENT,2021-09-01,2023-01-06 00:00:00,4.8
21655,US_UNEMPLOYMENT,2021-09-01,2024-01-05 00:00:00,4.7
21656,US_UNEMPLOYMENT,2021-10-01,2021-11-05 00:00:00,4.6
21657,US_UNEMPLOYMENT,2021-10-01,2023-01-06 00:00:00,4.5
21658,US_UNEMPLOYMENT,2021-11-01,2021-12-03 00:00:00,4.2
21659,US_UNEMPLOYMENT,2021-11-01,2024-01-05 00:00:00,4.1
21660,US_UNEMPLOYMENT,2021-11-01,2025-01-10 00:00:00,4.2
21661,US_UNEMPLOYMENT,2021-11-01,2026-01-09 00:00:00,4.1
21662,US_UNEMPLOYMENT,2021-12-01,2022-01-07 00:00:00,3.9
21735,US_UNEMPLOYMENT,2026-06-01,2026-07-02 00:00:00,4.2
21736,US_RETAIL_SALES,2020-01-01,2020-02-14 00:00:00,529766
21737,US_RETAIL_SALES,2020-01-01,2020-03-17 00:00:00,530930
21738,US_RETAIL_SALES,2020-01-01,2020-04-15 00:00:00,531643
21739,US_RETAIL_SALES,2020-01-01,2020-05-15 00:00:00,529616
21740,US_RETAIL_SALES,2020-01-01,2021-02-17 00:00:00,528892
21741,US_RETAIL_SALES,2020-01-01,2021-03-16 00:00:00,528822
21742,US_RETAIL_SALES,2020-01-01,2021-04-26 00:00:00,526930
21743,US_RETAIL_SALES,2020-01-01,2022-04-25 00:00:00,524063
21744,US_RETAIL_SALES,2020-01-01,2023-04-24 00:00:00,524991
21745,US_RETAIL_SALES,2020-01-01,2024-04-23 00:00:00,525411
21746,US_RETAIL_SALES,2020-01-01,2025-04-25 00:00:00,515119
21747,US_RETAIL_SALES,2020-02-01,2020-03-17 00:00:00,528113
21748,US_RETAIL_SALES,2020-02-01,2020-04-15 00:00:00,529262
21749,US_RETAIL_SALES,2020-02-01,2020-05-15 00:00:00,527273
21750,US_RETAIL_SALES,2020-02-01,2021-03-16 00:00:00,528541
21751,US_RETAIL_SALES,2020-02-01,2021-04-26 00:00:00,525810
21752,US_RETAIL_SALES,2020-02-01,2022-04-25 00:00:00,526174
21753,US_RETAIL_SALES,2020-02-01,2023-04-24 00:00:00,525359
21754,US_RETAIL_SALES,2020-02-01,2024-04-23 00:00:00,525380
21755,US_RETAIL_SALES,2020-02-01,2025-04-25 00:00:00,515330
21756,US_RETAIL_SALES,2020-03-01,2020-04-15 00:00:00,483066
21757,US_RETAIL_SALES,2020-03-01,2020-05-15 00:00:00,483476
21758,US_RETAIL_SALES,2020-03-01,2020-06-16 00:00:00,483949
21759,US_RETAIL_SALES,2020-03-01,2021-04-15 00:00:00,484724
21760,US_RETAIL_SALES,2020-03-01,2021-04-26 00:00:00,480593
21761,US_RETAIL_SALES,2020-03-01,2021-05-14 00:00:00,480407
21762,US_RETAIL_SALES,2020-03-01,2022-04-25 00:00:00,480150
21763,US_RETAIL_SALES,2020-03-01,2023-04-24 00:00:00,478099
21764,US_RETAIL_SALES,2020-03-01,2024-04-23 00:00:00,477676
21765,US_RETAIL_SALES,2020-03-01,2025-04-25 00:00:00,468324
21766,US_RETAIL_SALES,2020-04-01,2020-05-15 00:00:00,403946
21767,US_RETAIL_SALES,2020-04-01,2020-06-16 00:00:00,412576
21768,US_RETAIL_SALES,2020-04-01,2020-07-16 00:00:00,412766
21769,US_RETAIL_SALES,2020-04-01,2021-04-26 00:00:00,410120
21770,US_RETAIL_SALES,2020-04-01,2021-05-14 00:00:00,409942
21771,US_RETAIL_SALES,2020-04-01,2021-06-15 00:00:00,409819
21772,US_RETAIL_SALES,2020-04-01,2022-04-25 00:00:00,407025
21773,US_RETAIL_SALES,2020-04-01,2023-04-24 00:00:00,408187
21774,US_RETAIL_SALES,2020-04-01,2024-04-23 00:00:00,408312
21775,US_RETAIL_SALES,2020-04-01,2025-04-25 00:00:00,401028
21776,US_RETAIL_SALES,2020-05-01,2020-06-16 00:00:00,485545
21777,US_RETAIL_SALES,2020-05-01,2020-07-16 00:00:00,487708
21778,US_RETAIL_SALES,2020-05-01,2020-08-14 00:00:00,488218
21779,US_RETAIL_SALES,2020-05-01,2021-04-26 00:00:00,484339
21780,US_RETAIL_SALES,2020-05-01,2021-06-15 00:00:00,483980
21781,US_RETAIL_SALES,2020-05-01,2021-07-16 00:00:00,484295
21782,US_RETAIL_SALES,2020-05-01,2022-04-25 00:00:00,483066
21783,US_RETAIL_SALES,2020-05-01,2023-04-24 00:00:00,485791
21784,US_RETAIL_SALES,2020-05-01,2024-04-23 00:00:00,484978
21785,US_RETAIL_SALES,2020-05-01,2025-04-25 00:00:00,478449
21786,US_RETAIL_SALES,2020-06-01,2020-07-16 00:00:00,524306
21787,US_RETAIL_SALES,2020-06-01,2020-08-14 00:00:00,529396
21788,US_RETAIL_SALES,2020-06-01,2020-09-16 00:00:00,529962
21789,US_RETAIL_SALES,2020-06-01,2021-04-26 00:00:00,526860
21790,US_RETAIL_SALES,2020-06-01,2021-07-16 00:00:00,526659
21791,US_RETAIL_SALES,2020-06-01,2021-08-17 00:00:00,526187
21792,US_RETAIL_SALES,2020-06-01,2022-04-25 00:00:00,525093
21793,US_RETAIL_SALES,2020-06-01,2023-04-24 00:00:00,527459
21794,US_RETAIL_SALES,2020-06-01,2024-04-23 00:00:00,526970
21795,US_RETAIL_SALES,2020-06-01,2025-04-25 00:00:00,518038
21796,US_RETAIL_SALES,2020-07-01,2020-08-14 00:00:00,535982
21797,US_RETAIL_SALES,2020-07-01,2020-09-16 00:00:00,534558
21798,US_RETAIL_SALES,2020-07-01,2020-10-16 00:00:00,535923
21799,US_RETAIL_SALES,2020-07-01,2021-04-26 00:00:00,534295
21800,US_RETAIL_SALES,2020-07-01,2021-08-17 00:00:00,533522
21801,US_RETAIL_SALES,2020-07-01,2021-09-16 00:00:00,533517
21802,US_RETAIL_SALES,2020-07-01,2022-04-25 00:00:00,536087
21803,US_RETAIL_SALES,2020-07-01,2023-04-24 00:00:00,535844
21804,US_RETAIL_SALES,2020-07-01,2024-04-23 00:00:00,535644
21805,US_RETAIL_SALES,2020-07-01,2025-04-25 00:00:00,526304
21806,US_RETAIL_SALES,2020-08-01,2020-09-16 00:00:00,537526
21807,US_RETAIL_SALES,2020-08-01,2020-10-16 00:00:00,538979
21808,US_RETAIL_SALES,2020-08-01,2020-11-17 00:00:00,543404
21809,US_RETAIL_SALES,2020-08-01,2021-04-26 00:00:00,538646
21810,US_RETAIL_SALES,2020-08-01,2021-09-16 00:00:00,537720
21811,US_RETAIL_SALES,2020-08-01,2021-10-15 00:00:00,537980
21812,US_RETAIL_SALES,2020-08-01,2022-04-25 00:00:00,540078
21813,US_RETAIL_SALES,2020-08-01,2023-04-24 00:00:00,541193
21814,US_RETAIL_SALES,2020-08-01,2024-04-23 00:00:00,540423
21815,US_RETAIL_SALES,2020-08-01,2025-04-25 00:00:00,530735
21816,US_RETAIL_SALES,2020-09-01,2020-10-16 00:00:00,549256
21817,US_RETAIL_SALES,2020-09-01,2020-11-17 00:00:00,551934
21818,US_RETAIL_SALES,2020-09-01,2020-12-16 00:00:00,552767
21819,US_RETAIL_SALES,2020-09-01,2021-04-26 00:00:00,549528
21820,US_RETAIL_SALES,2020-09-01,2021-10-15 00:00:00,548856
21821,US_RETAIL_SALES,2020-09-01,2021-11-16 00:00:00,549211
21822,US_RETAIL_SALES,2020-09-01,2022-04-25 00:00:00,551871
21823,US_RETAIL_SALES,2020-09-01,2023-04-24 00:00:00,551970
21824,US_RETAIL_SALES,2020-09-01,2024-04-23 00:00:00,551131
21825,US_RETAIL_SALES,2020-09-01,2025-04-25 00:00:00,541302
21826,US_RETAIL_SALES,2020-10-01,2020-11-17 00:00:00,553329
21827,US_RETAIL_SALES,2020-10-01,2020-12-16 00:00:00,552484
21828,US_RETAIL_SALES,2020-10-01,2021-01-15 00:00:00,552193
21829,US_RETAIL_SALES,2020-10-01,2021-04-26 00:00:00,550038
21830,US_RETAIL_SALES,2020-10-01,2021-11-16 00:00:00,548676
21831,US_RETAIL_SALES,2020-10-01,2021-12-15 00:00:00,548930
21832,US_RETAIL_SALES,2020-10-01,2022-04-25 00:00:00,550049
21833,US_RETAIL_SALES,2020-10-01,2023-04-24 00:00:00,549765
21834,US_RETAIL_SALES,2020-10-01,2024-04-23 00:00:00,549271
21835,US_RETAIL_SALES,2020-10-01,2025-04-25 00:00:00,539114
21836,US_RETAIL_SALES,2020-11-01,2020-12-16 00:00:00,546504
21837,US_RETAIL_SALES,2020-11-01,2021-01-15 00:00:00,544641
21838,US_RETAIL_SALES,2020-11-01,2021-02-17 00:00:00,545248
21839,US_RETAIL_SALES,2020-11-01,2021-04-26 00:00:00,542583
21840,US_RETAIL_SALES,2020-11-01,2021-12-15 00:00:00,541247
21841,US_RETAIL_SALES,2020-11-01,2022-01-14 00:00:00,540495
21842,US_RETAIL_SALES,2020-11-01,2022-04-25 00:00:00,543834
21843,US_RETAIL_SALES,2020-11-01,2023-04-24 00:00:00,544839
21844,US_RETAIL_SALES,2020-11-01,2024-04-23 00:00:00,544421
21845,US_RETAIL_SALES,2020-11-01,2025-04-25 00:00:00,533941
21846,US_RETAIL_SALES,2020-12-01,2021-01-15 00:00:00,540915
21847,US_RETAIL_SALES,2020-12-01,2021-02-17 00:00:00,539670
21848,US_RETAIL_SALES,2020-12-01,2021-03-16 00:00:00,538338
21849,US_RETAIL_SALES,2020-12-01,2021-04-26 00:00:00,535972
21850,US_RETAIL_SALES,2020-12-01,2022-01-14 00:00:00,535985
21851,US_RETAIL_SALES,2020-12-01,2022-02-16 00:00:00,536629
21852,US_RETAIL_SALES,2020-12-01,2022-04-25 00:00:00,542942
21853,US_RETAIL_SALES,2020-12-01,2023-04-24 00:00:00,550198
21854,US_RETAIL_SALES,2020-12-01,2024-04-23 00:00:00,549300
21855,US_RETAIL_SALES,2020-12-01,2025-04-25 00:00:00,538548
21856,US_RETAIL_SALES,2021-01-01,2021-02-17 00:00:00,568215
21857,US_RETAIL_SALES,2021-01-01,2021-03-16 00:00:00,579123
21858,US_RETAIL_SALES,2021-01-01,2021-04-15 00:00:00,579552
21859,US_RETAIL_SALES,2021-01-01,2021-04-26 00:00:00,576466
21860,US_RETAIL_SALES,2021-01-01,2022-02-16 00:00:00,575245
21861,US_RETAIL_SALES,2021-01-01,2022-03-16 00:00:00,575520
21862,US_RETAIL_SALES,2021-01-01,2022-04-25 00:00:00,572822
21863,US_RETAIL_SALES,2021-01-01,2023-04-24 00:00:00,569309
21864,US_RETAIL_SALES,2021-01-01,2024-04-23 00:00:00,570510
21865,US_RETAIL_SALES,2021-01-01,2025-04-25 00:00:00,559230
21866,US_RETAIL_SALES,2021-02-01,2021-03-16 00:00:00,561685
21867,US_RETAIL_SALES,2021-02-01,2021-04-15 00:00:00,563733
21868,US_RETAIL_SALES,2021-02-01,2021-04-26 00:00:00,559893
21869,US_RETAIL_SALES,2021-02-01,2021-05-14 00:00:00,559970
21870,US_RETAIL_SALES,2021-02-01,2022-03-16 00:00:00,559554
21871,US_RETAIL_SALES,2021-02-01,2022-04-14 00:00:00,560506
21872,US_RETAIL_SALES,2021-02-01,2022-04-25 00:00:00,562686
21873,US_RETAIL_SALES,2021-02-01,2023-04-24 00:00:00,554929
21874,US_RETAIL_SALES,2021-02-01,2024-04-23 00:00:00,555489
21875,US_RETAIL_SALES,2021-02-01,2025-04-25 00:00:00,544891
21876,US_RETAIL_SALES,2021-03-01,2021-04-15 00:00:00,619105
21877,US_RETAIL_SALES,2021-03-01,2021-04-26 00:00:00,614449
21878,US_RETAIL_SALES,2021-03-01,2021-05-14 00:00:00,619787
21879,US_RETAIL_SALES,2021-03-01,2021-06-15 00:00:00,623119
21880,US_RETAIL_SALES,2021-03-01,2022-04-14 00:00:00,622897
21881,US_RETAIL_SALES,2021-03-01,2022-04-25 00:00:00,626327
21882,US_RETAIL_SALES,2021-03-01,2022-05-17 00:00:00,625731
21883,US_RETAIL_SALES,2021-03-01,2023-04-24 00:00:00,615573
21884,US_RETAIL_SALES,2021-03-01,2024-04-23 00:00:00,616348
21885,US_RETAIL_SALES,2021-03-01,2025-04-25 00:00:00,603581
21886,US_RETAIL_SALES,2021-04-01,2021-05-14 00:00:00,619923
21887,US_RETAIL_SALES,2021-04-01,2021-06-15 00:00:00,628678
21888,US_RETAIL_SALES,2021-04-01,2021-07-16 00:00:00,628751
21889,US_RETAIL_SALES,2021-04-01,2022-04-25 00:00:00,628942
21890,US_RETAIL_SALES,2021-04-01,2022-05-17 00:00:00,626430
21891,US_RETAIL_SALES,2021-04-01,2022-06-15 00:00:00,625764
21892,US_RETAIL_SALES,2021-04-01,2023-04-24 00:00:00,620556
21893,US_RETAIL_SALES,2021-04-01,2024-04-23 00:00:00,622705
21894,US_RETAIL_SALES,2021-04-01,2025-04-25 00:00:00,608961
21895,US_RETAIL_SALES,2021-05-01,2021-06-15 00:00:00,620214
21896,US_RETAIL_SALES,2021-05-01,2021-07-16 00:00:00,617938
21897,US_RETAIL_SALES,2021-05-01,2021-08-17 00:00:00,620119
21898,US_RETAIL_SALES,2021-05-01,2022-04-25 00:00:00,620075
21899,US_RETAIL_SALES,2021-05-01,2022-06-15 00:00:00,622523
21900,US_RETAIL_SALES,2021-05-01,2022-07-15 00:00:00,622921
21901,US_RETAIL_SALES,2021-05-01,2023-04-24 00:00:00,615378
21902,US_RETAIL_SALES,2021-05-01,2024-04-23 00:00:00,615543
21903,US_RETAIL_SALES,2021-05-01,2025-04-25 00:00:00,605282
21904,US_RETAIL_SALES,2021-06-01,2021-07-16 00:00:00,621340
21905,US_RETAIL_SALES,2021-06-01,2021-08-17 00:00:00,624731
21906,US_RETAIL_SALES,2021-06-01,2021-09-16 00:00:00,625405
21907,US_RETAIL_SALES,2021-06-01,2022-04-25 00:00:00,626999
21908,US_RETAIL_SALES,2021-06-01,2022-07-15 00:00:00,627756
21909,US_RETAIL_SALES,2021-06-01,2022-08-17 00:00:00,628881
21910,US_RETAIL_SALES,2021-06-01,2023-04-24 00:00:00,621612
21911,US_RETAIL_SALES,2021-06-01,2024-04-23 00:00:00,622125
21912,US_RETAIL_SALES,2021-06-01,2025-04-25 00:00:00,611950
21913,US_RETAIL_SALES,2021-07-01,2021-08-17 00:00:00,617719
21914,US_RETAIL_SALES,2021-07-01,2021-09-16 00:00:00,614313
21915,US_RETAIL_SALES,2021-07-01,2021-10-15 00:00:00,615250
21916,US_RETAIL_SALES,2021-07-01,2022-04-25 00:00:00,620648
21917,US_RETAIL_SALES,2021-07-01,2022-08-17 00:00:00,619180
21918,US_RETAIL_SALES,2021-07-01,2022-09-15 00:00:00,619014
21919,US_RETAIL_SALES,2021-07-01,2023-04-24 00:00:00,612394
21920,US_RETAIL_SALES,2021-07-01,2024-04-23 00:00:00,612647
21921,US_RETAIL_SALES,2021-07-01,2025-04-25 00:00:00,601817
21922,US_RETAIL_SALES,2021-08-01,2021-09-16 00:00:00,618676
21923,US_RETAIL_SALES,2021-08-01,2021-10-15 00:00:00,620850
21924,US_RETAIL_SALES,2021-08-01,2021-11-16 00:00:00,622383
21925,US_RETAIL_SALES,2021-08-01,2022-04-25 00:00:00,624738
21926,US_RETAIL_SALES,2021-08-01,2022-09-15 00:00:00,626026
21927,US_RETAIL_SALES,2021-08-01,2022-10-14 00:00:00,624963
21928,US_RETAIL_SALES,2021-08-01,2023-04-24 00:00:00,617658
21929,US_RETAIL_SALES,2021-08-01,2024-04-23 00:00:00,616892
21930,US_RETAIL_SALES,2021-08-01,2025-04-25 00:00:00,605533
21931,US_RETAIL_SALES,2021-09-01,2021-10-15 00:00:00,625416
21932,US_RETAIL_SALES,2021-09-01,2021-11-16 00:00:00,627536
21933,US_RETAIL_SALES,2021-09-01,2021-12-15 00:00:00,626999
21934,US_RETAIL_SALES,2021-09-01,2022-04-25 00:00:00,630905
21935,US_RETAIL_SALES,2021-09-01,2022-10-14 00:00:00,631984
21936,US_RETAIL_SALES,2021-09-01,2022-11-16 00:00:00,631563
21937,US_RETAIL_SALES,2021-09-01,2023-04-24 00:00:00,622104
21938,US_RETAIL_SALES,2021-09-01,2024-04-23 00:00:00,620529
21939,US_RETAIL_SALES,2021-09-01,2025-04-25 00:00:00,609671
21940,US_RETAIL_SALES,2021-10-01,2021-11-16 00:00:00,638189
21941,US_RETAIL_SALES,2021-10-01,2021-12-15 00:00:00,638190
21942,US_RETAIL_SALES,2021-10-01,2022-01-14 00:00:00,638102
21943,US_RETAIL_SALES,2021-10-01,2022-04-25 00:00:00,640899
21944,US_RETAIL_SALES,2021-10-01,2022-11-16 00:00:00,641459
21945,US_RETAIL_SALES,2021-10-01,2022-12-15 00:00:00,640524
21946,US_RETAIL_SALES,2021-10-01,2023-04-24 00:00:00,632065
21947,US_RETAIL_SALES,2021-10-01,2024-04-23 00:00:00,630562
21948,US_RETAIL_SALES,2021-10-01,2025-04-25 00:00:00,618573
21949,US_RETAIL_SALES,2021-11-01,2021-12-15 00:00:00,639829
21950,US_RETAIL_SALES,2021-11-01,2022-01-14 00:00:00,639067
21951,US_RETAIL_SALES,2021-11-01,2022-02-16 00:00:00,642636
21952,US_RETAIL_SALES,2021-11-01,2022-04-25 00:00:00,644741
21953,US_RETAIL_SALES,2021-11-01,2022-12-15 00:00:00,647516
21954,US_RETAIL_SALES,2021-11-01,2023-01-18 00:00:00,646132
21955,US_RETAIL_SALES,2021-11-01,2023-04-24 00:00:00,639228
21956,US_RETAIL_SALES,2021-11-01,2024-04-23 00:00:00,637775
21957,US_RETAIL_SALES,2021-11-01,2025-04-25 00:00:00,624874
21958,US_RETAIL_SALES,2021-12-01,2022-01-14 00:00:00,626833
21959,US_RETAIL_SALES,2021-12-01,2022-02-16 00:00:00,626289
21960,US_RETAIL_SALES,2021-12-01,2022-03-16 00:00:00,625459
21961,US_RETAIL_SALES,2021-12-01,2022-04-25 00:00:00,634393
21962,US_RETAIL_SALES,2021-12-01,2023-01-18 00:00:00,638687
21963,US_RETAIL_SALES,2021-12-01,2023-02-15 00:00:00,639273
21964,US_RETAIL_SALES,2021-12-01,2023-04-24 00:00:00,635598
21965,US_RETAIL_SALES,2021-12-01,2024-04-23 00:00:00,632515
21966,US_RETAIL_SALES,2021-12-01,2025-04-25 00:00:00,619938
22288,EU_CPI,2020-01-01,2020-02-21 00:00:00,104.37
22289,EU_CPI,2020-01-01,2026-04-16 00:00:00,81.1
22290,EU_CPI,2020-02-01,2020-03-18 00:00:00,104.56
22291,EU_CPI,2020-02-01,2026-04-16 00:00:00,81.25
22292,EU_CPI,2020-03-01,2020-04-17 00:00:00,105.13
22293,EU_CPI,2020-03-01,2026-04-16 00:00:00,81.69
22294,EU_CPI,2020-04-01,2020-05-20 00:00:00,105.43
22295,EU_CPI,2020-04-01,2026-04-16 00:00:00,81.93
22296,EU_CPI,2020-05-01,2020-06-17 00:00:00,105.33
22297,EU_CPI,2020-05-01,2026-04-16 00:00:00,81.85
22298,EU_CPI,2020-06-01,2020-07-17 00:00:00,105.69
22299,EU_CPI,2020-06-01,2026-04-16 00:00:00,82.13
22300,EU_CPI,2020-07-01,2020-08-19 00:00:00,105.32
22301,EU_CPI,2020-07-01,2026-04-16 00:00:00,81.84
22302,EU_CPI,2020-08-01,2020-09-17 00:00:00,104.88
22303,EU_CPI,2020-08-01,2026-04-16 00:00:00,81.5
22304,EU_CPI,2020-09-01,2020-10-16 00:00:00,104.97
22305,EU_CPI,2020-09-01,2020-11-18 00:00:00,104.96
22306,EU_CPI,2020-09-01,2026-04-16 00:00:00,81.56
22307,EU_CPI,2020-10-01,2020-11-18 00:00:00,105.16
22308,EU_CPI,2020-10-01,2020-12-17 00:00:00,105.15
22309,EU_CPI,2020-10-01,2026-04-16 00:00:00,81.71
22310,EU_CPI,2020-11-01,2020-12-17 00:00:00,104.8
22311,EU_CPI,2020-11-01,2026-04-16 00:00:00,81.43
22312,EU_CPI,2020-12-01,2021-01-20 00:00:00,105.15
22313,EU_CPI,2020-12-01,2026-04-16 00:00:00,81.7
22314,EU_CPI,2021-01-01,2021-02-23 00:00:00,105.32
22315,EU_CPI,2021-01-01,2026-04-16 00:00:00,81.84
22316,EU_CPI,2021-02-01,2021-03-17 00:00:00,105.54
22317,EU_CPI,2021-02-01,2026-04-16 00:00:00,82.01
22318,EU_CPI,2021-03-01,2021-04-16 00:00:00,106.53
22319,EU_CPI,2021-03-01,2026-04-16 00:00:00,82.78
22320,EU_CPI,2021-04-01,2021-05-19 00:00:00,107.14
22321,EU_CPI,2021-04-01,2026-04-16 00:00:00,83.25
22322,EU_CPI,2021-05-01,2021-06-17 00:00:00,107.42
22323,EU_CPI,2021-05-01,2026-04-16 00:00:00,83.47
22324,EU_CPI,2021-06-01,2021-07-16 00:00:00,107.7
22325,EU_CPI,2021-06-01,2026-04-16 00:00:00,83.69
22326,EU_CPI,2021-07-01,2021-08-18 00:00:00,107.6
22327,EU_CPI,2021-07-01,2026-04-16 00:00:00,83.61
22328,EU_CPI,2021-08-01,2021-09-17 00:00:00,107.98
22329,EU_CPI,2021-08-01,2026-04-16 00:00:00,83.9
22330,EU_CPI,2021-09-01,2021-10-20 00:00:00,108.49
22331,EU_CPI,2021-09-01,2026-04-16 00:00:00,84.3
22332,EU_CPI,2021-10-01,2021-11-17 00:00:00,109.41
22333,EU_CPI,2021-10-01,2026-04-16 00:00:00,85.02
22334,EU_CPI,2021-11-01,2021-12-17 00:00:00,109.9
22335,EU_CPI,2021-11-01,2026-04-16 00:00:00,85.4
22336,EU_CPI,2021-12-01,2022-01-20 00:00:00,110.37
22337,EU_CPI,2021-12-01,2026-04-16 00:00:00,85.76
22449,UK_CPI,2020-01-01,2020-03-11 00:00:00,108.3
22450,UK_CPI,2020-02-01,2020-04-11 00:00:00,108.6
22451,UK_CPI,2020-03-01,2020-05-14 00:00:00,108.6
22452,UK_CPI,2020-04-01,2020-06-11 00:00:00,108.6
22453,UK_CPI,2020-05-01,2020-07-10 00:00:00,108.6
22454,UK_CPI,2020-06-01,2020-08-11 00:00:00,108.8
22455,UK_CPI,2020-07-01,2020-09-10 00:00:00,109.2
22456,UK_CPI,2020-08-01,2020-10-09 00:00:00,108.8
22457,UK_CPI,2020-09-01,2020-11-10 00:00:00,109.2
22458,UK_CPI,2020-10-01,2020-12-09 00:00:00,109.2
22459,UK_CPI,2020-11-01,2021-01-19 00:00:00,109.1
22460,UK_CPI,2020-12-01,2021-02-12 00:00:00,109.4
22461,UK_CPI,2021-01-01,2021-03-10 00:00:00,109.3
22462,UK_CPI,2021-02-01,2021-04-14 00:00:00,109.4
22463,UK_CPI,2021-03-01,2021-05-12 00:00:00,109.7
22464,UK_CPI,2021-04-01,2021-06-10 00:00:00,110.4
22465,UK_CPI,2021-05-01,2021-07-13 00:00:00,111
22466,UK_CPI,2021-06-01,2021-08-12 00:00:00,111.4
22467,UK_CPI,2021-07-01,2021-09-15 00:00:00,111.4
22468,UK_CPI,2021-08-01,2021-10-13 00:00:00,112.1
22469,UK_CPI,2021-09-01,2021-11-11 00:00:00,112.4
22470,UK_CPI,2021-10-01,2021-12-10 00:00:00,113.4
22471,UK_CPI,2021-11-01,2022-01-18 00:00:00,114.1
22472,UK_CPI,2021-12-01,2022-02-11 00:00:00,114.7
22583,US_10Y_YIELD,2026-06-01,2026-07-16 00:00:00,4.47
22655,DE_10Y_YIELD,2026-06-01,2026-07-16 00:00:00,2.97
22727,GB_10Y_YIELD,2026-06-01,2026-07-16 00:00:00,4.796
22799,JP_10Y_YIELD,2026-06-01,2026-07-16 00:00:00,2.67
22871,AU_10Y_YIELD,2026-06-01,2026-07-16 00:00:00,4.831
22943,NZ_10Y_YIELD,2026-06-01,2026-07-16 00:00:00,4.46
23015,CA_10Y_YIELD,2026-06-01,2026-07-16 00:00:00,3.42
23087,CH_10Y_YIELD,2026-06-01,2026-07-16 00:00:00,0.31
23159,US_POLICY_RATE,2026-06-01,2026-07-16 00:00:00,3.6251724137931
23231,DE_POLICY_RATE,2026-06-01,2026-07-16 00:00:00,2.00275761904762
23303,GB_POLICY_RATE,2026-06-01,2026-07-16 00:00:00,3.7298
23375,JP_POLICY_RATE,2026-06-01,2026-07-16 00:00:00,0.841
23447,AU_POLICY_RATE,2026-06-01,2026-07-16 00:00:00,4.35
23573,CA_POLICY_RATE,2026-06-01,2026-07-16 00:00:00,2.267285
25109,US_10Y_DAILY,2026-07-09,2026-07-10 00:00:00,4.54
25110,US_10Y_DAILY,2026-07-10,2026-07-11 00:00:00,4.56
25111,US_10Y_DAILY,2026-07-13,2026-07-14 00:00:00,4.62
25112,US_10Y_DAILY,2026-07-14,2026-07-15 00:00:00,4.58
25113,US_10Y_DAILY,2026-07-15,2026-07-16 00:00:00,4.55
25114,US_10Y_DAILY,2026-07-16,2026-07-17 00:00:00,4.57
25115,US_10Y_DAILY,2026-07-17,2026-07-18 00:00:00,4.55
25116,US_10Y_DAILY,2026-07-20,2026-07-21 00:00:00,4.6
25117,US_10Y_DAILY,2026-07-21,2026-07-22 00:00:00,4.63
25118,US_10Y_DAILY,2026-07-22,2026-07-23 00:00:00,4.67
25119,US_10Y_DAILY,2026-07-23,2026-07-24 00:00:00,4.71
25120,US_10Y_DAILY,2026-07-24,2026-07-25 00:00:00,4.69
25121,US_10Y_DAILY,2026-07-27,2026-07-28 00:00:00,4.65
25122,US_10Y_DAILY,2026-07-28,2026-07-29 00:00:00,4.61
25123,US_10Y_DAILY,2026-07-29,2026-07-30 00:00:00,4.67
25124,US_10Y_DAILY,2026-07-30,2026-07-31 00:00:00,4.68
26615,US_2Y_DAILY,2026-07-09,2026-07-10 00:00:00,4.16
26616,US_2Y_DAILY,2026-07-10,2026-07-11 00:00:00,4.21
26617,US_2Y_DAILY,2026-07-13,2026-07-14 00:00:00,4.26
26618,US_2Y_DAILY,2026-07-14,2026-07-15 00:00:00,4.18
26619,US_2Y_DAILY,2026-07-15,2026-07-16 00:00:00,4.13
26620,US_2Y_DAILY,2026-07-16,2026-07-17 00:00:00,4.16
26621,US_2Y_DAILY,2026-07-17,2026-07-18 00:00:00,4.18
26622,US_2Y_DAILY,2026-07-20,2026-07-21 00:00:00,4.21
26623,US_2Y_DAILY,2026-07-21,2026-07-22 00:00:00,4.26
26624,US_2Y_DAILY,2026-07-22,2026-07-23 00:00:00,4.31
26625,US_2Y_DAILY,2026-07-23,2026-07-24 00:00:00,4.37
26626,US_2Y_DAILY,2026-07-24,2026-07-25 00:00:00,4.33
26627,US_2Y_DAILY,2026-07-27,2026-07-28 00:00:00,4.31
26628,US_2Y_DAILY,2026-07-28,2026-07-29 00:00:00,4.26
26629,US_2Y_DAILY,2026-07-29,2026-07-30 00:00:00,4.22
26630,US_2Y_DAILY,2026-07-30,2026-07-31 00:00:00,4.23
28161,VIX,2026-07-10,2026-07-11 00:00:00,15.03
28162,VIX,2026-07-13,2026-07-14 00:00:00,17.16
28163,VIX,2026-07-14,2026-07-15 00:00:00,16.5
28164,VIX,2026-07-15,2026-07-16 00:00:00,15.67
28165,VIX,2026-07-16,2026-07-17 00:00:00,16.73
28166,VIX,2026-07-17,2026-07-18 00:00:00,18.77
28167,VIX,2026-07-20,2026-07-21 00:00:00,18.65
28168,VIX,2026-07-21,2026-07-22 00:00:00,17.05
28169,VIX,2026-07-22,2026-07-23 00:00:00,16.64
28170,VIX,2026-07-23,2026-07-24 00:00:00,18.7
28171,VIX,2026-07-24,2026-07-25 00:00:00,18.58
28172,VIX,2026-07-27,2026-07-28 00:00:00,18.67
28173,VIX,2026-07-28,2026-07-29 00:00:00,18.21
28174,VIX,2026-07-29,2026-07-30 00:00:00,20.66
28175,VIX,2026-07-30,2026-07-31 00:00:00,17.09
29663,WTI,2026-07-07,2026-07-08 00:00:00,71.53
29664,WTI,2026-07-08,2026-07-09 00:00:00,74.56
29665,WTI,2026-07-09,2026-07-10 00:00:00,73.15
29666,WTI,2026-07-10,2026-07-11 00:00:00,72.45
29667,WTI,2026-07-13,2026-07-14 00:00:00,79.2
29668,WTI,2026-07-14,2026-07-15 00:00:00,80.44
29669,WTI,2026-07-15,2026-07-16 00:00:00,80.73
29670,WTI,2026-07-16,2026-07-17 00:00:00,80.03
29671,WTI,2026-07-17,2026-07-18 00:00:00,83.43
29672,WTI,2026-07-20,2026-07-21 00:00:00,84.38
29673,WTI,2026-07-21,2026-07-22 00:00:00,86.04
29674,WTI,2026-07-22,2026-07-23 00:00:00,87.66
29675,WTI,2026-07-23,2026-07-24 00:00:00,93.08
29676,WTI,2026-07-24,2026-07-25 00:00:00,91.74
29677,WTI,2026-07-27,2026-07-28 00:00:00,84.25
29993,US_CPI,2026-06-01,2026-07-14 00:00:00,332.568
30306,US_CORE_CPI,2026-06-01,2026-07-14 00:00:00,336.065
30952,US_RETAIL_SALES,2025-05-01,2026-07-16 00:00:00,714513
30956,US_RETAIL_SALES,2025-06-01,2026-07-16 00:00:00,720164
30986,US_RETAIL_SALES,2026-04-01,2026-07-16 00:00:00,759097
30988,US_RETAIL_SALES,2026-05-01,2026-07-16 00:00:00,766876
30989,US_RETAIL_SALES,2026-06-01,2026-07-16 00:00:00,768553
31151,EU_CPI,2026-06-01,2026-07-17 00:00:00,103
